question,input_prompt,whole_response,cut_response,verification,time_seconds_only_request,finish_reason,tokens_input,tokens_in_output
Ax (B(x)|B(x)) |- Ax B(x),"[{'role': 'system', 'content': ""\nYou are an expert in logic using the semantic Tableaux method. \nYou will receive a first order logic formula and must prove its validity using the semantic tableau method, represent the proof in a Fitch-like notation, following these formatting instructions:\n\n### FORMAT OF PROOF LINES: \nExpanding proof line must be structured like: '<line_number>. <T_or_F> <formula> <origin>'\n- <line_number>: sequential integer, always ending with a dot ('1.', '2.', '3.', ...)\n- <T_or_F> → T for true formulas, F for false formulas. \n- <formula>: the formula derived on that line\n- <origin> is exactly one of:\n    pre (for premises)\n    conclusion (for the conclusion)\n    a comma-separated list of line numbers indicating the formula(s) used to derive the current line (e.g. '1', '3', '1,3')\n\n### BRANCHING FORMAT \nUse curly braces { and } to open and close branches. \n{ must appear immediately after the line number that opens a branch (e.g. '8.{ F A|B 3') \n} must appear at the end of the line that closes that branch (e.g. '12. @ 5,7}'). Exception: the main (initial) branch does not require a closing }, since it is not opened by {.\nBranches may be nested. But a formula may only be used at a given point if it appeared earlier in the same branch or an outer (enclosing) branch to the current branch. Formulas from closed branches or sibling branches must not be used.\n\n### SYMBOLS \nUse the following symbols for logical operations: \n & = conjunction (and), \n | = disjunction (or), \n ~ = negation (not), \n -> = implication (implies).\n\nQuantifiers symbols:  \n    Ax represents ∀x  \n    Ex represents ∃x\nSo formulas with ∀x and ∃x will be represented by Ax and Ex (A and E followed by the variable x). For example, Ax (H(x)->M(x)) represents ∀x (H(x)→M(x)).\n\n###CONVENTIONS\nAtoms: only uppercase letters not immediately followed by parentesis (e.g. P, Q, R).\nPredicates: uppercase letters immediately followed by parentesis (e.g. H(x), M(y), Q(a,b) ). All predicates must use parentheses.\nVariables: first letter in lowercase, can be followed by letters and numbers (e.g., x, x0, xP0).\n\nWrite only the final proof in <proof>...</proof> tags. Only use <proof>...</proof> tags ONCE. Omit names of the rules. Only use these symbols inside the proof '&' , '->', '~', '|', '@', '(', ')', '{', '}', 'Ax', 'Ex'.\nDo not include explanations, commentary, or extra text inside and outside the <proof>...</proof> tags.\n""}, {'role': 'user', 'content': ""Prove 'Ex P(x), Ax (P(x)->Q(x)) |- Ex Q(x)', using the analytical tableau method. Final answer using the notation described. ""}, {'role': 'assistant', 'content': ' <proof>\n                        1. T Ex P(x) pre\n                        2. T Ax (P(x)->Q(x)) pre\n                        3. F Ex Q(x) conclusion\n                        4. T P(a) 1 \n                        5. T (P(a)->Q(a)) 2 \n                        6. F Q(a) 3 \n                        7.{ F P(a) 5 \n                        8. @ 4,7}    \n                        9.{ T Q(a) 5 \n                        10. @ 6,9}   \n                    </proof>'}, {'role': 'user', 'content': ""Prove 'Ax (P(x)|P(x)) |- Ax P(x)', using the analytical tableau method. Final answer using the notation described.""}, {'role': 'assistant', 'content': ' <proof>\n                            1. T Ax (P(x)|P(x)) pre \n                            2. F Ax P(x) conclusion\n                            3. F P(a) 2          \n                            4. T (P(a)|P(a)) 1   \n                            5.{ T P(a) 4         \n                            6. @ 3,5}            \n                            7.{ T P(a) 4         \n                            8. @ 3,7}            \n                        </proof>'}, {'role': 'user', 'content': ""Prove'Ax (B(x)|B(x)) |- Ax B(x)' using the analytical tableau method. Only one final answer, surrounded by <proof>...</proof>, using the notation described.""}]","1. T Ax (B(x)|B(x)) pre
2. F Ax B(x) conclusion
3. F B(a) 2
4. T (B(a)|B(a)) 1
5. { T B(a) 4
6. @ 3,5}
7. { T B(a) 4
8. @ 3,7}","1. T Ax (B(x)|B(x)) pre
2. F Ax B(x) conclusion
3. F B(a) 2
4. T (B(a)|B(a)) 1
5. { T B(a) 4
6. @ 3,5}
7. { T B(a) 4
8. @ 3,7}",The proof is valid.,2.7445082664489746,stop,1088,98
"B(a), C(a) |- Ex (B(x)&C(x))","[{'role': 'system', 'content': ""\nYou are an expert in logic using the semantic Tableaux method. \nYou will receive a first order logic formula and must prove its validity using the semantic tableau method, represent the proof in a Fitch-like notation, following these formatting instructions:\n\n### FORMAT OF PROOF LINES: \nExpanding proof line must be structured like: '<line_number>. <T_or_F> <formula> <origin>'\n- <line_number>: sequential integer, always ending with a dot ('1.', '2.', '3.', ...)\n- <T_or_F> → T for true formulas, F for false formulas. \n- <formula>: the formula derived on that line\n- <origin> is exactly one of:\n    pre (for premises)\n    conclusion (for the conclusion)\n    a comma-separated list of line numbers indicating the formula(s) used to derive the current line (e.g. '1', '3', '1,3')\n\n### BRANCHING FORMAT \nUse curly braces { and } to open and close branches. \n{ must appear immediately after the line number that opens a branch (e.g. '8.{ F A|B 3') \n} must appear at the end of the line that closes that branch (e.g. '12. @ 5,7}'). Exception: the main (initial) branch does not require a closing }, since it is not opened by {.\nBranches may be nested. But a formula may only be used at a given point if it appeared earlier in the same branch or an outer (enclosing) branch to the current branch. Formulas from closed branches or sibling branches must not be used.\n\n### SYMBOLS \nUse the following symbols for logical operations: \n & = conjunction (and), \n | = disjunction (or), \n ~ = negation (not), \n -> = implication (implies).\n\nQuantifiers symbols:  \n    Ax represents ∀x  \n    Ex represents ∃x\nSo formulas with ∀x and ∃x will be represented by Ax and Ex (A and E followed by the variable x). For example, Ax (H(x)->M(x)) represents ∀x (H(x)→M(x)).\n\n###CONVENTIONS\nAtoms: only uppercase letters not immediately followed by parentesis (e.g. P, Q, R).\nPredicates: uppercase letters immediately followed by parentesis (e.g. H(x), M(y), Q(a,b) ). All predicates must use parentheses.\nVariables: first letter in lowercase, can be followed by letters and numbers (e.g., x, x0, xP0).\n\nWrite only the final proof in <proof>...</proof> tags. Only use <proof>...</proof> tags ONCE. Omit names of the rules. Only use these symbols inside the proof '&' , '->', '~', '|', '@', '(', ')', '{', '}', 'Ax', 'Ex'.\nDo not include explanations, commentary, or extra text inside and outside the <proof>...</proof> tags.\n""}, {'role': 'user', 'content': ""Prove 'Ex P(x), Ax (P(x)->Q(x)) |- Ex Q(x)', using the analytical tableau method. Final answer using the notation described. ""}, {'role': 'assistant', 'content': ' <proof>\n                        1. T Ex P(x) pre\n                        2. T Ax (P(x)->Q(x)) pre\n                        3. F Ex Q(x) conclusion\n                        4. T P(a) 1 \n                        5. T (P(a)->Q(a)) 2 \n                        6. F Q(a) 3 \n                        7.{ F P(a) 5 \n                        8. @ 4,7}    \n                        9.{ T Q(a) 5 \n                        10. @ 6,9}   \n                    </proof>'}, {'role': 'user', 'content': ""Prove 'Ax (P(x)|P(x)) |- Ax P(x)', using the analytical tableau method. Final answer using the notation described.""}, {'role': 'assistant', 'content': ' <proof>\n                            1. T Ax (P(x)|P(x)) pre \n                            2. F Ax P(x) conclusion\n                            3. F P(a) 2          \n                            4. T (P(a)|P(a)) 1   \n                            5.{ T P(a) 4         \n                            6. @ 3,5}            \n                            7.{ T P(a) 4         \n                            8. @ 3,7}            \n                        </proof>'}, {'role': 'user', 'content': ""Prove'B(a), C(a) |- Ex (B(x)&C(x))' using the analytical tableau method. Only one final answer, surrounded by <proof>...</proof>, using the notation described.""}]","1. T B(a) pre
2. T C(a) pre
3. F Ex (B(x)&C(x)) conclusion
4. T ~ (B(a)&C(a)) 3
5. { F B(a) 4
6. @ 1,5}
7. { F C(a) 4
8. @ 2,7}
9. { F B(a) 4
10. { F C(a) 4
11. @ 1,10}
12. @ 2,11}
13. { T B(a) 4
14. { T C(a) 4
15. T (B(a)&C(a)) 1,2
16. @ 3,15}
17. @ 4,16}","1. T B(a) pre
2. T C(a) pre
3. F Ex (B(x)&C(x)) conclusion
4. T ~ (B(a)&C(a)) 3
5. { F B(a) 4
6. @ 1,5}
7. { F C(a) 4
8. @ 2,7}
9. { F B(a) 4
10. { F C(a) 4
11. @ 1,10}
12. @ 2,11}
13. { T B(a) 4
14. { T C(a) 4
15. T (B(a)&C(a)) 1,2
16. @ 3,15}
17. @ 4,16}","The following errors were found:

One of definitions are not completed. Please, check whether all rules are correctly written.
Recall that a rule of inference starts with a numeber, followed by . (reference line), the truth value of the formula (T or F), has a formula and the justification (premise, conclusion or one of the inference rules with its formula references).Sintax error:
15. T (B(a)&C(a)) 1,2
                   ^
",4.553107976913452,stop,1092,206
"Ax (B(x)->C(x)), B(a) |- C(a)","[{'role': 'system', 'content': ""\nYou are an expert in logic using the semantic Tableaux method. \nYou will receive a first order logic formula and must prove its validity using the semantic tableau method, represent the proof in a Fitch-like notation, following these formatting instructions:\n\n### FORMAT OF PROOF LINES: \nExpanding proof line must be structured like: '<line_number>. <T_or_F> <formula> <origin>'\n- <line_number>: sequential integer, always ending with a dot ('1.', '2.', '3.', ...)\n- <T_or_F> → T for true formulas, F for false formulas. \n- <formula>: the formula derived on that line\n- <origin> is exactly one of:\n    pre (for premises)\n    conclusion (for the conclusion)\n    a comma-separated list of line numbers indicating the formula(s) used to derive the current line (e.g. '1', '3', '1,3')\n\n### BRANCHING FORMAT \nUse curly braces { and } to open and close branches. \n{ must appear immediately after the line number that opens a branch (e.g. '8.{ F A|B 3') \n} must appear at the end of the line that closes that branch (e.g. '12. @ 5,7}'). Exception: the main (initial) branch does not require a closing }, since it is not opened by {.\nBranches may be nested. But a formula may only be used at a given point if it appeared earlier in the same branch or an outer (enclosing) branch to the current branch. Formulas from closed branches or sibling branches must not be used.\n\n### SYMBOLS \nUse the following symbols for logical operations: \n & = conjunction (and), \n | = disjunction (or), \n ~ = negation (not), \n -> = implication (implies).\n\nQuantifiers symbols:  \n    Ax represents ∀x  \n    Ex represents ∃x\nSo formulas with ∀x and ∃x will be represented by Ax and Ex (A and E followed by the variable x). For example, Ax (H(x)->M(x)) represents ∀x (H(x)→M(x)).\n\n###CONVENTIONS\nAtoms: only uppercase letters not immediately followed by parentesis (e.g. P, Q, R).\nPredicates: uppercase letters immediately followed by parentesis (e.g. H(x), M(y), Q(a,b) ). All predicates must use parentheses.\nVariables: first letter in lowercase, can be followed by letters and numbers (e.g., x, x0, xP0).\n\nWrite only the final proof in <proof>...</proof> tags. Only use <proof>...</proof> tags ONCE. Omit names of the rules. Only use these symbols inside the proof '&' , '->', '~', '|', '@', '(', ')', '{', '}', 'Ax', 'Ex'.\nDo not include explanations, commentary, or extra text inside and outside the <proof>...</proof> tags.\n""}, {'role': 'user', 'content': ""Prove 'Ex P(x), Ax (P(x)->Q(x)) |- Ex Q(x)', using the analytical tableau method. Final answer using the notation described. ""}, {'role': 'assistant', 'content': ' <proof>\n                        1. T Ex P(x) pre\n                        2. T Ax (P(x)->Q(x)) pre\n                        3. F Ex Q(x) conclusion\n                        4. T P(a) 1 \n                        5. T (P(a)->Q(a)) 2 \n                        6. F Q(a) 3 \n                        7.{ F P(a) 5 \n                        8. @ 4,7}    \n                        9.{ T Q(a) 5 \n                        10. @ 6,9}   \n                    </proof>'}, {'role': 'user', 'content': ""Prove 'Ax (P(x)|P(x)) |- Ax P(x)', using the analytical tableau method. Final answer using the notation described.""}, {'role': 'assistant', 'content': ' <proof>\n                            1. T Ax (P(x)|P(x)) pre \n                            2. F Ax P(x) conclusion\n                            3. F P(a) 2          \n                            4. T (P(a)|P(a)) 1   \n                            5.{ T P(a) 4         \n                            6. @ 3,5}            \n                            7.{ T P(a) 4         \n                            8. @ 3,7}            \n                        </proof>'}, {'role': 'user', 'content': ""Prove'Ax (B(x)->C(x)), B(a) |- C(a)' using the analytical tableau method. Only one final answer, surrounded by <proof>...</proof>, using the notation described.""}]","1. T Ax (B(x)->C(x)) pre
2. T B(a) pre
3. F C(a) conclusion
4. T (B(a)->C(a)) 1
5.{ F B(a) 4
6. @ 2,5}
7.{ T C(a) 4
8. @ 3,7}","1. T Ax (B(x)->C(x)) pre
2. T B(a) pre
3. F C(a) conclusion
4. T (B(a)->C(a)) 1
5.{ F B(a) 4
6. @ 2,5}
7.{ T C(a) 4
8. @ 3,7}",The proof is valid.,2.274174928665161,stop,1091,94
|- Ex (B(x)&C(x))->(Ex B(x)|Ex C(x)),"[{'role': 'system', 'content': ""\nYou are an expert in logic using the semantic Tableaux method. \nYou will receive a first order logic formula and must prove its validity using the semantic tableau method, represent the proof in a Fitch-like notation, following these formatting instructions:\n\n### FORMAT OF PROOF LINES: \nExpanding proof line must be structured like: '<line_number>. <T_or_F> <formula> <origin>'\n- <line_number>: sequential integer, always ending with a dot ('1.', '2.', '3.', ...)\n- <T_or_F> → T for true formulas, F for false formulas. \n- <formula>: the formula derived on that line\n- <origin> is exactly one of:\n    pre (for premises)\n    conclusion (for the conclusion)\n    a comma-separated list of line numbers indicating the formula(s) used to derive the current line (e.g. '1', '3', '1,3')\n\n### BRANCHING FORMAT \nUse curly braces { and } to open and close branches. \n{ must appear immediately after the line number that opens a branch (e.g. '8.{ F A|B 3') \n} must appear at the end of the line that closes that branch (e.g. '12. @ 5,7}'). Exception: the main (initial) branch does not require a closing }, since it is not opened by {.\nBranches may be nested. But a formula may only be used at a given point if it appeared earlier in the same branch or an outer (enclosing) branch to the current branch. Formulas from closed branches or sibling branches must not be used.\n\n### SYMBOLS \nUse the following symbols for logical operations: \n & = conjunction (and), \n | = disjunction (or), \n ~ = negation (not), \n -> = implication (implies).\n\nQuantifiers symbols:  \n    Ax represents ∀x  \n    Ex represents ∃x\nSo formulas with ∀x and ∃x will be represented by Ax and Ex (A and E followed by the variable x). For example, Ax (H(x)->M(x)) represents ∀x (H(x)→M(x)).\n\n###CONVENTIONS\nAtoms: only uppercase letters not immediately followed by parentesis (e.g. P, Q, R).\nPredicates: uppercase letters immediately followed by parentesis (e.g. H(x), M(y), Q(a,b) ). All predicates must use parentheses.\nVariables: first letter in lowercase, can be followed by letters and numbers (e.g., x, x0, xP0).\n\nWrite only the final proof in <proof>...</proof> tags. Only use <proof>...</proof> tags ONCE. Omit names of the rules. Only use these symbols inside the proof '&' , '->', '~', '|', '@', '(', ')', '{', '}', 'Ax', 'Ex'.\nDo not include explanations, commentary, or extra text inside and outside the <proof>...</proof> tags.\n""}, {'role': 'user', 'content': ""Prove 'Ex P(x), Ax (P(x)->Q(x)) |- Ex Q(x)', using the analytical tableau method. Final answer using the notation described. ""}, {'role': 'assistant', 'content': ' <proof>\n                        1. T Ex P(x) pre\n                        2. T Ax (P(x)->Q(x)) pre\n                        3. F Ex Q(x) conclusion\n                        4. T P(a) 1 \n                        5. T (P(a)->Q(a)) 2 \n                        6. F Q(a) 3 \n                        7.{ F P(a) 5 \n                        8. @ 4,7}    \n                        9.{ T Q(a) 5 \n                        10. @ 6,9}   \n                    </proof>'}, {'role': 'user', 'content': ""Prove 'Ax (P(x)|P(x)) |- Ax P(x)', using the analytical tableau method. Final answer using the notation described.""}, {'role': 'assistant', 'content': ' <proof>\n                            1. T Ax (P(x)|P(x)) pre \n                            2. F Ax P(x) conclusion\n                            3. F P(a) 2          \n                            4. T (P(a)|P(a)) 1   \n                            5.{ T P(a) 4         \n                            6. @ 3,5}            \n                            7.{ T P(a) 4         \n                            8. @ 3,7}            \n                        </proof>'}, {'role': 'user', 'content': ""Prove'|- Ex (B(x)&C(x))->(Ex B(x)|Ex C(x))' using the analytical tableau method. Only one final answer, surrounded by <proof>...</proof>, using the notation described.""}]","1. F ~Ex (B(x)&C(x) -> (Ex B(x)|Ex C(x))) conclusion
2. B Ex (B(x)&C(x) -> (Ex B(x)|Ex C(x))) 1
3. F Ex (B(x)&C(x) -> (Ex B(x)|Ex C(x))) 1
4. B (B(a)&C(a) -> (Ex B(x)|Ex C(x))) 2
5. F (B(a)&C(a) -> (Ex B(x)|Ex C(x))) 3
6. { B B(a)&C(a) 5
7. B B(a) 6
8. B C(a) 6
9. F Ex B(x) 5
10. F Ex C(x) 5
11. F B(b) 9
12. F C(b) 10
13. @ 7,8,11,12}","1. F ~Ex (B(x)&C(x) -> (Ex B(x)|Ex C(x))) conclusion
2. B Ex (B(x)&C(x) -> (Ex B(x)|Ex C(x))) 1
3. F Ex (B(x)&C(x) -> (Ex B(x)|Ex C(x))) 1
4. B (B(a)&C(a) -> (Ex B(x)|Ex C(x))) 2
5. F (B(a)&C(a) -> (Ex B(x)|Ex C(x))) 3
6. { B B(a)&C(a) 5
7. B B(a) 6
8. B C(a) 6
9. F Ex B(x) 5
10. F Ex C(x) 5
11. F B(b) 9
12. F C(b) 10
13. @ 7,8,11,12}","The following errors were found:

One of definitions are not completed. Please, check whether all rules are correctly written.
Recall that a rule of inference starts with a numeber, followed by . (reference line), the truth value of the formula (T or F), has a formula and the justification (premise, conclusion or one of the inference rules with its formula references).Sintax error:
2. B Ex (B(x)&C(x) -> (Ex B(x)|Ex C(x))) 1
     ^
",4.781334161758423,stop,1095,243
|- Ax B(x)->(Ax ~C(x)->Ax (B(x)&~C(x))),"[{'role': 'system', 'content': ""\nYou are an expert in logic using the semantic Tableaux method. \nYou will receive a first order logic formula and must prove its validity using the semantic tableau method, represent the proof in a Fitch-like notation, following these formatting instructions:\n\n### FORMAT OF PROOF LINES: \nExpanding proof line must be structured like: '<line_number>. <T_or_F> <formula> <origin>'\n- <line_number>: sequential integer, always ending with a dot ('1.', '2.', '3.', ...)\n- <T_or_F> → T for true formulas, F for false formulas. \n- <formula>: the formula derived on that line\n- <origin> is exactly one of:\n    pre (for premises)\n    conclusion (for the conclusion)\n    a comma-separated list of line numbers indicating the formula(s) used to derive the current line (e.g. '1', '3', '1,3')\n\n### BRANCHING FORMAT \nUse curly braces { and } to open and close branches. \n{ must appear immediately after the line number that opens a branch (e.g. '8.{ F A|B 3') \n} must appear at the end of the line that closes that branch (e.g. '12. @ 5,7}'). Exception: the main (initial) branch does not require a closing }, since it is not opened by {.\nBranches may be nested. But a formula may only be used at a given point if it appeared earlier in the same branch or an outer (enclosing) branch to the current branch. Formulas from closed branches or sibling branches must not be used.\n\n### SYMBOLS \nUse the following symbols for logical operations: \n & = conjunction (and), \n | = disjunction (or), \n ~ = negation (not), \n -> = implication (implies).\n\nQuantifiers symbols:  \n    Ax represents ∀x  \n    Ex represents ∃x\nSo formulas with ∀x and ∃x will be represented by Ax and Ex (A and E followed by the variable x). For example, Ax (H(x)->M(x)) represents ∀x (H(x)→M(x)).\n\n###CONVENTIONS\nAtoms: only uppercase letters not immediately followed by parentesis (e.g. P, Q, R).\nPredicates: uppercase letters immediately followed by parentesis (e.g. H(x), M(y), Q(a,b) ). All predicates must use parentheses.\nVariables: first letter in lowercase, can be followed by letters and numbers (e.g., x, x0, xP0).\n\nWrite only the final proof in <proof>...</proof> tags. Only use <proof>...</proof> tags ONCE. Omit names of the rules. Only use these symbols inside the proof '&' , '->', '~', '|', '@', '(', ')', '{', '}', 'Ax', 'Ex'.\nDo not include explanations, commentary, or extra text inside and outside the <proof>...</proof> tags.\n""}, {'role': 'user', 'content': ""Prove 'Ex P(x), Ax (P(x)->Q(x)) |- Ex Q(x)', using the analytical tableau method. Final answer using the notation described. ""}, {'role': 'assistant', 'content': ' <proof>\n                        1. T Ex P(x) pre\n                        2. T Ax (P(x)->Q(x)) pre\n                        3. F Ex Q(x) conclusion\n                        4. T P(a) 1 \n                        5. T (P(a)->Q(a)) 2 \n                        6. F Q(a) 3 \n                        7.{ F P(a) 5 \n                        8. @ 4,7}    \n                        9.{ T Q(a) 5 \n                        10. @ 6,9}   \n                    </proof>'}, {'role': 'user', 'content': ""Prove 'Ax (P(x)|P(x)) |- Ax P(x)', using the analytical tableau method. Final answer using the notation described.""}, {'role': 'assistant', 'content': ' <proof>\n                            1. T Ax (P(x)|P(x)) pre \n                            2. F Ax P(x) conclusion\n                            3. F P(a) 2          \n                            4. T (P(a)|P(a)) 1   \n                            5.{ T P(a) 4         \n                            6. @ 3,5}            \n                            7.{ T P(a) 4         \n                            8. @ 3,7}            \n                        </proof>'}, {'role': 'user', 'content': ""Prove'|- Ax B(x)->(Ax ~C(x)->Ax (B(x)&~C(x)))' using the analytical tableau method. Only one final answer, surrounded by <proof>...</proof>, using the notation described.""}]","1. F Ax B(x) -> (Ax ~C(x) -> Ax (B(x) & ~C(x))) conclusion
2. T Ax B(x) 1
3. F Ax ~C(x) -> Ax (B(x) & ~C(x)) 1
4. T Ax ~C(x) 3
5. F Ax (B(x) & ~C(x)) 3
6. T B(a) 2
7. T ~C(a) 4
8. F (B(a) & ~C(a)) 5
9. { F B(a) 8
10. @ 6,9}
11. { F ~C(a) 8
12. @ 7,11}
13. { F B(a) 5
14. @ 6,13}
15. { F ~C(a) 5
16. @ 7,15}
17. @ 10,12,14,16}","1. F Ax B(x) -> (Ax ~C(x) -> Ax (B(x) & ~C(x))) conclusion
2. T Ax B(x) 1
3. F Ax ~C(x) -> Ax (B(x) & ~C(x)) 1
4. T Ax ~C(x) 3
5. F Ax (B(x) & ~C(x)) 3
6. T B(a) 2
7. T ~C(a) 4
8. F (B(a) & ~C(a)) 5
9. { F B(a) 8
10. @ 6,9}
11. { F ~C(a) 8
12. @ 7,11}
13. { F B(a) 5
14. @ 6,13}
15. { F ~C(a) 5
16. @ 7,15}
17. @ 10,12,14,16}","The following errors were found:

One of definitions are not completed. Please, check whether all rules are correctly written.
Recall that a rule of inference starts with a numeber, followed by . (reference line), the truth value of the formula (T or F), has a formula and the justification (premise, conclusion or one of the inference rules with its formula references).Sintax error:
17. @ 10,12,14,16}
           ^
",5.1799750328063965,stop,1097,253
"Ex B(x), Ax (B(x)->C(x)) |- Ex C(x)","[{'role': 'system', 'content': ""\nYou are an expert in logic using the semantic Tableaux method. \nYou will receive a first order logic formula and must prove its validity using the semantic tableau method, represent the proof in a Fitch-like notation, following these formatting instructions:\n\n### FORMAT OF PROOF LINES: \nExpanding proof line must be structured like: '<line_number>. <T_or_F> <formula> <origin>'\n- <line_number>: sequential integer, always ending with a dot ('1.', '2.', '3.', ...)\n- <T_or_F> → T for true formulas, F for false formulas. \n- <formula>: the formula derived on that line\n- <origin> is exactly one of:\n    pre (for premises)\n    conclusion (for the conclusion)\n    a comma-separated list of line numbers indicating the formula(s) used to derive the current line (e.g. '1', '3', '1,3')\n\n### BRANCHING FORMAT \nUse curly braces { and } to open and close branches. \n{ must appear immediately after the line number that opens a branch (e.g. '8.{ F A|B 3') \n} must appear at the end of the line that closes that branch (e.g. '12. @ 5,7}'). Exception: the main (initial) branch does not require a closing }, since it is not opened by {.\nBranches may be nested. But a formula may only be used at a given point if it appeared earlier in the same branch or an outer (enclosing) branch to the current branch. Formulas from closed branches or sibling branches must not be used.\n\n### SYMBOLS \nUse the following symbols for logical operations: \n & = conjunction (and), \n | = disjunction (or), \n ~ = negation (not), \n -> = implication (implies).\n\nQuantifiers symbols:  \n    Ax represents ∀x  \n    Ex represents ∃x\nSo formulas with ∀x and ∃x will be represented by Ax and Ex (A and E followed by the variable x). For example, Ax (H(x)->M(x)) represents ∀x (H(x)→M(x)).\n\n###CONVENTIONS\nAtoms: only uppercase letters not immediately followed by parentesis (e.g. P, Q, R).\nPredicates: uppercase letters immediately followed by parentesis (e.g. H(x), M(y), Q(a,b) ). All predicates must use parentheses.\nVariables: first letter in lowercase, can be followed by letters and numbers (e.g., x, x0, xP0).\n\nWrite only the final proof in <proof>...</proof> tags. Only use <proof>...</proof> tags ONCE. Omit names of the rules. Only use these symbols inside the proof '&' , '->', '~', '|', '@', '(', ')', '{', '}', 'Ax', 'Ex'.\nDo not include explanations, commentary, or extra text inside and outside the <proof>...</proof> tags.\n""}, {'role': 'user', 'content': ""Prove 'Ex P(x), Ax (P(x)->Q(x)) |- Ex Q(x)', using the analytical tableau method. Final answer using the notation described. ""}, {'role': 'assistant', 'content': ' <proof>\n                        1. T Ex P(x) pre\n                        2. T Ax (P(x)->Q(x)) pre\n                        3. F Ex Q(x) conclusion\n                        4. T P(a) 1 \n                        5. T (P(a)->Q(a)) 2 \n                        6. F Q(a) 3 \n                        7.{ F P(a) 5 \n                        8. @ 4,7}    \n                        9.{ T Q(a) 5 \n                        10. @ 6,9}   \n                    </proof>'}, {'role': 'user', 'content': ""Prove 'Ax (P(x)|P(x)) |- Ax P(x)', using the analytical tableau method. Final answer using the notation described.""}, {'role': 'assistant', 'content': ' <proof>\n                            1. T Ax (P(x)|P(x)) pre \n                            2. F Ax P(x) conclusion\n                            3. F P(a) 2          \n                            4. T (P(a)|P(a)) 1   \n                            5.{ T P(a) 4         \n                            6. @ 3,5}            \n                            7.{ T P(a) 4         \n                            8. @ 3,7}            \n                        </proof>'}, {'role': 'user', 'content': ""Prove'Ex B(x), Ax (B(x)->C(x)) |- Ex C(x)' using the analytical tableau method. Only one final answer, surrounded by <proof>...</proof>, using the notation described.""}]","1. T Ex B(x) pre
2. T Ax (B(x)->C(x)) pre
3. F Ex C(x) conclusion
4. T B(a) 1
5. T (B(a)->C(a)) 2
6. F C(a) 3
7. { F B(a) 5
8. @ 4,7}
9. { T C(a) 5
10. @ 6,9}","1. T Ex B(x) pre
2. T Ax (B(x)->C(x)) pre
3. F Ex C(x) conclusion
4. T B(a) 1
5. T (B(a)->C(a)) 2
6. F C(a) 3
7. { F B(a) 5
8. @ 4,7}
9. { T C(a) 5
10. @ 6,9}",The proof is valid.,2.791154146194458,stop,1093,119
|- Ax (B(x)->C(x))->(Ax B(x)->Ax C(x)),"[{'role': 'system', 'content': ""\nYou are an expert in logic using the semantic Tableaux method. \nYou will receive a first order logic formula and must prove its validity using the semantic tableau method, represent the proof in a Fitch-like notation, following these formatting instructions:\n\n### FORMAT OF PROOF LINES: \nExpanding proof line must be structured like: '<line_number>. <T_or_F> <formula> <origin>'\n- <line_number>: sequential integer, always ending with a dot ('1.', '2.', '3.', ...)\n- <T_or_F> → T for true formulas, F for false formulas. \n- <formula>: the formula derived on that line\n- <origin> is exactly one of:\n    pre (for premises)\n    conclusion (for the conclusion)\n    a comma-separated list of line numbers indicating the formula(s) used to derive the current line (e.g. '1', '3', '1,3')\n\n### BRANCHING FORMAT \nUse curly braces { and } to open and close branches. \n{ must appear immediately after the line number that opens a branch (e.g. '8.{ F A|B 3') \n} must appear at the end of the line that closes that branch (e.g. '12. @ 5,7}'). Exception: the main (initial) branch does not require a closing }, since it is not opened by {.\nBranches may be nested. But a formula may only be used at a given point if it appeared earlier in the same branch or an outer (enclosing) branch to the current branch. Formulas from closed branches or sibling branches must not be used.\n\n### SYMBOLS \nUse the following symbols for logical operations: \n & = conjunction (and), \n | = disjunction (or), \n ~ = negation (not), \n -> = implication (implies).\n\nQuantifiers symbols:  \n    Ax represents ∀x  \n    Ex represents ∃x\nSo formulas with ∀x and ∃x will be represented by Ax and Ex (A and E followed by the variable x). For example, Ax (H(x)->M(x)) represents ∀x (H(x)→M(x)).\n\n###CONVENTIONS\nAtoms: only uppercase letters not immediately followed by parentesis (e.g. P, Q, R).\nPredicates: uppercase letters immediately followed by parentesis (e.g. H(x), M(y), Q(a,b) ). All predicates must use parentheses.\nVariables: first letter in lowercase, can be followed by letters and numbers (e.g., x, x0, xP0).\n\nWrite only the final proof in <proof>...</proof> tags. Only use <proof>...</proof> tags ONCE. Omit names of the rules. Only use these symbols inside the proof '&' , '->', '~', '|', '@', '(', ')', '{', '}', 'Ax', 'Ex'.\nDo not include explanations, commentary, or extra text inside and outside the <proof>...</proof> tags.\n""}, {'role': 'user', 'content': ""Prove 'Ex P(x), Ax (P(x)->Q(x)) |- Ex Q(x)', using the analytical tableau method. Final answer using the notation described. ""}, {'role': 'assistant', 'content': ' <proof>\n                        1. T Ex P(x) pre\n                        2. T Ax (P(x)->Q(x)) pre\n                        3. F Ex Q(x) conclusion\n                        4. T P(a) 1 \n                        5. T (P(a)->Q(a)) 2 \n                        6. F Q(a) 3 \n                        7.{ F P(a) 5 \n                        8. @ 4,7}    \n                        9.{ T Q(a) 5 \n                        10. @ 6,9}   \n                    </proof>'}, {'role': 'user', 'content': ""Prove 'Ax (P(x)|P(x)) |- Ax P(x)', using the analytical tableau method. Final answer using the notation described.""}, {'role': 'assistant', 'content': ' <proof>\n                            1. T Ax (P(x)|P(x)) pre \n                            2. F Ax P(x) conclusion\n                            3. F P(a) 2          \n                            4. T (P(a)|P(a)) 1   \n                            5.{ T P(a) 4         \n                            6. @ 3,5}            \n                            7.{ T P(a) 4         \n                            8. @ 3,7}            \n                        </proof>'}, {'role': 'user', 'content': ""Prove'|- Ax (B(x)->C(x))->(Ax B(x)->Ax C(x))' using the analytical tableau method. Only one final answer, surrounded by <proof>...</proof>, using the notation described.""}]","1. F ~Ax (B(x)->C(x)) -> (Ax B(x) -> Ax C(x)) conclusion
2. T Ax (B(x)->C(x)) 1
3. F Ax B(x) -> Ax C(x) 1
4. F Ax B(x) 3
5. T Ax C(x) 3
6. F B(a) 4
7. T (B(a)->C(a)) 2
8. { F B(a) 7
9. @ 6,8}
10. { T C(a) 7
11. F C(b) 5
12. T (B(b)->C(b)) 2
13. { F B(b) 12
14. @ 6,13}
15. { T C(b) 12
16. @ 11,15}
17. @ 9,16}","1. F ~Ax (B(x)->C(x)) -> (Ax B(x) -> Ax C(x)) conclusion
2. T Ax (B(x)->C(x)) 1
3. F Ax B(x) -> Ax C(x) 1
4. F Ax B(x) 3
5. T Ax C(x) 3
6. F B(a) 4
7. T (B(a)->C(a)) 2
8. { F B(a) 7
9. @ 6,8}
10. { T C(a) 7
11. F C(b) 5
12. T (B(b)->C(b)) 2
13. { F B(b) 12
14. @ 6,13}
15. { T C(b) 12
16. @ 11,15}
17. @ 9,16}","The following errors were found:

Error in line 11:
11. F C(b) 5
    ^, The truth value should be T for this rule.
Error in line 2:
2. T Ax (B(x)->C(x)) 1
^, Formula Ax (B(x)->C(x)) (conclusion of the rule) must be the antecedent of the implication of the referenced formula with truth-value F.
Error in line 3:
3. F Ax B(x) -> Ax C(x) 1
^, The previous line should be the rule ->F with the formula ~Ax (B(x)->C(x)).
Error in line 4:
4. F Ax B(x) 3
   ^, Formula Ax B(x) (conclusion of the rule) must be the consequent of the implication of the referenced formula with truth-value T.
Error in line 5:
5. T Ax C(x) 3
^, Formula Ax C(x) (conclusion of the rule) must be the antecedent of the implication of the referenced formula with truth-value F.
Error in line 9:
9. @ 6,8}
     ^, None of the formulas referenced by the lines contradict the other formula.
Error in line 11:
11. F C(b) 5
           ^, Formula referenced in line 5 is not a universal formula with truth-value F.
Error in line 13:
13. { F B(b) 12
^, A beta rule must have exactly two branches.
Error in line 14:
14. @ 6,13}
      ^, None of the formulas referenced by the lines contradict the other formula.
Error in line 15:
15. { T C(b) 12
^, A beta rule must have exactly two branches.
Error in line 17:
17. @ 9,16}
      ^, The reference to the line formula 9 cannot be used, as this formula does not belong to this branch.
Error in line 17:
17. @ 9,16}
        ^, The reference to the line formula 16 cannot be used, as this formula does not belong to this branch.",4.818185329437256,stop,1095,236
|- ~Ax ~B(x)->Ex B(x),"[{'role': 'system', 'content': ""\nYou are an expert in logic using the semantic Tableaux method. \nYou will receive a first order logic formula and must prove its validity using the semantic tableau method, represent the proof in a Fitch-like notation, following these formatting instructions:\n\n### FORMAT OF PROOF LINES: \nExpanding proof line must be structured like: '<line_number>. <T_or_F> <formula> <origin>'\n- <line_number>: sequential integer, always ending with a dot ('1.', '2.', '3.', ...)\n- <T_or_F> → T for true formulas, F for false formulas. \n- <formula>: the formula derived on that line\n- <origin> is exactly one of:\n    pre (for premises)\n    conclusion (for the conclusion)\n    a comma-separated list of line numbers indicating the formula(s) used to derive the current line (e.g. '1', '3', '1,3')\n\n### BRANCHING FORMAT \nUse curly braces { and } to open and close branches. \n{ must appear immediately after the line number that opens a branch (e.g. '8.{ F A|B 3') \n} must appear at the end of the line that closes that branch (e.g. '12. @ 5,7}'). Exception: the main (initial) branch does not require a closing }, since it is not opened by {.\nBranches may be nested. But a formula may only be used at a given point if it appeared earlier in the same branch or an outer (enclosing) branch to the current branch. Formulas from closed branches or sibling branches must not be used.\n\n### SYMBOLS \nUse the following symbols for logical operations: \n & = conjunction (and), \n | = disjunction (or), \n ~ = negation (not), \n -> = implication (implies).\n\nQuantifiers symbols:  \n    Ax represents ∀x  \n    Ex represents ∃x\nSo formulas with ∀x and ∃x will be represented by Ax and Ex (A and E followed by the variable x). For example, Ax (H(x)->M(x)) represents ∀x (H(x)→M(x)).\n\n###CONVENTIONS\nAtoms: only uppercase letters not immediately followed by parentesis (e.g. P, Q, R).\nPredicates: uppercase letters immediately followed by parentesis (e.g. H(x), M(y), Q(a,b) ). All predicates must use parentheses.\nVariables: first letter in lowercase, can be followed by letters and numbers (e.g., x, x0, xP0).\n\nWrite only the final proof in <proof>...</proof> tags. Only use <proof>...</proof> tags ONCE. Omit names of the rules. Only use these symbols inside the proof '&' , '->', '~', '|', '@', '(', ')', '{', '}', 'Ax', 'Ex'.\nDo not include explanations, commentary, or extra text inside and outside the <proof>...</proof> tags.\n""}, {'role': 'user', 'content': ""Prove 'Ex P(x), Ax (P(x)->Q(x)) |- Ex Q(x)', using the analytical tableau method. Final answer using the notation described. ""}, {'role': 'assistant', 'content': ' <proof>\n                        1. T Ex P(x) pre\n                        2. T Ax (P(x)->Q(x)) pre\n                        3. F Ex Q(x) conclusion\n                        4. T P(a) 1 \n                        5. T (P(a)->Q(a)) 2 \n                        6. F Q(a) 3 \n                        7.{ F P(a) 5 \n                        8. @ 4,7}    \n                        9.{ T Q(a) 5 \n                        10. @ 6,9}   \n                    </proof>'}, {'role': 'user', 'content': ""Prove 'Ax (P(x)|P(x)) |- Ax P(x)', using the analytical tableau method. Final answer using the notation described.""}, {'role': 'assistant', 'content': ' <proof>\n                            1. T Ax (P(x)|P(x)) pre \n                            2. F Ax P(x) conclusion\n                            3. F P(a) 2          \n                            4. T (P(a)|P(a)) 1   \n                            5.{ T P(a) 4         \n                            6. @ 3,5}            \n                            7.{ T P(a) 4         \n                            8. @ 3,7}            \n                        </proof>'}, {'role': 'user', 'content': ""Prove'|- ~Ax ~B(x)->Ex B(x)' using the analytical tableau method. Only one final answer, surrounded by <proof>...</proof>, using the notation described.""}]","1. F ~Ax ~B(x) -> Ex B(x) conclusion
2. T ~Ax ~B(x) 1
3. F Ex B(x) 1
4. T Ax ~B(x) 2
5. F B(a) 3
6. T ~B(a) 4
7. @ 5,6","1. F ~Ax ~B(x) -> Ex B(x) conclusion
2. T ~Ax ~B(x) 1
3. F Ex B(x) 1
4. T Ax ~B(x) 2
5. F B(a) 3
6. T ~B(a) 4
7. @ 5,6","The following errors were found:

Error in line 4:
4. T Ax ~B(x) 2
   ^, The truth value should be F for this rule.
Error in line 7:
7. @ 5,6
     ^, None of the formulas referenced by the lines contradict the other formula.",2.363878965377808,stop,1085,91
|- Ex (B(x)->C)->(Ax B(x)->C),"[{'role': 'system', 'content': ""\nYou are an expert in logic using the semantic Tableaux method. \nYou will receive a first order logic formula and must prove its validity using the semantic tableau method, represent the proof in a Fitch-like notation, following these formatting instructions:\n\n### FORMAT OF PROOF LINES: \nExpanding proof line must be structured like: '<line_number>. <T_or_F> <formula> <origin>'\n- <line_number>: sequential integer, always ending with a dot ('1.', '2.', '3.', ...)\n- <T_or_F> → T for true formulas, F for false formulas. \n- <formula>: the formula derived on that line\n- <origin> is exactly one of:\n    pre (for premises)\n    conclusion (for the conclusion)\n    a comma-separated list of line numbers indicating the formula(s) used to derive the current line (e.g. '1', '3', '1,3')\n\n### BRANCHING FORMAT \nUse curly braces { and } to open and close branches. \n{ must appear immediately after the line number that opens a branch (e.g. '8.{ F A|B 3') \n} must appear at the end of the line that closes that branch (e.g. '12. @ 5,7}'). Exception: the main (initial) branch does not require a closing }, since it is not opened by {.\nBranches may be nested. But a formula may only be used at a given point if it appeared earlier in the same branch or an outer (enclosing) branch to the current branch. Formulas from closed branches or sibling branches must not be used.\n\n### SYMBOLS \nUse the following symbols for logical operations: \n & = conjunction (and), \n | = disjunction (or), \n ~ = negation (not), \n -> = implication (implies).\n\nQuantifiers symbols:  \n    Ax represents ∀x  \n    Ex represents ∃x\nSo formulas with ∀x and ∃x will be represented by Ax and Ex (A and E followed by the variable x). For example, Ax (H(x)->M(x)) represents ∀x (H(x)→M(x)).\n\n###CONVENTIONS\nAtoms: only uppercase letters not immediately followed by parentesis (e.g. P, Q, R).\nPredicates: uppercase letters immediately followed by parentesis (e.g. H(x), M(y), Q(a,b) ). All predicates must use parentheses.\nVariables: first letter in lowercase, can be followed by letters and numbers (e.g., x, x0, xP0).\n\nWrite only the final proof in <proof>...</proof> tags. Only use <proof>...</proof> tags ONCE. Omit names of the rules. Only use these symbols inside the proof '&' , '->', '~', '|', '@', '(', ')', '{', '}', 'Ax', 'Ex'.\nDo not include explanations, commentary, or extra text inside and outside the <proof>...</proof> tags.\n""}, {'role': 'user', 'content': ""Prove 'Ex P(x), Ax (P(x)->Q(x)) |- Ex Q(x)', using the analytical tableau method. Final answer using the notation described. ""}, {'role': 'assistant', 'content': ' <proof>\n                        1. T Ex P(x) pre\n                        2. T Ax (P(x)->Q(x)) pre\n                        3. F Ex Q(x) conclusion\n                        4. T P(a) 1 \n                        5. T (P(a)->Q(a)) 2 \n                        6. F Q(a) 3 \n                        7.{ F P(a) 5 \n                        8. @ 4,7}    \n                        9.{ T Q(a) 5 \n                        10. @ 6,9}   \n                    </proof>'}, {'role': 'user', 'content': ""Prove 'Ax (P(x)|P(x)) |- Ax P(x)', using the analytical tableau method. Final answer using the notation described.""}, {'role': 'assistant', 'content': ' <proof>\n                            1. T Ax (P(x)|P(x)) pre \n                            2. F Ax P(x) conclusion\n                            3. F P(a) 2          \n                            4. T (P(a)|P(a)) 1   \n                            5.{ T P(a) 4         \n                            6. @ 3,5}            \n                            7.{ T P(a) 4         \n                            8. @ 3,7}            \n                        </proof>'}, {'role': 'user', 'content': ""Prove'|- Ex (B(x)->C)->(Ax B(x)->C)' using the analytical tableau method. Only one final answer, surrounded by <proof>...</proof>, using the notation described.""}]","1. F ~ (Ex (B(x)->C) -> (Ax B(x) -> C)) conclusion
2. T Ex (B(x)->C) 1
3. F (Ax B(x) -> C) 1
4. T Ax B(x) 3
5. F C 3
6. T (B(a)->C(a)) 2
7. T B(b) 4
8. T B(c) 4
9. { F B(a) 6
10. @ 7,8,9}
11. { T C(a) 6
12. @ 5,11}
}","1. F ~ (Ex (B(x)->C) -> (Ax B(x) -> C)) conclusion
2. T Ex (B(x)->C) 1
3. F (Ax B(x) -> C) 1
4. T Ax B(x) 3
5. F C 3
6. T (B(a)->C(a)) 2
7. T B(b) 4
8. T B(c) 4
9. { F B(a) 6
10. @ 7,8,9}
11. { T C(a) 6
12. @ 5,11}
}","The following errors were found:

One of definitions are not completed. Please, check whether all rules are correctly written.
Recall that a rule of inference starts with a numeber, followed by . (reference line), the truth value of the formula (T or F), has a formula and the justification (premise, conclusion or one of the inference rules with its formula references).Sintax error:
10. @ 7,8,9}
         ^
",3.947834014892578,stop,1089,163
"Ax ~(B(x)&~C(x)), Ax ~C(x) |- Ax ~B(x)","[{'role': 'system', 'content': ""\nYou are an expert in logic using the semantic Tableaux method. \nYou will receive a first order logic formula and must prove its validity using the semantic tableau method, represent the proof in a Fitch-like notation, following these formatting instructions:\n\n### FORMAT OF PROOF LINES: \nExpanding proof line must be structured like: '<line_number>. <T_or_F> <formula> <origin>'\n- <line_number>: sequential integer, always ending with a dot ('1.', '2.', '3.', ...)\n- <T_or_F> → T for true formulas, F for false formulas. \n- <formula>: the formula derived on that line\n- <origin> is exactly one of:\n    pre (for premises)\n    conclusion (for the conclusion)\n    a comma-separated list of line numbers indicating the formula(s) used to derive the current line (e.g. '1', '3', '1,3')\n\n### BRANCHING FORMAT \nUse curly braces { and } to open and close branches. \n{ must appear immediately after the line number that opens a branch (e.g. '8.{ F A|B 3') \n} must appear at the end of the line that closes that branch (e.g. '12. @ 5,7}'). Exception: the main (initial) branch does not require a closing }, since it is not opened by {.\nBranches may be nested. But a formula may only be used at a given point if it appeared earlier in the same branch or an outer (enclosing) branch to the current branch. Formulas from closed branches or sibling branches must not be used.\n\n### SYMBOLS \nUse the following symbols for logical operations: \n & = conjunction (and), \n | = disjunction (or), \n ~ = negation (not), \n -> = implication (implies).\n\nQuantifiers symbols:  \n    Ax represents ∀x  \n    Ex represents ∃x\nSo formulas with ∀x and ∃x will be represented by Ax and Ex (A and E followed by the variable x). For example, Ax (H(x)->M(x)) represents ∀x (H(x)→M(x)).\n\n###CONVENTIONS\nAtoms: only uppercase letters not immediately followed by parentesis (e.g. P, Q, R).\nPredicates: uppercase letters immediately followed by parentesis (e.g. H(x), M(y), Q(a,b) ). All predicates must use parentheses.\nVariables: first letter in lowercase, can be followed by letters and numbers (e.g., x, x0, xP0).\n\nWrite only the final proof in <proof>...</proof> tags. Only use <proof>...</proof> tags ONCE. Omit names of the rules. Only use these symbols inside the proof '&' , '->', '~', '|', '@', '(', ')', '{', '}', 'Ax', 'Ex'.\nDo not include explanations, commentary, or extra text inside and outside the <proof>...</proof> tags.\n""}, {'role': 'user', 'content': ""Prove 'Ex P(x), Ax (P(x)->Q(x)) |- Ex Q(x)', using the analytical tableau method. Final answer using the notation described. ""}, {'role': 'assistant', 'content': ' <proof>\n                        1. T Ex P(x) pre\n                        2. T Ax (P(x)->Q(x)) pre\n                        3. F Ex Q(x) conclusion\n                        4. T P(a) 1 \n                        5. T (P(a)->Q(a)) 2 \n                        6. F Q(a) 3 \n                        7.{ F P(a) 5 \n                        8. @ 4,7}    \n                        9.{ T Q(a) 5 \n                        10. @ 6,9}   \n                    </proof>'}, {'role': 'user', 'content': ""Prove 'Ax (P(x)|P(x)) |- Ax P(x)', using the analytical tableau method. Final answer using the notation described.""}, {'role': 'assistant', 'content': ' <proof>\n                            1. T Ax (P(x)|P(x)) pre \n                            2. F Ax P(x) conclusion\n                            3. F P(a) 2          \n                            4. T (P(a)|P(a)) 1   \n                            5.{ T P(a) 4         \n                            6. @ 3,5}            \n                            7.{ T P(a) 4         \n                            8. @ 3,7}            \n                        </proof>'}, {'role': 'user', 'content': ""Prove'Ax ~(B(x)&~C(x)), Ax ~C(x) |- Ax ~B(x)' using the analytical tableau method. Only one final answer, surrounded by <proof>...</proof>, using the notation described.""}]","1. T Ax ~(B(x)&~C(x)) pre
2. T Ax ~C(x) pre
3. F Ax ~B(x) conclusion
4. T ~(B(a)&~C(a)) 1
5. T ~C(a) 2
6. F ~B(a) 3
7. T B(a) 6
8. { F B(a)&~C(a) 4
9. { F B(a) 8
10. @ 7,9}
11. { F ~C(a) 8
12. T C(a) 11
13. @ 5,12}
14. @ 4,5,6,7,8,9,10,11,12,13}","1. T Ax ~(B(x)&~C(x)) pre
2. T Ax ~C(x) pre
3. F Ax ~B(x) conclusion
4. T ~(B(a)&~C(a)) 1
5. T ~C(a) 2
6. F ~B(a) 3
7. T B(a) 6
8. { F B(a)&~C(a) 4
9. { F B(a) 8
10. @ 7,9}
11. { F ~C(a) 8
12. T C(a) 11
13. @ 5,12}
14. @ 4,5,6,7,8,9,10,11,12,13}","The following errors were found:

One of definitions are not completed. Please, check whether all rules are correctly written.
Recall that a rule of inference starts with a numeber, followed by . (reference line), the truth value of the formula (T or F), has a formula and the justification (premise, conclusion or one of the inference rules with its formula references).Sintax error:
14. @ 4,5,6,7,8,9,10,11,12,13}
         ^
",4.47818922996521,stop,1096,197
"Ax (B(x)->C(x)), Ax ~C(x) |- Ax ~B(x)","[{'role': 'system', 'content': ""\nYou are an expert in logic using the semantic Tableaux method. \nYou will receive a first order logic formula and must prove its validity using the semantic tableau method, represent the proof in a Fitch-like notation, following these formatting instructions:\n\n### FORMAT OF PROOF LINES: \nExpanding proof line must be structured like: '<line_number>. <T_or_F> <formula> <origin>'\n- <line_number>: sequential integer, always ending with a dot ('1.', '2.', '3.', ...)\n- <T_or_F> → T for true formulas, F for false formulas. \n- <formula>: the formula derived on that line\n- <origin> is exactly one of:\n    pre (for premises)\n    conclusion (for the conclusion)\n    a comma-separated list of line numbers indicating the formula(s) used to derive the current line (e.g. '1', '3', '1,3')\n\n### BRANCHING FORMAT \nUse curly braces { and } to open and close branches. \n{ must appear immediately after the line number that opens a branch (e.g. '8.{ F A|B 3') \n} must appear at the end of the line that closes that branch (e.g. '12. @ 5,7}'). Exception: the main (initial) branch does not require a closing }, since it is not opened by {.\nBranches may be nested. But a formula may only be used at a given point if it appeared earlier in the same branch or an outer (enclosing) branch to the current branch. Formulas from closed branches or sibling branches must not be used.\n\n### SYMBOLS \nUse the following symbols for logical operations: \n & = conjunction (and), \n | = disjunction (or), \n ~ = negation (not), \n -> = implication (implies).\n\nQuantifiers symbols:  \n    Ax represents ∀x  \n    Ex represents ∃x\nSo formulas with ∀x and ∃x will be represented by Ax and Ex (A and E followed by the variable x). For example, Ax (H(x)->M(x)) represents ∀x (H(x)→M(x)).\n\n###CONVENTIONS\nAtoms: only uppercase letters not immediately followed by parentesis (e.g. P, Q, R).\nPredicates: uppercase letters immediately followed by parentesis (e.g. H(x), M(y), Q(a,b) ). All predicates must use parentheses.\nVariables: first letter in lowercase, can be followed by letters and numbers (e.g., x, x0, xP0).\n\nWrite only the final proof in <proof>...</proof> tags. Only use <proof>...</proof> tags ONCE. Omit names of the rules. Only use these symbols inside the proof '&' , '->', '~', '|', '@', '(', ')', '{', '}', 'Ax', 'Ex'.\nDo not include explanations, commentary, or extra text inside and outside the <proof>...</proof> tags.\n""}, {'role': 'user', 'content': ""Prove 'Ex P(x), Ax (P(x)->Q(x)) |- Ex Q(x)', using the analytical tableau method. Final answer using the notation described. ""}, {'role': 'assistant', 'content': ' <proof>\n                        1. T Ex P(x) pre\n                        2. T Ax (P(x)->Q(x)) pre\n                        3. F Ex Q(x) conclusion\n                        4. T P(a) 1 \n                        5. T (P(a)->Q(a)) 2 \n                        6. F Q(a) 3 \n                        7.{ F P(a) 5 \n                        8. @ 4,7}    \n                        9.{ T Q(a) 5 \n                        10. @ 6,9}   \n                    </proof>'}, {'role': 'user', 'content': ""Prove 'Ax (P(x)|P(x)) |- Ax P(x)', using the analytical tableau method. Final answer using the notation described.""}, {'role': 'assistant', 'content': ' <proof>\n                            1. T Ax (P(x)|P(x)) pre \n                            2. F Ax P(x) conclusion\n                            3. F P(a) 2          \n                            4. T (P(a)|P(a)) 1   \n                            5.{ T P(a) 4         \n                            6. @ 3,5}            \n                            7.{ T P(a) 4         \n                            8. @ 3,7}            \n                        </proof>'}, {'role': 'user', 'content': ""Prove'Ax (B(x)->C(x)), Ax ~C(x) |- Ax ~B(x)' using the analytical tableau method. Only one final answer, surrounded by <proof>...</proof>, using the notation described.""}]","1. T Ax (B(x)->C(x)) pre
2. T Ax ~C(x) pre
3. F Ax ~B(x) conclusion
4. T B(a) 3
5. T (B(a)->C(a)) 1
6. T ~C(a) 2
7. { F C(a) 5
8. @ 4,7}
9. { F ~C(a) 5
10. @ 6,9}
11. { T C(a) 6
12. @ 4,11}
13. @ 7,8,12}","1. T Ax (B(x)->C(x)) pre
2. T Ax ~C(x) pre
3. F Ax ~B(x) conclusion
4. T B(a) 3
5. T (B(a)->C(a)) 1
6. T ~C(a) 2
7. { F C(a) 5
8. @ 4,7}
9. { F ~C(a) 5
10. @ 6,9}
11. { T C(a) 6
12. @ 4,11}
13. @ 7,8,12}","The following errors were found:

One of definitions are not completed. Please, check whether all rules are correctly written.
Recall that a rule of inference starts with a numeber, followed by . (reference line), the truth value of the formula (T or F), has a formula and the justification (premise, conclusion or one of the inference rules with its formula references).Sintax error:
13. @ 7,8,12}
         ^
",3.3173298835754395,stop,1095,159
|- Ax B(x)->~Ex ~B(x),"[{'role': 'system', 'content': ""\nYou are an expert in logic using the semantic Tableaux method. \nYou will receive a first order logic formula and must prove its validity using the semantic tableau method, represent the proof in a Fitch-like notation, following these formatting instructions:\n\n### FORMAT OF PROOF LINES: \nExpanding proof line must be structured like: '<line_number>. <T_or_F> <formula> <origin>'\n- <line_number>: sequential integer, always ending with a dot ('1.', '2.', '3.', ...)\n- <T_or_F> → T for true formulas, F for false formulas. \n- <formula>: the formula derived on that line\n- <origin> is exactly one of:\n    pre (for premises)\n    conclusion (for the conclusion)\n    a comma-separated list of line numbers indicating the formula(s) used to derive the current line (e.g. '1', '3', '1,3')\n\n### BRANCHING FORMAT \nUse curly braces { and } to open and close branches. \n{ must appear immediately after the line number that opens a branch (e.g. '8.{ F A|B 3') \n} must appear at the end of the line that closes that branch (e.g. '12. @ 5,7}'). Exception: the main (initial) branch does not require a closing }, since it is not opened by {.\nBranches may be nested. But a formula may only be used at a given point if it appeared earlier in the same branch or an outer (enclosing) branch to the current branch. Formulas from closed branches or sibling branches must not be used.\n\n### SYMBOLS \nUse the following symbols for logical operations: \n & = conjunction (and), \n | = disjunction (or), \n ~ = negation (not), \n -> = implication (implies).\n\nQuantifiers symbols:  \n    Ax represents ∀x  \n    Ex represents ∃x\nSo formulas with ∀x and ∃x will be represented by Ax and Ex (A and E followed by the variable x). For example, Ax (H(x)->M(x)) represents ∀x (H(x)→M(x)).\n\n###CONVENTIONS\nAtoms: only uppercase letters not immediately followed by parentesis (e.g. P, Q, R).\nPredicates: uppercase letters immediately followed by parentesis (e.g. H(x), M(y), Q(a,b) ). All predicates must use parentheses.\nVariables: first letter in lowercase, can be followed by letters and numbers (e.g., x, x0, xP0).\n\nWrite only the final proof in <proof>...</proof> tags. Only use <proof>...</proof> tags ONCE. Omit names of the rules. Only use these symbols inside the proof '&' , '->', '~', '|', '@', '(', ')', '{', '}', 'Ax', 'Ex'.\nDo not include explanations, commentary, or extra text inside and outside the <proof>...</proof> tags.\n""}, {'role': 'user', 'content': ""Prove 'Ex P(x), Ax (P(x)->Q(x)) |- Ex Q(x)', using the analytical tableau method. Final answer using the notation described. ""}, {'role': 'assistant', 'content': ' <proof>\n                        1. T Ex P(x) pre\n                        2. T Ax (P(x)->Q(x)) pre\n                        3. F Ex Q(x) conclusion\n                        4. T P(a) 1 \n                        5. T (P(a)->Q(a)) 2 \n                        6. F Q(a) 3 \n                        7.{ F P(a) 5 \n                        8. @ 4,7}    \n                        9.{ T Q(a) 5 \n                        10. @ 6,9}   \n                    </proof>'}, {'role': 'user', 'content': ""Prove 'Ax (P(x)|P(x)) |- Ax P(x)', using the analytical tableau method. Final answer using the notation described.""}, {'role': 'assistant', 'content': ' <proof>\n                            1. T Ax (P(x)|P(x)) pre \n                            2. F Ax P(x) conclusion\n                            3. F P(a) 2          \n                            4. T (P(a)|P(a)) 1   \n                            5.{ T P(a) 4         \n                            6. @ 3,5}            \n                            7.{ T P(a) 4         \n                            8. @ 3,7}            \n                        </proof>'}, {'role': 'user', 'content': ""Prove'|- Ax B(x)->~Ex ~B(x)' using the analytical tableau method. Only one final answer, surrounded by <proof>...</proof>, using the notation described.""}]","1. F Ax B(x) -> ~Ex ~B(x) conclusion
2. T Ax B(x) 1
3. F ~Ex ~B(x) 1
4. T Ex ~B(x) 3
5. T ~B(a) 4
6. T B(a) 2
7. { F ~B(a) 5
8. @ 6,7}","1. F Ax B(x) -> ~Ex ~B(x) conclusion
2. T Ax B(x) 1
3. F ~Ex ~B(x) 1
4. T Ex ~B(x) 3
5. T ~B(a) 4
6. T B(a) 2
7. { F ~B(a) 5
8. @ 6,7}","The following errors were found:

Error in line 7:
7. { F ~B(a) 5
             ^, The rule must be a alpha-rule.
Error in line 8:
8. @ 6,7}
     ^, None of the formulas referenced by the lines contradict the other formula.",2.3185622692108154,stop,1085,104
|- ~Ex ~B(x)->Ax B(x),"[{'role': 'system', 'content': ""\nYou are an expert in logic using the semantic Tableaux method. \nYou will receive a first order logic formula and must prove its validity using the semantic tableau method, represent the proof in a Fitch-like notation, following these formatting instructions:\n\n### FORMAT OF PROOF LINES: \nExpanding proof line must be structured like: '<line_number>. <T_or_F> <formula> <origin>'\n- <line_number>: sequential integer, always ending with a dot ('1.', '2.', '3.', ...)\n- <T_or_F> → T for true formulas, F for false formulas. \n- <formula>: the formula derived on that line\n- <origin> is exactly one of:\n    pre (for premises)\n    conclusion (for the conclusion)\n    a comma-separated list of line numbers indicating the formula(s) used to derive the current line (e.g. '1', '3', '1,3')\n\n### BRANCHING FORMAT \nUse curly braces { and } to open and close branches. \n{ must appear immediately after the line number that opens a branch (e.g. '8.{ F A|B 3') \n} must appear at the end of the line that closes that branch (e.g. '12. @ 5,7}'). Exception: the main (initial) branch does not require a closing }, since it is not opened by {.\nBranches may be nested. But a formula may only be used at a given point if it appeared earlier in the same branch or an outer (enclosing) branch to the current branch. Formulas from closed branches or sibling branches must not be used.\n\n### SYMBOLS \nUse the following symbols for logical operations: \n & = conjunction (and), \n | = disjunction (or), \n ~ = negation (not), \n -> = implication (implies).\n\nQuantifiers symbols:  \n    Ax represents ∀x  \n    Ex represents ∃x\nSo formulas with ∀x and ∃x will be represented by Ax and Ex (A and E followed by the variable x). For example, Ax (H(x)->M(x)) represents ∀x (H(x)→M(x)).\n\n###CONVENTIONS\nAtoms: only uppercase letters not immediately followed by parentesis (e.g. P, Q, R).\nPredicates: uppercase letters immediately followed by parentesis (e.g. H(x), M(y), Q(a,b) ). All predicates must use parentheses.\nVariables: first letter in lowercase, can be followed by letters and numbers (e.g., x, x0, xP0).\n\nWrite only the final proof in <proof>...</proof> tags. Only use <proof>...</proof> tags ONCE. Omit names of the rules. Only use these symbols inside the proof '&' , '->', '~', '|', '@', '(', ')', '{', '}', 'Ax', 'Ex'.\nDo not include explanations, commentary, or extra text inside and outside the <proof>...</proof> tags.\n""}, {'role': 'user', 'content': ""Prove 'Ex P(x), Ax (P(x)->Q(x)) |- Ex Q(x)', using the analytical tableau method. Final answer using the notation described. ""}, {'role': 'assistant', 'content': ' <proof>\n                        1. T Ex P(x) pre\n                        2. T Ax (P(x)->Q(x)) pre\n                        3. F Ex Q(x) conclusion\n                        4. T P(a) 1 \n                        5. T (P(a)->Q(a)) 2 \n                        6. F Q(a) 3 \n                        7.{ F P(a) 5 \n                        8. @ 4,7}    \n                        9.{ T Q(a) 5 \n                        10. @ 6,9}   \n                    </proof>'}, {'role': 'user', 'content': ""Prove 'Ax (P(x)|P(x)) |- Ax P(x)', using the analytical tableau method. Final answer using the notation described.""}, {'role': 'assistant', 'content': ' <proof>\n                            1. T Ax (P(x)|P(x)) pre \n                            2. F Ax P(x) conclusion\n                            3. F P(a) 2          \n                            4. T (P(a)|P(a)) 1   \n                            5.{ T P(a) 4         \n                            6. @ 3,5}            \n                            7.{ T P(a) 4         \n                            8. @ 3,7}            \n                        </proof>'}, {'role': 'user', 'content': ""Prove'|- ~Ex ~B(x)->Ax B(x)' using the analytical tableau method. Only one final answer, surrounded by <proof>...</proof>, using the notation described.""}]","1. F ~Ex ~B(x) -> Ax B(x) conclusion
2. T ~Ex ~B(x) 1
3. F Ax B(x) 1
4. T Ex ~B(x) 2
5. T ~B(a) 4
6. F B(a) 3
7. @ 5,6","1. F ~Ex ~B(x) -> Ax B(x) conclusion
2. T ~Ex ~B(x) 1
3. F Ax B(x) 1
4. T Ex ~B(x) 2
5. T ~B(a) 4
6. F B(a) 3
7. @ 5,6","The following errors were found:

Error in line 4:
4. T Ex ~B(x) 2
   ^, The truth value should be F for this rule.
Error in line 6:
6. F B(a) 3
     ^, The variable used in this formula B(a) is not a new variable and therefore cannot be used in this rule.
Error in line 7:
7. @ 5,6
     ^, None of the formulas referenced by the lines contradict the other formula.",2.0337133407592773,stop,1085,91
|- Ex B(x)->~Ax ~B(x),"[{'role': 'system', 'content': ""\nYou are an expert in logic using the semantic Tableaux method. \nYou will receive a first order logic formula and must prove its validity using the semantic tableau method, represent the proof in a Fitch-like notation, following these formatting instructions:\n\n### FORMAT OF PROOF LINES: \nExpanding proof line must be structured like: '<line_number>. <T_or_F> <formula> <origin>'\n- <line_number>: sequential integer, always ending with a dot ('1.', '2.', '3.', ...)\n- <T_or_F> → T for true formulas, F for false formulas. \n- <formula>: the formula derived on that line\n- <origin> is exactly one of:\n    pre (for premises)\n    conclusion (for the conclusion)\n    a comma-separated list of line numbers indicating the formula(s) used to derive the current line (e.g. '1', '3', '1,3')\n\n### BRANCHING FORMAT \nUse curly braces { and } to open and close branches. \n{ must appear immediately after the line number that opens a branch (e.g. '8.{ F A|B 3') \n} must appear at the end of the line that closes that branch (e.g. '12. @ 5,7}'). Exception: the main (initial) branch does not require a closing }, since it is not opened by {.\nBranches may be nested. But a formula may only be used at a given point if it appeared earlier in the same branch or an outer (enclosing) branch to the current branch. Formulas from closed branches or sibling branches must not be used.\n\n### SYMBOLS \nUse the following symbols for logical operations: \n & = conjunction (and), \n | = disjunction (or), \n ~ = negation (not), \n -> = implication (implies).\n\nQuantifiers symbols:  \n    Ax represents ∀x  \n    Ex represents ∃x\nSo formulas with ∀x and ∃x will be represented by Ax and Ex (A and E followed by the variable x). For example, Ax (H(x)->M(x)) represents ∀x (H(x)→M(x)).\n\n###CONVENTIONS\nAtoms: only uppercase letters not immediately followed by parentesis (e.g. P, Q, R).\nPredicates: uppercase letters immediately followed by parentesis (e.g. H(x), M(y), Q(a,b) ). All predicates must use parentheses.\nVariables: first letter in lowercase, can be followed by letters and numbers (e.g., x, x0, xP0).\n\nWrite only the final proof in <proof>...</proof> tags. Only use <proof>...</proof> tags ONCE. Omit names of the rules. Only use these symbols inside the proof '&' , '->', '~', '|', '@', '(', ')', '{', '}', 'Ax', 'Ex'.\nDo not include explanations, commentary, or extra text inside and outside the <proof>...</proof> tags.\n""}, {'role': 'user', 'content': ""Prove 'Ex P(x), Ax (P(x)->Q(x)) |- Ex Q(x)', using the analytical tableau method. Final answer using the notation described. ""}, {'role': 'assistant', 'content': ' <proof>\n                        1. T Ex P(x) pre\n                        2. T Ax (P(x)->Q(x)) pre\n                        3. F Ex Q(x) conclusion\n                        4. T P(a) 1 \n                        5. T (P(a)->Q(a)) 2 \n                        6. F Q(a) 3 \n                        7.{ F P(a) 5 \n                        8. @ 4,7}    \n                        9.{ T Q(a) 5 \n                        10. @ 6,9}   \n                    </proof>'}, {'role': 'user', 'content': ""Prove 'Ax (P(x)|P(x)) |- Ax P(x)', using the analytical tableau method. Final answer using the notation described.""}, {'role': 'assistant', 'content': ' <proof>\n                            1. T Ax (P(x)|P(x)) pre \n                            2. F Ax P(x) conclusion\n                            3. F P(a) 2          \n                            4. T (P(a)|P(a)) 1   \n                            5.{ T P(a) 4         \n                            6. @ 3,5}            \n                            7.{ T P(a) 4         \n                            8. @ 3,7}            \n                        </proof>'}, {'role': 'user', 'content': ""Prove'|- Ex B(x)->~Ax ~B(x)' using the analytical tableau method. Only one final answer, surrounded by <proof>...</proof>, using the notation described.""}]","1. F Ex B(x) -> ~Ax ~B(x) conclusion
2. T Ex B(x) 1
3. F ~Ax ~B(x) 1
4. T Ax ~B(x) 3
5. T B(a) 2
6. T ~B(a) 4
7. @ 5,6","1. F Ex B(x) -> ~Ax ~B(x) conclusion
2. T Ex B(x) 1
3. F ~Ax ~B(x) 1
4. T Ax ~B(x) 3
5. T B(a) 2
6. T ~B(a) 4
7. @ 5,6","The following errors were found:

Error in line 7:
7. @ 5,6
     ^, None of the formulas referenced by the lines contradict the other formula.",2.2903499603271484,stop,1085,91
Ex (B(x)&~C(x)) |- ~Ax (B(x)->C(x)),"[{'role': 'system', 'content': ""\nYou are an expert in logic using the semantic Tableaux method. \nYou will receive a first order logic formula and must prove its validity using the semantic tableau method, represent the proof in a Fitch-like notation, following these formatting instructions:\n\n### FORMAT OF PROOF LINES: \nExpanding proof line must be structured like: '<line_number>. <T_or_F> <formula> <origin>'\n- <line_number>: sequential integer, always ending with a dot ('1.', '2.', '3.', ...)\n- <T_or_F> → T for true formulas, F for false formulas. \n- <formula>: the formula derived on that line\n- <origin> is exactly one of:\n    pre (for premises)\n    conclusion (for the conclusion)\n    a comma-separated list of line numbers indicating the formula(s) used to derive the current line (e.g. '1', '3', '1,3')\n\n### BRANCHING FORMAT \nUse curly braces { and } to open and close branches. \n{ must appear immediately after the line number that opens a branch (e.g. '8.{ F A|B 3') \n} must appear at the end of the line that closes that branch (e.g. '12. @ 5,7}'). Exception: the main (initial) branch does not require a closing }, since it is not opened by {.\nBranches may be nested. But a formula may only be used at a given point if it appeared earlier in the same branch or an outer (enclosing) branch to the current branch. Formulas from closed branches or sibling branches must not be used.\n\n### SYMBOLS \nUse the following symbols for logical operations: \n & = conjunction (and), \n | = disjunction (or), \n ~ = negation (not), \n -> = implication (implies).\n\nQuantifiers symbols:  \n    Ax represents ∀x  \n    Ex represents ∃x\nSo formulas with ∀x and ∃x will be represented by Ax and Ex (A and E followed by the variable x). For example, Ax (H(x)->M(x)) represents ∀x (H(x)→M(x)).\n\n###CONVENTIONS\nAtoms: only uppercase letters not immediately followed by parentesis (e.g. P, Q, R).\nPredicates: uppercase letters immediately followed by parentesis (e.g. H(x), M(y), Q(a,b) ). All predicates must use parentheses.\nVariables: first letter in lowercase, can be followed by letters and numbers (e.g., x, x0, xP0).\n\nWrite only the final proof in <proof>...</proof> tags. Only use <proof>...</proof> tags ONCE. Omit names of the rules. Only use these symbols inside the proof '&' , '->', '~', '|', '@', '(', ')', '{', '}', 'Ax', 'Ex'.\nDo not include explanations, commentary, or extra text inside and outside the <proof>...</proof> tags.\n""}, {'role': 'user', 'content': ""Prove 'Ex P(x), Ax (P(x)->Q(x)) |- Ex Q(x)', using the analytical tableau method. Final answer using the notation described. ""}, {'role': 'assistant', 'content': ' <proof>\n                        1. T Ex P(x) pre\n                        2. T Ax (P(x)->Q(x)) pre\n                        3. F Ex Q(x) conclusion\n                        4. T P(a) 1 \n                        5. T (P(a)->Q(a)) 2 \n                        6. F Q(a) 3 \n                        7.{ F P(a) 5 \n                        8. @ 4,7}    \n                        9.{ T Q(a) 5 \n                        10. @ 6,9}   \n                    </proof>'}, {'role': 'user', 'content': ""Prove 'Ax (P(x)|P(x)) |- Ax P(x)', using the analytical tableau method. Final answer using the notation described.""}, {'role': 'assistant', 'content': ' <proof>\n                            1. T Ax (P(x)|P(x)) pre \n                            2. F Ax P(x) conclusion\n                            3. F P(a) 2          \n                            4. T (P(a)|P(a)) 1   \n                            5.{ T P(a) 4         \n                            6. @ 3,5}            \n                            7.{ T P(a) 4         \n                            8. @ 3,7}            \n                        </proof>'}, {'role': 'user', 'content': ""Prove'Ex (B(x)&~C(x)) |- ~Ax (B(x)->C(x))' using the analytical tableau method. Only one final answer, surrounded by <proof>...</proof>, using the notation described.""}]","1. T Ex (B(x)&~C(x)) pre
2. F Ax (B(x)->C(x)) conclusion
3. T (B(a)&~C(a)) 1
4. T B(a) 3
5. T ~C(a) 3
6. T (B(a)->C(a)) 2
7.{ F B(a) 6
8. @ 4,7}
9.{ F C(a) 6
10. @ 5,9}
11. @ 4,5}","1. T Ex (B(x)&~C(x)) pre
2. F Ax (B(x)->C(x)) conclusion
3. T (B(a)&~C(a)) 1
4. T B(a) 3
5. T ~C(a) 3
6. T (B(a)->C(a)) 2
7.{ F B(a) 6
8. @ 4,7}
9.{ F C(a) 6
10. @ 5,9}
11. @ 4,5}","The following errors were found:

Error in line 6:
6. T (B(a)->C(a)) 2
   ^, The truth value should be F for this rule.
Error in line 11:
11. @ 4,5}
         ^, Closing branches without an open branch.
Error in line 6:
6. T (B(a)->C(a)) 2
                  ^, Formula referenced in line 2 is not a universal formula with truth-value T.
Error in line 7:
7.{ F B(a) 6
^, A beta rule must have exactly two branches.
Error in line 9:
9.{ F C(a) 6
    ^, Formula C(a) (conclusion of the rule) must be the consequent of the implication of the referenced formula with truth-value T.
Error in line 9:
9.{ F C(a) 6
^, A beta rule must have exactly two branches.
Error in line 10:
10. @ 5,9}
      ^, None of the formulas referenced by the lines contradict the other formula.
Error in line 11:
11. @ 4,5}
      ^, None of the formulas referenced by the lines contradict the other formula.",3.040038824081421,stop,1096,140
"|- Ax Ay B(x,y)->Ay Ax B(x,y)","[{'role': 'system', 'content': ""\nYou are an expert in logic using the semantic Tableaux method. \nYou will receive a first order logic formula and must prove its validity using the semantic tableau method, represent the proof in a Fitch-like notation, following these formatting instructions:\n\n### FORMAT OF PROOF LINES: \nExpanding proof line must be structured like: '<line_number>. <T_or_F> <formula> <origin>'\n- <line_number>: sequential integer, always ending with a dot ('1.', '2.', '3.', ...)\n- <T_or_F> → T for true formulas, F for false formulas. \n- <formula>: the formula derived on that line\n- <origin> is exactly one of:\n    pre (for premises)\n    conclusion (for the conclusion)\n    a comma-separated list of line numbers indicating the formula(s) used to derive the current line (e.g. '1', '3', '1,3')\n\n### BRANCHING FORMAT \nUse curly braces { and } to open and close branches. \n{ must appear immediately after the line number that opens a branch (e.g. '8.{ F A|B 3') \n} must appear at the end of the line that closes that branch (e.g. '12. @ 5,7}'). Exception: the main (initial) branch does not require a closing }, since it is not opened by {.\nBranches may be nested. But a formula may only be used at a given point if it appeared earlier in the same branch or an outer (enclosing) branch to the current branch. Formulas from closed branches or sibling branches must not be used.\n\n### SYMBOLS \nUse the following symbols for logical operations: \n & = conjunction (and), \n | = disjunction (or), \n ~ = negation (not), \n -> = implication (implies).\n\nQuantifiers symbols:  \n    Ax represents ∀x  \n    Ex represents ∃x\nSo formulas with ∀x and ∃x will be represented by Ax and Ex (A and E followed by the variable x). For example, Ax (H(x)->M(x)) represents ∀x (H(x)→M(x)).\n\n###CONVENTIONS\nAtoms: only uppercase letters not immediately followed by parentesis (e.g. P, Q, R).\nPredicates: uppercase letters immediately followed by parentesis (e.g. H(x), M(y), Q(a,b) ). All predicates must use parentheses.\nVariables: first letter in lowercase, can be followed by letters and numbers (e.g., x, x0, xP0).\n\nWrite only the final proof in <proof>...</proof> tags. Only use <proof>...</proof> tags ONCE. Omit names of the rules. Only use these symbols inside the proof '&' , '->', '~', '|', '@', '(', ')', '{', '}', 'Ax', 'Ex'.\nDo not include explanations, commentary, or extra text inside and outside the <proof>...</proof> tags.\n""}, {'role': 'user', 'content': ""Prove 'Ex P(x), Ax (P(x)->Q(x)) |- Ex Q(x)', using the analytical tableau method. Final answer using the notation described. ""}, {'role': 'assistant', 'content': ' <proof>\n                        1. T Ex P(x) pre\n                        2. T Ax (P(x)->Q(x)) pre\n                        3. F Ex Q(x) conclusion\n                        4. T P(a) 1 \n                        5. T (P(a)->Q(a)) 2 \n                        6. F Q(a) 3 \n                        7.{ F P(a) 5 \n                        8. @ 4,7}    \n                        9.{ T Q(a) 5 \n                        10. @ 6,9}   \n                    </proof>'}, {'role': 'user', 'content': ""Prove 'Ax (P(x)|P(x)) |- Ax P(x)', using the analytical tableau method. Final answer using the notation described.""}, {'role': 'assistant', 'content': ' <proof>\n                            1. T Ax (P(x)|P(x)) pre \n                            2. F Ax P(x) conclusion\n                            3. F P(a) 2          \n                            4. T (P(a)|P(a)) 1   \n                            5.{ T P(a) 4         \n                            6. @ 3,5}            \n                            7.{ T P(a) 4         \n                            8. @ 3,7}            \n                        </proof>'}, {'role': 'user', 'content': ""Prove'|- Ax Ay B(x,y)->Ay Ax B(x,y)' using the analytical tableau method. Only one final answer, surrounded by <proof>...</proof>, using the notation described.""}]","1. F Ax Ay B(x,y)->Ay Ax B(x,y) conclusion
2. T Ax Ay B(x,y) 1
3. F Ay Ax B(x,y) 1
4. T Ay B(a,y) 2
5. F Ax B(x,y) 3
6. T B(b,y) 5
7. T B(a,y) 4
8. { F B(a,y) 7
9. @ 6,8}
10. { F B(b,y) 6
11. @ 7,10}
12. @ 4,5}","1. F Ax Ay B(x,y)->Ay Ax B(x,y) conclusion
2. T Ax Ay B(x,y) 1
3. F Ay Ax B(x,y) 1
4. T Ay B(a,y) 2
5. F Ax B(x,y) 3
6. T B(b,y) 5
7. T B(a,y) 4
8. { F B(a,y) 7
9. @ 6,8}
10. { F B(b,y) 6
11. @ 7,10}
12. @ 4,5}","The following errors were found:

Error in line 6:
6. T B(b,y) 5
   ^, The truth value should be F for this rule.
Error in line 8:
8. { F B(a,y) 7
              ^, Cannot apply rule to an atom or predicate.
Error in line 9:
9. @ 6,8}
        ^, Closing branches without an open branch.
Error in line 10:
10. { F B(b,y) 6
               ^, Cannot apply rule to an atom or predicate.
Error in line 11:
11. @ 7,10}
          ^, Closing branches without an open branch.
Error in line 12:
12. @ 4,5}
         ^, Closing branches without an open branch.
Error in line 6:
6. T B(b,y) 5
            ^, Formula referenced in line 5 is not a universal formula with truth-value T.
Error in line 9:
9. @ 6,8}
     ^, None of the formulas referenced by the lines contradict the other formula.
Error in line 11:
11. @ 7,10}
      ^, None of the formulas referenced by the lines contradict the other formula.
Error in line 12:
12. @ 4,5}
      ^, None of the formulas referenced by the lines contradict the other formula.",3.485532522201538,stop,1089,164
|- Ax (B->C(x))->(B->Ax C(x)),"[{'role': 'system', 'content': ""\nYou are an expert in logic using the semantic Tableaux method. \nYou will receive a first order logic formula and must prove its validity using the semantic tableau method, represent the proof in a Fitch-like notation, following these formatting instructions:\n\n### FORMAT OF PROOF LINES: \nExpanding proof line must be structured like: '<line_number>. <T_or_F> <formula> <origin>'\n- <line_number>: sequential integer, always ending with a dot ('1.', '2.', '3.', ...)\n- <T_or_F> → T for true formulas, F for false formulas. \n- <formula>: the formula derived on that line\n- <origin> is exactly one of:\n    pre (for premises)\n    conclusion (for the conclusion)\n    a comma-separated list of line numbers indicating the formula(s) used to derive the current line (e.g. '1', '3', '1,3')\n\n### BRANCHING FORMAT \nUse curly braces { and } to open and close branches. \n{ must appear immediately after the line number that opens a branch (e.g. '8.{ F A|B 3') \n} must appear at the end of the line that closes that branch (e.g. '12. @ 5,7}'). Exception: the main (initial) branch does not require a closing }, since it is not opened by {.\nBranches may be nested. But a formula may only be used at a given point if it appeared earlier in the same branch or an outer (enclosing) branch to the current branch. Formulas from closed branches or sibling branches must not be used.\n\n### SYMBOLS \nUse the following symbols for logical operations: \n & = conjunction (and), \n | = disjunction (or), \n ~ = negation (not), \n -> = implication (implies).\n\nQuantifiers symbols:  \n    Ax represents ∀x  \n    Ex represents ∃x\nSo formulas with ∀x and ∃x will be represented by Ax and Ex (A and E followed by the variable x). For example, Ax (H(x)->M(x)) represents ∀x (H(x)→M(x)).\n\n###CONVENTIONS\nAtoms: only uppercase letters not immediately followed by parentesis (e.g. P, Q, R).\nPredicates: uppercase letters immediately followed by parentesis (e.g. H(x), M(y), Q(a,b) ). All predicates must use parentheses.\nVariables: first letter in lowercase, can be followed by letters and numbers (e.g., x, x0, xP0).\n\nWrite only the final proof in <proof>...</proof> tags. Only use <proof>...</proof> tags ONCE. Omit names of the rules. Only use these symbols inside the proof '&' , '->', '~', '|', '@', '(', ')', '{', '}', 'Ax', 'Ex'.\nDo not include explanations, commentary, or extra text inside and outside the <proof>...</proof> tags.\n""}, {'role': 'user', 'content': ""Prove 'Ex P(x), Ax (P(x)->Q(x)) |- Ex Q(x)', using the analytical tableau method. Final answer using the notation described. ""}, {'role': 'assistant', 'content': ' <proof>\n                        1. T Ex P(x) pre\n                        2. T Ax (P(x)->Q(x)) pre\n                        3. F Ex Q(x) conclusion\n                        4. T P(a) 1 \n                        5. T (P(a)->Q(a)) 2 \n                        6. F Q(a) 3 \n                        7.{ F P(a) 5 \n                        8. @ 4,7}    \n                        9.{ T Q(a) 5 \n                        10. @ 6,9}   \n                    </proof>'}, {'role': 'user', 'content': ""Prove 'Ax (P(x)|P(x)) |- Ax P(x)', using the analytical tableau method. Final answer using the notation described.""}, {'role': 'assistant', 'content': ' <proof>\n                            1. T Ax (P(x)|P(x)) pre \n                            2. F Ax P(x) conclusion\n                            3. F P(a) 2          \n                            4. T (P(a)|P(a)) 1   \n                            5.{ T P(a) 4         \n                            6. @ 3,5}            \n                            7.{ T P(a) 4         \n                            8. @ 3,7}            \n                        </proof>'}, {'role': 'user', 'content': ""Prove'|- Ax (B->C(x))->(B->Ax C(x))' using the analytical tableau method. Only one final answer, surrounded by <proof>...</proof>, using the notation described.""}]","1. F ~Ax (B->C(x)) -> (B->Ax C(x)) conclusion
2. T Ax (B->C(x)) 1
3. F B 1
4. F Ax C(x) 1
5. T (B->C(a)) 2
6. F C(b) 4
7. { F B 5
8. @ 3,7}
9. { T C(a) 5
10. @ 6,9}
11. { F C(b) 4
12. @ 6,11}
13. { T C(b) 4
14. @ 6,13}
15. @ 5,14}
16. @ 2,15}","1. F ~Ax (B->C(x)) -> (B->Ax C(x)) conclusion
2. T Ax (B->C(x)) 1
3. F B 1
4. F Ax C(x) 1
5. T (B->C(a)) 2
6. F C(b) 4
7. { F B 5
8. @ 3,7}
9. { T C(a) 5
10. @ 6,9}
11. { F C(b) 4
12. @ 6,11}
13. { T C(b) 4
14. @ 6,13}
15. @ 5,14}
16. @ 2,15}","The following errors were found:

Error in line 11:
11. { F C(b) 4
             ^, The rule must be a alpha-rule.
Error in line 13:
13. { T C(b) 4
             ^, The rule must be a alpha-rule.
Error in line 15:
15. @ 5,14}
          ^, Closing branches without an open branch.
Error in line 16:
16. @ 2,15}
          ^, Closing branches without an open branch.
Error in line 2:
2. T Ax (B->C(x)) 1
^, Formula Ax (B->C(x)) (conclusion of the rule) must be the antecedent of the implication of the referenced formula with truth-value F.
Error in line 3:
3. F B 1
   ^, Formula B (conclusion of the rule) must be the consequent of the implication of the referenced formula with truth-value T.
Error in line 4:
4. F Ax C(x) 1
   ^, Formula Ax C(x) (conclusion of the rule) must be the consequent of the implication of the referenced formula with truth-value T.
Error in line 4:
4. F Ax C(x) 1
             ^, The reference rule on the 4 line can only be used once in this branch.
Error in line 7:
7. { F B 5
^, A beta rule must have exactly two branches.
Error in line 8:
8. @ 3,7}
     ^, None of the formulas referenced by the lines contradict the other formula.
Error in line 9:
9. { T C(a) 5
^, A beta rule must have exactly two branches.
Error in line 10:
10. @ 6,9}
      ^, None of the formulas referenced by the lines contradict the other formula.
Error in line 11:
11. { F C(b) 4
        ^, The variable used in this formula C(b) is not a new variable and therefore cannot be used in this rule.
Error in line 12:
12. @ 6,11}
      ^, None of the formulas referenced by the lines contradict the other formula.
Error in line 13:
13. { T C(b) 4
             ^, Formula referenced in line 4 is not a universal formula with truth-value T.
Error in line 15:
15. @ 5,14}
        ^, The reference to the line formula 14 cannot be used, as this formula does not belong to this branch.
Error in line 16:
16. @ 2,15}
      ^, None of the formulas referenced by the lines contradict the other formula.",4.221621513366699,stop,1090,192
"Ax ~(B(x)&~C(x)), Ax B(x) |- Ax C(x)","[{'role': 'system', 'content': ""\nYou are an expert in logic using the semantic Tableaux method. \nYou will receive a first order logic formula and must prove its validity using the semantic tableau method, represent the proof in a Fitch-like notation, following these formatting instructions:\n\n### FORMAT OF PROOF LINES: \nExpanding proof line must be structured like: '<line_number>. <T_or_F> <formula> <origin>'\n- <line_number>: sequential integer, always ending with a dot ('1.', '2.', '3.', ...)\n- <T_or_F> → T for true formulas, F for false formulas. \n- <formula>: the formula derived on that line\n- <origin> is exactly one of:\n    pre (for premises)\n    conclusion (for the conclusion)\n    a comma-separated list of line numbers indicating the formula(s) used to derive the current line (e.g. '1', '3', '1,3')\n\n### BRANCHING FORMAT \nUse curly braces { and } to open and close branches. \n{ must appear immediately after the line number that opens a branch (e.g. '8.{ F A|B 3') \n} must appear at the end of the line that closes that branch (e.g. '12. @ 5,7}'). Exception: the main (initial) branch does not require a closing }, since it is not opened by {.\nBranches may be nested. But a formula may only be used at a given point if it appeared earlier in the same branch or an outer (enclosing) branch to the current branch. Formulas from closed branches or sibling branches must not be used.\n\n### SYMBOLS \nUse the following symbols for logical operations: \n & = conjunction (and), \n | = disjunction (or), \n ~ = negation (not), \n -> = implication (implies).\n\nQuantifiers symbols:  \n    Ax represents ∀x  \n    Ex represents ∃x\nSo formulas with ∀x and ∃x will be represented by Ax and Ex (A and E followed by the variable x). For example, Ax (H(x)->M(x)) represents ∀x (H(x)→M(x)).\n\n###CONVENTIONS\nAtoms: only uppercase letters not immediately followed by parentesis (e.g. P, Q, R).\nPredicates: uppercase letters immediately followed by parentesis (e.g. H(x), M(y), Q(a,b) ). All predicates must use parentheses.\nVariables: first letter in lowercase, can be followed by letters and numbers (e.g., x, x0, xP0).\n\nWrite only the final proof in <proof>...</proof> tags. Only use <proof>...</proof> tags ONCE. Omit names of the rules. Only use these symbols inside the proof '&' , '->', '~', '|', '@', '(', ')', '{', '}', 'Ax', 'Ex'.\nDo not include explanations, commentary, or extra text inside and outside the <proof>...</proof> tags.\n""}, {'role': 'user', 'content': ""Prove 'Ex P(x), Ax (P(x)->Q(x)) |- Ex Q(x)', using the analytical tableau method. Final answer using the notation described. ""}, {'role': 'assistant', 'content': ' <proof>\n                        1. T Ex P(x) pre\n                        2. T Ax (P(x)->Q(x)) pre\n                        3. F Ex Q(x) conclusion\n                        4. T P(a) 1 \n                        5. T (P(a)->Q(a)) 2 \n                        6. F Q(a) 3 \n                        7.{ F P(a) 5 \n                        8. @ 4,7}    \n                        9.{ T Q(a) 5 \n                        10. @ 6,9}   \n                    </proof>'}, {'role': 'user', 'content': ""Prove 'Ax (P(x)|P(x)) |- Ax P(x)', using the analytical tableau method. Final answer using the notation described.""}, {'role': 'assistant', 'content': ' <proof>\n                            1. T Ax (P(x)|P(x)) pre \n                            2. F Ax P(x) conclusion\n                            3. F P(a) 2          \n                            4. T (P(a)|P(a)) 1   \n                            5.{ T P(a) 4         \n                            6. @ 3,5}            \n                            7.{ T P(a) 4         \n                            8. @ 3,7}            \n                        </proof>'}, {'role': 'user', 'content': ""Prove'Ax ~(B(x)&~C(x)), Ax B(x) |- Ax C(x)' using the analytical tableau method. Only one final answer, surrounded by <proof>...</proof>, using the notation described.""}]","1. T Ax ~(B(x)&~C(x)) pre
2. T Ax B(x) pre
3. F Ax C(x) conclusion
4. T ~(B(a)&~C(a)) 1
5. T B(a) 2
6. F C(b) 3
7. T B(b) 2
8. { F (B(a)&~C(a)) 4
9. { F B(a) 8
10. @ 5,9}
11. { F ~C(a) 8
12. { T C(a) 11
13. @ 6,12}
14. { F B(b)&~C(b) 4
15. { F B(b) 14
16. @ 7,15}
17. { F ~C(b) 14
18. { T C(b) 17
19. @ 6,18}
20. @ 4,7,14}","1. T Ax ~(B(x)&~C(x)) pre
2. T Ax B(x) pre
3. F Ax C(x) conclusion
4. T ~(B(a)&~C(a)) 1
5. T B(a) 2
6. F C(b) 3
7. T B(b) 2
8. { F (B(a)&~C(a)) 4
9. { F B(a) 8
10. @ 5,9}
11. { F ~C(a) 8
12. { T C(a) 11
13. @ 6,12}
14. { F B(b)&~C(b) 4
15. { F B(b) 14
16. @ 7,15}
17. { F ~C(b) 14
18. { T C(b) 17
19. @ 6,18}
20. @ 4,7,14}","The following errors were found:

One of definitions are not completed. Please, check whether all rules are correctly written.
Recall that a rule of inference starts with a numeber, followed by . (reference line), the truth value of the formula (T or F), has a formula and the justification (premise, conclusion or one of the inference rules with its formula references).Sintax error:
20. @ 4,7,14}
         ^
",5.285699129104614,stop,1094,257
|- ~Ax B(x)->Ex ~B(x),"[{'role': 'system', 'content': ""\nYou are an expert in logic using the semantic Tableaux method. \nYou will receive a first order logic formula and must prove its validity using the semantic tableau method, represent the proof in a Fitch-like notation, following these formatting instructions:\n\n### FORMAT OF PROOF LINES: \nExpanding proof line must be structured like: '<line_number>. <T_or_F> <formula> <origin>'\n- <line_number>: sequential integer, always ending with a dot ('1.', '2.', '3.', ...)\n- <T_or_F> → T for true formulas, F for false formulas. \n- <formula>: the formula derived on that line\n- <origin> is exactly one of:\n    pre (for premises)\n    conclusion (for the conclusion)\n    a comma-separated list of line numbers indicating the formula(s) used to derive the current line (e.g. '1', '3', '1,3')\n\n### BRANCHING FORMAT \nUse curly braces { and } to open and close branches. \n{ must appear immediately after the line number that opens a branch (e.g. '8.{ F A|B 3') \n} must appear at the end of the line that closes that branch (e.g. '12. @ 5,7}'). Exception: the main (initial) branch does not require a closing }, since it is not opened by {.\nBranches may be nested. But a formula may only be used at a given point if it appeared earlier in the same branch or an outer (enclosing) branch to the current branch. Formulas from closed branches or sibling branches must not be used.\n\n### SYMBOLS \nUse the following symbols for logical operations: \n & = conjunction (and), \n | = disjunction (or), \n ~ = negation (not), \n -> = implication (implies).\n\nQuantifiers symbols:  \n    Ax represents ∀x  \n    Ex represents ∃x\nSo formulas with ∀x and ∃x will be represented by Ax and Ex (A and E followed by the variable x). For example, Ax (H(x)->M(x)) represents ∀x (H(x)→M(x)).\n\n###CONVENTIONS\nAtoms: only uppercase letters not immediately followed by parentesis (e.g. P, Q, R).\nPredicates: uppercase letters immediately followed by parentesis (e.g. H(x), M(y), Q(a,b) ). All predicates must use parentheses.\nVariables: first letter in lowercase, can be followed by letters and numbers (e.g., x, x0, xP0).\n\nWrite only the final proof in <proof>...</proof> tags. Only use <proof>...</proof> tags ONCE. Omit names of the rules. Only use these symbols inside the proof '&' , '->', '~', '|', '@', '(', ')', '{', '}', 'Ax', 'Ex'.\nDo not include explanations, commentary, or extra text inside and outside the <proof>...</proof> tags.\n""}, {'role': 'user', 'content': ""Prove 'Ex P(x), Ax (P(x)->Q(x)) |- Ex Q(x)', using the analytical tableau method. Final answer using the notation described. ""}, {'role': 'assistant', 'content': ' <proof>\n                        1. T Ex P(x) pre\n                        2. T Ax (P(x)->Q(x)) pre\n                        3. F Ex Q(x) conclusion\n                        4. T P(a) 1 \n                        5. T (P(a)->Q(a)) 2 \n                        6. F Q(a) 3 \n                        7.{ F P(a) 5 \n                        8. @ 4,7}    \n                        9.{ T Q(a) 5 \n                        10. @ 6,9}   \n                    </proof>'}, {'role': 'user', 'content': ""Prove 'Ax (P(x)|P(x)) |- Ax P(x)', using the analytical tableau method. Final answer using the notation described.""}, {'role': 'assistant', 'content': ' <proof>\n                            1. T Ax (P(x)|P(x)) pre \n                            2. F Ax P(x) conclusion\n                            3. F P(a) 2          \n                            4. T (P(a)|P(a)) 1   \n                            5.{ T P(a) 4         \n                            6. @ 3,5}            \n                            7.{ T P(a) 4         \n                            8. @ 3,7}            \n                        </proof>'}, {'role': 'user', 'content': ""Prove'|- ~Ax B(x)->Ex ~B(x)' using the analytical tableau method. Only one final answer, surrounded by <proof>...</proof>, using the notation described.""}]","1. F ~Ax B(x) -> Ex ~B(x) conclusion
2. T ~Ax B(x) 1
3. F Ex ~B(x) 1
4. T Ax B(x) 2
5. F ~B(a) 3
6. T B(a) 5
7. T B(a) 4
8. @ 6,7","1. F ~Ax B(x) -> Ex ~B(x) conclusion
2. T ~Ax B(x) 1
3. F Ex ~B(x) 1
4. T Ax B(x) 2
5. F ~B(a) 3
6. T B(a) 5
7. T B(a) 4
8. @ 6,7","The following errors were found:

Error in line 4:
4. T Ax B(x) 2
   ^, The truth value should be F for this rule.
Error in line 8:
8. @ 6,7
     ^, None of the formulas referenced by the lines contradict the other formula.",2.192469596862793,stop,1085,100
|- Ex ~B(x)->~Ax B(x),"[{'role': 'system', 'content': ""\nYou are an expert in logic using the semantic Tableaux method. \nYou will receive a first order logic formula and must prove its validity using the semantic tableau method, represent the proof in a Fitch-like notation, following these formatting instructions:\n\n### FORMAT OF PROOF LINES: \nExpanding proof line must be structured like: '<line_number>. <T_or_F> <formula> <origin>'\n- <line_number>: sequential integer, always ending with a dot ('1.', '2.', '3.', ...)\n- <T_or_F> → T for true formulas, F for false formulas. \n- <formula>: the formula derived on that line\n- <origin> is exactly one of:\n    pre (for premises)\n    conclusion (for the conclusion)\n    a comma-separated list of line numbers indicating the formula(s) used to derive the current line (e.g. '1', '3', '1,3')\n\n### BRANCHING FORMAT \nUse curly braces { and } to open and close branches. \n{ must appear immediately after the line number that opens a branch (e.g. '8.{ F A|B 3') \n} must appear at the end of the line that closes that branch (e.g. '12. @ 5,7}'). Exception: the main (initial) branch does not require a closing }, since it is not opened by {.\nBranches may be nested. But a formula may only be used at a given point if it appeared earlier in the same branch or an outer (enclosing) branch to the current branch. Formulas from closed branches or sibling branches must not be used.\n\n### SYMBOLS \nUse the following symbols for logical operations: \n & = conjunction (and), \n | = disjunction (or), \n ~ = negation (not), \n -> = implication (implies).\n\nQuantifiers symbols:  \n    Ax represents ∀x  \n    Ex represents ∃x\nSo formulas with ∀x and ∃x will be represented by Ax and Ex (A and E followed by the variable x). For example, Ax (H(x)->M(x)) represents ∀x (H(x)→M(x)).\n\n###CONVENTIONS\nAtoms: only uppercase letters not immediately followed by parentesis (e.g. P, Q, R).\nPredicates: uppercase letters immediately followed by parentesis (e.g. H(x), M(y), Q(a,b) ). All predicates must use parentheses.\nVariables: first letter in lowercase, can be followed by letters and numbers (e.g., x, x0, xP0).\n\nWrite only the final proof in <proof>...</proof> tags. Only use <proof>...</proof> tags ONCE. Omit names of the rules. Only use these symbols inside the proof '&' , '->', '~', '|', '@', '(', ')', '{', '}', 'Ax', 'Ex'.\nDo not include explanations, commentary, or extra text inside and outside the <proof>...</proof> tags.\n""}, {'role': 'user', 'content': ""Prove 'Ex P(x), Ax (P(x)->Q(x)) |- Ex Q(x)', using the analytical tableau method. Final answer using the notation described. ""}, {'role': 'assistant', 'content': ' <proof>\n                        1. T Ex P(x) pre\n                        2. T Ax (P(x)->Q(x)) pre\n                        3. F Ex Q(x) conclusion\n                        4. T P(a) 1 \n                        5. T (P(a)->Q(a)) 2 \n                        6. F Q(a) 3 \n                        7.{ F P(a) 5 \n                        8. @ 4,7}    \n                        9.{ T Q(a) 5 \n                        10. @ 6,9}   \n                    </proof>'}, {'role': 'user', 'content': ""Prove 'Ax (P(x)|P(x)) |- Ax P(x)', using the analytical tableau method. Final answer using the notation described.""}, {'role': 'assistant', 'content': ' <proof>\n                            1. T Ax (P(x)|P(x)) pre \n                            2. F Ax P(x) conclusion\n                            3. F P(a) 2          \n                            4. T (P(a)|P(a)) 1   \n                            5.{ T P(a) 4         \n                            6. @ 3,5}            \n                            7.{ T P(a) 4         \n                            8. @ 3,7}            \n                        </proof>'}, {'role': 'user', 'content': ""Prove'|- Ex ~B(x)->~Ax B(x)' using the analytical tableau method. Only one final answer, surrounded by <proof>...</proof>, using the notation described.""}]","1. F ~Ex ~B(x) -> ~Ax B(x) conclusion
2. T ~Ex ~B(x) 1
3. F ~Ax B(x) 1
4. T Ex ~B(x) 2
5. T Ax B(x) 3
6. T ~B(a) 4
7. T B(a) 5
8. @ 6,7","1. F ~Ex ~B(x) -> ~Ax B(x) conclusion
2. T ~Ex ~B(x) 1
3. F ~Ax B(x) 1
4. T Ex ~B(x) 2
5. T Ax B(x) 3
6. T ~B(a) 4
7. T B(a) 5
8. @ 6,7","The following errors were found:

Error in line 4:
4. T Ex ~B(x) 2
   ^, The truth value should be F for this rule.
Error in line 8:
8. @ 6,7
     ^, None of the formulas referenced by the lines contradict the other formula.",2.5397093296051025,stop,1085,104
|- ~Ex B(x)->Ax ~B(x),"[{'role': 'system', 'content': ""\nYou are an expert in logic using the semantic Tableaux method. \nYou will receive a first order logic formula and must prove its validity using the semantic tableau method, represent the proof in a Fitch-like notation, following these formatting instructions:\n\n### FORMAT OF PROOF LINES: \nExpanding proof line must be structured like: '<line_number>. <T_or_F> <formula> <origin>'\n- <line_number>: sequential integer, always ending with a dot ('1.', '2.', '3.', ...)\n- <T_or_F> → T for true formulas, F for false formulas. \n- <formula>: the formula derived on that line\n- <origin> is exactly one of:\n    pre (for premises)\n    conclusion (for the conclusion)\n    a comma-separated list of line numbers indicating the formula(s) used to derive the current line (e.g. '1', '3', '1,3')\n\n### BRANCHING FORMAT \nUse curly braces { and } to open and close branches. \n{ must appear immediately after the line number that opens a branch (e.g. '8.{ F A|B 3') \n} must appear at the end of the line that closes that branch (e.g. '12. @ 5,7}'). Exception: the main (initial) branch does not require a closing }, since it is not opened by {.\nBranches may be nested. But a formula may only be used at a given point if it appeared earlier in the same branch or an outer (enclosing) branch to the current branch. Formulas from closed branches or sibling branches must not be used.\n\n### SYMBOLS \nUse the following symbols for logical operations: \n & = conjunction (and), \n | = disjunction (or), \n ~ = negation (not), \n -> = implication (implies).\n\nQuantifiers symbols:  \n    Ax represents ∀x  \n    Ex represents ∃x\nSo formulas with ∀x and ∃x will be represented by Ax and Ex (A and E followed by the variable x). For example, Ax (H(x)->M(x)) represents ∀x (H(x)→M(x)).\n\n###CONVENTIONS\nAtoms: only uppercase letters not immediately followed by parentesis (e.g. P, Q, R).\nPredicates: uppercase letters immediately followed by parentesis (e.g. H(x), M(y), Q(a,b) ). All predicates must use parentheses.\nVariables: first letter in lowercase, can be followed by letters and numbers (e.g., x, x0, xP0).\n\nWrite only the final proof in <proof>...</proof> tags. Only use <proof>...</proof> tags ONCE. Omit names of the rules. Only use these symbols inside the proof '&' , '->', '~', '|', '@', '(', ')', '{', '}', 'Ax', 'Ex'.\nDo not include explanations, commentary, or extra text inside and outside the <proof>...</proof> tags.\n""}, {'role': 'user', 'content': ""Prove 'Ex P(x), Ax (P(x)->Q(x)) |- Ex Q(x)', using the analytical tableau method. Final answer using the notation described. ""}, {'role': 'assistant', 'content': ' <proof>\n                        1. T Ex P(x) pre\n                        2. T Ax (P(x)->Q(x)) pre\n                        3. F Ex Q(x) conclusion\n                        4. T P(a) 1 \n                        5. T (P(a)->Q(a)) 2 \n                        6. F Q(a) 3 \n                        7.{ F P(a) 5 \n                        8. @ 4,7}    \n                        9.{ T Q(a) 5 \n                        10. @ 6,9}   \n                    </proof>'}, {'role': 'user', 'content': ""Prove 'Ax (P(x)|P(x)) |- Ax P(x)', using the analytical tableau method. Final answer using the notation described.""}, {'role': 'assistant', 'content': ' <proof>\n                            1. T Ax (P(x)|P(x)) pre \n                            2. F Ax P(x) conclusion\n                            3. F P(a) 2          \n                            4. T (P(a)|P(a)) 1   \n                            5.{ T P(a) 4         \n                            6. @ 3,5}            \n                            7.{ T P(a) 4         \n                            8. @ 3,7}            \n                        </proof>'}, {'role': 'user', 'content': ""Prove'|- ~Ex B(x)->Ax ~B(x)' using the analytical tableau method. Only one final answer, surrounded by <proof>...</proof>, using the notation described.""}]","1. F ~Ex B(x) -> Ax ~B(x) conclusion
2. T ~Ex B(x) 1
3. F Ax ~B(x) 1
4. T Ex B(x) 2
5. T B(a) 4
6. F ~B(a) 3
7. T B(a) 6
8. @ 5,7","1. F ~Ex B(x) -> Ax ~B(x) conclusion
2. T ~Ex B(x) 1
3. F Ax ~B(x) 1
4. T Ex B(x) 2
5. T B(a) 4
6. F ~B(a) 3
7. T B(a) 6
8. @ 5,7","The following errors were found:

Error in line 4:
4. T Ex B(x) 2
   ^, The truth value should be F for this rule.
Error in line 6:
6. F ~B(a) 3
     ^, The variable used in this formula ~B(a) is not a new variable and therefore cannot be used in this rule.
Error in line 8:
8. @ 5,7
     ^, None of the formulas referenced by the lines contradict the other formula.",2.614044666290283,stop,1085,100
|- Ax ~B(x)->~Ex B(x),"[{'role': 'system', 'content': ""\nYou are an expert in logic using the semantic Tableaux method. \nYou will receive a first order logic formula and must prove its validity using the semantic tableau method, represent the proof in a Fitch-like notation, following these formatting instructions:\n\n### FORMAT OF PROOF LINES: \nExpanding proof line must be structured like: '<line_number>. <T_or_F> <formula> <origin>'\n- <line_number>: sequential integer, always ending with a dot ('1.', '2.', '3.', ...)\n- <T_or_F> → T for true formulas, F for false formulas. \n- <formula>: the formula derived on that line\n- <origin> is exactly one of:\n    pre (for premises)\n    conclusion (for the conclusion)\n    a comma-separated list of line numbers indicating the formula(s) used to derive the current line (e.g. '1', '3', '1,3')\n\n### BRANCHING FORMAT \nUse curly braces { and } to open and close branches. \n{ must appear immediately after the line number that opens a branch (e.g. '8.{ F A|B 3') \n} must appear at the end of the line that closes that branch (e.g. '12. @ 5,7}'). Exception: the main (initial) branch does not require a closing }, since it is not opened by {.\nBranches may be nested. But a formula may only be used at a given point if it appeared earlier in the same branch or an outer (enclosing) branch to the current branch. Formulas from closed branches or sibling branches must not be used.\n\n### SYMBOLS \nUse the following symbols for logical operations: \n & = conjunction (and), \n | = disjunction (or), \n ~ = negation (not), \n -> = implication (implies).\n\nQuantifiers symbols:  \n    Ax represents ∀x  \n    Ex represents ∃x\nSo formulas with ∀x and ∃x will be represented by Ax and Ex (A and E followed by the variable x). For example, Ax (H(x)->M(x)) represents ∀x (H(x)→M(x)).\n\n###CONVENTIONS\nAtoms: only uppercase letters not immediately followed by parentesis (e.g. P, Q, R).\nPredicates: uppercase letters immediately followed by parentesis (e.g. H(x), M(y), Q(a,b) ). All predicates must use parentheses.\nVariables: first letter in lowercase, can be followed by letters and numbers (e.g., x, x0, xP0).\n\nWrite only the final proof in <proof>...</proof> tags. Only use <proof>...</proof> tags ONCE. Omit names of the rules. Only use these symbols inside the proof '&' , '->', '~', '|', '@', '(', ')', '{', '}', 'Ax', 'Ex'.\nDo not include explanations, commentary, or extra text inside and outside the <proof>...</proof> tags.\n""}, {'role': 'user', 'content': ""Prove 'Ex P(x), Ax (P(x)->Q(x)) |- Ex Q(x)', using the analytical tableau method. Final answer using the notation described. ""}, {'role': 'assistant', 'content': ' <proof>\n                        1. T Ex P(x) pre\n                        2. T Ax (P(x)->Q(x)) pre\n                        3. F Ex Q(x) conclusion\n                        4. T P(a) 1 \n                        5. T (P(a)->Q(a)) 2 \n                        6. F Q(a) 3 \n                        7.{ F P(a) 5 \n                        8. @ 4,7}    \n                        9.{ T Q(a) 5 \n                        10. @ 6,9}   \n                    </proof>'}, {'role': 'user', 'content': ""Prove 'Ax (P(x)|P(x)) |- Ax P(x)', using the analytical tableau method. Final answer using the notation described.""}, {'role': 'assistant', 'content': ' <proof>\n                            1. T Ax (P(x)|P(x)) pre \n                            2. F Ax P(x) conclusion\n                            3. F P(a) 2          \n                            4. T (P(a)|P(a)) 1   \n                            5.{ T P(a) 4         \n                            6. @ 3,5}            \n                            7.{ T P(a) 4         \n                            8. @ 3,7}            \n                        </proof>'}, {'role': 'user', 'content': ""Prove'|- Ax ~B(x)->~Ex B(x)' using the analytical tableau method. Only one final answer, surrounded by <proof>...</proof>, using the notation described.""}]","1. F ~Ax ~B(x) -> ~Ex B(x) conclusion
2. T ~Ax ~B(x) 1
3. F ~Ex B(x) 1
4. T Ax ~B(x) 2
5. T Ex B(x) 3
6. T B(a) 5
7. T ~B(a) 4
8. @ 6,7","1. F ~Ax ~B(x) -> ~Ex B(x) conclusion
2. T ~Ax ~B(x) 1
3. F ~Ex B(x) 1
4. T Ax ~B(x) 2
5. T Ex B(x) 3
6. T B(a) 5
7. T ~B(a) 4
8. @ 6,7","The following errors were found:

Error in line 4:
4. T Ax ~B(x) 2
   ^, The truth value should be F for this rule.
Error in line 8:
8. @ 6,7
     ^, None of the formulas referenced by the lines contradict the other formula.",2.528794288635254,stop,1085,104
|- Ex (B(x)&C)->(Ex B(x)&C),"[{'role': 'system', 'content': ""\nYou are an expert in logic using the semantic Tableaux method. \nYou will receive a first order logic formula and must prove its validity using the semantic tableau method, represent the proof in a Fitch-like notation, following these formatting instructions:\n\n### FORMAT OF PROOF LINES: \nExpanding proof line must be structured like: '<line_number>. <T_or_F> <formula> <origin>'\n- <line_number>: sequential integer, always ending with a dot ('1.', '2.', '3.', ...)\n- <T_or_F> → T for true formulas, F for false formulas. \n- <formula>: the formula derived on that line\n- <origin> is exactly one of:\n    pre (for premises)\n    conclusion (for the conclusion)\n    a comma-separated list of line numbers indicating the formula(s) used to derive the current line (e.g. '1', '3', '1,3')\n\n### BRANCHING FORMAT \nUse curly braces { and } to open and close branches. \n{ must appear immediately after the line number that opens a branch (e.g. '8.{ F A|B 3') \n} must appear at the end of the line that closes that branch (e.g. '12. @ 5,7}'). Exception: the main (initial) branch does not require a closing }, since it is not opened by {.\nBranches may be nested. But a formula may only be used at a given point if it appeared earlier in the same branch or an outer (enclosing) branch to the current branch. Formulas from closed branches or sibling branches must not be used.\n\n### SYMBOLS \nUse the following symbols for logical operations: \n & = conjunction (and), \n | = disjunction (or), \n ~ = negation (not), \n -> = implication (implies).\n\nQuantifiers symbols:  \n    Ax represents ∀x  \n    Ex represents ∃x\nSo formulas with ∀x and ∃x will be represented by Ax and Ex (A and E followed by the variable x). For example, Ax (H(x)->M(x)) represents ∀x (H(x)→M(x)).\n\n###CONVENTIONS\nAtoms: only uppercase letters not immediately followed by parentesis (e.g. P, Q, R).\nPredicates: uppercase letters immediately followed by parentesis (e.g. H(x), M(y), Q(a,b) ). All predicates must use parentheses.\nVariables: first letter in lowercase, can be followed by letters and numbers (e.g., x, x0, xP0).\n\nWrite only the final proof in <proof>...</proof> tags. Only use <proof>...</proof> tags ONCE. Omit names of the rules. Only use these symbols inside the proof '&' , '->', '~', '|', '@', '(', ')', '{', '}', 'Ax', 'Ex'.\nDo not include explanations, commentary, or extra text inside and outside the <proof>...</proof> tags.\n""}, {'role': 'user', 'content': ""Prove 'Ex P(x), Ax (P(x)->Q(x)) |- Ex Q(x)', using the analytical tableau method. Final answer using the notation described. ""}, {'role': 'assistant', 'content': ' <proof>\n                        1. T Ex P(x) pre\n                        2. T Ax (P(x)->Q(x)) pre\n                        3. F Ex Q(x) conclusion\n                        4. T P(a) 1 \n                        5. T (P(a)->Q(a)) 2 \n                        6. F Q(a) 3 \n                        7.{ F P(a) 5 \n                        8. @ 4,7}    \n                        9.{ T Q(a) 5 \n                        10. @ 6,9}   \n                    </proof>'}, {'role': 'user', 'content': ""Prove 'Ax (P(x)|P(x)) |- Ax P(x)', using the analytical tableau method. Final answer using the notation described.""}, {'role': 'assistant', 'content': ' <proof>\n                            1. T Ax (P(x)|P(x)) pre \n                            2. F Ax P(x) conclusion\n                            3. F P(a) 2          \n                            4. T (P(a)|P(a)) 1   \n                            5.{ T P(a) 4         \n                            6. @ 3,5}            \n                            7.{ T P(a) 4         \n                            8. @ 3,7}            \n                        </proof>'}, {'role': 'user', 'content': ""Prove'|- Ex (B(x)&C)->(Ex B(x)&C)' using the analytical tableau method. Only one final answer, surrounded by <proof>...</proof>, using the notation described.""}]","1. F ~ (Ex (B(x)&C) -> (Ex B(x)&C)) conclusion
2. T Ex (B(x)&C) 1
3. F (Ex B(x)&C) 1
4. T B(a)&C 2
5. T B(a) 4
6. T C 4
7. F Ex B(x) 3
8. F B(b) 7
9. F C 3
10. @ 5,8}
11. @ 6,9}","1. F ~ (Ex (B(x)&C) -> (Ex B(x)&C)) conclusion
2. T Ex (B(x)&C) 1
3. F (Ex B(x)&C) 1
4. T B(a)&C 2
5. T B(a) 4
6. T C 4
7. F Ex B(x) 3
8. F B(b) 7
9. F C 3
10. @ 5,8}
11. @ 6,9}","The following errors were found:

Error in line 3:
3. F (Ex B(x)&C) 1
   ^, The truth value should be T for this rule.
Error in line 7:
7. F Ex B(x) 3
             ^, The rule must be a beta-rule.
Error in line 9:
9. F C 3
       ^, The rule must be a beta-rule.
Error in line 10:
10. @ 5,8}
         ^, Closing branches without an open branch.
Error in line 11:
11. @ 6,9}
         ^, Closing branches without an open branch.
Error in line 2:
2. T Ex (B(x)&C) 1
                 ^, Formula Ex (B(x)&C) is not a valid result for this rule.
Error in line 3:
3. F (Ex B(x)&C) 1
                 ^, Formula Ex B(x)&C is not a valid result for this rule.
Error in line 3:
3. F (Ex B(x)&C) 1
                 ^, The reference rule on the 3 line can only be used once in this branch.
Error in line 10:
10. @ 5,8}
      ^, None of the formulas referenced by the lines contradict the other formula.",3.600088834762573,stop,1089,136
|- Ax (B(x)|C)->(Ax B(x)|C),"[{'role': 'system', 'content': ""\nYou are an expert in logic using the semantic Tableaux method. \nYou will receive a first order logic formula and must prove its validity using the semantic tableau method, represent the proof in a Fitch-like notation, following these formatting instructions:\n\n### FORMAT OF PROOF LINES: \nExpanding proof line must be structured like: '<line_number>. <T_or_F> <formula> <origin>'\n- <line_number>: sequential integer, always ending with a dot ('1.', '2.', '3.', ...)\n- <T_or_F> → T for true formulas, F for false formulas. \n- <formula>: the formula derived on that line\n- <origin> is exactly one of:\n    pre (for premises)\n    conclusion (for the conclusion)\n    a comma-separated list of line numbers indicating the formula(s) used to derive the current line (e.g. '1', '3', '1,3')\n\n### BRANCHING FORMAT \nUse curly braces { and } to open and close branches. \n{ must appear immediately after the line number that opens a branch (e.g. '8.{ F A|B 3') \n} must appear at the end of the line that closes that branch (e.g. '12. @ 5,7}'). Exception: the main (initial) branch does not require a closing }, since it is not opened by {.\nBranches may be nested. But a formula may only be used at a given point if it appeared earlier in the same branch or an outer (enclosing) branch to the current branch. Formulas from closed branches or sibling branches must not be used.\n\n### SYMBOLS \nUse the following symbols for logical operations: \n & = conjunction (and), \n | = disjunction (or), \n ~ = negation (not), \n -> = implication (implies).\n\nQuantifiers symbols:  \n    Ax represents ∀x  \n    Ex represents ∃x\nSo formulas with ∀x and ∃x will be represented by Ax and Ex (A and E followed by the variable x). For example, Ax (H(x)->M(x)) represents ∀x (H(x)→M(x)).\n\n###CONVENTIONS\nAtoms: only uppercase letters not immediately followed by parentesis (e.g. P, Q, R).\nPredicates: uppercase letters immediately followed by parentesis (e.g. H(x), M(y), Q(a,b) ). All predicates must use parentheses.\nVariables: first letter in lowercase, can be followed by letters and numbers (e.g., x, x0, xP0).\n\nWrite only the final proof in <proof>...</proof> tags. Only use <proof>...</proof> tags ONCE. Omit names of the rules. Only use these symbols inside the proof '&' , '->', '~', '|', '@', '(', ')', '{', '}', 'Ax', 'Ex'.\nDo not include explanations, commentary, or extra text inside and outside the <proof>...</proof> tags.\n""}, {'role': 'user', 'content': ""Prove 'Ex P(x), Ax (P(x)->Q(x)) |- Ex Q(x)', using the analytical tableau method. Final answer using the notation described. ""}, {'role': 'assistant', 'content': ' <proof>\n                        1. T Ex P(x) pre\n                        2. T Ax (P(x)->Q(x)) pre\n                        3. F Ex Q(x) conclusion\n                        4. T P(a) 1 \n                        5. T (P(a)->Q(a)) 2 \n                        6. F Q(a) 3 \n                        7.{ F P(a) 5 \n                        8. @ 4,7}    \n                        9.{ T Q(a) 5 \n                        10. @ 6,9}   \n                    </proof>'}, {'role': 'user', 'content': ""Prove 'Ax (P(x)|P(x)) |- Ax P(x)', using the analytical tableau method. Final answer using the notation described.""}, {'role': 'assistant', 'content': ' <proof>\n                            1. T Ax (P(x)|P(x)) pre \n                            2. F Ax P(x) conclusion\n                            3. F P(a) 2          \n                            4. T (P(a)|P(a)) 1   \n                            5.{ T P(a) 4         \n                            6. @ 3,5}            \n                            7.{ T P(a) 4         \n                            8. @ 3,7}            \n                        </proof>'}, {'role': 'user', 'content': ""Prove'|- Ax (B(x)|C)->(Ax B(x)|C)' using the analytical tableau method. Only one final answer, surrounded by <proof>...</proof>, using the notation described.""}]","1. F ~ (Ax (B(x)|C) -> (Ax B(x)|C)) conclusion
2. T Ax (B(x)|C) 1
3. F (Ax B(x)|C) 1
4. { F Ax B(x) 3
5. T C 3
6. @ 4,5}
7. { F B(a) 4
8. T C 4
9. @ 3,8}
10. { F B(b) 4
11. T C 4
12. @ 3,10}
13. { F B(c) 4
14. T C 4
15. @ 3,14}
16. { F B(d) 4
17. T C 4
18. @ 3,17}
19. { F B(e) 4
20. T C 4
21. @ 3,20}
22. { F B(f) 4
23. T C 4
24. @ 3,23}
25. { F B(g) 4
26. T C 4
27. @ 3,26}
28. { F B(h) 4
29. T C 4
30. @ 3,29}
31. { F B(i) 4
32. T C 4
33. @ 3,32}
34. { F B(j) 4
35. T C 4
36. @ 3,35}
37. { F B(k) 4
38. T C 4
39. @ 3,38}
40. { F B(l) 4
41. T C 4
42. @ 3,41}
43. { F B(m) 4
44. T C 4
45. @ 3,44}
46. { F B(n) 4
47. T C 4
48. @ 3,47}
49. { F B(o) 4
50. T C 4
51. @ 3,50}
52. { F B(p) 4
53. T C 4
54. @ 3,53}
55. { F B(q) 4
56. T C 4
57. @ 3,56}
58. { F B(r) 4
59. T C 4
60. @ 3,59}
61. { F B(s) 4
62. T C 4
63. @ 3,62}
64. { F B(t) 4
65. T C 4
66. @ 3,65}
67. { F B(u) 4
68. T C 4
69. @ 3,68}
70. { F B(v) 4
71. T C 4
72. @ 3,71}
73. { F B(w) 4
74. T C 4
75. @ 3,74}
76. { F B(x) 4
77. T C 4
78. @ 3,77}
79. { F B(y) 4
80. T C 4
81. @ 3,80}
82. { F B(z) 4
83. T C 4
84. @ 3,83}
85. { F B(a) 2
86. T (B(a)|C) 2
87. { T B(a) 86
88. @ 85,87}
89. { T C 86
90. @ 85,90}
91. @ 2,89}","1. F ~ (Ax (B(x)|C) -> (Ax B(x)|C)) conclusion
2. T Ax (B(x)|C) 1
3. F (Ax B(x)|C) 1
4. { F Ax B(x) 3
5. T C 3
6. @ 4,5}
7. { F B(a) 4
8. T C 4
9. @ 3,8}
10. { F B(b) 4
11. T C 4
12. @ 3,10}
13. { F B(c) 4
14. T C 4
15. @ 3,14}
16. { F B(d) 4
17. T C 4
18. @ 3,17}
19. { F B(e) 4
20. T C 4
21. @ 3,20}
22. { F B(f) 4
23. T C 4
24. @ 3,23}
25. { F B(g) 4
26. T C 4
27. @ 3,26}
28. { F B(h) 4
29. T C 4
30. @ 3,29}
31. { F B(i) 4
32. T C 4
33. @ 3,32}
34. { F B(j) 4
35. T C 4
36. @ 3,35}
37. { F B(k) 4
38. T C 4
39. @ 3,38}
40. { F B(l) 4
41. T C 4
42. @ 3,41}
43. { F B(m) 4
44. T C 4
45. @ 3,44}
46. { F B(n) 4
47. T C 4
48. @ 3,47}
49. { F B(o) 4
50. T C 4
51. @ 3,50}
52. { F B(p) 4
53. T C 4
54. @ 3,53}
55. { F B(q) 4
56. T C 4
57. @ 3,56}
58. { F B(r) 4
59. T C 4
60. @ 3,59}
61. { F B(s) 4
62. T C 4
63. @ 3,62}
64. { F B(t) 4
65. T C 4
66. @ 3,65}
67. { F B(u) 4
68. T C 4
69. @ 3,68}
70. { F B(v) 4
71. T C 4
72. @ 3,71}
73. { F B(w) 4
74. T C 4
75. @ 3,74}
76. { F B(x) 4
77. T C 4
78. @ 3,77}
79. { F B(y) 4
80. T C 4
81. @ 3,80}
82. { F B(z) 4
83. T C 4
84. @ 3,83}
85. { F B(a) 2
86. T (B(a)|C) 2
87. { T B(a) 86
88. @ 85,87}
89. { T C 86
90. @ 85,90}
91. @ 2,89}","The following errors were found:

Error in line 3:
3. F (Ax B(x)|C) 1
   ^, The truth value should be T for this rule.
Error in line 4:
4. { F Ax B(x) 3
               ^, The rule must be a alpha-rule.
Error in line 5:
5. T C 3
   ^, The truth value should be F for this rule.
Error in line 7:
7. { F B(a) 4
            ^, The rule must be a alpha-rule.
Error in line 8:
8. T C 4
   ^, The truth value should be F for this rule.
Error in line 10:
10. { F B(b) 4
             ^, The rule must be a alpha-rule.
Error in line 11:
11. T C 4
    ^, The truth value should be F for this rule.
Error in line 13:
13. { F B(c) 4
             ^, The rule must be a alpha-rule.
Error in line 14:
14. T C 4
    ^, The truth value should be F for this rule.
Error in line 16:
16. { F B(d) 4
             ^, The rule must be a alpha-rule.
Error in line 17:
17. T C 4
    ^, The truth value should be F for this rule.
Error in line 19:
19. { F B(e) 4
             ^, The rule must be a alpha-rule.
Error in line 20:
20. T C 4
    ^, The truth value should be F for this rule.
Error in line 22:
22. { F B(f) 4
             ^, The rule must be a alpha-rule.
Error in line 23:
23. T C 4
    ^, The truth value should be F for this rule.
Error in line 25:
25. { F B(g) 4
             ^, The rule must be a alpha-rule.
Error in line 26:
26. T C 4
    ^, The truth value should be F for this rule.
Error in line 28:
28. { F B(h) 4
             ^, The rule must be a alpha-rule.
Error in line 29:
29. T C 4
    ^, The truth value should be F for this rule.
Error in line 31:
31. { F B(i) 4
             ^, The rule must be a alpha-rule.
Error in line 32:
32. T C 4
    ^, The truth value should be F for this rule.
Error in line 34:
34. { F B(j) 4
             ^, The rule must be a alpha-rule.
Error in line 35:
35. T C 4
    ^, The truth value should be F for this rule.
Error in line 37:
37. { F B(k) 4
             ^, The rule must be a alpha-rule.
Error in line 38:
38. T C 4
    ^, The truth value should be F for this rule.
Error in line 40:
40. { F B(l) 4
             ^, The rule must be a alpha-rule.
Error in line 41:
41. T C 4
    ^, The truth value should be F for this rule.
Error in line 43:
43. { F B(m) 4
             ^, The rule must be a alpha-rule.
Error in line 44:
44. T C 4
    ^, The truth value should be F for this rule.
Error in line 46:
46. { F B(n) 4
             ^, The rule must be a alpha-rule.
Error in line 47:
47. T C 4
    ^, The truth value should be F for this rule.
Error in line 49:
49. { F B(o) 4
             ^, The rule must be a alpha-rule.
Error in line 50:
50. T C 4
    ^, The truth value should be F for this rule.
Error in line 52:
52. { F B(p) 4
             ^, The rule must be a alpha-rule.
Error in line 53:
53. T C 4
    ^, The truth value should be F for this rule.
Error in line 55:
55. { F B(q) 4
             ^, The rule must be a alpha-rule.
Error in line 56:
56. T C 4
    ^, The truth value should be F for this rule.
Error in line 58:
58. { F B(r) 4
             ^, The rule must be a alpha-rule.
Error in line 59:
59. T C 4
    ^, The truth value should be F for this rule.
Error in line 61:
61. { F B(s) 4
             ^, The rule must be a alpha-rule.
Error in line 62:
62. T C 4
    ^, The truth value should be F for this rule.
Error in line 64:
64. { F B(t) 4
             ^, The rule must be a alpha-rule.
Error in line 65:
65. T C 4
    ^, The truth value should be F for this rule.
Error in line 67:
67. { F B(u) 4
             ^, The rule must be a alpha-rule.
Error in line 68:
68. T C 4
    ^, The truth value should be F for this rule.
Error in line 70:
70. { F B(v) 4
             ^, The rule must be a alpha-rule.
Error in line 71:
71. T C 4
    ^, The truth value should be F for this rule.
Error in line 73:
73. { F B(w) 4
             ^, The rule must be a alpha-rule.
Error in line 74:
74. T C 4
    ^, The truth value should be F for this rule.
Error in line 76:
76. { F B(x) 4
             ^, The rule must be a alpha-rule.
Error in line 77:
77. T C 4
    ^, The truth value should be F for this rule.
Error in line 79:
79. { F B(y) 4
             ^, The rule must be a alpha-rule.
Error in line 80:
80. T C 4
    ^, The truth value should be F for this rule.
Error in line 82:
82. { F B(z) 4
             ^, The rule must be a alpha-rule.
Error in line 83:
83. T C 4
    ^, The truth value should be F for this rule.
Error in line 85:
85. { F B(a) 2
             ^, The rule must be a alpha-rule.
Error in line 2:
2. T Ax (B(x)|C) 1
                 ^, Formula Ax (B(x)|C) is not a valid result for this rule.
Error in line 3:
3. F (Ax B(x)|C) 1
                 ^, Formula Ax B(x)|C is not a valid result for this rule.
Error in line 3:
3. F (Ax B(x)|C) 1
                 ^, The reference rule on the 3 line can only be used once in this branch.
Error in line 5:
5. T C 3
^, The previous line should be the |F rule with the formula Ax B(x).
Error in line 6:
6. @ 4,5}
     ^, None of the formulas referenced by the lines contradict the other formula.
Error in line 7:
7. { F B(a) 4
            ^, The reference to the line formula 4 cannot be used, as this formula does not belong to this branch.
Error in line 8:
8. T C 4
       ^, The reference to the line formula 4 cannot be used, as this formula does not belong to this branch.
Error in line 9:
9. @ 3,8}
     ^, None of the formulas referenced by the lines contradict the other formula.
Error in line 10:
10. { F B(b) 4
             ^, The reference to the line formula 4 cannot be used, as this formula does not belong to this branch.
Error in line 11:
11. T C 4
        ^, The reference to the line formula 4 cannot be used, as this formula does not belong to this branch.
Error in line 12:
12. @ 3,10}
      ^, None of the formulas referenced by the lines contradict the other formula.
Error in line 13:
13. { F B(c) 4
             ^, The reference to the line formula 4 cannot be used, as this formula does not belong to this branch.
Error in line 14:
14. T C 4
        ^, The reference to the line formula 4 cannot be used, as this formula does not belong to this branch.
Error in line 15:
15. @ 3,14}
      ^, None of the formulas referenced by the lines contradict the other formula.
Error in line 16:
16. { F B(d) 4
             ^, The reference to the line formula 4 cannot be used, as this formula does not belong to this branch.
Error in line 17:
17. T C 4
        ^, The reference to the line formula 4 cannot be used, as this formula does not belong to this branch.
Error in line 18:
18. @ 3,17}
      ^, None of the formulas referenced by the lines contradict the other formula.
Error in line 19:
19. { F B(e) 4
             ^, The reference to the line formula 4 cannot be used, as this formula does not belong to this branch.
Error in line 20:
20. T C 4
        ^, The reference to the line formula 4 cannot be used, as this formula does not belong to this branch.
Error in line 21:
21. @ 3,20}
      ^, None of the formulas referenced by the lines contradict the other formula.
Error in line 22:
22. { F B(f) 4
             ^, The reference to the line formula 4 cannot be used, as this formula does not belong to this branch.
Error in line 23:
23. T C 4
        ^, The reference to the line formula 4 cannot be used, as this formula does not belong to this branch.
Error in line 24:
24. @ 3,23}
      ^, None of the formulas referenced by the lines contradict the other formula.
Error in line 25:
25. { F B(g) 4
             ^, The reference to the line formula 4 cannot be used, as this formula does not belong to this branch.
Error in line 26:
26. T C 4
        ^, The reference to the line formula 4 cannot be used, as this formula does not belong to this branch.
Error in line 27:
27. @ 3,26}
      ^, None of the formulas referenced by the lines contradict the other formula.
Error in line 28:
28. { F B(h) 4
             ^, The reference to the line formula 4 cannot be used, as this formula does not belong to this branch.
Error in line 29:
29. T C 4
        ^, The reference to the line formula 4 cannot be used, as this formula does not belong to this branch.
Error in line 30:
30. @ 3,29}
      ^, None of the formulas referenced by the lines contradict the other formula.
Error in line 31:
31. { F B(i) 4
             ^, The reference to the line formula 4 cannot be used, as this formula does not belong to this branch.
Error in line 32:
32. T C 4
        ^, The reference to the line formula 4 cannot be used, as this formula does not belong to this branch.
Error in line 33:
33. @ 3,32}
      ^, None of the formulas referenced by the lines contradict the other formula.
Error in line 34:
34. { F B(j) 4
             ^, The reference to the line formula 4 cannot be used, as this formula does not belong to this branch.
Error in line 35:
35. T C 4
        ^, The reference to the line formula 4 cannot be used, as this formula does not belong to this branch.
Error in line 36:
36. @ 3,35}
      ^, None of the formulas referenced by the lines contradict the other formula.
Error in line 37:
37. { F B(k) 4
             ^, The reference to the line formula 4 cannot be used, as this formula does not belong to this branch.
Error in line 38:
38. T C 4
        ^, The reference to the line formula 4 cannot be used, as this formula does not belong to this branch.
Error in line 39:
39. @ 3,38}
      ^, None of the formulas referenced by the lines contradict the other formula.
Error in line 40:
40. { F B(l) 4
             ^, The reference to the line formula 4 cannot be used, as this formula does not belong to this branch.
Error in line 41:
41. T C 4
        ^, The reference to the line formula 4 cannot be used, as this formula does not belong to this branch.
Error in line 42:
42. @ 3,41}
      ^, None of the formulas referenced by the lines contradict the other formula.
Error in line 43:
43. { F B(m) 4
             ^, The reference to the line formula 4 cannot be used, as this formula does not belong to this branch.
Error in line 44:
44. T C 4
        ^, The reference to the line formula 4 cannot be used, as this formula does not belong to this branch.
Error in line 45:
45. @ 3,44}
      ^, None of the formulas referenced by the lines contradict the other formula.
Error in line 46:
46. { F B(n) 4
             ^, The reference to the line formula 4 cannot be used, as this formula does not belong to this branch.
Error in line 47:
47. T C 4
        ^, The reference to the line formula 4 cannot be used, as this formula does not belong to this branch.
Error in line 48:
48. @ 3,47}
      ^, None of the formulas referenced by the lines contradict the other formula.
Error in line 49:
49. { F B(o) 4
             ^, The reference to the line formula 4 cannot be used, as this formula does not belong to this branch.
Error in line 50:
50. T C 4
        ^, The reference to the line formula 4 cannot be used, as this formula does not belong to this branch.
Error in line 51:
51. @ 3,50}
      ^, None of the formulas referenced by the lines contradict the other formula.
Error in line 52:
52. { F B(p) 4
             ^, The reference to the line formula 4 cannot be used, as this formula does not belong to this branch.
Error in line 53:
53. T C 4
        ^, The reference to the line formula 4 cannot be used, as this formula does not belong to this branch.
Error in line 54:
54. @ 3,53}
      ^, None of the formulas referenced by the lines contradict the other formula.
Error in line 55:
55. { F B(q) 4
             ^, The reference to the line formula 4 cannot be used, as this formula does not belong to this branch.
Error in line 56:
56. T C 4
        ^, The reference to the line formula 4 cannot be used, as this formula does not belong to this branch.
Error in line 57:
57. @ 3,56}
      ^, None of the formulas referenced by the lines contradict the other formula.
Error in line 58:
58. { F B(r) 4
             ^, The reference to the line formula 4 cannot be used, as this formula does not belong to this branch.
Error in line 59:
59. T C 4
        ^, The reference to the line formula 4 cannot be used, as this formula does not belong to this branch.
Error in line 60:
60. @ 3,59}
      ^, None of the formulas referenced by the lines contradict the other formula.
Error in line 61:
61. { F B(s) 4
             ^, The reference to the line formula 4 cannot be used, as this formula does not belong to this branch.
Error in line 62:
62. T C 4
        ^, The reference to the line formula 4 cannot be used, as this formula does not belong to this branch.
Error in line 63:
63. @ 3,62}
      ^, None of the formulas referenced by the lines contradict the other formula.
Error in line 64:
64. { F B(t) 4
             ^, The reference to the line formula 4 cannot be used, as this formula does not belong to this branch.
Error in line 65:
65. T C 4
        ^, The reference to the line formula 4 cannot be used, as this formula does not belong to this branch.
Error in line 66:
66. @ 3,65}
      ^, None of the formulas referenced by the lines contradict the other formula.
Error in line 67:
67. { F B(u) 4
             ^, The reference to the line formula 4 cannot be used, as this formula does not belong to this branch.
Error in line 68:
68. T C 4
        ^, The reference to the line formula 4 cannot be used, as this formula does not belong to this branch.
Error in line 69:
69. @ 3,68}
      ^, None of the formulas referenced by the lines contradict the other formula.
Error in line 70:
70. { F B(v) 4
             ^, The reference to the line formula 4 cannot be used, as this formula does not belong to this branch.
Error in line 71:
71. T C 4
        ^, The reference to the line formula 4 cannot be used, as this formula does not belong to this branch.
Error in line 72:
72. @ 3,71}
      ^, None of the formulas referenced by the lines contradict the other formula.
Error in line 73:
73. { F B(w) 4
             ^, The reference to the line formula 4 cannot be used, as this formula does not belong to this branch.
Error in line 74:
74. T C 4
        ^, The reference to the line formula 4 cannot be used, as this formula does not belong to this branch.
Error in line 75:
75. @ 3,74}
      ^, None of the formulas referenced by the lines contradict the other formula.
Error in line 76:
76. { F B(x) 4
             ^, The reference to the line formula 4 cannot be used, as this formula does not belong to this branch.
Error in line 77:
77. T C 4
        ^, The reference to the line formula 4 cannot be used, as this formula does not belong to this branch.
Error in line 78:
78. @ 3,77}
      ^, None of the formulas referenced by the lines contradict the other formula.
Error in line 79:
79. { F B(y) 4
             ^, The reference to the line formula 4 cannot be used, as this formula does not belong to this branch.
Error in line 80:
80. T C 4
        ^, The reference to the line formula 4 cannot be used, as this formula does not belong to this branch.
Error in line 81:
81. @ 3,80}
      ^, None of the formulas referenced by the lines contradict the other formula.
Error in line 82:
82. { F B(z) 4
             ^, The reference to the line formula 4 cannot be used, as this formula does not belong to this branch.
Error in line 83:
83. T C 4
        ^, The reference to the line formula 4 cannot be used, as this formula does not belong to this branch.
Error in line 84:
84. @ 3,83}
      ^, None of the formulas referenced by the lines contradict the other formula.
Error in line 85:
85. { F B(a) 2
             ^, Formula referenced in line 2 is not a universal formula with truth-value F.
Error in line 85:
85. { F B(a) 2
        ^, Formula B(a) is not a valid substitution for the universal formula referenced in line 2.
Error in line 87:
87. { T B(a) 86
^, A beta rule must have exactly two branches.
Error in line 89:
89. { T C 86
^, A beta rule must have exactly two branches.
Error in line 90:
90. @ 85,90}
         ^, The reference to the line formula 90 cannot be used, as all references must occur before this rule.
Error in line 90:
90. @ 85,90}
      ^, None of the formulas referenced by the lines contradict the other formula.
Error in line 91:
91. @ 2,89}
        ^, The reference to the line formula 89 cannot be used, as this formula does not belong to this branch.",18.87432336807251,stop,1089,974
|- (Ax B(x)->C)->Ex (B(x)->C),"[{'role': 'system', 'content': ""\nYou are an expert in logic using the semantic Tableaux method. \nYou will receive a first order logic formula and must prove its validity using the semantic tableau method, represent the proof in a Fitch-like notation, following these formatting instructions:\n\n### FORMAT OF PROOF LINES: \nExpanding proof line must be structured like: '<line_number>. <T_or_F> <formula> <origin>'\n- <line_number>: sequential integer, always ending with a dot ('1.', '2.', '3.', ...)\n- <T_or_F> → T for true formulas, F for false formulas. \n- <formula>: the formula derived on that line\n- <origin> is exactly one of:\n    pre (for premises)\n    conclusion (for the conclusion)\n    a comma-separated list of line numbers indicating the formula(s) used to derive the current line (e.g. '1', '3', '1,3')\n\n### BRANCHING FORMAT \nUse curly braces { and } to open and close branches. \n{ must appear immediately after the line number that opens a branch (e.g. '8.{ F A|B 3') \n} must appear at the end of the line that closes that branch (e.g. '12. @ 5,7}'). Exception: the main (initial) branch does not require a closing }, since it is not opened by {.\nBranches may be nested. But a formula may only be used at a given point if it appeared earlier in the same branch or an outer (enclosing) branch to the current branch. Formulas from closed branches or sibling branches must not be used.\n\n### SYMBOLS \nUse the following symbols for logical operations: \n & = conjunction (and), \n | = disjunction (or), \n ~ = negation (not), \n -> = implication (implies).\n\nQuantifiers symbols:  \n    Ax represents ∀x  \n    Ex represents ∃x\nSo formulas with ∀x and ∃x will be represented by Ax and Ex (A and E followed by the variable x). For example, Ax (H(x)->M(x)) represents ∀x (H(x)→M(x)).\n\n###CONVENTIONS\nAtoms: only uppercase letters not immediately followed by parentesis (e.g. P, Q, R).\nPredicates: uppercase letters immediately followed by parentesis (e.g. H(x), M(y), Q(a,b) ). All predicates must use parentheses.\nVariables: first letter in lowercase, can be followed by letters and numbers (e.g., x, x0, xP0).\n\nWrite only the final proof in <proof>...</proof> tags. Only use <proof>...</proof> tags ONCE. Omit names of the rules. Only use these symbols inside the proof '&' , '->', '~', '|', '@', '(', ')', '{', '}', 'Ax', 'Ex'.\nDo not include explanations, commentary, or extra text inside and outside the <proof>...</proof> tags.\n""}, {'role': 'user', 'content': ""Prove 'Ex P(x), Ax (P(x)->Q(x)) |- Ex Q(x)', using the analytical tableau method. Final answer using the notation described. ""}, {'role': 'assistant', 'content': ' <proof>\n                        1. T Ex P(x) pre\n                        2. T Ax (P(x)->Q(x)) pre\n                        3. F Ex Q(x) conclusion\n                        4. T P(a) 1 \n                        5. T (P(a)->Q(a)) 2 \n                        6. F Q(a) 3 \n                        7.{ F P(a) 5 \n                        8. @ 4,7}    \n                        9.{ T Q(a) 5 \n                        10. @ 6,9}   \n                    </proof>'}, {'role': 'user', 'content': ""Prove 'Ax (P(x)|P(x)) |- Ax P(x)', using the analytical tableau method. Final answer using the notation described.""}, {'role': 'assistant', 'content': ' <proof>\n                            1. T Ax (P(x)|P(x)) pre \n                            2. F Ax P(x) conclusion\n                            3. F P(a) 2          \n                            4. T (P(a)|P(a)) 1   \n                            5.{ T P(a) 4         \n                            6. @ 3,5}            \n                            7.{ T P(a) 4         \n                            8. @ 3,7}            \n                        </proof>'}, {'role': 'user', 'content': ""Prove'|- (Ax B(x)->C)->Ex (B(x)->C)' using the analytical tableau method. Only one final answer, surrounded by <proof>...</proof>, using the notation described.""}]","1. F ((Ax B(x)->C)->Ex (B(x)->C)) conclusion
2. T (Ax B(x)->C) 1
3. F Ex (B(x)->C) 1
4. T Ax B(x) 2
5. F C 2
6. T (B(a)->C) 3
7. T B(a) 4
8. { F B(a) 6
9. @ 7,8}
10. { F C 6
11. @ 5,10}
12. { T B(b) 4
13. T C 6
14. @ 5,13}
15. @ 11,14}","1. F ((Ax B(x)->C)->Ex (B(x)->C)) conclusion
2. T (Ax B(x)->C) 1
3. F Ex (B(x)->C) 1
4. T Ax B(x) 2
5. F C 2
6. T (B(a)->C) 3
7. T B(a) 4
8. { F B(a) 6
9. @ 7,8}
10. { F C 6
11. @ 5,10}
12. { T B(b) 4
13. T C 6
14. @ 5,13}
15. @ 11,14}","The following errors were found:

Error in line 4:
4. T Ax B(x) 2
             ^, The rule must be a beta-rule.
Error in line 5:
5. F C 2
       ^, The rule must be a beta-rule.
Error in line 6:
6. T (B(a)->C) 3
   ^, The truth value should be F for this rule.
Error in line 12:
12. { T B(b) 4
             ^, The rule must be a alpha-rule.
Error in line 13:
13. T C 6
        ^, The rule must be a beta-rule.
Error in line 15:
15. @ 11,14}
           ^, Closing branches without an open branch.
Error in line 6:
6. T (B(a)->C) 3
     ^, Formula referenced in line 3 is not a existential formula with truth-value T.
Error in line 8:
8. { F B(a) 6
^, A beta rule must have exactly two branches.
Error in line 10:
10. { F C 6
      ^, Formula C (conclusion of the rule) must be the consequent of the implication of the referenced formula with truth-value T.
Error in line 10:
10. { F C 6
^, A beta rule must have exactly two branches.
Error in line 11:
11. @ 5,10}
      ^, None of the formulas referenced by the lines contradict the other formula.
Error in line 15:
15. @ 11,14}
      ^, The reference to the line formula 11 cannot be used, as this formula does not belong to this branch.
Error in line 15:
15. @ 11,14}
         ^, The reference to the line formula 14 cannot be used, as this formula does not belong to this branch.",4.165989875793457,stop,1089,181
|- Ex (B->C(x))->(B->Ex C(x)),"[{'role': 'system', 'content': ""\nYou are an expert in logic using the semantic Tableaux method. \nYou will receive a first order logic formula and must prove its validity using the semantic tableau method, represent the proof in a Fitch-like notation, following these formatting instructions:\n\n### FORMAT OF PROOF LINES: \nExpanding proof line must be structured like: '<line_number>. <T_or_F> <formula> <origin>'\n- <line_number>: sequential integer, always ending with a dot ('1.', '2.', '3.', ...)\n- <T_or_F> → T for true formulas, F for false formulas. \n- <formula>: the formula derived on that line\n- <origin> is exactly one of:\n    pre (for premises)\n    conclusion (for the conclusion)\n    a comma-separated list of line numbers indicating the formula(s) used to derive the current line (e.g. '1', '3', '1,3')\n\n### BRANCHING FORMAT \nUse curly braces { and } to open and close branches. \n{ must appear immediately after the line number that opens a branch (e.g. '8.{ F A|B 3') \n} must appear at the end of the line that closes that branch (e.g. '12. @ 5,7}'). Exception: the main (initial) branch does not require a closing }, since it is not opened by {.\nBranches may be nested. But a formula may only be used at a given point if it appeared earlier in the same branch or an outer (enclosing) branch to the current branch. Formulas from closed branches or sibling branches must not be used.\n\n### SYMBOLS \nUse the following symbols for logical operations: \n & = conjunction (and), \n | = disjunction (or), \n ~ = negation (not), \n -> = implication (implies).\n\nQuantifiers symbols:  \n    Ax represents ∀x  \n    Ex represents ∃x\nSo formulas with ∀x and ∃x will be represented by Ax and Ex (A and E followed by the variable x). For example, Ax (H(x)->M(x)) represents ∀x (H(x)→M(x)).\n\n###CONVENTIONS\nAtoms: only uppercase letters not immediately followed by parentesis (e.g. P, Q, R).\nPredicates: uppercase letters immediately followed by parentesis (e.g. H(x), M(y), Q(a,b) ). All predicates must use parentheses.\nVariables: first letter in lowercase, can be followed by letters and numbers (e.g., x, x0, xP0).\n\nWrite only the final proof in <proof>...</proof> tags. Only use <proof>...</proof> tags ONCE. Omit names of the rules. Only use these symbols inside the proof '&' , '->', '~', '|', '@', '(', ')', '{', '}', 'Ax', 'Ex'.\nDo not include explanations, commentary, or extra text inside and outside the <proof>...</proof> tags.\n""}, {'role': 'user', 'content': ""Prove 'Ex P(x), Ax (P(x)->Q(x)) |- Ex Q(x)', using the analytical tableau method. Final answer using the notation described. ""}, {'role': 'assistant', 'content': ' <proof>\n                        1. T Ex P(x) pre\n                        2. T Ax (P(x)->Q(x)) pre\n                        3. F Ex Q(x) conclusion\n                        4. T P(a) 1 \n                        5. T (P(a)->Q(a)) 2 \n                        6. F Q(a) 3 \n                        7.{ F P(a) 5 \n                        8. @ 4,7}    \n                        9.{ T Q(a) 5 \n                        10. @ 6,9}   \n                    </proof>'}, {'role': 'user', 'content': ""Prove 'Ax (P(x)|P(x)) |- Ax P(x)', using the analytical tableau method. Final answer using the notation described.""}, {'role': 'assistant', 'content': ' <proof>\n                            1. T Ax (P(x)|P(x)) pre \n                            2. F Ax P(x) conclusion\n                            3. F P(a) 2          \n                            4. T (P(a)|P(a)) 1   \n                            5.{ T P(a) 4         \n                            6. @ 3,5}            \n                            7.{ T P(a) 4         \n                            8. @ 3,7}            \n                        </proof>'}, {'role': 'user', 'content': ""Prove'|- Ex (B->C(x))->(B->Ex C(x))' using the analytical tableau method. Only one final answer, surrounded by <proof>...</proof>, using the notation described.""}]","1. F ~Ex (B->C(x)) -> (B->Ex C(x)) conclusion
2. T Ex (B->C(x)) 1
3. F (B->Ex C(x)) 1
4. T B 3
5. F Ex C(x) 3
6. T (B->C(a)) 2
7. T B 4
8. F C(a) 5
9. { F B 6,7
10. @ 4,9}
11. { T C(a) 6
12. @ 5,11}","1. F ~Ex (B->C(x)) -> (B->Ex C(x)) conclusion
2. T Ex (B->C(x)) 1
3. F (B->Ex C(x)) 1
4. T B 3
5. F Ex C(x) 3
6. T (B->C(a)) 2
7. T B 4
8. F C(a) 5
9. { F B 6,7
10. @ 4,9}
11. { T C(a) 6
12. @ 5,11}","The following errors were found:

One of definitions are not completed. Please, check whether all rules are correctly written.
Recall that a rule of inference starts with a numeber, followed by . (reference line), the truth value of the formula (T or F), has a formula and the justification (premise, conclusion or one of the inference rules with its formula references).Sintax error:
9. { F B 6,7
          ^
",3.66274619102478,stop,1090,150
|- (B->Ex C(x))->Ex (B->C(x)),"[{'role': 'system', 'content': ""\nYou are an expert in logic using the semantic Tableaux method. \nYou will receive a first order logic formula and must prove its validity using the semantic tableau method, represent the proof in a Fitch-like notation, following these formatting instructions:\n\n### FORMAT OF PROOF LINES: \nExpanding proof line must be structured like: '<line_number>. <T_or_F> <formula> <origin>'\n- <line_number>: sequential integer, always ending with a dot ('1.', '2.', '3.', ...)\n- <T_or_F> → T for true formulas, F for false formulas. \n- <formula>: the formula derived on that line\n- <origin> is exactly one of:\n    pre (for premises)\n    conclusion (for the conclusion)\n    a comma-separated list of line numbers indicating the formula(s) used to derive the current line (e.g. '1', '3', '1,3')\n\n### BRANCHING FORMAT \nUse curly braces { and } to open and close branches. \n{ must appear immediately after the line number that opens a branch (e.g. '8.{ F A|B 3') \n} must appear at the end of the line that closes that branch (e.g. '12. @ 5,7}'). Exception: the main (initial) branch does not require a closing }, since it is not opened by {.\nBranches may be nested. But a formula may only be used at a given point if it appeared earlier in the same branch or an outer (enclosing) branch to the current branch. Formulas from closed branches or sibling branches must not be used.\n\n### SYMBOLS \nUse the following symbols for logical operations: \n & = conjunction (and), \n | = disjunction (or), \n ~ = negation (not), \n -> = implication (implies).\n\nQuantifiers symbols:  \n    Ax represents ∀x  \n    Ex represents ∃x\nSo formulas with ∀x and ∃x will be represented by Ax and Ex (A and E followed by the variable x). For example, Ax (H(x)->M(x)) represents ∀x (H(x)→M(x)).\n\n###CONVENTIONS\nAtoms: only uppercase letters not immediately followed by parentesis (e.g. P, Q, R).\nPredicates: uppercase letters immediately followed by parentesis (e.g. H(x), M(y), Q(a,b) ). All predicates must use parentheses.\nVariables: first letter in lowercase, can be followed by letters and numbers (e.g., x, x0, xP0).\n\nWrite only the final proof in <proof>...</proof> tags. Only use <proof>...</proof> tags ONCE. Omit names of the rules. Only use these symbols inside the proof '&' , '->', '~', '|', '@', '(', ')', '{', '}', 'Ax', 'Ex'.\nDo not include explanations, commentary, or extra text inside and outside the <proof>...</proof> tags.\n""}, {'role': 'user', 'content': ""Prove 'Ex P(x), Ax (P(x)->Q(x)) |- Ex Q(x)', using the analytical tableau method. Final answer using the notation described. ""}, {'role': 'assistant', 'content': ' <proof>\n                        1. T Ex P(x) pre\n                        2. T Ax (P(x)->Q(x)) pre\n                        3. F Ex Q(x) conclusion\n                        4. T P(a) 1 \n                        5. T (P(a)->Q(a)) 2 \n                        6. F Q(a) 3 \n                        7.{ F P(a) 5 \n                        8. @ 4,7}    \n                        9.{ T Q(a) 5 \n                        10. @ 6,9}   \n                    </proof>'}, {'role': 'user', 'content': ""Prove 'Ax (P(x)|P(x)) |- Ax P(x)', using the analytical tableau method. Final answer using the notation described.""}, {'role': 'assistant', 'content': ' <proof>\n                            1. T Ax (P(x)|P(x)) pre \n                            2. F Ax P(x) conclusion\n                            3. F P(a) 2          \n                            4. T (P(a)|P(a)) 1   \n                            5.{ T P(a) 4         \n                            6. @ 3,5}            \n                            7.{ T P(a) 4         \n                            8. @ 3,7}            \n                        </proof>'}, {'role': 'user', 'content': ""Prove'|- (B->Ex C(x))->Ex (B->C(x))' using the analytical tableau method. Only one final answer, surrounded by <proof>...</proof>, using the notation described.""}]","1. F (B->Ex C(x))->Ex (B->C(x)) conclusion
2. T B->Ex C(x) 1
3. F Ex (B->C(x)) 1
4. T B 2
5. F Ex C(x) 2
6. T B->C(a) 3
7. F B->C(a) 3
8. T B 7
9. T C(a) 7
10. T B 4,8
11. F C(a) 5
12. @ 9,11
13. T B 4
14. T C(a) 6
15. @ 11,14","1. F (B->Ex C(x))->Ex (B->C(x)) conclusion
2. T B->Ex C(x) 1
3. F Ex (B->C(x)) 1
4. T B 2
5. F Ex C(x) 2
6. T B->C(a) 3
7. F B->C(a) 3
8. T B 7
9. T C(a) 7
10. T B 4,8
11. F C(a) 5
12. @ 9,11
13. T B 4
14. T C(a) 6
15. @ 11,14","The following errors were found:

One of definitions are not completed. Please, check whether all rules are correctly written.
Recall that a rule of inference starts with a numeber, followed by . (reference line), the truth value of the formula (T or F), has a formula and the justification (premise, conclusion or one of the inference rules with its formula references).Sintax error:
10. T B 4,8
         ^
",3.882477045059204,stop,1090,176
|- Ex (B(x)->Ax B(x)),"[{'role': 'system', 'content': ""\nYou are an expert in logic using the semantic Tableaux method. \nYou will receive a first order logic formula and must prove its validity using the semantic tableau method, represent the proof in a Fitch-like notation, following these formatting instructions:\n\n### FORMAT OF PROOF LINES: \nExpanding proof line must be structured like: '<line_number>. <T_or_F> <formula> <origin>'\n- <line_number>: sequential integer, always ending with a dot ('1.', '2.', '3.', ...)\n- <T_or_F> → T for true formulas, F for false formulas. \n- <formula>: the formula derived on that line\n- <origin> is exactly one of:\n    pre (for premises)\n    conclusion (for the conclusion)\n    a comma-separated list of line numbers indicating the formula(s) used to derive the current line (e.g. '1', '3', '1,3')\n\n### BRANCHING FORMAT \nUse curly braces { and } to open and close branches. \n{ must appear immediately after the line number that opens a branch (e.g. '8.{ F A|B 3') \n} must appear at the end of the line that closes that branch (e.g. '12. @ 5,7}'). Exception: the main (initial) branch does not require a closing }, since it is not opened by {.\nBranches may be nested. But a formula may only be used at a given point if it appeared earlier in the same branch or an outer (enclosing) branch to the current branch. Formulas from closed branches or sibling branches must not be used.\n\n### SYMBOLS \nUse the following symbols for logical operations: \n & = conjunction (and), \n | = disjunction (or), \n ~ = negation (not), \n -> = implication (implies).\n\nQuantifiers symbols:  \n    Ax represents ∀x  \n    Ex represents ∃x\nSo formulas with ∀x and ∃x will be represented by Ax and Ex (A and E followed by the variable x). For example, Ax (H(x)->M(x)) represents ∀x (H(x)→M(x)).\n\n###CONVENTIONS\nAtoms: only uppercase letters not immediately followed by parentesis (e.g. P, Q, R).\nPredicates: uppercase letters immediately followed by parentesis (e.g. H(x), M(y), Q(a,b) ). All predicates must use parentheses.\nVariables: first letter in lowercase, can be followed by letters and numbers (e.g., x, x0, xP0).\n\nWrite only the final proof in <proof>...</proof> tags. Only use <proof>...</proof> tags ONCE. Omit names of the rules. Only use these symbols inside the proof '&' , '->', '~', '|', '@', '(', ')', '{', '}', 'Ax', 'Ex'.\nDo not include explanations, commentary, or extra text inside and outside the <proof>...</proof> tags.\n""}, {'role': 'user', 'content': ""Prove 'Ex P(x), Ax (P(x)->Q(x)) |- Ex Q(x)', using the analytical tableau method. Final answer using the notation described. ""}, {'role': 'assistant', 'content': ' <proof>\n                        1. T Ex P(x) pre\n                        2. T Ax (P(x)->Q(x)) pre\n                        3. F Ex Q(x) conclusion\n                        4. T P(a) 1 \n                        5. T (P(a)->Q(a)) 2 \n                        6. F Q(a) 3 \n                        7.{ F P(a) 5 \n                        8. @ 4,7}    \n                        9.{ T Q(a) 5 \n                        10. @ 6,9}   \n                    </proof>'}, {'role': 'user', 'content': ""Prove 'Ax (P(x)|P(x)) |- Ax P(x)', using the analytical tableau method. Final answer using the notation described.""}, {'role': 'assistant', 'content': ' <proof>\n                            1. T Ax (P(x)|P(x)) pre \n                            2. F Ax P(x) conclusion\n                            3. F P(a) 2          \n                            4. T (P(a)|P(a)) 1   \n                            5.{ T P(a) 4         \n                            6. @ 3,5}            \n                            7.{ T P(a) 4         \n                            8. @ 3,7}            \n                        </proof>'}, {'role': 'user', 'content': ""Prove'|- Ex (B(x)->Ax B(x))' using the analytical tableau method. Only one final answer, surrounded by <proof>...</proof>, using the notation described.""}]","1. F Ex (B(x)->Ax B(x)) conclusion
2. T ~(B(a)->Ax B(a)) 1
3. T B(a) 2
4. F Ax B(x) 2
5. T ~B(b) 4
6. { T B(a) 3
7. @ 5,6}
8. { F B(b) 5
9. @ 3,8}","1. F Ex (B(x)->Ax B(x)) conclusion
2. T ~(B(a)->Ax B(a)) 1
3. T B(a) 2
4. F Ax B(x) 2
5. T ~B(b) 4
6. { T B(a) 3
7. @ 5,6}
8. { F B(b) 5
9. @ 3,8}","The following errors were found:

Error in line 2:
2. T ~(B(a)->Ax B(a)) 1
   ^, The truth value should be F for this rule.
Error in line 3:
3. T B(a) 2
   ^, The truth value should be F for this rule.
Error in line 5:
5. T ~B(b) 4
   ^, The truth value should be F for this rule.
Error in line 6:
6. { T B(a) 3
            ^, Cannot apply rule to an atom or predicate.
Error in line 7:
7. @ 5,6}
        ^, Closing branches without an open branch.
Error in line 8:
8. { F B(b) 5
            ^, The rule must be a alpha-rule.
Error in line 2:
2. T ~(B(a)->Ax B(a)) 1
     ^, Formula referenced in line 1 is not a existential formula with truth-value T.
Error in line 2:
2. T ~(B(a)->Ax B(a)) 1
     ^, Formula ~(B(a)->Ax B(a)) is not a valid substitutuion for the existential formula referenced in the line 1.
Error in line 3:
3. T B(a) 2
          ^, Formula B(a) is not a valid result for this rule.
Error in line 4:
4. F Ax B(x) 2
             ^, Formula Ax B(x) is not a valid result for this rule.
Error in line 4:
4. F Ax B(x) 2
             ^, The reference rule on the 4 line can only be used once in this branch.
Error in line 5:
5. T ~B(b) 4
           ^, Formula referenced in line 4 is not a universal formula with truth-value T.
Error in line 7:
7. @ 5,6}
     ^, None of the formulas referenced by the lines contradict the other formula.
Error in line 9:
9. @ 3,8}
     ^, None of the formulas referenced by the lines contradict the other formula.",2.927774667739868,stop,1085,112
|- Ex Ay (B(x)->B(y)),"[{'role': 'system', 'content': ""\nYou are an expert in logic using the semantic Tableaux method. \nYou will receive a first order logic formula and must prove its validity using the semantic tableau method, represent the proof in a Fitch-like notation, following these formatting instructions:\n\n### FORMAT OF PROOF LINES: \nExpanding proof line must be structured like: '<line_number>. <T_or_F> <formula> <origin>'\n- <line_number>: sequential integer, always ending with a dot ('1.', '2.', '3.', ...)\n- <T_or_F> → T for true formulas, F for false formulas. \n- <formula>: the formula derived on that line\n- <origin> is exactly one of:\n    pre (for premises)\n    conclusion (for the conclusion)\n    a comma-separated list of line numbers indicating the formula(s) used to derive the current line (e.g. '1', '3', '1,3')\n\n### BRANCHING FORMAT \nUse curly braces { and } to open and close branches. \n{ must appear immediately after the line number that opens a branch (e.g. '8.{ F A|B 3') \n} must appear at the end of the line that closes that branch (e.g. '12. @ 5,7}'). Exception: the main (initial) branch does not require a closing }, since it is not opened by {.\nBranches may be nested. But a formula may only be used at a given point if it appeared earlier in the same branch or an outer (enclosing) branch to the current branch. Formulas from closed branches or sibling branches must not be used.\n\n### SYMBOLS \nUse the following symbols for logical operations: \n & = conjunction (and), \n | = disjunction (or), \n ~ = negation (not), \n -> = implication (implies).\n\nQuantifiers symbols:  \n    Ax represents ∀x  \n    Ex represents ∃x\nSo formulas with ∀x and ∃x will be represented by Ax and Ex (A and E followed by the variable x). For example, Ax (H(x)->M(x)) represents ∀x (H(x)→M(x)).\n\n###CONVENTIONS\nAtoms: only uppercase letters not immediately followed by parentesis (e.g. P, Q, R).\nPredicates: uppercase letters immediately followed by parentesis (e.g. H(x), M(y), Q(a,b) ). All predicates must use parentheses.\nVariables: first letter in lowercase, can be followed by letters and numbers (e.g., x, x0, xP0).\n\nWrite only the final proof in <proof>...</proof> tags. Only use <proof>...</proof> tags ONCE. Omit names of the rules. Only use these symbols inside the proof '&' , '->', '~', '|', '@', '(', ')', '{', '}', 'Ax', 'Ex'.\nDo not include explanations, commentary, or extra text inside and outside the <proof>...</proof> tags.\n""}, {'role': 'user', 'content': ""Prove 'Ex P(x), Ax (P(x)->Q(x)) |- Ex Q(x)', using the analytical tableau method. Final answer using the notation described. ""}, {'role': 'assistant', 'content': ' <proof>\n                        1. T Ex P(x) pre\n                        2. T Ax (P(x)->Q(x)) pre\n                        3. F Ex Q(x) conclusion\n                        4. T P(a) 1 \n                        5. T (P(a)->Q(a)) 2 \n                        6. F Q(a) 3 \n                        7.{ F P(a) 5 \n                        8. @ 4,7}    \n                        9.{ T Q(a) 5 \n                        10. @ 6,9}   \n                    </proof>'}, {'role': 'user', 'content': ""Prove 'Ax (P(x)|P(x)) |- Ax P(x)', using the analytical tableau method. Final answer using the notation described.""}, {'role': 'assistant', 'content': ' <proof>\n                            1. T Ax (P(x)|P(x)) pre \n                            2. F Ax P(x) conclusion\n                            3. F P(a) 2          \n                            4. T (P(a)|P(a)) 1   \n                            5.{ T P(a) 4         \n                            6. @ 3,5}            \n                            7.{ T P(a) 4         \n                            8. @ 3,7}            \n                        </proof>'}, {'role': 'user', 'content': ""Prove'|- Ex Ay (B(x)->B(y))' using the analytical tableau method. Only one final answer, surrounded by <proof>...</proof>, using the notation described.""}]","1. F Ex Ay (B(x)->B(y)) conclusion
2. T Ay (B(a)->B(y)) 1
3. T (B(a)->B(b)) 2
4. { T B(a) 3
5. T B(b) 3
6. @ 4,5}
7. { F B(a) 3
8. F B(b) 3
9. @ 7,8}","1. F Ex Ay (B(x)->B(y)) conclusion
2. T Ay (B(a)->B(y)) 1
3. T (B(a)->B(b)) 2
4. { T B(a) 3
5. T B(b) 3
6. @ 4,5}
7. { F B(a) 3
8. F B(b) 3
9. @ 7,8}","The following errors were found:

Error in line 2:
2. T Ay (B(a)->B(y)) 1
   ^, The truth value should be F for this rule.
Error in line 5:
5. T B(b) 3
          ^, The rule must be a beta-rule.
Error in line 8:
8. F B(b) 3
          ^, The rule must be a beta-rule.
Error in line 2:
2. T Ay (B(a)->B(y)) 1
     ^, Formula referenced in line 1 is not a existential formula with truth-value T.
Error in line 4:
4. { T B(a) 3
^, Formula B(a) (conclusion of the rule) must be the antecedent of the implication of the referenced formula with truth-value F.
Error in line 4:
4. { T B(a) 3
^, There should be a next branch, starting with rule ->T with formula B(b).
Error in line 6:
6. @ 4,5}
     ^, None of the formulas referenced by the lines contradict the other formula.
Error in line 7:
7. { F B(a) 3
^, There should be a next branch, starting with rule ->T with formula B(b).
Error in line 9:
9. @ 7,8}
     ^, None of the formulas referenced by the lines contradict the other formula.",2.7846219539642334,stop,1085,115
Ex (B(x)->C(x)) |- Ax B(x)->Ex C(x),"[{'role': 'system', 'content': ""\nYou are an expert in logic using the semantic Tableaux method. \nYou will receive a first order logic formula and must prove its validity using the semantic tableau method, represent the proof in a Fitch-like notation, following these formatting instructions:\n\n### FORMAT OF PROOF LINES: \nExpanding proof line must be structured like: '<line_number>. <T_or_F> <formula> <origin>'\n- <line_number>: sequential integer, always ending with a dot ('1.', '2.', '3.', ...)\n- <T_or_F> → T for true formulas, F for false formulas. \n- <formula>: the formula derived on that line\n- <origin> is exactly one of:\n    pre (for premises)\n    conclusion (for the conclusion)\n    a comma-separated list of line numbers indicating the formula(s) used to derive the current line (e.g. '1', '3', '1,3')\n\n### BRANCHING FORMAT \nUse curly braces { and } to open and close branches. \n{ must appear immediately after the line number that opens a branch (e.g. '8.{ F A|B 3') \n} must appear at the end of the line that closes that branch (e.g. '12. @ 5,7}'). Exception: the main (initial) branch does not require a closing }, since it is not opened by {.\nBranches may be nested. But a formula may only be used at a given point if it appeared earlier in the same branch or an outer (enclosing) branch to the current branch. Formulas from closed branches or sibling branches must not be used.\n\n### SYMBOLS \nUse the following symbols for logical operations: \n & = conjunction (and), \n | = disjunction (or), \n ~ = negation (not), \n -> = implication (implies).\n\nQuantifiers symbols:  \n    Ax represents ∀x  \n    Ex represents ∃x\nSo formulas with ∀x and ∃x will be represented by Ax and Ex (A and E followed by the variable x). For example, Ax (H(x)->M(x)) represents ∀x (H(x)→M(x)).\n\n###CONVENTIONS\nAtoms: only uppercase letters not immediately followed by parentesis (e.g. P, Q, R).\nPredicates: uppercase letters immediately followed by parentesis (e.g. H(x), M(y), Q(a,b) ). All predicates must use parentheses.\nVariables: first letter in lowercase, can be followed by letters and numbers (e.g., x, x0, xP0).\n\nWrite only the final proof in <proof>...</proof> tags. Only use <proof>...</proof> tags ONCE. Omit names of the rules. Only use these symbols inside the proof '&' , '->', '~', '|', '@', '(', ')', '{', '}', 'Ax', 'Ex'.\nDo not include explanations, commentary, or extra text inside and outside the <proof>...</proof> tags.\n""}, {'role': 'user', 'content': ""Prove 'Ex P(x), Ax (P(x)->Q(x)) |- Ex Q(x)', using the analytical tableau method. Final answer using the notation described. ""}, {'role': 'assistant', 'content': ' <proof>\n                        1. T Ex P(x) pre\n                        2. T Ax (P(x)->Q(x)) pre\n                        3. F Ex Q(x) conclusion\n                        4. T P(a) 1 \n                        5. T (P(a)->Q(a)) 2 \n                        6. F Q(a) 3 \n                        7.{ F P(a) 5 \n                        8. @ 4,7}    \n                        9.{ T Q(a) 5 \n                        10. @ 6,9}   \n                    </proof>'}, {'role': 'user', 'content': ""Prove 'Ax (P(x)|P(x)) |- Ax P(x)', using the analytical tableau method. Final answer using the notation described.""}, {'role': 'assistant', 'content': ' <proof>\n                            1. T Ax (P(x)|P(x)) pre \n                            2. F Ax P(x) conclusion\n                            3. F P(a) 2          \n                            4. T (P(a)|P(a)) 1   \n                            5.{ T P(a) 4         \n                            6. @ 3,5}            \n                            7.{ T P(a) 4         \n                            8. @ 3,7}            \n                        </proof>'}, {'role': 'user', 'content': ""Prove'Ex (B(x)->C(x)) |- Ax B(x)->Ex C(x)' using the analytical tableau method. Only one final answer, surrounded by <proof>...</proof>, using the notation described.""}]","<proof>
1. T Ex (B(x)->C(x)) pre
2. F (Ax B(x)->Ex C(x)) conclusion
3. T (B(a)->C(a)) 1
4. T Ax B(x) 2
5. F Ex C(x) 2
6. T B(b) 4
7. F C(b) 5
8. T B(b) 4
9. T B(c) 4
10. T B(d) 4
11. T B(e) 4
12. T B(f) 4
13. T B(g) 4
14. T B(h) 4
15. T B(i) 4
16. T B(j) 4
17. T B(k) 4
18. T B(l) 4
19. T B(m) 4
20. T B(n) 4
21. T B(o) 4
22. T B(p) 4
23. T B(q) 4
24. T B(r) 4
25. T B(s) 4
26. T B(t) 4
27. T B(u) 4
28. T B(v) 4
29. T B(w) 4
30. T B(x) 4
31. T B(y) 4
32. T B(z) 4
33. T B(a) 4
34. T B(a) 4
35. T B(a) 4
36. T B(a) 4
37. T B(a) 4
38. T B(a) 4
39. T B(a) 4
40. T B(a) 4
41. T B(a) 4
42. T B(a) 4
43. T B(a) 4
44. T B(a) 4
45. T B(a) 4
46. T B(a) 4
47. T B(a) 4
48. T B(a) 4
49. T B(a) 4
50. T B(a) 4
51. T B(a) 4
52. T B(a) 4
53. T B(a) 4
54. T B(a) 4
55. T B(a) 4
56. T B(a) 4
57. T B(a) 4
58. T B(a) 4
59. T B(a) 4
60. T B(a) 4
61. T B(a) 4
62. T B(a) 4
63. T B(a) 4
64. T B(a) 4
65. T B(a) 4
66. T B(a) 4
67. T B(a) 4
68. T B(a) 4
69. T B(a) 4
70. T B(a) 4
71. T B(a) 4
72. T B(a) 4
73. T B(a) 4
74. T B(a) 4
75. T B(a) 4
76. T B(a) 4
77. T B(a) 4
78. T B(a) 4
79. T B(a) 4
80. T B(a) 4
81. T B(a) 4
82. T B(a) 4
83. T B(a) 4
84. T B(a) 4
85. T B(a) 4
86. T B(a) 4
87. T B(a) 4
88. T B(a) 4
89. T B(a) 4
90. T B(a) 4
91. T B(a) 4
92. T B(a) 4
93. T B(a) 4
94. T B(a) 4
95. T B(a) 4
96. T B(a) 4
97. T B(a) 4
98. T B(a) 4
99. T B(a) 4
100. T B(a) 4
101. T B(a) 4
102. T B(a) 4
103. T B(a) 4
104. T B(a) 4
105. T B(a) 4
106. T B(a) 4
107. T B(a) 4
108. T B(a) 4
109. T B(a) 4
110. T B(a) 4
111. T B(a) 4
112. T B(a) 4
113. T B(a) 4
114. T B(a) 4
115. T B(a) 4
116. T B(a) 4
117. T B(a) 4
118. T B(a) 4
119. T B(a) 4
120. T B(a) 4
121. T B(a) 4
122. T B(a) 4
123. T B(a) 4
124. T B(a) 4
125. T B(a) 4
126. T B(a) 4
127. T B(a) 4
128. T B(a) 4
129. T B(a) 4
130. T B(a) 4
131. T B(a) 4
132. T B(a) 4
133. T B(a) 4
134. T B(a) 4
135. T B(a) 4
136. T B(a) 4
137. T B(a) 4
138. T B(a) 4
139. T B(a) 4
140. T B(a) 4
141. T B(a) 4
142. T B(a) 4
143. T B(a) 4
144. T B(a) 4
145. T B(a) 4
146. T B(a) 4
147. T B(a) 4
148. T B(a) 4
149. T B(a) 4
150. T B(a) 4
151. T B(a) 4
152. T B(a) 4
153. T B(a) 4
154. T B(a) 4
155. T B(a) 4
156. T B(a) 4
157. T B(a) 4
158. T B(a) 4
159. T B(a) 4
160. T B(a) 4
161. T B(a) 4
162. T B(a) 4
163. T B(a) 4
164. T B(a) 4
165. T B(a) 4
166. T B(a) 4
167. T B(a) 4
168. T B(a) 4
169. T B(a) 4
170. T B(a) 4
171. T B(a) 4
172. T B(a) 4
173. T B(a) 4
174. T B(a) 4
175. T B(a) 4
176. T B(a) 4
177. T B(a) 4
178. T B(a) 4
179. T B(a) 4
180. T B(a) 4
181. T B(a) 4
182. T B(a) 4
183. T B(a) 4
184. T B(a) 4
185. T B(a) 4
186. T B(a) 4
187. T B(a) 4
188. T B(a) 4
189. T B(a) 4
190. T B(a) 4
191. T B(a) 4
192. T B(a) 4
193. T B(a) 4
194. T B(a) 4
195. T B(a) 4
196. T B(a) 4
197. T B(a) 4
198. T B(a) 4
199. T B(a) 4
200. T B(a) 4
201. T B(a) 4
202. T B(a) 4
203. T B(a) 4
204. T B(a) 4
205. T B(a) 4
206. T B(a) 4
207. T B(a) 4
208. T B(a) 4
209. T B(a) 4
210. T B(a) 4
211. T B(a) 4
212. T B(a) 4
213. T B(a) 4
214. T B(a) 4
215. T B(a) 4
216. T B(a) 4
217. T B(a) 4
218. T B(a) 4
219. T B(a) 4
220. T B(a) 4
221. T B(a) 4
222. T B(a) 4
223. T B(a) 4
224. T B(a) 4
225. T B(a) 4
226. T B(a) 4
227. T B(a) 4
228. T B(a) 4
229. T B(a) 4
230. T B(a) 4
231. T B(a) 4
232. T B(a) 4
233. T B(a) 4
234. T B(a) 4
235. T B(a) 4
236. T B(a) 4
237. T B(a) 4
238. T B(a) 4
239. T B(a) 4
240. T B(a) 4
241. T B(a) 4
242. T B(a) 4
243. T B(a) 4
244. T B(a) 4
245. T B(a) 4
246. T B(a) 4
247. T B(a) 4
248. T B(a) 4
249. T B(a) 4
250. T B(a) 4
251. T B(a) 4
252. T B(a) 4
253. T B(a) 4
254. T B(a) 4
255. T B(a) 4
256. T B(a) 4
257. T B(a) 4
258. T B(a) 4
259. T B(a) 4
260. T B(a) 4
261. T B(a) 4
262. T B(a) 4
263. T B(a) 4
264. T B(a) 4
265. T B(a) 4
266. T B(a) 4
267. T B(a) 4
268. T B(a) 4
269. T B(a) 4
270. T B(a) 4
271. T B(a) 4
272. T B(a) 4
273. T B(a) 4
274. T B(a) 4
275. T B(a) 4
276. T B(a) 4
277. T B(a) 4
278. T B(a) 4
279. T B(a) 4
280. T B(a) 4
281. T B(a) 4
282. T B(a) 4
283. T B(a) 4
284. T B(a) 4
285. T B(a) 4
286. T B(a) 4
287. T B(a) 4
288. T B(a) 4
289. T B(a) 4
290. T B(a) 4
291. T B(a) 4
292. T B(a) 4
293. T B(a) 4
294. T B(a) 4
295. T B(a) 4
296. T B(a) 4
297. T B(a) 4
298. T B(a) 4
299. T B(a) 4
300. T B(a) 4
301. T B(a) 4
302. T B(a) 4
303. T B(a) 4
304. T B(a) 4
305. T B(a) 4
306. T B(a) 4
307. T B(a) 4
308. T B(a) 4
309. T B(a) 4
310. T B(a) 4
311. T B(a) 4
312. T B(a) 4
313. T B(a) 4
314. T B(a) 4
315. T B(a) 4
316. T B(a) 4
317. T B(a) 4
318. T B(a) 4
319. T B(a) 4
320. T B(a) 4
321. T B(a) 4
322. T B(a) 4
323. T B(a) 4
324. T B(a) 4
325. T B(a) 4
326. T B(a) 4
327. T B(a) 4
328. T B(a) 4
329. T B(a) 4
330. T B(a) 4
331. T B(a) 4
332. T B(a) 4
333. T B(a) 4
334. T B(a) 4
335. T B(a) 4
336. T B(a) 4
337. T B(a) 4
338. T B(a) 4
339. T B(a) 4
340. T B(a) 4
341. T B(a) 4
342. T B(a) 4
343. T B(a) 4
344. T B(a) 4
345. T B(a) 4
346. T B(a) 4
347. T B(a) 4
348. T B(a) 4
349. T B(a) 4
350. T B(a) 4
351. T B(a) 4
352. T B(a) 4
353. T B(a) 4
354. T B(a) 4
355. T B(a) 4
356. T B(a) 4
357. T B(a) 4
358. T B(a) 4
359. T B(a) 4
360. T B(a) 4
361. T B(a) 4
362. T B(a) 4
363. T B(a) 4
364. T B(a) 4
365. T B(a) 4
366. T B(a) 4
367. T B(a) 4
368. T B(a) 4
369. T B(a) 4
370. T B(a) 4
371. T B(a) 4
372. T B(a) 4
373. T B(a) 4
374. T B(a) 4
375. T B(a) 4
376. T B(a) 4
377. T B(a) 4
378. T B(a) 4
379. T B(a) 4
380. T B(a) 4
381. T B(a) 4
382. T B(a) 4
383. T B(a) 4
384. T B(a) 4
385. T B(a) 4
386. T B(a) 4
387. T B(a) 4
388. T B(a) 4
389. T B(a) 4
390. T B(a) 4
391. T B(a) 4
392. T B(a) 4
393. T B(a) 4
394. T B(a) 4
395. T B(a) 4
396. T B(a) 4
397. T B(a) 4
398. T B(a) 4
399. T B(a) 4
400. T B(a) 4
401. T B(a) 4
402. T B(a) 4
403. T B(a) 4
404. T B(a) 4
405. T B(a) 4
406. T B(a) 4
407. T B(a) 4
408. T B(a) 4
409. T B(a) 4
410. T B(a) 4
411. T B(a) 4
412. T B(a) 4
413. T B(a) 4
414. T B(a) 4
415. T B(a) 4
416. T B(a) 4
417. T B(a) 4
418. T B(a) 4
419. T B(a) 4
420. T B(a) 4
421. T B(a) 4
422. T B(a) 4
423. T B(a) 4
424. T B(a) 4
425. T B(a) 4
426. T B(a) 4
427. T B(a) 4
428. T B(a) 4
429. T B(a) 4
430. T B(a) 4
431. T B(a) 4
432. T B(a) 4
433. T B(a) 4
434. T B(a) 4
435. T B(a) 4
436. T B(a) 4
437. T B(a) 4
438. T B(a) 4
439. T B(a) 4
440. T B(a) 4
441. T B(a) 4
442. T B(a) 4
443. T B(a) 4
444. T B(a) 4
445. T B(a) 4
446. T B(a) 4
447. T B(a) 4
448. T B(a) 4
449. T B(a) 4
450. T B(a) 4
451. T B(a) 4
452. T B(a) 4
453. T B(a) 4
454. T B(a) 4
455. T B(a) 4
456. T B(a) 4
457. T B(a) 4
458. T B(a) 4
459. T B(a) 4
460. T B(a) 4
461. T B(a) 4
462. T B(a) 4
463. T B(a) 4
464. T B(a) 4
465. T B(a) 4
466. T B(a) 4
467. T B(a) 4
468. T B(a) 4
469. T B(a) 4
470. T B(a) 4
471. T B(a) 4
472. T B(a) 4
473. T B(a) 4
474. T B(a) 4
475. T B(a) 4
476. T B(a) 4
477. T B(a) 4
478. T B(a) 4
479. T B(a) 4
480. T B(a) 4
481. T B(a) 4
482. T B(a) 4
483. T B(a) 4
484. T B(a) 4
485. T B(a) 4
486. T B(a) 4
487. T B(a) 4
488. T B(a) 4
489. T B(a) 4
490. T B(a) 4
491. T B(a) 4
492. T B(a) 4
493. T B(a) 4
494. T B(a) 4
495. T B(a) 4
496. T B(a) 4
497. T B(a) 4
498. T B(a) 4
499. T B(a) 4
500. T B(a) 4
501. T B(a) 4
502. T B(a) 4
503. T B(a) 4
504. T B(a) 4
505. T B(a) 4
506. T B(a) 4
507. T B(a) 4
508. T B(a) 4
509. T B(a) 4
510. T B(a) 4
511. T B(a) 4
512. T B(a) 4
513. T B(a) 4
514. T B(a) 4
515. T B(a) 4
516. T B(a) 4
517. T B(a) 4
518. T B(a) 4
519. T B(a) 4
520. T B(a) 4
521. T B(a) 4
522. T B(a) 4
523. T B(a) 4
524. T B(a) 4
525. T B(a) 4
526. T B(a) 4
527. T B(a) 4
528. T B(a) 4
529. T B(a) 4
530. T B(a) 4
531. T B(a) 4
532. T B(a) 4
533. T B(a) 4
534. T B(a) 4
535. T B(a) 4
536. T B(a) 4
537. T B(a) 4
538. T B(a) 4
539. T B(a) 4
540. T B(a) 4
541. T B(a) 4
542. T B(a) 4
543. T B(a) 4
544. T B(a) 4
545. T B(a) 4
546. T B(a) 4
547. T B(a) 4
548. T B(a) 4
549. T B(a) 4
550. T B(a) 4
551. T B(a) 4
552. T B(a) 4
553. T B(a) 4
554. T B(a) 4
555. T B(a) 4
556. T B(a) 4
557. T B(a) 4
558. T B(a) 4
559. T B(a) 4
560. T B(a) 4
561. T B(a) 4
562. T B(a) 4
563. T B(a) 4
564. T B(a) 4
565. T B(a) 4
566. T B(a) 4
567. T B(a) 4
568. T B(a) 4
569. T B(a) 4
570. T B(a) 4
571. T B(a) 4
572. T B(a) 4
573. T B(a) 4
574. T B(a) 4
575. T B(a) 4
576. T B(a) 4
577. T B(a) 4
578. T B(a) 4
579. T B(a) 4
580. T B(a) 4
581. T B(a) 4
582. T B(a) 4
583. T B(a) 4
584. T B(a) 4
585. T B(a) 4
586. T B(a) 4
587. T B(a) 4
588. T B(a) 4
589. T B(a) 4
590. T B(a) 4
591. T B(a) 4
592. T B(a) 4
593. T B(a) 4
594. T B(a) 4
595. T B(a) 4
596. T B(a) 4
597. T B(a) 4
598. T B(a) 4
599. T B(a) 4
600. T B(a) 4
601. T B(a) 4
602. T B(a) 4
603. T B(a) 4
604. T B(a) 4
605. T B(a) 4
606. T B(a) 4
607. T B(a) 4
608. T B(a) 4
609. T B(a) 4
610. T B(a) 4
611. T B(a) 4
612. T B(a) 4
613. T B(a) 4
614. T B(a) 4
615. T B(a) 4
616. T B(a) 4
617. T B(a) 4
618. T B(a) 4
619. T B(a) 4
620. T B(a) 4
621. T B(a) 4
622. T B(a) 4
623. T B(a) 4
624. T B(a) 4
625. T B(a) 4
626. T B(a) 4
627. T B(a) 4
628. T B(a) 4
629. T B(a) 4
630. T B(a) 4
631. T B(a) 4
632. T B(a) 4
633. T B(a) 4
634. T B(a) 4
635. T B(a) 4
636. T B(a) 4
637. T B(a) 4
638. T B(a) 4
639. T B(a) 4
640. T B(a) 4
641. T B(a) 4
642. T B(a) 4
643. T B(a) 4
644. T B(a) 4
645. T B(a) 4
646. T B(a) 4
647. T B(a) 4
648. T B(a) 4
649. T B(a) 4
650. T B(a) 4
651. T B(a) 4
652. T B(a) 4
653. T B(a) 4
654. T B(a) 4
655. T B(a) 4
656. T B(a) 4
657. T B(a) 4
658. T B(a) 4
659. T B(a) 4
660. T B(a) 4
661. T B(a) 4
662. T B(a) 4
663. T B(a) 4
664. T B(a) 4
665. T B(a) 4
666. T B(a) 4
667. T B(a) 4
668. T B(a) 4
669. T B(a) 4
670. T B(a) 4
671. T B(a) 4
672. T B(a) 4
673. T B(a) 4
674. T B(a) 4
675. T B(a) 4
676. T B(a) 4
677. T B(a) 4
678. T B(a) 4
679. T B(a) 4
680. T B(a) 4
681. T B(a) 4
682. T B(a) 4
683. T B(a) 4
684. T B(a) 4
685. T B(a) 4
686. T B(a) 4
687. T B(a) 4
688. T B(a) 4
689. T B(a) 4
690. T B(a) 4
691. T B(a) 4
692. T B(a) 4
693. T B(a) 4
694. T B(a) 4
695. T B(a) 4
696. T B(a) 4
697. T B(a) 4
698. T B(a) 4
699. T B(a) 4
700. T B(a) 4
701. T B(a) 4
702. T B(a) 4
703. T B(a) 4
704. T B(a) 4
705. T B(a) 4
706. T B(a) 4
707. T B(a) 4
708. T B(a) 4
709. T B(a) 4
710. T B(a) 4
711. T B(a) 4
712. T B(a) 4
713. T B(a) 4
714. T B(a) 4
715. T B(a) 4
716. T B(a) 4
717. T B(a) 4
718. T B(a) 4
719. T B(a) 4
720. T B(a) 4
721. T B(a) 4
722. T B(a) 4
723. T B(a) 4
724. T B(a) 4
725. T B(a) 4
726. T B(a) 4
727. T B(a) 4
728. T B(a) 4
729. T B(a) 4
730. T B(a) 4
731. T B(a) 4
732. T B(a) 4
733. T B(a) 4
734. T B(a) 4
735. T B(a) 4
736. T B(a) 4
737. T B(a) 4
738. T B(a) 4
739. T B(a) 4
740. T B(a) 4
741. T B(a) 4
742. T B(a) 4
743. T B(a) 4
744. T B(a) 4
745. T B(a) 4
746. T B(a) 4
747. T B(a) 4
748. T B(a) 4
749. T B(a) 4
750. T B(a) 4
751. T B(a) 4
752. T B(a) 4
753. T B(a) 4
754. T B(a) 4
755. T B(a) 4
756. T B(a) 4
757. T B(a) 4
758. T B(a) 4
759. T B(a) 4
760. T B(a) 4
761. T B(a) 4
762. T B(a) 4
763. T B(a) 4
764. T B(a) 4
765. T B(a) 4
766. T B(a) 4
767. T B(a) 4
768. T B(a) 4
769. T B(a) 4
770. T B(a) 4
771. T B(a) 4
772. T B(a) 4
773. T B(a) 4
774. T B(a) 4
775. T B(a) 4
776. T B(a) 4
777. T B(a) 4
778. T B(a) 4
779. T B(a) 4
780. T B(a) 4
781. T B(a) 4
782. T B(a) 4
783. T B(a) 4
784. T B(a) 4
785. T B(a) 4
786. T B(a) 4
787. T B(a) 4
788. T B(a) 4
789. T B(a) 4
790. T B(a) 4
791. T B(a) 4
792. T B(a) 4
793. T B(a) 4
794. T B(a) 4
795. T B(a) 4
796. T B(a) 4
797. T B(a) 4
798. T B(a) 4
799. T B(a) 4
800. T B(a) 4
801. T B(a) 4
802. T B(a) 4
803. T B(a) 4
804. T B(a) 4
805. T B(a) 4
806. T B(a) 4
807. T B(a) 4
808. T B(a) 4
809. T B(a) 4
810. T B(a) 4
811. T B(a) 4
812. T B(a) 4
813. T B(a) 4
814. T B(a) 4
815. T B(a) 4
816. T B(a) 4
817. T B(a) 4
818. T B(a) 4
819. T B(a) 4
820. T B(a) 4
821. T B(a) 4
822. T B(a) 4
823. T B(a) 4
824. T B(a) 4
825. T B(a) 4
826. T B(a) 4
827. T B(a) 4
828. T B(a) 4
829. T B(a) 4
830. T B(a) 4
831. T B(a) 4
832. T B(a) 4
833. T B(a) 4
834. T B(a) 4
835. T B(a) 4
836. T B(a) 4
837. T B(a) 4
838. T B(a) 4
839. T B(a) 4
840. T B(a) 4
841. T B(a) 4
842. T B(a) 4
843. T B(a) 4
844. T B(a) 4
845. T B(a) 4
846. T B(a) 4
847. T B(a) 4
848. T B(a) 4
849. T B(a) 4
850. T B(a) 4
851. T B(a) 4
852. T B(a) 4
853. T B(a) 4
854. T B(a) 4
855. T B(a) 4
856. T B(a) 4
857. T B(a) 4
858. T B(a) 4
859. T B(a) 4
860. T B(a) 4
861. T B(a) 4
862. T B(a) 4
863. T B(a) 4
864. T B(a) 4
865. T B(a) 4
866. T B(a) 4
867. T B(a) 4
868. T B(a) 4
869. T B(a) 4
870. T B(a) 4
871. T B(a) 4
872. T B(a) 4
873. T B(a) 4
874. T B(a) 4
875. T B(a) 4
876. T B(a) 4
877. T B(a) 4
878. T B(a) 4
879. T B(a) 4
880. T B(a) 4
881. T B(a) 4
882. T B(a) 4
883. T B(a) 4
884. T B(a) 4
885. T B(a) 4
886. T B(a) 4
887. T B(a) 4
888. T B(a) 4
889. T B(a) 4
890. T B(a) 4
891. T B(a) 4
892. T B(a) 4
893. T B(a) 4
894. T B(a) 4
895. T B(a) 4
896. T B(a) 4
897. T B(a) 4
898. T B(a) 4
899. T B(a) 4
900. T B(a) 4
901. T B(a) 4
902. T B(a) 4
903. T B(a) 4
904. T B(a) 4
905. T B(a) 4
906. T B(a) 4
907. T B(a) 4
908. T B(a) 4
909. T B(a) 4
910. T B(a) 4
911. T B(a) 4
912. T B(a) 4
913. T B(a) 4
914. T B(a) 4
915. T B(a) 4
916. T B(a) 4
917. T B(a) 4
918. T B(a) 4
919. T B(a) 4
920. T B(a) 4
921. T B(a) 4
922. T B(a) 4
923. T B(a) 4
924. T B(a) 4
925. T B(a) 4
926. T B(a) 4
927. T B(a) 4
928. T B(a) 4
929. T B(a) 4
930. T B(a) 4
931. T B(a) 4
932. T B(a) 4
933. T B(a) 4
934. T B(a) 4
935. T B(a) 4
936. T B(a) 4
937. T B(a) 4
938. T B(a) 4
939. T B(a) 4
940. T B(a) 4
941. T B(a) 4
942. T B(a) 4
943. T B(a) 4
944. T B(a) 4
945. T B(a) 4
946. T B(a) 4
947. T B(a) 4
948. T B(a) 4
949. T B(a) 4
950. T B(a) 4
951. T B(a) 4
952. T B(a) 4
953. T B(a) 4
954. T B(a) 4
955. T B(a) 4
956. T B(a) 4
957. T B(a) 4
958. T B(a) 4
959. T B(a) 4
960. T B(a) 4
961. T B(a) 4
962. T B(a) 4
963. T B(a) 4
964. T B(a) 4
965. T B(a) 4
966. T B(a) 4
967. T B(a) 4
968. T B(a) 4
969. T B(a) 4
970. T B(a) 4
971. T B(a) 4
972. T B(a) 4
973. T B(a) 4
974. T B(a) 4
975. T B(a) 4
976. T B(a) 4
977. T B(a) 4
978. T B(a) 4
979. T B(a) 4
980. T B(a) 4
981. T B(a) 4
982. T B(a) 4
983. T B(a) 4
984. T B(a) 4
985. T B(a) 4
986. T B(a) 4
987. T B(a) 4
988. T B(a) 4
989. T B(a) 4
990. T B(a) 4
991. T B(a) 4
992. T B(a) 4
993. T B(a) 4
994. T B(a) 4
995. T B(a) 4
996. T B(a) 4
997. T B(a) 4
998. T B(a) 4
999. T B(a) 4
1000. T B(a) 4
1001. T B(a) 4
1002. T B(a) 4
1003. T B(a) 4
1004. T B(a) 4
1005. T B(a) 4
1006. T B(a) 4
1007. T B(a) 4
1008. T B(a) 4
1009. T B(a) 4
1010. T B(a) 4
1011. T B(a) 4
1012. T B(a) 4
1013. T B(a) 4
1014. T B(a) 4
1015. T B(a) 4
1016. T B(a) 4
1017. T B(a) 4
1018. T B(a) 4
1019. T B(a) 4
1020. T B(a) 4
1021. T B(a) 4
1022. T B(a) 4
1023. T B(a) 4
1024. T B(a) 4
1025. T B(a) 4
1026. T B(a) 4
1027. T B(a) 4
1028. T B(a) 4
1029. T B(a) 4
1030. T B(a) 4
1031. T B(a) 4
1032. T B(a) 4
1033. T B(a) 4
1034. T B(a) 4
1035. T B(a) 4
1036. T B(a) 4
1037. T B(a) 4
1038. T B(a) 4
1039. T B(a) 4
1040. T B(a) 4
1041. T B(a) 4
1042. T B(a) 4
1043. T B(a) 4
1044. T B(a) 4
1045. T B(a) 4
1046. T B(a) 4
1047. T B(a) 4
1048. T B(a) 4
1049. T B(a) 4
1050. T B(a) 4
1051. T B(a) 4
1052. T B(a) 4
1053. T B(a) 4
1054. T B(a) 4
1055. T B(a) 4
1056. T B(a) 4
1057. T B(a) 4
1058. T B(a) 4
1059. T B(a) 4
1060. T B(a) 4
1061. T B(a) 4
1062. T B(a) 4
1063. T B(a) 4
1064. T B(a) 4
1065. T B(a) 4
1066. T B(a) 4
1067. T B(a) 4
1068. T B(a) 4
1069. T B(a) 4
1070. T B(a) 4
1071. T B(a) 4
1072. T B(a) 4
1073. T B(a) 4
1074. T B(a) 4
1075. T B(a) 4
1076. T B(a) 4
1077. T B(a) 4
1078. T B(a) 4
1079. T B(a) 4
1080. T B(a) 4
1081. T B(a) 4
1082. T B(a) 4
1083. T B(a) 4
1084. T B(a) 4
1085. T B(a) 4
1086. T B(a) 4
1087. T B(a) 4
1088. T B(a) 4
1089. T B(a) 4
1090. T B(a) 4
1091. T B(a) 4
1092. T B(a) 4
1093. T B(a) 4
1094. T B(a) 4
1095. T B(a) 4
1096. T B(a) 4
1097. T B(a) 4
1098. T B(a) 4
1099. T B(a) 4
1100. T B(a) 4
1101. T B(a) 4
1102. T B(a) 4
1103. T B(a) 4
1104. T B(a) 4
1105. T B(a) 4
1106. T B(a) 4
1107. T B(a) 4
1108. T B(a) 4
1109. T B(a) 4
1110. T B(a) 4
1111. T B(a) 4
1112. T B(a) 4
1113. T B(a) 4
1114. T B(a) 4
1115. T B(a) 4
1116. T B(a) 4
1117. T B(a) 4
1118. T B(a) 4
1119. T B(a) 4
1120. T B(a) 4
1121. T B(a) 4
1122. T B(a) 4
1123. T B(a) 4
1124. T B(a) 4
1125. T B(a) 4
1126. T B(a) 4
1127. T B(a) 4
1128. T B(a) 4
1129. T B(a) 4
1130. T B(a) 4
1131. T B(a) 4
1132. T B(a) 4
1133. T B(a) 4
1134. T B(a) 4
1135. T B(a) 4
1136. T B(a) 4
1137. T B(a) 4
1138. T B(a) 4
1139. T B(a) 4
1140. T B(a) 4
1141. T B(a) 4
1142. T B(a) 4
1143. T B(a) 4
1144. T B(a) 4
1145. T B(a) 4
1146. T B(a) 4
1147. T B(a) 4
1148. T B(a) 4
1149. T B(a) 4
1150. T B(a) 4
1151. T B(a) 4
1152. T B(a) 4
1153. T B(a) 4
1154. T B(a) 4
1155. T B(a) 4
1156. T B(a) 4
1157. T B(a) 4
1158. T B(a) 4
1159. T B(a) 4
1160. T B(a) 4
1161. T B(a) 4
1162. T B(a) 4
1163. T B(a) 4
1164. T B(a) 4
1165. T B(a) 4
1166. T B(a) 4
1167. T B(a) 4
1168. T B(a) 4
1169. T B(a) 4
1170. T B(a) 4
1171. T B(a) 4
1172. T B(a) 4
1173. T B(a) 4
1174. T B(a) 4
1175. T B(a) 4
1176. T B(a) 4
1177. T B(a) 4
1178. T B(a) 4
1179. T B(a) 4
1180. T B(a) 4
1181. T B(a) 4
1182. T B(a) 4
1183. T B(a) 4
1184. T B(a) 4
1185. T B(a) 4
1186. T B(a) 4
1187. T B(a) 4
1188. T B(a) 4
1189. T B(a) 4
1190. T B(a) 4
1191. T B(a) 4
1192. T B(a) 4
1193. T B(a) 4
1194. T B(a) 4
1195. T B(a) 4
1196. T B(a) 4
1197. T B(a) 4
1198. T B(a) 4
1199. T B(a) 4
1200. T B(a) 4
1201. T B(a) 4
1202. T B(a) 4
1203. T B(a) 4
1204. T B(a) 4
1205. T B(a) 4
1206. T B(a) 4
1207. T B(a) 4
1208. T B(a) 4
1209. T B(a) 4
1210. T B(a) 4
1211. T B(a) 4
1212. T B(a) 4
1213. T B(a) 4
1214. T B(a) 4
1215. T B(a) 4
1216. T B(a) 4
1217. T B(a) 4
1218. T B(a) 4
1219. T B(a) 4
1220. T B(a) 4
1221. T B(a) 4
1222. T B(a) 4
1223. T B(a) 4
1224. T B(a) 4
1225. T B(a) 4
1226. T B(a) 4
1227. T B(a) 4
1228. T B(a) 4
1229. T B(a) 4
1230. T B(a) 4
1231. T B(a) 4
1232. T B(a) 4
1233. T B(a) 4
1234. T B(a) 4
1235. T B(a) 4
1236. T B(a) 4
1237. T B(a) 4
1238. T B(a) 4
1239. T B(a) 4
1240. T B(a) 4
1241. T B(a) 4
1242. T B(a) 4
1243. T B(a) 4
1244. T B(a) 4
1245. T B(a) 4
1246. T B(a) 4
1247. T B(a) 4
1248. T B(a) 4
1249. T B(a) 4
1250. T B(a) 4
1251. T B(a) 4
1252. T B(a) 4
1253. T B(a) 4
1254. T B(a) 4
1255. T B(a) 4
1256. T B(a) 4
1257. T B(a) 4
1258. T B(a) 4
1259. T B(a) 4
1260. T B(a) 4
1261. T B(a) 4
1262. T B(a) 4
1263. T B(a) 4
1264. T B(a) 4
1265. T B(a) 4
1266. T B(a) 4
1267. T B(a) 4
1268. T B(a) 4
1269. T B(a) 4
1270. T B(a) 4
1271. T B(a) 4
1272. T B(a) 4
1273. T B(a) 4
1274. T B(a) 4
1275. T B(a) 4
1276. T B(a) 4
1277. T B(a) 4
1278. T B(a) 4
1279. T B(a) 4
1280. T B(a) 4
1281. T B(a) 4
1282. T B(a) 4
1283. T B(a) 4
1284. T B(a) 4
1285. T B(a) 4
1286. T B(a) 4
1287. T B(a) 4
1288. T B(a) 4
1289. T B(a) 4
1290. T B(a) 4
1291. T B(a) 4
1292. T B(a) 4
1293. T B(a) 4
1294. T B(a) 4
1295. T B(a) 4
1296. T B(a) 4
1297. T B(a) 4
1298. T B(a) 4
1299. T B(a) 4
1300. T B(a) 4
1301. T B(a) 4
1302. T B(a) 4
1303. T B(a) 4
1304. T B(a) 4
1305. T B(a) 4
1306. T B(a) 4
1307. T B(a) 4
1308. T B(a) 4
1309. T B(a) 4
1310. T B(a) 4
1311. T B(a) 4
1312. T B(a) 4
1313. T B(a) 4
1314. T B(a) 4
1315. T B(a) 4
1316. T B(a) 4
1317. T B(a) 4
1318. T B(a) 4
1319. T B(a) 4
1320. T B(a) 4
1321. T B(a) 4
1322. T B(a) 4
1323. T B(a) 4
1324. T B(a) 4
1325. T B(a) 4
1326. T B(a) 4
1327. T B(a) 4
1328. T B(a) 4
1329. T B(a) 4
1330. T B(a) 4
1331. T B(a) 4
1332. T B(a) 4
1333. T B(a) 4
1334. T B(a) 4
1335. T B(a) 4
1336. T B(a) 4
1337. T B(a) 4
1338. T B(a) 4
1339. T B(a) 4
1340. T B(a) 4
1341. T B(a) 4
1342. T B(a) 4
1343. T B(a) 4
1344. T B(a) 4
1345. T B(a) 4
1346. T B(a) 4
1347. T B(a) 4
1348. T B(a) 4
1349. T B(a) 4
1350. T B(a) 4
1351. T B(a) 4
1352. T B(a) 4
1353. T B(a) 4
1354. T B(a) 4
1355. T B(a) 4
1356. T B(a) 4
1357. T B(a) 4
1358. T B(a) 4
1359. T B(a) 4
1360. T B(a) 4
1361. T B(a) 4
1362. T B(a) 4
1363. T B(a) 4
1364. T B(a) 4
1365. T B(a) 4
1366. T B(a) 4
1367. T B(a) 4
1368. T B(a) 4
1369. T B(a) 4
1370. T B(a) 4
1371. T B(a) 4
1372. T B(a) 4
1373. T B(a) 4
1374. T B(a) 4
1375. T B(a) 4
1376. T B(a) 4
1377. T B(a) 4
1378. T B(a) 4
1379. T B(a) 4
1380. T B(a) 4
1381. T B(a) 4
1382. T B(a) 4
1383. T B(a) 4
1384. T B(a) 4
1385. T B(a) 4
1386. T B(a) 4
1387. T B(a) 4
1388. T B(a) 4
1389. T B(a) 4
1390. T B(a) 4
1391. T B(a) 4
1392. T B(a) 4
1393. T B(a) 4
1394. T B(a) 4
1395. T B(a) 4
1396. T B(a) 4
1397. T B(a) 4
1398. T B(a) 4
1399. T B(a) 4
1400. T B(a) 4
1401. T B(a) 4
1402. T B(a) 4
1403. T B(a) 4
1404. T B(a) 4
1405. T B(a) 4
1406. T B(a) 4
1407. T B(a) 4
1408. T B(a) 4
1409. T B(a) 4
1410. T B(a) 4
1411. T B(a) 4
1412. T B(a) 4
1413. T B(a) 4
1414. T B(a) 4
1415. T B(a) 4
1416. T B(a) 4
1417. T B(a) 4
1418. T B(a) 4
1419. T B(a) 4
1420. T B(a) 4
1421. T B(a) 4
1422. T B(a) 4
1423. T B(a) 4
1424. T B(a) 4
1425. T B(a) 4
1426. T B(a) 4
1427. T B(a) 4
1428. T B(a) 4
1429. T B(a) 4
1430. T B(a) 4
1431. T B(a) 4
1432. T B(a) 4
1433. T B(a) 4
1434. T B(a) 4
1435. T B(a) 4
1436. T B(a) 4
1437. T B(a) 4
1438. T B(a) 4
1439. T B(a) 4
1440. T B(a) 4
1441. T B(a) 4
1442. T B(a) 4
1443. T B(a) 4
1444. T B(a) 4
1445. T B(a) 4
1446. T B(a) 4
1447. T B(a) 4
1448. T B(a) 4
1449. T B(a) 4
1450. T B(a) 4
1451. T B(a) 4
1452. T B(a) 4
1453. T B(a) 4
1454. T B(a) 4
1455. T B(a) 4
1456. T B(a) 4
1457. T B(a) 4
1458. T B(a) 4
1459. T B(a) 4
1460. T B(a) 4
1461. T B(a) 4
1462. T B(a) 4
1463. T B(a) 4
1464. T B(a) 4
1465. T B(a) 4
1466. T B(a) 4
1467. T B(a) 4
1468. T B(a) 4
1469. T B(a) 4
1470. T B(a) 4
1471. T B(a) 4
1472. T B(a) 4
1473. T B(a) 4
1474. T B(a) 4
1475. T B(a) 4
1476. T B(a) 4
1477. T B(a) 4
1478. T B(a) 4
1479. T B(a) 4
1480. T B(a) 4
1481. T B(a) 4
1482. T B(a) 4
1483. T B(a) 4
1484. T B(a) 4
1485. T B(a) 4
1486. T B(a) 4
1487. T B(a) 4
1488. T B(a) 4
1489. T B(a) 4
1490. T B(a) 4
1491. T B(a) 4
1492. T B(a) 4
1493. T B(a) 4
1494. T B(a) 4
1495. T B(a) 4
1496. T B(a) 4
1497. T B(a) 4
1498. T B(a) 4
1499. T B(a) 4
1500. T B(a) 4
1501. T B(a) 4
1502. T B(a) 4
1503. T B(a) 4
1504. T B(a) 4
1505. T B(a) 4
1506. T B(a) 4
1507. T B(a) 4
1508. T B(a) 4
1509. T B(a) 4
1510. T B(a) 4
1511. T B(a) 4
1512. T B(a) 4
1513. T B(a) 4
1514. T B(a) 4
1515. T B(a) 4
1516. T B(a) 4
1517. T B(a) 4
1518. T B(a) 4
1519. T B(a) 4
1520. T B(a) 4
1521. T B(a) 4
1522. T B(a) 4
1523. T B(a) 4
1524. T B(a) 4
1525. T B(a) 4
1526. T B(a) 4
1527. T B(a) 4
1528. T B(a) 4
1529. T B(a) 4
1530. T B(a) 4
1531. T B(a) 4
1532. T B(a) 4
1533. T B(a) 4
1534. T B(a) 4
1535. T B(a) 4
1536. T B(a) 4
1537. T B(a) 4
1538. T B(a) 4
1539. T B(a) 4
1540. T B(a) 4
1541. T B(a) 4
1542. T B(a) 4
1543. T B(a) 4
1544. T B(a) 4
1545. T B(a) 4
1546. T B(a) 4
1547. T B(a) 4
1548. T B(a) 4
1549. T B(a) 4
1550. T B(a) 4
1551. T B(a) 4
1552. T B(a) 4
1553. T B(a) 4
1554. T B(a) 4
1555. T B(a) 4
1556. T B(a) 4
1557. T B(a) 4
1558. T B(a) 4
1559. T B(a) 4
1560. T B(a) 4
1561. T B(a) 4
1562. T B(a) 4
1563. T B(a) 4
1564. T B(a) 4
1565. T B(a) 4
1566. T B(a) 4
1567. T B(a) 4
1568. T B(a) 4
1569. T B(a) 4
1570. T B(a) 4
1571. T B(a) 4
1572. T B(a) 4
1573. T B(a) 4
1574. T B(a) 4
1575. T B(a) 4
1576. T B(a) 4
1577. T B(a) 4
1578. T B(a) 4
1579. T B(a) 4
1580. T B(a) 4
1581. T B(a) 4
1582. T B(a) 4
1583. T B(a) 4
1584. T B(a) 4
1585. T B(a) 4
1586. T B(a) 4
1587. T B(a) 4
1588. T B(a) 4
1589. T B(a) 4
1590. T B(a) 4
1591. T B(a) 4
1592. T B(a) 4
1593. T B(a) 4
1594. T B(a) 4
1595. T B(a) 4
1596. T B(a) 4
1597. T B(a) 4
1598. T B(a) 4
1599. T B(a) 4
1600. T B(a) 4
1601. T B(a) 4
1602. T B(a) 4
1603. T B(a) 4
1604. T B(a) 4
1605. T B(a) 4
1606. T B(a) 4
1607. T B(a) 4
1608. T B(a) 4
1609. T B(a) 4
1610. T B(a) 4
1611. T B(a) 4
1612. T B(a) 4
1613. T B(a) 4
1614. T B(a) 4
1615. T B(a) 4
1616. T B(a) 4
1617. T B(a) 4
1618. T B(a) 4
1619. T B(a) 4
1620. T B(a) 4
1621. T B(a) 4
1622. T B(a) 4
1623. T B(a) 4
1624. T B(a) 4
1625. T B(a) 4
1626. T B(a) 4
1627. T B(a) 4
1628. T B(a) 4
1629. T B(a) 4
1630. T B(a) 4
1631. T B(a) 4
1632. T B(a) 4
1633. T B(a) 4
1634. T B(a) 4
1635. T B(a) 4
1636. T B(a) 4
1637. T B(a) 4
1638. T B(a) 4
1639. T B(a) 4
1640. T B(a) 4
1641. T B(a) 4
1642. T B(a) 4
1643. T B(a) 4
1644. T B(a) 4
1645. T B(a) 4
1646. T B(a) 4
1647. T B(a) 4
1648. T B(a) 4
1649. T B(a) 4
1650. T B(a) 4
1651. T B(a) 4
1652. T B(a) 4
1653. T B(a) 4
1654. T B(a) 4
1655. T B(a) 4
1656. T B(a) 4
1657. T B(a) 4
1658. T B(a) 4
1659. T B(a) 4
1660. T B(a) 4
1661. T B(a) 4
1662. T B(a) 4
1663. T B(a) 4
1664. T B(a) 4
1665. T B(a) 4
1666. T B(a) 4
1667. T B(a) 4
1668. T B(a) 4
1669. T B(a) 4
1670. T B(a) 4
1671. T B(a) 4
1672. T B(a) 4
1673. T B(a) 4
1674. T B(a) 4
1675. T B(a) 4
1676. T B(a) 4
1677. T B(a) 4
1678. T B(a) 4
1679. T B(a) 4
1680. T B(a) 4
1681. T B(a) 4
1682. T B(a) 4
1683. T B(a) 4
1684. T B(a) 4
1685. T B(a) 4
1686. T B(a) 4
1687. T B(a) 4
1688. T B(a) 4
1689. T B(a) 4
1690. T B(a) 4
1691. T B(a) 4
1692. T B(a) 4
1693. T B(a) 4
1694. T B(a) 4
1695. T B(a) 4
1696. T B(a) 4
1697. T B(a) 4
1698. T B(a) 4
1699. T B(a) 4
1700. T B(a) 4
1701. T B(a) 4
1702. T B(a) 4
1703. T B(a) 4
1704. T B(a) 4
1705. T B(a) 4
1706. T B(a) 4
1707. T B(a) 4
1708. T B(a) 4
1709. T B(a) 4
1710. T B(a) 4
1711. T B(a) 4
1712. T B(a) 4
1713. T B(a) 4
1714. T B(a) 4
1715. T B(a) 4
1716. T B(a) 4
1717. T B(a) 4
1718. T B(a) 4
1719. T B(a) 4
1720. T B(a) 4
1721. T B(a) 4
1722. T B(a) 4
1723. T B(a) 4
1724. T B(a) 4
1725. T B(a) 4
1726. T B(a) 4
1727. T B(a) 4
1728. T B(a) 4
1729. T B(a) 4
1730. T B(a) 4
1731. T B(a) 4
1732. T B(a) 4
1733. T B(a) 4
1734. T B(a) 4
1735. T B(a) 4
1736. T B(a) 4
1737. T B(a) 4
1738. T B(a) 4
1739. T B(a) 4
1740. T B(a) 4
1741. T B(a) 4
1742. T B(a) 4
1743. T B(a) 4
1744. T B(a) 4
1745. T B(a) 4
1746. T B(a) 4
1747. T B(a) 4
1748. T B(a) 4
1749. T B(a) 4
1750. T B(a) 4
1751. T B(a) 4
1752. T B(a) 4
1753. T B(a) 4
1754. T B(a) 4
1755. T B(a) 4
1756. T B(a) 4
1757. T B(a) 4
1758. T B(a) 4
1759. T B(a) 4
1760. T B(a) 4
1761. T B(a) 4
1762. T B(a) 4
1763. T B(a) 4
1764. T B(a) 4
1765. T B(a) 4
1766. T B(a) 4
1767. T B(a) 4
1768. T B(a) 4
1769. T B(a) 4
1770. T B(a) 4
1771. T B(a) 4
1772. T B(a) 4
1773. T B(a) 4
1774. T B(a) 4
1775. T B(a) 4
1776. T B(a) 4
1777. T B(a) 4
1778. T B(a) 4
1779. T B(a) 4
1780. T B(a) 4
1781. T B(a) 4
1782. T B(a) 4
1783. T B(a) 4
1784. T B(a) 4
1785. T B(a) 4
1786. T B(a) 4
1787. T B(a) 4
1788. T B(a) 4
1789. T B(a) 4
1790. T B(a) 4
1791. T B(a) 4
1792. T B(a) 4
1793. T B(a) 4
1794. T B(a) 4
1795. T B(a) 4
1796. T B(a) 4
1797. T B(a) 4
1798. T B(a) 4
1799. T B(a) 4
1800. T B(a) 4
1801. T B(a) 4
1802. T B(a) 4
1803. T B(a) 4
1804. T B(a) 4
1805. T B(a) 4
1806. T B(a) 4
1807. T B(a) 4
1808. T B(a) 4
1809. T B(a) 4
1810. T B(a) 4
1811. T B(a) 4
1812. T B(a) 4
1813. T B(a) 4
1814. T B(a) 4
1815. T B(a) 4
1816. T B(a) 4
1817. T B(a) 4
1818. T B(a) 4
1819. T B(a) 4
1820. T B(a) 4
1821. T B(a) 4
1822. T B(a) 4
1823. T B(a) 4
1824. T B(a) 4
1825. T B(a) 4
1826. T B(a) 4
1827. T B(a) 4
1828. T B(a) 4
1829. T B(a) 4
1830. T B(a) 4
1831. T B(a) 4
1832. T B(a) 4
1833. T B(a) 4
1834. T B(a) 4
1835. T B(a) 4
1836. T B(a) 4
1837. T B(a) 4
1838. T B(a) 4
1839. T B(a) 4
1840. T B(a) 4
1841. T B(a) 4
1842. T B(a) 4
1843. T B(a) 4
1844. T B(a) 4
1845. T B(a) 4
1846. T B(a) 4
1847. T B(a) 4
1848. T B(a) 4
1849. T B(a) 4
1850. T B(a) 4
1851. T B(a) 4
1852. T B(a) 4
1853. T B(a) 4
1854. T B(a) 4
1855. T B(a) 4
1856. T B(a) 4
1857. T B(a) 4
1858. T B(a) 4
1859. T B(a) 4
1860. T B(a) 4
1861. T B(a) 4
1862. T B(a) 4
1863. T B(a) 4
1864. T B(a) 4
1865. T B(a) 4
1866. T B(a) 4
1867. T B(a) 4
1868. T B(a) 4
1869. T B(a) 4
1870. T B(a) 4
1871. T B(a) 4
1872. T B(a) 4
1873. T B(a) 4
1874. T B(a) 4
1875. T B(a) 4
1876. T B(a) 4
1877. T B(a) 4
1878. T B(a) 4
1879. T B(a) 4
1880. T B(a) 4
1881. T B(a) 4
1882. T B(a) 4
1883. T B(a) 4
1884. T B(a) 4
1885. T B(a) 4
1886. T B(a) 4
1887. T B(a) 4
1888. T B(a) 4
1889. T B(a) 4
1890. T B(a) 4
1891. T B(a) 4
1892. T B(a) 4
1893. T B(a) 4
1894. T B(a) 4
1895. T B(a) 4
1896. T B(a) 4
1897. T B(a) 4
1898. T B(a) 4
1899. T B(a) 4
1900. T B(a) 4
1901. T B(a) 4
1902. T B(a) 4
1903. T B(a) 4
1904. T B(a) 4
1905. T B(a) 4
1906. T B(a) 4
1907. T B(a) 4
1908. T B(a) 4
1909. T B(a) 4
1910. T B(a) 4
1911. T B(a) 4
1912. T B(a) 4
1913. T B(a) 4
1914. T B(a) 4
1915. T B(a) 4
1916. T B(a) 4
1917. T B(a) 4
1918. T B(a) 4
1919. T B(a) 4
1920. T B(a) 4
1921. T B(a) 4
1922. T B(a) 4
1923. T B(a) 4
1924. T B(a) 4
1925. T B(a) 4
1926. T B(a) 4
1927. T B(a) 4
1928. T B(a) 4
1929. T B(a) 4
1930. T B(a) 4
1931. T B(a) 4
1932. T B(a) 4
1933. T B(a) 4
1934. T B(a) 4
1935. T B(a) 4
1936. T B(a) 4
1937. T B(a) 4
1938. T B(a) 4
1939. T B(a) 4
1940. T B(a) 4
1941. T B(a) 4
1942. T B(a) 4
1943. T B(a) 4
1944. T B(a) 4
1945. T B(a) 4
1946. T B(a) 4
1947. T B(a) 4
1948. T B(a) 4
1949. T B(a) 4
1950. T B(a) 4
1951. T B(a) 4
1952. T B(a) 4
1953. T B(a) 4
1954. T B(a) 4
1955. T B(a) 4
1956. T B(a) 4
1957. T B(a) 4
1958. T B(a) 4
1959. T B(a) 4
1960. T B(a) 4
1961. T B(a) 4
1962. T B(a) 4
1963. T B(a) 4
1964. T B(a) 4
1965. T B(a) 4
1966. T B(a) 4
1967. T B(a) 4
1968. T B(a) 4
1969. T B(a) 4
1970. T B(a) 4
1971. T B(a) 4
1972. T B(a) 4
1973. T B(a) 4
1974. T B(a) 4
1975. T B(a) 4
1976. T B(a) 4
1977. T B(a) 4
1978. T B(a) 4
1979. T B(a) 4
1980. T B(a) 4
1981. T B(a) 4
1982. T B(a) 4
1983. T B(a) 4
1984. T B(a) 4
1985. T B(a) 4
1986. T B(a) 4
1987. T B(a) 4
1988. T B(a) 4
1989. T B(a) 4
1990. T B(a) 4
1991. T B(a) 4
1992. T B(a) 4
1993. T B(a) 4
1994. T B(a) 4
1995. T B(a) 4
1996. T B(a) 4
1997. T B(a) 4
1998. T B(a) 4
1999. T B(a) 4
2000. T B(a) 4
2001. T B(a) 4
2002. T B(a) 4
2003. T B(a) 4
2004. T B(a) 4
2005. T B(a) 4
2006. T B(a) 4
2007. T B(a) 4
2008. T B(a) 4
2009. T B(a) 4
2100. T B(a) 4
2101. T B(a) 4
2102. T B(a) 4
2103. T B(a) 4
2104. T B(a) 4
2105. T B(a) 4
2106. T B(a) 4
2107. T B(a) 4
2108. T B(a) 4
2109. T B(a) 4
2110. T B(a) 4
2111. T B(a) 4
2112. T B(a) 4
2113. T B(a) 4
2114. T B(a) 4
2115. T B(a) 4
2116. T B(a) 4
2117. T B(a) 4
2118. T B(a) 4
2119. T B(a) 4
2120. T B(a) 4
2121. T B(a) 4
2122. T B(a) 4
2123. T B(a) 4
2124. T B(a) 4
2125. T B(a) 4
2126. T B(a) 4
2127. T B(a) 4
2128. T B(a) 4
2129. T B(a) 4
2130. T B(a) 4
2131. T B(a) 4
2132. T B(a) 4
2133. T B(a) 4
2134. T B(a) 4
2135. T B(a) 4
2136. T B(a) 4
2137. T B(a) 4
2138. T B(a) 4
2139. T B(a) 4
2140. T B(a) 4
2141. T B(a) 4
2142. T B(a) 4
2143. T B(a) 4
2144. T B(a) 4
2145. T B(a) 4
2146. T B(a) 4
2147. T B(a) 4
2148. T B(a) 4
2149. T B(a) 4
2150. T B(a) 4
2151. T B(a) 4
2152. T B(a) 4
2153. T B(a) 4
2154. T B(a) 4
2155. T B(a) 4
2156. T B(a) 4
2157. T B(a) 4
2158. T B(a) 4
2159. T B(a) 4
2160. T B(a) 4
2161. T B(a) 4
2162. T B(a) 4
2163. T B(a) 4
2164. T B(a) 4
2165. T B(a) 4
2166. T B(a) 4
2167. T B(a) 4
2168. T B(a) 4
2169. T B(a) 4
2170. T B(a) 4
2171. T B(a) 4
2172. T B(a) 4
2173. T B(a) 4
2174. T B(a) 4
2175. T B(a) 4
2176. T B(a) 4
2177. T B(a) 4
2178. T B(a) 4
2179. T B(a) 4
2180. T B(a) 4
2181. T B(a) 4
2182. T B(a) 4
2183. T B(a) 4
2184. T B(a) 4
2185. T B(a) 4
2186. T B(a) 4
2187. T B(a) 4
2188. T B(a) 4
2189. T B(a) 4
2190. T B(a) 4
2191. T B(a) 4
2192. T B(a) 4
2193. T B(a) 4
2194. T B(a) 4
2195. T B(a) 4
2196. T B(a) 4
2197. T B(a) 4
2198. T B(a) 4
2199. T B(a) 4
2200. T B(a) 4
2201. T B(a) 4
2202. T B(a) 4
2203. T B(a) 4
2204. T B(a) 4
2205. T B(a) 4
2206. T B(a) 4
2207. T B(a) 4
2208. T B(a) 4
2209. T B(a) 4
2210. T B(a) 4
2211. T B(a) 4
2212. T B(a) 4
2213. T B(a) 4
2214. T B(a) 4
2215. T B(a) 4
2216. T B(a) 4
2217. T B(a) 4
2218. T B(a) 4
2219. T B(a) 4
2220. T B(a) 4
2221. T B(a) 4
2222. T B(a) 4
2223. T B(a) 4
2224. T B(a) 4
2225. T B(a) 4
2226. T B(a) 4
2227. T B(a) 4
2228. T B(a) 4
2229. T B(a) 4
2230. T B(a) 4
2231. T B(a) 4
2232. T B(a) 4
2233. T B(a) 4
2234. T B(a) 4
2235. T B(a) 4
2236. T B(a) 4
2237. T B(a) 4
2238. T B(a) 4
2239. T B(a) 4
2240. T B(a) 4
2241. T B(a) 4
2242. T B(a) 4
2243. T B(a) 4
2244. T B(a) 4
2245. T B(a) 4
2246. T B(a) 4
2247. T B(a) 4
2248. T B(a) 4
2249. T B(a) 4
2250. T B(a) 4
2251. T B(a) 4
2252. T B(a) 4
2253. T B(a) 4
2254. T B(a) 4
2255. T B(a) 4
2256. T B(a) 4
2257. T B(a) 4
2258. T B(a) 4
2259. T B(a) 4
2260. T B(a) 4
2261. T B(a) 4
2262. T B(a) 4
2263. T B(a) 4
2264. T B(a) 4
2265. T B(a) 4
2266. T B(a) 4
2267. T B(a) 4
2268. T B(a) 4
2269. T B(a) 4
2270. T B(a) 4
2271. T B(a) 4
2272. T B(a) 4
2273. T B(a) 4
2274. T B(a) 4
2275. T B(a) 4
2276. T B(a) 4
2277. T B(a) 4
2278. T B(a) 4
2279. T B(a) 4
2280. T B(a) 4
2281. T B(a) 4
2282. T B(a) 4
2283. T B(a) 4
2284. T B(a) 4
2285. T B(a) 4
2286. T B(a) 4
2287. T B(a) 4
2288. T B(a) 4
2289. T B(a) 4
2290. T B(a) 4
2291. T B(a) 4
2292. T B(a) 4
2293. T B(a) 4
2294. T B(a) 4
2295. T B(a) 4
2296. T B(a) 4
2297. T B(a) 4
2298. T B(a) 4
2299. T B(a) 4
2300. T B(a) 4
2301. T B(a) 4
2302. T B(a) 4
2303. T B(a) 4
2304. T B(a) 4
2305. T B(a) 4
2306. T B(a) 4
2307. T B(a) 4
2308. T B(a) 4
2309. T B(a) 4
2310. T B(a) 4
2311. T B(a) 4
2312. T B(a) 4
2313. T B(a) 4
2314. T B(a) 4
2315. T B(a) 4
2316. T B(a) 4
2317. T B(a) 4
2318. T B(a) 4
2319. T B(a) 4
2320. T B(a) 4
2321. T B(a) 4
2322. T B(a) 4
2323. T B(a) 4
2324. T B(a) 4
2325. T B(a) 4
2326. T B(a) 4
2327. T B(a) 4
2328. T B(a) 4
2329. T B(a) 4
2330. T B(a) 4
2331. T B(a) 4
2332. T B(a) 4
2333. T B(a) 4
2334. T B(a) 4
2335. T B(a) 4
2336. T B(a) 4
2337. T B(a) 4
2338. T B(a) 4
2339. T B(a) 4
2340. T B(a) 4
2341. T B(a) 4
2342. T B(a) 4
2343. T B(a) 4
2344. T B(a) 4
2345. T B(a) 4
2346. T B(a) 4
2347. T B(a) 4
2348. T B(a) 4
2349. T B(a) 4
2350. T B(a) 4
2351. T B(a) 4
2352. T B(a) 4
2353. T B(a) 4
2354. T B(a) 4
2355. T B(a) 4
2356. T B(a) 4
2357. T B(a) 4
2358. T B(a) 4
2359. T B(a) 4
2360. T B(a) 4
2361. T B(a) 4
2362. T B(a) 4
2363. T B(a) 4
2364. T B(a) 4
2365. T B(a) 4
2366. T B(a) 4
2367. T B(a) 4
2368. T B(a) 4
2369. T B(a) 4
2370. T B(a) 4
2371. T B(a) 4
2372. T B(a) 4
2373. T B(a) 4
2374. T B(a) 4
2375. T B(a) 4
2376. T B(a) 4
2377. T B(a) 4
2378. T B(a) 4
2379. T B(a) 4
2380. T B(a) 4
2381. T B(a) 4
2382. T B(a) 4
2383. T B(a) 4
2384. T B(a) 4
2385. T B(a) 4
2386. T B(a) 4
2387. T B(a) 4
2388. T B(a) 4
2389. T B(a) 4
2390. T B(a) 4
2391. T B(a) 4
2392. T B(a) 4
2393. T B(a) 4
2394. T B(a) 4
2395. T B(a) 4
2396. T B(a) 4
2397. T B(a) 4
2398. T B(a) 4
2399. T B(a) 4
2400. T B(a) 4
2401. T B(a) 4
2402. T B(a) 4
2403. T B(a) 4
2404. T B(a) 4
2405. T B(a) 4
2406. T B(a) 4
2407. T B(a) 4
2408. T B(a) 4
2409. T B(a) 4
2410. T B(a) 4
2411. T B(a) 4
2412. T B(a) 4
2413. T B(a) 4
2414. T B(a) 4
2415. T B(a) 4
2416. T B(a) 4
2417. T B(a) 4
2418. T B(a) 4
2419. T B(a) 4
2420. T B(a) 4
2421. T B(a) 4
2422. T B(a) 4
2423. T B(a) 4
2424. T B(a) 4
2425. T B(a) 4
2426. T B(a) 4
2427. T B(a) 4
2428. T B(a) 4
2429. T B(a) 4
2430. T B(a) 4
2431. T B(a) 4
2432. T B(a) 4
2433. T B(a) 4
2434. T B(a) 4
2435. T B(a) 4
2436. T B(a) 4
2437. T B(a) 4
2438. T B(a) 4
2439. T B(a) 4
2440. T B(a) 4
2441. T B(a) 4
2442. T B(a) 4
2443. T B(a) 4
2444. T B(a) 4
2445. T B(a) 4
2446. T B(a) 4
2447. T B(a) 4
2448. T B(a) 4
2449. T B(a) 4
2450. T B(a) 4
2451. T B(a) 4
2452. T B(a) 4
2453. T B(a) 4
2454. T B(a) 4
2455. T B(a) 4
2456. T B(a) 4
2457. T B(a) 4
2458. T B(a) 4
2459. T B(a) 4
2460. T B(a) 4
2461. T B(a) 4
2462. T B(a) 4
2463. T B(a) 4
2464. T B(a) 4
2465. T B(a) 4
2466. T B(a) 4
2467. T B(a) 4
2468. T B(a) 4
2469. T B(a) 4
2470. T B(a) 4
2471. T B(a) 4
2472. T B(a) 4
2473. T B(a) 4
2474. T B(a) 4
2475. T B(a) 4
2476. T B(a) 4
2477. T B(a) 4
2478. T B(a) 4
2479. T B(a) 4
2480. T B(a) 4
2481. T B(a) 4
2482. T B(a) 4
2483. T B(a) 4
2484. T B(a) 4
2485. T B(a) 4
2486. T B(a) 4
2487. T B(a) 4
2488. T B(a) 4
2489. T B(a) 4
2490. T B(a) 4
2491. T B(a) 4
2492. T B(a) 4
2493. T B(a) 4
2494. T B(a) 4
2495. T B(a) 4
2496. T B(a) 4
2497. T B(a) 4
2498. T B(a) 4
2499. T B(a) 4
2500. T B(a) 4
2501. T B(a) 4
2502. T B(a) 4
2503. T B(a) 4
2504. T B(a) 4
2505. T B(a) 4
2506. T B(a) 4
2507. T B(a) 4
2508. T B(a) 4
2509. T B(a) 4
2510. T B(a) 4
2511. T B(a) 4
2512. T B(a) 4
2513. T B(a) 4
2514. T B(a) 4
2515. T B(a) 4
2516. T B(a) 4
2517. T B(a) 4
2518. T B(a) 4
2519. T B(a) 4
2520. T B(a) 4
2521. T B(a) 4
2522. T B(a) 4
2523. T B(a) 4
2524. T B(a) 4
2525. T B(a) 4
2526. T B(a) 4
2527. T B(a) 4
2528. T B(a) 4
2529. T B(a) 4
2530. T B(a) 4
2531. T B(a) 4
2532. T B(a) 4
2533. T B(a) 4
2534. T B(a) 4
2535. T B(a) 4
2536. T B(a) 4
2537. T B(a) 4
2538. T B(a) 4
2539. T B(a) 4
2540. T B(a) 4
2541. T B(a) 4
2542. T B(a) 4
2543. T B(a) 4
2544. T B(a) 4
2545. T B(a) 4
2546. T B(a) 4
2547. T B(a) 4
2548. T B(a) 4
2549. T B(a) 4
2550. T B(a) 4
2551. T B(a) 4
2552. T B(a) 4
2553. T B(a) 4
2554. T B(a) 4
2555. T B(a) 4
2556. T B(a) 4
2557. T B(a) 4
2558. T B(a) 4
2559. T B(a) 4
2560. T B(a) 4
2561. T B(a) 4
2562. T B(a) 4
2563. T B(a) 4
2564. T B(a) 4
2565. T B(a) 4
2566. T B(a) 4
2567. T B(a) 4
2568. T B(a) 4
2569. T B(a) 4
2570. T B(a) 4
2571. T B(a) 4
2572. T B(a) 4
2573. T B(a) 4
2574. T B(a) 4
2575. T B(a) 4
2576. T B(a) 4
2577. T B(a) 4
2578. T B(a) 4
2579. T B(a) 4
2580. T B(a) 4
2581. T B(a) 4
2582. T B(a) 4
2583. T B(a) 4
2584. T B(a) 4
2585. T B(a) 4
2586. T B(a) 4
2587. T B(a) 4
2588. T B(a) 4
2589. T B(a) 4
2590. T B(a) 4
2591. T B(a) 4
2592. T B(a) 4
2593. T B(a) 4
2594. T B(a) 4
2595. T B(a) 4
2596. T B(a) 4
2597. T B(a) 4
2598. T B(a) 4
2599. T B(a) 4
2600. T B(a) 4
2601. T B(a) 4
2602. T B(a) 4
2603. T B(a) 4
2604. T B(a) 4
2605. T B(a) 4
2606. T B(a) 4
2607. T B(a) 4
2608. T B(a) 4
2609. T B(a) 4
2610. T B(a) 4
2611. T B(a) 4
2612. T B(a) 4
2613. T B(a) 4
2614. T B(a) 4
2615. T B(a) 4
2616. T B(a) 4
2617. T B(a) 4
2618. T B(a) 4
2619. T B(a) 4
2620. T B(a) 4
2621. T B(a) 4
2622. T B(a) 4
2623. T B(a) 4
2624. T B(a) 4
2625. T B(a) 4
2626. T B(a) 4
2627. T B(a) 4
2628. T B(a) 4
2629. T B(a) 4
2630. T B(a) 4
2631. T B(a) 4
2632. T B(a) 4
2633. T B(a) 4
2634. T B(a) 4
2635. T B(a) 4
2636. T B(a) 4
2637. T B(a) 4
2638. T B(a) 4
2639. T B(a) 4
2640. T B(a) 4
2641. T B(a) 4
2642. T B(a) 4
2643. T B(a) 4
2644. T B(a) 4
2645. T B(a) 4
2646. T B(a) 4
2647. T B(a) 4
2648. T B(a) 4
2649. T B(a) 4
2650. T B(a) 4
2651. T B(a) 4
2652. T B(a) 4
2653. T B(a) 4
2654. T B(a) 4
2655. T B(a) 4
2656. T B(a) 4
2657. T B(a) 4
2658. T B(a) 4
2659. T B(a) 4
2660. T B(a) 4
2661. T B(a) 4
2662. T B(a) 4
2663. T B(a) 4
2664. T B(a) 4
2665. T B(a) 4
2666. T B(a) 4
2667. T B(a) 4
2668. T B(a) 4
2669. T B(a) 4
2670. T B(a) 4
2671. T B(a) 4
2672. T B(a) 4
2673. T B(a) 4
2674. T B(a) 4
2675. T B(a) 4
2676. T B(a) 4
2677. T B(a) 4
2678. T B(a) 4
2679. T B(a) 4
2680. T B(a) 4
2681. T B(a) 4
2682. T B(a) 4
2683. T B(a) 4
2684. T B(a) 4
2685. T B(a) 4
2686. T B(a) 4
2687. T B(a) 4
2688. T B(a) 4
2689. T B(a) 4
2690. T B(a) 4
2691. T B(a) 4
2692. T B(a) 4
2693. T B(a) 4
2694. T B(a) 4
2695. T B(a) 4
2696. T B(a) 4
2697. T B(a) 4
2698. T B(a) 4
2699. T B(a) 4
2700. T B(a) 4
2701. T B(a) 4
2702. T B(a) 4
2703. T B(a) 4
2704. T B(a) 4
2705. T B(a) 4
2706. T B(a) 4
2707. T B(a) 4
2708. T B(a) 4
2709. T B(a) 4
2710. T B(a) 4
2711. T B(a) 4
2712. T B(a) 4
2713. T B(a) 4
2714. T B(a) 4
2715. T B(a) 4
2716. T B(a) 4
2717. T B(a) 4
2718. T B(a) 4
2719. T B(a) 4
2720. T B(a) 4
2721. T B(a) 4
2722. T B(a) 4
2723. T B(a) 4
2724. T B(a) 4
2725. T B(a) 4
2726. T B(a) 4
2727. T B(a) 4
2728. T B(a) 4
2729. T B(a) 4
2730. T B(a) 4
2731. T B(a) 4
2732. T B(a) 4
2733. T B(a) 4
2734. T B(a) 4
2735. T B(a) 4
2736. T B(a) 4
2737. T B(a) 4
2738. T B(a) 4
2739. T B(a) 4
2740. T B(a) 4
2741. T B(a) 4
2742. T B(a) 4
2743. T B(a) 4
2744. T B(a) 4
2745. T B(a) 4
2746. T B(a) 4
2747. T B(a) 4
2748. T B(a) 4
2749. T B(a) 4
2750. T B(a) 4
2751. T B(a) 4
2752. T B(a) 4
2753. T B(a) 4
2754. T B(a) 4
2755. T B(a) 4
2756. T B(a) 4
2757. T B(a) 4
2758. T B(a) 4
2759. T B(a) 4
2760. T B(a) 4
2761. T B(a) 4
2762. T B(a) 4
2763. T B(a) 4
2764. T B(a) 4
2765. T B(a) 4
2766. T B(a) 4
2767. T B(a) 4
2768. T B(a) 4
2769. T B(a) 4
2770. T B(a) 4
2771. T B(a) 4
2772. T B(a) 4
2773. T B(a) 4
2774. T B(a) 4
2775. T B(a) 4
2776. T B(a) 4
2777. T B(a) 4
2778. T B(a) 4
2779. T B(a) 4
2780. T B(a) 4
2781. T B(a) 4
2782. T B(a) 4
2783. T B(a) 4
2784. T B(a) 4
2785. T B(a) 4
2786. T B(a) 4
2787. T B(a) 4
2788. T B(a) 4
2789. T B(a) 4
2790. T B(a) 4
2791. T B(a) 4
2792. T B(a) 4
2793. T B(a) 4
2794. T B(a) 4
2795. T B(a) 4
2796. T B(a) 4
2797. T B(a) 4
2798. T B(a) 4
2799. T B(a) 4
2800. T B(a) 4
2801. T B(a) 4
2802. T B(a) 4
2803. T B(a) 4
2804. T B(a) 4
2805. T B(a) 4
2806. T B(a) 4
2807. T B(a) 4
2808. T B(a) 4
2809. T B(a) 4
2810. T B(a) 4
2811. T B(a) 4
2812. T B(a) 4
2813. T B(a) 4
2814. T B(a) 4
2815. T B(a) 4
2816. T B(a) 4
2817. T B(a) 4
2818. T B(a) 4
2819. T B(a) 4
2820. T B(a) 4
2821. T B(a) 4
2822. T B(a) 4
2823. T B(a) 4
2824. T B(a) 4
2825. T B(a) 4
2826. T B(a) 4
2827. T B(a) 4
2828. T B(a) 4
2829. T B(a) 4
2830. T B(a) 4
2831. T B(a) 4
2832. T B(a) 4
2833. T B(a) 4
2834. T B(a) 4
2835. T B(a) 4
2836. T B(a) 4
2837. T B(a) 4
2838. T B(a) 4
2839. T B(a) 4
2840. T B(a) 4
2841. T B(a) 4
2842. T B(a) 4
2843. T B(a) 4
2844. T B(a) 4
2845. T B(a) 4
2846. T B(a) 4
2847. T B(a) 4
2848. T B(a) 4
2849. T B(a) 4
2850. T B(a) 4
2851. T B(a) 4
2852. T B(a) 4
2853. T B(a) 4
2854. T B(a) 4
2855. T B(a) 4
2856. T B(a) 4
2857. T B(a) 4
2858. T B(a) 4
2859. T B(a) 4
2860. T B(a) 4
2861. T B(a) 4
2862. T B(a) 4
2863. T B(a) 4
2864. T B(a) 4
2865. T B(a) 4
2866. T B(a) 4
2867. T B(a) 4
2868. T B(a) 4
2869. T B(a) 4
2870. T B(a) 4
2871. T B(a) 4
2872. T B(a) 4
2873. T B(a) 4
2874. T B(a) 4
2875. T B(a) 4
2876. T B(a) 4
2877. T B(a) 4
2878. T B(a) 4
2879. T B(a) 4
2880. T B(a) 4
2881. T B(a) 4
2882. T B(a) 4
2883. T B(a) 4
2884. T B(a) 4
2885. T B(a) 4
2886. T B(a) 4
2887. T B(a) 4
2888. T B(a) 4
2889. T B(a) 4
2890. T B(a) 4
2891. T B(a) 4
2892. T B(a) 4
2893. T B(a) 4
2894. T B(a) 4
2895. T B(a) 4
2896. T B(a) 4
2897. T B(a) 4
2898. T B(a) 4
2899. T B(a) 4
2900. T B(a) 4
2901. T B(a) 4
2902. T B(a) 4
2903. T B(a) 4
2904. T B(a) 4
2905. T B(a) 4
2906. T B(a) 4
2907. T B(a) 4
2908. T B(a) 4
2909. T B(a) 4
2910. T B(a) 4
2911. T B(a) 4
2912. T B(a) 4
2913. T B(a) 4
2914. T B(a) 4
2915. T B(a) 4
2916. T B(a) 4
2917. T B(a) 4
2918. T B(a) 4
2919. T B(a) 4
2920. T B(a) 4
2921. T B(a) 4
2922. T B(a) 4
2923. T B(a) 4
2924. T B(a) 4
2925. T B(a) 4
2926. T B(a) 4
2927. T B(a) 4
2928. T B(a) 4
2929. T B(a) 4
2930. T B(a) 4
2931. T B(a) 4
2932. T B(a) 4
2933. T B(a) 4
2934. T B(a) 4
2935. T B(a) 4
2936. T B(a) 4
2937. T B(a) 4
2938. T B(a) 4
2939. T B(a) 4
2940. T B(a) 4
2941. T B(a) 4
2942. T B(a) 4
2943. T B(a) 4
2944. T B(a) 4
2945. T B(a) 4
2946. T B(a) 4
2947. T B(a) 4
2948. T B(a) 4
2949. T B(a) 4
2950. T B(a) 4
2951. T B(a) 4
2952. T B(a) 4
2953. T B(a) 4
2954. T B(a) 4
2955. T B(a) 4
2956. T B(a) 4
2957. T B(a) 4
2958. T B(a) 4
2959. T B(a) 4
2960. T B(a) 4
2961. T B(a) 4
2962. T B(a) 4
2963. T B(a) 4
2964. T B(a) 4
2965. T B(a) 4
2966. T B(a) 4
2967. T B(a) 4
2968. T B(a) 4
2969. T B(a) 4
2970. T B(a) 4
2971. T B(a) 4
2972. T B(a) 4
2973. T B(a) 4
2974. T B(a) 4
2975. T B(a) 4
2976. T B(a) 4
2977. T B(a) 4
2978. T B(a) 4
2979. T B(a) 4
2980. T B(a) 4
2981. T B(a) 4
2982. T B(a) 4
2983. T B(a) 4
2984. T B(a) 4
2985. T B(a) 4
2986. T B(a) 4
2987. T B(a) 4
2988. T B(a) 4
2989. T B(a) 4
2990. T B(a) 4
2991. T B(a) 4
2992. T B(a) 4
2993. T B(a) 4
2994. T B(a) 4
2995. T B(a) 4
2996. T B(a) 4
2997. T B(a) 4
2998. T B(a) 4
2999. T B(a) 4
3000. T B(a) 4
3001. T B(a) 4
3002. T B(a) 4
3003. T B(a) 4
3004. T B(a) 4
3005. T B(a) 4
3006. T B(a) 4
3007. T B(a) 4
3008. T B(a) 4
3009. T B(a) 4
3010. T B(a) 4
3011. T B(a) 4
3012. T B(a) 4
3013. T B(a) 4
3014. T B(a) 4
3015. T B(a) 4
3016. T B(a) 4
3017. T B(a) 4
3018. T B(a) 4
3019. T B(a) 4
3020. T B(a) 4
3021. T B(a) 4
3022. T B(a) 4
3023. T B(a) 4
3024. T B(a) 4
3025. T B(a) 4
3026. T B(a) 4
3027. T B(a) 4
3028. T B(a) 4
3029. T B(a) 4
3030. T B(a) 4
3031. T B(a) 4
3032. T B(a) 4
3033. T B(a) 4
3034. T B(a) 4
3035. T B(a) 4
3036. T B(a) 4
3037. T B(a) 4
3038. T B(a) 4
3039. T B(a) 4
3040. T B(a) 4
3041. T B(a) 4
3042. T B(a) 4
3043. T B(a) 4
3044. T B(a) 4
3045. T B(a) 4
3046. T B(a) 4
3047. T B(a) 4
3048. T B(a) 4
3049. T B(a) 4
3050. T B(a) 4
3051. T B(a) 4
3052. T B(a) 4
3053. T B(a) 4
3054. T B(a) 4
3055. T B(a) 4
3056. T B(a) 4
3057. T B(a) 4
3058. T B(a) 4
3059. T B(a) 4
3060. T B(a) 4
3061. T B(a) 4
3062. T B(a) 4
3063. T B(a) 4
3064. T B(a) 4
3065. T B(a) 4
3066. T B(a) 4
3067. T B(a) 4
3068. T B(a) 4
3069. T B(a) 4
3070. T B(a) 4
3071. T B(a) 4
3072. T B(a) 4
3073. T B(a) 4
3074. T B(a) 4
3075. T B(a) 4
3076. T B(a) 4
3077. T B(a) 4
3078. T B(a) 4
3079. T B(a) 4
3080. T B(a) 4
3081. T B(a) 4
3082. T B(a) 4
3083. T B(a) 4
3084. T B(a) 4
3085. T B(a) 4
3086. T B(a) 4
3087. T B(a) 4
3088. T B(a) 4
3089. T B(a) 4
3090. T B(a) 4
3091. T B(a) 4
3092. T B(a) 4
3093. T B(a) 4
3094. T B(a) 4
3095. T B(a) 4
3096. T B(a) 4
3097. T B(a) 4
3098. T B(a) 4
3099. T B(a) 4
3100. T B(a) 4
3101. T B(a) 4
3102. T B(a) 4
3103. T B(a) 4
3104. T B(a) 4
3105. T B(a) 4
3106. T B(a) 4
3107. T B(a) 4
3108. T B(a) 4
3109. T B(a) 4
3110. T B(a) 4
3111. T B(a) 4
3112. T B(a) 4
3113. T B(a) 4
3114. T B(a) 4
3115. T B(a) 4
3116. T B(a) 4
3117. T B(a) 4
3118. T B(a) 4
3119. T B(a) 4
3120. T B(a) 4
3121. T B(a) 4
3122. T B(a) 4
3123. T B(a) 4
3124. T B(a) 4
3125. T B(a) 4
3126. T B(a) 4
3127. T B(a) 4
3128. T B(a) 4
3129. T B(a) 4
3130. T B(a) 4
3131. T B(a) 4
3132. T B(a) 4
3133. T B(a) 4
3134. T B(a) 4
3135. T B(a) 4
3136. T B(a) 4
3137. T B(a) 4
3138. T B(a) 4
3139. T B(a) 4
3140. T B(a) 4
3141. T B(a) 4
3142. T B(a) 4
3143. T B(a) 4
3144. T B(a) 4
3145. T B(a) 4
3146. T B(a) 4
3147. T B(a) 4
3148. T B(a) 4
3149. T B(a) 4
3150. T B(a) 4
3151. T B(a) 4
3152. T B(a) 4
3153. T B(a) 4
3154. T B(a) 4
3155. T B(a) 4
3156. T B(a) 4
3157. T B(a) 4
3158. T B(a) 4
3159. T B(a) 4
3160. T B(a) 4
3161. T B(a) 4
3162. T B(a) 4
3163. T B(a) 4
3164. T B(a) 4
3165. T B(a) 4
3166. T B(a) 4
3167. T B(a) 4
3168. T B(a) 4
3169. T B(a) 4
3170. T B(a) 4
3171. T B(a) 4
3172. T B(a) 4
3173. T B(a) 4
3174. T B(a) 4
3175. T B(a) 4
3176. T B(a) 4
3177. T B(a) 4
3178. T B(a) 4
3179. T B(a) 4
3180. T B(a) 4
3181. T B(a) 4
3182. T B(a) 4
3183. T B(a) 4
3184. T B(a) 4
3185. T B(a) 4
3186. T B(a) 4
3187. T B(a) 4
3188. T B(a) 4
3189. T B(a) 4
3190. T B(a) 4
3191. T B(a) 4
3192. T B(a) 4
3193. T B(a) 4
3194. T B(a) 4
3195. T B(a) 4
3196. T B(a) 4
3197. T B(a) 4
3198. T B(a) 4
3199. T B(a) 4
3200. T B(a) 4
3201. T B(a) 4
3202. T B(a) 4
3203. T B(a) 4
3204. T B(a) 4
3205. T B(a) 4
3206. T B(a) 4
3207. T B(a) 4
3208. T B(a) 4
3209. T B(a) 4
3210. T B(a) 4
3211. T B(a) 4
3212. T B(a) 4
3213. T B(a) 4
3214. T B(a) 4
3215. T B(a) 4
3216. T B(a) 4
3217. T B(a) 4
3218. T B(a) 4
3219. T B(a) 4
3220. T B(a) 4
3221. T B(a) 4
3222. T B(a) 4
3223. T B(a) 4
3224. T B(a) 4
3225. T B(a) 4
3226. T B(a) 4
3227. T B(a) 4
3228. T B(a) 4
3229. T B(a) 4
3230. T B(a) 4
3231. T B(a) 4
3232. T B(a) 4
3233. T B(a) 4
3234. T B(a) 4
3235. T B(a) 4
3236. T B(a) 4
3237. T B(a) 4
3238. T B(a) 4
3239. T B(a) 4
3240. T B(a) 4
3241. T B(a) 4
3242. T B(a) 4
3243. T B(a) 4
3244. T B(a) 4
3245. T B(a) 4
3246. T B(a) 4
3247. T B(a) 4
3248. T B(a) 4
3249. T B(a) 4
3250. T B(a) 4
3251. T B(a) 4
3252. T B(a) 4
3253. T B(a) 4
3254. T B(a) 4
3255. T B(a) 4
3256. T B(a) 4
3257. T B(a) 4
3258. T B(a) 4
3259. T B(a) 4
3260. T B(a) 4
3261. T B(a) 4
3262. T B(a) 4
3263. T B(a) 4
3264. T B(a) 4
3265. T B(a) 4
3266. T B(a) 4
3267. T B(a) 4
3268. T B(a) 4
3269. T B(a) 4
3270. T B(a) 4
3271. T B(a) 4
3272. T B(a) 4
3273. T B(a) 4
3274. T B(a) 4
3275. T B(a) 4
3276. T B(a) 4
3277. T B(a) 4
3278. T B(a) 4
3279. T B(a) 4
3280. T B(a) 4
3281. T B(a) 4
3282. T B(a) 4
3283. T B(a) 4
3284. T B(a) 4
3285. T B(a) 4
3286. T B(a) 4
3287. T B(a) 4
3288. T B(a) 4
3289. T B(a) 4
3290. T B(a) 4
3291. T B(a) 4
3292. T B(a) 4
3293. T B(a) 4
3294. T B(a) 4
3295. T B(a) 4
3296. T B(a) 4
3297. T B(a) 4
3298. T B(a) 4
3299. T B(a) 4
3300. T B(a) 4
3301. T B(a) 4
3302. T B(a) 4
3303. T B(a) 4
3304. T B(a) 4
3305. T B(a) 4
3306. T B(a) 4
3307. T B(a) 4
3308. T B(a) 4
3309. T B(a) 4
3310. T B(a) 4
3311. T B(a) 4
3312. T B(a) 4
3313. T B(a) 4
3314. T B(a) 4
3315. T B(a) 4
3316. T B(a) 4
3317. T B(a) 4
3318. T B(a) 4
3319. T B(a) 4
3320. T B(a) 4
3321. T B(a) 4
3322. T B(a) 4
3323. T B(a) 4
3324. T B(a) 4
3325. T B(a) 4
3326. T B(a) 4
3327. T B(a) 4
3328. T B(a) 4
3329. T B(a) 4
3330. T B(a) 4
3331. T B(a) 4
3332. T B(a) 4
3333. T B(a) 4
3334. T B(a) 4
3335. T B(a) 4
3336. T B(a) 4
3337. T B(a) 4
3338. T B(a) 4
3339. T B(a) 4
3340. T B(a) 4
3341. T B(a) 4
3342. T B(a) 4
3343. T B(a) 4
3344. T B(a) 4
3345. T B(a) 4
3346. T B(a) 4
3347. T B(a) 4
3348. T B(a) 4
3349. T B(a) 4
3350. T B(a) 4
3351. T B(a) 4
3352. T B(a) 4
3353. T B(a) 4
3354. T B(a) 4
3355. T B(a) 4
3356. T B(a) 4
3357. T B(a) 4
3358. T B(a) 4
3359. T B(a) 4
3360. T B(a) 4
3361. T B(a) 4
3362. T B(a) 4
3363. T B(a) 4
3364. T B(a) 4
3365. T B(a) 4
3366. T B(a) 4
3367. T B(a) 4
3368. T B(a) 4
3369. T B(a) 4
3370. T B(a) 4
3371. T B(a) 4
3372. T B(a) 4
3373. T B(a) 4
3374. T B(a) 4
3375. T B(a) 4
3376. T B(a) 4
3377. T B(a) 4
3378. T B(a) 4
3379. T B(a) 4
3380. T B(a) 4
3381. T B(a) 4
3382. T B(a) 4
3383. T B(a) 4
3384. T B(a) 4
3385. T B(a) 4
3386. T B(a) 4
3387. T B(a) 4
3388. T B(a) 4
3389. T B(a) 4
3390. T B(a) 4
3391. T B(a) 4
3392. T B(a) 4
3393. T B(a) 4
3394. T B(a) 4
3395. T B(a) 4
3396. T B(a) 4
3397. T B(a) 4
3398. T B(a) 4
3399. T B(a) 4
3400. T B(a) 4
3401. T B(a) 4
3402. T B(a) 4
3403. T B(a) 4
3404. T B(a) 4
3405. T B(a) 4
3406. T B(a) 4
3407. T B(a) 4
3408. T B(a) 4
3409. T B(a) 4
3410. T B(a) 4
3411. T B(a) 4
3412. T B(a) 4
3413. T B(a) 4
3414. T B(a) 4
3415. T B(a) 4
3416. T B(a) 4
3417. T B(a) 4
3418. T B(a) 4
3419. T B(a) 4
3420. T B(a) 4
3421. T B(a) 4
3422. T B(a) 4
3423. T B(a) 4
3424. T B(a) 4
3425. T B(a) 4
3426. T B(a) 4
3427. T B(a) 4
3428. T B(a) 4
3429. T B(a) 4
3430. T B(a) 4
3431. T B(a) 4
3432. T B(a) 4
3433. T B(a) 4
3434. T B(a) 4
3435. T B(a) 4
3436. T B(a) 4
3437. T B(a) 4
3438. T B(a) 4
3439. T B(a) 4
3440. T B(a) 4
3441. T B(a) 4
3442. T B(a) 4
3443. T B(a) 4
3444. T B(a) 4
3445. T B(a) 4
3446. T B(a) 4
3447. T B(a) 4
3448. T B(a) 4
3449. T B(a) 4
3450. T B(a) 4
3451. T B(a) 4
3452. T B(a) 4
3453. T B(a) 4
3454. T B(a) 4
3455. T B(a) 4
3456. T B(a) 4
3457. T B(a) 4
3458. T B(a) 4
3459. T B(a) 4
3460. T B(a) 4
3461. T B(a) 4
3462. T B(a) 4
3463. T B(a) 4
3464. T B(a) 4
3465. T B(a) 4
3466. T B(a) 4
3467. T B(a) 4
3468. T B(a) 4
3469. T B(a) 4
3470. T B(a) 4
3471. T B(a) 4
3472. T B(a) 4
3473. T B(a) 4
3474. T B(a) 4
3475. T B(a) 4
3476. T B(a) 4
3477. T B(a) 4
3478. T B(a) 4
3479. T B(a) 4
3480. T B(a) 4
3481. T B(a) 4
3482. T B(a) 4
3483. T B(a) 4
3484. T B(a) 4
3485. T B(a) 4
3486. T B(a) 4
3487. T B(a) 4
3488. T B(a) 4
3489. T B(a) 4
3490. T B(a) 4
3491. T B(a) 4
3492. T B(a) 4
3493. T B(a) 4
3494. T B(a) 4
3495. T B(a) 4
3496. T B(a) 4
3497. T B(a) 4
3498. T B(a) 4
3499. T B(a) 4
3500. T B(a) 4
3501. T B(a) 4
3502. T B(a) 4
3503. T B(a) 4
3504. T B(a) 4
3505. T B(a) 4
3506. T B(a) 4
3507. T B(a) 4
3508. T B(a) 4
3509. T B(a) 4
3510. T B(a) 4
3511. T B(a) 4
3512. T B(a) 4
3513. T B(a) 4
3514. T B(a) 4
3515. T B(a) 4
3516. T B(a) 4
3517. T B(a) 4
3518. T B(a) 4
3519. T B(a) 4
3520. T B(a) 4
3521. T B(a) 4
3522. T B(a) 4
3523. T B(a) 4
3524. T B(a) 4
3525. T B(a) 4
3526. T B(a) 4
3527. T B(a) 4
3528. T B(a) 4
3529. T B(a) 4
3530. T B(a) 4
3531. T B(a) 4
3532. T B(a) 4
3533. T B(a) 4
3534. T B(a) 4
3535. T B(a) 4
3536. T B(a) 4
3537. T B(a) 4
3538. T B(a) 4
3539. T B(a) 4
3540. T B(a) 4
3541. T B(a) 4
3542. T B(a) 4
3543. T B(a) 4
3544. T B(a) 4
3545. T B(a) 4
3546. T B(a) 4
3547. T B(a) 4
3548. T B(a) 4
3549. T B(a) 4
3550. T B(a) 4
3551. T B(a) 4
3552. T B(a) 4
3553. T B(a) 4
3554. T B(a) 4
3555. T B(a) 4
3556. T B(a) 4
3557. T B(a) 4
3558. T B(a) 4
3559. T B(a) 4
3560. T B(a) 4
3561. T B(a) 4
3562. T B(a) 4
3563. T B(a) 4
3564. T B(a) 4
3565. T B(a) 4
3566. T B(a) 4
3567. T B(a) 4
3568. T B(a) 4
3569. T B(a) 4
3570. T B(a) 4
3571. T B(a) 4
3572. T B(a) 4
3573. T B(a) 4
3574. T B(a) 4
3575. T B(a) 4
3576. T B(a) 4
3577. T B(a) 4
3578. T B(a) 4
3579. T B(a) 4
3580. T B(a) 4
3581. T B(a) 4
3582. T B(a) 4
3583. T B(a) 4
3584. T B(a) 4
3585. T B(a) 4
3586. T B(a) 4
3587. T B(a) 4
3588. T B(a) 4
3589. T B(a) 4
3590. T B(a) 4
3591. T B(a) 4
3592. T B(a) 4
3593. T B(a) 4
3594. T B(a) 4
3595. T B(a) 4
3596. T B(a) 4
3597. T B(a) 4
3598. T B(a) 4
3599. T B(a) 4
3600. T B(a) 4
3601. T B(a) 4
3602. T B(a) 4
3603. T B(a) 4
3604. T B(a) 4
3605. T B(a) 4
3606. T B(a) 4
3607. T B(a) 4
3608. T B(a) 4
3609. T B(a) 4
3610. T B(a) 4
3611. T B(a) 4
3612. T B(a) 4
3613. T B(a) 4
3614. T B(a) 4
3615. T B(a) 4
3616. T B(a) 4
3617. T B(a) 4
3618. T B(a) 4
3619. T B(a) 4
3620. T B(a) 4
3621. T B(a) 4
3622. T B(a) 4
3623. T B(a) 4
3624. T B(a) 4
3625. T B(a) 4
3626. T B(a) 4
3627. T B(a) 4
3628. T B(a) 4
3629. T B(a) 4
3630. T B(a) 4
3631. T B(a) 4
3632. T B(a) 4
3633. T B(a) 4
3634. T B(a) 4
3635. T B(a) 4
3636. T B(a) 4
3637. T B(a) 4
3638. T B(a) 4
3639. T B(a) 4
3640. T B(a) 4
3641. T B(a) 4
3642. T B(a) 4
3643. T B(a) 4
3644. T B(a) 4
3645. T B(a) 4
3646. T B(a) 4
3647. T B(a) 4
3648. T B(a) 4
3649. T B(a) 4
3650. T B(a) 4
3651. T B(a) 4
3652. T B(a) 4
3653. T B(a) 4
3654. T B(a) 4
3655. T B(a) 4
3656. T B(a) 4
3657. T B(a) 4
3658. T B(a) 4
3659. T B(a) 4
3660. T B(a) 4
3661. T B(a) 4
3662. T B(a) 4
3663. T B(a) 4
3664. T B(a) 4
3665. T B(a) 4
3666. T B(a) 4
3667. T B(a) 4
3668. T B(a) 4
3669. T B(a) 4
3670. T B(a) 4
3671. T B(a) 4
3672. T B(a) 4
3673. T B(a) 4
3674. T B(a) 4
3675. T B(a) 4
3676. T B(a) 4
3677. T B(a) 4
3678. T B(a) 4
3679. T B(a) 4
3680. T B(a) 4
3681. T B(a) 4
3682. T B(a) 4
3683. T B(a) 4
3684. T B(a) 4
3685. T B(a) 4
3686. T B(a) 4
3687. T B(a) 4
3688. T B(a) 4
3689. T B(a) 4
3690. T B(a) 4
3691. T B(a) 4
3692. T B(a) 4
3693. T B(a) 4
3694. T B(a) 4
3695. T B(a) 4
3696. T B(a) 4
3697. T B(a) 4
3698. T B(a) 4
3699. T B(a) 4
3700. T B(a) 4
3701. T B(a) 4
3702. T B(a) 4
3703. T B(a) 4
3704. T B(a) 4
3705. T B(a) 4
3706. T B(a) 4
3707. T B(a) 4
3708. T B(a) 4
3709. T B(a) 4
3710. T B(a) 4
3711. T B(a) 4
3712. T B(a) 4
3713. T B(a) 4
3714. T B(a) 4
3715. T B(a) 4
3716. T B(a) 4
3717. T B(a) 4
3718. T B(a) 4
3719. T B(a) 4
3720. T B(a) 4
3721. T B(a) 4
3722. T B(a) 4
3723. T B(a) 4
3724. T B(a) 4
3725. T B(a) 4
3726. T B(a) 4
3727. T B(a) 4
3728. T B(a) 4
3729. T B(a) 4
3730. T B(a) 4
3731. T B(a) 4
3732. T B(a) 4
3733. T B(a) 4
3734. T B(a) 4
3735. T B(a) 4
3736. T B(a) 4
3737. T B(a) 4
3738. T B(a) 4
3739. T B(a) 4
3740. T B(a) 4
3741. T B(a) 4
3742. T B(a) 4
3743. T B(a) 4
3744. T B(a) 4
3745. T B(a) 4
3746. T B(a) 4
3747. T B(a) 4
3748. T B(a) 4
3749. T B(a) 4
3750. T B(a) 4
3751. T B(a) 4
3752. T B(a) 4
3753. T B(a) 4
3754. T B(a) 4
3755. T B(a) 4
3756. T B(a) 4
3757. T B(a) 4
3758. T B(a) 4
3759. T B(a) 4
3760. T B(a) 4
3761. T B(a) 4
3762. T B(a) 4
3763. T B(a) 4
3764. T B(a) 4
3765. T B(a) 4
3766. T B(a) 4
3767. T B(a) 4
3768. T B(a) 4
3769. T B(a) 4
3770. T B(a) 4
3771. T B(a) 4
3772. T B(a) 4
3773. T B(a) 4
3774. T B(a) 4
3775. T B(a) 4
3776. T B(a) 4
3777. T B(a) 4
3778. T B(a) 4
3779. T B(a) 4
3780. T B(a) 4
3781. T B(a) 4
3782. T B(a) 4
3783. T B(a) 4
3784. T B(a) 4
3785. T B(a) 4
3786. T B(a) 4
3787. T B(a) 4
3788. T B(a) 4
3789. T B(a) 4
3790. T B(a) 4
3791. T B(a) 4
3792. T B(a) 4
3793. T B(a) 4
3794. T B(a) 4
3795. T B(a) 4
3796. T B(a) 4
3797. T B(a) 4
3798. T B(a) 4
3799. T B(a) 4
3800. T B(a) 4
3801. T B(a) 4
3802. T B(a) 4
3803. T B(a) 4
3804. T B(a) 4
3805. T B(a) 4
3806. T B(a) 4
3807. T B(a) 4
3808. T B(a) 4
3809. T B(a) 4
3810. T B(a) 4
3811. T B(a) 4
3812. T B(a) 4
3813. T B(a) 4
3814. T B(a) 4
3815. T B(a) 4
3816. T B(a) 4
3817. T B(a) 4
3818. T B(a) 4
3819. T B(a) 4
3820. T B(a) 4
3821. T B(a) 4
3822. T B(a) 4
3823. T B(a) 4
3824. T B(a) 4
3825. T B(a) 4
3826. T B(a) 4
3827. T B(a) 4
3828. T B(a) 4
3829. T B(a) 4
3830. T B(a) 4
3831. T B(a) 4
3832. T B(a) 4
3833. T B(a) 4
3834. T B(a) 4
3835. T B(a) 4
3836. T B(a) 4
3837. T B(a) 4
3838. T B(a) 4
3839. T B(a) 4
3840. T B(a) 4
3841. T B(a) 4
3842. T B(a) 4
3843. T B(a) 4
3844. T B(a) 4
3845. T B(a) 4
3846. T B(a) 4
3847. T B(a) 4
3848. T B(a) 4
3849. T B(a) 4
3850. T B(a) 4
3851. T B(a) 4
3852. T B(a) 4
3853. T B(a) 4
3854. T B(a) 4
3855. T B(a) 4
3856. T B(a) 4
3857. T B(a) 4
3858. T B(a) 4
3859. T B(a) 4
3860. T B(a) 4
3861. T B(a) 4
3862. T B(a) 4
3863. T B(a) 4
3864. T B(a) 4
3865. T B(a) 4
3866. T B(a) 4
3867. T B(a) 4
3868. T B(a) 4
3869. T B(a) 4
3870. T B(a) 4
3871. T B(a) 4
3872. T B(a) 4
3873. T B(a) 4
3874. T B(a) 4
3875. T B(a) 4
3876. T B(a) 4
3877. T B(a) 4
3878. T B(a) 4
3879. T B(a) 4
3880. T B(a) 4
3881. T B(a) 4
3882. T B(a) 4
3883. T B(a) 4
3884. T B(a) 4
3885. T B(a) 4
3886. T B(a) 4
3887. T B(a) 4
3888. T B(a) 4
3889. T B(a) 4
3890. T B(a) 4
3891. T B(a) 4
3892. T B(a) 4
3893. T B(a) 4
3894. T B(a) 4
3895. T B(a) 4
3896. T B(a) 4
3897. T B(a) 4
3898. T B(a) 4
3899. T B(a) 4
3900. T B(a) 4
3901. T B(a) 4
3902. T B(a) 4
3903. T B(a) 4
3904. T B(a) 4
3905. T B(a) 4
3906. T B(a) 4
3907. T B(a) 4
3908. T B(a) 4
3909. T B(a) 4
3910. T B(a) 4
3911. T B(a) 4
3912. T B(a) 4
3913. T B(a) 4
3914. T B(a) 4
3915. T B(a) 4
3916. T B(a) 4
3917. T B(a) 4
3918. T B(a) 4
3919. T B(a) 4
3920. T B(a) 4
3921. T B(a) 4
3922. T B(a) 4
3923. T B(a) 4
3924. T B(a) 4
3925. T B(a) 4
3926. T B(a) 4
3927. T B(a) 4
3928. T B(a) 4
3929. T B(a) 4
3930. T B(a) 4
3931. T B(a) 4
3932. T B(a) 4
3933. T B(a) 4
3934. T B(a) 4
3935. T B(a) 4
3936. T B(a) 4
3937. T B(a) 4
3938. T B(a) 4
3939. T B(a) 4
3940. T B(a) 4
3941. T B(a) 4
3942. T B(a) 4
3943. T B(a) 4
3944. T B(a) 4
3945. T B(a) 4
3946. T B(a) 4
3947. T B(a) 4
3948. T B(a) 4
3949. T B(a) 4
3950. T B(a) 4
3951. T B(a) 4
3952. T B(a) 4
3953. T B(a) 4
3954. T B(a) 4
3955. T B(a) 4
3956. T B(a) 4
3957. T B(a) 4
3958. T B(a) 4
3959. T B(a) 4
3960. T B(a) 4
3961. T B(a) 4
3962. T B(a) 4
3963. T B(a) 4
3964. T B(a) 4
3965. T B(a) 4
3966. T B(a) 4
3967. T B(a) 4
3968. T B(a) 4
3969. T B(a) 4
3970. T B(a) 4
3971. T B(a) 4
3972. T B(a) 4
3973. T B(a) 4
3974. T B(a) 4
3975. T B(a) 4
3976. T B(a) 4
3977. T B(a) 4
3978. T B(a) 4
3979. T B(a) 4
3980. T B(a) 4
3981. T B(a) 4
3982. T B(a) 4
3983. T B(a) 4
3984. T B(a) 4
3985. T B(a) 4
3986. T B(a) 4
3987. T B(a) 4
3988. T B(a) 4
3989. T B(a) 4
3990. T B(a) 4
3991. T B(a) 4
3992. T B(a) 4
3993. T B(a) 4
3994. T B(a) 4
3995. T B(a) 4
3996. T B(a) 4
3997. T B(a) 4
3998. T B(a) 4
3999. T B(a) 4
4000. T B(a) 4
4001. T B(a) 4
4002. T B(a) 4
4003. T B(a) 4
4004. T B(a) 4
4005. T B(a) 4
4006. T B(a) 4
4007. T B(a) 4
4008. T B(a) 4
4009. T B(a) 4
4010. T B(a) 4
4011. T B(a) 4
4012. T B(a) 4
4013. T B(a) 4
4014. T B(a) 4
4015. T B(a) 4
4016. T B(a) 4
4017. T B(a) 4
4018. T B(a) 4
4019. T B(a) 4
4020. T B(a) 4
4021. T B(a) 4
4022. T B(a) 4
4023. T B(a) 4
4024. T B(a) 4
4025. T B(a) 4
4026. T B(a) 4
4027. T B(a) 4
4028. T B(a) 4
4029. T B(a) 4
4030. T B(a) 4
4031. T B(a) 4
4032. T B(a) 4
4033. T B(a) 4
4034. T B(a) 4
4035. T B(a) 4
4036. T B(a) 4
4037. T B(a) 4
4038. T B(a) 4
4039. T B(a) 4
4040. T B(a) 4
4041. T B(a) 4
4042. T B(a) 4
4043. T B(a) 4
4044. T B(a) 4
4045. T B(a) 4
4046. T B(a) 4
4047. T B(a) 4
4048. T B(a) 4
4049. T B(a) 4
4050. T B(a) 4
4051. T B(a) 4
4052. T B(a) 4
4053. T B(a) 4
4054. T B(a) 4
4055. T B(a) 4
4056. T B(a) 4
4057. T B(a) 4
4058. T B(a) 4
4059. T B(a) 4
4060. T B(a) 4
4061. T B(a) 4
4062. T B(a) 4
4063. T B(a) 4
4064. T B(a) 4
4065. T B(a) 4
4066. T B(a) 4
4067. T B(a) 4
4068. T B(a) 4
4069. T B(a) 4
4070. T B(a) 4
4071. T B(a) 4
4072. T B(a) 4
4073. T B(a) 4
4074. T B(a) 4
4075. T B(a) 4
4076. T B(a) 4
4077. T B(a) 4
4078. T B(a) 4
4079. T B(a) 4
4080. T B(a) 4
4081. T B(a) 4
4082. T B(a) 4
4083. T B(a) 4
4084. T B(a) 4
4085. T B(a) 4
4086. T B(a) 4
4087. T B(a) 4
4088. T B(a) 4
4089. T B(a) 4
4090. T B(a) 4
4091. T B(a) 4
4092. T B(a) 4
4093. T B(a) 4
4094. T B(a) 4
4095. T B(a) 4
4096. T B(a) 4
4097. T B(a) 4
4098. T B(a) 4
4099. T B(a) 4
4100. T B(a) 4
4101. T B(a) 4
4102. T B(a) 4
4103. T B(a) 4
4104. T B(a) 4
4105. T B(a) 4
4106. T B(a) 4
4107. T B(a) 4
4108. T B(a) 4
4109. T B(a) 4
4110. T B(a) 4
4111. T B(a) 4
4112. T B(a) 4
4113. T B(a) 4
4114. T B(a) 4
4115. T B(a) 4
4116. T B(a) 4
4117. T B(a) 4
4118. T B(a) 4
4119. T B(a) 4
4120. T B(a) 4
4121. T B(a) 4
4122. T B(a) 4
4123. T B(a) 4
4124. T B(a) 4
4125. T B(a) 4
4126. T B(a) 4
4127. T B(a) 4
4128. T B(a) 4
4129. T B(a) 4
4130. T B(a) 4
4131. T B(a) 4
4132. T B(a) 4
4133. T B(a) 4
4134. T B(a) 4
4135. T B(a) 4
4136. T B(a) 4
4137. T B(a) 4
4138. T B(a) 4
4139. T B(a) 4
4140. T B(a) 4
4141. T B(a) 4
4142. T B(a) 4
4143. T B(a) 4
4144. T B(a) 4
4145. T B(a) 4
4146. T B(a) 4
4147. T B(a) 4
4148. T B(a) 4
4149. T B(a) 4
4150. T B(a) 4
4151. T B(a) 4
4152. T B(a) 4
4153. T B(a) 4
4154. T B(a) 4
4155. T B(a) 4
4156. T B(a) 4
4157. T B(a) 4
4158. T B(a) 4
4159. T B(a) 4
4160. T B(a) 4
4161. T B(a) 4
4162. T B(a) 4
4163. T B(a) 4
4164. T B(a) 4
4165. T B(a) 4
4166. T B(a) 4
4167. T B(a) 4
4168. T B(a) 4
4169. T B(a) 4
4170. T B(a) 4
4171. T B(a) 4
4172. T B(a) 4
4173. T B(a) 4
4174. T B(a) 4
4175. T B(a) 4
4176. T B(a) 4
4177. T B(a) 4
4178. T B(a) 4
4179. T B(a) 4
4180. T B(a) 4
4181. T B(a) 4
4182. T B(a) 4
4183. T B(a) 4
4184. T B(a) 4
4185. T B(a) 4
4186. T B(a) 4
4187. T B(a) 4
4188. T B(a) 4
4189. T B(a) 4
4190. T B(a) 4
4191. T B(a) 4
4192. T B(a) 4
4193. T B(a) 4
4194. T B(a) 4
4195. T B(a) 4
4196. T B(a) 4
4197. T B(a) 4
4198. T B(a) 4
4199. T B(a) 4
4200. T B(a) 4
4201. T B(a) 4
4202. T B(a) 4
4203. T B(a) 4
4204. T B(a) 4
4205. T B(a) 4
4206. T B(a) 4
4207. T B(a) 4
4208. T B(a) 4
4209. T B(a) 4
4210. T B(a) 4
4211. T B(a) 4
4212. T B(a) 4
4213. T B(a) 4
4214. T B(a) 4
4215. T B(a) 4
4216. T B(a) 4
4217. T B(a) 4
4218. T B(a) 4
4219. T B(a) 4
4220. T B(a) 4
4221. T B(a) 4
4222. T B(a) 4
4223. T B(a) 4
4224. T B(a) 4
4225. T B(a) 4
4226. T B(a) 4
4227. T B(a) 4
4228. T B(a) 4
4229. T B(a) 4
4230. T B(a) 4
4231. T B(a) 4
4232. T B(a) 4
4233. T B(a) 4
4234. T B(a) 4
4235. T B(a) 4
4236. T B(a) 4
4237. T B(a) 4
4238. T B(a) 4
4239. T B(a) 4
4240. T B(a) 4
4241. T B(a) 4
4242. T B(a) 4
4243. T B(a) 4
4244. T B(a) 4
4245. T B(a) 4
4246. T B(a) 4
4247. T B(a) 4
4248. T B(a) 4
4249. T B(a) 4
4250. T B(a) 4
4251. T B(a) 4
4252. T B(a) 4
4253. T B(a) 4
4254. T B(a) 4
4255. T B(a) 4
4256. T B(a) 4
4257. T B(a) 4
4258. T B(a) 4
4259. T B(a) 4
4260. T B(a) 4
4261. T B(a) 4
4262. T B(a) 4
4263. T B(a) 4
4264. T B(a) 4
4265. T B(a) 4
4266. T B(a) 4
4267. T B(a) 4
4268. T B(a) 4
4269. T B(a) 4
4270. T B(a) 4
4271. T B(a) 4
4272. T B(a) 4
4273. T B(a) 4
4274. T B(a) 4
4275. T B(a) 4
4276. T B(a) 4
4277. T B(a) 4
4278. T B(a) 4
4279. T B(a) 4
4280. T B(a) 4
4281. T B(a) 4
4282. T B(a) 4
4283. T B(a) 4
4284. T B(a) 4
4285. T B(a) 4
4286. T B(a) 4
4287. T B(a) 4
4288. T B(a) 4
4289. T B(a) 4
4290. T B(a) 4
4291. T B(a) 4
4292. T B(a) 4
4293. T B(a) 4
4294. T B(a) 4
4295. T B(a) 4
4296. T B(a) 4
4297. T B(a) 4
4298. T B(a) 4
4299. T B(a) 4
4300. T B(a) 4
4301. T B(a) 4
4302. T B(a) 4
4303. T B(a) 4
4304. T B(a) 4
4305. T B(a) 4
4306. T B(a) 4
4307. T B(a) 4
4308. T B(a) 4
4309. T B(a) 4
4310. T B(a) 4
4311. T B(a) 4
4312. T B(a) 4
4313. T B(a) 4
4314. T B(a) 4
4315. T B(a) 4
4316. T B(a) 4
4317. T B(a) 4
4318. T B(a) 4
4319. T B(a) 4
4320. T B(a) 4
4321. T B(a) 4
4322. T B(a) 4
4323. T B(a) 4
4324. T B(a) 4
4325. T B(a) 4
4326. T B(a) 4
4327. T B(a) 4
4328. T B(a) 4
4329. T B(a) 4
4330. T B(a) 4
4331. T B(a) 4
4332. T B(a) 4
4333. T B(a) 4
4334. T B(a) 4
4335. T B(a) 4
4336. T B(a) 4
4337. T B(a) 4
4338. T B(a) 4
4339. T B(a) 4
4340. T B(a) 4
4341. T B(a) 4
4342. T B(a) 4
4343. T B(a) 4
4344. T B(a) 4
4345. T B(a) 4
4346. T B(a) 4
4347. T B(a) 4
4348. T B(a) 4
4349. T B(a) 4
4350. T B(a) 4
4351. T B(a) 4
4352. T B(a) 4
4353. T B(a) 4
4354. T B(a) 4
4355. T B(a) 4
4356. T B(a) 4
4357. T B(a) 4
4358. T B(a) 4
4359. T B(a) 4
4360. T B(a) 4
4361. T B(a) 4
4362. T B(a) 4
4363. T B(a) 4
4364. T B(a) 4
4365. T B(a) 4
4366. T B(a) 4
4367. T B(a) 4
4368. T B(a) 4
4369. T B(a) 4
4370. T B(a) 4
4371. T B(a) 4
4372. T B(a) 4
4373. T B(a) 4
4374. T B(a) 4
4375. T B(a) 4
4376. T B(a) 4
4377. T B(a) 4
4378. T B(a) 4
4379. T B(a) 4
4380. T B(a) 4
4381. T B(a) 4
4382. T B(a) 4
4383. T B(a) 4
4384. T B(a) 4
4385. T B(a) 4
4386. T B(a) 4
4387. T B(a) 4
4388. T B(a) 4
4389. T B(a) 4
4390. T B(a) 4
4391. T B(a) 4
4392. T B(a) 4
4393. T B(a) 4
4394. T B(a) 4
4395. T B(a) 4
4396. T B(a) 4
4397. T B(a) 4
4398. T B(a) 4
4399. T B(a) 4
4400. T B(a) 4
4401. T B(a) 4
4402. T B(a) 4
4403. T B(a) 4
4404. T B(a) 4
4405. T B(a) 4
4406. T B(a) 4
4407. T B(a) 4
4408. T B(a) 4
4409. T B(a) 4
4410. T B(a) 4
4411. T B(a) 4
4412. T B(a) 4
4413. T B(a) 4
4414. T B(a) 4
4415. T B(a) 4
4416. T B(a) 4
4417. T B(a) 4
4418. T B(a) 4
4419. T B(a) 4
4420. T B(a) 4
4421. T B(a) 4
4422. T B(a) 4
4423. T B(a) 4
4424. T B(a) 4
4425. T B(a) 4
4426. T B(a) 4
4427. T B(a) 4
4428. T B(a) 4
4429. T B(a) 4
4430. T B(a) 4
4431. T B(a) 4
4432. T B(a) 4
4433. T B(a) 4
4434. T B(a) 4
4435. T B(a) 4
4436. T B(a) 4
4437. T B(a) 4
4438. T B(a) 4
4439. T B(a) 4
4440. T B(a) 4
4441. T B(a) 4
4442. T B(a) 4
4443. T B(a) 4
4444. T B(a) 4
4445. T B(a) 4
4446. T B(a) 4
4447. T B(a) 4
4448. T B(a) 4
4449. T B(a) 4
4450. T B(a) 4
4451. T B(a) 4
4452. T B(a) 4
4453. T B(a) 4
4454. T B(a) 4
4455. T B(a) 4
4456. T B(a) 4
4457. T B(a) 4
4458. T B(a) 4
4459. T B(a) 4
4460. T B(a) 4
4461. T B(a) 4
4462. T B(a) 4
4463. T B(a) 4
4464. T B(a) 4
4465. T B(a) 4
4466. T B(a) 4
4467. T B(a) 4
4468. T B(a) 4
4469. T B(a) 4
4470. T B(a) 4
4471. T B(a) 4
4472. T B(a) 4
4473. T B(a) 4
4474. T B(a) 4
4475. T B(a) 4
4476. T B(a) 4
4477. T B(a) 4
4478. T B(a) 4
4479. T B(a) 4
4480. T B(a) 4
4481. T B(a) 4
4482. T B(a) 4
4483. T B(a) 4
4484. T B(a) 4
4485. T B(a) 4
4486. T B(a) 4
4487. T B(a) 4
4488. T B(a) 4
4489. T B(a) 4
4490. T B(a) 4
4491. T B(a) 4
4492. T B(a) 4
4493. T B(a) 4
4494. T B(a) 4
4495. T B(a) 4
4496. T B(a) 4
4497. T B(a) 4
4498. T B(a) 4
4499. T B(a) 4
4500. T B(a) 4
4501. T B(a) 4
4502. T B(a) 4
4503. T B(a) 4
4504. T B(a) 4
4505. T B(a) 4
4506. T B(a) 4
4507. T B(a) 4
4508. T B(a) 4
4509. T B(a) 4
4510. T B(a) 4
4511. T B(a) 4
4512. T B(a) 4
4513. T B(a) 4
4514. T B(a) 4
4515. T B(a) 4
4516. T B(a) 4
4517. T B(a) 4
4518. T B(a) 4
4519. T B(a) 4
4520. T B(a) 4
4521. T B(a) 4
4522. T B(a) 4
4523. T B(a) 4
4524. T B(a) 4
4525. T B(a) 4
4526. T B(a) 4
4527. T B(a) 4
4528. T B(a) 4
4529. T B(a) 4
4530. T B(a) 4
4531. T B(a) 4
4532. T B(a) 4
4533. T B(a) 4
4534. T B(a) 4
4535. T B(a) 4
4536. T B(a) 4
4537. T B(a) 4
4538. T B(a) 4
4539. T B(a) 4
4540. T B(a) 4
4541. T B(a) 4
4542. T B(a) 4
4543. T B(a) 4
4544. T B(a) 4
4545. T B(a) 4
4546. T B(a) 4
4547. T B(a) 4
4548. T B(a) 4
4549. T B(a) 4
4550. T B(a) 4
4551. T B(a) 4
4552. T B(a) 4
4553. T B(a) 4
4554. T B(a) 4
4555. T B(a) 4
4556. T B(a) 4
4557. T B(a) 4
4558. T B(a) 4
4559. T B(a) 4
4560. T B(a) 4
4561. T B(a) 4
4562. T B(a) 4
4563. T B(a) 4
4564. T B(a) 4
4565. T B(a) 4
4566. T B(a) 4
4567. T B(a) 4
4568. T B(a) 4
4569. T B(a) 4
4570. T B(a) 4
4571. T B(a) 4
4572. T B(a) 4
4573. T B(a) 4
4574. T B(a) 4
4575. T B(a) 4
4576. T B(a) 4
4577. T B(a) 4
4578. T B(a) 4
4579. T B(a) 4
4580. T B(a) 4
4581. T B(a) 4
4582. T B(a) 4
4583. T B(a) 4
4584. T B(a) 4
4585. T B(a) 4
4586. T B(a) 4
4587. T B(a) 4
4588. T B(a) 4
4589. T B(a) 4
4590. T B(a) 4
4591. T B(a) 4
4592. T B(a) 4
4593. T B(a) 4
4594. T B(a) 4
4595. T B(a) 4
4596. T B(a) 4
4597. T B(a) 4
4598. T B(a) 4
4599. T B(a) 4
4600. T B(a) 4
4601. T B(a) 4
4602. T B(a) 4
4603. T B(a) 4
4604. T B(a) 4
4605. T B(a) 4
4606. T B(a) 4
4607. T B(a) 4
4608. T B(a) 4
4609. T B(a) 4
4610. T B(a) 4
4611. T B(a) 4
4612. T B(a) 4
4613. T B(a) 4
4614. T B(a) 4
4615. T B(a) 4
4616. T B(a) 4
4617. T B(a) 4
4618. T B(a) 4
4619. T B(a) 4
4620. T B(a) 4
4621. T B(a) 4
4622. T B(a) 4
4623. T B(a) 4
4624. T B(a) 4
4625. T B(a) 4
4626. T B(a) 4
4627. T B(a) 4
4628. T B(a) 4
4629. T B(a) 4
4630. T B(a) 4
4631. T B(a) 4
4632. T B(a) 4
4633. T B(a) 4
4634. T B(a) 4
4635. T B(a) 4
4636. T B(a) 4
4637. T B(a) 4
4638. T B(a) 4
4639. T B(a) 4
4640. T B(a) 4
4641. T B(a) 4
4642. T B(a) 4
4643. T B(a) 4
4644. T B(a) 4
4645. T B(a) 4
4646. T B(a) 4
4647. T B(a) 4
4648. T B(a) 4
4649. T B(a) 4
4650. T B(a) 4
4651. T B(a) 4
4652. T B(a) 4
4653. T B(a) 4
4654. T B(a) 4
4655. T B(a) 4
4656. T B(a) 4
4657. T B(a) 4
4658. T B(a) 4
4659. T B(a) 4
4660. T B(a) 4
4661. T B(a) 4
4662. T B(a) 4
4663. T B(a) 4
4664. T B(a) 4
4665. T B(a) 4
4666. T B(a) 4
4667. T B(a) 4
4668. T B(a) 4
4669. T B(a) 4
4670. T B(a) 4
4671. T B(a) 4
4672. T B(a) 4
4673. T B(a) 4
4674. T B(a) 4
4675. T B(a) 4
4676. T B(a) 4
4677. T B(a) 4
4678. T B(a) 4
4679. T B(a) 4
4680. T B(a) 4
4681. T B(a) 4
4682. T B(a) 4
4683. T B(a) 4
4684. T B(a) 4
4685. T B(a) 4
4686. T B(a) 4
4687. T B(a) 4
4688. T B(a) 4
4689. T B(a) 4
4690. T B(a) 4
4691. T B(a) 4
4692. T B(a) 4
4693. T B(a) 4
4694. T B(a) 4
4695. T B(a) 4
4696. T B(a) 4
4697. T B(a) 4
4698. T B(a) 4
4699. T B(a) 4
4700. T B(a) 4
4701. T B(a) 4
4702. T B(a) 4
4703. T B(a) 4
4704. T B(a) 4
4705. T B(a) 4
4706. T B(a) 4
4707. T B(a) 4
4708. T B(a) 4
4709. T B(a) 4
4710. T B(a) 4
4711. T B(a) 4
4712. T B(a) 4
4713. T B(a) 4
4714. T B(a) 4
4715. T B(a) 4
4716. T B(a) 4
4717. T B(a) 4
4718. T B(a) 4
4719. T B(a) 4
4720. T B(a) 4
4721. T B(a) 4
4722. T B(a) 4
4723. T B(a) 4
4724. T B(a) 4
4725. T B(a) 4
4726. T B(a) 4
4727. T B(a) 4
4728. T B(a) 4
4729. T B(a) 4
4730. T B(a) 4
4731. T B(a) 4
4732. T B(a) 4
4733. T B(a) 4
4734. T B(a) 4
4735. T B(a) 4
4736. T B(a) 4
4737. T B(a) 4
4738. T B(a) 4
4739. T B(a) 4
4740. T B(a) 4
4741. T B(a) 4
4742. T B(a) 4
4743. T B(a) 4
4744. T B(a) 4
4745. T B(a) 4
4746. T B(a) 4
4747. T B(a) 4
4748. T B(a) 4
4749. T B(a) 4
4750. T B(a) 4
4751. T B(a) 4
4752. T B(a) 4
4753. T B(a) 4
4754. T B(a) 4
4755. T B(a) 4
4756. T B(a) 4
4757. T B(a) 4
4758. T B(a) 4
4759. T B(a) 4
4760. T B(a) 4
4761. T B(a) 4
4762. T B(a) 4
4763. T B(a) 4
4764. T B(a) 4
4765. T B(a) 4
4766. T B(a) 4
4767. T B(a) 4
4768. T B(a) 4
4769. T B(a) 4
4770. T B(a) 4
4771. T B(a) 4
4772. T B(a) 4
4773. T B(a) 4
4774. T B(a) 4
4775. T B(a) 4
4776. T B(a) 4
4777. T B(a) 4
4778. T B(a) 4
4779. T B(a) 4
4780. T B(a) 4
4781. T B(a) 4
4782. T B(a) 4
4783. T B(a) 4
4784. T B(a) 4
4785. T B(a) 4
4786. T B(a) 4
4787. T B(a) 4
4788. T B(a) 4
4789. T B(a) 4
4790. T B(a) 4
4791. T B(a) 4
4792. T B(a) 4
4793. T B(a) 4
4794. T B(a) 4
4795. T B(a) 4
4796. T B(a) 4
4797. T B(a) 4
4798. T B(a) 4
4799. T B(a) 4
4800. T B(a) 4
4801. T B(a) 4
4802. T B(a) 4
4803. T B(a) 4
4804. T B(a) 4
4805. T B(a) 4
4806. T B(a) 4
4807. T B(a) 4
4808. T B(a) 4
4809. T B(a) 4
4810. T B(a) 4
4811. T B(a) 4
4812. T B(a) 4
4813. T B(a) 4
4814. T B(a) 4
4815. T B(a) 4
4816. T B(a) 4
4817. T B(a) 4
4818. T B(a) 4
4819. T B(a) 4
4820. T B(a) 4
4821. T B(a) 4
4822. T B(a) 4
4823. T B(a) 4
4824. T B(a) 4
4825. T B(a) 4
4826. T B(a) 4
4827. T B(a) 4
4828. T B(a) 4
4829. T B(a) 4
4830. T B(a) 4
4831. T B(a) 4
4832. T B(a) 4
4833. T B(a) 4
4834. T B(a) 4
4835. T B(a) 4
4836. T B(a) 4
4837. T B(a) 4
4838. T B(a) 4
4839. T B(a) 4
4840. T B(a) 4
4841. T B(a) 4
4842. T B(a) 4
4843. T B(a) 4
4844. T B(a) 4
4845. T B(a) 4
4846. T B(a) 4
4847. T B(a) 4
4848. T B(a) 4
4849. T B(a) 4
4850. T B(a) 4
4851. T B(a) 4
4852. T B(a) 4
4853. T B(a) 4
4854. T B(a) 4
4855. T B(a) 4
4856. T B(a) 4
4857. T B(a) 4
4858. T B(a) 4
4859. T B(a) 4
4860. T B(a) 4
4861. T B(a) 4
4862. T B(a) 4
4863. T B(a) 4
4864. T B(a) 4
4865. T B(a) 4
4866. T B(a) 4
4867. T B(a) 4
4868. T B(a) 4
4869. T B(a) 4
4870. T B(a) 4
4871. T B(a) 4
4872. T B(a) 4
4873. T B(a) 4
4874. T B(a) 4
4875. T B(a) 4
4876. T B(a) 4
4877. T B(a) 4
4878. T B(a) 4
4879. T B(a) 4
4880. T B(a) 4
4881. T B(a) 4
4882. T B(a) 4
4883. T B(a) 4
4884. T B(a) 4
4885. T B(a) 4
4886. T B(a) 4
4887. T B(a) 4
4888. T B(a) 4
4889. T B(a) 4
4890. T B(a) 4
4891. T B(a) 4
4892. T B(a) 4
4893. T B(a) 4
4894. T B(a) 4
4895. T B(a) 4
4896. T B(a) 4
4897. T B(a) 4
4898. T B(a) 4
4899. T B(a) 4
4900. T B(a) 4
4901. T B(a) 4
4902. T B(a) 4
4903. T B(a) 4
4904. T B(a) 4
4905. T B(a) 4
4906. T B(a) 4
4907. T B(a) 4
4908. T B(a) 4
4909. T B(a) 4
4910. T B(a) 4
4911. T B(a) 4
4912. T B(a) 4
4913. T B(a) 4
4914. T B(a) 4
4915. T B(a) 4
4916. T B(a) 4
4917. T B(a) 4
4918. T B(a) 4
4919. T B(a) 4
4920. T B(a) 4
4921. T B(a) 4
4922. T B(a) 4
4923. T B(a) 4
4924. T B(a) 4
4925. T B(a) 4
4926. T B(a) 4
4927. T B(a) 4
4928. T B(a) 4
4929. T B(a) 4
4930. T B(a) 4
4931. T B(a) 4
4932. T B(a) 4
4933. T B(a) 4
4934. T B(a) 4
4935. T B(a) 4
4936. T B(a) 4
4937. T B(a) 4
4938. T B(a) 4
4939. T B(a) 4
4940. T B(a) 4
4941. T B(a) 4
4942. T B(a) 4
4943. T B(a) 4
4944. T B(a) 4
4945. T B(a) 4
4946. T B(a) 4
4947. T B(a) 4
4948. T B(a) 4
4949. T B(a) 4
4950. T B(a) 4
4951. T B(a) 4
4952. T B(a) 4
4953. T B(a) 4
4954. T B(a) 4
4955. T B(a) 4
4956. T B(a) 4
4957. T B(a) 4
4958. T B(a) 4
4959. T B(a) 4
4960. T B(a) 4
4961. T B(a) 4
4962. T B(a) 4
4963. T B(a) 4
4964. T B(a) 4
4965. T B(a) 4
4966. T B(a) 4
4967. T B(a) 4
4968. T B(a) 4
4969. T B(a) 4
4970. T B(a) 4
4971. T B(a) 4
4972. T B(a) 4
4973. T B(a) 4
4974. T B(a) 4
4975. T B(a) 4
4976. T B(a) 4
4977. T B(a) 4
4978. T B(a) 4
4979. T B(a) 4
4980. T B(a) 4
4981. T B(a) 4
4982. T B(a) 4
4983. T B(a) 4
4984. T B(a) 4
4985. T B(a) 4
4986. T B(a) 4
4987. T B(a) 4
4988. T B(a) 4
4989. T B(a) 4
4990. T B(a) 4
4991. T B(a) 4
4992. T B(a) 4
4993. T B(a) 4
4994. T B(a) 4
4995. T B(a) 4
4996. T B(a) 4
4997. T B(a) 4
4998. T B(a) 4
4999. T B(a) 4
5000. T B(a) 4
5001. T B(a) 4
5002. T B(a) 4
5003. T B(a) 4
5004. T B(a) 4
5005. T B(a) 4
5006. T B(a) 4
5007. T B(a) 4
5008. T B(a) 4
5009. T B(a) 4
5010. T B(a) 4
5011. T B(a) 4
5012. T B(a) 4
5013. T B(a) 4
5014. T B(a) 4
5015. T B(a) 4
5016. T B(a) 4
5017. T B(a) 4
5018. T B(a) 4
5019. T B(a) 4
5020. T B(a) 4
5021. T B(a) 4
5022. T B(a) 4
5023. T B(a) 4
5024. T B(a) 4
5025. T B(a) 4
5026. T B(a) 4
5027. T B(a) 4
5028. T B(a) 4
5029. T B(a) 4
5030. T B(a) 4
5031. T B(a) 4
5032. T B(a) 4
5033. T B(a) 4
5034. T B(a) 4
5035. T B(a) 4
5036. T B(a) 4
5037. T B(a) 4
5038. T B(a) 4
5039. T B(a) 4
5040. T B(a) 4
5041. T B(a) 4
5042. T B(a) 4
5043. T B(a) 4
5044. T B(a) 4
5045. T B(a) 4
5046. T B(a) 4
5047. T B(a) 4
5048. T B(a) 4
5049. T B(a) 4
5050. T B(a) 4
5051. T B(a) 4
5052. T B(a) 4
5053. T B(a) 4
5054. T B(a) 4
5055. T B(a) 4
5056. T B(a) 4
5057. T B(a) 4
5058. T B(a) 4
5059. T B(a) 4
5060. T B(a) 4
5061. T B(a) 4
5062. T B(a) 4
5063. T B(a) 4
5064. T B(a) 4
5065. T B(a) 4
5066. T B(a) 4
5067. T B(a) 4
5068. T B(a) 4
5069. T B(a) 4
5070. T B(a) 4
5071. T B(a) 4
5072. T B(a) 4
5073. T B(a) 4
5074. T B(a) 4
5075. T B(a) 4
5076. T B(a) 4
5077. T B(a) 4
5078. T B(a) 4
5079. T B(a) 4
5080. T B(a) 4
5081. T B(a) 4
5082. T B(a) 4
5083. T B(a) 4
5084. T B(a) 4
5085. T B(a) 4
5086. T B(a) 4
5087. T B(a) 4
5088. T B(a) 4
5089. T B(a) 4
5090. T B(a) 4
5091. T B(a) 4
5092. T B(a) 4
5093. T B(a) 4
5094. T B(a) 4
5095. T B(a) 4
5096. T B(a) 4
5097. T B(a) 4
5098. T B(a) 4
5099. T B(a) 4
5100. T B(a) 4
5101. T B(a) 4
5102. T B(a) 4
5103. T B(a) 4
5104. T B(a) 4
5105. T B(a) 4
5106. T B(a) 4
5107. T B(a) 4
5108. T B(a) 4
5109. T B(a) 4
5110. T B(a) 4
5111. T B(a) 4
5112. T B(a) 4
5113. T B(a) 4
5114. T B(a) 4
5115. T B(a) 4
5116. T B(a) 4
5117. T B(a) 4
5118. T B(a) 4
5119. T B(a) 4
5120. T B(a) 4
5121. T B(a) 4
5122. T B(a) 4
5123. T B(a) 4
5124. T B(a) 4
5125. T B(a) 4
5126. T B(a) 4
5127. T B(a) 4
5128. T B(a) 4
5129. T B(a) 4
5130. T B(a) 4
5131. T B(a) 4
5132. T B(a) 4
5133. T B(a) 4
5134. T B(a) 4
5135. T B(a) 4
5136. T B(a) 4
5137. T B(a) 4
5138. T B(a) 4
5139. T B(a) 4
5140. T B(a) 4
5141. T B(a) 4
5142. T B(a) 4
5143. T B(a) 4
5144. T B(a) 4
5145. T B(a) 4
5146. T B(a) 4
5147. T B(a) 4
5148. T B(a) 4
5149. T B(a) 4
5150. T B(a) 4
5151. T B(a) 4
5152. T B(a) 4
5153. T B(a) 4
5154. T B(a) 4
5155. T B(a) 4
5156. T B(a) 4
5157. T B(a) 4
5158. T B(a) 4
5159. T B(a) 4
5160. T B(a) 4
5161. T B(a) 4
5162. T B(a) 4
5163. T B(a) 4
5164. T B(a) 4
5165. T B(a) 4
5166. T B(a) 4
5167. T B(a) 4
5168. T B(a) 4
5169. T B(a) 4
5170. T B(a) 4
5171. T B(a) 4
5172. T B(a) 4
5173. T B(a) 4
5174. T B(a) 4
5175. T B(a) 4
5176. T B(a) 4
5177. T B(a) 4
5178. T B(a) 4
5179. T B(a) 4
5180. T B(a) 4
5181. T B(a) 4
5182. T B(a) 4
5183. T B(a) 4
5184. T B(a) 4
5185. T B(a) 4
5186. T B(a) 4
5187. T B(a) 4
5188. T B(a) 4
5189. T B(a) 4
5190. T B(a) 4
5191. T B(a) 4
5192. T B(a) 4
5193. T B(a) 4
5194. T B(a) 4
5195. T B(a) 4
5196. T B(a) 4
5197. T B(a) 4
5198. T B(a) 4
5199. T B(a) 4
5200. T B(a) 4
5201. T B(a) 4
5202. T B(a) 4
5203. T B(a) 4
5204. T B(a) 4
5205. T B(a) 4
5206. T B(a) 4
5207. T B(a) 4
5208. T B(a) 4
5209. T B(a) 4
5210. T B(a) 4
5211. T B(a) 4
5212. T B(a) 4
5213. T B(a) 4
5214. T B(a) 4
5215. T B(a","<proof>
1. T Ex (B(x)->C(x)) pre
2. F (Ax B(x)->Ex C(x)) conclusion
3. T (B(a)->C(a)) 1
4. T Ax B(x) 2
5. F Ex C(x) 2
6. T B(b) 4
7. F C(b) 5
8. T B(b) 4
9. T B(c) 4
10. T B(d) 4
11. T B(e) 4
12. T B(f) 4
13. T B(g) 4
14. T B(h) 4
15. T B(i) 4
16. T B(j) 4
17. T B(k) 4
18. T B(l) 4
19. T B(m) 4
20. T B(n) 4
21. T B(o) 4
22. T B(p) 4
23. T B(q) 4
24. T B(r) 4
25. T B(s) 4
26. T B(t) 4
27. T B(u) 4
28. T B(v) 4
29. T B(w) 4
30. T B(x) 4
31. T B(y) 4
32. T B(z) 4
33. T B(a) 4
34. T B(a) 4
35. T B(a) 4
36. T B(a) 4
37. T B(a) 4
38. T B(a) 4
39. T B(a) 4
40. T B(a) 4
41. T B(a) 4
42. T B(a) 4
43. T B(a) 4
44. T B(a) 4
45. T B(a) 4
46. T B(a) 4
47. T B(a) 4
48. T B(a) 4
49. T B(a) 4
50. T B(a) 4
51. T B(a) 4
52. T B(a) 4
53. T B(a) 4
54. T B(a) 4
55. T B(a) 4
56. T B(a) 4
57. T B(a) 4
58. T B(a) 4
59. T B(a) 4
60. T B(a) 4
61. T B(a) 4
62. T B(a) 4
63. T B(a) 4
64. T B(a) 4
65. T B(a) 4
66. T B(a) 4
67. T B(a) 4
68. T B(a) 4
69. T B(a) 4
70. T B(a) 4
71. T B(a) 4
72. T B(a) 4
73. T B(a) 4
74. T B(a) 4
75. T B(a) 4
76. T B(a) 4
77. T B(a) 4
78. T B(a) 4
79. T B(a) 4
80. T B(a) 4
81. T B(a) 4
82. T B(a) 4
83. T B(a) 4
84. T B(a) 4
85. T B(a) 4
86. T B(a) 4
87. T B(a) 4
88. T B(a) 4
89. T B(a) 4
90. T B(a) 4
91. T B(a) 4
92. T B(a) 4
93. T B(a) 4
94. T B(a) 4
95. T B(a) 4
96. T B(a) 4
97. T B(a) 4
98. T B(a) 4
99. T B(a) 4
100. T B(a) 4
101. T B(a) 4
102. T B(a) 4
103. T B(a) 4
104. T B(a) 4
105. T B(a) 4
106. T B(a) 4
107. T B(a) 4
108. T B(a) 4
109. T B(a) 4
110. T B(a) 4
111. T B(a) 4
112. T B(a) 4
113. T B(a) 4
114. T B(a) 4
115. T B(a) 4
116. T B(a) 4
117. T B(a) 4
118. T B(a) 4
119. T B(a) 4
120. T B(a) 4
121. T B(a) 4
122. T B(a) 4
123. T B(a) 4
124. T B(a) 4
125. T B(a) 4
126. T B(a) 4
127. T B(a) 4
128. T B(a) 4
129. T B(a) 4
130. T B(a) 4
131. T B(a) 4
132. T B(a) 4
133. T B(a) 4
134. T B(a) 4
135. T B(a) 4
136. T B(a) 4
137. T B(a) 4
138. T B(a) 4
139. T B(a) 4
140. T B(a) 4
141. T B(a) 4
142. T B(a) 4
143. T B(a) 4
144. T B(a) 4
145. T B(a) 4
146. T B(a) 4
147. T B(a) 4
148. T B(a) 4
149. T B(a) 4
150. T B(a) 4
151. T B(a) 4
152. T B(a) 4
153. T B(a) 4
154. T B(a) 4
155. T B(a) 4
156. T B(a) 4
157. T B(a) 4
158. T B(a) 4
159. T B(a) 4
160. T B(a) 4
161. T B(a) 4
162. T B(a) 4
163. T B(a) 4
164. T B(a) 4
165. T B(a) 4
166. T B(a) 4
167. T B(a) 4
168. T B(a) 4
169. T B(a) 4
170. T B(a) 4
171. T B(a) 4
172. T B(a) 4
173. T B(a) 4
174. T B(a) 4
175. T B(a) 4
176. T B(a) 4
177. T B(a) 4
178. T B(a) 4
179. T B(a) 4
180. T B(a) 4
181. T B(a) 4
182. T B(a) 4
183. T B(a) 4
184. T B(a) 4
185. T B(a) 4
186. T B(a) 4
187. T B(a) 4
188. T B(a) 4
189. T B(a) 4
190. T B(a) 4
191. T B(a) 4
192. T B(a) 4
193. T B(a) 4
194. T B(a) 4
195. T B(a) 4
196. T B(a) 4
197. T B(a) 4
198. T B(a) 4
199. T B(a) 4
200. T B(a) 4
201. T B(a) 4
202. T B(a) 4
203. T B(a) 4
204. T B(a) 4
205. T B(a) 4
206. T B(a) 4
207. T B(a) 4
208. T B(a) 4
209. T B(a) 4
210. T B(a) 4
211. T B(a) 4
212. T B(a) 4
213. T B(a) 4
214. T B(a) 4
215. T B(a) 4
216. T B(a) 4
217. T B(a) 4
218. T B(a) 4
219. T B(a) 4
220. T B(a) 4
221. T B(a) 4
222. T B(a) 4
223. T B(a) 4
224. T B(a) 4
225. T B(a) 4
226. T B(a) 4
227. T B(a) 4
228. T B(a) 4
229. T B(a) 4
230. T B(a) 4
231. T B(a) 4
232. T B(a) 4
233. T B(a) 4
234. T B(a) 4
235. T B(a) 4
236. T B(a) 4
237. T B(a) 4
238. T B(a) 4
239. T B(a) 4
240. T B(a) 4
241. T B(a) 4
242. T B(a) 4
243. T B(a) 4
244. T B(a) 4
245. T B(a) 4
246. T B(a) 4
247. T B(a) 4
248. T B(a) 4
249. T B(a) 4
250. T B(a) 4
251. T B(a) 4
252. T B(a) 4
253. T B(a) 4
254. T B(a) 4
255. T B(a) 4
256. T B(a) 4
257. T B(a) 4
258. T B(a) 4
259. T B(a) 4
260. T B(a) 4
261. T B(a) 4
262. T B(a) 4
263. T B(a) 4
264. T B(a) 4
265. T B(a) 4
266. T B(a) 4
267. T B(a) 4
268. T B(a) 4
269. T B(a) 4
270. T B(a) 4
271. T B(a) 4
272. T B(a) 4
273. T B(a) 4
274. T B(a) 4
275. T B(a) 4
276. T B(a) 4
277. T B(a) 4
278. T B(a) 4
279. T B(a) 4
280. T B(a) 4
281. T B(a) 4
282. T B(a) 4
283. T B(a) 4
284. T B(a) 4
285. T B(a) 4
286. T B(a) 4
287. T B(a) 4
288. T B(a) 4
289. T B(a) 4
290. T B(a) 4
291. T B(a) 4
292. T B(a) 4
293. T B(a) 4
294. T B(a) 4
295. T B(a) 4
296. T B(a) 4
297. T B(a) 4
298. T B(a) 4
299. T B(a) 4
300. T B(a) 4
301. T B(a) 4
302. T B(a) 4
303. T B(a) 4
304. T B(a) 4
305. T B(a) 4
306. T B(a) 4
307. T B(a) 4
308. T B(a) 4
309. T B(a) 4
310. T B(a) 4
311. T B(a) 4
312. T B(a) 4
313. T B(a) 4
314. T B(a) 4
315. T B(a) 4
316. T B(a) 4
317. T B(a) 4
318. T B(a) 4
319. T B(a) 4
320. T B(a) 4
321. T B(a) 4
322. T B(a) 4
323. T B(a) 4
324. T B(a) 4
325. T B(a) 4
326. T B(a) 4
327. T B(a) 4
328. T B(a) 4
329. T B(a) 4
330. T B(a) 4
331. T B(a) 4
332. T B(a) 4
333. T B(a) 4
334. T B(a) 4
335. T B(a) 4
336. T B(a) 4
337. T B(a) 4
338. T B(a) 4
339. T B(a) 4
340. T B(a) 4
341. T B(a) 4
342. T B(a) 4
343. T B(a) 4
344. T B(a) 4
345. T B(a) 4
346. T B(a) 4
347. T B(a) 4
348. T B(a) 4
349. T B(a) 4
350. T B(a) 4
351. T B(a) 4
352. T B(a) 4
353. T B(a) 4
354. T B(a) 4
355. T B(a) 4
356. T B(a) 4
357. T B(a) 4
358. T B(a) 4
359. T B(a) 4
360. T B(a) 4
361. T B(a) 4
362. T B(a) 4
363. T B(a) 4
364. T B(a) 4
365. T B(a) 4
366. T B(a) 4
367. T B(a) 4
368. T B(a) 4
369. T B(a) 4
370. T B(a) 4
371. T B(a) 4
372. T B(a) 4
373. T B(a) 4
374. T B(a) 4
375. T B(a) 4
376. T B(a) 4
377. T B(a) 4
378. T B(a) 4
379. T B(a) 4
380. T B(a) 4
381. T B(a) 4
382. T B(a) 4
383. T B(a) 4
384. T B(a) 4
385. T B(a) 4
386. T B(a) 4
387. T B(a) 4
388. T B(a) 4
389. T B(a) 4
390. T B(a) 4
391. T B(a) 4
392. T B(a) 4
393. T B(a) 4
394. T B(a) 4
395. T B(a) 4
396. T B(a) 4
397. T B(a) 4
398. T B(a) 4
399. T B(a) 4
400. T B(a) 4
401. T B(a) 4
402. T B(a) 4
403. T B(a) 4
404. T B(a) 4
405. T B(a) 4
406. T B(a) 4
407. T B(a) 4
408. T B(a) 4
409. T B(a) 4
410. T B(a) 4
411. T B(a) 4
412. T B(a) 4
413. T B(a) 4
414. T B(a) 4
415. T B(a) 4
416. T B(a) 4
417. T B(a) 4
418. T B(a) 4
419. T B(a) 4
420. T B(a) 4
421. T B(a) 4
422. T B(a) 4
423. T B(a) 4
424. T B(a) 4
425. T B(a) 4
426. T B(a) 4
427. T B(a) 4
428. T B(a) 4
429. T B(a) 4
430. T B(a) 4
431. T B(a) 4
432. T B(a) 4
433. T B(a) 4
434. T B(a) 4
435. T B(a) 4
436. T B(a) 4
437. T B(a) 4
438. T B(a) 4
439. T B(a) 4
440. T B(a) 4
441. T B(a) 4
442. T B(a) 4
443. T B(a) 4
444. T B(a) 4
445. T B(a) 4
446. T B(a) 4
447. T B(a) 4
448. T B(a) 4
449. T B(a) 4
450. T B(a) 4
451. T B(a) 4
452. T B(a) 4
453. T B(a) 4
454. T B(a) 4
455. T B(a) 4
456. T B(a) 4
457. T B(a) 4
458. T B(a) 4
459. T B(a) 4
460. T B(a) 4
461. T B(a) 4
462. T B(a) 4
463. T B(a) 4
464. T B(a) 4
465. T B(a) 4
466. T B(a) 4
467. T B(a) 4
468. T B(a) 4
469. T B(a) 4
470. T B(a) 4
471. T B(a) 4
472. T B(a) 4
473. T B(a) 4
474. T B(a) 4
475. T B(a) 4
476. T B(a) 4
477. T B(a) 4
478. T B(a) 4
479. T B(a) 4
480. T B(a) 4
481. T B(a) 4
482. T B(a) 4
483. T B(a) 4
484. T B(a) 4
485. T B(a) 4
486. T B(a) 4
487. T B(a) 4
488. T B(a) 4
489. T B(a) 4
490. T B(a) 4
491. T B(a) 4
492. T B(a) 4
493. T B(a) 4
494. T B(a) 4
495. T B(a) 4
496. T B(a) 4
497. T B(a) 4
498. T B(a) 4
499. T B(a) 4
500. T B(a) 4
501. T B(a) 4
502. T B(a) 4
503. T B(a) 4
504. T B(a) 4
505. T B(a) 4
506. T B(a) 4
507. T B(a) 4
508. T B(a) 4
509. T B(a) 4
510. T B(a) 4
511. T B(a) 4
512. T B(a) 4
513. T B(a) 4
514. T B(a) 4
515. T B(a) 4
516. T B(a) 4
517. T B(a) 4
518. T B(a) 4
519. T B(a) 4
520. T B(a) 4
521. T B(a) 4
522. T B(a) 4
523. T B(a) 4
524. T B(a) 4
525. T B(a) 4
526. T B(a) 4
527. T B(a) 4
528. T B(a) 4
529. T B(a) 4
530. T B(a) 4
531. T B(a) 4
532. T B(a) 4
533. T B(a) 4
534. T B(a) 4
535. T B(a) 4
536. T B(a) 4
537. T B(a) 4
538. T B(a) 4
539. T B(a) 4
540. T B(a) 4
541. T B(a) 4
542. T B(a) 4
543. T B(a) 4
544. T B(a) 4
545. T B(a) 4
546. T B(a) 4
547. T B(a) 4
548. T B(a) 4
549. T B(a) 4
550. T B(a) 4
551. T B(a) 4
552. T B(a) 4
553. T B(a) 4
554. T B(a) 4
555. T B(a) 4
556. T B(a) 4
557. T B(a) 4
558. T B(a) 4
559. T B(a) 4
560. T B(a) 4
561. T B(a) 4
562. T B(a) 4
563. T B(a) 4
564. T B(a) 4
565. T B(a) 4
566. T B(a) 4
567. T B(a) 4
568. T B(a) 4
569. T B(a) 4
570. T B(a) 4
571. T B(a) 4
572. T B(a) 4
573. T B(a) 4
574. T B(a) 4
575. T B(a) 4
576. T B(a) 4
577. T B(a) 4
578. T B(a) 4
579. T B(a) 4
580. T B(a) 4
581. T B(a) 4
582. T B(a) 4
583. T B(a) 4
584. T B(a) 4
585. T B(a) 4
586. T B(a) 4
587. T B(a) 4
588. T B(a) 4
589. T B(a) 4
590. T B(a) 4
591. T B(a) 4
592. T B(a) 4
593. T B(a) 4
594. T B(a) 4
595. T B(a) 4
596. T B(a) 4
597. T B(a) 4
598. T B(a) 4
599. T B(a) 4
600. T B(a) 4
601. T B(a) 4
602. T B(a) 4
603. T B(a) 4
604. T B(a) 4
605. T B(a) 4
606. T B(a) 4
607. T B(a) 4
608. T B(a) 4
609. T B(a) 4
610. T B(a) 4
611. T B(a) 4
612. T B(a) 4
613. T B(a) 4
614. T B(a) 4
615. T B(a) 4
616. T B(a) 4
617. T B(a) 4
618. T B(a) 4
619. T B(a) 4
620. T B(a) 4
621. T B(a) 4
622. T B(a) 4
623. T B(a) 4
624. T B(a) 4
625. T B(a) 4
626. T B(a) 4
627. T B(a) 4
628. T B(a) 4
629. T B(a) 4
630. T B(a) 4
631. T B(a) 4
632. T B(a) 4
633. T B(a) 4
634. T B(a) 4
635. T B(a) 4
636. T B(a) 4
637. T B(a) 4
638. T B(a) 4
639. T B(a) 4
640. T B(a) 4
641. T B(a) 4
642. T B(a) 4
643. T B(a) 4
644. T B(a) 4
645. T B(a) 4
646. T B(a) 4
647. T B(a) 4
648. T B(a) 4
649. T B(a) 4
650. T B(a) 4
651. T B(a) 4
652. T B(a) 4
653. T B(a) 4
654. T B(a) 4
655. T B(a) 4
656. T B(a) 4
657. T B(a) 4
658. T B(a) 4
659. T B(a) 4
660. T B(a) 4
661. T B(a) 4
662. T B(a) 4
663. T B(a) 4
664. T B(a) 4
665. T B(a) 4
666. T B(a) 4
667. T B(a) 4
668. T B(a) 4
669. T B(a) 4
670. T B(a) 4
671. T B(a) 4
672. T B(a) 4
673. T B(a) 4
674. T B(a) 4
675. T B(a) 4
676. T B(a) 4
677. T B(a) 4
678. T B(a) 4
679. T B(a) 4
680. T B(a) 4
681. T B(a) 4
682. T B(a) 4
683. T B(a) 4
684. T B(a) 4
685. T B(a) 4
686. T B(a) 4
687. T B(a) 4
688. T B(a) 4
689. T B(a) 4
690. T B(a) 4
691. T B(a) 4
692. T B(a) 4
693. T B(a) 4
694. T B(a) 4
695. T B(a) 4
696. T B(a) 4
697. T B(a) 4
698. T B(a) 4
699. T B(a) 4
700. T B(a) 4
701. T B(a) 4
702. T B(a) 4
703. T B(a) 4
704. T B(a) 4
705. T B(a) 4
706. T B(a) 4
707. T B(a) 4
708. T B(a) 4
709. T B(a) 4
710. T B(a) 4
711. T B(a) 4
712. T B(a) 4
713. T B(a) 4
714. T B(a) 4
715. T B(a) 4
716. T B(a) 4
717. T B(a) 4
718. T B(a) 4
719. T B(a) 4
720. T B(a) 4
721. T B(a) 4
722. T B(a) 4
723. T B(a) 4
724. T B(a) 4
725. T B(a) 4
726. T B(a) 4
727. T B(a) 4
728. T B(a) 4
729. T B(a) 4
730. T B(a) 4
731. T B(a) 4
732. T B(a) 4
733. T B(a) 4
734. T B(a) 4
735. T B(a) 4
736. T B(a) 4
737. T B(a) 4
738. T B(a) 4
739. T B(a) 4
740. T B(a) 4
741. T B(a) 4
742. T B(a) 4
743. T B(a) 4
744. T B(a) 4
745. T B(a) 4
746. T B(a) 4
747. T B(a) 4
748. T B(a) 4
749. T B(a) 4
750. T B(a) 4
751. T B(a) 4
752. T B(a) 4
753. T B(a) 4
754. T B(a) 4
755. T B(a) 4
756. T B(a) 4
757. T B(a) 4
758. T B(a) 4
759. T B(a) 4
760. T B(a) 4
761. T B(a) 4
762. T B(a) 4
763. T B(a) 4
764. T B(a) 4
765. T B(a) 4
766. T B(a) 4
767. T B(a) 4
768. T B(a) 4
769. T B(a) 4
770. T B(a) 4
771. T B(a) 4
772. T B(a) 4
773. T B(a) 4
774. T B(a) 4
775. T B(a) 4
776. T B(a) 4
777. T B(a) 4
778. T B(a) 4
779. T B(a) 4
780. T B(a) 4
781. T B(a) 4
782. T B(a) 4
783. T B(a) 4
784. T B(a) 4
785. T B(a) 4
786. T B(a) 4
787. T B(a) 4
788. T B(a) 4
789. T B(a) 4
790. T B(a) 4
791. T B(a) 4
792. T B(a) 4
793. T B(a) 4
794. T B(a) 4
795. T B(a) 4
796. T B(a) 4
797. T B(a) 4
798. T B(a) 4
799. T B(a) 4
800. T B(a) 4
801. T B(a) 4
802. T B(a) 4
803. T B(a) 4
804. T B(a) 4
805. T B(a) 4
806. T B(a) 4
807. T B(a) 4
808. T B(a) 4
809. T B(a) 4
810. T B(a) 4
811. T B(a) 4
812. T B(a) 4
813. T B(a) 4
814. T B(a) 4
815. T B(a) 4
816. T B(a) 4
817. T B(a) 4
818. T B(a) 4
819. T B(a) 4
820. T B(a) 4
821. T B(a) 4
822. T B(a) 4
823. T B(a) 4
824. T B(a) 4
825. T B(a) 4
826. T B(a) 4
827. T B(a) 4
828. T B(a) 4
829. T B(a) 4
830. T B(a) 4
831. T B(a) 4
832. T B(a) 4
833. T B(a) 4
834. T B(a) 4
835. T B(a) 4
836. T B(a) 4
837. T B(a) 4
838. T B(a) 4
839. T B(a) 4
840. T B(a) 4
841. T B(a) 4
842. T B(a) 4
843. T B(a) 4
844. T B(a) 4
845. T B(a) 4
846. T B(a) 4
847. T B(a) 4
848. T B(a) 4
849. T B(a) 4
850. T B(a) 4
851. T B(a) 4
852. T B(a) 4
853. T B(a) 4
854. T B(a) 4
855. T B(a) 4
856. T B(a) 4
857. T B(a) 4
858. T B(a) 4
859. T B(a) 4
860. T B(a) 4
861. T B(a) 4
862. T B(a) 4
863. T B(a) 4
864. T B(a) 4
865. T B(a) 4
866. T B(a) 4
867. T B(a) 4
868. T B(a) 4
869. T B(a) 4
870. T B(a) 4
871. T B(a) 4
872. T B(a) 4
873. T B(a) 4
874. T B(a) 4
875. T B(a) 4
876. T B(a) 4
877. T B(a) 4
878. T B(a) 4
879. T B(a) 4
880. T B(a) 4
881. T B(a) 4
882. T B(a) 4
883. T B(a) 4
884. T B(a) 4
885. T B(a) 4
886. T B(a) 4
887. T B(a) 4
888. T B(a) 4
889. T B(a) 4
890. T B(a) 4
891. T B(a) 4
892. T B(a) 4
893. T B(a) 4
894. T B(a) 4
895. T B(a) 4
896. T B(a) 4
897. T B(a) 4
898. T B(a) 4
899. T B(a) 4
900. T B(a) 4
901. T B(a) 4
902. T B(a) 4
903. T B(a) 4
904. T B(a) 4
905. T B(a) 4
906. T B(a) 4
907. T B(a) 4
908. T B(a) 4
909. T B(a) 4
910. T B(a) 4
911. T B(a) 4
912. T B(a) 4
913. T B(a) 4
914. T B(a) 4
915. T B(a) 4
916. T B(a) 4
917. T B(a) 4
918. T B(a) 4
919. T B(a) 4
920. T B(a) 4
921. T B(a) 4
922. T B(a) 4
923. T B(a) 4
924. T B(a) 4
925. T B(a) 4
926. T B(a) 4
927. T B(a) 4
928. T B(a) 4
929. T B(a) 4
930. T B(a) 4
931. T B(a) 4
932. T B(a) 4
933. T B(a) 4
934. T B(a) 4
935. T B(a) 4
936. T B(a) 4
937. T B(a) 4
938. T B(a) 4
939. T B(a) 4
940. T B(a) 4
941. T B(a) 4
942. T B(a) 4
943. T B(a) 4
944. T B(a) 4
945. T B(a) 4
946. T B(a) 4
947. T B(a) 4
948. T B(a) 4
949. T B(a) 4
950. T B(a) 4
951. T B(a) 4
952. T B(a) 4
953. T B(a) 4
954. T B(a) 4
955. T B(a) 4
956. T B(a) 4
957. T B(a) 4
958. T B(a) 4
959. T B(a) 4
960. T B(a) 4
961. T B(a) 4
962. T B(a) 4
963. T B(a) 4
964. T B(a) 4
965. T B(a) 4
966. T B(a) 4
967. T B(a) 4
968. T B(a) 4
969. T B(a) 4
970. T B(a) 4
971. T B(a) 4
972. T B(a) 4
973. T B(a) 4
974. T B(a) 4
975. T B(a) 4
976. T B(a) 4
977. T B(a) 4
978. T B(a) 4
979. T B(a) 4
980. T B(a) 4
981. T B(a) 4
982. T B(a) 4
983. T B(a) 4
984. T B(a) 4
985. T B(a) 4
986. T B(a) 4
987. T B(a) 4
988. T B(a) 4
989. T B(a) 4
990. T B(a) 4
991. T B(a) 4
992. T B(a) 4
993. T B(a) 4
994. T B(a) 4
995. T B(a) 4
996. T B(a) 4
997. T B(a) 4
998. T B(a) 4
999. T B(a) 4
1000. T B(a) 4
1001. T B(a) 4
1002. T B(a) 4
1003. T B(a) 4
1004. T B(a) 4
1005. T B(a) 4
1006. T B(a) 4
1007. T B(a) 4
1008. T B(a) 4
1009. T B(a) 4
1010. T B(a) 4
1011. T B(a) 4
1012. T B(a) 4
1013. T B(a) 4
1014. T B(a) 4
1015. T B(a) 4
1016. T B(a) 4
1017. T B(a) 4
1018. T B(a) 4
1019. T B(a) 4
1020. T B(a) 4
1021. T B(a) 4
1022. T B(a) 4
1023. T B(a) 4
1024. T B(a) 4
1025. T B(a) 4
1026. T B(a) 4
1027. T B(a) 4
1028. T B(a) 4
1029. T B(a) 4
1030. T B(a) 4
1031. T B(a) 4
1032. T B(a) 4
1033. T B(a) 4
1034. T B(a) 4
1035. T B(a) 4
1036. T B(a) 4
1037. T B(a) 4
1038. T B(a) 4
1039. T B(a) 4
1040. T B(a) 4
1041. T B(a) 4
1042. T B(a) 4
1043. T B(a) 4
1044. T B(a) 4
1045. T B(a) 4
1046. T B(a) 4
1047. T B(a) 4
1048. T B(a) 4
1049. T B(a) 4
1050. T B(a) 4
1051. T B(a) 4
1052. T B(a) 4
1053. T B(a) 4
1054. T B(a) 4
1055. T B(a) 4
1056. T B(a) 4
1057. T B(a) 4
1058. T B(a) 4
1059. T B(a) 4
1060. T B(a) 4
1061. T B(a) 4
1062. T B(a) 4
1063. T B(a) 4
1064. T B(a) 4
1065. T B(a) 4
1066. T B(a) 4
1067. T B(a) 4
1068. T B(a) 4
1069. T B(a) 4
1070. T B(a) 4
1071. T B(a) 4
1072. T B(a) 4
1073. T B(a) 4
1074. T B(a) 4
1075. T B(a) 4
1076. T B(a) 4
1077. T B(a) 4
1078. T B(a) 4
1079. T B(a) 4
1080. T B(a) 4
1081. T B(a) 4
1082. T B(a) 4
1083. T B(a) 4
1084. T B(a) 4
1085. T B(a) 4
1086. T B(a) 4
1087. T B(a) 4
1088. T B(a) 4
1089. T B(a) 4
1090. T B(a) 4
1091. T B(a) 4
1092. T B(a) 4
1093. T B(a) 4
1094. T B(a) 4
1095. T B(a) 4
1096. T B(a) 4
1097. T B(a) 4
1098. T B(a) 4
1099. T B(a) 4
1100. T B(a) 4
1101. T B(a) 4
1102. T B(a) 4
1103. T B(a) 4
1104. T B(a) 4
1105. T B(a) 4
1106. T B(a) 4
1107. T B(a) 4
1108. T B(a) 4
1109. T B(a) 4
1110. T B(a) 4
1111. T B(a) 4
1112. T B(a) 4
1113. T B(a) 4
1114. T B(a) 4
1115. T B(a) 4
1116. T B(a) 4
1117. T B(a) 4
1118. T B(a) 4
1119. T B(a) 4
1120. T B(a) 4
1121. T B(a) 4
1122. T B(a) 4
1123. T B(a) 4
1124. T B(a) 4
1125. T B(a) 4
1126. T B(a) 4
1127. T B(a) 4
1128. T B(a) 4
1129. T B(a) 4
1130. T B(a) 4
1131. T B(a) 4
1132. T B(a) 4
1133. T B(a) 4
1134. T B(a) 4
1135. T B(a) 4
1136. T B(a) 4
1137. T B(a) 4
1138. T B(a) 4
1139. T B(a) 4
1140. T B(a) 4
1141. T B(a) 4
1142. T B(a) 4
1143. T B(a) 4
1144. T B(a) 4
1145. T B(a) 4
1146. T B(a) 4
1147. T B(a) 4
1148. T B(a) 4
1149. T B(a) 4
1150. T B(a) 4
1151. T B(a) 4
1152. T B(a) 4
1153. T B(a) 4
1154. T B(a) 4
1155. T B(a) 4
1156. T B(a) 4
1157. T B(a) 4
1158. T B(a) 4
1159. T B(a) 4
1160. T B(a) 4
1161. T B(a) 4
1162. T B(a) 4
1163. T B(a) 4
1164. T B(a) 4
1165. T B(a) 4
1166. T B(a) 4
1167. T B(a) 4
1168. T B(a) 4
1169. T B(a) 4
1170. T B(a) 4
1171. T B(a) 4
1172. T B(a) 4
1173. T B(a) 4
1174. T B(a) 4
1175. T B(a) 4
1176. T B(a) 4
1177. T B(a) 4
1178. T B(a) 4
1179. T B(a) 4
1180. T B(a) 4
1181. T B(a) 4
1182. T B(a) 4
1183. T B(a) 4
1184. T B(a) 4
1185. T B(a) 4
1186. T B(a) 4
1187. T B(a) 4
1188. T B(a) 4
1189. T B(a) 4
1190. T B(a) 4
1191. T B(a) 4
1192. T B(a) 4
1193. T B(a) 4
1194. T B(a) 4
1195. T B(a) 4
1196. T B(a) 4
1197. T B(a) 4
1198. T B(a) 4
1199. T B(a) 4
1200. T B(a) 4
1201. T B(a) 4
1202. T B(a) 4
1203. T B(a) 4
1204. T B(a) 4
1205. T B(a) 4
1206. T B(a) 4
1207. T B(a) 4
1208. T B(a) 4
1209. T B(a) 4
1210. T B(a) 4
1211. T B(a) 4
1212. T B(a) 4
1213. T B(a) 4
1214. T B(a) 4
1215. T B(a) 4
1216. T B(a) 4
1217. T B(a) 4
1218. T B(a) 4
1219. T B(a) 4
1220. T B(a) 4
1221. T B(a) 4
1222. T B(a) 4
1223. T B(a) 4
1224. T B(a) 4
1225. T B(a) 4
1226. T B(a) 4
1227. T B(a) 4
1228. T B(a) 4
1229. T B(a) 4
1230. T B(a) 4
1231. T B(a) 4
1232. T B(a) 4
1233. T B(a) 4
1234. T B(a) 4
1235. T B(a) 4
1236. T B(a) 4
1237. T B(a) 4
1238. T B(a) 4
1239. T B(a) 4
1240. T B(a) 4
1241. T B(a) 4
1242. T B(a) 4
1243. T B(a) 4
1244. T B(a) 4
1245. T B(a) 4
1246. T B(a) 4
1247. T B(a) 4
1248. T B(a) 4
1249. T B(a) 4
1250. T B(a) 4
1251. T B(a) 4
1252. T B(a) 4
1253. T B(a) 4
1254. T B(a) 4
1255. T B(a) 4
1256. T B(a) 4
1257. T B(a) 4
1258. T B(a) 4
1259. T B(a) 4
1260. T B(a) 4
1261. T B(a) 4
1262. T B(a) 4
1263. T B(a) 4
1264. T B(a) 4
1265. T B(a) 4
1266. T B(a) 4
1267. T B(a) 4
1268. T B(a) 4
1269. T B(a) 4
1270. T B(a) 4
1271. T B(a) 4
1272. T B(a) 4
1273. T B(a) 4
1274. T B(a) 4
1275. T B(a) 4
1276. T B(a) 4
1277. T B(a) 4
1278. T B(a) 4
1279. T B(a) 4
1280. T B(a) 4
1281. T B(a) 4
1282. T B(a) 4
1283. T B(a) 4
1284. T B(a) 4
1285. T B(a) 4
1286. T B(a) 4
1287. T B(a) 4
1288. T B(a) 4
1289. T B(a) 4
1290. T B(a) 4
1291. T B(a) 4
1292. T B(a) 4
1293. T B(a) 4
1294. T B(a) 4
1295. T B(a) 4
1296. T B(a) 4
1297. T B(a) 4
1298. T B(a) 4
1299. T B(a) 4
1300. T B(a) 4
1301. T B(a) 4
1302. T B(a) 4
1303. T B(a) 4
1304. T B(a) 4
1305. T B(a) 4
1306. T B(a) 4
1307. T B(a) 4
1308. T B(a) 4
1309. T B(a) 4
1310. T B(a) 4
1311. T B(a) 4
1312. T B(a) 4
1313. T B(a) 4
1314. T B(a) 4
1315. T B(a) 4
1316. T B(a) 4
1317. T B(a) 4
1318. T B(a) 4
1319. T B(a) 4
1320. T B(a) 4
1321. T B(a) 4
1322. T B(a) 4
1323. T B(a) 4
1324. T B(a) 4
1325. T B(a) 4
1326. T B(a) 4
1327. T B(a) 4
1328. T B(a) 4
1329. T B(a) 4
1330. T B(a) 4
1331. T B(a) 4
1332. T B(a) 4
1333. T B(a) 4
1334. T B(a) 4
1335. T B(a) 4
1336. T B(a) 4
1337. T B(a) 4
1338. T B(a) 4
1339. T B(a) 4
1340. T B(a) 4
1341. T B(a) 4
1342. T B(a) 4
1343. T B(a) 4
1344. T B(a) 4
1345. T B(a) 4
1346. T B(a) 4
1347. T B(a) 4
1348. T B(a) 4
1349. T B(a) 4
1350. T B(a) 4
1351. T B(a) 4
1352. T B(a) 4
1353. T B(a) 4
1354. T B(a) 4
1355. T B(a) 4
1356. T B(a) 4
1357. T B(a) 4
1358. T B(a) 4
1359. T B(a) 4
1360. T B(a) 4
1361. T B(a) 4
1362. T B(a) 4
1363. T B(a) 4
1364. T B(a) 4
1365. T B(a) 4
1366. T B(a) 4
1367. T B(a) 4
1368. T B(a) 4
1369. T B(a) 4
1370. T B(a) 4
1371. T B(a) 4
1372. T B(a) 4
1373. T B(a) 4
1374. T B(a) 4
1375. T B(a) 4
1376. T B(a) 4
1377. T B(a) 4
1378. T B(a) 4
1379. T B(a) 4
1380. T B(a) 4
1381. T B(a) 4
1382. T B(a) 4
1383. T B(a) 4
1384. T B(a) 4
1385. T B(a) 4
1386. T B(a) 4
1387. T B(a) 4
1388. T B(a) 4
1389. T B(a) 4
1390. T B(a) 4
1391. T B(a) 4
1392. T B(a) 4
1393. T B(a) 4
1394. T B(a) 4
1395. T B(a) 4
1396. T B(a) 4
1397. T B(a) 4
1398. T B(a) 4
1399. T B(a) 4
1400. T B(a) 4
1401. T B(a) 4
1402. T B(a) 4
1403. T B(a) 4
1404. T B(a) 4
1405. T B(a) 4
1406. T B(a) 4
1407. T B(a) 4
1408. T B(a) 4
1409. T B(a) 4
1410. T B(a) 4
1411. T B(a) 4
1412. T B(a) 4
1413. T B(a) 4
1414. T B(a) 4
1415. T B(a) 4
1416. T B(a) 4
1417. T B(a) 4
1418. T B(a) 4
1419. T B(a) 4
1420. T B(a) 4
1421. T B(a) 4
1422. T B(a) 4
1423. T B(a) 4
1424. T B(a) 4
1425. T B(a) 4
1426. T B(a) 4
1427. T B(a) 4
1428. T B(a) 4
1429. T B(a) 4
1430. T B(a) 4
1431. T B(a) 4
1432. T B(a) 4
1433. T B(a) 4
1434. T B(a) 4
1435. T B(a) 4
1436. T B(a) 4
1437. T B(a) 4
1438. T B(a) 4
1439. T B(a) 4
1440. T B(a) 4
1441. T B(a) 4
1442. T B(a) 4
1443. T B(a) 4
1444. T B(a) 4
1445. T B(a) 4
1446. T B(a) 4
1447. T B(a) 4
1448. T B(a) 4
1449. T B(a) 4
1450. T B(a) 4
1451. T B(a) 4
1452. T B(a) 4
1453. T B(a) 4
1454. T B(a) 4
1455. T B(a) 4
1456. T B(a) 4
1457. T B(a) 4
1458. T B(a) 4
1459. T B(a) 4
1460. T B(a) 4
1461. T B(a) 4
1462. T B(a) 4
1463. T B(a) 4
1464. T B(a) 4
1465. T B(a) 4
1466. T B(a) 4
1467. T B(a) 4
1468. T B(a) 4
1469. T B(a) 4
1470. T B(a) 4
1471. T B(a) 4
1472. T B(a) 4
1473. T B(a) 4
1474. T B(a) 4
1475. T B(a) 4
1476. T B(a) 4
1477. T B(a) 4
1478. T B(a) 4
1479. T B(a) 4
1480. T B(a) 4
1481. T B(a) 4
1482. T B(a) 4
1483. T B(a) 4
1484. T B(a) 4
1485. T B(a) 4
1486. T B(a) 4
1487. T B(a) 4
1488. T B(a) 4
1489. T B(a) 4
1490. T B(a) 4
1491. T B(a) 4
1492. T B(a) 4
1493. T B(a) 4
1494. T B(a) 4
1495. T B(a) 4
1496. T B(a) 4
1497. T B(a) 4
1498. T B(a) 4
1499. T B(a) 4
1500. T B(a) 4
1501. T B(a) 4
1502. T B(a) 4
1503. T B(a) 4
1504. T B(a) 4
1505. T B(a) 4
1506. T B(a) 4
1507. T B(a) 4
1508. T B(a) 4
1509. T B(a) 4
1510. T B(a) 4
1511. T B(a) 4
1512. T B(a) 4
1513. T B(a) 4
1514. T B(a) 4
1515. T B(a) 4
1516. T B(a) 4
1517. T B(a) 4
1518. T B(a) 4
1519. T B(a) 4
1520. T B(a) 4
1521. T B(a) 4
1522. T B(a) 4
1523. T B(a) 4
1524. T B(a) 4
1525. T B(a) 4
1526. T B(a) 4
1527. T B(a) 4
1528. T B(a) 4
1529. T B(a) 4
1530. T B(a) 4
1531. T B(a) 4
1532. T B(a) 4
1533. T B(a) 4
1534. T B(a) 4
1535. T B(a) 4
1536. T B(a) 4
1537. T B(a) 4
1538. T B(a) 4
1539. T B(a) 4
1540. T B(a) 4
1541. T B(a) 4
1542. T B(a) 4
1543. T B(a) 4
1544. T B(a) 4
1545. T B(a) 4
1546. T B(a) 4
1547. T B(a) 4
1548. T B(a) 4
1549. T B(a) 4
1550. T B(a) 4
1551. T B(a) 4
1552. T B(a) 4
1553. T B(a) 4
1554. T B(a) 4
1555. T B(a) 4
1556. T B(a) 4
1557. T B(a) 4
1558. T B(a) 4
1559. T B(a) 4
1560. T B(a) 4
1561. T B(a) 4
1562. T B(a) 4
1563. T B(a) 4
1564. T B(a) 4
1565. T B(a) 4
1566. T B(a) 4
1567. T B(a) 4
1568. T B(a) 4
1569. T B(a) 4
1570. T B(a) 4
1571. T B(a) 4
1572. T B(a) 4
1573. T B(a) 4
1574. T B(a) 4
1575. T B(a) 4
1576. T B(a) 4
1577. T B(a) 4
1578. T B(a) 4
1579. T B(a) 4
1580. T B(a) 4
1581. T B(a) 4
1582. T B(a) 4
1583. T B(a) 4
1584. T B(a) 4
1585. T B(a) 4
1586. T B(a) 4
1587. T B(a) 4
1588. T B(a) 4
1589. T B(a) 4
1590. T B(a) 4
1591. T B(a) 4
1592. T B(a) 4
1593. T B(a) 4
1594. T B(a) 4
1595. T B(a) 4
1596. T B(a) 4
1597. T B(a) 4
1598. T B(a) 4
1599. T B(a) 4
1600. T B(a) 4
1601. T B(a) 4
1602. T B(a) 4
1603. T B(a) 4
1604. T B(a) 4
1605. T B(a) 4
1606. T B(a) 4
1607. T B(a) 4
1608. T B(a) 4
1609. T B(a) 4
1610. T B(a) 4
1611. T B(a) 4
1612. T B(a) 4
1613. T B(a) 4
1614. T B(a) 4
1615. T B(a) 4
1616. T B(a) 4
1617. T B(a) 4
1618. T B(a) 4
1619. T B(a) 4
1620. T B(a) 4
1621. T B(a) 4
1622. T B(a) 4
1623. T B(a) 4
1624. T B(a) 4
1625. T B(a) 4
1626. T B(a) 4
1627. T B(a) 4
1628. T B(a) 4
1629. T B(a) 4
1630. T B(a) 4
1631. T B(a) 4
1632. T B(a) 4
1633. T B(a) 4
1634. T B(a) 4
1635. T B(a) 4
1636. T B(a) 4
1637. T B(a) 4
1638. T B(a) 4
1639. T B(a) 4
1640. T B(a) 4
1641. T B(a) 4
1642. T B(a) 4
1643. T B(a) 4
1644. T B(a) 4
1645. T B(a) 4
1646. T B(a) 4
1647. T B(a) 4
1648. T B(a) 4
1649. T B(a) 4
1650. T B(a) 4
1651. T B(a) 4
1652. T B(a) 4
1653. T B(a) 4
1654. T B(a) 4
1655. T B(a) 4
1656. T B(a) 4
1657. T B(a) 4
1658. T B(a) 4
1659. T B(a) 4
1660. T B(a) 4
1661. T B(a) 4
1662. T B(a) 4
1663. T B(a) 4
1664. T B(a) 4
1665. T B(a) 4
1666. T B(a) 4
1667. T B(a) 4
1668. T B(a) 4
1669. T B(a) 4
1670. T B(a) 4
1671. T B(a) 4
1672. T B(a) 4
1673. T B(a) 4
1674. T B(a) 4
1675. T B(a) 4
1676. T B(a) 4
1677. T B(a) 4
1678. T B(a) 4
1679. T B(a) 4
1680. T B(a) 4
1681. T B(a) 4
1682. T B(a) 4
1683. T B(a) 4
1684. T B(a) 4
1685. T B(a) 4
1686. T B(a) 4
1687. T B(a) 4
1688. T B(a) 4
1689. T B(a) 4
1690. T B(a) 4
1691. T B(a) 4
1692. T B(a) 4
1693. T B(a) 4
1694. T B(a) 4
1695. T B(a) 4
1696. T B(a) 4
1697. T B(a) 4
1698. T B(a) 4
1699. T B(a) 4
1700. T B(a) 4
1701. T B(a) 4
1702. T B(a) 4
1703. T B(a) 4
1704. T B(a) 4
1705. T B(a) 4
1706. T B(a) 4
1707. T B(a) 4
1708. T B(a) 4
1709. T B(a) 4
1710. T B(a) 4
1711. T B(a) 4
1712. T B(a) 4
1713. T B(a) 4
1714. T B(a) 4
1715. T B(a) 4
1716. T B(a) 4
1717. T B(a) 4
1718. T B(a) 4
1719. T B(a) 4
1720. T B(a) 4
1721. T B(a) 4
1722. T B(a) 4
1723. T B(a) 4
1724. T B(a) 4
1725. T B(a) 4
1726. T B(a) 4
1727. T B(a) 4
1728. T B(a) 4
1729. T B(a) 4
1730. T B(a) 4
1731. T B(a) 4
1732. T B(a) 4
1733. T B(a) 4
1734. T B(a) 4
1735. T B(a) 4
1736. T B(a) 4
1737. T B(a) 4
1738. T B(a) 4
1739. T B(a) 4
1740. T B(a) 4
1741. T B(a) 4
1742. T B(a) 4
1743. T B(a) 4
1744. T B(a) 4
1745. T B(a) 4
1746. T B(a) 4
1747. T B(a) 4
1748. T B(a) 4
1749. T B(a) 4
1750. T B(a) 4
1751. T B(a) 4
1752. T B(a) 4
1753. T B(a) 4
1754. T B(a) 4
1755. T B(a) 4
1756. T B(a) 4
1757. T B(a) 4
1758. T B(a) 4
1759. T B(a) 4
1760. T B(a) 4
1761. T B(a) 4
1762. T B(a) 4
1763. T B(a) 4
1764. T B(a) 4
1765. T B(a) 4
1766. T B(a) 4
1767. T B(a) 4
1768. T B(a) 4
1769. T B(a) 4
1770. T B(a) 4
1771. T B(a) 4
1772. T B(a) 4
1773. T B(a) 4
1774. T B(a) 4
1775. T B(a) 4
1776. T B(a) 4
1777. T B(a) 4
1778. T B(a) 4
1779. T B(a) 4
1780. T B(a) 4
1781. T B(a) 4
1782. T B(a) 4
1783. T B(a) 4
1784. T B(a) 4
1785. T B(a) 4
1786. T B(a) 4
1787. T B(a) 4
1788. T B(a) 4
1789. T B(a) 4
1790. T B(a) 4
1791. T B(a) 4
1792. T B(a) 4
1793. T B(a) 4
1794. T B(a) 4
1795. T B(a) 4
1796. T B(a) 4
1797. T B(a) 4
1798. T B(a) 4
1799. T B(a) 4
1800. T B(a) 4
1801. T B(a) 4
1802. T B(a) 4
1803. T B(a) 4
1804. T B(a) 4
1805. T B(a) 4
1806. T B(a) 4
1807. T B(a) 4
1808. T B(a) 4
1809. T B(a) 4
1810. T B(a) 4
1811. T B(a) 4
1812. T B(a) 4
1813. T B(a) 4
1814. T B(a) 4
1815. T B(a) 4
1816. T B(a) 4
1817. T B(a) 4
1818. T B(a) 4
1819. T B(a) 4
1820. T B(a) 4
1821. T B(a) 4
1822. T B(a) 4
1823. T B(a) 4
1824. T B(a) 4
1825. T B(a) 4
1826. T B(a) 4
1827. T B(a) 4
1828. T B(a) 4
1829. T B(a) 4
1830. T B(a) 4
1831. T B(a) 4
1832. T B(a) 4
1833. T B(a) 4
1834. T B(a) 4
1835. T B(a) 4
1836. T B(a) 4
1837. T B(a) 4
1838. T B(a) 4
1839. T B(a) 4
1840. T B(a) 4
1841. T B(a) 4
1842. T B(a) 4
1843. T B(a) 4
1844. T B(a) 4
1845. T B(a) 4
1846. T B(a) 4
1847. T B(a) 4
1848. T B(a) 4
1849. T B(a) 4
1850. T B(a) 4
1851. T B(a) 4
1852. T B(a) 4
1853. T B(a) 4
1854. T B(a) 4
1855. T B(a) 4
1856. T B(a) 4
1857. T B(a) 4
1858. T B(a) 4
1859. T B(a) 4
1860. T B(a) 4
1861. T B(a) 4
1862. T B(a) 4
1863. T B(a) 4
1864. T B(a) 4
1865. T B(a) 4
1866. T B(a) 4
1867. T B(a) 4
1868. T B(a) 4
1869. T B(a) 4
1870. T B(a) 4
1871. T B(a) 4
1872. T B(a) 4
1873. T B(a) 4
1874. T B(a) 4
1875. T B(a) 4
1876. T B(a) 4
1877. T B(a) 4
1878. T B(a) 4
1879. T B(a) 4
1880. T B(a) 4
1881. T B(a) 4
1882. T B(a) 4
1883. T B(a) 4
1884. T B(a) 4
1885. T B(a) 4
1886. T B(a) 4
1887. T B(a) 4
1888. T B(a) 4
1889. T B(a) 4
1890. T B(a) 4
1891. T B(a) 4
1892. T B(a) 4
1893. T B(a) 4
1894. T B(a) 4
1895. T B(a) 4
1896. T B(a) 4
1897. T B(a) 4
1898. T B(a) 4
1899. T B(a) 4
1900. T B(a) 4
1901. T B(a) 4
1902. T B(a) 4
1903. T B(a) 4
1904. T B(a) 4
1905. T B(a) 4
1906. T B(a) 4
1907. T B(a) 4
1908. T B(a) 4
1909. T B(a) 4
1910. T B(a) 4
1911. T B(a) 4
1912. T B(a) 4
1913. T B(a) 4
1914. T B(a) 4
1915. T B(a) 4
1916. T B(a) 4
1917. T B(a) 4
1918. T B(a) 4
1919. T B(a) 4
1920. T B(a) 4
1921. T B(a) 4
1922. T B(a) 4
1923. T B(a) 4
1924. T B(a) 4
1925. T B(a) 4
1926. T B(a) 4
1927. T B(a) 4
1928. T B(a) 4
1929. T B(a) 4
1930. T B(a) 4
1931. T B(a) 4
1932. T B(a) 4
1933. T B(a) 4
1934. T B(a) 4
1935. T B(a) 4
1936. T B(a) 4
1937. T B(a) 4
1938. T B(a) 4
1939. T B(a) 4
1940. T B(a) 4
1941. T B(a) 4
1942. T B(a) 4
1943. T B(a) 4
1944. T B(a) 4
1945. T B(a) 4
1946. T B(a) 4
1947. T B(a) 4
1948. T B(a) 4
1949. T B(a) 4
1950. T B(a) 4
1951. T B(a) 4
1952. T B(a) 4
1953. T B(a) 4
1954. T B(a) 4
1955. T B(a) 4
1956. T B(a) 4
1957. T B(a) 4
1958. T B(a) 4
1959. T B(a) 4
1960. T B(a) 4
1961. T B(a) 4
1962. T B(a) 4
1963. T B(a) 4
1964. T B(a) 4
1965. T B(a) 4
1966. T B(a) 4
1967. T B(a) 4
1968. T B(a) 4
1969. T B(a) 4
1970. T B(a) 4
1971. T B(a) 4
1972. T B(a) 4
1973. T B(a) 4
1974. T B(a) 4
1975. T B(a) 4
1976. T B(a) 4
1977. T B(a) 4
1978. T B(a) 4
1979. T B(a) 4
1980. T B(a) 4
1981. T B(a) 4
1982. T B(a) 4
1983. T B(a) 4
1984. T B(a) 4
1985. T B(a) 4
1986. T B(a) 4
1987. T B(a) 4
1988. T B(a) 4
1989. T B(a) 4
1990. T B(a) 4
1991. T B(a) 4
1992. T B(a) 4
1993. T B(a) 4
1994. T B(a) 4
1995. T B(a) 4
1996. T B(a) 4
1997. T B(a) 4
1998. T B(a) 4
1999. T B(a) 4
2000. T B(a) 4
2001. T B(a) 4
2002. T B(a) 4
2003. T B(a) 4
2004. T B(a) 4
2005. T B(a) 4
2006. T B(a) 4
2007. T B(a) 4
2008. T B(a) 4
2009. T B(a) 4
2100. T B(a) 4
2101. T B(a) 4
2102. T B(a) 4
2103. T B(a) 4
2104. T B(a) 4
2105. T B(a) 4
2106. T B(a) 4
2107. T B(a) 4
2108. T B(a) 4
2109. T B(a) 4
2110. T B(a) 4
2111. T B(a) 4
2112. T B(a) 4
2113. T B(a) 4
2114. T B(a) 4
2115. T B(a) 4
2116. T B(a) 4
2117. T B(a) 4
2118. T B(a) 4
2119. T B(a) 4
2120. T B(a) 4
2121. T B(a) 4
2122. T B(a) 4
2123. T B(a) 4
2124. T B(a) 4
2125. T B(a) 4
2126. T B(a) 4
2127. T B(a) 4
2128. T B(a) 4
2129. T B(a) 4
2130. T B(a) 4
2131. T B(a) 4
2132. T B(a) 4
2133. T B(a) 4
2134. T B(a) 4
2135. T B(a) 4
2136. T B(a) 4
2137. T B(a) 4
2138. T B(a) 4
2139. T B(a) 4
2140. T B(a) 4
2141. T B(a) 4
2142. T B(a) 4
2143. T B(a) 4
2144. T B(a) 4
2145. T B(a) 4
2146. T B(a) 4
2147. T B(a) 4
2148. T B(a) 4
2149. T B(a) 4
2150. T B(a) 4
2151. T B(a) 4
2152. T B(a) 4
2153. T B(a) 4
2154. T B(a) 4
2155. T B(a) 4
2156. T B(a) 4
2157. T B(a) 4
2158. T B(a) 4
2159. T B(a) 4
2160. T B(a) 4
2161. T B(a) 4
2162. T B(a) 4
2163. T B(a) 4
2164. T B(a) 4
2165. T B(a) 4
2166. T B(a) 4
2167. T B(a) 4
2168. T B(a) 4
2169. T B(a) 4
2170. T B(a) 4
2171. T B(a) 4
2172. T B(a) 4
2173. T B(a) 4
2174. T B(a) 4
2175. T B(a) 4
2176. T B(a) 4
2177. T B(a) 4
2178. T B(a) 4
2179. T B(a) 4
2180. T B(a) 4
2181. T B(a) 4
2182. T B(a) 4
2183. T B(a) 4
2184. T B(a) 4
2185. T B(a) 4
2186. T B(a) 4
2187. T B(a) 4
2188. T B(a) 4
2189. T B(a) 4
2190. T B(a) 4
2191. T B(a) 4
2192. T B(a) 4
2193. T B(a) 4
2194. T B(a) 4
2195. T B(a) 4
2196. T B(a) 4
2197. T B(a) 4
2198. T B(a) 4
2199. T B(a) 4
2200. T B(a) 4
2201. T B(a) 4
2202. T B(a) 4
2203. T B(a) 4
2204. T B(a) 4
2205. T B(a) 4
2206. T B(a) 4
2207. T B(a) 4
2208. T B(a) 4
2209. T B(a) 4
2210. T B(a) 4
2211. T B(a) 4
2212. T B(a) 4
2213. T B(a) 4
2214. T B(a) 4
2215. T B(a) 4
2216. T B(a) 4
2217. T B(a) 4
2218. T B(a) 4
2219. T B(a) 4
2220. T B(a) 4
2221. T B(a) 4
2222. T B(a) 4
2223. T B(a) 4
2224. T B(a) 4
2225. T B(a) 4
2226. T B(a) 4
2227. T B(a) 4
2228. T B(a) 4
2229. T B(a) 4
2230. T B(a) 4
2231. T B(a) 4
2232. T B(a) 4
2233. T B(a) 4
2234. T B(a) 4
2235. T B(a) 4
2236. T B(a) 4
2237. T B(a) 4
2238. T B(a) 4
2239. T B(a) 4
2240. T B(a) 4
2241. T B(a) 4
2242. T B(a) 4
2243. T B(a) 4
2244. T B(a) 4
2245. T B(a) 4
2246. T B(a) 4
2247. T B(a) 4
2248. T B(a) 4
2249. T B(a) 4
2250. T B(a) 4
2251. T B(a) 4
2252. T B(a) 4
2253. T B(a) 4
2254. T B(a) 4
2255. T B(a) 4
2256. T B(a) 4
2257. T B(a) 4
2258. T B(a) 4
2259. T B(a) 4
2260. T B(a) 4
2261. T B(a) 4
2262. T B(a) 4
2263. T B(a) 4
2264. T B(a) 4
2265. T B(a) 4
2266. T B(a) 4
2267. T B(a) 4
2268. T B(a) 4
2269. T B(a) 4
2270. T B(a) 4
2271. T B(a) 4
2272. T B(a) 4
2273. T B(a) 4
2274. T B(a) 4
2275. T B(a) 4
2276. T B(a) 4
2277. T B(a) 4
2278. T B(a) 4
2279. T B(a) 4
2280. T B(a) 4
2281. T B(a) 4
2282. T B(a) 4
2283. T B(a) 4
2284. T B(a) 4
2285. T B(a) 4
2286. T B(a) 4
2287. T B(a) 4
2288. T B(a) 4
2289. T B(a) 4
2290. T B(a) 4
2291. T B(a) 4
2292. T B(a) 4
2293. T B(a) 4
2294. T B(a) 4
2295. T B(a) 4
2296. T B(a) 4
2297. T B(a) 4
2298. T B(a) 4
2299. T B(a) 4
2300. T B(a) 4
2301. T B(a) 4
2302. T B(a) 4
2303. T B(a) 4
2304. T B(a) 4
2305. T B(a) 4
2306. T B(a) 4
2307. T B(a) 4
2308. T B(a) 4
2309. T B(a) 4
2310. T B(a) 4
2311. T B(a) 4
2312. T B(a) 4
2313. T B(a) 4
2314. T B(a) 4
2315. T B(a) 4
2316. T B(a) 4
2317. T B(a) 4
2318. T B(a) 4
2319. T B(a) 4
2320. T B(a) 4
2321. T B(a) 4
2322. T B(a) 4
2323. T B(a) 4
2324. T B(a) 4
2325. T B(a) 4
2326. T B(a) 4
2327. T B(a) 4
2328. T B(a) 4
2329. T B(a) 4
2330. T B(a) 4
2331. T B(a) 4
2332. T B(a) 4
2333. T B(a) 4
2334. T B(a) 4
2335. T B(a) 4
2336. T B(a) 4
2337. T B(a) 4
2338. T B(a) 4
2339. T B(a) 4
2340. T B(a) 4
2341. T B(a) 4
2342. T B(a) 4
2343. T B(a) 4
2344. T B(a) 4
2345. T B(a) 4
2346. T B(a) 4
2347. T B(a) 4
2348. T B(a) 4
2349. T B(a) 4
2350. T B(a) 4
2351. T B(a) 4
2352. T B(a) 4
2353. T B(a) 4
2354. T B(a) 4
2355. T B(a) 4
2356. T B(a) 4
2357. T B(a) 4
2358. T B(a) 4
2359. T B(a) 4
2360. T B(a) 4
2361. T B(a) 4
2362. T B(a) 4
2363. T B(a) 4
2364. T B(a) 4
2365. T B(a) 4
2366. T B(a) 4
2367. T B(a) 4
2368. T B(a) 4
2369. T B(a) 4
2370. T B(a) 4
2371. T B(a) 4
2372. T B(a) 4
2373. T B(a) 4
2374. T B(a) 4
2375. T B(a) 4
2376. T B(a) 4
2377. T B(a) 4
2378. T B(a) 4
2379. T B(a) 4
2380. T B(a) 4
2381. T B(a) 4
2382. T B(a) 4
2383. T B(a) 4
2384. T B(a) 4
2385. T B(a) 4
2386. T B(a) 4
2387. T B(a) 4
2388. T B(a) 4
2389. T B(a) 4
2390. T B(a) 4
2391. T B(a) 4
2392. T B(a) 4
2393. T B(a) 4
2394. T B(a) 4
2395. T B(a) 4
2396. T B(a) 4
2397. T B(a) 4
2398. T B(a) 4
2399. T B(a) 4
2400. T B(a) 4
2401. T B(a) 4
2402. T B(a) 4
2403. T B(a) 4
2404. T B(a) 4
2405. T B(a) 4
2406. T B(a) 4
2407. T B(a) 4
2408. T B(a) 4
2409. T B(a) 4
2410. T B(a) 4
2411. T B(a) 4
2412. T B(a) 4
2413. T B(a) 4
2414. T B(a) 4
2415. T B(a) 4
2416. T B(a) 4
2417. T B(a) 4
2418. T B(a) 4
2419. T B(a) 4
2420. T B(a) 4
2421. T B(a) 4
2422. T B(a) 4
2423. T B(a) 4
2424. T B(a) 4
2425. T B(a) 4
2426. T B(a) 4
2427. T B(a) 4
2428. T B(a) 4
2429. T B(a) 4
2430. T B(a) 4
2431. T B(a) 4
2432. T B(a) 4
2433. T B(a) 4
2434. T B(a) 4
2435. T B(a) 4
2436. T B(a) 4
2437. T B(a) 4
2438. T B(a) 4
2439. T B(a) 4
2440. T B(a) 4
2441. T B(a) 4
2442. T B(a) 4
2443. T B(a) 4
2444. T B(a) 4
2445. T B(a) 4
2446. T B(a) 4
2447. T B(a) 4
2448. T B(a) 4
2449. T B(a) 4
2450. T B(a) 4
2451. T B(a) 4
2452. T B(a) 4
2453. T B(a) 4
2454. T B(a) 4
2455. T B(a) 4
2456. T B(a) 4
2457. T B(a) 4
2458. T B(a) 4
2459. T B(a) 4
2460. T B(a) 4
2461. T B(a) 4
2462. T B(a) 4
2463. T B(a) 4
2464. T B(a) 4
2465. T B(a) 4
2466. T B(a) 4
2467. T B(a) 4
2468. T B(a) 4
2469. T B(a) 4
2470. T B(a) 4
2471. T B(a) 4
2472. T B(a) 4
2473. T B(a) 4
2474. T B(a) 4
2475. T B(a) 4
2476. T B(a) 4
2477. T B(a) 4
2478. T B(a) 4
2479. T B(a) 4
2480. T B(a) 4
2481. T B(a) 4
2482. T B(a) 4
2483. T B(a) 4
2484. T B(a) 4
2485. T B(a) 4
2486. T B(a) 4
2487. T B(a) 4
2488. T B(a) 4
2489. T B(a) 4
2490. T B(a) 4
2491. T B(a) 4
2492. T B(a) 4
2493. T B(a) 4
2494. T B(a) 4
2495. T B(a) 4
2496. T B(a) 4
2497. T B(a) 4
2498. T B(a) 4
2499. T B(a) 4
2500. T B(a) 4
2501. T B(a) 4
2502. T B(a) 4
2503. T B(a) 4
2504. T B(a) 4
2505. T B(a) 4
2506. T B(a) 4
2507. T B(a) 4
2508. T B(a) 4
2509. T B(a) 4
2510. T B(a) 4
2511. T B(a) 4
2512. T B(a) 4
2513. T B(a) 4
2514. T B(a) 4
2515. T B(a) 4
2516. T B(a) 4
2517. T B(a) 4
2518. T B(a) 4
2519. T B(a) 4
2520. T B(a) 4
2521. T B(a) 4
2522. T B(a) 4
2523. T B(a) 4
2524. T B(a) 4
2525. T B(a) 4
2526. T B(a) 4
2527. T B(a) 4
2528. T B(a) 4
2529. T B(a) 4
2530. T B(a) 4
2531. T B(a) 4
2532. T B(a) 4
2533. T B(a) 4
2534. T B(a) 4
2535. T B(a) 4
2536. T B(a) 4
2537. T B(a) 4
2538. T B(a) 4
2539. T B(a) 4
2540. T B(a) 4
2541. T B(a) 4
2542. T B(a) 4
2543. T B(a) 4
2544. T B(a) 4
2545. T B(a) 4
2546. T B(a) 4
2547. T B(a) 4
2548. T B(a) 4
2549. T B(a) 4
2550. T B(a) 4
2551. T B(a) 4
2552. T B(a) 4
2553. T B(a) 4
2554. T B(a) 4
2555. T B(a) 4
2556. T B(a) 4
2557. T B(a) 4
2558. T B(a) 4
2559. T B(a) 4
2560. T B(a) 4
2561. T B(a) 4
2562. T B(a) 4
2563. T B(a) 4
2564. T B(a) 4
2565. T B(a) 4
2566. T B(a) 4
2567. T B(a) 4
2568. T B(a) 4
2569. T B(a) 4
2570. T B(a) 4
2571. T B(a) 4
2572. T B(a) 4
2573. T B(a) 4
2574. T B(a) 4
2575. T B(a) 4
2576. T B(a) 4
2577. T B(a) 4
2578. T B(a) 4
2579. T B(a) 4
2580. T B(a) 4
2581. T B(a) 4
2582. T B(a) 4
2583. T B(a) 4
2584. T B(a) 4
2585. T B(a) 4
2586. T B(a) 4
2587. T B(a) 4
2588. T B(a) 4
2589. T B(a) 4
2590. T B(a) 4
2591. T B(a) 4
2592. T B(a) 4
2593. T B(a) 4
2594. T B(a) 4
2595. T B(a) 4
2596. T B(a) 4
2597. T B(a) 4
2598. T B(a) 4
2599. T B(a) 4
2600. T B(a) 4
2601. T B(a) 4
2602. T B(a) 4
2603. T B(a) 4
2604. T B(a) 4
2605. T B(a) 4
2606. T B(a) 4
2607. T B(a) 4
2608. T B(a) 4
2609. T B(a) 4
2610. T B(a) 4
2611. T B(a) 4
2612. T B(a) 4
2613. T B(a) 4
2614. T B(a) 4
2615. T B(a) 4
2616. T B(a) 4
2617. T B(a) 4
2618. T B(a) 4
2619. T B(a) 4
2620. T B(a) 4
2621. T B(a) 4
2622. T B(a) 4
2623. T B(a) 4
2624. T B(a) 4
2625. T B(a) 4
2626. T B(a) 4
2627. T B(a) 4
2628. T B(a) 4
2629. T B(a) 4
2630. T B(a) 4
2631. T B(a) 4
2632. T B(a) 4
2633. T B(a) 4
2634. T B(a) 4
2635. T B(a) 4
2636. T B(a) 4
2637. T B(a) 4
2638. T B(a) 4
2639. T B(a) 4
2640. T B(a) 4
2641. T B(a) 4
2642. T B(a) 4
2643. T B(a) 4
2644. T B(a) 4
2645. T B(a) 4
2646. T B(a) 4
2647. T B(a) 4
2648. T B(a) 4
2649. T B(a) 4
2650. T B(a) 4
2651. T B(a) 4
2652. T B(a) 4
2653. T B(a) 4
2654. T B(a) 4
2655. T B(a) 4
2656. T B(a) 4
2657. T B(a) 4
2658. T B(a) 4
2659. T B(a) 4
2660. T B(a) 4
2661. T B(a) 4
2662. T B(a) 4
2663. T B(a) 4
2664. T B(a) 4
2665. T B(a) 4
2666. T B(a) 4
2667. T B(a) 4
2668. T B(a) 4
2669. T B(a) 4
2670. T B(a) 4
2671. T B(a) 4
2672. T B(a) 4
2673. T B(a) 4
2674. T B(a) 4
2675. T B(a) 4
2676. T B(a) 4
2677. T B(a) 4
2678. T B(a) 4
2679. T B(a) 4
2680. T B(a) 4
2681. T B(a) 4
2682. T B(a) 4
2683. T B(a) 4
2684. T B(a) 4
2685. T B(a) 4
2686. T B(a) 4
2687. T B(a) 4
2688. T B(a) 4
2689. T B(a) 4
2690. T B(a) 4
2691. T B(a) 4
2692. T B(a) 4
2693. T B(a) 4
2694. T B(a) 4
2695. T B(a) 4
2696. T B(a) 4
2697. T B(a) 4
2698. T B(a) 4
2699. T B(a) 4
2700. T B(a) 4
2701. T B(a) 4
2702. T B(a) 4
2703. T B(a) 4
2704. T B(a) 4
2705. T B(a) 4
2706. T B(a) 4
2707. T B(a) 4
2708. T B(a) 4
2709. T B(a) 4
2710. T B(a) 4
2711. T B(a) 4
2712. T B(a) 4
2713. T B(a) 4
2714. T B(a) 4
2715. T B(a) 4
2716. T B(a) 4
2717. T B(a) 4
2718. T B(a) 4
2719. T B(a) 4
2720. T B(a) 4
2721. T B(a) 4
2722. T B(a) 4
2723. T B(a) 4
2724. T B(a) 4
2725. T B(a) 4
2726. T B(a) 4
2727. T B(a) 4
2728. T B(a) 4
2729. T B(a) 4
2730. T B(a) 4
2731. T B(a) 4
2732. T B(a) 4
2733. T B(a) 4
2734. T B(a) 4
2735. T B(a) 4
2736. T B(a) 4
2737. T B(a) 4
2738. T B(a) 4
2739. T B(a) 4
2740. T B(a) 4
2741. T B(a) 4
2742. T B(a) 4
2743. T B(a) 4
2744. T B(a) 4
2745. T B(a) 4
2746. T B(a) 4
2747. T B(a) 4
2748. T B(a) 4
2749. T B(a) 4
2750. T B(a) 4
2751. T B(a) 4
2752. T B(a) 4
2753. T B(a) 4
2754. T B(a) 4
2755. T B(a) 4
2756. T B(a) 4
2757. T B(a) 4
2758. T B(a) 4
2759. T B(a) 4
2760. T B(a) 4
2761. T B(a) 4
2762. T B(a) 4
2763. T B(a) 4
2764. T B(a) 4
2765. T B(a) 4
2766. T B(a) 4
2767. T B(a) 4
2768. T B(a) 4
2769. T B(a) 4
2770. T B(a) 4
2771. T B(a) 4
2772. T B(a) 4
2773. T B(a) 4
2774. T B(a) 4
2775. T B(a) 4
2776. T B(a) 4
2777. T B(a) 4
2778. T B(a) 4
2779. T B(a) 4
2780. T B(a) 4
2781. T B(a) 4
2782. T B(a) 4
2783. T B(a) 4
2784. T B(a) 4
2785. T B(a) 4
2786. T B(a) 4
2787. T B(a) 4
2788. T B(a) 4
2789. T B(a) 4
2790. T B(a) 4
2791. T B(a) 4
2792. T B(a) 4
2793. T B(a) 4
2794. T B(a) 4
2795. T B(a) 4
2796. T B(a) 4
2797. T B(a) 4
2798. T B(a) 4
2799. T B(a) 4
2800. T B(a) 4
2801. T B(a) 4
2802. T B(a) 4
2803. T B(a) 4
2804. T B(a) 4
2805. T B(a) 4
2806. T B(a) 4
2807. T B(a) 4
2808. T B(a) 4
2809. T B(a) 4
2810. T B(a) 4
2811. T B(a) 4
2812. T B(a) 4
2813. T B(a) 4
2814. T B(a) 4
2815. T B(a) 4
2816. T B(a) 4
2817. T B(a) 4
2818. T B(a) 4
2819. T B(a) 4
2820. T B(a) 4
2821. T B(a) 4
2822. T B(a) 4
2823. T B(a) 4
2824. T B(a) 4
2825. T B(a) 4
2826. T B(a) 4
2827. T B(a) 4
2828. T B(a) 4
2829. T B(a) 4
2830. T B(a) 4
2831. T B(a) 4
2832. T B(a) 4
2833. T B(a) 4
2834. T B(a) 4
2835. T B(a) 4
2836. T B(a) 4
2837. T B(a) 4
2838. T B(a) 4
2839. T B(a) 4
2840. T B(a) 4
2841. T B(a) 4
2842. T B(a) 4
2843. T B(a) 4
2844. T B(a) 4
2845. T B(a) 4
2846. T B(a) 4
2847. T B(a) 4
2848. T B(a) 4
2849. T B(a) 4
2850. T B(a) 4
2851. T B(a) 4
2852. T B(a) 4
2853. T B(a) 4
2854. T B(a) 4
2855. T B(a) 4
2856. T B(a) 4
2857. T B(a) 4
2858. T B(a) 4
2859. T B(a) 4
2860. T B(a) 4
2861. T B(a) 4
2862. T B(a) 4
2863. T B(a) 4
2864. T B(a) 4
2865. T B(a) 4
2866. T B(a) 4
2867. T B(a) 4
2868. T B(a) 4
2869. T B(a) 4
2870. T B(a) 4
2871. T B(a) 4
2872. T B(a) 4
2873. T B(a) 4
2874. T B(a) 4
2875. T B(a) 4
2876. T B(a) 4
2877. T B(a) 4
2878. T B(a) 4
2879. T B(a) 4
2880. T B(a) 4
2881. T B(a) 4
2882. T B(a) 4
2883. T B(a) 4
2884. T B(a) 4
2885. T B(a) 4
2886. T B(a) 4
2887. T B(a) 4
2888. T B(a) 4
2889. T B(a) 4
2890. T B(a) 4
2891. T B(a) 4
2892. T B(a) 4
2893. T B(a) 4
2894. T B(a) 4
2895. T B(a) 4
2896. T B(a) 4
2897. T B(a) 4
2898. T B(a) 4
2899. T B(a) 4
2900. T B(a) 4
2901. T B(a) 4
2902. T B(a) 4
2903. T B(a) 4
2904. T B(a) 4
2905. T B(a) 4
2906. T B(a) 4
2907. T B(a) 4
2908. T B(a) 4
2909. T B(a) 4
2910. T B(a) 4
2911. T B(a) 4
2912. T B(a) 4
2913. T B(a) 4
2914. T B(a) 4
2915. T B(a) 4
2916. T B(a) 4
2917. T B(a) 4
2918. T B(a) 4
2919. T B(a) 4
2920. T B(a) 4
2921. T B(a) 4
2922. T B(a) 4
2923. T B(a) 4
2924. T B(a) 4
2925. T B(a) 4
2926. T B(a) 4
2927. T B(a) 4
2928. T B(a) 4
2929. T B(a) 4
2930. T B(a) 4
2931. T B(a) 4
2932. T B(a) 4
2933. T B(a) 4
2934. T B(a) 4
2935. T B(a) 4
2936. T B(a) 4
2937. T B(a) 4
2938. T B(a) 4
2939. T B(a) 4
2940. T B(a) 4
2941. T B(a) 4
2942. T B(a) 4
2943. T B(a) 4
2944. T B(a) 4
2945. T B(a) 4
2946. T B(a) 4
2947. T B(a) 4
2948. T B(a) 4
2949. T B(a) 4
2950. T B(a) 4
2951. T B(a) 4
2952. T B(a) 4
2953. T B(a) 4
2954. T B(a) 4
2955. T B(a) 4
2956. T B(a) 4
2957. T B(a) 4
2958. T B(a) 4
2959. T B(a) 4
2960. T B(a) 4
2961. T B(a) 4
2962. T B(a) 4
2963. T B(a) 4
2964. T B(a) 4
2965. T B(a) 4
2966. T B(a) 4
2967. T B(a) 4
2968. T B(a) 4
2969. T B(a) 4
2970. T B(a) 4
2971. T B(a) 4
2972. T B(a) 4
2973. T B(a) 4
2974. T B(a) 4
2975. T B(a) 4
2976. T B(a) 4
2977. T B(a) 4
2978. T B(a) 4
2979. T B(a) 4
2980. T B(a) 4
2981. T B(a) 4
2982. T B(a) 4
2983. T B(a) 4
2984. T B(a) 4
2985. T B(a) 4
2986. T B(a) 4
2987. T B(a) 4
2988. T B(a) 4
2989. T B(a) 4
2990. T B(a) 4
2991. T B(a) 4
2992. T B(a) 4
2993. T B(a) 4
2994. T B(a) 4
2995. T B(a) 4
2996. T B(a) 4
2997. T B(a) 4
2998. T B(a) 4
2999. T B(a) 4
3000. T B(a) 4
3001. T B(a) 4
3002. T B(a) 4
3003. T B(a) 4
3004. T B(a) 4
3005. T B(a) 4
3006. T B(a) 4
3007. T B(a) 4
3008. T B(a) 4
3009. T B(a) 4
3010. T B(a) 4
3011. T B(a) 4
3012. T B(a) 4
3013. T B(a) 4
3014. T B(a) 4
3015. T B(a) 4
3016. T B(a) 4
3017. T B(a) 4
3018. T B(a) 4
3019. T B(a) 4
3020. T B(a) 4
3021. T B(a) 4
3022. T B(a) 4
3023. T B(a) 4
3024. T B(a) 4
3025. T B(a) 4
3026. T B(a) 4
3027. T B(a) 4
3028. T B(a) 4
3029. T B(a) 4
3030. T B(a) 4
3031. T B(a) 4
3032. T B(a) 4
3033. T B(a) 4
3034. T B(a) 4
3035. T B(a) 4
3036. T B(a) 4
3037. T B(a) 4
3038. T B(a) 4
3039. T B(a) 4
3040. T B(a) 4
3041. T B(a) 4
3042. T B(a) 4
3043. T B(a) 4
3044. T B(a) 4
3045. T B(a) 4
3046. T B(a) 4
3047. T B(a) 4
3048. T B(a) 4
3049. T B(a) 4
3050. T B(a) 4
3051. T B(a) 4
3052. T B(a) 4
3053. T B(a) 4
3054. T B(a) 4
3055. T B(a) 4
3056. T B(a) 4
3057. T B(a) 4
3058. T B(a) 4
3059. T B(a) 4
3060. T B(a) 4
3061. T B(a) 4
3062. T B(a) 4
3063. T B(a) 4
3064. T B(a) 4
3065. T B(a) 4
3066. T B(a) 4
3067. T B(a) 4
3068. T B(a) 4
3069. T B(a) 4
3070. T B(a) 4
3071. T B(a) 4
3072. T B(a) 4
3073. T B(a) 4
3074. T B(a) 4
3075. T B(a) 4
3076. T B(a) 4
3077. T B(a) 4
3078. T B(a) 4
3079. T B(a) 4
3080. T B(a) 4
3081. T B(a) 4
3082. T B(a) 4
3083. T B(a) 4
3084. T B(a) 4
3085. T B(a) 4
3086. T B(a) 4
3087. T B(a) 4
3088. T B(a) 4
3089. T B(a) 4
3090. T B(a) 4
3091. T B(a) 4
3092. T B(a) 4
3093. T B(a) 4
3094. T B(a) 4
3095. T B(a) 4
3096. T B(a) 4
3097. T B(a) 4
3098. T B(a) 4
3099. T B(a) 4
3100. T B(a) 4
3101. T B(a) 4
3102. T B(a) 4
3103. T B(a) 4
3104. T B(a) 4
3105. T B(a) 4
3106. T B(a) 4
3107. T B(a) 4
3108. T B(a) 4
3109. T B(a) 4
3110. T B(a) 4
3111. T B(a) 4
3112. T B(a) 4
3113. T B(a) 4
3114. T B(a) 4
3115. T B(a) 4
3116. T B(a) 4
3117. T B(a) 4
3118. T B(a) 4
3119. T B(a) 4
3120. T B(a) 4
3121. T B(a) 4
3122. T B(a) 4
3123. T B(a) 4
3124. T B(a) 4
3125. T B(a) 4
3126. T B(a) 4
3127. T B(a) 4
3128. T B(a) 4
3129. T B(a) 4
3130. T B(a) 4
3131. T B(a) 4
3132. T B(a) 4
3133. T B(a) 4
3134. T B(a) 4
3135. T B(a) 4
3136. T B(a) 4
3137. T B(a) 4
3138. T B(a) 4
3139. T B(a) 4
3140. T B(a) 4
3141. T B(a) 4
3142. T B(a) 4
3143. T B(a) 4
3144. T B(a) 4
3145. T B(a) 4
3146. T B(a) 4
3147. T B(a) 4
3148. T B(a) 4
3149. T B(a) 4
3150. T B(a) 4
3151. T B(a) 4
3152. T B(a) 4
3153. T B(a) 4
3154. T B(a) 4
3155. T B(a) 4
3156. T B(a) 4
3157. T B(a) 4
3158. T B(a) 4
3159. T B(a) 4
3160. T B(a) 4
3161. T B(a) 4
3162. T B(a) 4
3163. T B(a) 4
3164. T B(a) 4
3165. T B(a) 4
3166. T B(a) 4
3167. T B(a) 4
3168. T B(a) 4
3169. T B(a) 4
3170. T B(a) 4
3171. T B(a) 4
3172. T B(a) 4
3173. T B(a) 4
3174. T B(a) 4
3175. T B(a) 4
3176. T B(a) 4
3177. T B(a) 4
3178. T B(a) 4
3179. T B(a) 4
3180. T B(a) 4
3181. T B(a) 4
3182. T B(a) 4
3183. T B(a) 4
3184. T B(a) 4
3185. T B(a) 4
3186. T B(a) 4
3187. T B(a) 4
3188. T B(a) 4
3189. T B(a) 4
3190. T B(a) 4
3191. T B(a) 4
3192. T B(a) 4
3193. T B(a) 4
3194. T B(a) 4
3195. T B(a) 4
3196. T B(a) 4
3197. T B(a) 4
3198. T B(a) 4
3199. T B(a) 4
3200. T B(a) 4
3201. T B(a) 4
3202. T B(a) 4
3203. T B(a) 4
3204. T B(a) 4
3205. T B(a) 4
3206. T B(a) 4
3207. T B(a) 4
3208. T B(a) 4
3209. T B(a) 4
3210. T B(a) 4
3211. T B(a) 4
3212. T B(a) 4
3213. T B(a) 4
3214. T B(a) 4
3215. T B(a) 4
3216. T B(a) 4
3217. T B(a) 4
3218. T B(a) 4
3219. T B(a) 4
3220. T B(a) 4
3221. T B(a) 4
3222. T B(a) 4
3223. T B(a) 4
3224. T B(a) 4
3225. T B(a) 4
3226. T B(a) 4
3227. T B(a) 4
3228. T B(a) 4
3229. T B(a) 4
3230. T B(a) 4
3231. T B(a) 4
3232. T B(a) 4
3233. T B(a) 4
3234. T B(a) 4
3235. T B(a) 4
3236. T B(a) 4
3237. T B(a) 4
3238. T B(a) 4
3239. T B(a) 4
3240. T B(a) 4
3241. T B(a) 4
3242. T B(a) 4
3243. T B(a) 4
3244. T B(a) 4
3245. T B(a) 4
3246. T B(a) 4
3247. T B(a) 4
3248. T B(a) 4
3249. T B(a) 4
3250. T B(a) 4
3251. T B(a) 4
3252. T B(a) 4
3253. T B(a) 4
3254. T B(a) 4
3255. T B(a) 4
3256. T B(a) 4
3257. T B(a) 4
3258. T B(a) 4
3259. T B(a) 4
3260. T B(a) 4
3261. T B(a) 4
3262. T B(a) 4
3263. T B(a) 4
3264. T B(a) 4
3265. T B(a) 4
3266. T B(a) 4
3267. T B(a) 4
3268. T B(a) 4
3269. T B(a) 4
3270. T B(a) 4
3271. T B(a) 4
3272. T B(a) 4
3273. T B(a) 4
3274. T B(a) 4
3275. T B(a) 4
3276. T B(a) 4
3277. T B(a) 4
3278. T B(a) 4
3279. T B(a) 4
3280. T B(a) 4
3281. T B(a) 4
3282. T B(a) 4
3283. T B(a) 4
3284. T B(a) 4
3285. T B(a) 4
3286. T B(a) 4
3287. T B(a) 4
3288. T B(a) 4
3289. T B(a) 4
3290. T B(a) 4
3291. T B(a) 4
3292. T B(a) 4
3293. T B(a) 4
3294. T B(a) 4
3295. T B(a) 4
3296. T B(a) 4
3297. T B(a) 4
3298. T B(a) 4
3299. T B(a) 4
3300. T B(a) 4
3301. T B(a) 4
3302. T B(a) 4
3303. T B(a) 4
3304. T B(a) 4
3305. T B(a) 4
3306. T B(a) 4
3307. T B(a) 4
3308. T B(a) 4
3309. T B(a) 4
3310. T B(a) 4
3311. T B(a) 4
3312. T B(a) 4
3313. T B(a) 4
3314. T B(a) 4
3315. T B(a) 4
3316. T B(a) 4
3317. T B(a) 4
3318. T B(a) 4
3319. T B(a) 4
3320. T B(a) 4
3321. T B(a) 4
3322. T B(a) 4
3323. T B(a) 4
3324. T B(a) 4
3325. T B(a) 4
3326. T B(a) 4
3327. T B(a) 4
3328. T B(a) 4
3329. T B(a) 4
3330. T B(a) 4
3331. T B(a) 4
3332. T B(a) 4
3333. T B(a) 4
3334. T B(a) 4
3335. T B(a) 4
3336. T B(a) 4
3337. T B(a) 4
3338. T B(a) 4
3339. T B(a) 4
3340. T B(a) 4
3341. T B(a) 4
3342. T B(a) 4
3343. T B(a) 4
3344. T B(a) 4
3345. T B(a) 4
3346. T B(a) 4
3347. T B(a) 4
3348. T B(a) 4
3349. T B(a) 4
3350. T B(a) 4
3351. T B(a) 4
3352. T B(a) 4
3353. T B(a) 4
3354. T B(a) 4
3355. T B(a) 4
3356. T B(a) 4
3357. T B(a) 4
3358. T B(a) 4
3359. T B(a) 4
3360. T B(a) 4
3361. T B(a) 4
3362. T B(a) 4
3363. T B(a) 4
3364. T B(a) 4
3365. T B(a) 4
3366. T B(a) 4
3367. T B(a) 4
3368. T B(a) 4
3369. T B(a) 4
3370. T B(a) 4
3371. T B(a) 4
3372. T B(a) 4
3373. T B(a) 4
3374. T B(a) 4
3375. T B(a) 4
3376. T B(a) 4
3377. T B(a) 4
3378. T B(a) 4
3379. T B(a) 4
3380. T B(a) 4
3381. T B(a) 4
3382. T B(a) 4
3383. T B(a) 4
3384. T B(a) 4
3385. T B(a) 4
3386. T B(a) 4
3387. T B(a) 4
3388. T B(a) 4
3389. T B(a) 4
3390. T B(a) 4
3391. T B(a) 4
3392. T B(a) 4
3393. T B(a) 4
3394. T B(a) 4
3395. T B(a) 4
3396. T B(a) 4
3397. T B(a) 4
3398. T B(a) 4
3399. T B(a) 4
3400. T B(a) 4
3401. T B(a) 4
3402. T B(a) 4
3403. T B(a) 4
3404. T B(a) 4
3405. T B(a) 4
3406. T B(a) 4
3407. T B(a) 4
3408. T B(a) 4
3409. T B(a) 4
3410. T B(a) 4
3411. T B(a) 4
3412. T B(a) 4
3413. T B(a) 4
3414. T B(a) 4
3415. T B(a) 4
3416. T B(a) 4
3417. T B(a) 4
3418. T B(a) 4
3419. T B(a) 4
3420. T B(a) 4
3421. T B(a) 4
3422. T B(a) 4
3423. T B(a) 4
3424. T B(a) 4
3425. T B(a) 4
3426. T B(a) 4
3427. T B(a) 4
3428. T B(a) 4
3429. T B(a) 4
3430. T B(a) 4
3431. T B(a) 4
3432. T B(a) 4
3433. T B(a) 4
3434. T B(a) 4
3435. T B(a) 4
3436. T B(a) 4
3437. T B(a) 4
3438. T B(a) 4
3439. T B(a) 4
3440. T B(a) 4
3441. T B(a) 4
3442. T B(a) 4
3443. T B(a) 4
3444. T B(a) 4
3445. T B(a) 4
3446. T B(a) 4
3447. T B(a) 4
3448. T B(a) 4
3449. T B(a) 4
3450. T B(a) 4
3451. T B(a) 4
3452. T B(a) 4
3453. T B(a) 4
3454. T B(a) 4
3455. T B(a) 4
3456. T B(a) 4
3457. T B(a) 4
3458. T B(a) 4
3459. T B(a) 4
3460. T B(a) 4
3461. T B(a) 4
3462. T B(a) 4
3463. T B(a) 4
3464. T B(a) 4
3465. T B(a) 4
3466. T B(a) 4
3467. T B(a) 4
3468. T B(a) 4
3469. T B(a) 4
3470. T B(a) 4
3471. T B(a) 4
3472. T B(a) 4
3473. T B(a) 4
3474. T B(a) 4
3475. T B(a) 4
3476. T B(a) 4
3477. T B(a) 4
3478. T B(a) 4
3479. T B(a) 4
3480. T B(a) 4
3481. T B(a) 4
3482. T B(a) 4
3483. T B(a) 4
3484. T B(a) 4
3485. T B(a) 4
3486. T B(a) 4
3487. T B(a) 4
3488. T B(a) 4
3489. T B(a) 4
3490. T B(a) 4
3491. T B(a) 4
3492. T B(a) 4
3493. T B(a) 4
3494. T B(a) 4
3495. T B(a) 4
3496. T B(a) 4
3497. T B(a) 4
3498. T B(a) 4
3499. T B(a) 4
3500. T B(a) 4
3501. T B(a) 4
3502. T B(a) 4
3503. T B(a) 4
3504. T B(a) 4
3505. T B(a) 4
3506. T B(a) 4
3507. T B(a) 4
3508. T B(a) 4
3509. T B(a) 4
3510. T B(a) 4
3511. T B(a) 4
3512. T B(a) 4
3513. T B(a) 4
3514. T B(a) 4
3515. T B(a) 4
3516. T B(a) 4
3517. T B(a) 4
3518. T B(a) 4
3519. T B(a) 4
3520. T B(a) 4
3521. T B(a) 4
3522. T B(a) 4
3523. T B(a) 4
3524. T B(a) 4
3525. T B(a) 4
3526. T B(a) 4
3527. T B(a) 4
3528. T B(a) 4
3529. T B(a) 4
3530. T B(a) 4
3531. T B(a) 4
3532. T B(a) 4
3533. T B(a) 4
3534. T B(a) 4
3535. T B(a) 4
3536. T B(a) 4
3537. T B(a) 4
3538. T B(a) 4
3539. T B(a) 4
3540. T B(a) 4
3541. T B(a) 4
3542. T B(a) 4
3543. T B(a) 4
3544. T B(a) 4
3545. T B(a) 4
3546. T B(a) 4
3547. T B(a) 4
3548. T B(a) 4
3549. T B(a) 4
3550. T B(a) 4
3551. T B(a) 4
3552. T B(a) 4
3553. T B(a) 4
3554. T B(a) 4
3555. T B(a) 4
3556. T B(a) 4
3557. T B(a) 4
3558. T B(a) 4
3559. T B(a) 4
3560. T B(a) 4
3561. T B(a) 4
3562. T B(a) 4
3563. T B(a) 4
3564. T B(a) 4
3565. T B(a) 4
3566. T B(a) 4
3567. T B(a) 4
3568. T B(a) 4
3569. T B(a) 4
3570. T B(a) 4
3571. T B(a) 4
3572. T B(a) 4
3573. T B(a) 4
3574. T B(a) 4
3575. T B(a) 4
3576. T B(a) 4
3577. T B(a) 4
3578. T B(a) 4
3579. T B(a) 4
3580. T B(a) 4
3581. T B(a) 4
3582. T B(a) 4
3583. T B(a) 4
3584. T B(a) 4
3585. T B(a) 4
3586. T B(a) 4
3587. T B(a) 4
3588. T B(a) 4
3589. T B(a) 4
3590. T B(a) 4
3591. T B(a) 4
3592. T B(a) 4
3593. T B(a) 4
3594. T B(a) 4
3595. T B(a) 4
3596. T B(a) 4
3597. T B(a) 4
3598. T B(a) 4
3599. T B(a) 4
3600. T B(a) 4
3601. T B(a) 4
3602. T B(a) 4
3603. T B(a) 4
3604. T B(a) 4
3605. T B(a) 4
3606. T B(a) 4
3607. T B(a) 4
3608. T B(a) 4
3609. T B(a) 4
3610. T B(a) 4
3611. T B(a) 4
3612. T B(a) 4
3613. T B(a) 4
3614. T B(a) 4
3615. T B(a) 4
3616. T B(a) 4
3617. T B(a) 4
3618. T B(a) 4
3619. T B(a) 4
3620. T B(a) 4
3621. T B(a) 4
3622. T B(a) 4
3623. T B(a) 4
3624. T B(a) 4
3625. T B(a) 4
3626. T B(a) 4
3627. T B(a) 4
3628. T B(a) 4
3629. T B(a) 4
3630. T B(a) 4
3631. T B(a) 4
3632. T B(a) 4
3633. T B(a) 4
3634. T B(a) 4
3635. T B(a) 4
3636. T B(a) 4
3637. T B(a) 4
3638. T B(a) 4
3639. T B(a) 4
3640. T B(a) 4
3641. T B(a) 4
3642. T B(a) 4
3643. T B(a) 4
3644. T B(a) 4
3645. T B(a) 4
3646. T B(a) 4
3647. T B(a) 4
3648. T B(a) 4
3649. T B(a) 4
3650. T B(a) 4
3651. T B(a) 4
3652. T B(a) 4
3653. T B(a) 4
3654. T B(a) 4
3655. T B(a) 4
3656. T B(a) 4
3657. T B(a) 4
3658. T B(a) 4
3659. T B(a) 4
3660. T B(a) 4
3661. T B(a) 4
3662. T B(a) 4
3663. T B(a) 4
3664. T B(a) 4
3665. T B(a) 4
3666. T B(a) 4
3667. T B(a) 4
3668. T B(a) 4
3669. T B(a) 4
3670. T B(a) 4
3671. T B(a) 4
3672. T B(a) 4
3673. T B(a) 4
3674. T B(a) 4
3675. T B(a) 4
3676. T B(a) 4
3677. T B(a) 4
3678. T B(a) 4
3679. T B(a) 4
3680. T B(a) 4
3681. T B(a) 4
3682. T B(a) 4
3683. T B(a) 4
3684. T B(a) 4
3685. T B(a) 4
3686. T B(a) 4
3687. T B(a) 4
3688. T B(a) 4
3689. T B(a) 4
3690. T B(a) 4
3691. T B(a) 4
3692. T B(a) 4
3693. T B(a) 4
3694. T B(a) 4
3695. T B(a) 4
3696. T B(a) 4
3697. T B(a) 4
3698. T B(a) 4
3699. T B(a) 4
3700. T B(a) 4
3701. T B(a) 4
3702. T B(a) 4
3703. T B(a) 4
3704. T B(a) 4
3705. T B(a) 4
3706. T B(a) 4
3707. T B(a) 4
3708. T B(a) 4
3709. T B(a) 4
3710. T B(a) 4
3711. T B(a) 4
3712. T B(a) 4
3713. T B(a) 4
3714. T B(a) 4
3715. T B(a) 4
3716. T B(a) 4
3717. T B(a) 4
3718. T B(a) 4
3719. T B(a) 4
3720. T B(a) 4
3721. T B(a) 4
3722. T B(a) 4
3723. T B(a) 4
3724. T B(a) 4
3725. T B(a) 4
3726. T B(a) 4
3727. T B(a) 4
3728. T B(a) 4
3729. T B(a) 4
3730. T B(a) 4
3731. T B(a) 4
3732. T B(a) 4
3733. T B(a) 4
3734. T B(a) 4
3735. T B(a) 4
3736. T B(a) 4
3737. T B(a) 4
3738. T B(a) 4
3739. T B(a) 4
3740. T B(a) 4
3741. T B(a) 4
3742. T B(a) 4
3743. T B(a) 4
3744. T B(a) 4
3745. T B(a) 4
3746. T B(a) 4
3747. T B(a) 4
3748. T B(a) 4
3749. T B(a) 4
3750. T B(a) 4
3751. T B(a) 4
3752. T B(a) 4
3753. T B(a) 4
3754. T B(a) 4
3755. T B(a) 4
3756. T B(a) 4
3757. T B(a) 4
3758. T B(a) 4
3759. T B(a) 4
3760. T B(a) 4
3761. T B(a) 4
3762. T B(a) 4
3763. T B(a) 4
3764. T B(a) 4
3765. T B(a) 4
3766. T B(a) 4
3767. T B(a) 4
3768. T B(a) 4
3769. T B(a) 4
3770. T B(a) 4
3771. T B(a) 4
3772. T B(a) 4
3773. T B(a) 4
3774. T B(a) 4
3775. T B(a) 4
3776. T B(a) 4
3777. T B(a) 4
3778. T B(a) 4
3779. T B(a) 4
3780. T B(a) 4
3781. T B(a) 4
3782. T B(a) 4
3783. T B(a) 4
3784. T B(a) 4
3785. T B(a) 4
3786. T B(a) 4
3787. T B(a) 4
3788. T B(a) 4
3789. T B(a) 4
3790. T B(a) 4
3791. T B(a) 4
3792. T B(a) 4
3793. T B(a) 4
3794. T B(a) 4
3795. T B(a) 4
3796. T B(a) 4
3797. T B(a) 4
3798. T B(a) 4
3799. T B(a) 4
3800. T B(a) 4
3801. T B(a) 4
3802. T B(a) 4
3803. T B(a) 4
3804. T B(a) 4
3805. T B(a) 4
3806. T B(a) 4
3807. T B(a) 4
3808. T B(a) 4
3809. T B(a) 4
3810. T B(a) 4
3811. T B(a) 4
3812. T B(a) 4
3813. T B(a) 4
3814. T B(a) 4
3815. T B(a) 4
3816. T B(a) 4
3817. T B(a) 4
3818. T B(a) 4
3819. T B(a) 4
3820. T B(a) 4
3821. T B(a) 4
3822. T B(a) 4
3823. T B(a) 4
3824. T B(a) 4
3825. T B(a) 4
3826. T B(a) 4
3827. T B(a) 4
3828. T B(a) 4
3829. T B(a) 4
3830. T B(a) 4
3831. T B(a) 4
3832. T B(a) 4
3833. T B(a) 4
3834. T B(a) 4
3835. T B(a) 4
3836. T B(a) 4
3837. T B(a) 4
3838. T B(a) 4
3839. T B(a) 4
3840. T B(a) 4
3841. T B(a) 4
3842. T B(a) 4
3843. T B(a) 4
3844. T B(a) 4
3845. T B(a) 4
3846. T B(a) 4
3847. T B(a) 4
3848. T B(a) 4
3849. T B(a) 4
3850. T B(a) 4
3851. T B(a) 4
3852. T B(a) 4
3853. T B(a) 4
3854. T B(a) 4
3855. T B(a) 4
3856. T B(a) 4
3857. T B(a) 4
3858. T B(a) 4
3859. T B(a) 4
3860. T B(a) 4
3861. T B(a) 4
3862. T B(a) 4
3863. T B(a) 4
3864. T B(a) 4
3865. T B(a) 4
3866. T B(a) 4
3867. T B(a) 4
3868. T B(a) 4
3869. T B(a) 4
3870. T B(a) 4
3871. T B(a) 4
3872. T B(a) 4
3873. T B(a) 4
3874. T B(a) 4
3875. T B(a) 4
3876. T B(a) 4
3877. T B(a) 4
3878. T B(a) 4
3879. T B(a) 4
3880. T B(a) 4
3881. T B(a) 4
3882. T B(a) 4
3883. T B(a) 4
3884. T B(a) 4
3885. T B(a) 4
3886. T B(a) 4
3887. T B(a) 4
3888. T B(a) 4
3889. T B(a) 4
3890. T B(a) 4
3891. T B(a) 4
3892. T B(a) 4
3893. T B(a) 4
3894. T B(a) 4
3895. T B(a) 4
3896. T B(a) 4
3897. T B(a) 4
3898. T B(a) 4
3899. T B(a) 4
3900. T B(a) 4
3901. T B(a) 4
3902. T B(a) 4
3903. T B(a) 4
3904. T B(a) 4
3905. T B(a) 4
3906. T B(a) 4
3907. T B(a) 4
3908. T B(a) 4
3909. T B(a) 4
3910. T B(a) 4
3911. T B(a) 4
3912. T B(a) 4
3913. T B(a) 4
3914. T B(a) 4
3915. T B(a) 4
3916. T B(a) 4
3917. T B(a) 4
3918. T B(a) 4
3919. T B(a) 4
3920. T B(a) 4
3921. T B(a) 4
3922. T B(a) 4
3923. T B(a) 4
3924. T B(a) 4
3925. T B(a) 4
3926. T B(a) 4
3927. T B(a) 4
3928. T B(a) 4
3929. T B(a) 4
3930. T B(a) 4
3931. T B(a) 4
3932. T B(a) 4
3933. T B(a) 4
3934. T B(a) 4
3935. T B(a) 4
3936. T B(a) 4
3937. T B(a) 4
3938. T B(a) 4
3939. T B(a) 4
3940. T B(a) 4
3941. T B(a) 4
3942. T B(a) 4
3943. T B(a) 4
3944. T B(a) 4
3945. T B(a) 4
3946. T B(a) 4
3947. T B(a) 4
3948. T B(a) 4
3949. T B(a) 4
3950. T B(a) 4
3951. T B(a) 4
3952. T B(a) 4
3953. T B(a) 4
3954. T B(a) 4
3955. T B(a) 4
3956. T B(a) 4
3957. T B(a) 4
3958. T B(a) 4
3959. T B(a) 4
3960. T B(a) 4
3961. T B(a) 4
3962. T B(a) 4
3963. T B(a) 4
3964. T B(a) 4
3965. T B(a) 4
3966. T B(a) 4
3967. T B(a) 4
3968. T B(a) 4
3969. T B(a) 4
3970. T B(a) 4
3971. T B(a) 4
3972. T B(a) 4
3973. T B(a) 4
3974. T B(a) 4
3975. T B(a) 4
3976. T B(a) 4
3977. T B(a) 4
3978. T B(a) 4
3979. T B(a) 4
3980. T B(a) 4
3981. T B(a) 4
3982. T B(a) 4
3983. T B(a) 4
3984. T B(a) 4
3985. T B(a) 4
3986. T B(a) 4
3987. T B(a) 4
3988. T B(a) 4
3989. T B(a) 4
3990. T B(a) 4
3991. T B(a) 4
3992. T B(a) 4
3993. T B(a) 4
3994. T B(a) 4
3995. T B(a) 4
3996. T B(a) 4
3997. T B(a) 4
3998. T B(a) 4
3999. T B(a) 4
4000. T B(a) 4
4001. T B(a) 4
4002. T B(a) 4
4003. T B(a) 4
4004. T B(a) 4
4005. T B(a) 4
4006. T B(a) 4
4007. T B(a) 4
4008. T B(a) 4
4009. T B(a) 4
4010. T B(a) 4
4011. T B(a) 4
4012. T B(a) 4
4013. T B(a) 4
4014. T B(a) 4
4015. T B(a) 4
4016. T B(a) 4
4017. T B(a) 4
4018. T B(a) 4
4019. T B(a) 4
4020. T B(a) 4
4021. T B(a) 4
4022. T B(a) 4
4023. T B(a) 4
4024. T B(a) 4
4025. T B(a) 4
4026. T B(a) 4
4027. T B(a) 4
4028. T B(a) 4
4029. T B(a) 4
4030. T B(a) 4
4031. T B(a) 4
4032. T B(a) 4
4033. T B(a) 4
4034. T B(a) 4
4035. T B(a) 4
4036. T B(a) 4
4037. T B(a) 4
4038. T B(a) 4
4039. T B(a) 4
4040. T B(a) 4
4041. T B(a) 4
4042. T B(a) 4
4043. T B(a) 4
4044. T B(a) 4
4045. T B(a) 4
4046. T B(a) 4
4047. T B(a) 4
4048. T B(a) 4
4049. T B(a) 4
4050. T B(a) 4
4051. T B(a) 4
4052. T B(a) 4
4053. T B(a) 4
4054. T B(a) 4
4055. T B(a) 4
4056. T B(a) 4
4057. T B(a) 4
4058. T B(a) 4
4059. T B(a) 4
4060. T B(a) 4
4061. T B(a) 4
4062. T B(a) 4
4063. T B(a) 4
4064. T B(a) 4
4065. T B(a) 4
4066. T B(a) 4
4067. T B(a) 4
4068. T B(a) 4
4069. T B(a) 4
4070. T B(a) 4
4071. T B(a) 4
4072. T B(a) 4
4073. T B(a) 4
4074. T B(a) 4
4075. T B(a) 4
4076. T B(a) 4
4077. T B(a) 4
4078. T B(a) 4
4079. T B(a) 4
4080. T B(a) 4
4081. T B(a) 4
4082. T B(a) 4
4083. T B(a) 4
4084. T B(a) 4
4085. T B(a) 4
4086. T B(a) 4
4087. T B(a) 4
4088. T B(a) 4
4089. T B(a) 4
4090. T B(a) 4
4091. T B(a) 4
4092. T B(a) 4
4093. T B(a) 4
4094. T B(a) 4
4095. T B(a) 4
4096. T B(a) 4
4097. T B(a) 4
4098. T B(a) 4
4099. T B(a) 4
4100. T B(a) 4
4101. T B(a) 4
4102. T B(a) 4
4103. T B(a) 4
4104. T B(a) 4
4105. T B(a) 4
4106. T B(a) 4
4107. T B(a) 4
4108. T B(a) 4
4109. T B(a) 4
4110. T B(a) 4
4111. T B(a) 4
4112. T B(a) 4
4113. T B(a) 4
4114. T B(a) 4
4115. T B(a) 4
4116. T B(a) 4
4117. T B(a) 4
4118. T B(a) 4
4119. T B(a) 4
4120. T B(a) 4
4121. T B(a) 4
4122. T B(a) 4
4123. T B(a) 4
4124. T B(a) 4
4125. T B(a) 4
4126. T B(a) 4
4127. T B(a) 4
4128. T B(a) 4
4129. T B(a) 4
4130. T B(a) 4
4131. T B(a) 4
4132. T B(a) 4
4133. T B(a) 4
4134. T B(a) 4
4135. T B(a) 4
4136. T B(a) 4
4137. T B(a) 4
4138. T B(a) 4
4139. T B(a) 4
4140. T B(a) 4
4141. T B(a) 4
4142. T B(a) 4
4143. T B(a) 4
4144. T B(a) 4
4145. T B(a) 4
4146. T B(a) 4
4147. T B(a) 4
4148. T B(a) 4
4149. T B(a) 4
4150. T B(a) 4
4151. T B(a) 4
4152. T B(a) 4
4153. T B(a) 4
4154. T B(a) 4
4155. T B(a) 4
4156. T B(a) 4
4157. T B(a) 4
4158. T B(a) 4
4159. T B(a) 4
4160. T B(a) 4
4161. T B(a) 4
4162. T B(a) 4
4163. T B(a) 4
4164. T B(a) 4
4165. T B(a) 4
4166. T B(a) 4
4167. T B(a) 4
4168. T B(a) 4
4169. T B(a) 4
4170. T B(a) 4
4171. T B(a) 4
4172. T B(a) 4
4173. T B(a) 4
4174. T B(a) 4
4175. T B(a) 4
4176. T B(a) 4
4177. T B(a) 4
4178. T B(a) 4
4179. T B(a) 4
4180. T B(a) 4
4181. T B(a) 4
4182. T B(a) 4
4183. T B(a) 4
4184. T B(a) 4
4185. T B(a) 4
4186. T B(a) 4
4187. T B(a) 4
4188. T B(a) 4
4189. T B(a) 4
4190. T B(a) 4
4191. T B(a) 4
4192. T B(a) 4
4193. T B(a) 4
4194. T B(a) 4
4195. T B(a) 4
4196. T B(a) 4
4197. T B(a) 4
4198. T B(a) 4
4199. T B(a) 4
4200. T B(a) 4
4201. T B(a) 4
4202. T B(a) 4
4203. T B(a) 4
4204. T B(a) 4
4205. T B(a) 4
4206. T B(a) 4
4207. T B(a) 4
4208. T B(a) 4
4209. T B(a) 4
4210. T B(a) 4
4211. T B(a) 4
4212. T B(a) 4
4213. T B(a) 4
4214. T B(a) 4
4215. T B(a) 4
4216. T B(a) 4
4217. T B(a) 4
4218. T B(a) 4
4219. T B(a) 4
4220. T B(a) 4
4221. T B(a) 4
4222. T B(a) 4
4223. T B(a) 4
4224. T B(a) 4
4225. T B(a) 4
4226. T B(a) 4
4227. T B(a) 4
4228. T B(a) 4
4229. T B(a) 4
4230. T B(a) 4
4231. T B(a) 4
4232. T B(a) 4
4233. T B(a) 4
4234. T B(a) 4
4235. T B(a) 4
4236. T B(a) 4
4237. T B(a) 4
4238. T B(a) 4
4239. T B(a) 4
4240. T B(a) 4
4241. T B(a) 4
4242. T B(a) 4
4243. T B(a) 4
4244. T B(a) 4
4245. T B(a) 4
4246. T B(a) 4
4247. T B(a) 4
4248. T B(a) 4
4249. T B(a) 4
4250. T B(a) 4
4251. T B(a) 4
4252. T B(a) 4
4253. T B(a) 4
4254. T B(a) 4
4255. T B(a) 4
4256. T B(a) 4
4257. T B(a) 4
4258. T B(a) 4
4259. T B(a) 4
4260. T B(a) 4
4261. T B(a) 4
4262. T B(a) 4
4263. T B(a) 4
4264. T B(a) 4
4265. T B(a) 4
4266. T B(a) 4
4267. T B(a) 4
4268. T B(a) 4
4269. T B(a) 4
4270. T B(a) 4
4271. T B(a) 4
4272. T B(a) 4
4273. T B(a) 4
4274. T B(a) 4
4275. T B(a) 4
4276. T B(a) 4
4277. T B(a) 4
4278. T B(a) 4
4279. T B(a) 4
4280. T B(a) 4
4281. T B(a) 4
4282. T B(a) 4
4283. T B(a) 4
4284. T B(a) 4
4285. T B(a) 4
4286. T B(a) 4
4287. T B(a) 4
4288. T B(a) 4
4289. T B(a) 4
4290. T B(a) 4
4291. T B(a) 4
4292. T B(a) 4
4293. T B(a) 4
4294. T B(a) 4
4295. T B(a) 4
4296. T B(a) 4
4297. T B(a) 4
4298. T B(a) 4
4299. T B(a) 4
4300. T B(a) 4
4301. T B(a) 4
4302. T B(a) 4
4303. T B(a) 4
4304. T B(a) 4
4305. T B(a) 4
4306. T B(a) 4
4307. T B(a) 4
4308. T B(a) 4
4309. T B(a) 4
4310. T B(a) 4
4311. T B(a) 4
4312. T B(a) 4
4313. T B(a) 4
4314. T B(a) 4
4315. T B(a) 4
4316. T B(a) 4
4317. T B(a) 4
4318. T B(a) 4
4319. T B(a) 4
4320. T B(a) 4
4321. T B(a) 4
4322. T B(a) 4
4323. T B(a) 4
4324. T B(a) 4
4325. T B(a) 4
4326. T B(a) 4
4327. T B(a) 4
4328. T B(a) 4
4329. T B(a) 4
4330. T B(a) 4
4331. T B(a) 4
4332. T B(a) 4
4333. T B(a) 4
4334. T B(a) 4
4335. T B(a) 4
4336. T B(a) 4
4337. T B(a) 4
4338. T B(a) 4
4339. T B(a) 4
4340. T B(a) 4
4341. T B(a) 4
4342. T B(a) 4
4343. T B(a) 4
4344. T B(a) 4
4345. T B(a) 4
4346. T B(a) 4
4347. T B(a) 4
4348. T B(a) 4
4349. T B(a) 4
4350. T B(a) 4
4351. T B(a) 4
4352. T B(a) 4
4353. T B(a) 4
4354. T B(a) 4
4355. T B(a) 4
4356. T B(a) 4
4357. T B(a) 4
4358. T B(a) 4
4359. T B(a) 4
4360. T B(a) 4
4361. T B(a) 4
4362. T B(a) 4
4363. T B(a) 4
4364. T B(a) 4
4365. T B(a) 4
4366. T B(a) 4
4367. T B(a) 4
4368. T B(a) 4
4369. T B(a) 4
4370. T B(a) 4
4371. T B(a) 4
4372. T B(a) 4
4373. T B(a) 4
4374. T B(a) 4
4375. T B(a) 4
4376. T B(a) 4
4377. T B(a) 4
4378. T B(a) 4
4379. T B(a) 4
4380. T B(a) 4
4381. T B(a) 4
4382. T B(a) 4
4383. T B(a) 4
4384. T B(a) 4
4385. T B(a) 4
4386. T B(a) 4
4387. T B(a) 4
4388. T B(a) 4
4389. T B(a) 4
4390. T B(a) 4
4391. T B(a) 4
4392. T B(a) 4
4393. T B(a) 4
4394. T B(a) 4
4395. T B(a) 4
4396. T B(a) 4
4397. T B(a) 4
4398. T B(a) 4
4399. T B(a) 4
4400. T B(a) 4
4401. T B(a) 4
4402. T B(a) 4
4403. T B(a) 4
4404. T B(a) 4
4405. T B(a) 4
4406. T B(a) 4
4407. T B(a) 4
4408. T B(a) 4
4409. T B(a) 4
4410. T B(a) 4
4411. T B(a) 4
4412. T B(a) 4
4413. T B(a) 4
4414. T B(a) 4
4415. T B(a) 4
4416. T B(a) 4
4417. T B(a) 4
4418. T B(a) 4
4419. T B(a) 4
4420. T B(a) 4
4421. T B(a) 4
4422. T B(a) 4
4423. T B(a) 4
4424. T B(a) 4
4425. T B(a) 4
4426. T B(a) 4
4427. T B(a) 4
4428. T B(a) 4
4429. T B(a) 4
4430. T B(a) 4
4431. T B(a) 4
4432. T B(a) 4
4433. T B(a) 4
4434. T B(a) 4
4435. T B(a) 4
4436. T B(a) 4
4437. T B(a) 4
4438. T B(a) 4
4439. T B(a) 4
4440. T B(a) 4
4441. T B(a) 4
4442. T B(a) 4
4443. T B(a) 4
4444. T B(a) 4
4445. T B(a) 4
4446. T B(a) 4
4447. T B(a) 4
4448. T B(a) 4
4449. T B(a) 4
4450. T B(a) 4
4451. T B(a) 4
4452. T B(a) 4
4453. T B(a) 4
4454. T B(a) 4
4455. T B(a) 4
4456. T B(a) 4
4457. T B(a) 4
4458. T B(a) 4
4459. T B(a) 4
4460. T B(a) 4
4461. T B(a) 4
4462. T B(a) 4
4463. T B(a) 4
4464. T B(a) 4
4465. T B(a) 4
4466. T B(a) 4
4467. T B(a) 4
4468. T B(a) 4
4469. T B(a) 4
4470. T B(a) 4
4471. T B(a) 4
4472. T B(a) 4
4473. T B(a) 4
4474. T B(a) 4
4475. T B(a) 4
4476. T B(a) 4
4477. T B(a) 4
4478. T B(a) 4
4479. T B(a) 4
4480. T B(a) 4
4481. T B(a) 4
4482. T B(a) 4
4483. T B(a) 4
4484. T B(a) 4
4485. T B(a) 4
4486. T B(a) 4
4487. T B(a) 4
4488. T B(a) 4
4489. T B(a) 4
4490. T B(a) 4
4491. T B(a) 4
4492. T B(a) 4
4493. T B(a) 4
4494. T B(a) 4
4495. T B(a) 4
4496. T B(a) 4
4497. T B(a) 4
4498. T B(a) 4
4499. T B(a) 4
4500. T B(a) 4
4501. T B(a) 4
4502. T B(a) 4
4503. T B(a) 4
4504. T B(a) 4
4505. T B(a) 4
4506. T B(a) 4
4507. T B(a) 4
4508. T B(a) 4
4509. T B(a) 4
4510. T B(a) 4
4511. T B(a) 4
4512. T B(a) 4
4513. T B(a) 4
4514. T B(a) 4
4515. T B(a) 4
4516. T B(a) 4
4517. T B(a) 4
4518. T B(a) 4
4519. T B(a) 4
4520. T B(a) 4
4521. T B(a) 4
4522. T B(a) 4
4523. T B(a) 4
4524. T B(a) 4
4525. T B(a) 4
4526. T B(a) 4
4527. T B(a) 4
4528. T B(a) 4
4529. T B(a) 4
4530. T B(a) 4
4531. T B(a) 4
4532. T B(a) 4
4533. T B(a) 4
4534. T B(a) 4
4535. T B(a) 4
4536. T B(a) 4
4537. T B(a) 4
4538. T B(a) 4
4539. T B(a) 4
4540. T B(a) 4
4541. T B(a) 4
4542. T B(a) 4
4543. T B(a) 4
4544. T B(a) 4
4545. T B(a) 4
4546. T B(a) 4
4547. T B(a) 4
4548. T B(a) 4
4549. T B(a) 4
4550. T B(a) 4
4551. T B(a) 4
4552. T B(a) 4
4553. T B(a) 4
4554. T B(a) 4
4555. T B(a) 4
4556. T B(a) 4
4557. T B(a) 4
4558. T B(a) 4
4559. T B(a) 4
4560. T B(a) 4
4561. T B(a) 4
4562. T B(a) 4
4563. T B(a) 4
4564. T B(a) 4
4565. T B(a) 4
4566. T B(a) 4
4567. T B(a) 4
4568. T B(a) 4
4569. T B(a) 4
4570. T B(a) 4
4571. T B(a) 4
4572. T B(a) 4
4573. T B(a) 4
4574. T B(a) 4
4575. T B(a) 4
4576. T B(a) 4
4577. T B(a) 4
4578. T B(a) 4
4579. T B(a) 4
4580. T B(a) 4
4581. T B(a) 4
4582. T B(a) 4
4583. T B(a) 4
4584. T B(a) 4
4585. T B(a) 4
4586. T B(a) 4
4587. T B(a) 4
4588. T B(a) 4
4589. T B(a) 4
4590. T B(a) 4
4591. T B(a) 4
4592. T B(a) 4
4593. T B(a) 4
4594. T B(a) 4
4595. T B(a) 4
4596. T B(a) 4
4597. T B(a) 4
4598. T B(a) 4
4599. T B(a) 4
4600. T B(a) 4
4601. T B(a) 4
4602. T B(a) 4
4603. T B(a) 4
4604. T B(a) 4
4605. T B(a) 4
4606. T B(a) 4
4607. T B(a) 4
4608. T B(a) 4
4609. T B(a) 4
4610. T B(a) 4
4611. T B(a) 4
4612. T B(a) 4
4613. T B(a) 4
4614. T B(a) 4
4615. T B(a) 4
4616. T B(a) 4
4617. T B(a) 4
4618. T B(a) 4
4619. T B(a) 4
4620. T B(a) 4
4621. T B(a) 4
4622. T B(a) 4
4623. T B(a) 4
4624. T B(a) 4
4625. T B(a) 4
4626. T B(a) 4
4627. T B(a) 4
4628. T B(a) 4
4629. T B(a) 4
4630. T B(a) 4
4631. T B(a) 4
4632. T B(a) 4
4633. T B(a) 4
4634. T B(a) 4
4635. T B(a) 4
4636. T B(a) 4
4637. T B(a) 4
4638. T B(a) 4
4639. T B(a) 4
4640. T B(a) 4
4641. T B(a) 4
4642. T B(a) 4
4643. T B(a) 4
4644. T B(a) 4
4645. T B(a) 4
4646. T B(a) 4
4647. T B(a) 4
4648. T B(a) 4
4649. T B(a) 4
4650. T B(a) 4
4651. T B(a) 4
4652. T B(a) 4
4653. T B(a) 4
4654. T B(a) 4
4655. T B(a) 4
4656. T B(a) 4
4657. T B(a) 4
4658. T B(a) 4
4659. T B(a) 4
4660. T B(a) 4
4661. T B(a) 4
4662. T B(a) 4
4663. T B(a) 4
4664. T B(a) 4
4665. T B(a) 4
4666. T B(a) 4
4667. T B(a) 4
4668. T B(a) 4
4669. T B(a) 4
4670. T B(a) 4
4671. T B(a) 4
4672. T B(a) 4
4673. T B(a) 4
4674. T B(a) 4
4675. T B(a) 4
4676. T B(a) 4
4677. T B(a) 4
4678. T B(a) 4
4679. T B(a) 4
4680. T B(a) 4
4681. T B(a) 4
4682. T B(a) 4
4683. T B(a) 4
4684. T B(a) 4
4685. T B(a) 4
4686. T B(a) 4
4687. T B(a) 4
4688. T B(a) 4
4689. T B(a) 4
4690. T B(a) 4
4691. T B(a) 4
4692. T B(a) 4
4693. T B(a) 4
4694. T B(a) 4
4695. T B(a) 4
4696. T B(a) 4
4697. T B(a) 4
4698. T B(a) 4
4699. T B(a) 4
4700. T B(a) 4
4701. T B(a) 4
4702. T B(a) 4
4703. T B(a) 4
4704. T B(a) 4
4705. T B(a) 4
4706. T B(a) 4
4707. T B(a) 4
4708. T B(a) 4
4709. T B(a) 4
4710. T B(a) 4
4711. T B(a) 4
4712. T B(a) 4
4713. T B(a) 4
4714. T B(a) 4
4715. T B(a) 4
4716. T B(a) 4
4717. T B(a) 4
4718. T B(a) 4
4719. T B(a) 4
4720. T B(a) 4
4721. T B(a) 4
4722. T B(a) 4
4723. T B(a) 4
4724. T B(a) 4
4725. T B(a) 4
4726. T B(a) 4
4727. T B(a) 4
4728. T B(a) 4
4729. T B(a) 4
4730. T B(a) 4
4731. T B(a) 4
4732. T B(a) 4
4733. T B(a) 4
4734. T B(a) 4
4735. T B(a) 4
4736. T B(a) 4
4737. T B(a) 4
4738. T B(a) 4
4739. T B(a) 4
4740. T B(a) 4
4741. T B(a) 4
4742. T B(a) 4
4743. T B(a) 4
4744. T B(a) 4
4745. T B(a) 4
4746. T B(a) 4
4747. T B(a) 4
4748. T B(a) 4
4749. T B(a) 4
4750. T B(a) 4
4751. T B(a) 4
4752. T B(a) 4
4753. T B(a) 4
4754. T B(a) 4
4755. T B(a) 4
4756. T B(a) 4
4757. T B(a) 4
4758. T B(a) 4
4759. T B(a) 4
4760. T B(a) 4
4761. T B(a) 4
4762. T B(a) 4
4763. T B(a) 4
4764. T B(a) 4
4765. T B(a) 4
4766. T B(a) 4
4767. T B(a) 4
4768. T B(a) 4
4769. T B(a) 4
4770. T B(a) 4
4771. T B(a) 4
4772. T B(a) 4
4773. T B(a) 4
4774. T B(a) 4
4775. T B(a) 4
4776. T B(a) 4
4777. T B(a) 4
4778. T B(a) 4
4779. T B(a) 4
4780. T B(a) 4
4781. T B(a) 4
4782. T B(a) 4
4783. T B(a) 4
4784. T B(a) 4
4785. T B(a) 4
4786. T B(a) 4
4787. T B(a) 4
4788. T B(a) 4
4789. T B(a) 4
4790. T B(a) 4
4791. T B(a) 4
4792. T B(a) 4
4793. T B(a) 4
4794. T B(a) 4
4795. T B(a) 4
4796. T B(a) 4
4797. T B(a) 4
4798. T B(a) 4
4799. T B(a) 4
4800. T B(a) 4
4801. T B(a) 4
4802. T B(a) 4
4803. T B(a) 4
4804. T B(a) 4
4805. T B(a) 4
4806. T B(a) 4
4807. T B(a) 4
4808. T B(a) 4
4809. T B(a) 4
4810. T B(a) 4
4811. T B(a) 4
4812. T B(a) 4
4813. T B(a) 4
4814. T B(a) 4
4815. T B(a) 4
4816. T B(a) 4
4817. T B(a) 4
4818. T B(a) 4
4819. T B(a) 4
4820. T B(a) 4
4821. T B(a) 4
4822. T B(a) 4
4823. T B(a) 4
4824. T B(a) 4
4825. T B(a) 4
4826. T B(a) 4
4827. T B(a) 4
4828. T B(a) 4
4829. T B(a) 4
4830. T B(a) 4
4831. T B(a) 4
4832. T B(a) 4
4833. T B(a) 4
4834. T B(a) 4
4835. T B(a) 4
4836. T B(a) 4
4837. T B(a) 4
4838. T B(a) 4
4839. T B(a) 4
4840. T B(a) 4
4841. T B(a) 4
4842. T B(a) 4
4843. T B(a) 4
4844. T B(a) 4
4845. T B(a) 4
4846. T B(a) 4
4847. T B(a) 4
4848. T B(a) 4
4849. T B(a) 4
4850. T B(a) 4
4851. T B(a) 4
4852. T B(a) 4
4853. T B(a) 4
4854. T B(a) 4
4855. T B(a) 4
4856. T B(a) 4
4857. T B(a) 4
4858. T B(a) 4
4859. T B(a) 4
4860. T B(a) 4
4861. T B(a) 4
4862. T B(a) 4
4863. T B(a) 4
4864. T B(a) 4
4865. T B(a) 4
4866. T B(a) 4
4867. T B(a) 4
4868. T B(a) 4
4869. T B(a) 4
4870. T B(a) 4
4871. T B(a) 4
4872. T B(a) 4
4873. T B(a) 4
4874. T B(a) 4
4875. T B(a) 4
4876. T B(a) 4
4877. T B(a) 4
4878. T B(a) 4
4879. T B(a) 4
4880. T B(a) 4
4881. T B(a) 4
4882. T B(a) 4
4883. T B(a) 4
4884. T B(a) 4
4885. T B(a) 4
4886. T B(a) 4
4887. T B(a) 4
4888. T B(a) 4
4889. T B(a) 4
4890. T B(a) 4
4891. T B(a) 4
4892. T B(a) 4
4893. T B(a) 4
4894. T B(a) 4
4895. T B(a) 4
4896. T B(a) 4
4897. T B(a) 4
4898. T B(a) 4
4899. T B(a) 4
4900. T B(a) 4
4901. T B(a) 4
4902. T B(a) 4
4903. T B(a) 4
4904. T B(a) 4
4905. T B(a) 4
4906. T B(a) 4
4907. T B(a) 4
4908. T B(a) 4
4909. T B(a) 4
4910. T B(a) 4
4911. T B(a) 4
4912. T B(a) 4
4913. T B(a) 4
4914. T B(a) 4
4915. T B(a) 4
4916. T B(a) 4
4917. T B(a) 4
4918. T B(a) 4
4919. T B(a) 4
4920. T B(a) 4
4921. T B(a) 4
4922. T B(a) 4
4923. T B(a) 4
4924. T B(a) 4
4925. T B(a) 4
4926. T B(a) 4
4927. T B(a) 4
4928. T B(a) 4
4929. T B(a) 4
4930. T B(a) 4
4931. T B(a) 4
4932. T B(a) 4
4933. T B(a) 4
4934. T B(a) 4
4935. T B(a) 4
4936. T B(a) 4
4937. T B(a) 4
4938. T B(a) 4
4939. T B(a) 4
4940. T B(a) 4
4941. T B(a) 4
4942. T B(a) 4
4943. T B(a) 4
4944. T B(a) 4
4945. T B(a) 4
4946. T B(a) 4
4947. T B(a) 4
4948. T B(a) 4
4949. T B(a) 4
4950. T B(a) 4
4951. T B(a) 4
4952. T B(a) 4
4953. T B(a) 4
4954. T B(a) 4
4955. T B(a) 4
4956. T B(a) 4
4957. T B(a) 4
4958. T B(a) 4
4959. T B(a) 4
4960. T B(a) 4
4961. T B(a) 4
4962. T B(a) 4
4963. T B(a) 4
4964. T B(a) 4
4965. T B(a) 4
4966. T B(a) 4
4967. T B(a) 4
4968. T B(a) 4
4969. T B(a) 4
4970. T B(a) 4
4971. T B(a) 4
4972. T B(a) 4
4973. T B(a) 4
4974. T B(a) 4
4975. T B(a) 4
4976. T B(a) 4
4977. T B(a) 4
4978. T B(a) 4
4979. T B(a) 4
4980. T B(a) 4
4981. T B(a) 4
4982. T B(a) 4
4983. T B(a) 4
4984. T B(a) 4
4985. T B(a) 4
4986. T B(a) 4
4987. T B(a) 4
4988. T B(a) 4
4989. T B(a) 4
4990. T B(a) 4
4991. T B(a) 4
4992. T B(a) 4
4993. T B(a) 4
4994. T B(a) 4
4995. T B(a) 4
4996. T B(a) 4
4997. T B(a) 4
4998. T B(a) 4
4999. T B(a) 4
5000. T B(a) 4
5001. T B(a) 4
5002. T B(a) 4
5003. T B(a) 4
5004. T B(a) 4
5005. T B(a) 4
5006. T B(a) 4
5007. T B(a) 4
5008. T B(a) 4
5009. T B(a) 4
5010. T B(a) 4
5011. T B(a) 4
5012. T B(a) 4
5013. T B(a) 4
5014. T B(a) 4
5015. T B(a) 4
5016. T B(a) 4
5017. T B(a) 4
5018. T B(a) 4
5019. T B(a) 4
5020. T B(a) 4
5021. T B(a) 4
5022. T B(a) 4
5023. T B(a) 4
5024. T B(a) 4
5025. T B(a) 4
5026. T B(a) 4
5027. T B(a) 4
5028. T B(a) 4
5029. T B(a) 4
5030. T B(a) 4
5031. T B(a) 4
5032. T B(a) 4
5033. T B(a) 4
5034. T B(a) 4
5035. T B(a) 4
5036. T B(a) 4
5037. T B(a) 4
5038. T B(a) 4
5039. T B(a) 4
5040. T B(a) 4
5041. T B(a) 4
5042. T B(a) 4
5043. T B(a) 4
5044. T B(a) 4
5045. T B(a) 4
5046. T B(a) 4
5047. T B(a) 4
5048. T B(a) 4
5049. T B(a) 4
5050. T B(a) 4
5051. T B(a) 4
5052. T B(a) 4
5053. T B(a) 4
5054. T B(a) 4
5055. T B(a) 4
5056. T B(a) 4
5057. T B(a) 4
5058. T B(a) 4
5059. T B(a) 4
5060. T B(a) 4
5061. T B(a) 4
5062. T B(a) 4
5063. T B(a) 4
5064. T B(a) 4
5065. T B(a) 4
5066. T B(a) 4
5067. T B(a) 4
5068. T B(a) 4
5069. T B(a) 4
5070. T B(a) 4
5071. T B(a) 4
5072. T B(a) 4
5073. T B(a) 4
5074. T B(a) 4
5075. T B(a) 4
5076. T B(a) 4
5077. T B(a) 4
5078. T B(a) 4
5079. T B(a) 4
5080. T B(a) 4
5081. T B(a) 4
5082. T B(a) 4
5083. T B(a) 4
5084. T B(a) 4
5085. T B(a) 4
5086. T B(a) 4
5087. T B(a) 4
5088. T B(a) 4
5089. T B(a) 4
5090. T B(a) 4
5091. T B(a) 4
5092. T B(a) 4
5093. T B(a) 4
5094. T B(a) 4
5095. T B(a) 4
5096. T B(a) 4
5097. T B(a) 4
5098. T B(a) 4
5099. T B(a) 4
5100. T B(a) 4
5101. T B(a) 4
5102. T B(a) 4
5103. T B(a) 4
5104. T B(a) 4
5105. T B(a) 4
5106. T B(a) 4
5107. T B(a) 4
5108. T B(a) 4
5109. T B(a) 4
5110. T B(a) 4
5111. T B(a) 4
5112. T B(a) 4
5113. T B(a) 4
5114. T B(a) 4
5115. T B(a) 4
5116. T B(a) 4
5117. T B(a) 4
5118. T B(a) 4
5119. T B(a) 4
5120. T B(a) 4
5121. T B(a) 4
5122. T B(a) 4
5123. T B(a) 4
5124. T B(a) 4
5125. T B(a) 4
5126. T B(a) 4
5127. T B(a) 4
5128. T B(a) 4
5129. T B(a) 4
5130. T B(a) 4
5131. T B(a) 4
5132. T B(a) 4
5133. T B(a) 4
5134. T B(a) 4
5135. T B(a) 4
5136. T B(a) 4
5137. T B(a) 4
5138. T B(a) 4
5139. T B(a) 4
5140. T B(a) 4
5141. T B(a) 4
5142. T B(a) 4
5143. T B(a) 4
5144. T B(a) 4
5145. T B(a) 4
5146. T B(a) 4
5147. T B(a) 4
5148. T B(a) 4
5149. T B(a) 4
5150. T B(a) 4
5151. T B(a) 4
5152. T B(a) 4
5153. T B(a) 4
5154. T B(a) 4
5155. T B(a) 4
5156. T B(a) 4
5157. T B(a) 4
5158. T B(a) 4
5159. T B(a) 4
5160. T B(a) 4
5161. T B(a) 4
5162. T B(a) 4
5163. T B(a) 4
5164. T B(a) 4
5165. T B(a) 4
5166. T B(a) 4
5167. T B(a) 4
5168. T B(a) 4
5169. T B(a) 4
5170. T B(a) 4
5171. T B(a) 4
5172. T B(a) 4
5173. T B(a) 4
5174. T B(a) 4
5175. T B(a) 4
5176. T B(a) 4
5177. T B(a) 4
5178. T B(a) 4
5179. T B(a) 4
5180. T B(a) 4
5181. T B(a) 4
5182. T B(a) 4
5183. T B(a) 4
5184. T B(a) 4
5185. T B(a) 4
5186. T B(a) 4
5187. T B(a) 4
5188. T B(a) 4
5189. T B(a) 4
5190. T B(a) 4
5191. T B(a) 4
5192. T B(a) 4
5193. T B(a) 4
5194. T B(a) 4
5195. T B(a) 4
5196. T B(a) 4
5197. T B(a) 4
5198. T B(a) 4
5199. T B(a) 4
5200. T B(a) 4
5201. T B(a) 4
5202. T B(a) 4
5203. T B(a) 4
5204. T B(a) 4
5205. T B(a) 4
5206. T B(a) 4
5207. T B(a) 4
5208. T B(a) 4
5209. T B(a) 4
5210. T B(a) 4
5211. T B(a) 4
5212. T B(a) 4
5213. T B(a) 4
5214. T B(a) 4
5215. T B(a","The following errors were found:

One of definitions are not completed. Please, check whether all rules are correctly written.
Recall that a rule of inference starts with a numeber, followed by . (reference line), the truth value of the formula (T or F), has a formula and the justification (premise, conclusion or one of the inference rules with its formula references).Sintax error:
<proof>
^ Symbol does not belongs to the language.
",1336.1407527923584,length,1093,65536
"Ax (B(x)->C(x)), Ex (D(x)&B(x)) |- Ex (D(x)&C(x))","[{'role': 'system', 'content': ""\nYou are an expert in logic using the semantic Tableaux method. \nYou will receive a first order logic formula and must prove its validity using the semantic tableau method, represent the proof in a Fitch-like notation, following these formatting instructions:\n\n### FORMAT OF PROOF LINES: \nExpanding proof line must be structured like: '<line_number>. <T_or_F> <formula> <origin>'\n- <line_number>: sequential integer, always ending with a dot ('1.', '2.', '3.', ...)\n- <T_or_F> → T for true formulas, F for false formulas. \n- <formula>: the formula derived on that line\n- <origin> is exactly one of:\n    pre (for premises)\n    conclusion (for the conclusion)\n    a comma-separated list of line numbers indicating the formula(s) used to derive the current line (e.g. '1', '3', '1,3')\n\n### BRANCHING FORMAT \nUse curly braces { and } to open and close branches. \n{ must appear immediately after the line number that opens a branch (e.g. '8.{ F A|B 3') \n} must appear at the end of the line that closes that branch (e.g. '12. @ 5,7}'). Exception: the main (initial) branch does not require a closing }, since it is not opened by {.\nBranches may be nested. But a formula may only be used at a given point if it appeared earlier in the same branch or an outer (enclosing) branch to the current branch. Formulas from closed branches or sibling branches must not be used.\n\n### SYMBOLS \nUse the following symbols for logical operations: \n & = conjunction (and), \n | = disjunction (or), \n ~ = negation (not), \n -> = implication (implies).\n\nQuantifiers symbols:  \n    Ax represents ∀x  \n    Ex represents ∃x\nSo formulas with ∀x and ∃x will be represented by Ax and Ex (A and E followed by the variable x). For example, Ax (H(x)->M(x)) represents ∀x (H(x)→M(x)).\n\n###CONVENTIONS\nAtoms: only uppercase letters not immediately followed by parentesis (e.g. P, Q, R).\nPredicates: uppercase letters immediately followed by parentesis (e.g. H(x), M(y), Q(a,b) ). All predicates must use parentheses.\nVariables: first letter in lowercase, can be followed by letters and numbers (e.g., x, x0, xP0).\n\nWrite only the final proof in <proof>...</proof> tags. Only use <proof>...</proof> tags ONCE. Omit names of the rules. Only use these symbols inside the proof '&' , '->', '~', '|', '@', '(', ')', '{', '}', 'Ax', 'Ex'.\nDo not include explanations, commentary, or extra text inside and outside the <proof>...</proof> tags.\n""}, {'role': 'user', 'content': ""Prove 'Ex P(x), Ax (P(x)->Q(x)) |- Ex Q(x)', using the analytical tableau method. Final answer using the notation described. ""}, {'role': 'assistant', 'content': ' <proof>\n                        1. T Ex P(x) pre\n                        2. T Ax (P(x)->Q(x)) pre\n                        3. F Ex Q(x) conclusion\n                        4. T P(a) 1 \n                        5. T (P(a)->Q(a)) 2 \n                        6. F Q(a) 3 \n                        7.{ F P(a) 5 \n                        8. @ 4,7}    \n                        9.{ T Q(a) 5 \n                        10. @ 6,9}   \n                    </proof>'}, {'role': 'user', 'content': ""Prove 'Ax (P(x)|P(x)) |- Ax P(x)', using the analytical tableau method. Final answer using the notation described.""}, {'role': 'assistant', 'content': ' <proof>\n                            1. T Ax (P(x)|P(x)) pre \n                            2. F Ax P(x) conclusion\n                            3. F P(a) 2          \n                            4. T (P(a)|P(a)) 1   \n                            5.{ T P(a) 4         \n                            6. @ 3,5}            \n                            7.{ T P(a) 4         \n                            8. @ 3,7}            \n                        </proof>'}, {'role': 'user', 'content': ""Prove'Ax (B(x)->C(x)), Ex (D(x)&B(x)) |- Ex (D(x)&C(x))' using the analytical tableau method. Only one final answer, surrounded by <proof>...</proof>, using the notation described.""}]","1. T Ax (B(x)->C(x)) pre
2. T Ex (D(x)&B(x)) pre
3. F Ex (D(x)&C(x)) conclusion
4. T (D(a)&B(a)) 2
5. T D(a) 4
6. T B(a) 4
7. T (B(a)->C(a)) 1
8. F C(a) 3
9. { F B(a) 7
10. @ 6,9}
11. { T C(a) 7
12. @ 8,11}
13. { T (D(a)&C(a)) 3
14. @ 5,13}
15. @ 10,12,14","1. T Ax (B(x)->C(x)) pre
2. T Ex (D(x)&B(x)) pre
3. F Ex (D(x)&C(x)) conclusion
4. T (D(a)&B(a)) 2
5. T D(a) 4
6. T B(a) 4
7. T (B(a)->C(a)) 1
8. F C(a) 3
9. { F B(a) 7
10. @ 6,9}
11. { T C(a) 7
12. @ 8,11}
13. { T (D(a)&C(a)) 3
14. @ 5,13}
15. @ 10,12,14","The following errors were found:

One of definitions are not completed. Please, check whether all rules are correctly written.
Recall that a rule of inference starts with a numeber, followed by . (reference line), the truth value of the formula (T or F), has a formula and the justification (premise, conclusion or one of the inference rules with its formula references).Sintax error:
15. @ 10,12,14
           ^
",4.523056507110596,stop,1104,199
Ax Ey (B(x)|C(y)) |- Ey Ax (B(x)|C(y)),"[{'role': 'system', 'content': ""\nYou are an expert in logic using the semantic Tableaux method. \nYou will receive a first order logic formula and must prove its validity using the semantic tableau method, represent the proof in a Fitch-like notation, following these formatting instructions:\n\n### FORMAT OF PROOF LINES: \nExpanding proof line must be structured like: '<line_number>. <T_or_F> <formula> <origin>'\n- <line_number>: sequential integer, always ending with a dot ('1.', '2.', '3.', ...)\n- <T_or_F> → T for true formulas, F for false formulas. \n- <formula>: the formula derived on that line\n- <origin> is exactly one of:\n    pre (for premises)\n    conclusion (for the conclusion)\n    a comma-separated list of line numbers indicating the formula(s) used to derive the current line (e.g. '1', '3', '1,3')\n\n### BRANCHING FORMAT \nUse curly braces { and } to open and close branches. \n{ must appear immediately after the line number that opens a branch (e.g. '8.{ F A|B 3') \n} must appear at the end of the line that closes that branch (e.g. '12. @ 5,7}'). Exception: the main (initial) branch does not require a closing }, since it is not opened by {.\nBranches may be nested. But a formula may only be used at a given point if it appeared earlier in the same branch or an outer (enclosing) branch to the current branch. Formulas from closed branches or sibling branches must not be used.\n\n### SYMBOLS \nUse the following symbols for logical operations: \n & = conjunction (and), \n | = disjunction (or), \n ~ = negation (not), \n -> = implication (implies).\n\nQuantifiers symbols:  \n    Ax represents ∀x  \n    Ex represents ∃x\nSo formulas with ∀x and ∃x will be represented by Ax and Ex (A and E followed by the variable x). For example, Ax (H(x)->M(x)) represents ∀x (H(x)→M(x)).\n\n###CONVENTIONS\nAtoms: only uppercase letters not immediately followed by parentesis (e.g. P, Q, R).\nPredicates: uppercase letters immediately followed by parentesis (e.g. H(x), M(y), Q(a,b) ). All predicates must use parentheses.\nVariables: first letter in lowercase, can be followed by letters and numbers (e.g., x, x0, xP0).\n\nWrite only the final proof in <proof>...</proof> tags. Only use <proof>...</proof> tags ONCE. Omit names of the rules. Only use these symbols inside the proof '&' , '->', '~', '|', '@', '(', ')', '{', '}', 'Ax', 'Ex'.\nDo not include explanations, commentary, or extra text inside and outside the <proof>...</proof> tags.\n""}, {'role': 'user', 'content': ""Prove 'Ex P(x), Ax (P(x)->Q(x)) |- Ex Q(x)', using the analytical tableau method. Final answer using the notation described. ""}, {'role': 'assistant', 'content': ' <proof>\n                        1. T Ex P(x) pre\n                        2. T Ax (P(x)->Q(x)) pre\n                        3. F Ex Q(x) conclusion\n                        4. T P(a) 1 \n                        5. T (P(a)->Q(a)) 2 \n                        6. F Q(a) 3 \n                        7.{ F P(a) 5 \n                        8. @ 4,7}    \n                        9.{ T Q(a) 5 \n                        10. @ 6,9}   \n                    </proof>'}, {'role': 'user', 'content': ""Prove 'Ax (P(x)|P(x)) |- Ax P(x)', using the analytical tableau method. Final answer using the notation described.""}, {'role': 'assistant', 'content': ' <proof>\n                            1. T Ax (P(x)|P(x)) pre \n                            2. F Ax P(x) conclusion\n                            3. F P(a) 2          \n                            4. T (P(a)|P(a)) 1   \n                            5.{ T P(a) 4         \n                            6. @ 3,5}            \n                            7.{ T P(a) 4         \n                            8. @ 3,7}            \n                        </proof>'}, {'role': 'user', 'content': ""Prove'Ax Ey (B(x)|C(y)) |- Ey Ax (B(x)|C(y))' using the analytical tableau method. Only one final answer, surrounded by <proof>...</proof>, using the notation described.""}]","1. T Ax Ey (B(x)|C(y)) pre
2. F Ey Ax (B(x)|C(y)) conclusion
3. T Ey (B(a)|C(y)) 2
4. T (B(a)|C(b)) 3
5. T Ey (B(x)|C(y)) 1
6. T (B(a)|C(b)) 5
7. F Ax (B(x)|C(y)) 2
8. F (B(a)|C(b)) 7
9. { F B(a) 8
10. @ 4,9}
11. { F C(b) 8
12. @ 4,11}
13. { F B(a) 4
14. @ 8,13}
15. { F C(b) 4
16. @ 8,15}
17. @ 2,3,7}","1. T Ax Ey (B(x)|C(y)) pre
2. F Ey Ax (B(x)|C(y)) conclusion
3. T Ey (B(a)|C(y)) 2
4. T (B(a)|C(b)) 3
5. T Ey (B(x)|C(y)) 1
6. T (B(a)|C(b)) 5
7. F Ax (B(x)|C(y)) 2
8. F (B(a)|C(b)) 7
9. { F B(a) 8
10. @ 4,9}
11. { F C(b) 8
12. @ 4,11}
13. { F B(a) 4
14. @ 8,13}
15. { F C(b) 4
16. @ 8,15}
17. @ 2,3,7}","The following errors were found:

One of definitions are not completed. Please, check whether all rules are correctly written.
Recall that a rule of inference starts with a numeber, followed by . (reference line), the truth value of the formula (T or F), has a formula and the justification (premise, conclusion or one of the inference rules with its formula references).Sintax error:
17. @ 2,3,7}
         ^
",6.345927476882935,stop,1096,235
"Ax (B(x)|C(x)), ~Ex B(x) |- Ax C(x)","[{'role': 'system', 'content': ""\nYou are an expert in logic using the semantic Tableaux method. \nYou will receive a first order logic formula and must prove its validity using the semantic tableau method, represent the proof in a Fitch-like notation, following these formatting instructions:\n\n### FORMAT OF PROOF LINES: \nExpanding proof line must be structured like: '<line_number>. <T_or_F> <formula> <origin>'\n- <line_number>: sequential integer, always ending with a dot ('1.', '2.', '3.', ...)\n- <T_or_F> → T for true formulas, F for false formulas. \n- <formula>: the formula derived on that line\n- <origin> is exactly one of:\n    pre (for premises)\n    conclusion (for the conclusion)\n    a comma-separated list of line numbers indicating the formula(s) used to derive the current line (e.g. '1', '3', '1,3')\n\n### BRANCHING FORMAT \nUse curly braces { and } to open and close branches. \n{ must appear immediately after the line number that opens a branch (e.g. '8.{ F A|B 3') \n} must appear at the end of the line that closes that branch (e.g. '12. @ 5,7}'). Exception: the main (initial) branch does not require a closing }, since it is not opened by {.\nBranches may be nested. But a formula may only be used at a given point if it appeared earlier in the same branch or an outer (enclosing) branch to the current branch. Formulas from closed branches or sibling branches must not be used.\n\n### SYMBOLS \nUse the following symbols for logical operations: \n & = conjunction (and), \n | = disjunction (or), \n ~ = negation (not), \n -> = implication (implies).\n\nQuantifiers symbols:  \n    Ax represents ∀x  \n    Ex represents ∃x\nSo formulas with ∀x and ∃x will be represented by Ax and Ex (A and E followed by the variable x). For example, Ax (H(x)->M(x)) represents ∀x (H(x)→M(x)).\n\n###CONVENTIONS\nAtoms: only uppercase letters not immediately followed by parentesis (e.g. P, Q, R).\nPredicates: uppercase letters immediately followed by parentesis (e.g. H(x), M(y), Q(a,b) ). All predicates must use parentheses.\nVariables: first letter in lowercase, can be followed by letters and numbers (e.g., x, x0, xP0).\n\nWrite only the final proof in <proof>...</proof> tags. Only use <proof>...</proof> tags ONCE. Omit names of the rules. Only use these symbols inside the proof '&' , '->', '~', '|', '@', '(', ')', '{', '}', 'Ax', 'Ex'.\nDo not include explanations, commentary, or extra text inside and outside the <proof>...</proof> tags.\n""}, {'role': 'user', 'content': ""Prove 'Ex P(x), Ax (P(x)->Q(x)) |- Ex Q(x)', using the analytical tableau method. Final answer using the notation described. ""}, {'role': 'assistant', 'content': ' <proof>\n                        1. T Ex P(x) pre\n                        2. T Ax (P(x)->Q(x)) pre\n                        3. F Ex Q(x) conclusion\n                        4. T P(a) 1 \n                        5. T (P(a)->Q(a)) 2 \n                        6. F Q(a) 3 \n                        7.{ F P(a) 5 \n                        8. @ 4,7}    \n                        9.{ T Q(a) 5 \n                        10. @ 6,9}   \n                    </proof>'}, {'role': 'user', 'content': ""Prove 'Ax (P(x)|P(x)) |- Ax P(x)', using the analytical tableau method. Final answer using the notation described.""}, {'role': 'assistant', 'content': ' <proof>\n                            1. T Ax (P(x)|P(x)) pre \n                            2. F Ax P(x) conclusion\n                            3. F P(a) 2          \n                            4. T (P(a)|P(a)) 1   \n                            5.{ T P(a) 4         \n                            6. @ 3,5}            \n                            7.{ T P(a) 4         \n                            8. @ 3,7}            \n                        </proof>'}, {'role': 'user', 'content': ""Prove'Ax (B(x)|C(x)), ~Ex B(x) |- Ax C(x)' using the analytical tableau method. Only one final answer, surrounded by <proof>...</proof>, using the notation described.""}]","1. T Ax (B(x)|C(x)) pre
2. T ~Ex B(x) pre
3. F Ax C(x) conclusion
4. T (B(a)|C(a)) 1
5. F B(a) 2
6. T C(a) 4,5
7. F C(b) 3
8. { T B(b)|C(b) 1
9. { T B(b) 4,8
10. @ 5,9}
11. { T C(b) 4,8
12. @ 7,11}
13. @ 6,12}","1. T Ax (B(x)|C(x)) pre
2. T ~Ex B(x) pre
3. F Ax C(x) conclusion
4. T (B(a)|C(a)) 1
5. F B(a) 2
6. T C(a) 4,5
7. F C(b) 3
8. { T B(b)|C(b) 1
9. { T B(b) 4,8
10. @ 5,9}
11. { T C(b) 4,8
12. @ 7,11}
13. @ 6,12}","The following errors were found:

One of definitions are not completed. Please, check whether all rules are correctly written.
Recall that a rule of inference starts with a numeber, followed by . (reference line), the truth value of the formula (T or F), has a formula and the justification (premise, conclusion or one of the inference rules with its formula references).Sintax error:
6. T C(a) 4,5
           ^
",3.511381864547729,stop,1094,165
"Ax (B(x)|C(x)), Ax ~B(x) |- Ax C(x)","[{'role': 'system', 'content': ""\nYou are an expert in logic using the semantic Tableaux method. \nYou will receive a first order logic formula and must prove its validity using the semantic tableau method, represent the proof in a Fitch-like notation, following these formatting instructions:\n\n### FORMAT OF PROOF LINES: \nExpanding proof line must be structured like: '<line_number>. <T_or_F> <formula> <origin>'\n- <line_number>: sequential integer, always ending with a dot ('1.', '2.', '3.', ...)\n- <T_or_F> → T for true formulas, F for false formulas. \n- <formula>: the formula derived on that line\n- <origin> is exactly one of:\n    pre (for premises)\n    conclusion (for the conclusion)\n    a comma-separated list of line numbers indicating the formula(s) used to derive the current line (e.g. '1', '3', '1,3')\n\n### BRANCHING FORMAT \nUse curly braces { and } to open and close branches. \n{ must appear immediately after the line number that opens a branch (e.g. '8.{ F A|B 3') \n} must appear at the end of the line that closes that branch (e.g. '12. @ 5,7}'). Exception: the main (initial) branch does not require a closing }, since it is not opened by {.\nBranches may be nested. But a formula may only be used at a given point if it appeared earlier in the same branch or an outer (enclosing) branch to the current branch. Formulas from closed branches or sibling branches must not be used.\n\n### SYMBOLS \nUse the following symbols for logical operations: \n & = conjunction (and), \n | = disjunction (or), \n ~ = negation (not), \n -> = implication (implies).\n\nQuantifiers symbols:  \n    Ax represents ∀x  \n    Ex represents ∃x\nSo formulas with ∀x and ∃x will be represented by Ax and Ex (A and E followed by the variable x). For example, Ax (H(x)->M(x)) represents ∀x (H(x)→M(x)).\n\n###CONVENTIONS\nAtoms: only uppercase letters not immediately followed by parentesis (e.g. P, Q, R).\nPredicates: uppercase letters immediately followed by parentesis (e.g. H(x), M(y), Q(a,b) ). All predicates must use parentheses.\nVariables: first letter in lowercase, can be followed by letters and numbers (e.g., x, x0, xP0).\n\nWrite only the final proof in <proof>...</proof> tags. Only use <proof>...</proof> tags ONCE. Omit names of the rules. Only use these symbols inside the proof '&' , '->', '~', '|', '@', '(', ')', '{', '}', 'Ax', 'Ex'.\nDo not include explanations, commentary, or extra text inside and outside the <proof>...</proof> tags.\n""}, {'role': 'user', 'content': ""Prove 'Ex P(x), Ax (P(x)->Q(x)) |- Ex Q(x)', using the analytical tableau method. Final answer using the notation described. ""}, {'role': 'assistant', 'content': ' <proof>\n                        1. T Ex P(x) pre\n                        2. T Ax (P(x)->Q(x)) pre\n                        3. F Ex Q(x) conclusion\n                        4. T P(a) 1 \n                        5. T (P(a)->Q(a)) 2 \n                        6. F Q(a) 3 \n                        7.{ F P(a) 5 \n                        8. @ 4,7}    \n                        9.{ T Q(a) 5 \n                        10. @ 6,9}   \n                    </proof>'}, {'role': 'user', 'content': ""Prove 'Ax (P(x)|P(x)) |- Ax P(x)', using the analytical tableau method. Final answer using the notation described.""}, {'role': 'assistant', 'content': ' <proof>\n                            1. T Ax (P(x)|P(x)) pre \n                            2. F Ax P(x) conclusion\n                            3. F P(a) 2          \n                            4. T (P(a)|P(a)) 1   \n                            5.{ T P(a) 4         \n                            6. @ 3,5}            \n                            7.{ T P(a) 4         \n                            8. @ 3,7}            \n                        </proof>'}, {'role': 'user', 'content': ""Prove'Ax (B(x)|C(x)), Ax ~B(x) |- Ax C(x)' using the analytical tableau method. Only one final answer, surrounded by <proof>...</proof>, using the notation described.""}]","1. T Ax (B(x)|C(x)) pre
2. T Ax ~B(x) pre
3. F Ax C(x) conclusion
4. F C(a) 3
5. T (B(a)|C(a)) 1
6. T ~B(a) 2
7.{ T B(a) 5
8. @ 6,7}
9.{ T C(a) 5
10. @ 4,9}
11. @ 3,10}","1. T Ax (B(x)|C(x)) pre
2. T Ax ~B(x) pre
3. F Ax C(x) conclusion
4. F C(a) 3
5. T (B(a)|C(a)) 1
6. T ~B(a) 2
7.{ T B(a) 5
8. @ 6,7}
9.{ T C(a) 5
10. @ 4,9}
11. @ 3,10}","The following errors were found:

Error in line 11:
11. @ 3,10}
          ^, Closing branches without an open branch.
Error in line 7:
7.{ T B(a) 5
^, A beta rule must have exactly two branches.
Error in line 8:
8. @ 6,7}
     ^, None of the formulas referenced by the lines contradict the other formula.
Error in line 9:
9.{ T C(a) 5
^, A beta rule must have exactly two branches.
Error in line 11:
11. @ 3,10}
        ^, The reference to the line formula 10 cannot be used, as this formula does not belong to this branch.",2.921118974685669,stop,1094,130
"Ax ~(B(x)&~C(x)), ~Ax C(x) |- ~Ax B(x)","[{'role': 'system', 'content': ""\nYou are an expert in logic using the semantic Tableaux method. \nYou will receive a first order logic formula and must prove its validity using the semantic tableau method, represent the proof in a Fitch-like notation, following these formatting instructions:\n\n### FORMAT OF PROOF LINES: \nExpanding proof line must be structured like: '<line_number>. <T_or_F> <formula> <origin>'\n- <line_number>: sequential integer, always ending with a dot ('1.', '2.', '3.', ...)\n- <T_or_F> → T for true formulas, F for false formulas. \n- <formula>: the formula derived on that line\n- <origin> is exactly one of:\n    pre (for premises)\n    conclusion (for the conclusion)\n    a comma-separated list of line numbers indicating the formula(s) used to derive the current line (e.g. '1', '3', '1,3')\n\n### BRANCHING FORMAT \nUse curly braces { and } to open and close branches. \n{ must appear immediately after the line number that opens a branch (e.g. '8.{ F A|B 3') \n} must appear at the end of the line that closes that branch (e.g. '12. @ 5,7}'). Exception: the main (initial) branch does not require a closing }, since it is not opened by {.\nBranches may be nested. But a formula may only be used at a given point if it appeared earlier in the same branch or an outer (enclosing) branch to the current branch. Formulas from closed branches or sibling branches must not be used.\n\n### SYMBOLS \nUse the following symbols for logical operations: \n & = conjunction (and), \n | = disjunction (or), \n ~ = negation (not), \n -> = implication (implies).\n\nQuantifiers symbols:  \n    Ax represents ∀x  \n    Ex represents ∃x\nSo formulas with ∀x and ∃x will be represented by Ax and Ex (A and E followed by the variable x). For example, Ax (H(x)->M(x)) represents ∀x (H(x)→M(x)).\n\n###CONVENTIONS\nAtoms: only uppercase letters not immediately followed by parentesis (e.g. P, Q, R).\nPredicates: uppercase letters immediately followed by parentesis (e.g. H(x), M(y), Q(a,b) ). All predicates must use parentheses.\nVariables: first letter in lowercase, can be followed by letters and numbers (e.g., x, x0, xP0).\n\nWrite only the final proof in <proof>...</proof> tags. Only use <proof>...</proof> tags ONCE. Omit names of the rules. Only use these symbols inside the proof '&' , '->', '~', '|', '@', '(', ')', '{', '}', 'Ax', 'Ex'.\nDo not include explanations, commentary, or extra text inside and outside the <proof>...</proof> tags.\n""}, {'role': 'user', 'content': ""Prove 'Ex P(x), Ax (P(x)->Q(x)) |- Ex Q(x)', using the analytical tableau method. Final answer using the notation described. ""}, {'role': 'assistant', 'content': ' <proof>\n                        1. T Ex P(x) pre\n                        2. T Ax (P(x)->Q(x)) pre\n                        3. F Ex Q(x) conclusion\n                        4. T P(a) 1 \n                        5. T (P(a)->Q(a)) 2 \n                        6. F Q(a) 3 \n                        7.{ F P(a) 5 \n                        8. @ 4,7}    \n                        9.{ T Q(a) 5 \n                        10. @ 6,9}   \n                    </proof>'}, {'role': 'user', 'content': ""Prove 'Ax (P(x)|P(x)) |- Ax P(x)', using the analytical tableau method. Final answer using the notation described.""}, {'role': 'assistant', 'content': ' <proof>\n                            1. T Ax (P(x)|P(x)) pre \n                            2. F Ax P(x) conclusion\n                            3. F P(a) 2          \n                            4. T (P(a)|P(a)) 1   \n                            5.{ T P(a) 4         \n                            6. @ 3,5}            \n                            7.{ T P(a) 4         \n                            8. @ 3,7}            \n                        </proof>'}, {'role': 'user', 'content': ""Prove'Ax ~(B(x)&~C(x)), ~Ax C(x) |- ~Ax B(x)' using the analytical tableau method. Only one final answer, surrounded by <proof>...</proof>, using the notation described.""}]","1. T Ax ~(B(x)&~C(x)) pre
2. T ~Ax C(x) pre
3. F ~Ax B(x) conclusion
4. T Ax B(x) 3
5. F Cx 2
6. { F B(a)&~C(a) 1
7. { F B(a) 6
8. @ 4,7
9. { F ~C(a) 6
10. { T C(a) 9
11. @ 5,10
12. { T B(a) 4
13. { T C(a) 4
14. @ 5,13
15. @ 6,14
16. @ 11,12}
17. @ 8,15}","1. T Ax ~(B(x)&~C(x)) pre
2. T ~Ax C(x) pre
3. F ~Ax B(x) conclusion
4. T Ax B(x) 3
5. F Cx 2
6. { F B(a)&~C(a) 1
7. { F B(a) 6
8. @ 4,7
9. { F ~C(a) 6
10. { T C(a) 9
11. @ 5,10
12. { T B(a) 4
13. { T C(a) 4
14. @ 5,13
15. @ 6,14
16. @ 11,12}
17. @ 8,15}","The following errors were found:

One of definitions are not completed. Please, check whether all rules are correctly written.
Recall that a rule of inference starts with a numeber, followed by . (reference line), the truth value of the formula (T or F), has a formula and the justification (premise, conclusion or one of the inference rules with its formula references).Sintax error:
5. F Cx 2
      ^
",6.6872382164001465,stop,1096,200
"Ax ~(B(x)&~C(x)), Ex ~C(x) |- ~Ax B(x)","[{'role': 'system', 'content': ""\nYou are an expert in logic using the semantic Tableaux method. \nYou will receive a first order logic formula and must prove its validity using the semantic tableau method, represent the proof in a Fitch-like notation, following these formatting instructions:\n\n### FORMAT OF PROOF LINES: \nExpanding proof line must be structured like: '<line_number>. <T_or_F> <formula> <origin>'\n- <line_number>: sequential integer, always ending with a dot ('1.', '2.', '3.', ...)\n- <T_or_F> → T for true formulas, F for false formulas. \n- <formula>: the formula derived on that line\n- <origin> is exactly one of:\n    pre (for premises)\n    conclusion (for the conclusion)\n    a comma-separated list of line numbers indicating the formula(s) used to derive the current line (e.g. '1', '3', '1,3')\n\n### BRANCHING FORMAT \nUse curly braces { and } to open and close branches. \n{ must appear immediately after the line number that opens a branch (e.g. '8.{ F A|B 3') \n} must appear at the end of the line that closes that branch (e.g. '12. @ 5,7}'). Exception: the main (initial) branch does not require a closing }, since it is not opened by {.\nBranches may be nested. But a formula may only be used at a given point if it appeared earlier in the same branch or an outer (enclosing) branch to the current branch. Formulas from closed branches or sibling branches must not be used.\n\n### SYMBOLS \nUse the following symbols for logical operations: \n & = conjunction (and), \n | = disjunction (or), \n ~ = negation (not), \n -> = implication (implies).\n\nQuantifiers symbols:  \n    Ax represents ∀x  \n    Ex represents ∃x\nSo formulas with ∀x and ∃x will be represented by Ax and Ex (A and E followed by the variable x). For example, Ax (H(x)->M(x)) represents ∀x (H(x)→M(x)).\n\n###CONVENTIONS\nAtoms: only uppercase letters not immediately followed by parentesis (e.g. P, Q, R).\nPredicates: uppercase letters immediately followed by parentesis (e.g. H(x), M(y), Q(a,b) ). All predicates must use parentheses.\nVariables: first letter in lowercase, can be followed by letters and numbers (e.g., x, x0, xP0).\n\nWrite only the final proof in <proof>...</proof> tags. Only use <proof>...</proof> tags ONCE. Omit names of the rules. Only use these symbols inside the proof '&' , '->', '~', '|', '@', '(', ')', '{', '}', 'Ax', 'Ex'.\nDo not include explanations, commentary, or extra text inside and outside the <proof>...</proof> tags.\n""}, {'role': 'user', 'content': ""Prove 'Ex P(x), Ax (P(x)->Q(x)) |- Ex Q(x)', using the analytical tableau method. Final answer using the notation described. ""}, {'role': 'assistant', 'content': ' <proof>\n                        1. T Ex P(x) pre\n                        2. T Ax (P(x)->Q(x)) pre\n                        3. F Ex Q(x) conclusion\n                        4. T P(a) 1 \n                        5. T (P(a)->Q(a)) 2 \n                        6. F Q(a) 3 \n                        7.{ F P(a) 5 \n                        8. @ 4,7}    \n                        9.{ T Q(a) 5 \n                        10. @ 6,9}   \n                    </proof>'}, {'role': 'user', 'content': ""Prove 'Ax (P(x)|P(x)) |- Ax P(x)', using the analytical tableau method. Final answer using the notation described.""}, {'role': 'assistant', 'content': ' <proof>\n                            1. T Ax (P(x)|P(x)) pre \n                            2. F Ax P(x) conclusion\n                            3. F P(a) 2          \n                            4. T (P(a)|P(a)) 1   \n                            5.{ T P(a) 4         \n                            6. @ 3,5}            \n                            7.{ T P(a) 4         \n                            8. @ 3,7}            \n                        </proof>'}, {'role': 'user', 'content': ""Prove'Ax ~(B(x)&~C(x)), Ex ~C(x) |- ~Ax B(x)' using the analytical tableau method. Only one final answer, surrounded by <proof>...</proof>, using the notation described.""}]","1. T Ax ~(B(x)&~C(x)) pre
2. T Ex ~C(x) pre
3. F ~Ax B(x) conclusion
4. T Ax B(x) 3
5. T ~C(a) 2
6. T ~(B(a)&~C(a)) 1
7. T B(a) 4
8. { F B(a)&~C(a) 6
9. { F B(a) 8
10. @ 7,9}
11. { F ~C(a) 8
12. { T C(a) 11
13. @ 5,12}
14. @ 9,11}
15. @ 10,14}","1. T Ax ~(B(x)&~C(x)) pre
2. T Ex ~C(x) pre
3. F ~Ax B(x) conclusion
4. T Ax B(x) 3
5. T ~C(a) 2
6. T ~(B(a)&~C(a)) 1
7. T B(a) 4
8. { F B(a)&~C(a) 6
9. { F B(a) 8
10. @ 7,9}
11. { F ~C(a) 8
12. { T C(a) 11
13. @ 5,12}
14. @ 9,11}
15. @ 10,14}","The following errors were found:

Error in line 8:
8. { F B(a)&~C(a) 6
                  ^, The rule must be a alpha-rule.
Error in line 12:
12. { T C(a) 11
             ^, The rule must be a alpha-rule.
Error in line 9:
9. { F B(a) 8
^, A beta rule must have exactly two branches.
Error in line 11:
11. { F ~C(a) 8
^, A beta rule must have exactly two branches.
Error in line 13:
13. @ 5,12}
      ^, None of the formulas referenced by the lines contradict the other formula.
Error in line 14:
14. @ 9,11}
      ^, The reference to the line formula 9 cannot be used, as this formula does not belong to this branch.
Error in line 15:
15. @ 10,14}
      ^, The reference to the line formula 10 cannot be used, as this formula does not belong to this branch.
Error in line 15:
15. @ 10,14}
         ^, The reference to the line formula 14 cannot be used, as this formula does not belong to this branch.",4.107631683349609,stop,1096,191
"Ax ~(B(x)&~C(x)), ~Ax C(x) |- Ex ~B(x)","[{'role': 'system', 'content': ""\nYou are an expert in logic using the semantic Tableaux method. \nYou will receive a first order logic formula and must prove its validity using the semantic tableau method, represent the proof in a Fitch-like notation, following these formatting instructions:\n\n### FORMAT OF PROOF LINES: \nExpanding proof line must be structured like: '<line_number>. <T_or_F> <formula> <origin>'\n- <line_number>: sequential integer, always ending with a dot ('1.', '2.', '3.', ...)\n- <T_or_F> → T for true formulas, F for false formulas. \n- <formula>: the formula derived on that line\n- <origin> is exactly one of:\n    pre (for premises)\n    conclusion (for the conclusion)\n    a comma-separated list of line numbers indicating the formula(s) used to derive the current line (e.g. '1', '3', '1,3')\n\n### BRANCHING FORMAT \nUse curly braces { and } to open and close branches. \n{ must appear immediately after the line number that opens a branch (e.g. '8.{ F A|B 3') \n} must appear at the end of the line that closes that branch (e.g. '12. @ 5,7}'). Exception: the main (initial) branch does not require a closing }, since it is not opened by {.\nBranches may be nested. But a formula may only be used at a given point if it appeared earlier in the same branch or an outer (enclosing) branch to the current branch. Formulas from closed branches or sibling branches must not be used.\n\n### SYMBOLS \nUse the following symbols for logical operations: \n & = conjunction (and), \n | = disjunction (or), \n ~ = negation (not), \n -> = implication (implies).\n\nQuantifiers symbols:  \n    Ax represents ∀x  \n    Ex represents ∃x\nSo formulas with ∀x and ∃x will be represented by Ax and Ex (A and E followed by the variable x). For example, Ax (H(x)->M(x)) represents ∀x (H(x)→M(x)).\n\n###CONVENTIONS\nAtoms: only uppercase letters not immediately followed by parentesis (e.g. P, Q, R).\nPredicates: uppercase letters immediately followed by parentesis (e.g. H(x), M(y), Q(a,b) ). All predicates must use parentheses.\nVariables: first letter in lowercase, can be followed by letters and numbers (e.g., x, x0, xP0).\n\nWrite only the final proof in <proof>...</proof> tags. Only use <proof>...</proof> tags ONCE. Omit names of the rules. Only use these symbols inside the proof '&' , '->', '~', '|', '@', '(', ')', '{', '}', 'Ax', 'Ex'.\nDo not include explanations, commentary, or extra text inside and outside the <proof>...</proof> tags.\n""}, {'role': 'user', 'content': ""Prove 'Ex P(x), Ax (P(x)->Q(x)) |- Ex Q(x)', using the analytical tableau method. Final answer using the notation described. ""}, {'role': 'assistant', 'content': ' <proof>\n                        1. T Ex P(x) pre\n                        2. T Ax (P(x)->Q(x)) pre\n                        3. F Ex Q(x) conclusion\n                        4. T P(a) 1 \n                        5. T (P(a)->Q(a)) 2 \n                        6. F Q(a) 3 \n                        7.{ F P(a) 5 \n                        8. @ 4,7}    \n                        9.{ T Q(a) 5 \n                        10. @ 6,9}   \n                    </proof>'}, {'role': 'user', 'content': ""Prove 'Ax (P(x)|P(x)) |- Ax P(x)', using the analytical tableau method. Final answer using the notation described.""}, {'role': 'assistant', 'content': ' <proof>\n                            1. T Ax (P(x)|P(x)) pre \n                            2. F Ax P(x) conclusion\n                            3. F P(a) 2          \n                            4. T (P(a)|P(a)) 1   \n                            5.{ T P(a) 4         \n                            6. @ 3,5}            \n                            7.{ T P(a) 4         \n                            8. @ 3,7}            \n                        </proof>'}, {'role': 'user', 'content': ""Prove'Ax ~(B(x)&~C(x)), ~Ax C(x) |- Ex ~B(x)' using the analytical tableau method. Only one final answer, surrounded by <proof>...</proof>, using the notation described.""}]","1. T Ax ~(B(x)&~C(x)) pre
2. T ~Ax C(x) pre
3. F Ex ~B(x) conclusion
4. T B(a) 3
5. T C(a) 2
6. T ~(B(a)&~C(a)) 1
7. { F B(a)&~C(a) 6
8. { F B(a) 7
9. @ 4,8}
10. { F ~C(a) 7
11. { T C(a) 10
12. @ 5,11}
13. @ 8,9}
14. @ 4,5,6}","1. T Ax ~(B(x)&~C(x)) pre
2. T ~Ax C(x) pre
3. F Ex ~B(x) conclusion
4. T B(a) 3
5. T C(a) 2
6. T ~(B(a)&~C(a)) 1
7. { F B(a)&~C(a) 6
8. { F B(a) 7
9. @ 4,8}
10. { F ~C(a) 7
11. { T C(a) 10
12. @ 5,11}
13. @ 8,9}
14. @ 4,5,6}","The following errors were found:

One of definitions are not completed. Please, check whether all rules are correctly written.
Recall that a rule of inference starts with a numeber, followed by . (reference line), the truth value of the formula (T or F), has a formula and the justification (premise, conclusion or one of the inference rules with its formula references).Sintax error:
14. @ 4,5,6}
         ^
",3.7473466396331774,stop,1096,177
"Ax ~(B(x)&~C(x)), Ex ~C(x) |- Ex ~B(x)","[{'role': 'system', 'content': ""\nYou are an expert in logic using the semantic Tableaux method. \nYou will receive a first order logic formula and must prove its validity using the semantic tableau method, represent the proof in a Fitch-like notation, following these formatting instructions:\n\n### FORMAT OF PROOF LINES: \nExpanding proof line must be structured like: '<line_number>. <T_or_F> <formula> <origin>'\n- <line_number>: sequential integer, always ending with a dot ('1.', '2.', '3.', ...)\n- <T_or_F> → T for true formulas, F for false formulas. \n- <formula>: the formula derived on that line\n- <origin> is exactly one of:\n    pre (for premises)\n    conclusion (for the conclusion)\n    a comma-separated list of line numbers indicating the formula(s) used to derive the current line (e.g. '1', '3', '1,3')\n\n### BRANCHING FORMAT \nUse curly braces { and } to open and close branches. \n{ must appear immediately after the line number that opens a branch (e.g. '8.{ F A|B 3') \n} must appear at the end of the line that closes that branch (e.g. '12. @ 5,7}'). Exception: the main (initial) branch does not require a closing }, since it is not opened by {.\nBranches may be nested. But a formula may only be used at a given point if it appeared earlier in the same branch or an outer (enclosing) branch to the current branch. Formulas from closed branches or sibling branches must not be used.\n\n### SYMBOLS \nUse the following symbols for logical operations: \n & = conjunction (and), \n | = disjunction (or), \n ~ = negation (not), \n -> = implication (implies).\n\nQuantifiers symbols:  \n    Ax represents ∀x  \n    Ex represents ∃x\nSo formulas with ∀x and ∃x will be represented by Ax and Ex (A and E followed by the variable x). For example, Ax (H(x)->M(x)) represents ∀x (H(x)→M(x)).\n\n###CONVENTIONS\nAtoms: only uppercase letters not immediately followed by parentesis (e.g. P, Q, R).\nPredicates: uppercase letters immediately followed by parentesis (e.g. H(x), M(y), Q(a,b) ). All predicates must use parentheses.\nVariables: first letter in lowercase, can be followed by letters and numbers (e.g., x, x0, xP0).\n\nWrite only the final proof in <proof>...</proof> tags. Only use <proof>...</proof> tags ONCE. Omit names of the rules. Only use these symbols inside the proof '&' , '->', '~', '|', '@', '(', ')', '{', '}', 'Ax', 'Ex'.\nDo not include explanations, commentary, or extra text inside and outside the <proof>...</proof> tags.\n""}, {'role': 'user', 'content': ""Prove 'Ex P(x), Ax (P(x)->Q(x)) |- Ex Q(x)', using the analytical tableau method. Final answer using the notation described. ""}, {'role': 'assistant', 'content': ' <proof>\n                        1. T Ex P(x) pre\n                        2. T Ax (P(x)->Q(x)) pre\n                        3. F Ex Q(x) conclusion\n                        4. T P(a) 1 \n                        5. T (P(a)->Q(a)) 2 \n                        6. F Q(a) 3 \n                        7.{ F P(a) 5 \n                        8. @ 4,7}    \n                        9.{ T Q(a) 5 \n                        10. @ 6,9}   \n                    </proof>'}, {'role': 'user', 'content': ""Prove 'Ax (P(x)|P(x)) |- Ax P(x)', using the analytical tableau method. Final answer using the notation described.""}, {'role': 'assistant', 'content': ' <proof>\n                            1. T Ax (P(x)|P(x)) pre \n                            2. F Ax P(x) conclusion\n                            3. F P(a) 2          \n                            4. T (P(a)|P(a)) 1   \n                            5.{ T P(a) 4         \n                            6. @ 3,5}            \n                            7.{ T P(a) 4         \n                            8. @ 3,7}            \n                        </proof>'}, {'role': 'user', 'content': ""Prove'Ax ~(B(x)&~C(x)), Ex ~C(x) |- Ex ~B(x)' using the analytical tableau method. Only one final answer, surrounded by <proof>...</proof>, using the notation described.""}]","1. T Ax ~(B(x)&~C(x)) pre
2. T Ex ~C(x) pre
3. F Ex ~B(x) conclusion
4. T ~(B(a)&~C(a)) 1
5. T ~C(b) 2
6. F ~B(b) 3
7. T B(b) 6
8. { F (B(b)&~C(b)) 4
9. { F B(b) 8
10. @ 7,9}
11. { T ~C(b) 8
12. @ 5,11}
13. @ 6,7}
14. @ 4,13}","1. T Ax ~(B(x)&~C(x)) pre
2. T Ex ~C(x) pre
3. F Ex ~B(x) conclusion
4. T ~(B(a)&~C(a)) 1
5. T ~C(b) 2
6. F ~B(b) 3
7. T B(b) 6
8. { F (B(b)&~C(b)) 4
9. { F B(b) 8
10. @ 7,9}
11. { T ~C(b) 8
12. @ 5,11}
13. @ 6,7}
14. @ 4,13}","The following errors were found:

Error in line 8:
8. { F (B(b)&~C(b)) 4
                    ^, The rule must be a alpha-rule.
Error in line 11:
11. { T ~C(b) 8
      ^, The truth value should be F for this rule.
Error in line 14:
14. @ 4,13}
          ^, Closing branches without an open branch.
Error in line 9:
9. { F B(b) 8
^, A beta rule must have exactly two branches.
Error in line 11:
11. { T ~C(b) 8
^, A beta rule must have exactly two branches.
Error in line 12:
12. @ 5,11}
      ^, None of the formulas referenced by the lines contradict the other formula.
Error in line 13:
13. @ 6,7}
      ^, None of the formulas referenced by the lines contradict the other formula.
Error in line 14:
14. @ 4,13}
        ^, The reference to the line formula 13 cannot be used, as this formula does not belong to this branch.",3.2511661052703857,stop,1096,177
"Ax (~B(x)|C(x)), Ex B(x) |- Ex C(x)","[{'role': 'system', 'content': ""\nYou are an expert in logic using the semantic Tableaux method. \nYou will receive a first order logic formula and must prove its validity using the semantic tableau method, represent the proof in a Fitch-like notation, following these formatting instructions:\n\n### FORMAT OF PROOF LINES: \nExpanding proof line must be structured like: '<line_number>. <T_or_F> <formula> <origin>'\n- <line_number>: sequential integer, always ending with a dot ('1.', '2.', '3.', ...)\n- <T_or_F> → T for true formulas, F for false formulas. \n- <formula>: the formula derived on that line\n- <origin> is exactly one of:\n    pre (for premises)\n    conclusion (for the conclusion)\n    a comma-separated list of line numbers indicating the formula(s) used to derive the current line (e.g. '1', '3', '1,3')\n\n### BRANCHING FORMAT \nUse curly braces { and } to open and close branches. \n{ must appear immediately after the line number that opens a branch (e.g. '8.{ F A|B 3') \n} must appear at the end of the line that closes that branch (e.g. '12. @ 5,7}'). Exception: the main (initial) branch does not require a closing }, since it is not opened by {.\nBranches may be nested. But a formula may only be used at a given point if it appeared earlier in the same branch or an outer (enclosing) branch to the current branch. Formulas from closed branches or sibling branches must not be used.\n\n### SYMBOLS \nUse the following symbols for logical operations: \n & = conjunction (and), \n | = disjunction (or), \n ~ = negation (not), \n -> = implication (implies).\n\nQuantifiers symbols:  \n    Ax represents ∀x  \n    Ex represents ∃x\nSo formulas with ∀x and ∃x will be represented by Ax and Ex (A and E followed by the variable x). For example, Ax (H(x)->M(x)) represents ∀x (H(x)→M(x)).\n\n###CONVENTIONS\nAtoms: only uppercase letters not immediately followed by parentesis (e.g. P, Q, R).\nPredicates: uppercase letters immediately followed by parentesis (e.g. H(x), M(y), Q(a,b) ). All predicates must use parentheses.\nVariables: first letter in lowercase, can be followed by letters and numbers (e.g., x, x0, xP0).\n\nWrite only the final proof in <proof>...</proof> tags. Only use <proof>...</proof> tags ONCE. Omit names of the rules. Only use these symbols inside the proof '&' , '->', '~', '|', '@', '(', ')', '{', '}', 'Ax', 'Ex'.\nDo not include explanations, commentary, or extra text inside and outside the <proof>...</proof> tags.\n""}, {'role': 'user', 'content': ""Prove 'Ex P(x), Ax (P(x)->Q(x)) |- Ex Q(x)', using the analytical tableau method. Final answer using the notation described. ""}, {'role': 'assistant', 'content': ' <proof>\n                        1. T Ex P(x) pre\n                        2. T Ax (P(x)->Q(x)) pre\n                        3. F Ex Q(x) conclusion\n                        4. T P(a) 1 \n                        5. T (P(a)->Q(a)) 2 \n                        6. F Q(a) 3 \n                        7.{ F P(a) 5 \n                        8. @ 4,7}    \n                        9.{ T Q(a) 5 \n                        10. @ 6,9}   \n                    </proof>'}, {'role': 'user', 'content': ""Prove 'Ax (P(x)|P(x)) |- Ax P(x)', using the analytical tableau method. Final answer using the notation described.""}, {'role': 'assistant', 'content': ' <proof>\n                            1. T Ax (P(x)|P(x)) pre \n                            2. F Ax P(x) conclusion\n                            3. F P(a) 2          \n                            4. T (P(a)|P(a)) 1   \n                            5.{ T P(a) 4         \n                            6. @ 3,5}            \n                            7.{ T P(a) 4         \n                            8. @ 3,7}            \n                        </proof>'}, {'role': 'user', 'content': ""Prove'Ax (~B(x)|C(x)), Ex B(x) |- Ex C(x)' using the analytical tableau method. Only one final answer, surrounded by <proof>...</proof>, using the notation described.""}]","1. T Ax (~B(x)|C(x)) pre
2. T Ex B(x) pre
3. F Ex C(x) conclusion
4. T (~B(a)|C(a)) 1
5. T B(b) 2
6. F C(b) 3
7. { F ~B(b) 4
8. T C(b) 4
9. @ 5,8}
10. { F C(b) 4
11. T ~B(b) 4
12. @ 5,11}
13. @ 6,7,10","1. T Ax (~B(x)|C(x)) pre
2. T Ex B(x) pre
3. F Ex C(x) conclusion
4. T (~B(a)|C(a)) 1
5. T B(b) 2
6. F C(b) 3
7. { F ~B(b) 4
8. T C(b) 4
9. @ 5,8}
10. { F C(b) 4
11. T ~B(b) 4
12. @ 5,11}
13. @ 6,7,10","The following errors were found:

One of definitions are not completed. Please, check whether all rules are correctly written.
Recall that a rule of inference starts with a numeber, followed by . (reference line), the truth value of the formula (T or F), has a formula and the justification (premise, conclusion or one of the inference rules with its formula references).Sintax error:
13. @ 6,7,10
         ^
",3.7538208961486816,stop,1093,156
"Ax (B(x)|C(x)), Ex ~B(x) |- Ex C(x)","[{'role': 'system', 'content': ""\nYou are an expert in logic using the semantic Tableaux method. \nYou will receive a first order logic formula and must prove its validity using the semantic tableau method, represent the proof in a Fitch-like notation, following these formatting instructions:\n\n### FORMAT OF PROOF LINES: \nExpanding proof line must be structured like: '<line_number>. <T_or_F> <formula> <origin>'\n- <line_number>: sequential integer, always ending with a dot ('1.', '2.', '3.', ...)\n- <T_or_F> → T for true formulas, F for false formulas. \n- <formula>: the formula derived on that line\n- <origin> is exactly one of:\n    pre (for premises)\n    conclusion (for the conclusion)\n    a comma-separated list of line numbers indicating the formula(s) used to derive the current line (e.g. '1', '3', '1,3')\n\n### BRANCHING FORMAT \nUse curly braces { and } to open and close branches. \n{ must appear immediately after the line number that opens a branch (e.g. '8.{ F A|B 3') \n} must appear at the end of the line that closes that branch (e.g. '12. @ 5,7}'). Exception: the main (initial) branch does not require a closing }, since it is not opened by {.\nBranches may be nested. But a formula may only be used at a given point if it appeared earlier in the same branch or an outer (enclosing) branch to the current branch. Formulas from closed branches or sibling branches must not be used.\n\n### SYMBOLS \nUse the following symbols for logical operations: \n & = conjunction (and), \n | = disjunction (or), \n ~ = negation (not), \n -> = implication (implies).\n\nQuantifiers symbols:  \n    Ax represents ∀x  \n    Ex represents ∃x\nSo formulas with ∀x and ∃x will be represented by Ax and Ex (A and E followed by the variable x). For example, Ax (H(x)->M(x)) represents ∀x (H(x)→M(x)).\n\n###CONVENTIONS\nAtoms: only uppercase letters not immediately followed by parentesis (e.g. P, Q, R).\nPredicates: uppercase letters immediately followed by parentesis (e.g. H(x), M(y), Q(a,b) ). All predicates must use parentheses.\nVariables: first letter in lowercase, can be followed by letters and numbers (e.g., x, x0, xP0).\n\nWrite only the final proof in <proof>...</proof> tags. Only use <proof>...</proof> tags ONCE. Omit names of the rules. Only use these symbols inside the proof '&' , '->', '~', '|', '@', '(', ')', '{', '}', 'Ax', 'Ex'.\nDo not include explanations, commentary, or extra text inside and outside the <proof>...</proof> tags.\n""}, {'role': 'user', 'content': ""Prove 'Ex P(x), Ax (P(x)->Q(x)) |- Ex Q(x)', using the analytical tableau method. Final answer using the notation described. ""}, {'role': 'assistant', 'content': ' <proof>\n                        1. T Ex P(x) pre\n                        2. T Ax (P(x)->Q(x)) pre\n                        3. F Ex Q(x) conclusion\n                        4. T P(a) 1 \n                        5. T (P(a)->Q(a)) 2 \n                        6. F Q(a) 3 \n                        7.{ F P(a) 5 \n                        8. @ 4,7}    \n                        9.{ T Q(a) 5 \n                        10. @ 6,9}   \n                    </proof>'}, {'role': 'user', 'content': ""Prove 'Ax (P(x)|P(x)) |- Ax P(x)', using the analytical tableau method. Final answer using the notation described.""}, {'role': 'assistant', 'content': ' <proof>\n                            1. T Ax (P(x)|P(x)) pre \n                            2. F Ax P(x) conclusion\n                            3. F P(a) 2          \n                            4. T (P(a)|P(a)) 1   \n                            5.{ T P(a) 4         \n                            6. @ 3,5}            \n                            7.{ T P(a) 4         \n                            8. @ 3,7}            \n                        </proof>'}, {'role': 'user', 'content': ""Prove'Ax (B(x)|C(x)), Ex ~B(x) |- Ex C(x)' using the analytical tableau method. Only one final answer, surrounded by <proof>...</proof>, using the notation described.""}]","1. T Ax (B(x)|C(x)) pre
2. T Ex ~B(x) pre
3. F Ex C(x) conclusion
4. T (B(a)|C(a)) 1
5. T ~B(b) 2
6. F C(c) 3
7.{ F B(a) 4
8. T C(a) 4
9. @ 5,8}
10.{ F C(a) 4
11. T B(a) 4
12. @ 5,11}
13.{ F B(b) 5
14. T C(b) 5
15. @ 6,14}
16.{ T B(b) 5
17. @ 6,16}
18. @ 4,5,6}","1. T Ax (B(x)|C(x)) pre
2. T Ex ~B(x) pre
3. F Ex C(x) conclusion
4. T (B(a)|C(a)) 1
5. T ~B(b) 2
6. F C(c) 3
7.{ F B(a) 4
8. T C(a) 4
9. @ 5,8}
10.{ F C(a) 4
11. T B(a) 4
12. @ 5,11}
13.{ F B(b) 5
14. T C(b) 5
15. @ 6,14}
16.{ T B(b) 5
17. @ 6,16}
18. @ 4,5,6}","The following errors were found:

One of definitions are not completed. Please, check whether all rules are correctly written.
Recall that a rule of inference starts with a numeber, followed by . (reference line), the truth value of the formula (T or F), has a formula and the justification (premise, conclusion or one of the inference rules with its formula references).Sintax error:
18. @ 4,5,6}
         ^
",4.114160060882568,stop,1094,209
"Ax (B(x)->C(x)), Ax (C(x)->D(x)) |- Ax (B(x)->D(x))","[{'role': 'system', 'content': ""\nYou are an expert in logic using the semantic Tableaux method. \nYou will receive a first order logic formula and must prove its validity using the semantic tableau method, represent the proof in a Fitch-like notation, following these formatting instructions:\n\n### FORMAT OF PROOF LINES: \nExpanding proof line must be structured like: '<line_number>. <T_or_F> <formula> <origin>'\n- <line_number>: sequential integer, always ending with a dot ('1.', '2.', '3.', ...)\n- <T_or_F> → T for true formulas, F for false formulas. \n- <formula>: the formula derived on that line\n- <origin> is exactly one of:\n    pre (for premises)\n    conclusion (for the conclusion)\n    a comma-separated list of line numbers indicating the formula(s) used to derive the current line (e.g. '1', '3', '1,3')\n\n### BRANCHING FORMAT \nUse curly braces { and } to open and close branches. \n{ must appear immediately after the line number that opens a branch (e.g. '8.{ F A|B 3') \n} must appear at the end of the line that closes that branch (e.g. '12. @ 5,7}'). Exception: the main (initial) branch does not require a closing }, since it is not opened by {.\nBranches may be nested. But a formula may only be used at a given point if it appeared earlier in the same branch or an outer (enclosing) branch to the current branch. Formulas from closed branches or sibling branches must not be used.\n\n### SYMBOLS \nUse the following symbols for logical operations: \n & = conjunction (and), \n | = disjunction (or), \n ~ = negation (not), \n -> = implication (implies).\n\nQuantifiers symbols:  \n    Ax represents ∀x  \n    Ex represents ∃x\nSo formulas with ∀x and ∃x will be represented by Ax and Ex (A and E followed by the variable x). For example, Ax (H(x)->M(x)) represents ∀x (H(x)→M(x)).\n\n###CONVENTIONS\nAtoms: only uppercase letters not immediately followed by parentesis (e.g. P, Q, R).\nPredicates: uppercase letters immediately followed by parentesis (e.g. H(x), M(y), Q(a,b) ). All predicates must use parentheses.\nVariables: first letter in lowercase, can be followed by letters and numbers (e.g., x, x0, xP0).\n\nWrite only the final proof in <proof>...</proof> tags. Only use <proof>...</proof> tags ONCE. Omit names of the rules. Only use these symbols inside the proof '&' , '->', '~', '|', '@', '(', ')', '{', '}', 'Ax', 'Ex'.\nDo not include explanations, commentary, or extra text inside and outside the <proof>...</proof> tags.\n""}, {'role': 'user', 'content': ""Prove 'Ex P(x), Ax (P(x)->Q(x)) |- Ex Q(x)', using the analytical tableau method. Final answer using the notation described. ""}, {'role': 'assistant', 'content': ' <proof>\n                        1. T Ex P(x) pre\n                        2. T Ax (P(x)->Q(x)) pre\n                        3. F Ex Q(x) conclusion\n                        4. T P(a) 1 \n                        5. T (P(a)->Q(a)) 2 \n                        6. F Q(a) 3 \n                        7.{ F P(a) 5 \n                        8. @ 4,7}    \n                        9.{ T Q(a) 5 \n                        10. @ 6,9}   \n                    </proof>'}, {'role': 'user', 'content': ""Prove 'Ax (P(x)|P(x)) |- Ax P(x)', using the analytical tableau method. Final answer using the notation described.""}, {'role': 'assistant', 'content': ' <proof>\n                            1. T Ax (P(x)|P(x)) pre \n                            2. F Ax P(x) conclusion\n                            3. F P(a) 2          \n                            4. T (P(a)|P(a)) 1   \n                            5.{ T P(a) 4         \n                            6. @ 3,5}            \n                            7.{ T P(a) 4         \n                            8. @ 3,7}            \n                        </proof>'}, {'role': 'user', 'content': ""Prove'Ax (B(x)->C(x)), Ax (C(x)->D(x)) |- Ax (B(x)->D(x))' using the analytical tableau method. Only one final answer, surrounded by <proof>...</proof>, using the notation described.""}]","1. T Ax (B(x)->C(x)) pre
2. T Ax (C(x)->D(x)) pre
3. F Ax (B(x)->D(x)) conclusion
4. T (B(a)->C(a)) 1
5. T (C(a)->D(a)) 2
6. F (B(a)->D(a)) 3
7. { F B(a) 6
8. @ 7 }
9. { T B(a) 6
10. { F C(a) 4
11. @ 9,10 }
12. { T C(a) 4
13. { F D(a) 5
14. @ 12,13 }
15. { T D(a) 5
16. @ 9,15 }
17. @ 6,8,11,14,16 }","1. T Ax (B(x)->C(x)) pre
2. T Ax (C(x)->D(x)) pre
3. F Ax (B(x)->D(x)) conclusion
4. T (B(a)->C(a)) 1
5. T (C(a)->D(a)) 2
6. F (B(a)->D(a)) 3
7. { F B(a) 6
8. @ 7 }
9. { T B(a) 6
10. { F C(a) 4
11. @ 9,10 }
12. { T C(a) 4
13. { F D(a) 5
14. @ 12,13 }
15. { T D(a) 5
16. @ 9,15 }
17. @ 6,8,11,14,16 }","The following errors were found:

One of definitions are not completed. Please, check whether all rules are correctly written.
Recall that a rule of inference starts with a numeber, followed by . (reference line), the truth value of the formula (T or F), has a formula and the justification (premise, conclusion or one of the inference rules with its formula references).Sintax error:
8. @ 7 }
       ^
",4.920848846435547,stop,1104,228
"Ax (B(x)|C(x)), Ax (B(x)->D(x)), Ax (C(x)->D(x)) |- Ax D(x)","[{'role': 'system', 'content': ""\nYou are an expert in logic using the semantic Tableaux method. \nYou will receive a first order logic formula and must prove its validity using the semantic tableau method, represent the proof in a Fitch-like notation, following these formatting instructions:\n\n### FORMAT OF PROOF LINES: \nExpanding proof line must be structured like: '<line_number>. <T_or_F> <formula> <origin>'\n- <line_number>: sequential integer, always ending with a dot ('1.', '2.', '3.', ...)\n- <T_or_F> → T for true formulas, F for false formulas. \n- <formula>: the formula derived on that line\n- <origin> is exactly one of:\n    pre (for premises)\n    conclusion (for the conclusion)\n    a comma-separated list of line numbers indicating the formula(s) used to derive the current line (e.g. '1', '3', '1,3')\n\n### BRANCHING FORMAT \nUse curly braces { and } to open and close branches. \n{ must appear immediately after the line number that opens a branch (e.g. '8.{ F A|B 3') \n} must appear at the end of the line that closes that branch (e.g. '12. @ 5,7}'). Exception: the main (initial) branch does not require a closing }, since it is not opened by {.\nBranches may be nested. But a formula may only be used at a given point if it appeared earlier in the same branch or an outer (enclosing) branch to the current branch. Formulas from closed branches or sibling branches must not be used.\n\n### SYMBOLS \nUse the following symbols for logical operations: \n & = conjunction (and), \n | = disjunction (or), \n ~ = negation (not), \n -> = implication (implies).\n\nQuantifiers symbols:  \n    Ax represents ∀x  \n    Ex represents ∃x\nSo formulas with ∀x and ∃x will be represented by Ax and Ex (A and E followed by the variable x). For example, Ax (H(x)->M(x)) represents ∀x (H(x)→M(x)).\n\n###CONVENTIONS\nAtoms: only uppercase letters not immediately followed by parentesis (e.g. P, Q, R).\nPredicates: uppercase letters immediately followed by parentesis (e.g. H(x), M(y), Q(a,b) ). All predicates must use parentheses.\nVariables: first letter in lowercase, can be followed by letters and numbers (e.g., x, x0, xP0).\n\nWrite only the final proof in <proof>...</proof> tags. Only use <proof>...</proof> tags ONCE. Omit names of the rules. Only use these symbols inside the proof '&' , '->', '~', '|', '@', '(', ')', '{', '}', 'Ax', 'Ex'.\nDo not include explanations, commentary, or extra text inside and outside the <proof>...</proof> tags.\n""}, {'role': 'user', 'content': ""Prove 'Ex P(x), Ax (P(x)->Q(x)) |- Ex Q(x)', using the analytical tableau method. Final answer using the notation described. ""}, {'role': 'assistant', 'content': ' <proof>\n                        1. T Ex P(x) pre\n                        2. T Ax (P(x)->Q(x)) pre\n                        3. F Ex Q(x) conclusion\n                        4. T P(a) 1 \n                        5. T (P(a)->Q(a)) 2 \n                        6. F Q(a) 3 \n                        7.{ F P(a) 5 \n                        8. @ 4,7}    \n                        9.{ T Q(a) 5 \n                        10. @ 6,9}   \n                    </proof>'}, {'role': 'user', 'content': ""Prove 'Ax (P(x)|P(x)) |- Ax P(x)', using the analytical tableau method. Final answer using the notation described.""}, {'role': 'assistant', 'content': ' <proof>\n                            1. T Ax (P(x)|P(x)) pre \n                            2. F Ax P(x) conclusion\n                            3. F P(a) 2          \n                            4. T (P(a)|P(a)) 1   \n                            5.{ T P(a) 4         \n                            6. @ 3,5}            \n                            7.{ T P(a) 4         \n                            8. @ 3,7}            \n                        </proof>'}, {'role': 'user', 'content': ""Prove'Ax (B(x)|C(x)), Ax (B(x)->D(x)), Ax (C(x)->D(x)) |- Ax D(x)' using the analytical tableau method. Only one final answer, surrounded by <proof>...</proof>, using the notation described.""}]","1. T Ax (B(x)|C(x)) pre
2. T Ax (B(x)->D(x)) pre
3. T Ax (C(x)->D(x)) pre
4. F Ax D(x) conclusion
5. F D(a) 4
6. T (B(a)|C(a)) 1
7. T (B(a)->D(a)) 2
8. T (C(a)->D(a)) 3
9. { T B(a) 6
10. { T D(a) 7
11. @ 5,10}
12. { T C(a) 6
13. { T D(a) 8
14. @ 5,13}
15. { T D(a) 7,8
16. @ 5,15}
17. @ 9,12}","1. T Ax (B(x)|C(x)) pre
2. T Ax (B(x)->D(x)) pre
3. T Ax (C(x)->D(x)) pre
4. F Ax D(x) conclusion
5. F D(a) 4
6. T (B(a)|C(a)) 1
7. T (B(a)->D(a)) 2
8. T (C(a)->D(a)) 3
9. { T B(a) 6
10. { T D(a) 7
11. @ 5,10}
12. { T C(a) 6
13. { T D(a) 8
14. @ 5,13}
15. { T D(a) 7,8
16. @ 5,15}
17. @ 9,12}","The following errors were found:

One of definitions are not completed. Please, check whether all rules are correctly written.
Recall that a rule of inference starts with a numeber, followed by . (reference line), the truth value of the formula (T or F), has a formula and the justification (premise, conclusion or one of the inference rules with its formula references).Sintax error:
15. { T D(a) 7,8
              ^
",3.986305952072144,stop,1108,223
Ax (B(x)->C(x)) |- Ax (~C(x)->~B(x)),"[{'role': 'system', 'content': ""\nYou are an expert in logic using the semantic Tableaux method. \nYou will receive a first order logic formula and must prove its validity using the semantic tableau method, represent the proof in a Fitch-like notation, following these formatting instructions:\n\n### FORMAT OF PROOF LINES: \nExpanding proof line must be structured like: '<line_number>. <T_or_F> <formula> <origin>'\n- <line_number>: sequential integer, always ending with a dot ('1.', '2.', '3.', ...)\n- <T_or_F> → T for true formulas, F for false formulas. \n- <formula>: the formula derived on that line\n- <origin> is exactly one of:\n    pre (for premises)\n    conclusion (for the conclusion)\n    a comma-separated list of line numbers indicating the formula(s) used to derive the current line (e.g. '1', '3', '1,3')\n\n### BRANCHING FORMAT \nUse curly braces { and } to open and close branches. \n{ must appear immediately after the line number that opens a branch (e.g. '8.{ F A|B 3') \n} must appear at the end of the line that closes that branch (e.g. '12. @ 5,7}'). Exception: the main (initial) branch does not require a closing }, since it is not opened by {.\nBranches may be nested. But a formula may only be used at a given point if it appeared earlier in the same branch or an outer (enclosing) branch to the current branch. Formulas from closed branches or sibling branches must not be used.\n\n### SYMBOLS \nUse the following symbols for logical operations: \n & = conjunction (and), \n | = disjunction (or), \n ~ = negation (not), \n -> = implication (implies).\n\nQuantifiers symbols:  \n    Ax represents ∀x  \n    Ex represents ∃x\nSo formulas with ∀x and ∃x will be represented by Ax and Ex (A and E followed by the variable x). For example, Ax (H(x)->M(x)) represents ∀x (H(x)→M(x)).\n\n###CONVENTIONS\nAtoms: only uppercase letters not immediately followed by parentesis (e.g. P, Q, R).\nPredicates: uppercase letters immediately followed by parentesis (e.g. H(x), M(y), Q(a,b) ). All predicates must use parentheses.\nVariables: first letter in lowercase, can be followed by letters and numbers (e.g., x, x0, xP0).\n\nWrite only the final proof in <proof>...</proof> tags. Only use <proof>...</proof> tags ONCE. Omit names of the rules. Only use these symbols inside the proof '&' , '->', '~', '|', '@', '(', ')', '{', '}', 'Ax', 'Ex'.\nDo not include explanations, commentary, or extra text inside and outside the <proof>...</proof> tags.\n""}, {'role': 'user', 'content': ""Prove 'Ex P(x), Ax (P(x)->Q(x)) |- Ex Q(x)', using the analytical tableau method. Final answer using the notation described. ""}, {'role': 'assistant', 'content': ' <proof>\n                        1. T Ex P(x) pre\n                        2. T Ax (P(x)->Q(x)) pre\n                        3. F Ex Q(x) conclusion\n                        4. T P(a) 1 \n                        5. T (P(a)->Q(a)) 2 \n                        6. F Q(a) 3 \n                        7.{ F P(a) 5 \n                        8. @ 4,7}    \n                        9.{ T Q(a) 5 \n                        10. @ 6,9}   \n                    </proof>'}, {'role': 'user', 'content': ""Prove 'Ax (P(x)|P(x)) |- Ax P(x)', using the analytical tableau method. Final answer using the notation described.""}, {'role': 'assistant', 'content': ' <proof>\n                            1. T Ax (P(x)|P(x)) pre \n                            2. F Ax P(x) conclusion\n                            3. F P(a) 2          \n                            4. T (P(a)|P(a)) 1   \n                            5.{ T P(a) 4         \n                            6. @ 3,5}            \n                            7.{ T P(a) 4         \n                            8. @ 3,7}            \n                        </proof>'}, {'role': 'user', 'content': ""Prove'Ax (B(x)->C(x)) |- Ax (~C(x)->~B(x))' using the analytical tableau method. Only one final answer, surrounded by <proof>...</proof>, using the notation described.""}]","1. T Ax (B(x)->C(x)) pre
2. F Ax (~C(x)->~B(x)) conclusion
3. T (B(a)->C(a)) 1
4. F (~C(a)->~B(a)) 2
5. { T ~C(a) 4
6. T ~B(a) 4
7. { T B(a) 3
8. T C(a) 3
9. @ 5,8}
10. { T ~B(a) 4
11. @ 6,10}
12. { T C(a) 4
13. @ 5,12}
14. @ 4,13}","1. T Ax (B(x)->C(x)) pre
2. F Ax (~C(x)->~B(x)) conclusion
3. T (B(a)->C(a)) 1
4. F (~C(a)->~B(a)) 2
5. { T ~C(a) 4
6. T ~B(a) 4
7. { T B(a) 3
8. T C(a) 3
9. @ 5,8}
10. { T ~B(a) 4
11. @ 6,10}
12. { T C(a) 4
13. @ 5,12}
14. @ 4,13}","The following errors were found:

Error in line 5:
5. { T ~C(a) 4
             ^, The rule must be a alpha-rule.
Error in line 8:
8. T C(a) 3
          ^, The rule must be a beta-rule.
Error in line 10:
10. { T ~B(a) 4
              ^, The rule must be a alpha-rule.
Error in line 12:
12. { T C(a) 4
             ^, The rule must be a alpha-rule.
Error in line 4:
4. F (~C(a)->~B(a)) 2
     ^, The variable used in this formula ~C(a)->~B(a) is not a new variable and therefore cannot be used in this rule.
Error in line 6:
6. T ~B(a) 4
^, Formula ~B(a) (conclusion of the rule) must be the antecedent of the implication of the referenced formula with truth-value F.
Error in line 7:
7. { T B(a) 3
^, Formula B(a) (conclusion of the rule) must be the antecedent of the implication of the referenced formula with truth-value F.
Error in line 7:
7. { T B(a) 3
^, A beta rule must have exactly two branches.
Error in line 9:
9. @ 5,8}
     ^, None of the formulas referenced by the lines contradict the other formula.
Error in line 11:
11. @ 6,10}
      ^, None of the formulas referenced by the lines contradict the other formula.
Error in line 13:
13. @ 5,12}
      ^, None of the formulas referenced by the lines contradict the other formula.
Error in line 14:
14. @ 4,13}
        ^, The reference to the line formula 13 cannot be used, as this formula does not belong to this branch.",4.945022821426392,stop,1095,181
Ax (~B(x)->~C(x)) |- Ax (C(x)->B(x)),"[{'role': 'system', 'content': ""\nYou are an expert in logic using the semantic Tableaux method. \nYou will receive a first order logic formula and must prove its validity using the semantic tableau method, represent the proof in a Fitch-like notation, following these formatting instructions:\n\n### FORMAT OF PROOF LINES: \nExpanding proof line must be structured like: '<line_number>. <T_or_F> <formula> <origin>'\n- <line_number>: sequential integer, always ending with a dot ('1.', '2.', '3.', ...)\n- <T_or_F> → T for true formulas, F for false formulas. \n- <formula>: the formula derived on that line\n- <origin> is exactly one of:\n    pre (for premises)\n    conclusion (for the conclusion)\n    a comma-separated list of line numbers indicating the formula(s) used to derive the current line (e.g. '1', '3', '1,3')\n\n### BRANCHING FORMAT \nUse curly braces { and } to open and close branches. \n{ must appear immediately after the line number that opens a branch (e.g. '8.{ F A|B 3') \n} must appear at the end of the line that closes that branch (e.g. '12. @ 5,7}'). Exception: the main (initial) branch does not require a closing }, since it is not opened by {.\nBranches may be nested. But a formula may only be used at a given point if it appeared earlier in the same branch or an outer (enclosing) branch to the current branch. Formulas from closed branches or sibling branches must not be used.\n\n### SYMBOLS \nUse the following symbols for logical operations: \n & = conjunction (and), \n | = disjunction (or), \n ~ = negation (not), \n -> = implication (implies).\n\nQuantifiers symbols:  \n    Ax represents ∀x  \n    Ex represents ∃x\nSo formulas with ∀x and ∃x will be represented by Ax and Ex (A and E followed by the variable x). For example, Ax (H(x)->M(x)) represents ∀x (H(x)→M(x)).\n\n###CONVENTIONS\nAtoms: only uppercase letters not immediately followed by parentesis (e.g. P, Q, R).\nPredicates: uppercase letters immediately followed by parentesis (e.g. H(x), M(y), Q(a,b) ). All predicates must use parentheses.\nVariables: first letter in lowercase, can be followed by letters and numbers (e.g., x, x0, xP0).\n\nWrite only the final proof in <proof>...</proof> tags. Only use <proof>...</proof> tags ONCE. Omit names of the rules. Only use these symbols inside the proof '&' , '->', '~', '|', '@', '(', ')', '{', '}', 'Ax', 'Ex'.\nDo not include explanations, commentary, or extra text inside and outside the <proof>...</proof> tags.\n""}, {'role': 'user', 'content': ""Prove 'Ex P(x), Ax (P(x)->Q(x)) |- Ex Q(x)', using the analytical tableau method. Final answer using the notation described. ""}, {'role': 'assistant', 'content': ' <proof>\n                        1. T Ex P(x) pre\n                        2. T Ax (P(x)->Q(x)) pre\n                        3. F Ex Q(x) conclusion\n                        4. T P(a) 1 \n                        5. T (P(a)->Q(a)) 2 \n                        6. F Q(a) 3 \n                        7.{ F P(a) 5 \n                        8. @ 4,7}    \n                        9.{ T Q(a) 5 \n                        10. @ 6,9}   \n                    </proof>'}, {'role': 'user', 'content': ""Prove 'Ax (P(x)|P(x)) |- Ax P(x)', using the analytical tableau method. Final answer using the notation described.""}, {'role': 'assistant', 'content': ' <proof>\n                            1. T Ax (P(x)|P(x)) pre \n                            2. F Ax P(x) conclusion\n                            3. F P(a) 2          \n                            4. T (P(a)|P(a)) 1   \n                            5.{ T P(a) 4         \n                            6. @ 3,5}            \n                            7.{ T P(a) 4         \n                            8. @ 3,7}            \n                        </proof>'}, {'role': 'user', 'content': ""Prove'Ax (~B(x)->~C(x)) |- Ax (C(x)->B(x))' using the analytical tableau method. Only one final answer, surrounded by <proof>...</proof>, using the notation described.""}]","1. T Ax (~B(x)->~C(x)) pre
2. F Ax (C(x)->B(x)) conclusion
3. T (~B(a)->~C(a)) 1
4. F (C(a)->B(a)) 2
5. { T C(a) 4
6. { T ~B(a) 4
7. { T ~C(a) 3
8. { T B(a) 3
9. @ 5,6,7,8}","1. T Ax (~B(x)->~C(x)) pre
2. F Ax (C(x)->B(x)) conclusion
3. T (~B(a)->~C(a)) 1
4. F (C(a)->B(a)) 2
5. { T C(a) 4
6. { T ~B(a) 4
7. { T ~C(a) 3
8. { T B(a) 3
9. @ 5,6,7,8}","The following errors were found:

One of definitions are not completed. Please, check whether all rules are correctly written.
Recall that a rule of inference starts with a numeber, followed by . (reference line), the truth value of the formula (T or F), has a formula and the justification (premise, conclusion or one of the inference rules with its formula references).Sintax error:
9. @ 5,6,7,8}
        ^
",3.728310823440552,stop,1095,129
Ax (B(x)->C(x)) |- Ax (~B(x)|C(x)),"[{'role': 'system', 'content': ""\nYou are an expert in logic using the semantic Tableaux method. \nYou will receive a first order logic formula and must prove its validity using the semantic tableau method, represent the proof in a Fitch-like notation, following these formatting instructions:\n\n### FORMAT OF PROOF LINES: \nExpanding proof line must be structured like: '<line_number>. <T_or_F> <formula> <origin>'\n- <line_number>: sequential integer, always ending with a dot ('1.', '2.', '3.', ...)\n- <T_or_F> → T for true formulas, F for false formulas. \n- <formula>: the formula derived on that line\n- <origin> is exactly one of:\n    pre (for premises)\n    conclusion (for the conclusion)\n    a comma-separated list of line numbers indicating the formula(s) used to derive the current line (e.g. '1', '3', '1,3')\n\n### BRANCHING FORMAT \nUse curly braces { and } to open and close branches. \n{ must appear immediately after the line number that opens a branch (e.g. '8.{ F A|B 3') \n} must appear at the end of the line that closes that branch (e.g. '12. @ 5,7}'). Exception: the main (initial) branch does not require a closing }, since it is not opened by {.\nBranches may be nested. But a formula may only be used at a given point if it appeared earlier in the same branch or an outer (enclosing) branch to the current branch. Formulas from closed branches or sibling branches must not be used.\n\n### SYMBOLS \nUse the following symbols for logical operations: \n & = conjunction (and), \n | = disjunction (or), \n ~ = negation (not), \n -> = implication (implies).\n\nQuantifiers symbols:  \n    Ax represents ∀x  \n    Ex represents ∃x\nSo formulas with ∀x and ∃x will be represented by Ax and Ex (A and E followed by the variable x). For example, Ax (H(x)->M(x)) represents ∀x (H(x)→M(x)).\n\n###CONVENTIONS\nAtoms: only uppercase letters not immediately followed by parentesis (e.g. P, Q, R).\nPredicates: uppercase letters immediately followed by parentesis (e.g. H(x), M(y), Q(a,b) ). All predicates must use parentheses.\nVariables: first letter in lowercase, can be followed by letters and numbers (e.g., x, x0, xP0).\n\nWrite only the final proof in <proof>...</proof> tags. Only use <proof>...</proof> tags ONCE. Omit names of the rules. Only use these symbols inside the proof '&' , '->', '~', '|', '@', '(', ')', '{', '}', 'Ax', 'Ex'.\nDo not include explanations, commentary, or extra text inside and outside the <proof>...</proof> tags.\n""}, {'role': 'user', 'content': ""Prove 'Ex P(x), Ax (P(x)->Q(x)) |- Ex Q(x)', using the analytical tableau method. Final answer using the notation described. ""}, {'role': 'assistant', 'content': ' <proof>\n                        1. T Ex P(x) pre\n                        2. T Ax (P(x)->Q(x)) pre\n                        3. F Ex Q(x) conclusion\n                        4. T P(a) 1 \n                        5. T (P(a)->Q(a)) 2 \n                        6. F Q(a) 3 \n                        7.{ F P(a) 5 \n                        8. @ 4,7}    \n                        9.{ T Q(a) 5 \n                        10. @ 6,9}   \n                    </proof>'}, {'role': 'user', 'content': ""Prove 'Ax (P(x)|P(x)) |- Ax P(x)', using the analytical tableau method. Final answer using the notation described.""}, {'role': 'assistant', 'content': ' <proof>\n                            1. T Ax (P(x)|P(x)) pre \n                            2. F Ax P(x) conclusion\n                            3. F P(a) 2          \n                            4. T (P(a)|P(a)) 1   \n                            5.{ T P(a) 4         \n                            6. @ 3,5}            \n                            7.{ T P(a) 4         \n                            8. @ 3,7}            \n                        </proof>'}, {'role': 'user', 'content': ""Prove'Ax (B(x)->C(x)) |- Ax (~B(x)|C(x))' using the analytical tableau method. Only one final answer, surrounded by <proof>...</proof>, using the notation described.""}]","1. T Ax (B(x)->C(x)) pre
2. F Ax (~B(x)|C(x)) conclusion
3. T (B(a)->C(a)) 1
4. T ~ (~B(a)|C(a)) 2
5. { F ~B(a) 4
6. T C(a) 4
7. @ 3,5,6}
8. { F ~B(a) 4
9. T C(a) 4
10. @ 3,8,9}
11. { T ~B(a) 4
12. T C(a) 4
13. @ 3,11,12}
14. @ 2,3,4}","1. T Ax (B(x)->C(x)) pre
2. F Ax (~B(x)|C(x)) conclusion
3. T (B(a)->C(a)) 1
4. T ~ (~B(a)|C(a)) 2
5. { F ~B(a) 4
6. T C(a) 4
7. @ 3,5,6}
8. { F ~B(a) 4
9. T C(a) 4
10. @ 3,8,9}
11. { T ~B(a) 4
12. T C(a) 4
13. @ 3,11,12}
14. @ 2,3,4}","The following errors were found:

One of definitions are not completed. Please, check whether all rules are correctly written.
Recall that a rule of inference starts with a numeber, followed by . (reference line), the truth value of the formula (T or F), has a formula and the justification (premise, conclusion or one of the inference rules with its formula references).Sintax error:
7. @ 3,5,6}
        ^
",4.019280672073364,stop,1094,186
Ax (~B(x)|C(x)) |- Ax (B(x)->C(x)),"[{'role': 'system', 'content': ""\nYou are an expert in logic using the semantic Tableaux method. \nYou will receive a first order logic formula and must prove its validity using the semantic tableau method, represent the proof in a Fitch-like notation, following these formatting instructions:\n\n### FORMAT OF PROOF LINES: \nExpanding proof line must be structured like: '<line_number>. <T_or_F> <formula> <origin>'\n- <line_number>: sequential integer, always ending with a dot ('1.', '2.', '3.', ...)\n- <T_or_F> → T for true formulas, F for false formulas. \n- <formula>: the formula derived on that line\n- <origin> is exactly one of:\n    pre (for premises)\n    conclusion (for the conclusion)\n    a comma-separated list of line numbers indicating the formula(s) used to derive the current line (e.g. '1', '3', '1,3')\n\n### BRANCHING FORMAT \nUse curly braces { and } to open and close branches. \n{ must appear immediately after the line number that opens a branch (e.g. '8.{ F A|B 3') \n} must appear at the end of the line that closes that branch (e.g. '12. @ 5,7}'). Exception: the main (initial) branch does not require a closing }, since it is not opened by {.\nBranches may be nested. But a formula may only be used at a given point if it appeared earlier in the same branch or an outer (enclosing) branch to the current branch. Formulas from closed branches or sibling branches must not be used.\n\n### SYMBOLS \nUse the following symbols for logical operations: \n & = conjunction (and), \n | = disjunction (or), \n ~ = negation (not), \n -> = implication (implies).\n\nQuantifiers symbols:  \n    Ax represents ∀x  \n    Ex represents ∃x\nSo formulas with ∀x and ∃x will be represented by Ax and Ex (A and E followed by the variable x). For example, Ax (H(x)->M(x)) represents ∀x (H(x)→M(x)).\n\n###CONVENTIONS\nAtoms: only uppercase letters not immediately followed by parentesis (e.g. P, Q, R).\nPredicates: uppercase letters immediately followed by parentesis (e.g. H(x), M(y), Q(a,b) ). All predicates must use parentheses.\nVariables: first letter in lowercase, can be followed by letters and numbers (e.g., x, x0, xP0).\n\nWrite only the final proof in <proof>...</proof> tags. Only use <proof>...</proof> tags ONCE. Omit names of the rules. Only use these symbols inside the proof '&' , '->', '~', '|', '@', '(', ')', '{', '}', 'Ax', 'Ex'.\nDo not include explanations, commentary, or extra text inside and outside the <proof>...</proof> tags.\n""}, {'role': 'user', 'content': ""Prove 'Ex P(x), Ax (P(x)->Q(x)) |- Ex Q(x)', using the analytical tableau method. Final answer using the notation described. ""}, {'role': 'assistant', 'content': ' <proof>\n                        1. T Ex P(x) pre\n                        2. T Ax (P(x)->Q(x)) pre\n                        3. F Ex Q(x) conclusion\n                        4. T P(a) 1 \n                        5. T (P(a)->Q(a)) 2 \n                        6. F Q(a) 3 \n                        7.{ F P(a) 5 \n                        8. @ 4,7}    \n                        9.{ T Q(a) 5 \n                        10. @ 6,9}   \n                    </proof>'}, {'role': 'user', 'content': ""Prove 'Ax (P(x)|P(x)) |- Ax P(x)', using the analytical tableau method. Final answer using the notation described.""}, {'role': 'assistant', 'content': ' <proof>\n                            1. T Ax (P(x)|P(x)) pre \n                            2. F Ax P(x) conclusion\n                            3. F P(a) 2          \n                            4. T (P(a)|P(a)) 1   \n                            5.{ T P(a) 4         \n                            6. @ 3,5}            \n                            7.{ T P(a) 4         \n                            8. @ 3,7}            \n                        </proof>'}, {'role': 'user', 'content': ""Prove'Ax (~B(x)|C(x)) |- Ax (B(x)->C(x))' using the analytical tableau method. Only one final answer, surrounded by <proof>...</proof>, using the notation described.""}]","1. T Ax (~B(x)|C(x)) pre
2. F Ax (B(x)->C(x)) conclusion
3. T (~B(a)|C(a)) 1
4. F (B(a)->C(a)) 2
5. { T ~B(a) 3
6. @ 4,5}
7. { T C(a) 3
8. { T B(a) 4
9. T C(a) 8
10. @ 4,9}
11. @ 4,7}","1. T Ax (~B(x)|C(x)) pre
2. F Ax (B(x)->C(x)) conclusion
3. T (~B(a)|C(a)) 1
4. F (B(a)->C(a)) 2
5. { T ~B(a) 3
6. @ 4,5}
7. { T C(a) 3
8. { T B(a) 4
9. T C(a) 8
10. @ 4,9}
11. @ 4,7}","The following errors were found:

Error in line 8:
8. { T B(a) 4
            ^, The rule must be a alpha-rule.
Error in line 9:
9. T C(a) 8
          ^, Cannot apply rule to an atom or predicate.
Error in line 4:
4. F (B(a)->C(a)) 2
     ^, The variable used in this formula B(a)->C(a) is not a new variable and therefore cannot be used in this rule.
Error in line 6:
6. @ 4,5}
     ^, None of the formulas referenced by the lines contradict the other formula.
Error in line 10:
10. @ 4,9}
      ^, None of the formulas referenced by the lines contradict the other formula.
Error in line 11:
11. @ 4,7}
      ^, None of the formulas referenced by the lines contradict the other formula.",3.658831834793091,stop,1094,141
Ax (~B(x)|C(x)) |- Ax (~C(x)->~B(x)),"[{'role': 'system', 'content': ""\nYou are an expert in logic using the semantic Tableaux method. \nYou will receive a first order logic formula and must prove its validity using the semantic tableau method, represent the proof in a Fitch-like notation, following these formatting instructions:\n\n### FORMAT OF PROOF LINES: \nExpanding proof line must be structured like: '<line_number>. <T_or_F> <formula> <origin>'\n- <line_number>: sequential integer, always ending with a dot ('1.', '2.', '3.', ...)\n- <T_or_F> → T for true formulas, F for false formulas. \n- <formula>: the formula derived on that line\n- <origin> is exactly one of:\n    pre (for premises)\n    conclusion (for the conclusion)\n    a comma-separated list of line numbers indicating the formula(s) used to derive the current line (e.g. '1', '3', '1,3')\n\n### BRANCHING FORMAT \nUse curly braces { and } to open and close branches. \n{ must appear immediately after the line number that opens a branch (e.g. '8.{ F A|B 3') \n} must appear at the end of the line that closes that branch (e.g. '12. @ 5,7}'). Exception: the main (initial) branch does not require a closing }, since it is not opened by {.\nBranches may be nested. But a formula may only be used at a given point if it appeared earlier in the same branch or an outer (enclosing) branch to the current branch. Formulas from closed branches or sibling branches must not be used.\n\n### SYMBOLS \nUse the following symbols for logical operations: \n & = conjunction (and), \n | = disjunction (or), \n ~ = negation (not), \n -> = implication (implies).\n\nQuantifiers symbols:  \n    Ax represents ∀x  \n    Ex represents ∃x\nSo formulas with ∀x and ∃x will be represented by Ax and Ex (A and E followed by the variable x). For example, Ax (H(x)->M(x)) represents ∀x (H(x)→M(x)).\n\n###CONVENTIONS\nAtoms: only uppercase letters not immediately followed by parentesis (e.g. P, Q, R).\nPredicates: uppercase letters immediately followed by parentesis (e.g. H(x), M(y), Q(a,b) ). All predicates must use parentheses.\nVariables: first letter in lowercase, can be followed by letters and numbers (e.g., x, x0, xP0).\n\nWrite only the final proof in <proof>...</proof> tags. Only use <proof>...</proof> tags ONCE. Omit names of the rules. Only use these symbols inside the proof '&' , '->', '~', '|', '@', '(', ')', '{', '}', 'Ax', 'Ex'.\nDo not include explanations, commentary, or extra text inside and outside the <proof>...</proof> tags.\n""}, {'role': 'user', 'content': ""Prove 'Ex P(x), Ax (P(x)->Q(x)) |- Ex Q(x)', using the analytical tableau method. Final answer using the notation described. ""}, {'role': 'assistant', 'content': ' <proof>\n                        1. T Ex P(x) pre\n                        2. T Ax (P(x)->Q(x)) pre\n                        3. F Ex Q(x) conclusion\n                        4. T P(a) 1 \n                        5. T (P(a)->Q(a)) 2 \n                        6. F Q(a) 3 \n                        7.{ F P(a) 5 \n                        8. @ 4,7}    \n                        9.{ T Q(a) 5 \n                        10. @ 6,9}   \n                    </proof>'}, {'role': 'user', 'content': ""Prove 'Ax (P(x)|P(x)) |- Ax P(x)', using the analytical tableau method. Final answer using the notation described.""}, {'role': 'assistant', 'content': ' <proof>\n                            1. T Ax (P(x)|P(x)) pre \n                            2. F Ax P(x) conclusion\n                            3. F P(a) 2          \n                            4. T (P(a)|P(a)) 1   \n                            5.{ T P(a) 4         \n                            6. @ 3,5}            \n                            7.{ T P(a) 4         \n                            8. @ 3,7}            \n                        </proof>'}, {'role': 'user', 'content': ""Prove'Ax (~B(x)|C(x)) |- Ax (~C(x)->~B(x))' using the analytical tableau method. Only one final answer, surrounded by <proof>...</proof>, using the notation described.""}]","1. T Ax (~B(x)|C(x)) pre
2. F Ax (~C(x)->~B(x)) conclusion
3. T (~B(a)|C(a)) 1
4. F (~C(a)->~B(a)) 2
5. { T ~C(a) 4
6. { T ~B(a) 4
7. { T ~B(a) 3
8. @ 5,6,7}
9. { T C(a) 3
10. { T ~B(a) 4
11. @ 5,10}
12. { T ~B(a) 3
13. @ 6,12}
14. @ 8,9,13}","1. T Ax (~B(x)|C(x)) pre
2. F Ax (~C(x)->~B(x)) conclusion
3. T (~B(a)|C(a)) 1
4. F (~C(a)->~B(a)) 2
5. { T ~C(a) 4
6. { T ~B(a) 4
7. { T ~B(a) 3
8. @ 5,6,7}
9. { T C(a) 3
10. { T ~B(a) 4
11. @ 5,10}
12. { T ~B(a) 3
13. @ 6,12}
14. @ 8,9,13}","The following errors were found:

One of definitions are not completed. Please, check whether all rules are correctly written.
Recall that a rule of inference starts with a numeber, followed by . (reference line), the truth value of the formula (T or F), has a formula and the justification (premise, conclusion or one of the inference rules with its formula references).Sintax error:
8. @ 5,6,7}
        ^
",3.758772611618042,stop,1095,189
Ax (~B(x)->~C(x)) |- Ax (~C(x)|B(x)),"[{'role': 'system', 'content': ""\nYou are an expert in logic using the semantic Tableaux method. \nYou will receive a first order logic formula and must prove its validity using the semantic tableau method, represent the proof in a Fitch-like notation, following these formatting instructions:\n\n### FORMAT OF PROOF LINES: \nExpanding proof line must be structured like: '<line_number>. <T_or_F> <formula> <origin>'\n- <line_number>: sequential integer, always ending with a dot ('1.', '2.', '3.', ...)\n- <T_or_F> → T for true formulas, F for false formulas. \n- <formula>: the formula derived on that line\n- <origin> is exactly one of:\n    pre (for premises)\n    conclusion (for the conclusion)\n    a comma-separated list of line numbers indicating the formula(s) used to derive the current line (e.g. '1', '3', '1,3')\n\n### BRANCHING FORMAT \nUse curly braces { and } to open and close branches. \n{ must appear immediately after the line number that opens a branch (e.g. '8.{ F A|B 3') \n} must appear at the end of the line that closes that branch (e.g. '12. @ 5,7}'). Exception: the main (initial) branch does not require a closing }, since it is not opened by {.\nBranches may be nested. But a formula may only be used at a given point if it appeared earlier in the same branch or an outer (enclosing) branch to the current branch. Formulas from closed branches or sibling branches must not be used.\n\n### SYMBOLS \nUse the following symbols for logical operations: \n & = conjunction (and), \n | = disjunction (or), \n ~ = negation (not), \n -> = implication (implies).\n\nQuantifiers symbols:  \n    Ax represents ∀x  \n    Ex represents ∃x\nSo formulas with ∀x and ∃x will be represented by Ax and Ex (A and E followed by the variable x). For example, Ax (H(x)->M(x)) represents ∀x (H(x)→M(x)).\n\n###CONVENTIONS\nAtoms: only uppercase letters not immediately followed by parentesis (e.g. P, Q, R).\nPredicates: uppercase letters immediately followed by parentesis (e.g. H(x), M(y), Q(a,b) ). All predicates must use parentheses.\nVariables: first letter in lowercase, can be followed by letters and numbers (e.g., x, x0, xP0).\n\nWrite only the final proof in <proof>...</proof> tags. Only use <proof>...</proof> tags ONCE. Omit names of the rules. Only use these symbols inside the proof '&' , '->', '~', '|', '@', '(', ')', '{', '}', 'Ax', 'Ex'.\nDo not include explanations, commentary, or extra text inside and outside the <proof>...</proof> tags.\n""}, {'role': 'user', 'content': ""Prove 'Ex P(x), Ax (P(x)->Q(x)) |- Ex Q(x)', using the analytical tableau method. Final answer using the notation described. ""}, {'role': 'assistant', 'content': ' <proof>\n                        1. T Ex P(x) pre\n                        2. T Ax (P(x)->Q(x)) pre\n                        3. F Ex Q(x) conclusion\n                        4. T P(a) 1 \n                        5. T (P(a)->Q(a)) 2 \n                        6. F Q(a) 3 \n                        7.{ F P(a) 5 \n                        8. @ 4,7}    \n                        9.{ T Q(a) 5 \n                        10. @ 6,9}   \n                    </proof>'}, {'role': 'user', 'content': ""Prove 'Ax (P(x)|P(x)) |- Ax P(x)', using the analytical tableau method. Final answer using the notation described.""}, {'role': 'assistant', 'content': ' <proof>\n                            1. T Ax (P(x)|P(x)) pre \n                            2. F Ax P(x) conclusion\n                            3. F P(a) 2          \n                            4. T (P(a)|P(a)) 1   \n                            5.{ T P(a) 4         \n                            6. @ 3,5}            \n                            7.{ T P(a) 4         \n                            8. @ 3,7}            \n                        </proof>'}, {'role': 'user', 'content': ""Prove'Ax (~B(x)->~C(x)) |- Ax (~C(x)|B(x))' using the analytical tableau method. Only one final answer, surrounded by <proof>...</proof>, using the notation described.""}]","1. T Ax (~B(x)->~C(x)) pre
2. F Ax (~C(x)|B(x)) conclusion
3. T (~B(a)->~C(a)) 1
4. F (~C(a)|B(a)) 2
5. { F ~C(a) 4
6. T B(a) 4
7. @ 3,6}
8. { F ~B(a) 3
9. T ~C(a) 3
10. @ 4,9}
11. @ 5,8
12. @ 6,7
13. @ 9,10","1. T Ax (~B(x)->~C(x)) pre
2. F Ax (~C(x)|B(x)) conclusion
3. T (~B(a)->~C(a)) 1
4. F (~C(a)|B(a)) 2
5. { F ~C(a) 4
6. T B(a) 4
7. @ 3,6}
8. { F ~B(a) 3
9. T ~C(a) 3
10. @ 4,9}
11. @ 5,8
12. @ 6,7
13. @ 9,10","The following errors were found:

Error in line 5:
5. { F ~C(a) 4
             ^, The rule must be a alpha-rule.
Error in line 6:
6. T B(a) 4
   ^, The truth value should be F for this rule.
Error in line 9:
9. T ~C(a) 3
           ^, The rule must be a beta-rule.
Error in line 4:
4. F (~C(a)|B(a)) 2
     ^, The variable used in this formula ~C(a)|B(a) is not a new variable and therefore cannot be used in this rule.
Error in line 6:
6. T B(a) 4
^, The previous line should be the |F rule with the formula ~C(a).
Error in line 7:
7. @ 3,6}
     ^, None of the formulas referenced by the lines contradict the other formula.
Error in line 8:
8. { F ~B(a) 3
^, A beta rule must have exactly two branches.
Error in line 10:
10. @ 4,9}
      ^, None of the formulas referenced by the lines contradict the other formula.
Error in line 11:
11. @ 5,8
      ^, The reference to the line formula 5 cannot be used, as this formula does not belong to this branch.
Error in line 11:
11. @ 5,8
        ^, The reference to the line formula 8 cannot be used, as this formula does not belong to this branch.
Error in line 12:
12. @ 6,7
      ^, The reference to the line formula 6 cannot be used, as this formula does not belong to this branch.
Error in line 12:
12. @ 6,7
        ^, The reference to the line formula 7 cannot be used, as this formula does not belong to this branch.
Error in line 13:
13. @ 9,10
      ^, The reference to the line formula 9 cannot be used, as this formula does not belong to this branch.
Error in line 13:
13. @ 9,10
        ^, The reference to the line formula 10 cannot be used, as this formula does not belong to this branch.",4.05866003036499,stop,1095,162
"Ax (B(x)&C(x)), ~Ex ~B(x) |- Ax C(x)","[{'role': 'system', 'content': ""\nYou are an expert in logic using the semantic Tableaux method. \nYou will receive a first order logic formula and must prove its validity using the semantic tableau method, represent the proof in a Fitch-like notation, following these formatting instructions:\n\n### FORMAT OF PROOF LINES: \nExpanding proof line must be structured like: '<line_number>. <T_or_F> <formula> <origin>'\n- <line_number>: sequential integer, always ending with a dot ('1.', '2.', '3.', ...)\n- <T_or_F> → T for true formulas, F for false formulas. \n- <formula>: the formula derived on that line\n- <origin> is exactly one of:\n    pre (for premises)\n    conclusion (for the conclusion)\n    a comma-separated list of line numbers indicating the formula(s) used to derive the current line (e.g. '1', '3', '1,3')\n\n### BRANCHING FORMAT \nUse curly braces { and } to open and close branches. \n{ must appear immediately after the line number that opens a branch (e.g. '8.{ F A|B 3') \n} must appear at the end of the line that closes that branch (e.g. '12. @ 5,7}'). Exception: the main (initial) branch does not require a closing }, since it is not opened by {.\nBranches may be nested. But a formula may only be used at a given point if it appeared earlier in the same branch or an outer (enclosing) branch to the current branch. Formulas from closed branches or sibling branches must not be used.\n\n### SYMBOLS \nUse the following symbols for logical operations: \n & = conjunction (and), \n | = disjunction (or), \n ~ = negation (not), \n -> = implication (implies).\n\nQuantifiers symbols:  \n    Ax represents ∀x  \n    Ex represents ∃x\nSo formulas with ∀x and ∃x will be represented by Ax and Ex (A and E followed by the variable x). For example, Ax (H(x)->M(x)) represents ∀x (H(x)→M(x)).\n\n###CONVENTIONS\nAtoms: only uppercase letters not immediately followed by parentesis (e.g. P, Q, R).\nPredicates: uppercase letters immediately followed by parentesis (e.g. H(x), M(y), Q(a,b) ). All predicates must use parentheses.\nVariables: first letter in lowercase, can be followed by letters and numbers (e.g., x, x0, xP0).\n\nWrite only the final proof in <proof>...</proof> tags. Only use <proof>...</proof> tags ONCE. Omit names of the rules. Only use these symbols inside the proof '&' , '->', '~', '|', '@', '(', ')', '{', '}', 'Ax', 'Ex'.\nDo not include explanations, commentary, or extra text inside and outside the <proof>...</proof> tags.\n""}, {'role': 'user', 'content': ""Prove 'Ex P(x), Ax (P(x)->Q(x)) |- Ex Q(x)', using the analytical tableau method. Final answer using the notation described. ""}, {'role': 'assistant', 'content': ' <proof>\n                        1. T Ex P(x) pre\n                        2. T Ax (P(x)->Q(x)) pre\n                        3. F Ex Q(x) conclusion\n                        4. T P(a) 1 \n                        5. T (P(a)->Q(a)) 2 \n                        6. F Q(a) 3 \n                        7.{ F P(a) 5 \n                        8. @ 4,7}    \n                        9.{ T Q(a) 5 \n                        10. @ 6,9}   \n                    </proof>'}, {'role': 'user', 'content': ""Prove 'Ax (P(x)|P(x)) |- Ax P(x)', using the analytical tableau method. Final answer using the notation described.""}, {'role': 'assistant', 'content': ' <proof>\n                            1. T Ax (P(x)|P(x)) pre \n                            2. F Ax P(x) conclusion\n                            3. F P(a) 2          \n                            4. T (P(a)|P(a)) 1   \n                            5.{ T P(a) 4         \n                            6. @ 3,5}            \n                            7.{ T P(a) 4         \n                            8. @ 3,7}            \n                        </proof>'}, {'role': 'user', 'content': ""Prove'Ax (B(x)&C(x)), ~Ex ~B(x) |- Ax C(x)' using the analytical tableau method. Only one final answer, surrounded by <proof>...</proof>, using the notation described.""}]","1. T Ax (B(x)&C(x)) pre
2. T ~Ex ~B(x) pre
3. F Ax C(x) conclusion
4. T (B(a)&C(a)) 1
5. T B(a) 4
6. T C(a) 4
7. F C(b) 3
8. T ~B(b) 2
9. F ~B(b) 8
10. T B(b) 9
11. T (B(b)&C(b)) 1
12. T B(b) 11
13. T C(b) 11
14. @ 7,13}
15. @ 6,10}","1. T Ax (B(x)&C(x)) pre
2. T ~Ex ~B(x) pre
3. F Ax C(x) conclusion
4. T (B(a)&C(a)) 1
5. T B(a) 4
6. T C(a) 4
7. F C(b) 3
8. T ~B(b) 2
9. F ~B(b) 8
10. T B(b) 9
11. T (B(b)&C(b)) 1
12. T B(b) 11
13. T C(b) 11
14. @ 7,13}
15. @ 6,10}","The following errors were found:

Error in line 8:
8. T ~B(b) 2
   ^, The truth value should be F for this rule.
Error in line 14:
14. @ 7,13}
          ^, Closing branches without an open branch.
Error in line 15:
15. @ 6,10}
          ^, Closing branches without an open branch.
Error in line 8:
8. T ~B(b) 2
           ^, Formula ~B(b) is not a valid result for this rule.
Error in line 9:
9. F ~B(b) 8
           ^, Formula ~B(b) is not a valid result for this rule.
Error in line 15:
15. @ 6,10}
      ^, None of the formulas referenced by the lines contradict the other formula.",3.6025502681732178,stop,1095,185
"Ax (B(x)&C(x)), Ax ~B(x) |- Ax C(x)","[{'role': 'system', 'content': ""\nYou are an expert in logic using the semantic Tableaux method. \nYou will receive a first order logic formula and must prove its validity using the semantic tableau method, represent the proof in a Fitch-like notation, following these formatting instructions:\n\n### FORMAT OF PROOF LINES: \nExpanding proof line must be structured like: '<line_number>. <T_or_F> <formula> <origin>'\n- <line_number>: sequential integer, always ending with a dot ('1.', '2.', '3.', ...)\n- <T_or_F> → T for true formulas, F for false formulas. \n- <formula>: the formula derived on that line\n- <origin> is exactly one of:\n    pre (for premises)\n    conclusion (for the conclusion)\n    a comma-separated list of line numbers indicating the formula(s) used to derive the current line (e.g. '1', '3', '1,3')\n\n### BRANCHING FORMAT \nUse curly braces { and } to open and close branches. \n{ must appear immediately after the line number that opens a branch (e.g. '8.{ F A|B 3') \n} must appear at the end of the line that closes that branch (e.g. '12. @ 5,7}'). Exception: the main (initial) branch does not require a closing }, since it is not opened by {.\nBranches may be nested. But a formula may only be used at a given point if it appeared earlier in the same branch or an outer (enclosing) branch to the current branch. Formulas from closed branches or sibling branches must not be used.\n\n### SYMBOLS \nUse the following symbols for logical operations: \n & = conjunction (and), \n | = disjunction (or), \n ~ = negation (not), \n -> = implication (implies).\n\nQuantifiers symbols:  \n    Ax represents ∀x  \n    Ex represents ∃x\nSo formulas with ∀x and ∃x will be represented by Ax and Ex (A and E followed by the variable x). For example, Ax (H(x)->M(x)) represents ∀x (H(x)→M(x)).\n\n###CONVENTIONS\nAtoms: only uppercase letters not immediately followed by parentesis (e.g. P, Q, R).\nPredicates: uppercase letters immediately followed by parentesis (e.g. H(x), M(y), Q(a,b) ). All predicates must use parentheses.\nVariables: first letter in lowercase, can be followed by letters and numbers (e.g., x, x0, xP0).\n\nWrite only the final proof in <proof>...</proof> tags. Only use <proof>...</proof> tags ONCE. Omit names of the rules. Only use these symbols inside the proof '&' , '->', '~', '|', '@', '(', ')', '{', '}', 'Ax', 'Ex'.\nDo not include explanations, commentary, or extra text inside and outside the <proof>...</proof> tags.\n""}, {'role': 'user', 'content': ""Prove 'Ex P(x), Ax (P(x)->Q(x)) |- Ex Q(x)', using the analytical tableau method. Final answer using the notation described. ""}, {'role': 'assistant', 'content': ' <proof>\n                        1. T Ex P(x) pre\n                        2. T Ax (P(x)->Q(x)) pre\n                        3. F Ex Q(x) conclusion\n                        4. T P(a) 1 \n                        5. T (P(a)->Q(a)) 2 \n                        6. F Q(a) 3 \n                        7.{ F P(a) 5 \n                        8. @ 4,7}    \n                        9.{ T Q(a) 5 \n                        10. @ 6,9}   \n                    </proof>'}, {'role': 'user', 'content': ""Prove 'Ax (P(x)|P(x)) |- Ax P(x)', using the analytical tableau method. Final answer using the notation described.""}, {'role': 'assistant', 'content': ' <proof>\n                            1. T Ax (P(x)|P(x)) pre \n                            2. F Ax P(x) conclusion\n                            3. F P(a) 2          \n                            4. T (P(a)|P(a)) 1   \n                            5.{ T P(a) 4         \n                            6. @ 3,5}            \n                            7.{ T P(a) 4         \n                            8. @ 3,7}            \n                        </proof>'}, {'role': 'user', 'content': ""Prove'Ax (B(x)&C(x)), Ax ~B(x) |- Ax C(x)' using the analytical tableau method. Only one final answer, surrounded by <proof>...</proof>, using the notation described.""}]","1. T Ax (B(x)&C(x)) pre
2. T Ax ~B(x) pre
3. F Ax C(x) conclusion
4. F C(a) 3
5. T (B(a)&C(a)) 1
6. T ~B(a) 2
7. T B(a) 5
8. T C(a) 5
9. @ 4,8
10. @ 6,7","1. T Ax (B(x)&C(x)) pre
2. T Ax ~B(x) pre
3. F Ax C(x) conclusion
4. F C(a) 3
5. T (B(a)&C(a)) 1
6. T ~B(a) 2
7. T B(a) 5
8. T C(a) 5
9. @ 4,8
10. @ 6,7","The following errors were found:

Error in line 10:
10. @ 6,7
      ^, None of the formulas referenced by the lines contradict the other formula.",2.449500799179077,stop,1094,117
|- Ex (B(x)&C(x))->(Ex B(x)&Ex C(x)),"[{'role': 'system', 'content': ""\nYou are an expert in logic using the semantic Tableaux method. \nYou will receive a first order logic formula and must prove its validity using the semantic tableau method, represent the proof in a Fitch-like notation, following these formatting instructions:\n\n### FORMAT OF PROOF LINES: \nExpanding proof line must be structured like: '<line_number>. <T_or_F> <formula> <origin>'\n- <line_number>: sequential integer, always ending with a dot ('1.', '2.', '3.', ...)\n- <T_or_F> → T for true formulas, F for false formulas. \n- <formula>: the formula derived on that line\n- <origin> is exactly one of:\n    pre (for premises)\n    conclusion (for the conclusion)\n    a comma-separated list of line numbers indicating the formula(s) used to derive the current line (e.g. '1', '3', '1,3')\n\n### BRANCHING FORMAT \nUse curly braces { and } to open and close branches. \n{ must appear immediately after the line number that opens a branch (e.g. '8.{ F A|B 3') \n} must appear at the end of the line that closes that branch (e.g. '12. @ 5,7}'). Exception: the main (initial) branch does not require a closing }, since it is not opened by {.\nBranches may be nested. But a formula may only be used at a given point if it appeared earlier in the same branch or an outer (enclosing) branch to the current branch. Formulas from closed branches or sibling branches must not be used.\n\n### SYMBOLS \nUse the following symbols for logical operations: \n & = conjunction (and), \n | = disjunction (or), \n ~ = negation (not), \n -> = implication (implies).\n\nQuantifiers symbols:  \n    Ax represents ∀x  \n    Ex represents ∃x\nSo formulas with ∀x and ∃x will be represented by Ax and Ex (A and E followed by the variable x). For example, Ax (H(x)->M(x)) represents ∀x (H(x)→M(x)).\n\n###CONVENTIONS\nAtoms: only uppercase letters not immediately followed by parentesis (e.g. P, Q, R).\nPredicates: uppercase letters immediately followed by parentesis (e.g. H(x), M(y), Q(a,b) ). All predicates must use parentheses.\nVariables: first letter in lowercase, can be followed by letters and numbers (e.g., x, x0, xP0).\n\nWrite only the final proof in <proof>...</proof> tags. Only use <proof>...</proof> tags ONCE. Omit names of the rules. Only use these symbols inside the proof '&' , '->', '~', '|', '@', '(', ')', '{', '}', 'Ax', 'Ex'.\nDo not include explanations, commentary, or extra text inside and outside the <proof>...</proof> tags.\n""}, {'role': 'user', 'content': ""Prove 'Ex P(x), Ax (P(x)->Q(x)) |- Ex Q(x)', using the analytical tableau method. Final answer using the notation described. ""}, {'role': 'assistant', 'content': ' <proof>\n                        1. T Ex P(x) pre\n                        2. T Ax (P(x)->Q(x)) pre\n                        3. F Ex Q(x) conclusion\n                        4. T P(a) 1 \n                        5. T (P(a)->Q(a)) 2 \n                        6. F Q(a) 3 \n                        7.{ F P(a) 5 \n                        8. @ 4,7}    \n                        9.{ T Q(a) 5 \n                        10. @ 6,9}   \n                    </proof>'}, {'role': 'user', 'content': ""Prove 'Ax (P(x)|P(x)) |- Ax P(x)', using the analytical tableau method. Final answer using the notation described.""}, {'role': 'assistant', 'content': ' <proof>\n                            1. T Ax (P(x)|P(x)) pre \n                            2. F Ax P(x) conclusion\n                            3. F P(a) 2          \n                            4. T (P(a)|P(a)) 1   \n                            5.{ T P(a) 4         \n                            6. @ 3,5}            \n                            7.{ T P(a) 4         \n                            8. @ 3,7}            \n                        </proof>'}, {'role': 'user', 'content': ""Prove'|- Ex (B(x)&C(x))->(Ex B(x)&Ex C(x))' using the analytical tableau method. Only one final answer, surrounded by <proof>...</proof>, using the notation described.""}]","1. F ~Ex (B(x)&C(x)) -> (Ex B(x) & Ex C(x)) conclusion
2. T Ex (B(x)&C(x)) 1
3. F (Ex B(x) & Ex C(x)) 1
4. T B(a) & C(a) 2
5. T B(a) 4
6. T C(a) 4
7. { F Ex B(x) 3
8. F B(b) 7
9. @ 5,8}
10. { F Ex C(x) 3
11. F C(c) 10
12. @ 6,11}","1. F ~Ex (B(x)&C(x)) -> (Ex B(x) & Ex C(x)) conclusion
2. T Ex (B(x)&C(x)) 1
3. F (Ex B(x) & Ex C(x)) 1
4. T B(a) & C(a) 2
5. T B(a) 4
6. T C(a) 4
7. { F Ex B(x) 3
8. F B(b) 7
9. @ 5,8}
10. { F Ex C(x) 3
11. F C(c) 10
12. @ 6,11}","The following errors were found:

Error in line 2:
2. T Ex (B(x)&C(x)) 1
^, Formula Ex (B(x)&C(x)) (conclusion of the rule) must be the antecedent of the implication of the referenced formula with truth-value F.
Error in line 3:
3. F (Ex B(x) & Ex C(x)) 1
^, The previous line should be the rule ->F with the formula ~Ex (B(x)&C(x)).
Error in line 9:
9. @ 5,8}
     ^, None of the formulas referenced by the lines contradict the other formula.
Error in line 12:
12. @ 6,11}
      ^, None of the formulas referenced by the lines contradict the other formula.",3.626217842102051,stop,1095,173
Ax ((B(x)->C(x))&(C(x)->B(x))) |- Ax ((~B(x)->~C(x))&(~C(x)->~B(x))),"[{'role': 'system', 'content': ""\nYou are an expert in logic using the semantic Tableaux method. \nYou will receive a first order logic formula and must prove its validity using the semantic tableau method, represent the proof in a Fitch-like notation, following these formatting instructions:\n\n### FORMAT OF PROOF LINES: \nExpanding proof line must be structured like: '<line_number>. <T_or_F> <formula> <origin>'\n- <line_number>: sequential integer, always ending with a dot ('1.', '2.', '3.', ...)\n- <T_or_F> → T for true formulas, F for false formulas. \n- <formula>: the formula derived on that line\n- <origin> is exactly one of:\n    pre (for premises)\n    conclusion (for the conclusion)\n    a comma-separated list of line numbers indicating the formula(s) used to derive the current line (e.g. '1', '3', '1,3')\n\n### BRANCHING FORMAT \nUse curly braces { and } to open and close branches. \n{ must appear immediately after the line number that opens a branch (e.g. '8.{ F A|B 3') \n} must appear at the end of the line that closes that branch (e.g. '12. @ 5,7}'). Exception: the main (initial) branch does not require a closing }, since it is not opened by {.\nBranches may be nested. But a formula may only be used at a given point if it appeared earlier in the same branch or an outer (enclosing) branch to the current branch. Formulas from closed branches or sibling branches must not be used.\n\n### SYMBOLS \nUse the following symbols for logical operations: \n & = conjunction (and), \n | = disjunction (or), \n ~ = negation (not), \n -> = implication (implies).\n\nQuantifiers symbols:  \n    Ax represents ∀x  \n    Ex represents ∃x\nSo formulas with ∀x and ∃x will be represented by Ax and Ex (A and E followed by the variable x). For example, Ax (H(x)->M(x)) represents ∀x (H(x)→M(x)).\n\n###CONVENTIONS\nAtoms: only uppercase letters not immediately followed by parentesis (e.g. P, Q, R).\nPredicates: uppercase letters immediately followed by parentesis (e.g. H(x), M(y), Q(a,b) ). All predicates must use parentheses.\nVariables: first letter in lowercase, can be followed by letters and numbers (e.g., x, x0, xP0).\n\nWrite only the final proof in <proof>...</proof> tags. Only use <proof>...</proof> tags ONCE. Omit names of the rules. Only use these symbols inside the proof '&' , '->', '~', '|', '@', '(', ')', '{', '}', 'Ax', 'Ex'.\nDo not include explanations, commentary, or extra text inside and outside the <proof>...</proof> tags.\n""}, {'role': 'user', 'content': ""Prove 'Ex P(x), Ax (P(x)->Q(x)) |- Ex Q(x)', using the analytical tableau method. Final answer using the notation described. ""}, {'role': 'assistant', 'content': ' <proof>\n                        1. T Ex P(x) pre\n                        2. T Ax (P(x)->Q(x)) pre\n                        3. F Ex Q(x) conclusion\n                        4. T P(a) 1 \n                        5. T (P(a)->Q(a)) 2 \n                        6. F Q(a) 3 \n                        7.{ F P(a) 5 \n                        8. @ 4,7}    \n                        9.{ T Q(a) 5 \n                        10. @ 6,9}   \n                    </proof>'}, {'role': 'user', 'content': ""Prove 'Ax (P(x)|P(x)) |- Ax P(x)', using the analytical tableau method. Final answer using the notation described.""}, {'role': 'assistant', 'content': ' <proof>\n                            1. T Ax (P(x)|P(x)) pre \n                            2. F Ax P(x) conclusion\n                            3. F P(a) 2          \n                            4. T (P(a)|P(a)) 1   \n                            5.{ T P(a) 4         \n                            6. @ 3,5}            \n                            7.{ T P(a) 4         \n                            8. @ 3,7}            \n                        </proof>'}, {'role': 'user', 'content': ""Prove'Ax ((B(x)->C(x))&(C(x)->B(x))) |- Ax ((~B(x)->~C(x))&(~C(x)->~B(x)))' using the analytical tableau method. Only one final answer, surrounded by <proof>...</proof>, using the notation described.""}]","1. T Ax ((B(x)->C(x))&(C(x)->B(x))) pre
2. F Ax ((~B(x)->~C(x))&(~C(x)->~B(x))) conclusion
3. T ((B(a)->C(a))&(C(a)->B(a))) 1
4. T (B(a)->C(a)) 3
5. T (C(a)->B(a)) 3
6. F ((~B(a)->~C(a))&(~C(a)->~B(a))) 2
7. { F (~B(a)->~C(a)) 6
8. T ~B(a) 7
9. T ~C(a) 7
10. { T (B(a)->C(a)) 4
11. T B(a) 10
12. T C(a) 10
13. @ 8,12
14. { F (C(a)->B(a)) 5
15. T C(a) 14
16. T B(a) 14
17. @ 8,16
18. } 7,17
19. { F (~C(a)->~B(a)) 6
20. T ~C(a) 19
21. T ~B(a) 19
22. { T (~B(a)->~C(a)) 6
23. T ~B(a) 22
24. T ~C(a) 22
25. @ 20,24
26. { F (C(a)->B(a)) 5
27. T C(a) 26
28. T B(a) 26
29. @ 21,28
30. } 19,29
31. @ 6,18,30
}","1. T Ax ((B(x)->C(x))&(C(x)->B(x))) pre
2. F Ax ((~B(x)->~C(x))&(~C(x)->~B(x))) conclusion
3. T ((B(a)->C(a))&(C(a)->B(a))) 1
4. T (B(a)->C(a)) 3
5. T (C(a)->B(a)) 3
6. F ((~B(a)->~C(a))&(~C(a)->~B(a))) 2
7. { F (~B(a)->~C(a)) 6
8. T ~B(a) 7
9. T ~C(a) 7
10. { T (B(a)->C(a)) 4
11. T B(a) 10
12. T C(a) 10
13. @ 8,12
14. { F (C(a)->B(a)) 5
15. T C(a) 14
16. T B(a) 14
17. @ 8,16
18. } 7,17
19. { F (~C(a)->~B(a)) 6
20. T ~C(a) 19
21. T ~B(a) 19
22. { T (~B(a)->~C(a)) 6
23. T ~B(a) 22
24. T ~C(a) 22
25. @ 20,24
26. { F (C(a)->B(a)) 5
27. T C(a) 26
28. T B(a) 26
29. @ 21,28
30. } 19,29
31. @ 6,18,30
}","The following errors were found:

One of definitions are not completed. Please, check whether all rules are correctly written.
Recall that a rule of inference starts with a numeber, followed by . (reference line), the truth value of the formula (T or F), has a formula and the justification (premise, conclusion or one of the inference rules with its formula references).Sintax error:
18. } 7,17
    ^
",18.368077754974365,stop,1116,470
|- Ex (B(x)|C(x))->(Ex B(x)|Ex C(x)),"[{'role': 'system', 'content': ""\nYou are an expert in logic using the semantic Tableaux method. \nYou will receive a first order logic formula and must prove its validity using the semantic tableau method, represent the proof in a Fitch-like notation, following these formatting instructions:\n\n### FORMAT OF PROOF LINES: \nExpanding proof line must be structured like: '<line_number>. <T_or_F> <formula> <origin>'\n- <line_number>: sequential integer, always ending with a dot ('1.', '2.', '3.', ...)\n- <T_or_F> → T for true formulas, F for false formulas. \n- <formula>: the formula derived on that line\n- <origin> is exactly one of:\n    pre (for premises)\n    conclusion (for the conclusion)\n    a comma-separated list of line numbers indicating the formula(s) used to derive the current line (e.g. '1', '3', '1,3')\n\n### BRANCHING FORMAT \nUse curly braces { and } to open and close branches. \n{ must appear immediately after the line number that opens a branch (e.g. '8.{ F A|B 3') \n} must appear at the end of the line that closes that branch (e.g. '12. @ 5,7}'). Exception: the main (initial) branch does not require a closing }, since it is not opened by {.\nBranches may be nested. But a formula may only be used at a given point if it appeared earlier in the same branch or an outer (enclosing) branch to the current branch. Formulas from closed branches or sibling branches must not be used.\n\n### SYMBOLS \nUse the following symbols for logical operations: \n & = conjunction (and), \n | = disjunction (or), \n ~ = negation (not), \n -> = implication (implies).\n\nQuantifiers symbols:  \n    Ax represents ∀x  \n    Ex represents ∃x\nSo formulas with ∀x and ∃x will be represented by Ax and Ex (A and E followed by the variable x). For example, Ax (H(x)->M(x)) represents ∀x (H(x)→M(x)).\n\n###CONVENTIONS\nAtoms: only uppercase letters not immediately followed by parentesis (e.g. P, Q, R).\nPredicates: uppercase letters immediately followed by parentesis (e.g. H(x), M(y), Q(a,b) ). All predicates must use parentheses.\nVariables: first letter in lowercase, can be followed by letters and numbers (e.g., x, x0, xP0).\n\nWrite only the final proof in <proof>...</proof> tags. Only use <proof>...</proof> tags ONCE. Omit names of the rules. Only use these symbols inside the proof '&' , '->', '~', '|', '@', '(', ')', '{', '}', 'Ax', 'Ex'.\nDo not include explanations, commentary, or extra text inside and outside the <proof>...</proof> tags.\n""}, {'role': 'user', 'content': ""Prove 'Ex P(x), Ax (P(x)->Q(x)) |- Ex Q(x)', using the analytical tableau method. Final answer using the notation described. ""}, {'role': 'assistant', 'content': ' <proof>\n                        1. T Ex P(x) pre\n                        2. T Ax (P(x)->Q(x)) pre\n                        3. F Ex Q(x) conclusion\n                        4. T P(a) 1 \n                        5. T (P(a)->Q(a)) 2 \n                        6. F Q(a) 3 \n                        7.{ F P(a) 5 \n                        8. @ 4,7}    \n                        9.{ T Q(a) 5 \n                        10. @ 6,9}   \n                    </proof>'}, {'role': 'user', 'content': ""Prove 'Ax (P(x)|P(x)) |- Ax P(x)', using the analytical tableau method. Final answer using the notation described.""}, {'role': 'assistant', 'content': ' <proof>\n                            1. T Ax (P(x)|P(x)) pre \n                            2. F Ax P(x) conclusion\n                            3. F P(a) 2          \n                            4. T (P(a)|P(a)) 1   \n                            5.{ T P(a) 4         \n                            6. @ 3,5}            \n                            7.{ T P(a) 4         \n                            8. @ 3,7}            \n                        </proof>'}, {'role': 'user', 'content': ""Prove'|- Ex (B(x)|C(x))->(Ex B(x)|Ex C(x))' using the analytical tableau method. Only one final answer, surrounded by <proof>...</proof>, using the notation described.""}]","1. F ~(Ex (B(x)|C(x)) -> (Ex B(x)|Ex C(x))) conclusion
2. T Ex (B(x)|C(x)) 1
3. F (Ex B(x)|Ex C(x)) 1
4. F Ex B(x) 3
5. F Ex C(x) 3
6. T (B(a)|C(a)) 2
7. F B(b) 4
8. F C(c) 5
9. { T B(a) 6
10. @ 7,9}
11. { T C(a) 6
12. @ 7,8,11}
13. { F B(a) 6
14. F C(a) 6
15. @ 7,8,13,14}","1. F ~(Ex (B(x)|C(x)) -> (Ex B(x)|Ex C(x))) conclusion
2. T Ex (B(x)|C(x)) 1
3. F (Ex B(x)|Ex C(x)) 1
4. F Ex B(x) 3
5. F Ex C(x) 3
6. T (B(a)|C(a)) 2
7. F B(b) 4
8. F C(c) 5
9. { T B(a) 6
10. @ 7,9}
11. { T C(a) 6
12. @ 7,8,11}
13. { F B(a) 6
14. F C(a) 6
15. @ 7,8,13,14}","The following errors were found:

One of definitions are not completed. Please, check whether all rules are correctly written.
Recall that a rule of inference starts with a numeber, followed by . (reference line), the truth value of the formula (T or F), has a formula and the justification (premise, conclusion or one of the inference rules with its formula references).Sintax error:
12. @ 7,8,11}
         ^
",7.647763967514038,stop,1095,212
(B(a)->C(a))&Ax (B(x)->C(x)) |- B(b)->C(b),"[{'role': 'system', 'content': ""\nYou are an expert in logic using the semantic Tableaux method. \nYou will receive a first order logic formula and must prove its validity using the semantic tableau method, represent the proof in a Fitch-like notation, following these formatting instructions:\n\n### FORMAT OF PROOF LINES: \nExpanding proof line must be structured like: '<line_number>. <T_or_F> <formula> <origin>'\n- <line_number>: sequential integer, always ending with a dot ('1.', '2.', '3.', ...)\n- <T_or_F> → T for true formulas, F for false formulas. \n- <formula>: the formula derived on that line\n- <origin> is exactly one of:\n    pre (for premises)\n    conclusion (for the conclusion)\n    a comma-separated list of line numbers indicating the formula(s) used to derive the current line (e.g. '1', '3', '1,3')\n\n### BRANCHING FORMAT \nUse curly braces { and } to open and close branches. \n{ must appear immediately after the line number that opens a branch (e.g. '8.{ F A|B 3') \n} must appear at the end of the line that closes that branch (e.g. '12. @ 5,7}'). Exception: the main (initial) branch does not require a closing }, since it is not opened by {.\nBranches may be nested. But a formula may only be used at a given point if it appeared earlier in the same branch or an outer (enclosing) branch to the current branch. Formulas from closed branches or sibling branches must not be used.\n\n### SYMBOLS \nUse the following symbols for logical operations: \n & = conjunction (and), \n | = disjunction (or), \n ~ = negation (not), \n -> = implication (implies).\n\nQuantifiers symbols:  \n    Ax represents ∀x  \n    Ex represents ∃x\nSo formulas with ∀x and ∃x will be represented by Ax and Ex (A and E followed by the variable x). For example, Ax (H(x)->M(x)) represents ∀x (H(x)→M(x)).\n\n###CONVENTIONS\nAtoms: only uppercase letters not immediately followed by parentesis (e.g. P, Q, R).\nPredicates: uppercase letters immediately followed by parentesis (e.g. H(x), M(y), Q(a,b) ). All predicates must use parentheses.\nVariables: first letter in lowercase, can be followed by letters and numbers (e.g., x, x0, xP0).\n\nWrite only the final proof in <proof>...</proof> tags. Only use <proof>...</proof> tags ONCE. Omit names of the rules. Only use these symbols inside the proof '&' , '->', '~', '|', '@', '(', ')', '{', '}', 'Ax', 'Ex'.\nDo not include explanations, commentary, or extra text inside and outside the <proof>...</proof> tags.\n""}, {'role': 'user', 'content': ""Prove 'Ex P(x), Ax (P(x)->Q(x)) |- Ex Q(x)', using the analytical tableau method. Final answer using the notation described. ""}, {'role': 'assistant', 'content': ' <proof>\n                        1. T Ex P(x) pre\n                        2. T Ax (P(x)->Q(x)) pre\n                        3. F Ex Q(x) conclusion\n                        4. T P(a) 1 \n                        5. T (P(a)->Q(a)) 2 \n                        6. F Q(a) 3 \n                        7.{ F P(a) 5 \n                        8. @ 4,7}    \n                        9.{ T Q(a) 5 \n                        10. @ 6,9}   \n                    </proof>'}, {'role': 'user', 'content': ""Prove 'Ax (P(x)|P(x)) |- Ax P(x)', using the analytical tableau method. Final answer using the notation described.""}, {'role': 'assistant', 'content': ' <proof>\n                            1. T Ax (P(x)|P(x)) pre \n                            2. F Ax P(x) conclusion\n                            3. F P(a) 2          \n                            4. T (P(a)|P(a)) 1   \n                            5.{ T P(a) 4         \n                            6. @ 3,5}            \n                            7.{ T P(a) 4         \n                            8. @ 3,7}            \n                        </proof>'}, {'role': 'user', 'content': ""Prove'(B(a)->C(a))&Ax (B(x)->C(x)) |- B(b)->C(b)' using the analytical tableau method. Only one final answer, surrounded by <proof>...</proof>, using the notation described.""}]","1. T (B(a)->C(a)) & Ax (B(x)->C(x)) pre
2. T B(b)->C(b) conclusion
3. F B(b)->C(b) 2
4. T B(a)->C(a) 1
5. T Ax (B(x)->C(x)) 1
6. T B(b) 3
7. F C(b) 3
8. T B(b)->C(b) 5,b
9. { F B(b) 8
10. @ 6,9}
11. { F C(b) 8
12. @ 7,11}
13. { T B(a) 4
14. @ 3,13}
15. { T C(a) 4
16. @ 3,15}","1. T (B(a)->C(a)) & Ax (B(x)->C(x)) pre
2. T B(b)->C(b) conclusion
3. F B(b)->C(b) 2
4. T B(a)->C(a) 1
5. T Ax (B(x)->C(x)) 1
6. T B(b) 3
7. F C(b) 3
8. T B(b)->C(b) 5,b
9. { F B(b) 8
10. @ 6,9}
11. { F C(b) 8
12. @ 7,11}
13. { T B(a) 4
14. @ 3,13}
15. { T C(a) 4
16. @ 3,15}","The following errors were found:

One of definitions are not completed. Please, check whether all rules are correctly written.
Recall that a rule of inference starts with a numeber, followed by . (reference line), the truth value of the formula (T or F), has a formula and the justification (premise, conclusion or one of the inference rules with its formula references).Sintax error:
8. T B(b)->C(b) 5,b
                 ^
",4.597248315811157,stop,1100,216
"Ex (B(x)&C(x)), Ax (B(x)->D(x)) |- Ex D(x)","[{'role': 'system', 'content': ""\nYou are an expert in logic using the semantic Tableaux method. \nYou will receive a first order logic formula and must prove its validity using the semantic tableau method, represent the proof in a Fitch-like notation, following these formatting instructions:\n\n### FORMAT OF PROOF LINES: \nExpanding proof line must be structured like: '<line_number>. <T_or_F> <formula> <origin>'\n- <line_number>: sequential integer, always ending with a dot ('1.', '2.', '3.', ...)\n- <T_or_F> → T for true formulas, F for false formulas. \n- <formula>: the formula derived on that line\n- <origin> is exactly one of:\n    pre (for premises)\n    conclusion (for the conclusion)\n    a comma-separated list of line numbers indicating the formula(s) used to derive the current line (e.g. '1', '3', '1,3')\n\n### BRANCHING FORMAT \nUse curly braces { and } to open and close branches. \n{ must appear immediately after the line number that opens a branch (e.g. '8.{ F A|B 3') \n} must appear at the end of the line that closes that branch (e.g. '12. @ 5,7}'). Exception: the main (initial) branch does not require a closing }, since it is not opened by {.\nBranches may be nested. But a formula may only be used at a given point if it appeared earlier in the same branch or an outer (enclosing) branch to the current branch. Formulas from closed branches or sibling branches must not be used.\n\n### SYMBOLS \nUse the following symbols for logical operations: \n & = conjunction (and), \n | = disjunction (or), \n ~ = negation (not), \n -> = implication (implies).\n\nQuantifiers symbols:  \n    Ax represents ∀x  \n    Ex represents ∃x\nSo formulas with ∀x and ∃x will be represented by Ax and Ex (A and E followed by the variable x). For example, Ax (H(x)->M(x)) represents ∀x (H(x)→M(x)).\n\n###CONVENTIONS\nAtoms: only uppercase letters not immediately followed by parentesis (e.g. P, Q, R).\nPredicates: uppercase letters immediately followed by parentesis (e.g. H(x), M(y), Q(a,b) ). All predicates must use parentheses.\nVariables: first letter in lowercase, can be followed by letters and numbers (e.g., x, x0, xP0).\n\nWrite only the final proof in <proof>...</proof> tags. Only use <proof>...</proof> tags ONCE. Omit names of the rules. Only use these symbols inside the proof '&' , '->', '~', '|', '@', '(', ')', '{', '}', 'Ax', 'Ex'.\nDo not include explanations, commentary, or extra text inside and outside the <proof>...</proof> tags.\n""}, {'role': 'user', 'content': ""Prove 'Ex P(x), Ax (P(x)->Q(x)) |- Ex Q(x)', using the analytical tableau method. Final answer using the notation described. ""}, {'role': 'assistant', 'content': ' <proof>\n                        1. T Ex P(x) pre\n                        2. T Ax (P(x)->Q(x)) pre\n                        3. F Ex Q(x) conclusion\n                        4. T P(a) 1 \n                        5. T (P(a)->Q(a)) 2 \n                        6. F Q(a) 3 \n                        7.{ F P(a) 5 \n                        8. @ 4,7}    \n                        9.{ T Q(a) 5 \n                        10. @ 6,9}   \n                    </proof>'}, {'role': 'user', 'content': ""Prove 'Ax (P(x)|P(x)) |- Ax P(x)', using the analytical tableau method. Final answer using the notation described.""}, {'role': 'assistant', 'content': ' <proof>\n                            1. T Ax (P(x)|P(x)) pre \n                            2. F Ax P(x) conclusion\n                            3. F P(a) 2          \n                            4. T (P(a)|P(a)) 1   \n                            5.{ T P(a) 4         \n                            6. @ 3,5}            \n                            7.{ T P(a) 4         \n                            8. @ 3,7}            \n                        </proof>'}, {'role': 'user', 'content': ""Prove'Ex (B(x)&C(x)), Ax (B(x)->D(x)) |- Ex D(x)' using the analytical tableau method. Only one final answer, surrounded by <proof>...</proof>, using the notation described.""}]","1. T Ex (B(x)&C(x)) pre
2. T Ax (B(x)->D(x)) pre
3. F Ex D(x) conclusion
4. T (B(a)&C(a)) 1
5. T B(a) 4
6. T C(a) 4
7. T (B(b)->D(b)) 2
8. F D(b) 3
9.{ F B(b) 7
10. @ 5,9}
11.{ T D(b) 7
12. @ 8,11}
13.{ F B(a) 7
14. @ 5,13}
15.{ T D(a) 7
16. @ 8,15}
17. @ 4,10,12,14,16","1. T Ex (B(x)&C(x)) pre
2. T Ax (B(x)->D(x)) pre
3. F Ex D(x) conclusion
4. T (B(a)&C(a)) 1
5. T B(a) 4
6. T C(a) 4
7. T (B(b)->D(b)) 2
8. F D(b) 3
9.{ F B(b) 7
10. @ 5,9}
11.{ T D(b) 7
12. @ 8,11}
13.{ F B(a) 7
14. @ 5,13}
15.{ T D(a) 7
16. @ 8,15}
17. @ 4,10,12,14,16","The following errors were found:

One of definitions are not completed. Please, check whether all rules are correctly written.
Recall that a rule of inference starts with a numeber, followed by . (reference line), the truth value of the formula (T or F), has a formula and the justification (premise, conclusion or one of the inference rules with its formula references).Sintax error:
17. @ 4,10,12,14,16
          ^
",4.15030312538147,stop,1098,213
"Ax (B->C(x)), B |- Ax C(x)","[{'role': 'system', 'content': ""\nYou are an expert in logic using the semantic Tableaux method. \nYou will receive a first order logic formula and must prove its validity using the semantic tableau method, represent the proof in a Fitch-like notation, following these formatting instructions:\n\n### FORMAT OF PROOF LINES: \nExpanding proof line must be structured like: '<line_number>. <T_or_F> <formula> <origin>'\n- <line_number>: sequential integer, always ending with a dot ('1.', '2.', '3.', ...)\n- <T_or_F> → T for true formulas, F for false formulas. \n- <formula>: the formula derived on that line\n- <origin> is exactly one of:\n    pre (for premises)\n    conclusion (for the conclusion)\n    a comma-separated list of line numbers indicating the formula(s) used to derive the current line (e.g. '1', '3', '1,3')\n\n### BRANCHING FORMAT \nUse curly braces { and } to open and close branches. \n{ must appear immediately after the line number that opens a branch (e.g. '8.{ F A|B 3') \n} must appear at the end of the line that closes that branch (e.g. '12. @ 5,7}'). Exception: the main (initial) branch does not require a closing }, since it is not opened by {.\nBranches may be nested. But a formula may only be used at a given point if it appeared earlier in the same branch or an outer (enclosing) branch to the current branch. Formulas from closed branches or sibling branches must not be used.\n\n### SYMBOLS \nUse the following symbols for logical operations: \n & = conjunction (and), \n | = disjunction (or), \n ~ = negation (not), \n -> = implication (implies).\n\nQuantifiers symbols:  \n    Ax represents ∀x  \n    Ex represents ∃x\nSo formulas with ∀x and ∃x will be represented by Ax and Ex (A and E followed by the variable x). For example, Ax (H(x)->M(x)) represents ∀x (H(x)→M(x)).\n\n###CONVENTIONS\nAtoms: only uppercase letters not immediately followed by parentesis (e.g. P, Q, R).\nPredicates: uppercase letters immediately followed by parentesis (e.g. H(x), M(y), Q(a,b) ). All predicates must use parentheses.\nVariables: first letter in lowercase, can be followed by letters and numbers (e.g., x, x0, xP0).\n\nWrite only the final proof in <proof>...</proof> tags. Only use <proof>...</proof> tags ONCE. Omit names of the rules. Only use these symbols inside the proof '&' , '->', '~', '|', '@', '(', ')', '{', '}', 'Ax', 'Ex'.\nDo not include explanations, commentary, or extra text inside and outside the <proof>...</proof> tags.\n""}, {'role': 'user', 'content': ""Prove 'Ex P(x), Ax (P(x)->Q(x)) |- Ex Q(x)', using the analytical tableau method. Final answer using the notation described. ""}, {'role': 'assistant', 'content': ' <proof>\n                        1. T Ex P(x) pre\n                        2. T Ax (P(x)->Q(x)) pre\n                        3. F Ex Q(x) conclusion\n                        4. T P(a) 1 \n                        5. T (P(a)->Q(a)) 2 \n                        6. F Q(a) 3 \n                        7.{ F P(a) 5 \n                        8. @ 4,7}    \n                        9.{ T Q(a) 5 \n                        10. @ 6,9}   \n                    </proof>'}, {'role': 'user', 'content': ""Prove 'Ax (P(x)|P(x)) |- Ax P(x)', using the analytical tableau method. Final answer using the notation described.""}, {'role': 'assistant', 'content': ' <proof>\n                            1. T Ax (P(x)|P(x)) pre \n                            2. F Ax P(x) conclusion\n                            3. F P(a) 2          \n                            4. T (P(a)|P(a)) 1   \n                            5.{ T P(a) 4         \n                            6. @ 3,5}            \n                            7.{ T P(a) 4         \n                            8. @ 3,7}            \n                        </proof>'}, {'role': 'user', 'content': ""Prove'Ax (B->C(x)), B |- Ax C(x)' using the analytical tableau method. Only one final answer, surrounded by <proof>...</proof>, using the notation described.""}]","1. T Ax (B->C(x)) pre
2. T B pre
3. F Ax C(x) conclusion
4. F C(a) 3
5. T (B->C(a)) 1
6. { F B 5
7. @ 2,6}
8. { T C(a) 5
9. @ 4,8}","1. T Ax (B->C(x)) pre
2. T B pre
3. F Ax C(x) conclusion
4. F C(a) 3
5. T (B->C(a)) 1
6. { F B 5
7. @ 2,6}
8. { T C(a) 5
9. @ 4,8}",The proof is valid.,3.090663194656372,stop,1087,97
"Ax B(x)->C, Ax B(x), C->D(b) |- Ex D(x)","[{'role': 'system', 'content': ""\nYou are an expert in logic using the semantic Tableaux method. \nYou will receive a first order logic formula and must prove its validity using the semantic tableau method, represent the proof in a Fitch-like notation, following these formatting instructions:\n\n### FORMAT OF PROOF LINES: \nExpanding proof line must be structured like: '<line_number>. <T_or_F> <formula> <origin>'\n- <line_number>: sequential integer, always ending with a dot ('1.', '2.', '3.', ...)\n- <T_or_F> → T for true formulas, F for false formulas. \n- <formula>: the formula derived on that line\n- <origin> is exactly one of:\n    pre (for premises)\n    conclusion (for the conclusion)\n    a comma-separated list of line numbers indicating the formula(s) used to derive the current line (e.g. '1', '3', '1,3')\n\n### BRANCHING FORMAT \nUse curly braces { and } to open and close branches. \n{ must appear immediately after the line number that opens a branch (e.g. '8.{ F A|B 3') \n} must appear at the end of the line that closes that branch (e.g. '12. @ 5,7}'). Exception: the main (initial) branch does not require a closing }, since it is not opened by {.\nBranches may be nested. But a formula may only be used at a given point if it appeared earlier in the same branch or an outer (enclosing) branch to the current branch. Formulas from closed branches or sibling branches must not be used.\n\n### SYMBOLS \nUse the following symbols for logical operations: \n & = conjunction (and), \n | = disjunction (or), \n ~ = negation (not), \n -> = implication (implies).\n\nQuantifiers symbols:  \n    Ax represents ∀x  \n    Ex represents ∃x\nSo formulas with ∀x and ∃x will be represented by Ax and Ex (A and E followed by the variable x). For example, Ax (H(x)->M(x)) represents ∀x (H(x)→M(x)).\n\n###CONVENTIONS\nAtoms: only uppercase letters not immediately followed by parentesis (e.g. P, Q, R).\nPredicates: uppercase letters immediately followed by parentesis (e.g. H(x), M(y), Q(a,b) ). All predicates must use parentheses.\nVariables: first letter in lowercase, can be followed by letters and numbers (e.g., x, x0, xP0).\n\nWrite only the final proof in <proof>...</proof> tags. Only use <proof>...</proof> tags ONCE. Omit names of the rules. Only use these symbols inside the proof '&' , '->', '~', '|', '@', '(', ')', '{', '}', 'Ax', 'Ex'.\nDo not include explanations, commentary, or extra text inside and outside the <proof>...</proof> tags.\n""}, {'role': 'user', 'content': ""Prove 'Ex P(x), Ax (P(x)->Q(x)) |- Ex Q(x)', using the analytical tableau method. Final answer using the notation described. ""}, {'role': 'assistant', 'content': ' <proof>\n                        1. T Ex P(x) pre\n                        2. T Ax (P(x)->Q(x)) pre\n                        3. F Ex Q(x) conclusion\n                        4. T P(a) 1 \n                        5. T (P(a)->Q(a)) 2 \n                        6. F Q(a) 3 \n                        7.{ F P(a) 5 \n                        8. @ 4,7}    \n                        9.{ T Q(a) 5 \n                        10. @ 6,9}   \n                    </proof>'}, {'role': 'user', 'content': ""Prove 'Ax (P(x)|P(x)) |- Ax P(x)', using the analytical tableau method. Final answer using the notation described.""}, {'role': 'assistant', 'content': ' <proof>\n                            1. T Ax (P(x)|P(x)) pre \n                            2. F Ax P(x) conclusion\n                            3. F P(a) 2          \n                            4. T (P(a)|P(a)) 1   \n                            5.{ T P(a) 4         \n                            6. @ 3,5}            \n                            7.{ T P(a) 4         \n                            8. @ 3,7}            \n                        </proof>'}, {'role': 'user', 'content': ""Prove'Ax B(x)->C, Ax B(x), C->D(b) |- Ex D(x)' using the analytical tableau method. Only one final answer, surrounded by <proof>...</proof>, using the notation described.""}]","1. T (Ax B(x) -> C) pre
2. T Ax B(x) pre
3. T (C -> D(b)) pre
4. F Ex D(x) conclusion
5. { F (Ax B(x) -> C) 1
6. T Ax B(x) 2
7. F C 5
8. T B(a) 6
9. T B(b) 6
10. T (C -> D(b)) 3
11. F C 7
12. T D(b) 10,11
13. F D(a) 4
14. F D(b) 4
15. @ 12,14}
16. { T C 5
17. T D(b) 3,16
18. @ 4,17}","1. T (Ax B(x) -> C) pre
2. T Ax B(x) pre
3. T (C -> D(b)) pre
4. F Ex D(x) conclusion
5. { F (Ax B(x) -> C) 1
6. T Ax B(x) 2
7. F C 5
8. T B(a) 6
9. T B(b) 6
10. T (C -> D(b)) 3
11. F C 7
12. T D(b) 10,11
13. F D(a) 4
14. F D(b) 4
15. @ 12,14}
16. { T C 5
17. T D(b) 3,16
18. @ 4,17}","The following errors were found:

One of definitions are not completed. Please, check whether all rules are correctly written.
Recall that a rule of inference starts with a numeber, followed by . (reference line), the truth value of the formula (T or F), has a formula and the justification (premise, conclusion or one of the inference rules with its formula references).Sintax error:
12. T D(b) 10,11
             ^
",4.928960800170898,stop,1096,213
Ax ((B(x)->C(x))&(C(x)->B(x))) |- Ax B(x)->Ax C(x),"[{'role': 'system', 'content': ""\nYou are an expert in logic using the semantic Tableaux method. \nYou will receive a first order logic formula and must prove its validity using the semantic tableau method, represent the proof in a Fitch-like notation, following these formatting instructions:\n\n### FORMAT OF PROOF LINES: \nExpanding proof line must be structured like: '<line_number>. <T_or_F> <formula> <origin>'\n- <line_number>: sequential integer, always ending with a dot ('1.', '2.', '3.', ...)\n- <T_or_F> → T for true formulas, F for false formulas. \n- <formula>: the formula derived on that line\n- <origin> is exactly one of:\n    pre (for premises)\n    conclusion (for the conclusion)\n    a comma-separated list of line numbers indicating the formula(s) used to derive the current line (e.g. '1', '3', '1,3')\n\n### BRANCHING FORMAT \nUse curly braces { and } to open and close branches. \n{ must appear immediately after the line number that opens a branch (e.g. '8.{ F A|B 3') \n} must appear at the end of the line that closes that branch (e.g. '12. @ 5,7}'). Exception: the main (initial) branch does not require a closing }, since it is not opened by {.\nBranches may be nested. But a formula may only be used at a given point if it appeared earlier in the same branch or an outer (enclosing) branch to the current branch. Formulas from closed branches or sibling branches must not be used.\n\n### SYMBOLS \nUse the following symbols for logical operations: \n & = conjunction (and), \n | = disjunction (or), \n ~ = negation (not), \n -> = implication (implies).\n\nQuantifiers symbols:  \n    Ax represents ∀x  \n    Ex represents ∃x\nSo formulas with ∀x and ∃x will be represented by Ax and Ex (A and E followed by the variable x). For example, Ax (H(x)->M(x)) represents ∀x (H(x)→M(x)).\n\n###CONVENTIONS\nAtoms: only uppercase letters not immediately followed by parentesis (e.g. P, Q, R).\nPredicates: uppercase letters immediately followed by parentesis (e.g. H(x), M(y), Q(a,b) ). All predicates must use parentheses.\nVariables: first letter in lowercase, can be followed by letters and numbers (e.g., x, x0, xP0).\n\nWrite only the final proof in <proof>...</proof> tags. Only use <proof>...</proof> tags ONCE. Omit names of the rules. Only use these symbols inside the proof '&' , '->', '~', '|', '@', '(', ')', '{', '}', 'Ax', 'Ex'.\nDo not include explanations, commentary, or extra text inside and outside the <proof>...</proof> tags.\n""}, {'role': 'user', 'content': ""Prove 'Ex P(x), Ax (P(x)->Q(x)) |- Ex Q(x)', using the analytical tableau method. Final answer using the notation described. ""}, {'role': 'assistant', 'content': ' <proof>\n                        1. T Ex P(x) pre\n                        2. T Ax (P(x)->Q(x)) pre\n                        3. F Ex Q(x) conclusion\n                        4. T P(a) 1 \n                        5. T (P(a)->Q(a)) 2 \n                        6. F Q(a) 3 \n                        7.{ F P(a) 5 \n                        8. @ 4,7}    \n                        9.{ T Q(a) 5 \n                        10. @ 6,9}   \n                    </proof>'}, {'role': 'user', 'content': ""Prove 'Ax (P(x)|P(x)) |- Ax P(x)', using the analytical tableau method. Final answer using the notation described.""}, {'role': 'assistant', 'content': ' <proof>\n                            1. T Ax (P(x)|P(x)) pre \n                            2. F Ax P(x) conclusion\n                            3. F P(a) 2          \n                            4. T (P(a)|P(a)) 1   \n                            5.{ T P(a) 4         \n                            6. @ 3,5}            \n                            7.{ T P(a) 4         \n                            8. @ 3,7}            \n                        </proof>'}, {'role': 'user', 'content': ""Prove'Ax ((B(x)->C(x))&(C(x)->B(x))) |- Ax B(x)->Ax C(x)' using the analytical tableau method. Only one final answer, surrounded by <proof>...</proof>, using the notation described.""}]","1. T (B(x)->C(x))&(C(x)->B(x)) Ax pre
2. F Ax B(x)->Ax C(x) conclusion
3. T (B(a)->C(a))&(C(a)->B(a)) 1
4. T B(a)->C(a) 3
5. T C(a)->B(a) 3
6. F Ax B(x)->Ax C(x) 2
7. T Ax B(x) 6
8. T Ax C(x) 6
9. T B(b) 7
10. T C(b) 8
11. T B(a)->C(a) 4
12. T C(a)->B(a) 5
13.{ F B(a) 11
14. T C(a) 11
15. @ 9,14}
16.{ F C(a) 5
17. T B(a) 5
18. @ 10,17}
19.{ F B(a) 4
20. T C(a) 4
21. @ 9,20}
22.{ F C(a) 12
23. T B(a) 12
24. @ 10,23}
25. @ 3,4,5,6,7,8,9,10,11,12,13,14,15,16,17,18,19,20,21,22,23,24}","1. T (B(x)->C(x))&(C(x)->B(x)) Ax pre
2. F Ax B(x)->Ax C(x) conclusion
3. T (B(a)->C(a))&(C(a)->B(a)) 1
4. T B(a)->C(a) 3
5. T C(a)->B(a) 3
6. F Ax B(x)->Ax C(x) 2
7. T Ax B(x) 6
8. T Ax C(x) 6
9. T B(b) 7
10. T C(b) 8
11. T B(a)->C(a) 4
12. T C(a)->B(a) 5
13.{ F B(a) 11
14. T C(a) 11
15. @ 9,14}
16.{ F C(a) 5
17. T B(a) 5
18. @ 10,17}
19.{ F B(a) 4
20. T C(a) 4
21. @ 9,20}
22.{ F C(a) 12
23. T B(a) 12
24. @ 10,23}
25. @ 3,4,5,6,7,8,9,10,11,12,13,14,15,16,17,18,19,20,21,22,23,24}","The following errors were found:

One of definitions are not completed. Please, check whether all rules are correctly written.
Recall that a rule of inference starts with a numeber, followed by . (reference line), the truth value of the formula (T or F), has a formula and the justification (premise, conclusion or one of the inference rules with its formula references).Sintax error:
1. T (B(x)->C(x))&(C(x)->B(x)) Ax pre
                               ^
",7.470198392868042,stop,1102,391
|- Ex (B(x)|C)->(Ex B(x)|C),"[{'role': 'system', 'content': ""\nYou are an expert in logic using the semantic Tableaux method. \nYou will receive a first order logic formula and must prove its validity using the semantic tableau method, represent the proof in a Fitch-like notation, following these formatting instructions:\n\n### FORMAT OF PROOF LINES: \nExpanding proof line must be structured like: '<line_number>. <T_or_F> <formula> <origin>'\n- <line_number>: sequential integer, always ending with a dot ('1.', '2.', '3.', ...)\n- <T_or_F> → T for true formulas, F for false formulas. \n- <formula>: the formula derived on that line\n- <origin> is exactly one of:\n    pre (for premises)\n    conclusion (for the conclusion)\n    a comma-separated list of line numbers indicating the formula(s) used to derive the current line (e.g. '1', '3', '1,3')\n\n### BRANCHING FORMAT \nUse curly braces { and } to open and close branches. \n{ must appear immediately after the line number that opens a branch (e.g. '8.{ F A|B 3') \n} must appear at the end of the line that closes that branch (e.g. '12. @ 5,7}'). Exception: the main (initial) branch does not require a closing }, since it is not opened by {.\nBranches may be nested. But a formula may only be used at a given point if it appeared earlier in the same branch or an outer (enclosing) branch to the current branch. Formulas from closed branches or sibling branches must not be used.\n\n### SYMBOLS \nUse the following symbols for logical operations: \n & = conjunction (and), \n | = disjunction (or), \n ~ = negation (not), \n -> = implication (implies).\n\nQuantifiers symbols:  \n    Ax represents ∀x  \n    Ex represents ∃x\nSo formulas with ∀x and ∃x will be represented by Ax and Ex (A and E followed by the variable x). For example, Ax (H(x)->M(x)) represents ∀x (H(x)→M(x)).\n\n###CONVENTIONS\nAtoms: only uppercase letters not immediately followed by parentesis (e.g. P, Q, R).\nPredicates: uppercase letters immediately followed by parentesis (e.g. H(x), M(y), Q(a,b) ). All predicates must use parentheses.\nVariables: first letter in lowercase, can be followed by letters and numbers (e.g., x, x0, xP0).\n\nWrite only the final proof in <proof>...</proof> tags. Only use <proof>...</proof> tags ONCE. Omit names of the rules. Only use these symbols inside the proof '&' , '->', '~', '|', '@', '(', ')', '{', '}', 'Ax', 'Ex'.\nDo not include explanations, commentary, or extra text inside and outside the <proof>...</proof> tags.\n""}, {'role': 'user', 'content': ""Prove 'Ex P(x), Ax (P(x)->Q(x)) |- Ex Q(x)', using the analytical tableau method. Final answer using the notation described. ""}, {'role': 'assistant', 'content': ' <proof>\n                        1. T Ex P(x) pre\n                        2. T Ax (P(x)->Q(x)) pre\n                        3. F Ex Q(x) conclusion\n                        4. T P(a) 1 \n                        5. T (P(a)->Q(a)) 2 \n                        6. F Q(a) 3 \n                        7.{ F P(a) 5 \n                        8. @ 4,7}    \n                        9.{ T Q(a) 5 \n                        10. @ 6,9}   \n                    </proof>'}, {'role': 'user', 'content': ""Prove 'Ax (P(x)|P(x)) |- Ax P(x)', using the analytical tableau method. Final answer using the notation described.""}, {'role': 'assistant', 'content': ' <proof>\n                            1. T Ax (P(x)|P(x)) pre \n                            2. F Ax P(x) conclusion\n                            3. F P(a) 2          \n                            4. T (P(a)|P(a)) 1   \n                            5.{ T P(a) 4         \n                            6. @ 3,5}            \n                            7.{ T P(a) 4         \n                            8. @ 3,7}            \n                        </proof>'}, {'role': 'user', 'content': ""Prove'|- Ex (B(x)|C)->(Ex B(x)|C)' using the analytical tableau method. Only one final answer, surrounded by <proof>...</proof>, using the notation described.""}]","1. F ~((Ex B(x)|C) -> (Ex B(x)|C)) conclusion
2. T (Ex B(x)|C) 1
3. F (Ex B(x)|C) 1
4. { T Ex B(x) 2
5. T C 2
6. @ 3,5}
7. { T Ex B(x) 3
8. T C 3
9. @ 2,8}","1. F ~((Ex B(x)|C) -> (Ex B(x)|C)) conclusion
2. T (Ex B(x)|C) 1
3. F (Ex B(x)|C) 1
4. { T Ex B(x) 2
5. T C 2
6. @ 3,5}
7. { T Ex B(x) 3
8. T C 3
9. @ 2,8}","The following errors were found:

Error in line 3:
3. F (Ex B(x)|C) 1
   ^, The truth value should be T for this rule.
Error in line 5:
5. T C 2
       ^, The rule must be a beta-rule.
Error in line 7:
7. { T Ex B(x) 3
               ^, The rule must be a alpha-rule.
Error in line 8:
8. T C 3
   ^, The truth value should be F for this rule.
Error in line 2:
2. T (Ex B(x)|C) 1
                 ^, Formula Ex B(x)|C is not a valid result for this rule.
Error in line 3:
3. F (Ex B(x)|C) 1
                 ^, Formula Ex B(x)|C is not a valid result for this rule.
Error in line 3:
3. F (Ex B(x)|C) 1
                 ^, The reference rule on the 3 line can only be used once in this branch.
Error in line 4:
4. { T Ex B(x) 2
^, There should be a next branch, starting with rule |T with formula C.
Error in line 6:
6. @ 3,5}
     ^, None of the formulas referenced by the lines contradict the other formula.
Error in line 8:
8. T C 3
^, The previous line should be the |F rule with the formula Ex B(x).
Error in line 9:
9. @ 2,8}
     ^, None of the formulas referenced by the lines contradict the other formula.",2.5538625717163086,stop,1089,115
"Ax (B(x)->C(x)), Ay (B(y)->D(y)) |- Az (B(z)->(C(z)&D(z)))","[{'role': 'system', 'content': ""\nYou are an expert in logic using the semantic Tableaux method. \nYou will receive a first order logic formula and must prove its validity using the semantic tableau method, represent the proof in a Fitch-like notation, following these formatting instructions:\n\n### FORMAT OF PROOF LINES: \nExpanding proof line must be structured like: '<line_number>. <T_or_F> <formula> <origin>'\n- <line_number>: sequential integer, always ending with a dot ('1.', '2.', '3.', ...)\n- <T_or_F> → T for true formulas, F for false formulas. \n- <formula>: the formula derived on that line\n- <origin> is exactly one of:\n    pre (for premises)\n    conclusion (for the conclusion)\n    a comma-separated list of line numbers indicating the formula(s) used to derive the current line (e.g. '1', '3', '1,3')\n\n### BRANCHING FORMAT \nUse curly braces { and } to open and close branches. \n{ must appear immediately after the line number that opens a branch (e.g. '8.{ F A|B 3') \n} must appear at the end of the line that closes that branch (e.g. '12. @ 5,7}'). Exception: the main (initial) branch does not require a closing }, since it is not opened by {.\nBranches may be nested. But a formula may only be used at a given point if it appeared earlier in the same branch or an outer (enclosing) branch to the current branch. Formulas from closed branches or sibling branches must not be used.\n\n### SYMBOLS \nUse the following symbols for logical operations: \n & = conjunction (and), \n | = disjunction (or), \n ~ = negation (not), \n -> = implication (implies).\n\nQuantifiers symbols:  \n    Ax represents ∀x  \n    Ex represents ∃x\nSo formulas with ∀x and ∃x will be represented by Ax and Ex (A and E followed by the variable x). For example, Ax (H(x)->M(x)) represents ∀x (H(x)→M(x)).\n\n###CONVENTIONS\nAtoms: only uppercase letters not immediately followed by parentesis (e.g. P, Q, R).\nPredicates: uppercase letters immediately followed by parentesis (e.g. H(x), M(y), Q(a,b) ). All predicates must use parentheses.\nVariables: first letter in lowercase, can be followed by letters and numbers (e.g., x, x0, xP0).\n\nWrite only the final proof in <proof>...</proof> tags. Only use <proof>...</proof> tags ONCE. Omit names of the rules. Only use these symbols inside the proof '&' , '->', '~', '|', '@', '(', ')', '{', '}', 'Ax', 'Ex'.\nDo not include explanations, commentary, or extra text inside and outside the <proof>...</proof> tags.\n""}, {'role': 'user', 'content': ""Prove 'Ex P(x), Ax (P(x)->Q(x)) |- Ex Q(x)', using the analytical tableau method. Final answer using the notation described. ""}, {'role': 'assistant', 'content': ' <proof>\n                        1. T Ex P(x) pre\n                        2. T Ax (P(x)->Q(x)) pre\n                        3. F Ex Q(x) conclusion\n                        4. T P(a) 1 \n                        5. T (P(a)->Q(a)) 2 \n                        6. F Q(a) 3 \n                        7.{ F P(a) 5 \n                        8. @ 4,7}    \n                        9.{ T Q(a) 5 \n                        10. @ 6,9}   \n                    </proof>'}, {'role': 'user', 'content': ""Prove 'Ax (P(x)|P(x)) |- Ax P(x)', using the analytical tableau method. Final answer using the notation described.""}, {'role': 'assistant', 'content': ' <proof>\n                            1. T Ax (P(x)|P(x)) pre \n                            2. F Ax P(x) conclusion\n                            3. F P(a) 2          \n                            4. T (P(a)|P(a)) 1   \n                            5.{ T P(a) 4         \n                            6. @ 3,5}            \n                            7.{ T P(a) 4         \n                            8. @ 3,7}            \n                        </proof>'}, {'role': 'user', 'content': ""Prove'Ax (B(x)->C(x)), Ay (B(y)->D(y)) |- Az (B(z)->(C(z)&D(z)))' using the analytical tableau method. Only one final answer, surrounded by <proof>...</proof>, using the notation described.""}]","1. D Ax (B(x)->C(x)) pre
2. D Ay (B(y)->D(y)) pre
3. F Az (B(z)->(C(z)&D(z))) conclusion
4. D (B(a)->C(a)) 1
5. D (B(b)->D(b)) 2
6. F (B(c)->(C(c)&D(c))) 3
7. { F B(c) 6
8. @ 4,7}
9. { D (C(c)&D(c)) 6
10. { D C(c) 9
11. { D D(c) 9
12. { F B(c) 4
13. @ 6,12}
14. { F B(c) 5
15. @ 6,14}
16. @ 11,13}
17. @ 10,16}
18. @ 4,17}
19. @ 5,18}","1. D Ax (B(x)->C(x)) pre
2. D Ay (B(y)->D(y)) pre
3. F Az (B(z)->(C(z)&D(z))) conclusion
4. D (B(a)->C(a)) 1
5. D (B(b)->D(b)) 2
6. F (B(c)->(C(c)&D(c))) 3
7. { F B(c) 6
8. @ 4,7}
9. { D (C(c)&D(c)) 6
10. { D C(c) 9
11. { D D(c) 9
12. { F B(c) 4
13. @ 6,12}
14. { F B(c) 5
15. @ 6,14}
16. @ 11,13}
17. @ 10,16}
18. @ 4,17}
19. @ 5,18}","The following errors were found:

One of definitions are not completed. Please, check whether all rules are correctly written.
Recall that a rule of inference starts with a numeber, followed by . (reference line), the truth value of the formula (T or F), has a formula and the justification (premise, conclusion or one of the inference rules with its formula references).Sintax error:
1. D Ax (B(x)->C(x)) pre
     ^
",5.172049283981323,stop,1109,260
|- B(x)->(B(x)|C(x)),"[{'role': 'system', 'content': ""\nYou are an expert in logic using the semantic Tableaux method. \nYou will receive a first order logic formula and must prove its validity using the semantic tableau method, represent the proof in a Fitch-like notation, following these formatting instructions:\n\n### FORMAT OF PROOF LINES: \nExpanding proof line must be structured like: '<line_number>. <T_or_F> <formula> <origin>'\n- <line_number>: sequential integer, always ending with a dot ('1.', '2.', '3.', ...)\n- <T_or_F> → T for true formulas, F for false formulas. \n- <formula>: the formula derived on that line\n- <origin> is exactly one of:\n    pre (for premises)\n    conclusion (for the conclusion)\n    a comma-separated list of line numbers indicating the formula(s) used to derive the current line (e.g. '1', '3', '1,3')\n\n### BRANCHING FORMAT \nUse curly braces { and } to open and close branches. \n{ must appear immediately after the line number that opens a branch (e.g. '8.{ F A|B 3') \n} must appear at the end of the line that closes that branch (e.g. '12. @ 5,7}'). Exception: the main (initial) branch does not require a closing }, since it is not opened by {.\nBranches may be nested. But a formula may only be used at a given point if it appeared earlier in the same branch or an outer (enclosing) branch to the current branch. Formulas from closed branches or sibling branches must not be used.\n\n### SYMBOLS \nUse the following symbols for logical operations: \n & = conjunction (and), \n | = disjunction (or), \n ~ = negation (not), \n -> = implication (implies).\n\nQuantifiers symbols:  \n    Ax represents ∀x  \n    Ex represents ∃x\nSo formulas with ∀x and ∃x will be represented by Ax and Ex (A and E followed by the variable x). For example, Ax (H(x)->M(x)) represents ∀x (H(x)→M(x)).\n\n###CONVENTIONS\nAtoms: only uppercase letters not immediately followed by parentesis (e.g. P, Q, R).\nPredicates: uppercase letters immediately followed by parentesis (e.g. H(x), M(y), Q(a,b) ). All predicates must use parentheses.\nVariables: first letter in lowercase, can be followed by letters and numbers (e.g., x, x0, xP0).\n\nWrite only the final proof in <proof>...</proof> tags. Only use <proof>...</proof> tags ONCE. Omit names of the rules. Only use these symbols inside the proof '&' , '->', '~', '|', '@', '(', ')', '{', '}', 'Ax', 'Ex'.\nDo not include explanations, commentary, or extra text inside and outside the <proof>...</proof> tags.\n""}, {'role': 'user', 'content': ""Prove 'Ex P(x), Ax (P(x)->Q(x)) |- Ex Q(x)', using the analytical tableau method. Final answer using the notation described. ""}, {'role': 'assistant', 'content': ' <proof>\n                        1. T Ex P(x) pre\n                        2. T Ax (P(x)->Q(x)) pre\n                        3. F Ex Q(x) conclusion\n                        4. T P(a) 1 \n                        5. T (P(a)->Q(a)) 2 \n                        6. F Q(a) 3 \n                        7.{ F P(a) 5 \n                        8. @ 4,7}    \n                        9.{ T Q(a) 5 \n                        10. @ 6,9}   \n                    </proof>'}, {'role': 'user', 'content': ""Prove 'Ax (P(x)|P(x)) |- Ax P(x)', using the analytical tableau method. Final answer using the notation described.""}, {'role': 'assistant', 'content': ' <proof>\n                            1. T Ax (P(x)|P(x)) pre \n                            2. F Ax P(x) conclusion\n                            3. F P(a) 2          \n                            4. T (P(a)|P(a)) 1   \n                            5.{ T P(a) 4         \n                            6. @ 3,5}            \n                            7.{ T P(a) 4         \n                            8. @ 3,7}            \n                        </proof>'}, {'role': 'user', 'content': ""Prove'|- B(x)->(B(x)|C(x))' using the analytical tableau method. Only one final answer, surrounded by <proof>...</proof>, using the notation described.""}]","1. F B(x)->(B(x)|C(x)) conclusion
2. T B(x) 1
3. F B(x)|C(x) 1
4. { F B(x) 3
5. @ 2,4}
6. { F C(x) 3
7. @ 2,6}","1. F B(x)->(B(x)|C(x)) conclusion
2. T B(x) 1
3. F B(x)|C(x) 1
4. { F B(x) 3
5. @ 2,4}
6. { F C(x) 3
7. @ 2,6}","The following errors were found:

Error in line 4:
4. { F B(x) 3
            ^, The rule must be a alpha-rule.
Error in line 6:
6. { F C(x) 3
            ^, The rule must be a alpha-rule.
Error in line 7:
7. @ 2,6}
     ^, None of the formulas referenced by the lines contradict the other formula.",2.388312101364136,stop,1087,90
|- ~~B(x)->B(x),"[{'role': 'system', 'content': ""\nYou are an expert in logic using the semantic Tableaux method. \nYou will receive a first order logic formula and must prove its validity using the semantic tableau method, represent the proof in a Fitch-like notation, following these formatting instructions:\n\n### FORMAT OF PROOF LINES: \nExpanding proof line must be structured like: '<line_number>. <T_or_F> <formula> <origin>'\n- <line_number>: sequential integer, always ending with a dot ('1.', '2.', '3.', ...)\n- <T_or_F> → T for true formulas, F for false formulas. \n- <formula>: the formula derived on that line\n- <origin> is exactly one of:\n    pre (for premises)\n    conclusion (for the conclusion)\n    a comma-separated list of line numbers indicating the formula(s) used to derive the current line (e.g. '1', '3', '1,3')\n\n### BRANCHING FORMAT \nUse curly braces { and } to open and close branches. \n{ must appear immediately after the line number that opens a branch (e.g. '8.{ F A|B 3') \n} must appear at the end of the line that closes that branch (e.g. '12. @ 5,7}'). Exception: the main (initial) branch does not require a closing }, since it is not opened by {.\nBranches may be nested. But a formula may only be used at a given point if it appeared earlier in the same branch or an outer (enclosing) branch to the current branch. Formulas from closed branches or sibling branches must not be used.\n\n### SYMBOLS \nUse the following symbols for logical operations: \n & = conjunction (and), \n | = disjunction (or), \n ~ = negation (not), \n -> = implication (implies).\n\nQuantifiers symbols:  \n    Ax represents ∀x  \n    Ex represents ∃x\nSo formulas with ∀x and ∃x will be represented by Ax and Ex (A and E followed by the variable x). For example, Ax (H(x)->M(x)) represents ∀x (H(x)→M(x)).\n\n###CONVENTIONS\nAtoms: only uppercase letters not immediately followed by parentesis (e.g. P, Q, R).\nPredicates: uppercase letters immediately followed by parentesis (e.g. H(x), M(y), Q(a,b) ). All predicates must use parentheses.\nVariables: first letter in lowercase, can be followed by letters and numbers (e.g., x, x0, xP0).\n\nWrite only the final proof in <proof>...</proof> tags. Only use <proof>...</proof> tags ONCE. Omit names of the rules. Only use these symbols inside the proof '&' , '->', '~', '|', '@', '(', ')', '{', '}', 'Ax', 'Ex'.\nDo not include explanations, commentary, or extra text inside and outside the <proof>...</proof> tags.\n""}, {'role': 'user', 'content': ""Prove 'Ex P(x), Ax (P(x)->Q(x)) |- Ex Q(x)', using the analytical tableau method. Final answer using the notation described. ""}, {'role': 'assistant', 'content': ' <proof>\n                        1. T Ex P(x) pre\n                        2. T Ax (P(x)->Q(x)) pre\n                        3. F Ex Q(x) conclusion\n                        4. T P(a) 1 \n                        5. T (P(a)->Q(a)) 2 \n                        6. F Q(a) 3 \n                        7.{ F P(a) 5 \n                        8. @ 4,7}    \n                        9.{ T Q(a) 5 \n                        10. @ 6,9}   \n                    </proof>'}, {'role': 'user', 'content': ""Prove 'Ax (P(x)|P(x)) |- Ax P(x)', using the analytical tableau method. Final answer using the notation described.""}, {'role': 'assistant', 'content': ' <proof>\n                            1. T Ax (P(x)|P(x)) pre \n                            2. F Ax P(x) conclusion\n                            3. F P(a) 2          \n                            4. T (P(a)|P(a)) 1   \n                            5.{ T P(a) 4         \n                            6. @ 3,5}            \n                            7.{ T P(a) 4         \n                            8. @ 3,7}            \n                        </proof>'}, {'role': 'user', 'content': ""Prove'|- ~~B(x)->B(x)' using the analytical tableau method. Only one final answer, surrounded by <proof>...</proof>, using the notation described.""}]","1. F ~~B(x)->B(x) conclusion
2. { T ~~B(x) 1
3. { T B(x) 1
4. @ 2,3}
5. { F ~~B(x) 2
6. { T B(x) 5
7. @ 3,6}
8. { F B(x) 5
9. @ 3,8}
10. @ 2,3}","1. F ~~B(x)->B(x) conclusion
2. { T ~~B(x) 1
3. { T B(x) 1
4. @ 2,3}
5. { F ~~B(x) 2
6. { T B(x) 5
7. @ 3,6}
8. { F B(x) 5
9. @ 3,8}
10. @ 2,3}","The following errors were found:

Error in line 2:
2. { T ~~B(x) 1
              ^, The rule must be a alpha-rule.
Error in line 3:
3. { T B(x) 1
            ^, The rule must be a alpha-rule.
Error in line 5:
5. { F ~~B(x) 2
              ^, The rule must be a alpha-rule.
Error in line 6:
6. { T B(x) 5
            ^, The rule must be a alpha-rule.
Error in line 8:
8. { F B(x) 5
            ^, The rule must be a alpha-rule.
Error in line 2:
2. { T ~~B(x) 1
       ^,The open branch must be closed.
Error in line 4:
4. @ 2,3}
     ^, None of the formulas referenced by the lines contradict the other formula.
Error in line 7:
7. @ 3,6}
     ^, The reference to the line formula 3 cannot be used, as this formula does not belong to this branch.
Error in line 9:
9. @ 3,8}
     ^, The reference to the line formula 3 cannot be used, as this formula does not belong to this branch.
Error in line 10:
10. @ 2,3}
        ^, The reference to the line formula 3 cannot be used, as this formula does not belong to this branch.",2.6318907737731934,stop,1082,116
|- B(x)->~~B(x),"[{'role': 'system', 'content': ""\nYou are an expert in logic using the semantic Tableaux method. \nYou will receive a first order logic formula and must prove its validity using the semantic tableau method, represent the proof in a Fitch-like notation, following these formatting instructions:\n\n### FORMAT OF PROOF LINES: \nExpanding proof line must be structured like: '<line_number>. <T_or_F> <formula> <origin>'\n- <line_number>: sequential integer, always ending with a dot ('1.', '2.', '3.', ...)\n- <T_or_F> → T for true formulas, F for false formulas. \n- <formula>: the formula derived on that line\n- <origin> is exactly one of:\n    pre (for premises)\n    conclusion (for the conclusion)\n    a comma-separated list of line numbers indicating the formula(s) used to derive the current line (e.g. '1', '3', '1,3')\n\n### BRANCHING FORMAT \nUse curly braces { and } to open and close branches. \n{ must appear immediately after the line number that opens a branch (e.g. '8.{ F A|B 3') \n} must appear at the end of the line that closes that branch (e.g. '12. @ 5,7}'). Exception: the main (initial) branch does not require a closing }, since it is not opened by {.\nBranches may be nested. But a formula may only be used at a given point if it appeared earlier in the same branch or an outer (enclosing) branch to the current branch. Formulas from closed branches or sibling branches must not be used.\n\n### SYMBOLS \nUse the following symbols for logical operations: \n & = conjunction (and), \n | = disjunction (or), \n ~ = negation (not), \n -> = implication (implies).\n\nQuantifiers symbols:  \n    Ax represents ∀x  \n    Ex represents ∃x\nSo formulas with ∀x and ∃x will be represented by Ax and Ex (A and E followed by the variable x). For example, Ax (H(x)->M(x)) represents ∀x (H(x)→M(x)).\n\n###CONVENTIONS\nAtoms: only uppercase letters not immediately followed by parentesis (e.g. P, Q, R).\nPredicates: uppercase letters immediately followed by parentesis (e.g. H(x), M(y), Q(a,b) ). All predicates must use parentheses.\nVariables: first letter in lowercase, can be followed by letters and numbers (e.g., x, x0, xP0).\n\nWrite only the final proof in <proof>...</proof> tags. Only use <proof>...</proof> tags ONCE. Omit names of the rules. Only use these symbols inside the proof '&' , '->', '~', '|', '@', '(', ')', '{', '}', 'Ax', 'Ex'.\nDo not include explanations, commentary, or extra text inside and outside the <proof>...</proof> tags.\n""}, {'role': 'user', 'content': ""Prove 'Ex P(x), Ax (P(x)->Q(x)) |- Ex Q(x)', using the analytical tableau method. Final answer using the notation described. ""}, {'role': 'assistant', 'content': ' <proof>\n                        1. T Ex P(x) pre\n                        2. T Ax (P(x)->Q(x)) pre\n                        3. F Ex Q(x) conclusion\n                        4. T P(a) 1 \n                        5. T (P(a)->Q(a)) 2 \n                        6. F Q(a) 3 \n                        7.{ F P(a) 5 \n                        8. @ 4,7}    \n                        9.{ T Q(a) 5 \n                        10. @ 6,9}   \n                    </proof>'}, {'role': 'user', 'content': ""Prove 'Ax (P(x)|P(x)) |- Ax P(x)', using the analytical tableau method. Final answer using the notation described.""}, {'role': 'assistant', 'content': ' <proof>\n                            1. T Ax (P(x)|P(x)) pre \n                            2. F Ax P(x) conclusion\n                            3. F P(a) 2          \n                            4. T (P(a)|P(a)) 1   \n                            5.{ T P(a) 4         \n                            6. @ 3,5}            \n                            7.{ T P(a) 4         \n                            8. @ 3,7}            \n                        </proof>'}, {'role': 'user', 'content': ""Prove'|- B(x)->~~B(x)' using the analytical tableau method. Only one final answer, surrounded by <proof>...</proof>, using the notation described.""}]","1. F B(x)->~~B(x) conclusion
2. { T B(x) 1
3. F ~~B(x) 1
4. { T ~B(x) 3
5. @ 2,4}
6. { T B(x) 3
7. @ 2,6}
8. @ 3,5,7}","1. F B(x)->~~B(x) conclusion
2. { T B(x) 1
3. F ~~B(x) 1
4. { T ~B(x) 3
5. @ 2,4}
6. { T B(x) 3
7. @ 2,6}
8. @ 3,5,7}","The following errors were found:

One of definitions are not completed. Please, check whether all rules are correctly written.
Recall that a rule of inference starts with a numeber, followed by . (reference line), the truth value of the formula (T or F), has a formula and the justification (premise, conclusion or one of the inference rules with its formula references).Sintax error:
8. @ 3,5,7}
        ^
",2.131650686264038,stop,1082,96
|- Ax (B(x)->C(x))->(Ex B(x)->Ex C(x)),"[{'role': 'system', 'content': ""\nYou are an expert in logic using the semantic Tableaux method. \nYou will receive a first order logic formula and must prove its validity using the semantic tableau method, represent the proof in a Fitch-like notation, following these formatting instructions:\n\n### FORMAT OF PROOF LINES: \nExpanding proof line must be structured like: '<line_number>. <T_or_F> <formula> <origin>'\n- <line_number>: sequential integer, always ending with a dot ('1.', '2.', '3.', ...)\n- <T_or_F> → T for true formulas, F for false formulas. \n- <formula>: the formula derived on that line\n- <origin> is exactly one of:\n    pre (for premises)\n    conclusion (for the conclusion)\n    a comma-separated list of line numbers indicating the formula(s) used to derive the current line (e.g. '1', '3', '1,3')\n\n### BRANCHING FORMAT \nUse curly braces { and } to open and close branches. \n{ must appear immediately after the line number that opens a branch (e.g. '8.{ F A|B 3') \n} must appear at the end of the line that closes that branch (e.g. '12. @ 5,7}'). Exception: the main (initial) branch does not require a closing }, since it is not opened by {.\nBranches may be nested. But a formula may only be used at a given point if it appeared earlier in the same branch or an outer (enclosing) branch to the current branch. Formulas from closed branches or sibling branches must not be used.\n\n### SYMBOLS \nUse the following symbols for logical operations: \n & = conjunction (and), \n | = disjunction (or), \n ~ = negation (not), \n -> = implication (implies).\n\nQuantifiers symbols:  \n    Ax represents ∀x  \n    Ex represents ∃x\nSo formulas with ∀x and ∃x will be represented by Ax and Ex (A and E followed by the variable x). For example, Ax (H(x)->M(x)) represents ∀x (H(x)→M(x)).\n\n###CONVENTIONS\nAtoms: only uppercase letters not immediately followed by parentesis (e.g. P, Q, R).\nPredicates: uppercase letters immediately followed by parentesis (e.g. H(x), M(y), Q(a,b) ). All predicates must use parentheses.\nVariables: first letter in lowercase, can be followed by letters and numbers (e.g., x, x0, xP0).\n\nWrite only the final proof in <proof>...</proof> tags. Only use <proof>...</proof> tags ONCE. Omit names of the rules. Only use these symbols inside the proof '&' , '->', '~', '|', '@', '(', ')', '{', '}', 'Ax', 'Ex'.\nDo not include explanations, commentary, or extra text inside and outside the <proof>...</proof> tags.\n""}, {'role': 'user', 'content': ""Prove 'Ex P(x), Ax (P(x)->Q(x)) |- Ex Q(x)', using the analytical tableau method. Final answer using the notation described. ""}, {'role': 'assistant', 'content': ' <proof>\n                        1. T Ex P(x) pre\n                        2. T Ax (P(x)->Q(x)) pre\n                        3. F Ex Q(x) conclusion\n                        4. T P(a) 1 \n                        5. T (P(a)->Q(a)) 2 \n                        6. F Q(a) 3 \n                        7.{ F P(a) 5 \n                        8. @ 4,7}    \n                        9.{ T Q(a) 5 \n                        10. @ 6,9}   \n                    </proof>'}, {'role': 'user', 'content': ""Prove 'Ax (P(x)|P(x)) |- Ax P(x)', using the analytical tableau method. Final answer using the notation described.""}, {'role': 'assistant', 'content': ' <proof>\n                            1. T Ax (P(x)|P(x)) pre \n                            2. F Ax P(x) conclusion\n                            3. F P(a) 2          \n                            4. T (P(a)|P(a)) 1   \n                            5.{ T P(a) 4         \n                            6. @ 3,5}            \n                            7.{ T P(a) 4         \n                            8. @ 3,7}            \n                        </proof>'}, {'role': 'user', 'content': ""Prove'|- Ax (B(x)->C(x))->(Ex B(x)->Ex C(x))' using the analytical tableau method. Only one final answer, surrounded by <proof>...</proof>, using the notation described.""}]","1. F ~Ax (B(x)->C(x)) -> (Ex B(x) -> Ex C(x)) conclusion
2. T Ax (B(x)->C(x)) 1
3. F Ex B(x) -> Ex C(x) 1
4. { T Ex B(x) 3
5. F Ex C(x) 3
6. T B(a) 4
7. T (B(a)->C(a)) 2
8. { F B(a) 7
9. @ 6,8}
10. { T C(a) 7
11. F C(b) 5
12. T C(b) 2
13. F C(b) 5
14. T (B(b)->C(b)) 2
15. { F B(b) 14
16. @ 6,15}
17. { T B(b) 14
18. T C(b) 14
19. @ 11,18}
20. @ 5,11,19}
21. @ 4,5}
}","1. F ~Ax (B(x)->C(x)) -> (Ex B(x) -> Ex C(x)) conclusion
2. T Ax (B(x)->C(x)) 1
3. F Ex B(x) -> Ex C(x) 1
4. { T Ex B(x) 3
5. F Ex C(x) 3
6. T B(a) 4
7. T (B(a)->C(a)) 2
8. { F B(a) 7
9. @ 6,8}
10. { T C(a) 7
11. F C(b) 5
12. T C(b) 2
13. F C(b) 5
14. T (B(b)->C(b)) 2
15. { F B(b) 14
16. @ 6,15}
17. { T B(b) 14
18. T C(b) 14
19. @ 11,18}
20. @ 5,11,19}
21. @ 4,5}
}","The following errors were found:

One of definitions are not completed. Please, check whether all rules are correctly written.
Recall that a rule of inference starts with a numeber, followed by . (reference line), the truth value of the formula (T or F), has a formula and the justification (premise, conclusion or one of the inference rules with its formula references).Sintax error:
20. @ 5,11,19}
          ^
",6.404868841171265,stop,1095,286
|- Ax (B(x)&C(x))->(Ax B(x)&Ax C(x)),"[{'role': 'system', 'content': ""\nYou are an expert in logic using the semantic Tableaux method. \nYou will receive a first order logic formula and must prove its validity using the semantic tableau method, represent the proof in a Fitch-like notation, following these formatting instructions:\n\n### FORMAT OF PROOF LINES: \nExpanding proof line must be structured like: '<line_number>. <T_or_F> <formula> <origin>'\n- <line_number>: sequential integer, always ending with a dot ('1.', '2.', '3.', ...)\n- <T_or_F> → T for true formulas, F for false formulas. \n- <formula>: the formula derived on that line\n- <origin> is exactly one of:\n    pre (for premises)\n    conclusion (for the conclusion)\n    a comma-separated list of line numbers indicating the formula(s) used to derive the current line (e.g. '1', '3', '1,3')\n\n### BRANCHING FORMAT \nUse curly braces { and } to open and close branches. \n{ must appear immediately after the line number that opens a branch (e.g. '8.{ F A|B 3') \n} must appear at the end of the line that closes that branch (e.g. '12. @ 5,7}'). Exception: the main (initial) branch does not require a closing }, since it is not opened by {.\nBranches may be nested. But a formula may only be used at a given point if it appeared earlier in the same branch or an outer (enclosing) branch to the current branch. Formulas from closed branches or sibling branches must not be used.\n\n### SYMBOLS \nUse the following symbols for logical operations: \n & = conjunction (and), \n | = disjunction (or), \n ~ = negation (not), \n -> = implication (implies).\n\nQuantifiers symbols:  \n    Ax represents ∀x  \n    Ex represents ∃x\nSo formulas with ∀x and ∃x will be represented by Ax and Ex (A and E followed by the variable x). For example, Ax (H(x)->M(x)) represents ∀x (H(x)→M(x)).\n\n###CONVENTIONS\nAtoms: only uppercase letters not immediately followed by parentesis (e.g. P, Q, R).\nPredicates: uppercase letters immediately followed by parentesis (e.g. H(x), M(y), Q(a,b) ). All predicates must use parentheses.\nVariables: first letter in lowercase, can be followed by letters and numbers (e.g., x, x0, xP0).\n\nWrite only the final proof in <proof>...</proof> tags. Only use <proof>...</proof> tags ONCE. Omit names of the rules. Only use these symbols inside the proof '&' , '->', '~', '|', '@', '(', ')', '{', '}', 'Ax', 'Ex'.\nDo not include explanations, commentary, or extra text inside and outside the <proof>...</proof> tags.\n""}, {'role': 'user', 'content': ""Prove 'Ex P(x), Ax (P(x)->Q(x)) |- Ex Q(x)', using the analytical tableau method. Final answer using the notation described. ""}, {'role': 'assistant', 'content': ' <proof>\n                        1. T Ex P(x) pre\n                        2. T Ax (P(x)->Q(x)) pre\n                        3. F Ex Q(x) conclusion\n                        4. T P(a) 1 \n                        5. T (P(a)->Q(a)) 2 \n                        6. F Q(a) 3 \n                        7.{ F P(a) 5 \n                        8. @ 4,7}    \n                        9.{ T Q(a) 5 \n                        10. @ 6,9}   \n                    </proof>'}, {'role': 'user', 'content': ""Prove 'Ax (P(x)|P(x)) |- Ax P(x)', using the analytical tableau method. Final answer using the notation described.""}, {'role': 'assistant', 'content': ' <proof>\n                            1. T Ax (P(x)|P(x)) pre \n                            2. F Ax P(x) conclusion\n                            3. F P(a) 2          \n                            4. T (P(a)|P(a)) 1   \n                            5.{ T P(a) 4         \n                            6. @ 3,5}            \n                            7.{ T P(a) 4         \n                            8. @ 3,7}            \n                        </proof>'}, {'role': 'user', 'content': ""Prove'|- Ax (B(x)&C(x))->(Ax B(x)&Ax C(x))' using the analytical tableau method. Only one final answer, surrounded by <proof>...</proof>, using the notation described.""}]","1. F ~Ax (B(x)&C(x)) -> (Ax B(x) & Ax C(x)) conclusion
2. T Ax (B(x)&C(x)) 1
3. F (Ax B(x) & Ax C(x)) 1
4. { F Ax B(x) 3
5. T (B(a)&C(a)) 2
6. T B(a) 5
7. T C(a) 5
8. F B(a) 4
9. @ 6,8}
10. { F Ax C(x) 3
11. T (B(b)&C(b)) 2
12. T B(b) 11
13. T C(b) 11
14. F C(b) 10
15. @ 13,14}
16. @ 4,10}","1. F ~Ax (B(x)&C(x)) -> (Ax B(x) & Ax C(x)) conclusion
2. T Ax (B(x)&C(x)) 1
3. F (Ax B(x) & Ax C(x)) 1
4. { F Ax B(x) 3
5. T (B(a)&C(a)) 2
6. T B(a) 5
7. T C(a) 5
8. F B(a) 4
9. @ 6,8}
10. { F Ax C(x) 3
11. T (B(b)&C(b)) 2
12. T B(b) 11
13. T C(b) 11
14. F C(b) 10
15. @ 13,14}
16. @ 4,10}","The following errors were found:

Error in line 16:
16. @ 4,10}
          ^, Closing branches without an open branch.
Error in line 2:
2. T Ax (B(x)&C(x)) 1
^, Formula Ax (B(x)&C(x)) (conclusion of the rule) must be the antecedent of the implication of the referenced formula with truth-value F.
Error in line 3:
3. F (Ax B(x) & Ax C(x)) 1
^, The previous line should be the rule ->F with the formula ~Ax (B(x)&C(x)).
Error in line 4:
4. { F Ax B(x) 3
^, A beta rule must have exactly two branches.
Error in line 8:
8. F B(a) 4
     ^, The variable used in this formula B(a) is not a new variable and therefore cannot be used in this rule.
Error in line 10:
10. { F Ax C(x) 3
^, A beta rule must have exactly two branches.
Error in line 14:
14. F C(b) 10
      ^, The variable used in this formula C(b) is not a new variable and therefore cannot be used in this rule.
Error in line 16:
16. @ 4,10}
      ^, The reference to the line formula 4 cannot be used, as this formula does not belong to this branch.
Error in line 16:
16. @ 4,10}
        ^, The reference to the line formula 10 cannot be used, as this formula does not belong to this branch.",4.107395172119141,stop,1095,225
|- ~Ex (B(x)&~B(x)),"[{'role': 'system', 'content': ""\nYou are an expert in logic using the semantic Tableaux method. \nYou will receive a first order logic formula and must prove its validity using the semantic tableau method, represent the proof in a Fitch-like notation, following these formatting instructions:\n\n### FORMAT OF PROOF LINES: \nExpanding proof line must be structured like: '<line_number>. <T_or_F> <formula> <origin>'\n- <line_number>: sequential integer, always ending with a dot ('1.', '2.', '3.', ...)\n- <T_or_F> → T for true formulas, F for false formulas. \n- <formula>: the formula derived on that line\n- <origin> is exactly one of:\n    pre (for premises)\n    conclusion (for the conclusion)\n    a comma-separated list of line numbers indicating the formula(s) used to derive the current line (e.g. '1', '3', '1,3')\n\n### BRANCHING FORMAT \nUse curly braces { and } to open and close branches. \n{ must appear immediately after the line number that opens a branch (e.g. '8.{ F A|B 3') \n} must appear at the end of the line that closes that branch (e.g. '12. @ 5,7}'). Exception: the main (initial) branch does not require a closing }, since it is not opened by {.\nBranches may be nested. But a formula may only be used at a given point if it appeared earlier in the same branch or an outer (enclosing) branch to the current branch. Formulas from closed branches or sibling branches must not be used.\n\n### SYMBOLS \nUse the following symbols for logical operations: \n & = conjunction (and), \n | = disjunction (or), \n ~ = negation (not), \n -> = implication (implies).\n\nQuantifiers symbols:  \n    Ax represents ∀x  \n    Ex represents ∃x\nSo formulas with ∀x and ∃x will be represented by Ax and Ex (A and E followed by the variable x). For example, Ax (H(x)->M(x)) represents ∀x (H(x)→M(x)).\n\n###CONVENTIONS\nAtoms: only uppercase letters not immediately followed by parentesis (e.g. P, Q, R).\nPredicates: uppercase letters immediately followed by parentesis (e.g. H(x), M(y), Q(a,b) ). All predicates must use parentheses.\nVariables: first letter in lowercase, can be followed by letters and numbers (e.g., x, x0, xP0).\n\nWrite only the final proof in <proof>...</proof> tags. Only use <proof>...</proof> tags ONCE. Omit names of the rules. Only use these symbols inside the proof '&' , '->', '~', '|', '@', '(', ')', '{', '}', 'Ax', 'Ex'.\nDo not include explanations, commentary, or extra text inside and outside the <proof>...</proof> tags.\n""}, {'role': 'user', 'content': ""Prove 'Ex P(x), Ax (P(x)->Q(x)) |- Ex Q(x)', using the analytical tableau method. Final answer using the notation described. ""}, {'role': 'assistant', 'content': ' <proof>\n                        1. T Ex P(x) pre\n                        2. T Ax (P(x)->Q(x)) pre\n                        3. F Ex Q(x) conclusion\n                        4. T P(a) 1 \n                        5. T (P(a)->Q(a)) 2 \n                        6. F Q(a) 3 \n                        7.{ F P(a) 5 \n                        8. @ 4,7}    \n                        9.{ T Q(a) 5 \n                        10. @ 6,9}   \n                    </proof>'}, {'role': 'user', 'content': ""Prove 'Ax (P(x)|P(x)) |- Ax P(x)', using the analytical tableau method. Final answer using the notation described.""}, {'role': 'assistant', 'content': ' <proof>\n                            1. T Ax (P(x)|P(x)) pre \n                            2. F Ax P(x) conclusion\n                            3. F P(a) 2          \n                            4. T (P(a)|P(a)) 1   \n                            5.{ T P(a) 4         \n                            6. @ 3,5}            \n                            7.{ T P(a) 4         \n                            8. @ 3,7}            \n                        </proof>'}, {'role': 'user', 'content': ""Prove'|- ~Ex (B(x)&~B(x))' using the analytical tableau method. Only one final answer, surrounded by <proof>...</proof>, using the notation described.""}]","1. F ~Ex (B(x)&~B(x)) conclusion
2. T Ex (B(x)&~B(x)) 1
3. T (B(a)&~B(a)) 2
4. T B(a) 3
5. T ~B(a) 3
6. F B(a) 5
7. @ 4,6","1. F ~Ex (B(x)&~B(x)) conclusion
2. T Ex (B(x)&~B(x)) 1
3. T (B(a)&~B(a)) 2
4. T B(a) 3
5. T ~B(a) 3
6. F B(a) 5
7. @ 4,6",The proof is valid.,2.390007972717285,stop,1086,97
|- Ax (B(x)->~C(x))->~Ex (B(x)&C(x)),"[{'role': 'system', 'content': ""\nYou are an expert in logic using the semantic Tableaux method. \nYou will receive a first order logic formula and must prove its validity using the semantic tableau method, represent the proof in a Fitch-like notation, following these formatting instructions:\n\n### FORMAT OF PROOF LINES: \nExpanding proof line must be structured like: '<line_number>. <T_or_F> <formula> <origin>'\n- <line_number>: sequential integer, always ending with a dot ('1.', '2.', '3.', ...)\n- <T_or_F> → T for true formulas, F for false formulas. \n- <formula>: the formula derived on that line\n- <origin> is exactly one of:\n    pre (for premises)\n    conclusion (for the conclusion)\n    a comma-separated list of line numbers indicating the formula(s) used to derive the current line (e.g. '1', '3', '1,3')\n\n### BRANCHING FORMAT \nUse curly braces { and } to open and close branches. \n{ must appear immediately after the line number that opens a branch (e.g. '8.{ F A|B 3') \n} must appear at the end of the line that closes that branch (e.g. '12. @ 5,7}'). Exception: the main (initial) branch does not require a closing }, since it is not opened by {.\nBranches may be nested. But a formula may only be used at a given point if it appeared earlier in the same branch or an outer (enclosing) branch to the current branch. Formulas from closed branches or sibling branches must not be used.\n\n### SYMBOLS \nUse the following symbols for logical operations: \n & = conjunction (and), \n | = disjunction (or), \n ~ = negation (not), \n -> = implication (implies).\n\nQuantifiers symbols:  \n    Ax represents ∀x  \n    Ex represents ∃x\nSo formulas with ∀x and ∃x will be represented by Ax and Ex (A and E followed by the variable x). For example, Ax (H(x)->M(x)) represents ∀x (H(x)→M(x)).\n\n###CONVENTIONS\nAtoms: only uppercase letters not immediately followed by parentesis (e.g. P, Q, R).\nPredicates: uppercase letters immediately followed by parentesis (e.g. H(x), M(y), Q(a,b) ). All predicates must use parentheses.\nVariables: first letter in lowercase, can be followed by letters and numbers (e.g., x, x0, xP0).\n\nWrite only the final proof in <proof>...</proof> tags. Only use <proof>...</proof> tags ONCE. Omit names of the rules. Only use these symbols inside the proof '&' , '->', '~', '|', '@', '(', ')', '{', '}', 'Ax', 'Ex'.\nDo not include explanations, commentary, or extra text inside and outside the <proof>...</proof> tags.\n""}, {'role': 'user', 'content': ""Prove 'Ex P(x), Ax (P(x)->Q(x)) |- Ex Q(x)', using the analytical tableau method. Final answer using the notation described. ""}, {'role': 'assistant', 'content': ' <proof>\n                        1. T Ex P(x) pre\n                        2. T Ax (P(x)->Q(x)) pre\n                        3. F Ex Q(x) conclusion\n                        4. T P(a) 1 \n                        5. T (P(a)->Q(a)) 2 \n                        6. F Q(a) 3 \n                        7.{ F P(a) 5 \n                        8. @ 4,7}    \n                        9.{ T Q(a) 5 \n                        10. @ 6,9}   \n                    </proof>'}, {'role': 'user', 'content': ""Prove 'Ax (P(x)|P(x)) |- Ax P(x)', using the analytical tableau method. Final answer using the notation described.""}, {'role': 'assistant', 'content': ' <proof>\n                            1. T Ax (P(x)|P(x)) pre \n                            2. F Ax P(x) conclusion\n                            3. F P(a) 2          \n                            4. T (P(a)|P(a)) 1   \n                            5.{ T P(a) 4         \n                            6. @ 3,5}            \n                            7.{ T P(a) 4         \n                            8. @ 3,7}            \n                        </proof>'}, {'role': 'user', 'content': ""Prove'|- Ax (B(x)->~C(x))->~Ex (B(x)&C(x))' using the analytical tableau method. Only one final answer, surrounded by <proof>...</proof>, using the notation described.""}]","1. F ~Ax (B(x)->~C(x)) -> ~Ex (B(x)&C(x)) conclusion
2. T Ax (B(x)->~C(x)) 1
3. F ~Ex (B(x)&C(x)) 1
4. T Ex (B(x)&C(x)) 3
5. T (B(a)&C(a)) 4
6. T B(a) 5
7. T C(a) 5
8. T (B(a)->~C(a)) 2
9. { F B(a) 8
10. @ 6,9}
11. { F ~C(a) 8
12. T C(a) 11
13. @ 7,12}
14. @ 9,11}","1. F ~Ax (B(x)->~C(x)) -> ~Ex (B(x)&C(x)) conclusion
2. T Ax (B(x)->~C(x)) 1
3. F ~Ex (B(x)&C(x)) 1
4. T Ex (B(x)&C(x)) 3
5. T (B(a)&C(a)) 4
6. T B(a) 5
7. T C(a) 5
8. T (B(a)->~C(a)) 2
9. { F B(a) 8
10. @ 6,9}
11. { F ~C(a) 8
12. T C(a) 11
13. @ 7,12}
14. @ 9,11}","The following errors were found:

Error in line 14:
14. @ 9,11}
          ^, Closing branches without an open branch.
Error in line 2:
2. T Ax (B(x)->~C(x)) 1
^, Formula Ax (B(x)->~C(x)) (conclusion of the rule) must be the antecedent of the implication of the referenced formula with truth-value F.
Error in line 3:
3. F ~Ex (B(x)&C(x)) 1
^, The previous line should be the rule ->F with the formula ~Ax (B(x)->~C(x)).
Error in line 9:
9. { F B(a) 8
^, A beta rule must have exactly two branches.
Error in line 11:
11. { F ~C(a) 8
      ^, Formula ~C(a) (conclusion of the rule) must be the consequent of the implication of the referenced formula with truth-value T.
Error in line 11:
11. { F ~C(a) 8
^, A beta rule must have exactly two branches.
Error in line 13:
13. @ 7,12}
      ^, None of the formulas referenced by the lines contradict the other formula.
Error in line 14:
14. @ 9,11}
      ^, The reference to the line formula 9 cannot be used, as this formula does not belong to this branch.
Error in line 14:
14. @ 9,11}
        ^, The reference to the line formula 11 cannot be used, as this formula does not belong to this branch.",4.007768630981445,stop,1096,206
|- Ax (B(x)|C(x))->(Ax ~B(x)->Ax C(x)),"[{'role': 'system', 'content': ""\nYou are an expert in logic using the semantic Tableaux method. \nYou will receive a first order logic formula and must prove its validity using the semantic tableau method, represent the proof in a Fitch-like notation, following these formatting instructions:\n\n### FORMAT OF PROOF LINES: \nExpanding proof line must be structured like: '<line_number>. <T_or_F> <formula> <origin>'\n- <line_number>: sequential integer, always ending with a dot ('1.', '2.', '3.', ...)\n- <T_or_F> → T for true formulas, F for false formulas. \n- <formula>: the formula derived on that line\n- <origin> is exactly one of:\n    pre (for premises)\n    conclusion (for the conclusion)\n    a comma-separated list of line numbers indicating the formula(s) used to derive the current line (e.g. '1', '3', '1,3')\n\n### BRANCHING FORMAT \nUse curly braces { and } to open and close branches. \n{ must appear immediately after the line number that opens a branch (e.g. '8.{ F A|B 3') \n} must appear at the end of the line that closes that branch (e.g. '12. @ 5,7}'). Exception: the main (initial) branch does not require a closing }, since it is not opened by {.\nBranches may be nested. But a formula may only be used at a given point if it appeared earlier in the same branch or an outer (enclosing) branch to the current branch. Formulas from closed branches or sibling branches must not be used.\n\n### SYMBOLS \nUse the following symbols for logical operations: \n & = conjunction (and), \n | = disjunction (or), \n ~ = negation (not), \n -> = implication (implies).\n\nQuantifiers symbols:  \n    Ax represents ∀x  \n    Ex represents ∃x\nSo formulas with ∀x and ∃x will be represented by Ax and Ex (A and E followed by the variable x). For example, Ax (H(x)->M(x)) represents ∀x (H(x)→M(x)).\n\n###CONVENTIONS\nAtoms: only uppercase letters not immediately followed by parentesis (e.g. P, Q, R).\nPredicates: uppercase letters immediately followed by parentesis (e.g. H(x), M(y), Q(a,b) ). All predicates must use parentheses.\nVariables: first letter in lowercase, can be followed by letters and numbers (e.g., x, x0, xP0).\n\nWrite only the final proof in <proof>...</proof> tags. Only use <proof>...</proof> tags ONCE. Omit names of the rules. Only use these symbols inside the proof '&' , '->', '~', '|', '@', '(', ')', '{', '}', 'Ax', 'Ex'.\nDo not include explanations, commentary, or extra text inside and outside the <proof>...</proof> tags.\n""}, {'role': 'user', 'content': ""Prove 'Ex P(x), Ax (P(x)->Q(x)) |- Ex Q(x)', using the analytical tableau method. Final answer using the notation described. ""}, {'role': 'assistant', 'content': ' <proof>\n                        1. T Ex P(x) pre\n                        2. T Ax (P(x)->Q(x)) pre\n                        3. F Ex Q(x) conclusion\n                        4. T P(a) 1 \n                        5. T (P(a)->Q(a)) 2 \n                        6. F Q(a) 3 \n                        7.{ F P(a) 5 \n                        8. @ 4,7}    \n                        9.{ T Q(a) 5 \n                        10. @ 6,9}   \n                    </proof>'}, {'role': 'user', 'content': ""Prove 'Ax (P(x)|P(x)) |- Ax P(x)', using the analytical tableau method. Final answer using the notation described.""}, {'role': 'assistant', 'content': ' <proof>\n                            1. T Ax (P(x)|P(x)) pre \n                            2. F Ax P(x) conclusion\n                            3. F P(a) 2          \n                            4. T (P(a)|P(a)) 1   \n                            5.{ T P(a) 4         \n                            6. @ 3,5}            \n                            7.{ T P(a) 4         \n                            8. @ 3,7}            \n                        </proof>'}, {'role': 'user', 'content': ""Prove'|- Ax (B(x)|C(x))->(Ax ~B(x)->Ax C(x))' using the analytical tableau method. Only one final answer, surrounded by <proof>...</proof>, using the notation described.""}]","1. F ~Ax (B(x)|C(x)) -> (Ax ~B(x) -> Ax C(x)) conclusion
2. T Ax (B(x)|C(x)) 1
3. F Ax ~B(x) -> Ax C(x) 1
4. T Ax ~B(x) 3
5. F Ax C(x) 3
6. T (B(a)|C(a)) 2
7. T ~B(b) 4
8. F C(c) 5
9. { T B(a) 6
10. @ 7,9}
11. { T C(a) 6
12. @ 8,11}
13. { F B(a) 6
14. F C(a) 6
15. { T ~B(a) 13
16. @ 7,15}
17. { T ~B(a) 14
18. @ 7,17}
19. { F B(a) 14
20. F C(a) 14
21. { T ~B(a) 19
22. @ 7,21}
23. { T ~B(a) 20
24. @ 7,23}
25. @ 2,3,4,5}","1. F ~Ax (B(x)|C(x)) -> (Ax ~B(x) -> Ax C(x)) conclusion
2. T Ax (B(x)|C(x)) 1
3. F Ax ~B(x) -> Ax C(x) 1
4. T Ax ~B(x) 3
5. F Ax C(x) 3
6. T (B(a)|C(a)) 2
7. T ~B(b) 4
8. F C(c) 5
9. { T B(a) 6
10. @ 7,9}
11. { T C(a) 6
12. @ 8,11}
13. { F B(a) 6
14. F C(a) 6
15. { T ~B(a) 13
16. @ 7,15}
17. { T ~B(a) 14
18. @ 7,17}
19. { F B(a) 14
20. F C(a) 14
21. { T ~B(a) 19
22. @ 7,21}
23. { T ~B(a) 20
24. @ 7,23}
25. @ 2,3,4,5}","The following errors were found:

One of definitions are not completed. Please, check whether all rules are correctly written.
Recall that a rule of inference starts with a numeber, followed by . (reference line), the truth value of the formula (T or F), has a formula and the justification (premise, conclusion or one of the inference rules with its formula references).Sintax error:
25. @ 2,3,4,5}
         ^
",7.455156326293945,stop,1096,337
|- Ex (B(x)->Ay C(y))->(Ax B(x)->Ay C(y)),"[{'role': 'system', 'content': ""\nYou are an expert in logic using the semantic Tableaux method. \nYou will receive a first order logic formula and must prove its validity using the semantic tableau method, represent the proof in a Fitch-like notation, following these formatting instructions:\n\n### FORMAT OF PROOF LINES: \nExpanding proof line must be structured like: '<line_number>. <T_or_F> <formula> <origin>'\n- <line_number>: sequential integer, always ending with a dot ('1.', '2.', '3.', ...)\n- <T_or_F> → T for true formulas, F for false formulas. \n- <formula>: the formula derived on that line\n- <origin> is exactly one of:\n    pre (for premises)\n    conclusion (for the conclusion)\n    a comma-separated list of line numbers indicating the formula(s) used to derive the current line (e.g. '1', '3', '1,3')\n\n### BRANCHING FORMAT \nUse curly braces { and } to open and close branches. \n{ must appear immediately after the line number that opens a branch (e.g. '8.{ F A|B 3') \n} must appear at the end of the line that closes that branch (e.g. '12. @ 5,7}'). Exception: the main (initial) branch does not require a closing }, since it is not opened by {.\nBranches may be nested. But a formula may only be used at a given point if it appeared earlier in the same branch or an outer (enclosing) branch to the current branch. Formulas from closed branches or sibling branches must not be used.\n\n### SYMBOLS \nUse the following symbols for logical operations: \n & = conjunction (and), \n | = disjunction (or), \n ~ = negation (not), \n -> = implication (implies).\n\nQuantifiers symbols:  \n    Ax represents ∀x  \n    Ex represents ∃x\nSo formulas with ∀x and ∃x will be represented by Ax and Ex (A and E followed by the variable x). For example, Ax (H(x)->M(x)) represents ∀x (H(x)→M(x)).\n\n###CONVENTIONS\nAtoms: only uppercase letters not immediately followed by parentesis (e.g. P, Q, R).\nPredicates: uppercase letters immediately followed by parentesis (e.g. H(x), M(y), Q(a,b) ). All predicates must use parentheses.\nVariables: first letter in lowercase, can be followed by letters and numbers (e.g., x, x0, xP0).\n\nWrite only the final proof in <proof>...</proof> tags. Only use <proof>...</proof> tags ONCE. Omit names of the rules. Only use these symbols inside the proof '&' , '->', '~', '|', '@', '(', ')', '{', '}', 'Ax', 'Ex'.\nDo not include explanations, commentary, or extra text inside and outside the <proof>...</proof> tags.\n""}, {'role': 'user', 'content': ""Prove 'Ex P(x), Ax (P(x)->Q(x)) |- Ex Q(x)', using the analytical tableau method. Final answer using the notation described. ""}, {'role': 'assistant', 'content': ' <proof>\n                        1. T Ex P(x) pre\n                        2. T Ax (P(x)->Q(x)) pre\n                        3. F Ex Q(x) conclusion\n                        4. T P(a) 1 \n                        5. T (P(a)->Q(a)) 2 \n                        6. F Q(a) 3 \n                        7.{ F P(a) 5 \n                        8. @ 4,7}    \n                        9.{ T Q(a) 5 \n                        10. @ 6,9}   \n                    </proof>'}, {'role': 'user', 'content': ""Prove 'Ax (P(x)|P(x)) |- Ax P(x)', using the analytical tableau method. Final answer using the notation described.""}, {'role': 'assistant', 'content': ' <proof>\n                            1. T Ax (P(x)|P(x)) pre \n                            2. F Ax P(x) conclusion\n                            3. F P(a) 2          \n                            4. T (P(a)|P(a)) 1   \n                            5.{ T P(a) 4         \n                            6. @ 3,5}            \n                            7.{ T P(a) 4         \n                            8. @ 3,7}            \n                        </proof>'}, {'role': 'user', 'content': ""Prove'|- Ex (B(x)->Ay C(y))->(Ax B(x)->Ay C(y))' using the analytical tableau method. Only one final answer, surrounded by <proof>...</proof>, using the notation described.""}]","1. F ~ (Ex (B(x) -> Ay C(y)) -> (Ax B(x) -> Ay C(y))) conclusion
2. T Ex (B(x) -> Ay C(y)) 1
3. F (Ax B(x) -> Ay C(y)) 1
4. T Ax B(x) 3
5. F Ay C(y) 3
6. T B(a) 2,4
7. T B(b) 4
8. T B(c) 4
9. F C(a) 5
10. F C(b) 5
11. F C(c) 5
12. T (B(a) -> Ay C(y)) 2
13. { F B(a) 12
14. @ 6,13}
15. { T Ay C(y) 12
16. { T C(a) 15
17. @ 9,16}
18. { T C(b) 15
19. @ 10,18}
20. { T C(c) 15
21. @ 11,20}
22. @ 2,3,4,5}","1. F ~ (Ex (B(x) -> Ay C(y)) -> (Ax B(x) -> Ay C(y))) conclusion
2. T Ex (B(x) -> Ay C(y)) 1
3. F (Ax B(x) -> Ay C(y)) 1
4. T Ax B(x) 3
5. F Ay C(y) 3
6. T B(a) 2,4
7. T B(b) 4
8. T B(c) 4
9. F C(a) 5
10. F C(b) 5
11. F C(c) 5
12. T (B(a) -> Ay C(y)) 2
13. { F B(a) 12
14. @ 6,13}
15. { T Ay C(y) 12
16. { T C(a) 15
17. @ 9,16}
18. { T C(b) 15
19. @ 10,18}
20. { T C(c) 15
21. @ 11,20}
22. @ 2,3,4,5}","The following errors were found:

One of definitions are not completed. Please, check whether all rules are correctly written.
Recall that a rule of inference starts with a numeber, followed by . (reference line), the truth value of the formula (T or F), has a formula and the justification (premise, conclusion or one of the inference rules with its formula references).Sintax error:
6. T B(a) 2,4
           ^
",5.715662240982056,stop,1096,306
|- ~Ex (B(x)&~C(x))->Ax (B(x)->C(x)),"[{'role': 'system', 'content': ""\nYou are an expert in logic using the semantic Tableaux method. \nYou will receive a first order logic formula and must prove its validity using the semantic tableau method, represent the proof in a Fitch-like notation, following these formatting instructions:\n\n### FORMAT OF PROOF LINES: \nExpanding proof line must be structured like: '<line_number>. <T_or_F> <formula> <origin>'\n- <line_number>: sequential integer, always ending with a dot ('1.', '2.', '3.', ...)\n- <T_or_F> → T for true formulas, F for false formulas. \n- <formula>: the formula derived on that line\n- <origin> is exactly one of:\n    pre (for premises)\n    conclusion (for the conclusion)\n    a comma-separated list of line numbers indicating the formula(s) used to derive the current line (e.g. '1', '3', '1,3')\n\n### BRANCHING FORMAT \nUse curly braces { and } to open and close branches. \n{ must appear immediately after the line number that opens a branch (e.g. '8.{ F A|B 3') \n} must appear at the end of the line that closes that branch (e.g. '12. @ 5,7}'). Exception: the main (initial) branch does not require a closing }, since it is not opened by {.\nBranches may be nested. But a formula may only be used at a given point if it appeared earlier in the same branch or an outer (enclosing) branch to the current branch. Formulas from closed branches or sibling branches must not be used.\n\n### SYMBOLS \nUse the following symbols for logical operations: \n & = conjunction (and), \n | = disjunction (or), \n ~ = negation (not), \n -> = implication (implies).\n\nQuantifiers symbols:  \n    Ax represents ∀x  \n    Ex represents ∃x\nSo formulas with ∀x and ∃x will be represented by Ax and Ex (A and E followed by the variable x). For example, Ax (H(x)->M(x)) represents ∀x (H(x)→M(x)).\n\n###CONVENTIONS\nAtoms: only uppercase letters not immediately followed by parentesis (e.g. P, Q, R).\nPredicates: uppercase letters immediately followed by parentesis (e.g. H(x), M(y), Q(a,b) ). All predicates must use parentheses.\nVariables: first letter in lowercase, can be followed by letters and numbers (e.g., x, x0, xP0).\n\nWrite only the final proof in <proof>...</proof> tags. Only use <proof>...</proof> tags ONCE. Omit names of the rules. Only use these symbols inside the proof '&' , '->', '~', '|', '@', '(', ')', '{', '}', 'Ax', 'Ex'.\nDo not include explanations, commentary, or extra text inside and outside the <proof>...</proof> tags.\n""}, {'role': 'user', 'content': ""Prove 'Ex P(x), Ax (P(x)->Q(x)) |- Ex Q(x)', using the analytical tableau method. Final answer using the notation described. ""}, {'role': 'assistant', 'content': ' <proof>\n                        1. T Ex P(x) pre\n                        2. T Ax (P(x)->Q(x)) pre\n                        3. F Ex Q(x) conclusion\n                        4. T P(a) 1 \n                        5. T (P(a)->Q(a)) 2 \n                        6. F Q(a) 3 \n                        7.{ F P(a) 5 \n                        8. @ 4,7}    \n                        9.{ T Q(a) 5 \n                        10. @ 6,9}   \n                    </proof>'}, {'role': 'user', 'content': ""Prove 'Ax (P(x)|P(x)) |- Ax P(x)', using the analytical tableau method. Final answer using the notation described.""}, {'role': 'assistant', 'content': ' <proof>\n                            1. T Ax (P(x)|P(x)) pre \n                            2. F Ax P(x) conclusion\n                            3. F P(a) 2          \n                            4. T (P(a)|P(a)) 1   \n                            5.{ T P(a) 4         \n                            6. @ 3,5}            \n                            7.{ T P(a) 4         \n                            8. @ 3,7}            \n                        </proof>'}, {'role': 'user', 'content': ""Prove'|- ~Ex (B(x)&~C(x))->Ax (B(x)->C(x))' using the analytical tableau method. Only one final answer, surrounded by <proof>...</proof>, using the notation described.""}]","1. F ~Ex (B(x)&~C(x)) -> Ax (B(x)->C(x)) conclusion
2. T ~Ex (B(x)&~C(x)) 1
3. F Ax (B(x)->C(x)) 1
4. T Ex (B(x)&~C(x)) 2
5. F B(a) 3
6. T (B(a)->C(a)) 3
7. T B(a) 4
8. T ~C(a) 4
9. F B(a) 6,7
10. @ 5,9
11. T C(a) 6
12. @ 8,11
13. @ 4,5,6}
14. @ 2,3}","1. F ~Ex (B(x)&~C(x)) -> Ax (B(x)->C(x)) conclusion
2. T ~Ex (B(x)&~C(x)) 1
3. F Ax (B(x)->C(x)) 1
4. T Ex (B(x)&~C(x)) 2
5. F B(a) 3
6. T (B(a)->C(a)) 3
7. T B(a) 4
8. T ~C(a) 4
9. F B(a) 6,7
10. @ 5,9
11. T C(a) 6
12. @ 8,11
13. @ 4,5,6}
14. @ 2,3}","The following errors were found:

One of definitions are not completed. Please, check whether all rules are correctly written.
Recall that a rule of inference starts with a numeber, followed by . (reference line), the truth value of the formula (T or F), has a formula and the justification (premise, conclusion or one of the inference rules with its formula references).Sintax error:
9. F B(a) 6,7
           ^
",4.534064292907715,stop,1096,197
|- Ax (B(x)->(C(x)&D(x)))->(Ax B(x)->Ax C(x)),"[{'role': 'system', 'content': ""\nYou are an expert in logic using the semantic Tableaux method. \nYou will receive a first order logic formula and must prove its validity using the semantic tableau method, represent the proof in a Fitch-like notation, following these formatting instructions:\n\n### FORMAT OF PROOF LINES: \nExpanding proof line must be structured like: '<line_number>. <T_or_F> <formula> <origin>'\n- <line_number>: sequential integer, always ending with a dot ('1.', '2.', '3.', ...)\n- <T_or_F> → T for true formulas, F for false formulas. \n- <formula>: the formula derived on that line\n- <origin> is exactly one of:\n    pre (for premises)\n    conclusion (for the conclusion)\n    a comma-separated list of line numbers indicating the formula(s) used to derive the current line (e.g. '1', '3', '1,3')\n\n### BRANCHING FORMAT \nUse curly braces { and } to open and close branches. \n{ must appear immediately after the line number that opens a branch (e.g. '8.{ F A|B 3') \n} must appear at the end of the line that closes that branch (e.g. '12. @ 5,7}'). Exception: the main (initial) branch does not require a closing }, since it is not opened by {.\nBranches may be nested. But a formula may only be used at a given point if it appeared earlier in the same branch or an outer (enclosing) branch to the current branch. Formulas from closed branches or sibling branches must not be used.\n\n### SYMBOLS \nUse the following symbols for logical operations: \n & = conjunction (and), \n | = disjunction (or), \n ~ = negation (not), \n -> = implication (implies).\n\nQuantifiers symbols:  \n    Ax represents ∀x  \n    Ex represents ∃x\nSo formulas with ∀x and ∃x will be represented by Ax and Ex (A and E followed by the variable x). For example, Ax (H(x)->M(x)) represents ∀x (H(x)→M(x)).\n\n###CONVENTIONS\nAtoms: only uppercase letters not immediately followed by parentesis (e.g. P, Q, R).\nPredicates: uppercase letters immediately followed by parentesis (e.g. H(x), M(y), Q(a,b) ). All predicates must use parentheses.\nVariables: first letter in lowercase, can be followed by letters and numbers (e.g., x, x0, xP0).\n\nWrite only the final proof in <proof>...</proof> tags. Only use <proof>...</proof> tags ONCE. Omit names of the rules. Only use these symbols inside the proof '&' , '->', '~', '|', '@', '(', ')', '{', '}', 'Ax', 'Ex'.\nDo not include explanations, commentary, or extra text inside and outside the <proof>...</proof> tags.\n""}, {'role': 'user', 'content': ""Prove 'Ex P(x), Ax (P(x)->Q(x)) |- Ex Q(x)', using the analytical tableau method. Final answer using the notation described. ""}, {'role': 'assistant', 'content': ' <proof>\n                        1. T Ex P(x) pre\n                        2. T Ax (P(x)->Q(x)) pre\n                        3. F Ex Q(x) conclusion\n                        4. T P(a) 1 \n                        5. T (P(a)->Q(a)) 2 \n                        6. F Q(a) 3 \n                        7.{ F P(a) 5 \n                        8. @ 4,7}    \n                        9.{ T Q(a) 5 \n                        10. @ 6,9}   \n                    </proof>'}, {'role': 'user', 'content': ""Prove 'Ax (P(x)|P(x)) |- Ax P(x)', using the analytical tableau method. Final answer using the notation described.""}, {'role': 'assistant', 'content': ' <proof>\n                            1. T Ax (P(x)|P(x)) pre \n                            2. F Ax P(x) conclusion\n                            3. F P(a) 2          \n                            4. T (P(a)|P(a)) 1   \n                            5.{ T P(a) 4         \n                            6. @ 3,5}            \n                            7.{ T P(a) 4         \n                            8. @ 3,7}            \n                        </proof>'}, {'role': 'user', 'content': ""Prove'|- Ax (B(x)->(C(x)&D(x)))->(Ax B(x)->Ax C(x))' using the analytical tableau method. Only one final answer, surrounded by <proof>...</proof>, using the notation described.""}]","1. F ~Ax (B(x)->(C(x)&D(x)))->(Ax B(x)->Ax C(x)) conclusion
2. T Ax (B(x)->(C(x)&D(x))) 1
3. F Ax B(x)->Ax C(x) 1
4. { F Ax B(x) 3
5. T Ax C(x) 3
6. F Ax B(x) 4
7. T B(a) 6
8. T (B(a)->(C(a)&D(a))) 2
9. { F B(a) 8
10. @ 7,9}
11. { T (C(a)&D(a)) 8
12. T C(a) 11
13. T D(a) 11
14. T C(b) 5
15. T C(c) 5
16. @ 6,14}
17. @ 3,5}
18. @ 1,2,3}","1. F ~Ax (B(x)->(C(x)&D(x)))->(Ax B(x)->Ax C(x)) conclusion
2. T Ax (B(x)->(C(x)&D(x))) 1
3. F Ax B(x)->Ax C(x) 1
4. { F Ax B(x) 3
5. T Ax C(x) 3
6. F Ax B(x) 4
7. T B(a) 6
8. T (B(a)->(C(a)&D(a))) 2
9. { F B(a) 8
10. @ 7,9}
11. { T (C(a)&D(a)) 8
12. T C(a) 11
13. T D(a) 11
14. T C(b) 5
15. T C(c) 5
16. @ 6,14}
17. @ 3,5}
18. @ 1,2,3}","The following errors were found:

One of definitions are not completed. Please, check whether all rules are correctly written.
Recall that a rule of inference starts with a numeber, followed by . (reference line), the truth value of the formula (T or F), has a formula and the justification (premise, conclusion or one of the inference rules with its formula references).Sintax error:
18. @ 1,2,3}
         ^
",4.397281885147095,stop,1101,259
|- Ax (Ey B(y)->C(x))->(Ey B(y)->Ax C(x)),"[{'role': 'system', 'content': ""\nYou are an expert in logic using the semantic Tableaux method. \nYou will receive a first order logic formula and must prove its validity using the semantic tableau method, represent the proof in a Fitch-like notation, following these formatting instructions:\n\n### FORMAT OF PROOF LINES: \nExpanding proof line must be structured like: '<line_number>. <T_or_F> <formula> <origin>'\n- <line_number>: sequential integer, always ending with a dot ('1.', '2.', '3.', ...)\n- <T_or_F> → T for true formulas, F for false formulas. \n- <formula>: the formula derived on that line\n- <origin> is exactly one of:\n    pre (for premises)\n    conclusion (for the conclusion)\n    a comma-separated list of line numbers indicating the formula(s) used to derive the current line (e.g. '1', '3', '1,3')\n\n### BRANCHING FORMAT \nUse curly braces { and } to open and close branches. \n{ must appear immediately after the line number that opens a branch (e.g. '8.{ F A|B 3') \n} must appear at the end of the line that closes that branch (e.g. '12. @ 5,7}'). Exception: the main (initial) branch does not require a closing }, since it is not opened by {.\nBranches may be nested. But a formula may only be used at a given point if it appeared earlier in the same branch or an outer (enclosing) branch to the current branch. Formulas from closed branches or sibling branches must not be used.\n\n### SYMBOLS \nUse the following symbols for logical operations: \n & = conjunction (and), \n | = disjunction (or), \n ~ = negation (not), \n -> = implication (implies).\n\nQuantifiers symbols:  \n    Ax represents ∀x  \n    Ex represents ∃x\nSo formulas with ∀x and ∃x will be represented by Ax and Ex (A and E followed by the variable x). For example, Ax (H(x)->M(x)) represents ∀x (H(x)→M(x)).\n\n###CONVENTIONS\nAtoms: only uppercase letters not immediately followed by parentesis (e.g. P, Q, R).\nPredicates: uppercase letters immediately followed by parentesis (e.g. H(x), M(y), Q(a,b) ). All predicates must use parentheses.\nVariables: first letter in lowercase, can be followed by letters and numbers (e.g., x, x0, xP0).\n\nWrite only the final proof in <proof>...</proof> tags. Only use <proof>...</proof> tags ONCE. Omit names of the rules. Only use these symbols inside the proof '&' , '->', '~', '|', '@', '(', ')', '{', '}', 'Ax', 'Ex'.\nDo not include explanations, commentary, or extra text inside and outside the <proof>...</proof> tags.\n""}, {'role': 'user', 'content': ""Prove 'Ex P(x), Ax (P(x)->Q(x)) |- Ex Q(x)', using the analytical tableau method. Final answer using the notation described. ""}, {'role': 'assistant', 'content': ' <proof>\n                        1. T Ex P(x) pre\n                        2. T Ax (P(x)->Q(x)) pre\n                        3. F Ex Q(x) conclusion\n                        4. T P(a) 1 \n                        5. T (P(a)->Q(a)) 2 \n                        6. F Q(a) 3 \n                        7.{ F P(a) 5 \n                        8. @ 4,7}    \n                        9.{ T Q(a) 5 \n                        10. @ 6,9}   \n                    </proof>'}, {'role': 'user', 'content': ""Prove 'Ax (P(x)|P(x)) |- Ax P(x)', using the analytical tableau method. Final answer using the notation described.""}, {'role': 'assistant', 'content': ' <proof>\n                            1. T Ax (P(x)|P(x)) pre \n                            2. F Ax P(x) conclusion\n                            3. F P(a) 2          \n                            4. T (P(a)|P(a)) 1   \n                            5.{ T P(a) 4         \n                            6. @ 3,5}            \n                            7.{ T P(a) 4         \n                            8. @ 3,7}            \n                        </proof>'}, {'role': 'user', 'content': ""Prove'|- Ax (Ey B(y)->C(x))->(Ey B(y)->Ax C(x))' using the analytical tableau method. Only one final answer, surrounded by <proof>...</proof>, using the notation described.""}]","1. F ~Ax (Ey B(y)->C(x)) -> (Ey B(y) -> Ax C(x)) conclusion
2. T Ax (Ey B(y)->C(x)) 1
3. F Ey B(y) -> Ax C(x) 1
4. { T Ey B(y) 3
5. { T Ax C(x) 3
6. @ 4,5}
7. { F Ey B(y) 3
8. { F Ax C(x) 3
9. { T Ey B(y) 7
10. { T Ax C(x) 7
11. @ 8,10}
12. { F Ey B(y) 7
13. { F Ax C(x) 7
14. T B(a) 9
15. T C(b) 10
16. @ 14,15}
17. { T Ey B(y) 9
18. { T Ax C(x) 9
19. T B(a) 17
20. T C(b) 18
21. @ 17,20}
22. { F Ey B(y) 9
23. { F Ax C(x) 9
24. T B(a) 22
25. T C(b) 23
26. @ 24,25}
27. { T Ey B(y) 12
28. { T Ax C(x) 12
29. T B(a) 27
30. T C(b) 28
31. @ 29,30}
32. { F Ey B(y) 12
33. { F Ax C(x) 12
34. T B(a) 32
35. T C(b) 33
36. @ 34,35}
37. T (Ey B(y)->C(x)) 2
38. T (Ey B(y)->C(x)) 37
39. T (Ey B(y)->C(a)) 2
40. T (Ey B(y)->C(b)) 2
41. { F Ey B(y) 38
42. { F C(a) 38
43. { F C(b) 38
44. T Ey B(y) 41
45. T B(a) 44
46. T C(a) 42
47. @ 45,46}
48. { T Ey B(y) 41
49. T B(a) 44
50. T C(b) 43
51. @ 49,50}
52. { F Ey B(y) 41
53. { F C(a) 41
54. { F C(b) 41
55. T Ey B(y) 52
56. T B(a) 55
57. T C(a) 53
58. @ 56,57}
59. { T Ey B(y) 52
60. T B(a) 55
61. T C(b) 54
62. @ 59,61}
63. { F Ey B(y) 52
64. { F C(a) 52
65. { F C(b) 52
66. T Ey B(y) 63
67. T B(a) 66
68. T C(a) 64
69. @ 67,68}
70. { T Ey B(y) 63
71. T B(a) 66
72. T C(b) 65
73. @ 70,72}
74. { F Ey B(y) 63
75. { F C(a) 63
76. { F C(b) 63
77. T Ey B(y) 74
78. T B(a) 77
79. T C(a) 75
80. @ 78,79}
81. { T Ey B(y) 74
82. T B(a) 77
83. T C(b) 76
84. @ 81,83}
85. { F Ey B(y) 74
86. { F C(a) 74
87. { F C(b) 74
88. T Ey B(y) 85
89. T B(a) 88
90. T C(a) 86
91. @ 89,90}
92. { T Ey B(y) 85
93. T B(a) 88
94. T C(b) 87
95. @ 92,94}
96. { F Ey B(y) 85
97. { F C(a) 85
98. { F C(b) 85
99. T Ey B(y) 96
100. T B(a) 99
101. T C(a) 97
102. @ 100,101}
103. { T Ey B(y) 96
104. T B(a) 99
105. T C(b) 98
106. @ 103,105}
107. { F Ey B(y) 96
108. { F C(a) 96
109. { F C(b) 96
110. T Ey B(y) 107
111. T B(a) 110
112. T C(a) 108
113. @ 111,112}
114. { T Ey B(y) 107
115. T B(a) 110
116. T C(b) 109
117. @ 114,116}
118. { F Ey B(y) 107
119. { F C(a) 107
120. { F C(b) 107
121. T Ey B(y) 118
122. T B(a) 121
123. T C(a) 119
124. @ 122,123}
125. { T Ey B(y) 118
126. T B(a) 121
127. T C(b) 120
128. @ 125,127}
129. { F Ey B(y) 118
130. { F C(a) 118
131. { F C(b) 118
132. T Ey B(y) 129
133. T B(a) 132
134. T C(a) 130
135. @ 133,134}
136. { T Ey B(y) 129
137. T B(a) 132
138. T C(b) 131
139. @ 136,138}
140. { F Ey B(y) 129
141. { F C(a) 129
142. { F C(b) 129
143. T Ey B(y) 140
144. T B(a) 143
145. T C(a) 141
146. @ 144,145}
147. { T Ey B(y) 140
148. T B(a) 143
149. T C(b) 142
150. @ 147,149}
151. { F Ey B(y) 140
152. { F C(a) 140
153. { F C(b) 140
154. T Ey B(y) 151
155. T B(a) 154
156. T C(a) 152
157. @ 155,156}
158. { T Ey B(y) 151
159. T B(a) 154
160. T C(b) 153
161. @ 158,160}
162. { F Ey B(y) 151
163. { F C(a) 151
164. { F C(b) 151
165. T Ey B(y) 162
166. T B(a) 165
167. T C(a) 163
168. @ 166,167}
169. { T Ey B(y) 162
170. T B(a) 165
171. T C(b) 164
172. @ 169,171}
173. { F Ey B(y) 162
174. { F C(a) 162
175. { F C(b) 162
176. T Ey B(y) 173
177. T B(a) 176
178. T C(a) 174
179. @ 177,178}
180. { T Ey B(y) 173
181. T B(a) 176
182. T C(b) 175
183. @ 180,182}
184. { F Ey B(y) 173
185. { F C(a) 173
186. { F C(b) 173
187. T Ey B(y) 184
188. T B(a) 187
189. T C(a) 185
190. @ 188,189}
191. { T Ey B(y) 184
192. T B(a) 187
193. T C(b) 186
194. @ 191,193}
195. { F Ey B(y) 184
196. { F C(a) 184
197. { F C(b) 184
198. T Ey B(y) 195
199. T B(a) 198
200. T C(a) 196
201. @ 199,200}
202. { T Ey B(y) 195
203. T B(a) 198
204. T C(b) 197
205. @ 202,204}
206. { F Ey B(y) 195
207. { F C(a) 195
208. { F C(b) 195
209. T Ey B(y) 206
210. T B(a) 209
211. T C(a) 207
212. @ 210,211}
213. { T Ey B(y) 206
214. T B(a) 209
215. T C(b) 208
216. @ 213,215}
217. { F Ey B(y) 206
218. { F C(a) 206
219. { F C(b) 206
220. T Ey B(y) 217
221. T B(a) 220
222. T C(a) 218
223. @ 221,222}
224. { T Ey B(y) 217
225. T B(a) 220
226. T C(b) 219
227. @ 224,226}
228. { F Ey B(y) 217
229. { F C(a) 217
230. { F C(b) 217
231. T Ey B(y) 228
232. T B(a) 231
233. T C(a) 229
234. @ 232,233}
235. { T Ey B(y) 228
236. T B(a) 231
237. T C(b) 230
238. @ 235,237}
239. { F Ey B(y) 228
240. { F C(a) 228
241. { F C(b) 228
242. T Ey B(y) 239
243. T B(a) 242
244. T C(a) 240
245. @ 243,244}
246. { T Ey B(y) 239
247. T B(a) 242
248. T C(b) 241
249. @ 246,248}
250. { F Ey B(y) 239
251. { F C(a) 239
252. { F C(b) 239
253. T Ey B(y) 250
254. T B(a) 253
255. T C(a) 251
256. @ 254,255}
257. { T Ey B(y) 250
258. T B(a) 253
259. T C(b) 252
260. @ 257,259}
261. { F Ey B(y) 250
262. { F C(a) 250
263. { F C(b) 250
264. T Ey B(y) 261
265. T B(a) 264
266. T C(a) 262
267. @ 265,266}
268. { T Ey B(y) 261
269. T B(a) 264
270. T C(b) 263
271. @ 268,270}
272. { F Ey B(y) 261
273. { F C(a) 261
274. { F C(b) 261
275. T Ey B(y) 272
276. T B(a) 275
277. T C(a) 273
278. @ 276,277}
279. { T Ey B(y) 272
280. T B(a) 275
281. T C(b) 274
282. @ 279,281}
283. { F Ey B(y) 272
284. { F C(a) 272
285. { F C(b) 272
286. T Ey B(y) 283
287. T B(a) 286
288. T C(a) 284
289. @ 287,288}
290. { T Ey B(y) 283
291. T B(a) 286
292. T C(b) 285
293. @ 290,292}
294. { F Ey B(y) 283
295. { F C(a) 283
296. { F C(b) 283
297. T Ey B(y) 294
298. T B(a) 297
299. T C(a) 295
300. @ 298,299}
301. { T Ey B(y) 294
302. T B(a) 297
303. T C(b) 296
304. @ 301,303}
305. { F Ey B(y) 294
306. { F C(a) 294
307. { F C(b) 294
308. T Ey B(y) 305
309. T B(a) 308
310. T C(a) 306
311. @ 309,310}
312. { T Ey B(y) 305
313. T B(a) 308
314. T C(b) 307
315. @ 312,314}
316. { F Ey B(y) 305
317. { F C(a) 305
318. { F C(b) 305
319. T Ey B(y) 316
320. T B(a) 319
321. T C(a) 317
322. @ 320,321}
323. { T Ey B(y) 316
324. T B(a) 319
325. T C(b) 318
326. @ 323,325}
327. { F Ey B(y) 316
328. { F C(a) 316
329. { F C(b) 316
330. T Ey B(y) 327
331. T B(a) 330
332. T C(a) 328
333. @ 331,332}
334. { T Ey B(y) 327
335. T B(a) 330
336. T C(b) 329
337. @ 334,336}
338. { F Ey B(y) 327
339. { F C(a) 327
340. { F C(b) 327
341. T Ey B(y) 338
342. T B(a) 341
343. T C(a) 339
344. @ 342,343}
345. { T Ey B(y) 338
346. T B(a) 341
347. T C(b) 340
348. @ 345,347}
349. { F Ey B(y) 338
350. { F C(a) 338
351. { F C(b) 338
352. T Ey B(y) 349
353. T B(a) 352
354. T C(a) 350
355. @ 353,354}
356. { T Ey B(y) 349
357. T B(a) 352
358. T C(b) 351
359. @ 356,358}
360. { F Ey B(y) 349
361. { F C(a) 349
362. { F C(b) 349
363. T Ey B(y) 360
364. T B(a) 363
365. T C(a) 361
366. @ 364,365}
367. { T Ey B(y) 360
368. T B(a) 363
369. T C(b) 362
370. @ 367,369}
371. { F Ey B(y) 360
372. { F C(a) 360
373. { F C(b) 360
374. T Ey B(y) 371
375. T B(a) 374
376. T C(a) 372
377. @ 375,376}
378. { T Ey B(y) 371
379. T B(a) 374
380. T C(b) 373
381. @ 378,380}
382. { F Ey B(y) 371
383. { F C(a) 371
384. { F C(b) 371
385. T Ey B(y) 382
386. T B(a) 385
387. T C(a) 383
388. @ 386,387}
389. { T Ey B(y) 382
390. T B(a) 385
391. T C(b) 384
392. @ 389,391}
393. { F Ey B(y) 382
394. { F C(a) 382
395. { F C(b) 382
396. T Ey B(y) 393
397. T B(a) 396
398. T C(a) 394
399. @ 397,398}
400. { T Ey B(y) 393
401. T B(a) 396
402. T C(b) 395
403. @ 400,402}
404. { F Ey B(y) 393
405. { F C(a) 393
406. { F C(b) 393
407. T Ey B(y) 404
408. T B(a) 407
409. T C(a) 405
410. @ 408,409}
411. { T Ey B(y) 404
412. T B(a) 407
413. T C(b) 406
414. @ 411,413}
415. { F Ey B(y) 404
416. { F C(a) 404
417. { F C(b) 404
418. T Ey B(y) 415
419. T B(a) 418
420. T C(a) 416
421. @ 419,420}
422. { T Ey B(y) 415
423. T B(a) 418
424. T C(b) 417
425. @ 422,424}
426. { F Ey B(y) 415
427. { F C(a) 415
428. { F C(b) 415
429. T Ey B(y) 426
430. T B(a) 429
431. T C(a) 427
432. @ 430,431}
433. { T Ey B(y) 426
434. T B(a) 429
435. T C(b) 428
436. @ 433,435}
437. { F Ey B(y) 426
438. { F C(a) 426
439. { F C(b) 426
440. T Ey B(y) 437
441. T B(a) 440
442. T C(a) 438
443. @ 441,442}
444. { T Ey B(y) 437
445. T B(a) 440
446. T C(b) 439
447. @ 444,446}
448. { F Ey B(y) 437
449. { F C(a) 437
450. { F C(b) 437
451. T Ey B(y) 448
452. T B(a) 451
453. T C(a) 449
454. @ 452,453}
455. { T Ey B(y) 448
456. T B(a) 451
457. T C(b) 450
458. @ 455,457}
459. { F Ey B(y) 448
460. { F C(a) 448
461. { F C(b) 448
462. T Ey B(y) 459
463. T B(a) 462
464. T C(a) 460
465. @ 463,464}
466. { T Ey B(y) 459
467. T B(a) 462
468. T C(b) 461
469. @ 466,468}
470. { F Ey B(y) 459
471. { F C(a) 459
472. { F C(b) 459
473. T Ey B(y) 470
474. T B(a) 473
475. T C(a) 471
476. @ 474,475}
477. { T Ey B(y) 470
478. T B(a) 473
479. T C(b) 472
480. @ 477,479}
481. { F Ey B(y) 470
482. { F C(a) 470
483. { F C(b) 470
484. T Ey B(y) 481
485. T B(a) 484
486. T C(a) 479
487. @ 485,486}
488. { T Ey B(y) 481
489. T B(a) 484
490. T C(b) 478
491. @ 488,490}
492. { F Ey B(y) 481
493. { F C(a) 481
494. { F C(b) 481
495. T Ey B(y) 492
496. T B(a) 495
497. T C(a) 493
498. @ 496,497}
499. { T Ey B(y) 492
500. T B(a) 495
501. T C(b) 494
502. @ 499,501}
503. { F Ey B(y) 492
504. { F C(a) 492
505. { F C(b) 492
506. T Ey B(y) 503
507. T B(a) 506
508. T C(a) 504
509. @ 507,508}
510. { T Ey B(y) 503
511. T B(a) 506
512. T C(b) 505
513. @ 510,512}
514. { F Ey B(y) 503
515. { F C(a) 503
516. { F C(b) 503
517. T Ey B(y) 514
518. T B(a) 517
519. T C(a) 515
520. @ 518,519}
521. { T Ey B(y) 514
522. T B(a) 517
523. T C(b) 516
524. @ 521,523}
525. { F Ey B(y) 514
526. { F C(a) 514
527. { F C(b) 514
528. T Ey B(y) 525
529. T B(a) 528
530. T C(a) 526
531. @ 529,530}
532. { T Ey B(y) 525
533. T B(a) 528
534. T C(b) 527
535. @ 532,534}
536. { F Ey B(y) 525
537. { F C(a) 525
538. { F C(b) 525
539. T Ey B(y) 536
540. T B(a) 539
541. T C(a) 537
542. @ 540,541}
543. { T Ey B(y) 536
544. T B(a) 539
545. T C(b) 538
546. @ 543,545}
547. { F Ey B(y) 536
548. { F C(a) 536
549. { F C(b) 536
550. T Ey B(y) 547
551. T B(a) 550
552. T C(a) 548
553. @ 551,552}
554. { T Ey B(y) 547
555. T B(a) 550
556. T C(b) 549
557. @ 554,556}
558. { F Ey B(y) 547
559. { F C(a) 547
560. { F C(b) 547
561. T Ey B(y) 558
562. T B(a) 561
563. T C(a) 559
564. @ 562,563}
565. { T Ey B(y) 558
566. T B(a) 561
567. T C(b) 560
568. @ 565,567}
569. { F Ey B(y) 558
570. { F C(a) 558
571. { F C(b) 558
572. T Ey B(y) 569
573. T B(a) 572
574. T C(a) 570
575. @ 573,574}
576. { T Ey B(y) 569
577. T B(a) 572
578. T C(b) 571
579. @ 576,578}
580. { F Ey B(y) 569
581. { F C(a) 569
582. { F C(b) 569
583. T Ey B(y) 580
584. T B(a) 583
585. T C(a) 581
586. @ 584,585}
587. { T Ey B(y) 580
588. T B(a) 583
589. T C(b) 582
590. @ 587,589}
591. { F Ey B(y) 580
592. { F C(a) 580
593. { F C(b) 580
594. T Ey B(y) 591
595. T B(a) 594
596. T C(a) 592
597. @ 595,596}
598. { T Ey B(y) 591
599. T B(a) 594
600. T C(b) 593
601. @ 598,600}
602. { F Ey B(y) 591
603. { F C(a) 591
604. { F C(b) 591
605. T Ey B(y) 602
606. T B(a) 605
607. T C(a) 603
608. @ 606,607}
609. { T Ey B(y) 602
610. T B(a) 605
611. T C(b) 604
612. @ 609,611}
613. { F Ey B(y) 602
614. { F C(a) 602
615. { F C(b) 602
616. T Ey B(y) 613
617. T B(a) 616
618. T C(a) 614
619. @ 617,618}
620. { T Ey B(y) 613
621. T B(a) 616
622. T C(b) 615
623. @ 620,622}
624. { F Ey B(y) 613
625. { F C(a) 613
626. { F C(b) 613
627. T Ey B(y) 624
628. T B(a) 627
629. T C(a) 625
630. @ 628,629}
631. { T Ey B(y) 624
632. T B(a) 627
633. T C(b) 626
634. @ 631,633}
635. { F Ey B(y) 624
636. { F C(a) 624
637. { F C(b) 624
638. T Ey B(y) 635
639. T B(a) 638
640. T C(a) 636
641. @ 639,640}
642. { T Ey B(y) 635
643. T B(a) 638
644. T C(b) 637
645. @ 642,644}
646. { F Ey B(y) 635
647. { F C(a) 635
648. { F C(b) 635
649. T Ey B(y) 646
650. T B(a) 649
651. T C(a) 647
652. @ 650,651}
653. { T Ey B(y) 646
654. T B(a) 649
655. T C(b) 648
656. @ 653,655}
657. { F Ey B(y) 646
658. { F C(a) 646
659. { F C(b) 646
660. T Ey B(y) 657
661. T B(a) 660
662. T C(a) 658
663. @ 661,662}
664. { T Ey B(y) 657
665. T B(a) 660
666. T C(b) 659
667. @ 664,666}
668. { F Ey B(y) 657
669. { F C(a) 657
670. { F C(b) 657
671. T Ey B(y) 668
672. T B(a) 671
673. T C(a) 669
674. @ 672,673}
675. { T Ey B(y) 668
676. T B(a) 671
677. T C(b) 670
678. @ 675,677}
679. { F Ey B(y) 668
680. { F C(a) 668
681. { F C(b) 668
682. T Ey B(y) 679
683. T B(a) 682
684. T C(a) 680
685. @ 683,684}
686. { T Ey B(y) 679
687. T B(a) 682
688. T C(b) 681
689. @ 686,688}
690. { F Ey B(y) 679
691. { F C(a) 679
692. { F C(b) 679
693. T Ey B(y) 690
694. T B(a) 693
695. T C(a) 691
696. @ 694,695}
697. { T Ey B(y) 690
698. T B(a) 693
699. T C(b) 692
700. @ 697,699}
701. { F Ey B(y) 690
702. { F C(a) 690
703. { F C(b) 690
704. T Ey B(y) 701
705. T B(a) 704
706. T C(a) 702
707. @ 705,706}
708. { T Ey B(y) 701
709. T B(a) 704
710. T C(b) 703
711. @ 708,710}
712. { F Ey B(y) 701
713. { F C(a) 701
714. { F C(b) 701
715. T Ey B(y) 712
716. T B(a) 715
717. T C(a) 713
718. @ 716,717}
719. { T Ey B(y) 712
720. T B(a) 715
721. T C(b) 714
722. @ 719,721}
723. { F Ey B(y) 712
724. { F C(a) 712
725. { F C(b) 712
726. T Ey B(y) 723
727. T B(a) 726
728. T C(a) 724
729. @ 727,728}
730. { T Ey B(y) 723
731. T B(a) 726
732. T C(b) 725
733. @ 730,732}
734. { F Ey B(y) 723
735. { F C(a) 723
736. { F C(b) 723
737. T Ey B(y) 734
738. T B(a) 737
739. T C(a) 735
740. @ 738,739}
741. { T Ey B(y) 734
742. T B(a) 737
743. T C(b) 736
744. @ 741,743}
745. { F Ey B(y) 734
746. { F C(a) 734
747. { F C(b) 734
748. T Ey B(y) 745
749. T B(a) 748
750. T C(a) 746
751. @ 749,750}
752. { T Ey B(y) 745
753. T B(a) 748
754. T C(b) 747
755. @ 752,754}
756. { F Ey B(y) 745
757. { F C(a) 745
758. { F C(b) 745
759. T Ey B(y) 756
760. T B(a) 759
761. T C(a) 757
762. @ 760,761}
763. { T Ey B(y) 756
764. T B(a) 759
765. T C(b) 758
766. @ 763,765}
767. { F Ey B(y) 756
768. { F C(a) 756
769. { F C(b) 756
770. T Ey B(y) 767
771. T B(a) 770
772. T C(a) 768
773. @ 771,772}
774. { T Ey B(y) 767
775. T B(a) 770
776. T C(b) 769
777. @ 774,776}
778. { F Ey B(y) 767
779. { F C(a) 767
780. { F C(b) 767
781. T Ey B(y) 778
782. T B(a) 781
783. T C(a) 779
784. @ 782,783}
785. { T Ey B(y) 778
786. T B(a) 781
787. T C(b) 780
788. @ 785,787}
789. { F Ey B(y) 778
790. { F C(a) 778
791. { F C(b) 778
792. T Ey B(y) 789
793. T B(a) 792
794. T C(a) 790
795. @ 793,794}
796. { T Ey B(y) 789
797. T B(a) 792
798. T C(b) 791
799. @ 796,798}
800. { F Ey B(y) 789
801. { F C(a) 789
802. { F C(b) 789
803. T Ey B(y) 800
804. T B(a) 803
805. T C(a) 801
806. @ 804,805}
807. { T Ey B(y) 800
808. T B(a) 803
809. T C(b) 802
810. @ 807,809}
811. { F Ey B(y) 800
812. { F C(a) 800
813. { F C(b) 800
814. T Ey B(y) 811
815. T B(a) 814
816. T C(a) 812
817. @ 815,816}
818. { T Ey B(y) 811
819. T B(a) 814
820. T C(b) 813
821. @ 818,820}
822. { F Ey B(y) 811
823. { F C(a) 811
824. { F C(b) 811
825. T Ey B(y) 822
826. T B(a) 825
827. T C(a) 823
828. @ 826,827}
829. { T Ey B(y) 822
830. T B(a) 825
831. T C(b) 824
832. @ 829,831}
833. { F Ey B(y) 822
834. { F C(a) 822
835. { F C(b) 822
836. T Ey B(y) 833
837. T B(a) 836
838. T C(a) 834
839. @ 837,838}
840. { T Ey B(y) 833
841. T B(a) 836
842. T C(b) 835
843. @ 840,842}
844. { F Ey B(y) 833
845. { F C(a) 833
846. { F C(b) 833
847. T Ey B(y) 844
848. T B(a) 847
849. T C(a) 845
850. @ 848,849}
851. { T Ey B(y) 844
852. T B(a) 847
853. T C(b) 846
854. @ 851,853}
855. { F Ey B(y) 844
856. { F C(a) 844
857. { F C(b) 844
858. T Ey B(y) 855
859. T B(a) 858
860. T C(a) 856
861. @ 859,860}
862. { T Ey B(y) 855
863. T B(a) 858
864. T C(b) 857
865. @ 862,864}
866. { F Ey B(y) 855
867. { F C(a) 855
868. { F C(b) 855
869. T Ey B(y) 866
870. T B(a) 869
871. T C(a) 867
872. @ 870,871}
873. { T Ey B(y) 866
874. T B(a) 869
875. T C(b) 868
876. @ 873,875}
877. { F Ey B(y) 866
878. { F C(a) 866
879. { F C(b) 866
880. T Ey B(y) 877
881. T B(a) 880
882. T C(a) 878
883. @ 881,882}
884. { T Ey B(y) 877
885. T B(a) 880
886. T C(b) 879
887. @ 884,886}
888. { F Ey B(y) 877
889. { F C(a) 877
890. { F C(b) 877
891. T Ey B(y) 888
892. T B(a) 891
893. T C(a) 889
894. @ 892,893}
895. { T Ey B(y) 888
896. T B(a) 891
897. T C(b) 890
898. @ 895,897}
899. { F Ey B(y) 888
900. { F C(a) 888
901. { F C(b) 888
902. T Ey B(y) 899
903. T B(a) 902
904. T C(a) 900
905. @ 903,904}
906. { T Ey B(y) 899
907. T B(a) 902
908. T C(b) 901
909. @ 906,908}
910. { F Ey B(y) 899
911. { F C(a) 899
912. { F C(b) 899
913. T Ey B(y) 910
914. T B(a) 913
915. T C(a) 911
916. @ 914,915}
917. { T Ey B(y) 910
918. T B(a) 913
919. T C(b) 912
920. @ 917,919}
921. { F Ey B(y) 910
922. { F C(a) 910
923. { F C(b) 910
924. T Ey B(y) 921
925. T B(a) 924
926. T C(a) 922
927. @ 925,926}
928. { T Ey B(y) 921
929. T B(a) 924
930. T C(b) 923
931. @ 928,930}
932. { F Ey B(y) 921
933. { F C(a) 921
934. { F C(b) 921
935. T Ey B(y) 932
936. T B(a) 935
937. T C(a) 933
938. @ 936,937}
939. { T Ey B(y) 932
940. T B(a) 935
941. T C(b) 934
942. @ 939,941}
943. { F Ey B(y) 932
944. { F C(a) 932
945. { F C(b) 932
946. T Ey B(y) 943
947. T B(a) 946
948. T C(a) 944
949. @ 947,948}
950. { T Ey B(y) 943
951. T B(a) 946
952. T C(b) 945
953. @ 950,952}
954. { F Ey B(y) 943
955. { F C(a) 943
956. { F C(b) 943
957. T Ey B(y) 954
958. T B(a) 957
959. T C(a) 955
960. @ 958,959}
961. { T Ey B(y) 954
962. T B(a) 957
963. T C(b) 956
964. @ 961,963}
965. { F Ey B(y) 954
966. { F C(a) 954
967. { F C(b) 954
968. T Ey B(y) 965
969. T B(a) 968
970. T C(a) 966
971. @ 969,970}
972. { T Ey B(y) 965
973. T B(a) 968
974. T C(b) 967
975. @ 972,974}
976. { F Ey B(y) 965
977. { F C(a) 965
978. { F C(b) 965
979. T Ey B(y) 976
980. T B(a) 979
981. T C(a) 977
982. @ 980,981}
983. { T Ey B(y) 976
984. T B(a) 979
985. T C(b) 978
986. @ 983,985}
987. { F Ey B(y) 976
988. { F C(a) 976
989. { F C(b) 976
990. T Ey B(y) 987
991. T B(a) 990
992. T C(a) 988
993. @ 991,992}
994. { T Ey B(y) 987
995. T B(a) 990
996. T C(b) 989
997. @ 994,996}
998. { F Ey B(y) 987
999. { F C(a) 987
1000. { F C(b) 987
1001. T Ey B(y) 998
1002. T B(a) 1001
1003. T C(a) 999
1004. @ 1002,1003}
1005. { T Ey B(y) 998
1006. T B(a) 1001
1007. T C(b) 1000
1008. @ 1005,1007}
1009. { F Ey B(y) 998
1010. { F C(a) 998
1011. { F C(b) 998
1012. T Ey B(y) 1009
1013. T B(a) 1012
1014. T C(a) 1010
1015. @ 1013,1014}
1016. { T Ey B(y) 1009
1017. T B(a) 1012
1018. T C(b) 1011
1019. @ 1016,1018}
1020. { F Ey B(y) 1009
1021. { F C(a) 1009
1022. { F C(b) 1009
1023. T Ey B(y) 1020
1024. T B(a) 1023
1025. T C(a) 1021
1026. @ 1024,1025}
1027. { T Ey B(y) 1020
1028. T B(a) 1023
1029. T C(b) 1022
1030. @ 1027,1029}
1031. { F Ey B(y) 1020
1032. { F C(a) 1020
1033. { F C(b) 1020
1034. T Ey B(y) 1031
1035. T B(a) 1034
1036. T C(a) 1032
1037. @ 1035,1036}
1038. { T Ey B(y) 1031
1039. T B(a) 1034
1040. T C(b) 1033
1041. @ 1038,1040}
1042. { F Ey B(y) 1031
1043. { F C(a) 1031
1044. { F C(b) 1031
1045. T Ey B(y) 1042
1046. T B(a) 1045
1047. T C(a) 1043
1048. @ 1046,1047}
1049. { T Ey B(y) 1042
1050. T B(a) 1045
1051. T C(b) 1044
1052. @ 1049,1051}
1053. { F Ey B(y) 1042
1054. { F C(a) 1042
1055. { F C(b) 1042
1056. T Ey B(y) 1053
1057. T B(a) 1056
1058. T C(a) 1054
1059. @ 1057,1058}
1060. { T Ey B(y) 1053
1061. T B(a) 1056
1062. T C(b) 1055
1063. @ 1060,1062}
1064. { F Ey B(y) 1053
1065. { F C(a) 1053
1066. { F C(b) 1053
1067. T Ey B(y) 1064
1068. T B(a) 1067
1069. T C(a) 1065
1070. @ 1068,1069}
1071. { T Ey B(y) 1064
1072. T B(a) 1067
1073. T C(b) 1066
1074. @ 1071,1073}
1075. { F Ey B(y) 1064
1076. { F C(a) 1064
1077. { F C(b) 1064
1078. T Ey B(y) 1075
1079. T B(a) 1078
1080. T C(a) 1076
1081. @ 1079,1080}
1082. { T Ey B(y) 1075
1083. T B(a) 1078
1084. T C(b) 1077
1085. @ 1082,1084}
1086. { F Ey B(y) 1075
1087. { F C(a) 1075
1088. { F C(b) 1075
1089. T Ey B(y) 1086
1090. T B(a) 1089
1091. T C(a) 1087
1092. @ 1090,1091}
1093. { T Ey B(y) 1086
1094. T B(a) 1089
1095. T C(b) 1088
1096. @ 1093,1095}
1097. { F Ey B(y) 1086
1098. { F C(a) 1086
1099. { F C(b) 1086
1100. T Ey B(y) 1097
1101. T B(a) 1100
1102. T C(a) 1098
1103. @ 1101,1102}
1104. { T Ey B(y) 1097
1105. T B(a) 1100
1106. T C(b) 1099
1107. @ 1104,1106}
1108. { F Ey B(y) 1097
1109. { F C(a) 1097
1110. { F C(b) 1097
1111. T Ey B(y) 1108
1112. T B(a) 1111
1113. T C(a) 1109
1114. @ 1112,1113}
1115. { T Ey B(y) 1108
1116. T B(a) 1111
1117. T C(b) 1110
1118. @ 1115,1117}
1119. { F Ey B(y) 1108
1120. { F C(a) 1108
1121. { F C(b) 1108
1122. T Ey B(y) 1119
1123. T B(a) 1122
1124. T C(a) 1120
1125. @ 1123,1124}
1126. { T Ey B(y) 1119
1127. T B(a) 1122
1128. T C(b) 1121
1129. @ 1126,1128}
1130. { F Ey B(y) 1119
1131. { F C(a) 1119
1132. { F C(b) 1119
1133. T Ey B(y) 1130
1134. T B(a) 1133
1135. T C(a) 1131
1136. @ 1134,1135}
1137. { T Ey B(y) 1130
1138. T B(a) 1133
1139. T C(b) 1132
1140. @ 1137,1139}
1141. { F Ey B(y) 1130
1142. { F C(a) 1130
1143. { F C(b) 1130
1144. T Ey B(y) 1141
1145. T B(a) 1144
1146. T C(a) 1142
1147. @ 1145,1146}
1148. { T Ey B(y) 1141
1149. T B(a) 1144
1150. T C(b) 1143
1151. @ 1148,1150}
1152. { F Ey B(y) 1141
1153. { F C(a) 1141
1154. { F C(b) 1141
1155. T Ey B(y) 1152
1156. T B(a) 1155
1157. T C(a) 1153
1158. @ 1156,1157}
1159. { T Ey B(y) 1152
1160. T B(a) 1155
1161. T C(b) 1154
1162. @ 1159,1161}
1163. { F Ey B(y) 1152
1164. { F C(a) 1152
1165. { F C(b) 1152
1166. T Ey B(y) 1163
1167. T B(a) 1166
1168. T C(a) 1164
1169. @ 1167,1168}
1170. { T Ey B(y) 1163
1171. T B(a) 1166
1172. T C(b) 1165
1173. @ 1170,1172}
1174. { F Ey B(y) 1163
1175. { F C(a) 1163
1176. { F C(b) 1163
1177. T Ey B(y) 1174
1178. T B(a) 1177
1179. T C(a) 1175
1180. @ 1178,1179}
1181. { T Ey B(y) 1174
1182. T B(a) 1177
1183. T C(b) 1176
1184. @ 1181,1183}
1185. { F Ey B(y) 1174
1186. { F C(a) 1174
1187. { F C(b) 1174
1188. T Ey B(y) 1185
1189. T B(a) 1188
1190. T C(a) 1186
1191. @ 1189,1190}
1192. { T Ey B(y) 1185
1193. T B(a) 1188
1194. T C(b) 1187
1195. @ 1192,1194}
1196. { F Ey B(y) 1185
1197. { F C(a) 1185
1198. { F C(b) 1185
1199. T Ey B(y) 1196
1200. T B(a) 1199
1201. T C(a) 1197
1202. @ 1200,1201}
1203. { T Ey B(y) 1196
1204. T B(a) 1199
1205. T C(b) 1198
1206. @ 1203,1205}
1207. { F Ey B(y) 1196
1208. { F C(a) 1196
1209. { F C(b) 1196
1210. T Ey B(y) 1207
1211. T B(a) 1210
1212. T C(a) 1208
1213. @ 1211,1212}
1214. { T Ey B(y) 1207
1215. T B(a) 1210
1216. T C(b) 1209
1217. @ 1214,1216}
1218. { F Ey B(y) 1207
1219. { F C(a) 1207
1220. { F C(b) 1207
1221. T Ey B(y) 1218
1222. T B(a) 1221
1223. T C(a) 1219
1224. @ 1222,1223}
1225. { T Ey B(y) 1218
1226. T B(a) 1221
1227. T C(b) 1220
1228. @ 1225,1227}
1229. { F Ey B(y) 1218
1230. { F C(a) 1218
1231. { F C(b) 1218
1232. T Ey B(y) 1231
1233. T B(a) 1232
1234. T C(a) 1229
1235. @ 1233,1234}
1236. { T Ey B(y) 1231
1237. T B(a) 1234
1238. T C(b) 1230
1239. @ 1236,1238}
1240. { F Ey B(y) 1231
1241. { F C(a) 1231
1242. { F C(b) 1231
1243. T Ey B(y) 1240
1244. T B(a) 1243
1245. T C(a) 1241
1246. @ 1244,1245}
1247. { T Ey B(y) 1240
1248. T B(a) 1243
1249. T C(b) 1242
1250. @ 1247,1249}
1251. { F Ey B(y) 1240
1252. { F C(a) 1240
1253. { F C(b) 1240
1254. T Ey B(y) 1251
1255. T B(a) 1254
1256. T C(a) 1252
1257. @ 1255,1256}
1258. { T Ey B(y) 1251
1259. T B(a) 1254
1260. T C(b) 1253
1261. @ 1258,1260}
1262. { F Ey B(y) 1251
1263. { F C(a) 1251
1264. { F C(b) 1251
1265. T Ey B(y) 1262
1266. T B(a) 1265
1267. T C(a) 1263
1268. @ 1266,1267}
1269. { T Ey B(y) 1262
1270. T B(a) 1265
1271. T C(b) 1264
1272. @ 1269,1271}
1273. { F Ey B(y) 1262
1274. { F C(a) 1262
1275. { F C(b) 1262
1276. T Ey B(y) 1273
1277. T B(a) 1276
1278. T C(a) 1274
1279. @ 1277,1278}
1280. { T Ey B(y) 1273
1281. T B(a) 1276
1282. T C(b) 1275
1283. @ 1280,1282}
1284. { F Ey B(y) 1273
1285. { F C(a) 1273
1286. { F C(b) 1273
1287. T Ey B(y) 1284
1288. T B(a) 1287
1289. T C(a) 1285
1290. @ 1288,1289}
1291. { T Ey B(y) 1284
1292. T B(a) 1287
1293. T C(b) 1286
1294. @ 1291,1293}
1295. { F Ey B(y) 1284
1296. { F C(a) 1284
1297. { F C(b) 1284
1298. T Ey B(y) 1295
1299. T B(a) 1298
1300. T C(a) 1296
1301. @ 1300,1301}
1302. { T Ey B(y) 1295
1303. T B(a) 1298
1304. T C(b) 1297
1305. @ 1302,1304}
1306. { F Ey B(y) 1295
1307. { F C(a) 1295
1308. { F C(b) 1295
1309. T Ey B(y) 1306
1310. T B(a) 1309
1311. T C(a) 1307
1312. @ 1310,1311}
1313. { T Ey B(y) 1306
1314. T B(a) 1309
1315. T C(b) 1308
1316. @ 1313,1315}
1317. { F Ey B(y) 1306
1318. { F C(a) 1306
1319. { F C(b) 1306
1320. T Ey B(y) 1317
1321. T B(a) 1320
1322. T C(a) 1318
1323. @ 1321,1322}
1324. { T Ey B(y) 1317
1325. T B(a) 1320
1326. T C(b) 1319
1327. @ 1324,1326}
1328. { F Ey B(y) 1317
1329. { F C(a) 1317
1330. { F C(b) 1317
1331. T Ey B(y) 1328
1332. T B(a) 1331
1333. T C(a) 1329
1334. @ 1332,1333}
1335. { T Ey B(y) 1328
1336. T B(a) 1331
1337. T C(b) 1330
1338. @ 1335,1337}
1339. { F Ey B(y) 1328
1340. { F C(a) 1328
1341. { F C(b) 1328
1342. T Ey B(y) 1339
1343. T B(a) 1342
1344. T C(a) 1340
1345. @ 1343,1344}
1346. { T Ey B(y) 1339
1347. T B(a) 1342
1348. T C(b) 1341
1349. @ 1346,1348}
1350. { F Ey B(y) 1339
1351. { F C(a) 1339
1352. { F C(b) 1339
1353. T Ey B(y) 1350
1354. T B(a) 1353
1355. T C(a) 1351
1356. @ 1354,1355}
1357. { T Ey B(y) 1350
1358. T B(a) 1353
1359. T C(b) 1352
1360. @ 1357,1359}
1361. { F Ey B(y) 1350
1362. { F C(a) 1350
1363. { F C(b) 1350
1364. T Ey B(y) 1361
1365. T B(a) 1364
1366. T C(a) 1362
1367. @ 1365,1366}
1368. { T Ey B(y) 1361
1369. T B(a) 1364
1370. T C(b) 1363
1371. @ 1368,1370}
1372. { F Ey B(y) 1361
1373. { F C(a) 1361
1374. { F C(b) 1361
1375. T Ey B(y) 1372
1376. T B(a) 1375
1377. T C(a) 1373
1378. @ 1376,1377}
1379. { T Ey B(y) 1372
1380. T B(a) 1375
1381. T C(b) 1374
1382. @ 1379,1381}
1383. { F Ey B(y) 1372
1384. { F C(a) 1372
1385. { F C(b) 1372
1386. T Ey B(y) 1383
1387. T B(a) 1386
1388. T C(a) 1384
1389. @ 1387,1388}
1390. { T Ey B(y) 1383
1391. T B(a) 1386
1392. T C(b) 1385
1393. @ 1390,1392}
1394. { F Ey B(y) 1383
1395. { F C(a) 1383
1396. { F C(b) 1383
1397. T Ey B(y) 1394
1398. T B(a) 1397
1399. T C(a) 1395
1400. @ 1398,1399}
1401. { T Ey B(y) 1394
1402. T B(a) 1397
1403. T C(b) 1396
1404. @ 1401,1403}
1405. { F Ey B(y) 1394
1406. { F C(a) 1394
1407. { F C(b) 1394
1408. T Ey B(y) 1405
1409. T B(a) 1408
1410. T C(a) 1406
1411. @ 1409,1410}
1412. { T Ey B(y) 1405
1413. T B(a) 1408
1414. T C(b) 1407
1415. @ 1412,1414}
1416. { F Ey B(y) 1405
1417. { F C(a) 1405
1418. { F C(b) 1405
1419. T Ey B(y) 1416
1420. T B(a) 1419
1421. T C(a) 1417
1422. @ 1420,1421}
1423. { T Ey B(y) 1416
1424. T B(a) 1419
1425. T C(b) 1418
1426. @ 1423,1425}
1427. { F Ey B(y) 1416
1428. { F C(a) 1416
1429. { F C(b) 1416
1430. T Ey B(y) 1427
1431. T B(a) 1430
1432. T C(a) 1428
1433. @ 1431,1432}
1434. { T Ey B(y) 1427
1435. T B(a) 1430
1436. T C(b) 1429
1437. @ 1434,1436}
1438. { F Ey B(y) 1427
1439. { F C(a) 1427
1440. { F C(b) 1427
1441. T Ey B(y) 1438
1442. T B(a) 1441
1443. T C(a) 1439
1444. @ 1442,1443}
1445. { T Ey B(y) 1438
1446. T B(a) 1441
1447. T C(b) 1440
1448. @ 1445,1447}
1449. { F Ey B(y) 1438
1450. { F C(a) 1438
1451. { F C(b) 1438
1452. T Ey B(y) 1449
1453. T B(a) 1452
1454. T C(a) 1450
1455. @ 1453,1454}
1456. { T Ey B(y) 1449
1457. T B(a) 1452
1458. T C(b) 1451
1459. @ 1456,1458}
1460. { F Ey B(y) 1449
1461. { F C(a) 1449
1462. { F C(b) 1449
1463. T Ey B(y) 1460
1464. T B(a) 1463
1465. T C(a) 1461
1466. @ 1464,1465}
1467. { T Ey B(y) 1460
1468. T B(a) 1463
1469. T C(b) 1462
1470. @ 1467,1469}
1471. { F Ey B(y) 1460
1472. { F C(a) 1460
1473. { F C(b) 1460
1474. T Ey B(y) 1471
1475. T B(a) 1474
1476. T C(a) 1472
1477. @ 1475,1476}
1478. { T Ey B(y) 1471
1479. T B(a) 1474
1480. T C(b) 1473
1481. @ 1478,1480}
1482. { F Ey B(y) 1471
1483. { F C(a) 1471
1484. { F C(b) 1471
1485. T Ey B(y) 1482
1486. T B(a) 1485
1487. T C(a) 1483
1488. @ 1486,1487}
1489. { T Ey B(y) 1482
1490. T B(a) 1485
1491. T C(b) 1484
1492. @ 1489,1491}
1493. { F Ey B(y) 1482
1494. { F C(a) 1482
1495. { F C(b) 1482
1496. T Ey B(y) 1493
1497. T B(a) 1496
1498. T C(a) 1494
1499. @ 1497,1498}
1500. { T Ey B(y) 1493
1501. T B(a) 1496
1502. T C(b) 1495
1503. @ 1500,1502}
1504. { F Ey B(y) 1493
1505. { F C(a) 1493
1506. { F C(b) 1493
1507. T Ey B(y) 1504
1508. T B(a) 1507
1509. T C(a) 1505
1510. @ 1508,1509}
1511. { T Ey B(y) 1504
1512. T B(a) 1507
1513. T C(b) 1506
1514. @ 1511,1513}
1515. { F Ey B(y) 1504
1516. { F C(a) 1504
1517. { F C(b) 1504
1518. T Ey B(y) 1515
1519. T B(a) 1518
1520. T C(a) 1516
1521. @ 1519,1520}
1522. { T Ey B(y) 1515
1523. T B(a) 1518
1524. T C(b) 1517
1525. @ 1522,1524}
1526. { F Ey B(y) 1515
1527. { F C(a) 1515
1528. { F C(b) 1515
1529. T Ey B(y) 1526
1530. T B(a) 1529
1531. T C(a) 1527
1532. @ 1530,1531}
1533. { T Ey B(y) 1526
1534. T B(a) 1529
1535. T C(b) 1528
1536. @ 1533,1535}
1537. { F Ey B(y) 1526
1538. { F C(a) 1526
1539. { F C(b) 1526
1540. T Ey B(y) 1537
1541. T B(a) 1540
1542. T C(a) 1538
1543. @ 1541,1542}
1544. { T Ey B(y) 1537
1545. T B(a) 1540
1546. T C(b) 1539
1547. @ 1544,1546}
1548. { F Ey B(y) 1537
1549. { F C(a) 1537
1550. { F C(b) 1537
1551. T Ey B(y) 1548
1552. T B(a) 1551
1553. T C(a) 1549
1554. @ 1552,1553}
1555. { T Ey B(y) 1548
1556. T B(a) 1551
1557. T C(b) 1550
1558. @ 1555,1557}
1559. { F Ey B(y) 1548
1560. { F C(a) 1548
1561. { F C(b) 1548
1562. T Ey B(y) 1559
1563. T B(a) 1562
1564. T C(a) 1560
1565. @ 1563,1564}
1566. { T Ey B(y) 1559
1567. T B(a) 1562
1568. T C(b) 1561
1569. @ 1566,1568}
1570. { F Ey B(y) 1559
1571. { F C(a) 1559
1572. { F C(b) 1559
1573. T Ey B(y) 1570
1574. T B(a) 1573
1575. T C(a) 1571
1576. @ 1574,1575}
1577. { T Ey B(y) 1570
1578. T B(a) 1573
1579. T C(b) 1572
1580. @ 1577,1579}
1581. { F Ey B(y) 1570
1582. { F C(a) 1570
1583. { F C(b) 1570
1584. T Ey B(y) 1581
1585. T B(a) 1584
1586. T C(a) 1582
1587. @ 1585,1586}
1588. { T Ey B(y) 1581
1589. T B(a) 1584
1590. T C(b) 1583
1591. @ 1588,1590}
1592. { F Ey B(y) 1581
1593. { F C(a) 1581
1594. { F C(b) 1581
1595. T Ey B(y) 1592
1596. T B(a) 1595
1597. T C(a) 1593
1598. @ 1596,1597}
1599. { T Ey B(y) 1592
1600. T B(a) 1595
1601. T C(b) 1594
1602. @ 1599,1601}
1603. { F Ey B(y) 1592
1604. { F C(a) 1592
1605. { F C(b) 1592
1606. T Ey B(y) 1603
1607. T B(a) 1606
1608. T C(a) 1604
1609. @ 1607,1608}
1610. { T Ey B(y) 1603
1611. T B(a) 1606
1612. T C(b) 1605
1613. @ 1610,1612}
1614. { F Ey B(y) 1603
1615. { F C(a) 1603
1616. { F C(b) 1603
1617. T Ey B(y) 1614
1618. T B(a) 1617
1619. T C(a) 1615
1620. @ 1618,1619}
1621. { T Ey B(y) 1614
1622. T B(a) 1617
1623. T C(b) 1616
1624. @ 1621,1623}
1625. { F Ey B(y) 1614
1626. { F C(a) 1614
1627. { F C(b) 1614
1628. T Ey B(y) 1625
1629. T B(a) 1628
1630. T C(a) 1626
1631. @ 1629,1630}
1632. { T Ey B(y) 1625
1633. T B(a) 1628
1634. T C(b) 1627
1635. @ 1632,1634}
1636. { F Ey B(y) 1625
1637. { F C(a) 1625
1638. { F C(b) 1625
1639. T Ey B(y) 1636
1640. T B(a) 1639
1641. T C(a) 1637
1642. @ 1640,1641}
1643. { T Ey B(y) 1636
1644. T B(a) 1639
1645. T C(b) 1638
1646. @ 1643,1645}
1647. { F Ey B(y) 1636
1648. { F C(a) 1636
1649. { F C(b) 1636
1650. T Ey B(y) 1647
1651. T B(a) 1650
1652. T C(a) 1648
1653. @ 1651,1652}
1654. { T Ey B(y) 1647
1655. T B(a) 1650
1656. T C(b) 1649
1657. @ 1654,1656}
1658. { F Ey B(y) 1647
1659. { F C(a) 1647
1660. { F C(b) 1647
1661. T Ey B(y) 1658
1662. T B(a) 1661
1663. T C(a) 1659
1664. @ 1662,1663}
1665. { T Ey B(y) 1658
1666. T B(a) 1661
1667. T C(b) 1660
1668. @ 1665,1667}
1669. { F Ey B(y) 1658
1670. { F C(a) 1658
1671. { F C(b) 1658
1672. T Ey B(y) 1671
1673. T B(a) 1672
1674. T C(a) 1670
1675. @ 1673,1674}
1676. { T Ey B(y) 1671
1677. T B(a) 1674
1678. T C(b) 1671
1679. @ 1676,1678}
1680. { F Ey B(y) 1671
1681. { F C(a) 1671
1682. { F C(b) 1671
1683. T Ey B(y) 1682
1684. T B(a) 1683
1685. T C(a) 1681
1686. @ 1684,1685}
1687. { T Ey B(y) 1682
1688. T B(a) 1685
1689. T C(b) 1682
1690. @ 1687,1689}
1691. { F Ey B(y) 1682
1692. { F C(a) 1682
1693. { F C(b) 1682
1694. T Ey B(y) 1693
1695. T B(a) 1694
1696. T C(a) 1692
1697. @ 1695,1696}
1698. { T Ey B(y) 1693
1699. T B(a) 1696
1700. T C(b) 1693
1701. @ 1698,1700}
1702. { F Ey B(y) 1693
1703. { F C(a) 1693
1704. { F C(b) 1693
1705. T Ey B(y) 1704
1706. T B(a) 1705
1707. T C(a) 1703
1708. @ 1706,1707}
1709. { T Ey B(y) 1704
1710. T B(a) 1707
1711. T C(b) 1704
1712. @ 1709,1711}
1713. { F Ey B(y) 1704
1714. { F C(a) 1704
1715. { F C(b) 1704
1716. T Ey B(y) 1715
1717. T B(a) 1716
1718. T C(a) 1714
1719. @ 1717,1718}
1720. { T Ey B(y) 1715
1721. T B(a) 1718
1722. T C(b) 1715
1723. @ 1720,1722}
1724. { F Ey B(y) 1715
1725. { F C(a) 1715
1726. { F C(b) 1715
1727. T Ey B(y) 1726
1728. T B(a) 1727
1729. T C(a) 1725
1730. @ 1728,1729}
1731. { T Ey B(y) 1726
1732. T B(a) 1729
1733. T C(b) 1726
1734. @ 1731,1733}
1735. { F Ey B(y) 1726
1736. { F C(a) 1726
1737. { F C(b) 1726
1738. T Ey B(y) 1737
1739. T B(a) 1738
1740. T C(a) 1736
1741. @ 1739,1740}
1742. { T Ey B(y) 1737
1743. T B(a) 1740
1744. T C(b) 1737
1745. @ 1742,1744}
1746. { F Ey B(y) 1737
1747. { F C(a) 1737
1748. { F C(b) 1737
1749. T Ey B(y) 1748
1750. T B(a) 1749
1751. T C(a) 1747
1752. @ 1750,1751}
1753. { T Ey B(y) 1748
1754. T B(a) 1751
1755. T C(b) 1748
1756. @ 1753,1755}
1757. { F Ey B(y) 1748
1758. { F C(a) 1748
1759. { F C(b) 1748
1760. T Ey B(y) 1759
1761. T B(a) 1760
1762. T C(a) 1758
1763. @ 1761,1762}
1764. { T Ey B(y) 1759
1765. T B(a) 1762
1766. T C(b) 1759
1767. @ 1764,1766}
1768. { F Ey B(y) 1759
1769. { F C(a) 1759
1770. { F C(b) 1759
1771. T Ey B(y) 1770
1772. T B(a) 1771
1773. T C(a) 1769
1774. @ 1772,1773}
1775. { T Ey B(y) 1770
1776. T B(a) 1773
1777. T C(b) 1770
1778. @ 1775,1777}
1779. { F Ey B(y) 1770
1780. { F C(a) 1770
1781. { F C(b) 1770
1782. T Ey B(y) 1781
1783. T B(a) 1782
1784. T C(a) 1780
1785. @ 1783,1784}
1786. { T Ey B(y) 1781
1787. T B(a) 1784
1788. T C(b) 1781
1789. @ 1786,1788}
1790. { F Ey B(y) 1781
1791. { F C(a) 1781
1792. { F C(b) 1781
1793. T Ey B(y) 1792
1794. T B(a) 1793
1795. T C(a) 1789
1796. @ 1794,1795}
1797. { T Ey B(y) 1792
1798. T B(a) 1795
1799. T C(b) 1792
1800. @ 1797,1799}
1801. { F Ey B(y) 1792
1802. { F C(a) 1792
1803. { F C(b) 1792
1804. T Ey B(y) 1803
1805. T B(a) 1804
1806. T C(a) 1799
1807. @ 1805,1806}
1808. { T Ey B(y) 1803
1809. T B(a) 1806
1810. T C(b) 1802
1811. @ 1808,1810}
1812. { F Ey B(y) 1803
1813. { F C(a) 1803
1814. { F C(b) 1803
1815. T Ey B(y) 1814
1816. T B(a) 1815
1817. T C(a) 1812
1818. @ 1816,1817}
1819. { T Ey B(y) 1814
1820. T B(a) 1817
1821. T C(b) 1813
1822. @ 1819,1821}
1823. { F Ey B(y) 1814
1824. { F C(a) 1814
1825. { F C(b) 1814
1826. T Ey B(y) 1825
1827. T B(a) 1826
1828. T C(a) 1823
1829. @ 1827,1828}
1830. { T Ey B(y) 1825
1831. T B(a) 1828
1832. T C(b) 1824
1833. @ 1830,1832}
1834. { F Ey B(y) 1825
1835. { F C(a) 1825
1836. { F C(b) 1825
1837. T Ey B(y) 1836
1838. T B(a) 1837
1839. T C(a) 1834
1840. @ 1838,1839}
1841. { T Ey B(y) 1836
1842. T B(a) 1839
1843. T C(b) 1835
1844. @ 1841,1843}
1845. { F Ey B(y) 1836
1846. { F C(a) 1836
1847. { F C(b) 1836
1848. T Ey B(y) 1847
1849. T B(a) 1848
1850. T C(a) 1845
1851. @ 1849,1850}
1852. { T Ey B(y) 1847
1853. T B(a) 1850
1854. T C(b) 1846
1855. @ 1852,1854}
1856. { F Ey B(y) 1847
1857. { F C(a) 1847
1858. { F C(b) 1847
1859. T Ey B(y) 1858
1860. T B(a) 1859
1861. T C(a) 1856
1862. @ 1860,1861}
1863. { T Ey B(y) 1858
1864. T B(a) 1861
1865. T C(b) 1857
1866. @ 1863,1865}
1867. { F Ey B(y) 1858
1868. { F C(a) 1858
1869. { F C(b) 1858
1870. T Ey B(y) 1869
1871. T B(a) 1870
1872. T C(a) 1868
1873. @ 1871,1872}
1874. { T Ey B(y) 1869
1875. T B(a) 1872
1876. T C(b) 1868
1877. @ 1874,1876}
1878. { F Ey B(y) 1869
1879. { F C(a) 1869
1880. { F C(b) 1869
1881. T Ey B(y) 1880
1882. T B(a) 1881
1883. T C(a) 1878
1884. @ 1882,1883}
1885. { T Ey B(y) 1880
1886. T B(a) 1883
1887. T C(b) 1879
1888. @ 1885,1887}
1889. { F Ey B(y) 1880
1890. { F C(a) 1880
1891. { F C(b) 1880
1892. T Ey B(y) 1891
1893. T B(a) 1892
1894. T C(a) 1890
1895. @ 1893,1894}
1896. { T Ey B(y) 1891
1897. T B(a) 1894
1898. T C(b) 1891
1899. @ 1896,1898}
1900. { F Ey B(y) 1891
1901. { F C(a) 1891
1902. { F C(b) 1891
1903. T Ey B(y) 1902
1904. T B(a) 1903
1905. T C(a) 1901
1906. @ 1904,1905}
1907. { T Ey B(y) 1902
1908. T B(a) 1905
1909. T C(b) 1902
1910. @ 1907,1909}
1911. { F Ey B(y) 1902
1912. { F C(a) 1902
1913. { F C(b) 1902
1914. T Ey B(y) 1913
1915. T B(a) 1914
1916. T C(a) 1912
1917. @ 1915,1916}
1918. { T Ey B(y) 1913
1919. T B(a) 1916
1920. T C(b) 1913
1921. @ 1918,1920}
1922. { F Ey B(y) 1913
1923. { F C(a) 1913
1924. { F C(b) 1913
1925. T Ey B(y) 1924
1926. T B(a) 1925
1927. T C(a) 1922
1928. @ 1926,1927}
1929. { T Ey B(y) 1924
1930. T B(a) 1927
1931. T C(b) 1924
1932. @ 1929,1931}
1933. { F Ey B(y) 1924
1934. { F C(a) 1924
1935. { F C(b) 1924
1936. T Ey B(y) 1935
1937. T B(a) 1936
1938. T C(a) 1933
1939. @ 1937,1938}
1940. { T Ey B(y) 1935
1941. T B(a) 1938
1942. T C(b) 1935
1943. @ 1940,1942}
1944. { F Ey B(y) 1935
1945. { F C(a) 1935
1946. { F C(b) 1935
1947. T Ey B(y) 1946
1948. T B(a) 1947
1949. T C(a) 1944
1950. @ 1948,1949}
1951. { T Ey B(y) 1946
1952. T B(a) 1949
1953. T C(b) 1946
1954. @ 1951,1953}
1955. { F Ey B(y) 1946
1956. { F C(a) 1946
1957. { F C(b) 1946
1958. T Ey B(y) 1957
1959. T B(a) 1958
1960. T C(a) 1955
1961. @ 1959,1960}
1962. { T Ey B(y) 1957
1963. T B(a) 1960
1964. T C(b) 1957
1965. @ 1962,1964}
1966. { F Ey B(y) 1957
1967. { F C(a) 1957
1968. { F C(b) 1957
1969. T Ey B(y) 1968
1970. T B(a) 1969
1971. T C(a) 1966
1972. @ 1970,1971}
1973. { T Ey B(y) 1968
1974. T B(a) 1971
1975. T C(b) 1968
1976. @ 1973,1975}
1977. { F Ey B(y) 1968
1978. { F C(a) 1968
1979. { F C(b) 1968
1980. T Ey B(y) 1979
1981. T B(a) 1980
1982. T C(a) 1977
1983. @ 1981,1982}
1984. { T Ey B(y) 1979
1985. T B(a) 1982
1986. T C(b) 1979
1987. @ 1984,1986}
1988. { F Ey B(y) 1979
1989. { F C(a) 1979
1990. { F C(b) 1979
1991. T Ey B(y) 1990
1992. T B(a) 1991
1993. T C(a) 1988
1994. @ 1992,1993}
1995. { T Ey B(y) 1990
1996. T B(a) 1993
1997. T C(b) 1990
1998. @ 1995,1997}
1999. { F Ey B(y) 1990
2000. { F C(a) 1990
2001. { F C(b) 1990
2002. T Ey B(y) 2001
2003. T B(a) 2002
2004. T C(a) 1999
2005. @ 2003,2004}
2006. { T Ey B(y) 2001
2007. T B(a) 2004
2008. T C(b) 2001
2009. @ 2006,2008}
2100. @ 1,2,3}","1. F ~Ax (Ey B(y)->C(x)) -> (Ey B(y) -> Ax C(x)) conclusion
2. T Ax (Ey B(y)->C(x)) 1
3. F Ey B(y) -> Ax C(x) 1
4. { T Ey B(y) 3
5. { T Ax C(x) 3
6. @ 4,5}
7. { F Ey B(y) 3
8. { F Ax C(x) 3
9. { T Ey B(y) 7
10. { T Ax C(x) 7
11. @ 8,10}
12. { F Ey B(y) 7
13. { F Ax C(x) 7
14. T B(a) 9
15. T C(b) 10
16. @ 14,15}
17. { T Ey B(y) 9
18. { T Ax C(x) 9
19. T B(a) 17
20. T C(b) 18
21. @ 17,20}
22. { F Ey B(y) 9
23. { F Ax C(x) 9
24. T B(a) 22
25. T C(b) 23
26. @ 24,25}
27. { T Ey B(y) 12
28. { T Ax C(x) 12
29. T B(a) 27
30. T C(b) 28
31. @ 29,30}
32. { F Ey B(y) 12
33. { F Ax C(x) 12
34. T B(a) 32
35. T C(b) 33
36. @ 34,35}
37. T (Ey B(y)->C(x)) 2
38. T (Ey B(y)->C(x)) 37
39. T (Ey B(y)->C(a)) 2
40. T (Ey B(y)->C(b)) 2
41. { F Ey B(y) 38
42. { F C(a) 38
43. { F C(b) 38
44. T Ey B(y) 41
45. T B(a) 44
46. T C(a) 42
47. @ 45,46}
48. { T Ey B(y) 41
49. T B(a) 44
50. T C(b) 43
51. @ 49,50}
52. { F Ey B(y) 41
53. { F C(a) 41
54. { F C(b) 41
55. T Ey B(y) 52
56. T B(a) 55
57. T C(a) 53
58. @ 56,57}
59. { T Ey B(y) 52
60. T B(a) 55
61. T C(b) 54
62. @ 59,61}
63. { F Ey B(y) 52
64. { F C(a) 52
65. { F C(b) 52
66. T Ey B(y) 63
67. T B(a) 66
68. T C(a) 64
69. @ 67,68}
70. { T Ey B(y) 63
71. T B(a) 66
72. T C(b) 65
73. @ 70,72}
74. { F Ey B(y) 63
75. { F C(a) 63
76. { F C(b) 63
77. T Ey B(y) 74
78. T B(a) 77
79. T C(a) 75
80. @ 78,79}
81. { T Ey B(y) 74
82. T B(a) 77
83. T C(b) 76
84. @ 81,83}
85. { F Ey B(y) 74
86. { F C(a) 74
87. { F C(b) 74
88. T Ey B(y) 85
89. T B(a) 88
90. T C(a) 86
91. @ 89,90}
92. { T Ey B(y) 85
93. T B(a) 88
94. T C(b) 87
95. @ 92,94}
96. { F Ey B(y) 85
97. { F C(a) 85
98. { F C(b) 85
99. T Ey B(y) 96
100. T B(a) 99
101. T C(a) 97
102. @ 100,101}
103. { T Ey B(y) 96
104. T B(a) 99
105. T C(b) 98
106. @ 103,105}
107. { F Ey B(y) 96
108. { F C(a) 96
109. { F C(b) 96
110. T Ey B(y) 107
111. T B(a) 110
112. T C(a) 108
113. @ 111,112}
114. { T Ey B(y) 107
115. T B(a) 110
116. T C(b) 109
117. @ 114,116}
118. { F Ey B(y) 107
119. { F C(a) 107
120. { F C(b) 107
121. T Ey B(y) 118
122. T B(a) 121
123. T C(a) 119
124. @ 122,123}
125. { T Ey B(y) 118
126. T B(a) 121
127. T C(b) 120
128. @ 125,127}
129. { F Ey B(y) 118
130. { F C(a) 118
131. { F C(b) 118
132. T Ey B(y) 129
133. T B(a) 132
134. T C(a) 130
135. @ 133,134}
136. { T Ey B(y) 129
137. T B(a) 132
138. T C(b) 131
139. @ 136,138}
140. { F Ey B(y) 129
141. { F C(a) 129
142. { F C(b) 129
143. T Ey B(y) 140
144. T B(a) 143
145. T C(a) 141
146. @ 144,145}
147. { T Ey B(y) 140
148. T B(a) 143
149. T C(b) 142
150. @ 147,149}
151. { F Ey B(y) 140
152. { F C(a) 140
153. { F C(b) 140
154. T Ey B(y) 151
155. T B(a) 154
156. T C(a) 152
157. @ 155,156}
158. { T Ey B(y) 151
159. T B(a) 154
160. T C(b) 153
161. @ 158,160}
162. { F Ey B(y) 151
163. { F C(a) 151
164. { F C(b) 151
165. T Ey B(y) 162
166. T B(a) 165
167. T C(a) 163
168. @ 166,167}
169. { T Ey B(y) 162
170. T B(a) 165
171. T C(b) 164
172. @ 169,171}
173. { F Ey B(y) 162
174. { F C(a) 162
175. { F C(b) 162
176. T Ey B(y) 173
177. T B(a) 176
178. T C(a) 174
179. @ 177,178}
180. { T Ey B(y) 173
181. T B(a) 176
182. T C(b) 175
183. @ 180,182}
184. { F Ey B(y) 173
185. { F C(a) 173
186. { F C(b) 173
187. T Ey B(y) 184
188. T B(a) 187
189. T C(a) 185
190. @ 188,189}
191. { T Ey B(y) 184
192. T B(a) 187
193. T C(b) 186
194. @ 191,193}
195. { F Ey B(y) 184
196. { F C(a) 184
197. { F C(b) 184
198. T Ey B(y) 195
199. T B(a) 198
200. T C(a) 196
201. @ 199,200}
202. { T Ey B(y) 195
203. T B(a) 198
204. T C(b) 197
205. @ 202,204}
206. { F Ey B(y) 195
207. { F C(a) 195
208. { F C(b) 195
209. T Ey B(y) 206
210. T B(a) 209
211. T C(a) 207
212. @ 210,211}
213. { T Ey B(y) 206
214. T B(a) 209
215. T C(b) 208
216. @ 213,215}
217. { F Ey B(y) 206
218. { F C(a) 206
219. { F C(b) 206
220. T Ey B(y) 217
221. T B(a) 220
222. T C(a) 218
223. @ 221,222}
224. { T Ey B(y) 217
225. T B(a) 220
226. T C(b) 219
227. @ 224,226}
228. { F Ey B(y) 217
229. { F C(a) 217
230. { F C(b) 217
231. T Ey B(y) 228
232. T B(a) 231
233. T C(a) 229
234. @ 232,233}
235. { T Ey B(y) 228
236. T B(a) 231
237. T C(b) 230
238. @ 235,237}
239. { F Ey B(y) 228
240. { F C(a) 228
241. { F C(b) 228
242. T Ey B(y) 239
243. T B(a) 242
244. T C(a) 240
245. @ 243,244}
246. { T Ey B(y) 239
247. T B(a) 242
248. T C(b) 241
249. @ 246,248}
250. { F Ey B(y) 239
251. { F C(a) 239
252. { F C(b) 239
253. T Ey B(y) 250
254. T B(a) 253
255. T C(a) 251
256. @ 254,255}
257. { T Ey B(y) 250
258. T B(a) 253
259. T C(b) 252
260. @ 257,259}
261. { F Ey B(y) 250
262. { F C(a) 250
263. { F C(b) 250
264. T Ey B(y) 261
265. T B(a) 264
266. T C(a) 262
267. @ 265,266}
268. { T Ey B(y) 261
269. T B(a) 264
270. T C(b) 263
271. @ 268,270}
272. { F Ey B(y) 261
273. { F C(a) 261
274. { F C(b) 261
275. T Ey B(y) 272
276. T B(a) 275
277. T C(a) 273
278. @ 276,277}
279. { T Ey B(y) 272
280. T B(a) 275
281. T C(b) 274
282. @ 279,281}
283. { F Ey B(y) 272
284. { F C(a) 272
285. { F C(b) 272
286. T Ey B(y) 283
287. T B(a) 286
288. T C(a) 284
289. @ 287,288}
290. { T Ey B(y) 283
291. T B(a) 286
292. T C(b) 285
293. @ 290,292}
294. { F Ey B(y) 283
295. { F C(a) 283
296. { F C(b) 283
297. T Ey B(y) 294
298. T B(a) 297
299. T C(a) 295
300. @ 298,299}
301. { T Ey B(y) 294
302. T B(a) 297
303. T C(b) 296
304. @ 301,303}
305. { F Ey B(y) 294
306. { F C(a) 294
307. { F C(b) 294
308. T Ey B(y) 305
309. T B(a) 308
310. T C(a) 306
311. @ 309,310}
312. { T Ey B(y) 305
313. T B(a) 308
314. T C(b) 307
315. @ 312,314}
316. { F Ey B(y) 305
317. { F C(a) 305
318. { F C(b) 305
319. T Ey B(y) 316
320. T B(a) 319
321. T C(a) 317
322. @ 320,321}
323. { T Ey B(y) 316
324. T B(a) 319
325. T C(b) 318
326. @ 323,325}
327. { F Ey B(y) 316
328. { F C(a) 316
329. { F C(b) 316
330. T Ey B(y) 327
331. T B(a) 330
332. T C(a) 328
333. @ 331,332}
334. { T Ey B(y) 327
335. T B(a) 330
336. T C(b) 329
337. @ 334,336}
338. { F Ey B(y) 327
339. { F C(a) 327
340. { F C(b) 327
341. T Ey B(y) 338
342. T B(a) 341
343. T C(a) 339
344. @ 342,343}
345. { T Ey B(y) 338
346. T B(a) 341
347. T C(b) 340
348. @ 345,347}
349. { F Ey B(y) 338
350. { F C(a) 338
351. { F C(b) 338
352. T Ey B(y) 349
353. T B(a) 352
354. T C(a) 350
355. @ 353,354}
356. { T Ey B(y) 349
357. T B(a) 352
358. T C(b) 351
359. @ 356,358}
360. { F Ey B(y) 349
361. { F C(a) 349
362. { F C(b) 349
363. T Ey B(y) 360
364. T B(a) 363
365. T C(a) 361
366. @ 364,365}
367. { T Ey B(y) 360
368. T B(a) 363
369. T C(b) 362
370. @ 367,369}
371. { F Ey B(y) 360
372. { F C(a) 360
373. { F C(b) 360
374. T Ey B(y) 371
375. T B(a) 374
376. T C(a) 372
377. @ 375,376}
378. { T Ey B(y) 371
379. T B(a) 374
380. T C(b) 373
381. @ 378,380}
382. { F Ey B(y) 371
383. { F C(a) 371
384. { F C(b) 371
385. T Ey B(y) 382
386. T B(a) 385
387. T C(a) 383
388. @ 386,387}
389. { T Ey B(y) 382
390. T B(a) 385
391. T C(b) 384
392. @ 389,391}
393. { F Ey B(y) 382
394. { F C(a) 382
395. { F C(b) 382
396. T Ey B(y) 393
397. T B(a) 396
398. T C(a) 394
399. @ 397,398}
400. { T Ey B(y) 393
401. T B(a) 396
402. T C(b) 395
403. @ 400,402}
404. { F Ey B(y) 393
405. { F C(a) 393
406. { F C(b) 393
407. T Ey B(y) 404
408. T B(a) 407
409. T C(a) 405
410. @ 408,409}
411. { T Ey B(y) 404
412. T B(a) 407
413. T C(b) 406
414. @ 411,413}
415. { F Ey B(y) 404
416. { F C(a) 404
417. { F C(b) 404
418. T Ey B(y) 415
419. T B(a) 418
420. T C(a) 416
421. @ 419,420}
422. { T Ey B(y) 415
423. T B(a) 418
424. T C(b) 417
425. @ 422,424}
426. { F Ey B(y) 415
427. { F C(a) 415
428. { F C(b) 415
429. T Ey B(y) 426
430. T B(a) 429
431. T C(a) 427
432. @ 430,431}
433. { T Ey B(y) 426
434. T B(a) 429
435. T C(b) 428
436. @ 433,435}
437. { F Ey B(y) 426
438. { F C(a) 426
439. { F C(b) 426
440. T Ey B(y) 437
441. T B(a) 440
442. T C(a) 438
443. @ 441,442}
444. { T Ey B(y) 437
445. T B(a) 440
446. T C(b) 439
447. @ 444,446}
448. { F Ey B(y) 437
449. { F C(a) 437
450. { F C(b) 437
451. T Ey B(y) 448
452. T B(a) 451
453. T C(a) 449
454. @ 452,453}
455. { T Ey B(y) 448
456. T B(a) 451
457. T C(b) 450
458. @ 455,457}
459. { F Ey B(y) 448
460. { F C(a) 448
461. { F C(b) 448
462. T Ey B(y) 459
463. T B(a) 462
464. T C(a) 460
465. @ 463,464}
466. { T Ey B(y) 459
467. T B(a) 462
468. T C(b) 461
469. @ 466,468}
470. { F Ey B(y) 459
471. { F C(a) 459
472. { F C(b) 459
473. T Ey B(y) 470
474. T B(a) 473
475. T C(a) 471
476. @ 474,475}
477. { T Ey B(y) 470
478. T B(a) 473
479. T C(b) 472
480. @ 477,479}
481. { F Ey B(y) 470
482. { F C(a) 470
483. { F C(b) 470
484. T Ey B(y) 481
485. T B(a) 484
486. T C(a) 479
487. @ 485,486}
488. { T Ey B(y) 481
489. T B(a) 484
490. T C(b) 478
491. @ 488,490}
492. { F Ey B(y) 481
493. { F C(a) 481
494. { F C(b) 481
495. T Ey B(y) 492
496. T B(a) 495
497. T C(a) 493
498. @ 496,497}
499. { T Ey B(y) 492
500. T B(a) 495
501. T C(b) 494
502. @ 499,501}
503. { F Ey B(y) 492
504. { F C(a) 492
505. { F C(b) 492
506. T Ey B(y) 503
507. T B(a) 506
508. T C(a) 504
509. @ 507,508}
510. { T Ey B(y) 503
511. T B(a) 506
512. T C(b) 505
513. @ 510,512}
514. { F Ey B(y) 503
515. { F C(a) 503
516. { F C(b) 503
517. T Ey B(y) 514
518. T B(a) 517
519. T C(a) 515
520. @ 518,519}
521. { T Ey B(y) 514
522. T B(a) 517
523. T C(b) 516
524. @ 521,523}
525. { F Ey B(y) 514
526. { F C(a) 514
527. { F C(b) 514
528. T Ey B(y) 525
529. T B(a) 528
530. T C(a) 526
531. @ 529,530}
532. { T Ey B(y) 525
533. T B(a) 528
534. T C(b) 527
535. @ 532,534}
536. { F Ey B(y) 525
537. { F C(a) 525
538. { F C(b) 525
539. T Ey B(y) 536
540. T B(a) 539
541. T C(a) 537
542. @ 540,541}
543. { T Ey B(y) 536
544. T B(a) 539
545. T C(b) 538
546. @ 543,545}
547. { F Ey B(y) 536
548. { F C(a) 536
549. { F C(b) 536
550. T Ey B(y) 547
551. T B(a) 550
552. T C(a) 548
553. @ 551,552}
554. { T Ey B(y) 547
555. T B(a) 550
556. T C(b) 549
557. @ 554,556}
558. { F Ey B(y) 547
559. { F C(a) 547
560. { F C(b) 547
561. T Ey B(y) 558
562. T B(a) 561
563. T C(a) 559
564. @ 562,563}
565. { T Ey B(y) 558
566. T B(a) 561
567. T C(b) 560
568. @ 565,567}
569. { F Ey B(y) 558
570. { F C(a) 558
571. { F C(b) 558
572. T Ey B(y) 569
573. T B(a) 572
574. T C(a) 570
575. @ 573,574}
576. { T Ey B(y) 569
577. T B(a) 572
578. T C(b) 571
579. @ 576,578}
580. { F Ey B(y) 569
581. { F C(a) 569
582. { F C(b) 569
583. T Ey B(y) 580
584. T B(a) 583
585. T C(a) 581
586. @ 584,585}
587. { T Ey B(y) 580
588. T B(a) 583
589. T C(b) 582
590. @ 587,589}
591. { F Ey B(y) 580
592. { F C(a) 580
593. { F C(b) 580
594. T Ey B(y) 591
595. T B(a) 594
596. T C(a) 592
597. @ 595,596}
598. { T Ey B(y) 591
599. T B(a) 594
600. T C(b) 593
601. @ 598,600}
602. { F Ey B(y) 591
603. { F C(a) 591
604. { F C(b) 591
605. T Ey B(y) 602
606. T B(a) 605
607. T C(a) 603
608. @ 606,607}
609. { T Ey B(y) 602
610. T B(a) 605
611. T C(b) 604
612. @ 609,611}
613. { F Ey B(y) 602
614. { F C(a) 602
615. { F C(b) 602
616. T Ey B(y) 613
617. T B(a) 616
618. T C(a) 614
619. @ 617,618}
620. { T Ey B(y) 613
621. T B(a) 616
622. T C(b) 615
623. @ 620,622}
624. { F Ey B(y) 613
625. { F C(a) 613
626. { F C(b) 613
627. T Ey B(y) 624
628. T B(a) 627
629. T C(a) 625
630. @ 628,629}
631. { T Ey B(y) 624
632. T B(a) 627
633. T C(b) 626
634. @ 631,633}
635. { F Ey B(y) 624
636. { F C(a) 624
637. { F C(b) 624
638. T Ey B(y) 635
639. T B(a) 638
640. T C(a) 636
641. @ 639,640}
642. { T Ey B(y) 635
643. T B(a) 638
644. T C(b) 637
645. @ 642,644}
646. { F Ey B(y) 635
647. { F C(a) 635
648. { F C(b) 635
649. T Ey B(y) 646
650. T B(a) 649
651. T C(a) 647
652. @ 650,651}
653. { T Ey B(y) 646
654. T B(a) 649
655. T C(b) 648
656. @ 653,655}
657. { F Ey B(y) 646
658. { F C(a) 646
659. { F C(b) 646
660. T Ey B(y) 657
661. T B(a) 660
662. T C(a) 658
663. @ 661,662}
664. { T Ey B(y) 657
665. T B(a) 660
666. T C(b) 659
667. @ 664,666}
668. { F Ey B(y) 657
669. { F C(a) 657
670. { F C(b) 657
671. T Ey B(y) 668
672. T B(a) 671
673. T C(a) 669
674. @ 672,673}
675. { T Ey B(y) 668
676. T B(a) 671
677. T C(b) 670
678. @ 675,677}
679. { F Ey B(y) 668
680. { F C(a) 668
681. { F C(b) 668
682. T Ey B(y) 679
683. T B(a) 682
684. T C(a) 680
685. @ 683,684}
686. { T Ey B(y) 679
687. T B(a) 682
688. T C(b) 681
689. @ 686,688}
690. { F Ey B(y) 679
691. { F C(a) 679
692. { F C(b) 679
693. T Ey B(y) 690
694. T B(a) 693
695. T C(a) 691
696. @ 694,695}
697. { T Ey B(y) 690
698. T B(a) 693
699. T C(b) 692
700. @ 697,699}
701. { F Ey B(y) 690
702. { F C(a) 690
703. { F C(b) 690
704. T Ey B(y) 701
705. T B(a) 704
706. T C(a) 702
707. @ 705,706}
708. { T Ey B(y) 701
709. T B(a) 704
710. T C(b) 703
711. @ 708,710}
712. { F Ey B(y) 701
713. { F C(a) 701
714. { F C(b) 701
715. T Ey B(y) 712
716. T B(a) 715
717. T C(a) 713
718. @ 716,717}
719. { T Ey B(y) 712
720. T B(a) 715
721. T C(b) 714
722. @ 719,721}
723. { F Ey B(y) 712
724. { F C(a) 712
725. { F C(b) 712
726. T Ey B(y) 723
727. T B(a) 726
728. T C(a) 724
729. @ 727,728}
730. { T Ey B(y) 723
731. T B(a) 726
732. T C(b) 725
733. @ 730,732}
734. { F Ey B(y) 723
735. { F C(a) 723
736. { F C(b) 723
737. T Ey B(y) 734
738. T B(a) 737
739. T C(a) 735
740. @ 738,739}
741. { T Ey B(y) 734
742. T B(a) 737
743. T C(b) 736
744. @ 741,743}
745. { F Ey B(y) 734
746. { F C(a) 734
747. { F C(b) 734
748. T Ey B(y) 745
749. T B(a) 748
750. T C(a) 746
751. @ 749,750}
752. { T Ey B(y) 745
753. T B(a) 748
754. T C(b) 747
755. @ 752,754}
756. { F Ey B(y) 745
757. { F C(a) 745
758. { F C(b) 745
759. T Ey B(y) 756
760. T B(a) 759
761. T C(a) 757
762. @ 760,761}
763. { T Ey B(y) 756
764. T B(a) 759
765. T C(b) 758
766. @ 763,765}
767. { F Ey B(y) 756
768. { F C(a) 756
769. { F C(b) 756
770. T Ey B(y) 767
771. T B(a) 770
772. T C(a) 768
773. @ 771,772}
774. { T Ey B(y) 767
775. T B(a) 770
776. T C(b) 769
777. @ 774,776}
778. { F Ey B(y) 767
779. { F C(a) 767
780. { F C(b) 767
781. T Ey B(y) 778
782. T B(a) 781
783. T C(a) 779
784. @ 782,783}
785. { T Ey B(y) 778
786. T B(a) 781
787. T C(b) 780
788. @ 785,787}
789. { F Ey B(y) 778
790. { F C(a) 778
791. { F C(b) 778
792. T Ey B(y) 789
793. T B(a) 792
794. T C(a) 790
795. @ 793,794}
796. { T Ey B(y) 789
797. T B(a) 792
798. T C(b) 791
799. @ 796,798}
800. { F Ey B(y) 789
801. { F C(a) 789
802. { F C(b) 789
803. T Ey B(y) 800
804. T B(a) 803
805. T C(a) 801
806. @ 804,805}
807. { T Ey B(y) 800
808. T B(a) 803
809. T C(b) 802
810. @ 807,809}
811. { F Ey B(y) 800
812. { F C(a) 800
813. { F C(b) 800
814. T Ey B(y) 811
815. T B(a) 814
816. T C(a) 812
817. @ 815,816}
818. { T Ey B(y) 811
819. T B(a) 814
820. T C(b) 813
821. @ 818,820}
822. { F Ey B(y) 811
823. { F C(a) 811
824. { F C(b) 811
825. T Ey B(y) 822
826. T B(a) 825
827. T C(a) 823
828. @ 826,827}
829. { T Ey B(y) 822
830. T B(a) 825
831. T C(b) 824
832. @ 829,831}
833. { F Ey B(y) 822
834. { F C(a) 822
835. { F C(b) 822
836. T Ey B(y) 833
837. T B(a) 836
838. T C(a) 834
839. @ 837,838}
840. { T Ey B(y) 833
841. T B(a) 836
842. T C(b) 835
843. @ 840,842}
844. { F Ey B(y) 833
845. { F C(a) 833
846. { F C(b) 833
847. T Ey B(y) 844
848. T B(a) 847
849. T C(a) 845
850. @ 848,849}
851. { T Ey B(y) 844
852. T B(a) 847
853. T C(b) 846
854. @ 851,853}
855. { F Ey B(y) 844
856. { F C(a) 844
857. { F C(b) 844
858. T Ey B(y) 855
859. T B(a) 858
860. T C(a) 856
861. @ 859,860}
862. { T Ey B(y) 855
863. T B(a) 858
864. T C(b) 857
865. @ 862,864}
866. { F Ey B(y) 855
867. { F C(a) 855
868. { F C(b) 855
869. T Ey B(y) 866
870. T B(a) 869
871. T C(a) 867
872. @ 870,871}
873. { T Ey B(y) 866
874. T B(a) 869
875. T C(b) 868
876. @ 873,875}
877. { F Ey B(y) 866
878. { F C(a) 866
879. { F C(b) 866
880. T Ey B(y) 877
881. T B(a) 880
882. T C(a) 878
883. @ 881,882}
884. { T Ey B(y) 877
885. T B(a) 880
886. T C(b) 879
887. @ 884,886}
888. { F Ey B(y) 877
889. { F C(a) 877
890. { F C(b) 877
891. T Ey B(y) 888
892. T B(a) 891
893. T C(a) 889
894. @ 892,893}
895. { T Ey B(y) 888
896. T B(a) 891
897. T C(b) 890
898. @ 895,897}
899. { F Ey B(y) 888
900. { F C(a) 888
901. { F C(b) 888
902. T Ey B(y) 899
903. T B(a) 902
904. T C(a) 900
905. @ 903,904}
906. { T Ey B(y) 899
907. T B(a) 902
908. T C(b) 901
909. @ 906,908}
910. { F Ey B(y) 899
911. { F C(a) 899
912. { F C(b) 899
913. T Ey B(y) 910
914. T B(a) 913
915. T C(a) 911
916. @ 914,915}
917. { T Ey B(y) 910
918. T B(a) 913
919. T C(b) 912
920. @ 917,919}
921. { F Ey B(y) 910
922. { F C(a) 910
923. { F C(b) 910
924. T Ey B(y) 921
925. T B(a) 924
926. T C(a) 922
927. @ 925,926}
928. { T Ey B(y) 921
929. T B(a) 924
930. T C(b) 923
931. @ 928,930}
932. { F Ey B(y) 921
933. { F C(a) 921
934. { F C(b) 921
935. T Ey B(y) 932
936. T B(a) 935
937. T C(a) 933
938. @ 936,937}
939. { T Ey B(y) 932
940. T B(a) 935
941. T C(b) 934
942. @ 939,941}
943. { F Ey B(y) 932
944. { F C(a) 932
945. { F C(b) 932
946. T Ey B(y) 943
947. T B(a) 946
948. T C(a) 944
949. @ 947,948}
950. { T Ey B(y) 943
951. T B(a) 946
952. T C(b) 945
953. @ 950,952}
954. { F Ey B(y) 943
955. { F C(a) 943
956. { F C(b) 943
957. T Ey B(y) 954
958. T B(a) 957
959. T C(a) 955
960. @ 958,959}
961. { T Ey B(y) 954
962. T B(a) 957
963. T C(b) 956
964. @ 961,963}
965. { F Ey B(y) 954
966. { F C(a) 954
967. { F C(b) 954
968. T Ey B(y) 965
969. T B(a) 968
970. T C(a) 966
971. @ 969,970}
972. { T Ey B(y) 965
973. T B(a) 968
974. T C(b) 967
975. @ 972,974}
976. { F Ey B(y) 965
977. { F C(a) 965
978. { F C(b) 965
979. T Ey B(y) 976
980. T B(a) 979
981. T C(a) 977
982. @ 980,981}
983. { T Ey B(y) 976
984. T B(a) 979
985. T C(b) 978
986. @ 983,985}
987. { F Ey B(y) 976
988. { F C(a) 976
989. { F C(b) 976
990. T Ey B(y) 987
991. T B(a) 990
992. T C(a) 988
993. @ 991,992}
994. { T Ey B(y) 987
995. T B(a) 990
996. T C(b) 989
997. @ 994,996}
998. { F Ey B(y) 987
999. { F C(a) 987
1000. { F C(b) 987
1001. T Ey B(y) 998
1002. T B(a) 1001
1003. T C(a) 999
1004. @ 1002,1003}
1005. { T Ey B(y) 998
1006. T B(a) 1001
1007. T C(b) 1000
1008. @ 1005,1007}
1009. { F Ey B(y) 998
1010. { F C(a) 998
1011. { F C(b) 998
1012. T Ey B(y) 1009
1013. T B(a) 1012
1014. T C(a) 1010
1015. @ 1013,1014}
1016. { T Ey B(y) 1009
1017. T B(a) 1012
1018. T C(b) 1011
1019. @ 1016,1018}
1020. { F Ey B(y) 1009
1021. { F C(a) 1009
1022. { F C(b) 1009
1023. T Ey B(y) 1020
1024. T B(a) 1023
1025. T C(a) 1021
1026. @ 1024,1025}
1027. { T Ey B(y) 1020
1028. T B(a) 1023
1029. T C(b) 1022
1030. @ 1027,1029}
1031. { F Ey B(y) 1020
1032. { F C(a) 1020
1033. { F C(b) 1020
1034. T Ey B(y) 1031
1035. T B(a) 1034
1036. T C(a) 1032
1037. @ 1035,1036}
1038. { T Ey B(y) 1031
1039. T B(a) 1034
1040. T C(b) 1033
1041. @ 1038,1040}
1042. { F Ey B(y) 1031
1043. { F C(a) 1031
1044. { F C(b) 1031
1045. T Ey B(y) 1042
1046. T B(a) 1045
1047. T C(a) 1043
1048. @ 1046,1047}
1049. { T Ey B(y) 1042
1050. T B(a) 1045
1051. T C(b) 1044
1052. @ 1049,1051}
1053. { F Ey B(y) 1042
1054. { F C(a) 1042
1055. { F C(b) 1042
1056. T Ey B(y) 1053
1057. T B(a) 1056
1058. T C(a) 1054
1059. @ 1057,1058}
1060. { T Ey B(y) 1053
1061. T B(a) 1056
1062. T C(b) 1055
1063. @ 1060,1062}
1064. { F Ey B(y) 1053
1065. { F C(a) 1053
1066. { F C(b) 1053
1067. T Ey B(y) 1064
1068. T B(a) 1067
1069. T C(a) 1065
1070. @ 1068,1069}
1071. { T Ey B(y) 1064
1072. T B(a) 1067
1073. T C(b) 1066
1074. @ 1071,1073}
1075. { F Ey B(y) 1064
1076. { F C(a) 1064
1077. { F C(b) 1064
1078. T Ey B(y) 1075
1079. T B(a) 1078
1080. T C(a) 1076
1081. @ 1079,1080}
1082. { T Ey B(y) 1075
1083. T B(a) 1078
1084. T C(b) 1077
1085. @ 1082,1084}
1086. { F Ey B(y) 1075
1087. { F C(a) 1075
1088. { F C(b) 1075
1089. T Ey B(y) 1086
1090. T B(a) 1089
1091. T C(a) 1087
1092. @ 1090,1091}
1093. { T Ey B(y) 1086
1094. T B(a) 1089
1095. T C(b) 1088
1096. @ 1093,1095}
1097. { F Ey B(y) 1086
1098. { F C(a) 1086
1099. { F C(b) 1086
1100. T Ey B(y) 1097
1101. T B(a) 1100
1102. T C(a) 1098
1103. @ 1101,1102}
1104. { T Ey B(y) 1097
1105. T B(a) 1100
1106. T C(b) 1099
1107. @ 1104,1106}
1108. { F Ey B(y) 1097
1109. { F C(a) 1097
1110. { F C(b) 1097
1111. T Ey B(y) 1108
1112. T B(a) 1111
1113. T C(a) 1109
1114. @ 1112,1113}
1115. { T Ey B(y) 1108
1116. T B(a) 1111
1117. T C(b) 1110
1118. @ 1115,1117}
1119. { F Ey B(y) 1108
1120. { F C(a) 1108
1121. { F C(b) 1108
1122. T Ey B(y) 1119
1123. T B(a) 1122
1124. T C(a) 1120
1125. @ 1123,1124}
1126. { T Ey B(y) 1119
1127. T B(a) 1122
1128. T C(b) 1121
1129. @ 1126,1128}
1130. { F Ey B(y) 1119
1131. { F C(a) 1119
1132. { F C(b) 1119
1133. T Ey B(y) 1130
1134. T B(a) 1133
1135. T C(a) 1131
1136. @ 1134,1135}
1137. { T Ey B(y) 1130
1138. T B(a) 1133
1139. T C(b) 1132
1140. @ 1137,1139}
1141. { F Ey B(y) 1130
1142. { F C(a) 1130
1143. { F C(b) 1130
1144. T Ey B(y) 1141
1145. T B(a) 1144
1146. T C(a) 1142
1147. @ 1145,1146}
1148. { T Ey B(y) 1141
1149. T B(a) 1144
1150. T C(b) 1143
1151. @ 1148,1150}
1152. { F Ey B(y) 1141
1153. { F C(a) 1141
1154. { F C(b) 1141
1155. T Ey B(y) 1152
1156. T B(a) 1155
1157. T C(a) 1153
1158. @ 1156,1157}
1159. { T Ey B(y) 1152
1160. T B(a) 1155
1161. T C(b) 1154
1162. @ 1159,1161}
1163. { F Ey B(y) 1152
1164. { F C(a) 1152
1165. { F C(b) 1152
1166. T Ey B(y) 1163
1167. T B(a) 1166
1168. T C(a) 1164
1169. @ 1167,1168}
1170. { T Ey B(y) 1163
1171. T B(a) 1166
1172. T C(b) 1165
1173. @ 1170,1172}
1174. { F Ey B(y) 1163
1175. { F C(a) 1163
1176. { F C(b) 1163
1177. T Ey B(y) 1174
1178. T B(a) 1177
1179. T C(a) 1175
1180. @ 1178,1179}
1181. { T Ey B(y) 1174
1182. T B(a) 1177
1183. T C(b) 1176
1184. @ 1181,1183}
1185. { F Ey B(y) 1174
1186. { F C(a) 1174
1187. { F C(b) 1174
1188. T Ey B(y) 1185
1189. T B(a) 1188
1190. T C(a) 1186
1191. @ 1189,1190}
1192. { T Ey B(y) 1185
1193. T B(a) 1188
1194. T C(b) 1187
1195. @ 1192,1194}
1196. { F Ey B(y) 1185
1197. { F C(a) 1185
1198. { F C(b) 1185
1199. T Ey B(y) 1196
1200. T B(a) 1199
1201. T C(a) 1197
1202. @ 1200,1201}
1203. { T Ey B(y) 1196
1204. T B(a) 1199
1205. T C(b) 1198
1206. @ 1203,1205}
1207. { F Ey B(y) 1196
1208. { F C(a) 1196
1209. { F C(b) 1196
1210. T Ey B(y) 1207
1211. T B(a) 1210
1212. T C(a) 1208
1213. @ 1211,1212}
1214. { T Ey B(y) 1207
1215. T B(a) 1210
1216. T C(b) 1209
1217. @ 1214,1216}
1218. { F Ey B(y) 1207
1219. { F C(a) 1207
1220. { F C(b) 1207
1221. T Ey B(y) 1218
1222. T B(a) 1221
1223. T C(a) 1219
1224. @ 1222,1223}
1225. { T Ey B(y) 1218
1226. T B(a) 1221
1227. T C(b) 1220
1228. @ 1225,1227}
1229. { F Ey B(y) 1218
1230. { F C(a) 1218
1231. { F C(b) 1218
1232. T Ey B(y) 1231
1233. T B(a) 1232
1234. T C(a) 1229
1235. @ 1233,1234}
1236. { T Ey B(y) 1231
1237. T B(a) 1234
1238. T C(b) 1230
1239. @ 1236,1238}
1240. { F Ey B(y) 1231
1241. { F C(a) 1231
1242. { F C(b) 1231
1243. T Ey B(y) 1240
1244. T B(a) 1243
1245. T C(a) 1241
1246. @ 1244,1245}
1247. { T Ey B(y) 1240
1248. T B(a) 1243
1249. T C(b) 1242
1250. @ 1247,1249}
1251. { F Ey B(y) 1240
1252. { F C(a) 1240
1253. { F C(b) 1240
1254. T Ey B(y) 1251
1255. T B(a) 1254
1256. T C(a) 1252
1257. @ 1255,1256}
1258. { T Ey B(y) 1251
1259. T B(a) 1254
1260. T C(b) 1253
1261. @ 1258,1260}
1262. { F Ey B(y) 1251
1263. { F C(a) 1251
1264. { F C(b) 1251
1265. T Ey B(y) 1262
1266. T B(a) 1265
1267. T C(a) 1263
1268. @ 1266,1267}
1269. { T Ey B(y) 1262
1270. T B(a) 1265
1271. T C(b) 1264
1272. @ 1269,1271}
1273. { F Ey B(y) 1262
1274. { F C(a) 1262
1275. { F C(b) 1262
1276. T Ey B(y) 1273
1277. T B(a) 1276
1278. T C(a) 1274
1279. @ 1277,1278}
1280. { T Ey B(y) 1273
1281. T B(a) 1276
1282. T C(b) 1275
1283. @ 1280,1282}
1284. { F Ey B(y) 1273
1285. { F C(a) 1273
1286. { F C(b) 1273
1287. T Ey B(y) 1284
1288. T B(a) 1287
1289. T C(a) 1285
1290. @ 1288,1289}
1291. { T Ey B(y) 1284
1292. T B(a) 1287
1293. T C(b) 1286
1294. @ 1291,1293}
1295. { F Ey B(y) 1284
1296. { F C(a) 1284
1297. { F C(b) 1284
1298. T Ey B(y) 1295
1299. T B(a) 1298
1300. T C(a) 1296
1301. @ 1300,1301}
1302. { T Ey B(y) 1295
1303. T B(a) 1298
1304. T C(b) 1297
1305. @ 1302,1304}
1306. { F Ey B(y) 1295
1307. { F C(a) 1295
1308. { F C(b) 1295
1309. T Ey B(y) 1306
1310. T B(a) 1309
1311. T C(a) 1307
1312. @ 1310,1311}
1313. { T Ey B(y) 1306
1314. T B(a) 1309
1315. T C(b) 1308
1316. @ 1313,1315}
1317. { F Ey B(y) 1306
1318. { F C(a) 1306
1319. { F C(b) 1306
1320. T Ey B(y) 1317
1321. T B(a) 1320
1322. T C(a) 1318
1323. @ 1321,1322}
1324. { T Ey B(y) 1317
1325. T B(a) 1320
1326. T C(b) 1319
1327. @ 1324,1326}
1328. { F Ey B(y) 1317
1329. { F C(a) 1317
1330. { F C(b) 1317
1331. T Ey B(y) 1328
1332. T B(a) 1331
1333. T C(a) 1329
1334. @ 1332,1333}
1335. { T Ey B(y) 1328
1336. T B(a) 1331
1337. T C(b) 1330
1338. @ 1335,1337}
1339. { F Ey B(y) 1328
1340. { F C(a) 1328
1341. { F C(b) 1328
1342. T Ey B(y) 1339
1343. T B(a) 1342
1344. T C(a) 1340
1345. @ 1343,1344}
1346. { T Ey B(y) 1339
1347. T B(a) 1342
1348. T C(b) 1341
1349. @ 1346,1348}
1350. { F Ey B(y) 1339
1351. { F C(a) 1339
1352. { F C(b) 1339
1353. T Ey B(y) 1350
1354. T B(a) 1353
1355. T C(a) 1351
1356. @ 1354,1355}
1357. { T Ey B(y) 1350
1358. T B(a) 1353
1359. T C(b) 1352
1360. @ 1357,1359}
1361. { F Ey B(y) 1350
1362. { F C(a) 1350
1363. { F C(b) 1350
1364. T Ey B(y) 1361
1365. T B(a) 1364
1366. T C(a) 1362
1367. @ 1365,1366}
1368. { T Ey B(y) 1361
1369. T B(a) 1364
1370. T C(b) 1363
1371. @ 1368,1370}
1372. { F Ey B(y) 1361
1373. { F C(a) 1361
1374. { F C(b) 1361
1375. T Ey B(y) 1372
1376. T B(a) 1375
1377. T C(a) 1373
1378. @ 1376,1377}
1379. { T Ey B(y) 1372
1380. T B(a) 1375
1381. T C(b) 1374
1382. @ 1379,1381}
1383. { F Ey B(y) 1372
1384. { F C(a) 1372
1385. { F C(b) 1372
1386. T Ey B(y) 1383
1387. T B(a) 1386
1388. T C(a) 1384
1389. @ 1387,1388}
1390. { T Ey B(y) 1383
1391. T B(a) 1386
1392. T C(b) 1385
1393. @ 1390,1392}
1394. { F Ey B(y) 1383
1395. { F C(a) 1383
1396. { F C(b) 1383
1397. T Ey B(y) 1394
1398. T B(a) 1397
1399. T C(a) 1395
1400. @ 1398,1399}
1401. { T Ey B(y) 1394
1402. T B(a) 1397
1403. T C(b) 1396
1404. @ 1401,1403}
1405. { F Ey B(y) 1394
1406. { F C(a) 1394
1407. { F C(b) 1394
1408. T Ey B(y) 1405
1409. T B(a) 1408
1410. T C(a) 1406
1411. @ 1409,1410}
1412. { T Ey B(y) 1405
1413. T B(a) 1408
1414. T C(b) 1407
1415. @ 1412,1414}
1416. { F Ey B(y) 1405
1417. { F C(a) 1405
1418. { F C(b) 1405
1419. T Ey B(y) 1416
1420. T B(a) 1419
1421. T C(a) 1417
1422. @ 1420,1421}
1423. { T Ey B(y) 1416
1424. T B(a) 1419
1425. T C(b) 1418
1426. @ 1423,1425}
1427. { F Ey B(y) 1416
1428. { F C(a) 1416
1429. { F C(b) 1416
1430. T Ey B(y) 1427
1431. T B(a) 1430
1432. T C(a) 1428
1433. @ 1431,1432}
1434. { T Ey B(y) 1427
1435. T B(a) 1430
1436. T C(b) 1429
1437. @ 1434,1436}
1438. { F Ey B(y) 1427
1439. { F C(a) 1427
1440. { F C(b) 1427
1441. T Ey B(y) 1438
1442. T B(a) 1441
1443. T C(a) 1439
1444. @ 1442,1443}
1445. { T Ey B(y) 1438
1446. T B(a) 1441
1447. T C(b) 1440
1448. @ 1445,1447}
1449. { F Ey B(y) 1438
1450. { F C(a) 1438
1451. { F C(b) 1438
1452. T Ey B(y) 1449
1453. T B(a) 1452
1454. T C(a) 1450
1455. @ 1453,1454}
1456. { T Ey B(y) 1449
1457. T B(a) 1452
1458. T C(b) 1451
1459. @ 1456,1458}
1460. { F Ey B(y) 1449
1461. { F C(a) 1449
1462. { F C(b) 1449
1463. T Ey B(y) 1460
1464. T B(a) 1463
1465. T C(a) 1461
1466. @ 1464,1465}
1467. { T Ey B(y) 1460
1468. T B(a) 1463
1469. T C(b) 1462
1470. @ 1467,1469}
1471. { F Ey B(y) 1460
1472. { F C(a) 1460
1473. { F C(b) 1460
1474. T Ey B(y) 1471
1475. T B(a) 1474
1476. T C(a) 1472
1477. @ 1475,1476}
1478. { T Ey B(y) 1471
1479. T B(a) 1474
1480. T C(b) 1473
1481. @ 1478,1480}
1482. { F Ey B(y) 1471
1483. { F C(a) 1471
1484. { F C(b) 1471
1485. T Ey B(y) 1482
1486. T B(a) 1485
1487. T C(a) 1483
1488. @ 1486,1487}
1489. { T Ey B(y) 1482
1490. T B(a) 1485
1491. T C(b) 1484
1492. @ 1489,1491}
1493. { F Ey B(y) 1482
1494. { F C(a) 1482
1495. { F C(b) 1482
1496. T Ey B(y) 1493
1497. T B(a) 1496
1498. T C(a) 1494
1499. @ 1497,1498}
1500. { T Ey B(y) 1493
1501. T B(a) 1496
1502. T C(b) 1495
1503. @ 1500,1502}
1504. { F Ey B(y) 1493
1505. { F C(a) 1493
1506. { F C(b) 1493
1507. T Ey B(y) 1504
1508. T B(a) 1507
1509. T C(a) 1505
1510. @ 1508,1509}
1511. { T Ey B(y) 1504
1512. T B(a) 1507
1513. T C(b) 1506
1514. @ 1511,1513}
1515. { F Ey B(y) 1504
1516. { F C(a) 1504
1517. { F C(b) 1504
1518. T Ey B(y) 1515
1519. T B(a) 1518
1520. T C(a) 1516
1521. @ 1519,1520}
1522. { T Ey B(y) 1515
1523. T B(a) 1518
1524. T C(b) 1517
1525. @ 1522,1524}
1526. { F Ey B(y) 1515
1527. { F C(a) 1515
1528. { F C(b) 1515
1529. T Ey B(y) 1526
1530. T B(a) 1529
1531. T C(a) 1527
1532. @ 1530,1531}
1533. { T Ey B(y) 1526
1534. T B(a) 1529
1535. T C(b) 1528
1536. @ 1533,1535}
1537. { F Ey B(y) 1526
1538. { F C(a) 1526
1539. { F C(b) 1526
1540. T Ey B(y) 1537
1541. T B(a) 1540
1542. T C(a) 1538
1543. @ 1541,1542}
1544. { T Ey B(y) 1537
1545. T B(a) 1540
1546. T C(b) 1539
1547. @ 1544,1546}
1548. { F Ey B(y) 1537
1549. { F C(a) 1537
1550. { F C(b) 1537
1551. T Ey B(y) 1548
1552. T B(a) 1551
1553. T C(a) 1549
1554. @ 1552,1553}
1555. { T Ey B(y) 1548
1556. T B(a) 1551
1557. T C(b) 1550
1558. @ 1555,1557}
1559. { F Ey B(y) 1548
1560. { F C(a) 1548
1561. { F C(b) 1548
1562. T Ey B(y) 1559
1563. T B(a) 1562
1564. T C(a) 1560
1565. @ 1563,1564}
1566. { T Ey B(y) 1559
1567. T B(a) 1562
1568. T C(b) 1561
1569. @ 1566,1568}
1570. { F Ey B(y) 1559
1571. { F C(a) 1559
1572. { F C(b) 1559
1573. T Ey B(y) 1570
1574. T B(a) 1573
1575. T C(a) 1571
1576. @ 1574,1575}
1577. { T Ey B(y) 1570
1578. T B(a) 1573
1579. T C(b) 1572
1580. @ 1577,1579}
1581. { F Ey B(y) 1570
1582. { F C(a) 1570
1583. { F C(b) 1570
1584. T Ey B(y) 1581
1585. T B(a) 1584
1586. T C(a) 1582
1587. @ 1585,1586}
1588. { T Ey B(y) 1581
1589. T B(a) 1584
1590. T C(b) 1583
1591. @ 1588,1590}
1592. { F Ey B(y) 1581
1593. { F C(a) 1581
1594. { F C(b) 1581
1595. T Ey B(y) 1592
1596. T B(a) 1595
1597. T C(a) 1593
1598. @ 1596,1597}
1599. { T Ey B(y) 1592
1600. T B(a) 1595
1601. T C(b) 1594
1602. @ 1599,1601}
1603. { F Ey B(y) 1592
1604. { F C(a) 1592
1605. { F C(b) 1592
1606. T Ey B(y) 1603
1607. T B(a) 1606
1608. T C(a) 1604
1609. @ 1607,1608}
1610. { T Ey B(y) 1603
1611. T B(a) 1606
1612. T C(b) 1605
1613. @ 1610,1612}
1614. { F Ey B(y) 1603
1615. { F C(a) 1603
1616. { F C(b) 1603
1617. T Ey B(y) 1614
1618. T B(a) 1617
1619. T C(a) 1615
1620. @ 1618,1619}
1621. { T Ey B(y) 1614
1622. T B(a) 1617
1623. T C(b) 1616
1624. @ 1621,1623}
1625. { F Ey B(y) 1614
1626. { F C(a) 1614
1627. { F C(b) 1614
1628. T Ey B(y) 1625
1629. T B(a) 1628
1630. T C(a) 1626
1631. @ 1629,1630}
1632. { T Ey B(y) 1625
1633. T B(a) 1628
1634. T C(b) 1627
1635. @ 1632,1634}
1636. { F Ey B(y) 1625
1637. { F C(a) 1625
1638. { F C(b) 1625
1639. T Ey B(y) 1636
1640. T B(a) 1639
1641. T C(a) 1637
1642. @ 1640,1641}
1643. { T Ey B(y) 1636
1644. T B(a) 1639
1645. T C(b) 1638
1646. @ 1643,1645}
1647. { F Ey B(y) 1636
1648. { F C(a) 1636
1649. { F C(b) 1636
1650. T Ey B(y) 1647
1651. T B(a) 1650
1652. T C(a) 1648
1653. @ 1651,1652}
1654. { T Ey B(y) 1647
1655. T B(a) 1650
1656. T C(b) 1649
1657. @ 1654,1656}
1658. { F Ey B(y) 1647
1659. { F C(a) 1647
1660. { F C(b) 1647
1661. T Ey B(y) 1658
1662. T B(a) 1661
1663. T C(a) 1659
1664. @ 1662,1663}
1665. { T Ey B(y) 1658
1666. T B(a) 1661
1667. T C(b) 1660
1668. @ 1665,1667}
1669. { F Ey B(y) 1658
1670. { F C(a) 1658
1671. { F C(b) 1658
1672. T Ey B(y) 1671
1673. T B(a) 1672
1674. T C(a) 1670
1675. @ 1673,1674}
1676. { T Ey B(y) 1671
1677. T B(a) 1674
1678. T C(b) 1671
1679. @ 1676,1678}
1680. { F Ey B(y) 1671
1681. { F C(a) 1671
1682. { F C(b) 1671
1683. T Ey B(y) 1682
1684. T B(a) 1683
1685. T C(a) 1681
1686. @ 1684,1685}
1687. { T Ey B(y) 1682
1688. T B(a) 1685
1689. T C(b) 1682
1690. @ 1687,1689}
1691. { F Ey B(y) 1682
1692. { F C(a) 1682
1693. { F C(b) 1682
1694. T Ey B(y) 1693
1695. T B(a) 1694
1696. T C(a) 1692
1697. @ 1695,1696}
1698. { T Ey B(y) 1693
1699. T B(a) 1696
1700. T C(b) 1693
1701. @ 1698,1700}
1702. { F Ey B(y) 1693
1703. { F C(a) 1693
1704. { F C(b) 1693
1705. T Ey B(y) 1704
1706. T B(a) 1705
1707. T C(a) 1703
1708. @ 1706,1707}
1709. { T Ey B(y) 1704
1710. T B(a) 1707
1711. T C(b) 1704
1712. @ 1709,1711}
1713. { F Ey B(y) 1704
1714. { F C(a) 1704
1715. { F C(b) 1704
1716. T Ey B(y) 1715
1717. T B(a) 1716
1718. T C(a) 1714
1719. @ 1717,1718}
1720. { T Ey B(y) 1715
1721. T B(a) 1718
1722. T C(b) 1715
1723. @ 1720,1722}
1724. { F Ey B(y) 1715
1725. { F C(a) 1715
1726. { F C(b) 1715
1727. T Ey B(y) 1726
1728. T B(a) 1727
1729. T C(a) 1725
1730. @ 1728,1729}
1731. { T Ey B(y) 1726
1732. T B(a) 1729
1733. T C(b) 1726
1734. @ 1731,1733}
1735. { F Ey B(y) 1726
1736. { F C(a) 1726
1737. { F C(b) 1726
1738. T Ey B(y) 1737
1739. T B(a) 1738
1740. T C(a) 1736
1741. @ 1739,1740}
1742. { T Ey B(y) 1737
1743. T B(a) 1740
1744. T C(b) 1737
1745. @ 1742,1744}
1746. { F Ey B(y) 1737
1747. { F C(a) 1737
1748. { F C(b) 1737
1749. T Ey B(y) 1748
1750. T B(a) 1749
1751. T C(a) 1747
1752. @ 1750,1751}
1753. { T Ey B(y) 1748
1754. T B(a) 1751
1755. T C(b) 1748
1756. @ 1753,1755}
1757. { F Ey B(y) 1748
1758. { F C(a) 1748
1759. { F C(b) 1748
1760. T Ey B(y) 1759
1761. T B(a) 1760
1762. T C(a) 1758
1763. @ 1761,1762}
1764. { T Ey B(y) 1759
1765. T B(a) 1762
1766. T C(b) 1759
1767. @ 1764,1766}
1768. { F Ey B(y) 1759
1769. { F C(a) 1759
1770. { F C(b) 1759
1771. T Ey B(y) 1770
1772. T B(a) 1771
1773. T C(a) 1769
1774. @ 1772,1773}
1775. { T Ey B(y) 1770
1776. T B(a) 1773
1777. T C(b) 1770
1778. @ 1775,1777}
1779. { F Ey B(y) 1770
1780. { F C(a) 1770
1781. { F C(b) 1770
1782. T Ey B(y) 1781
1783. T B(a) 1782
1784. T C(a) 1780
1785. @ 1783,1784}
1786. { T Ey B(y) 1781
1787. T B(a) 1784
1788. T C(b) 1781
1789. @ 1786,1788}
1790. { F Ey B(y) 1781
1791. { F C(a) 1781
1792. { F C(b) 1781
1793. T Ey B(y) 1792
1794. T B(a) 1793
1795. T C(a) 1789
1796. @ 1794,1795}
1797. { T Ey B(y) 1792
1798. T B(a) 1795
1799. T C(b) 1792
1800. @ 1797,1799}
1801. { F Ey B(y) 1792
1802. { F C(a) 1792
1803. { F C(b) 1792
1804. T Ey B(y) 1803
1805. T B(a) 1804
1806. T C(a) 1799
1807. @ 1805,1806}
1808. { T Ey B(y) 1803
1809. T B(a) 1806
1810. T C(b) 1802
1811. @ 1808,1810}
1812. { F Ey B(y) 1803
1813. { F C(a) 1803
1814. { F C(b) 1803
1815. T Ey B(y) 1814
1816. T B(a) 1815
1817. T C(a) 1812
1818. @ 1816,1817}
1819. { T Ey B(y) 1814
1820. T B(a) 1817
1821. T C(b) 1813
1822. @ 1819,1821}
1823. { F Ey B(y) 1814
1824. { F C(a) 1814
1825. { F C(b) 1814
1826. T Ey B(y) 1825
1827. T B(a) 1826
1828. T C(a) 1823
1829. @ 1827,1828}
1830. { T Ey B(y) 1825
1831. T B(a) 1828
1832. T C(b) 1824
1833. @ 1830,1832}
1834. { F Ey B(y) 1825
1835. { F C(a) 1825
1836. { F C(b) 1825
1837. T Ey B(y) 1836
1838. T B(a) 1837
1839. T C(a) 1834
1840. @ 1838,1839}
1841. { T Ey B(y) 1836
1842. T B(a) 1839
1843. T C(b) 1835
1844. @ 1841,1843}
1845. { F Ey B(y) 1836
1846. { F C(a) 1836
1847. { F C(b) 1836
1848. T Ey B(y) 1847
1849. T B(a) 1848
1850. T C(a) 1845
1851. @ 1849,1850}
1852. { T Ey B(y) 1847
1853. T B(a) 1850
1854. T C(b) 1846
1855. @ 1852,1854}
1856. { F Ey B(y) 1847
1857. { F C(a) 1847
1858. { F C(b) 1847
1859. T Ey B(y) 1858
1860. T B(a) 1859
1861. T C(a) 1856
1862. @ 1860,1861}
1863. { T Ey B(y) 1858
1864. T B(a) 1861
1865. T C(b) 1857
1866. @ 1863,1865}
1867. { F Ey B(y) 1858
1868. { F C(a) 1858
1869. { F C(b) 1858
1870. T Ey B(y) 1869
1871. T B(a) 1870
1872. T C(a) 1868
1873. @ 1871,1872}
1874. { T Ey B(y) 1869
1875. T B(a) 1872
1876. T C(b) 1868
1877. @ 1874,1876}
1878. { F Ey B(y) 1869
1879. { F C(a) 1869
1880. { F C(b) 1869
1881. T Ey B(y) 1880
1882. T B(a) 1881
1883. T C(a) 1878
1884. @ 1882,1883}
1885. { T Ey B(y) 1880
1886. T B(a) 1883
1887. T C(b) 1879
1888. @ 1885,1887}
1889. { F Ey B(y) 1880
1890. { F C(a) 1880
1891. { F C(b) 1880
1892. T Ey B(y) 1891
1893. T B(a) 1892
1894. T C(a) 1890
1895. @ 1893,1894}
1896. { T Ey B(y) 1891
1897. T B(a) 1894
1898. T C(b) 1891
1899. @ 1896,1898}
1900. { F Ey B(y) 1891
1901. { F C(a) 1891
1902. { F C(b) 1891
1903. T Ey B(y) 1902
1904. T B(a) 1903
1905. T C(a) 1901
1906. @ 1904,1905}
1907. { T Ey B(y) 1902
1908. T B(a) 1905
1909. T C(b) 1902
1910. @ 1907,1909}
1911. { F Ey B(y) 1902
1912. { F C(a) 1902
1913. { F C(b) 1902
1914. T Ey B(y) 1913
1915. T B(a) 1914
1916. T C(a) 1912
1917. @ 1915,1916}
1918. { T Ey B(y) 1913
1919. T B(a) 1916
1920. T C(b) 1913
1921. @ 1918,1920}
1922. { F Ey B(y) 1913
1923. { F C(a) 1913
1924. { F C(b) 1913
1925. T Ey B(y) 1924
1926. T B(a) 1925
1927. T C(a) 1922
1928. @ 1926,1927}
1929. { T Ey B(y) 1924
1930. T B(a) 1927
1931. T C(b) 1924
1932. @ 1929,1931}
1933. { F Ey B(y) 1924
1934. { F C(a) 1924
1935. { F C(b) 1924
1936. T Ey B(y) 1935
1937. T B(a) 1936
1938. T C(a) 1933
1939. @ 1937,1938}
1940. { T Ey B(y) 1935
1941. T B(a) 1938
1942. T C(b) 1935
1943. @ 1940,1942}
1944. { F Ey B(y) 1935
1945. { F C(a) 1935
1946. { F C(b) 1935
1947. T Ey B(y) 1946
1948. T B(a) 1947
1949. T C(a) 1944
1950. @ 1948,1949}
1951. { T Ey B(y) 1946
1952. T B(a) 1949
1953. T C(b) 1946
1954. @ 1951,1953}
1955. { F Ey B(y) 1946
1956. { F C(a) 1946
1957. { F C(b) 1946
1958. T Ey B(y) 1957
1959. T B(a) 1958
1960. T C(a) 1955
1961. @ 1959,1960}
1962. { T Ey B(y) 1957
1963. T B(a) 1960
1964. T C(b) 1957
1965. @ 1962,1964}
1966. { F Ey B(y) 1957
1967. { F C(a) 1957
1968. { F C(b) 1957
1969. T Ey B(y) 1968
1970. T B(a) 1969
1971. T C(a) 1966
1972. @ 1970,1971}
1973. { T Ey B(y) 1968
1974. T B(a) 1971
1975. T C(b) 1968
1976. @ 1973,1975}
1977. { F Ey B(y) 1968
1978. { F C(a) 1968
1979. { F C(b) 1968
1980. T Ey B(y) 1979
1981. T B(a) 1980
1982. T C(a) 1977
1983. @ 1981,1982}
1984. { T Ey B(y) 1979
1985. T B(a) 1982
1986. T C(b) 1979
1987. @ 1984,1986}
1988. { F Ey B(y) 1979
1989. { F C(a) 1979
1990. { F C(b) 1979
1991. T Ey B(y) 1990
1992. T B(a) 1991
1993. T C(a) 1988
1994. @ 1992,1993}
1995. { T Ey B(y) 1990
1996. T B(a) 1993
1997. T C(b) 1990
1998. @ 1995,1997}
1999. { F Ey B(y) 1990
2000. { F C(a) 1990
2001. { F C(b) 1990
2002. T Ey B(y) 2001
2003. T B(a) 2002
2004. T C(a) 1999
2005. @ 2003,2004}
2006. { T Ey B(y) 2001
2007. T B(a) 2004
2008. T C(b) 2001
2009. @ 2006,2008}
2100. @ 1,2,3}","The following errors were found:

One of definitions are not completed. Please, check whether all rules are correctly written.
Recall that a rule of inference starts with a numeber, followed by . (reference line), the truth value of the formula (T or F), has a formula and the justification (premise, conclusion or one of the inference rules with its formula references).Sintax error:
2100. @ 1,2,3}
           ^
",491.4151263237,stop,1096,31799
|- (Ax B(x)|Ax C(x))->Ax (B(x)|C(x)),"[{'role': 'system', 'content': ""\nYou are an expert in logic using the semantic Tableaux method. \nYou will receive a first order logic formula and must prove its validity using the semantic tableau method, represent the proof in a Fitch-like notation, following these formatting instructions:\n\n### FORMAT OF PROOF LINES: \nExpanding proof line must be structured like: '<line_number>. <T_or_F> <formula> <origin>'\n- <line_number>: sequential integer, always ending with a dot ('1.', '2.', '3.', ...)\n- <T_or_F> → T for true formulas, F for false formulas. \n- <formula>: the formula derived on that line\n- <origin> is exactly one of:\n    pre (for premises)\n    conclusion (for the conclusion)\n    a comma-separated list of line numbers indicating the formula(s) used to derive the current line (e.g. '1', '3', '1,3')\n\n### BRANCHING FORMAT \nUse curly braces { and } to open and close branches. \n{ must appear immediately after the line number that opens a branch (e.g. '8.{ F A|B 3') \n} must appear at the end of the line that closes that branch (e.g. '12. @ 5,7}'). Exception: the main (initial) branch does not require a closing }, since it is not opened by {.\nBranches may be nested. But a formula may only be used at a given point if it appeared earlier in the same branch or an outer (enclosing) branch to the current branch. Formulas from closed branches or sibling branches must not be used.\n\n### SYMBOLS \nUse the following symbols for logical operations: \n & = conjunction (and), \n | = disjunction (or), \n ~ = negation (not), \n -> = implication (implies).\n\nQuantifiers symbols:  \n    Ax represents ∀x  \n    Ex represents ∃x\nSo formulas with ∀x and ∃x will be represented by Ax and Ex (A and E followed by the variable x). For example, Ax (H(x)->M(x)) represents ∀x (H(x)→M(x)).\n\n###CONVENTIONS\nAtoms: only uppercase letters not immediately followed by parentesis (e.g. P, Q, R).\nPredicates: uppercase letters immediately followed by parentesis (e.g. H(x), M(y), Q(a,b) ). All predicates must use parentheses.\nVariables: first letter in lowercase, can be followed by letters and numbers (e.g., x, x0, xP0).\n\nWrite only the final proof in <proof>...</proof> tags. Only use <proof>...</proof> tags ONCE. Omit names of the rules. Only use these symbols inside the proof '&' , '->', '~', '|', '@', '(', ')', '{', '}', 'Ax', 'Ex'.\nDo not include explanations, commentary, or extra text inside and outside the <proof>...</proof> tags.\n""}, {'role': 'user', 'content': ""Prove 'Ex P(x), Ax (P(x)->Q(x)) |- Ex Q(x)', using the analytical tableau method. Final answer using the notation described. ""}, {'role': 'assistant', 'content': ' <proof>\n                        1. T Ex P(x) pre\n                        2. T Ax (P(x)->Q(x)) pre\n                        3. F Ex Q(x) conclusion\n                        4. T P(a) 1 \n                        5. T (P(a)->Q(a)) 2 \n                        6. F Q(a) 3 \n                        7.{ F P(a) 5 \n                        8. @ 4,7}    \n                        9.{ T Q(a) 5 \n                        10. @ 6,9}   \n                    </proof>'}, {'role': 'user', 'content': ""Prove 'Ax (P(x)|P(x)) |- Ax P(x)', using the analytical tableau method. Final answer using the notation described.""}, {'role': 'assistant', 'content': ' <proof>\n                            1. T Ax (P(x)|P(x)) pre \n                            2. F Ax P(x) conclusion\n                            3. F P(a) 2          \n                            4. T (P(a)|P(a)) 1   \n                            5.{ T P(a) 4         \n                            6. @ 3,5}            \n                            7.{ T P(a) 4         \n                            8. @ 3,7}            \n                        </proof>'}, {'role': 'user', 'content': ""Prove'|- (Ax B(x)|Ax C(x))->Ax (B(x)|C(x))' using the analytical tableau method. Only one final answer, surrounded by <proof>...</proof>, using the notation described.""}]","1. F (Ax B(x)|Ax C(x))->Ax (B(x)|C(x)) conclusion
2. T (Ax B(x)|Ax C(x)) 1
3. F Ax (B(x)|C(x)) 1
4. T B(a) 2 {
5. T (B(a)|C(a)) 3
6. @ 4,5}
7. T C(b) 2 {
8. T (B(b)|C(b)) 3
9. @ 7,8}
10. @ 2,4,7}
11. F B(c) 3 {
12. T (B(c)|C(c)) 3
13. @ 11,12}
14. F C(c) 3 {
15. T (B(c)|C(c)) 3
16. @ 14,15}
17. @ 3,11,14}
18. @ 2,3}","1. F (Ax B(x)|Ax C(x))->Ax (B(x)|C(x)) conclusion
2. T (Ax B(x)|Ax C(x)) 1
3. F Ax (B(x)|C(x)) 1
4. T B(a) 2 {
5. T (B(a)|C(a)) 3
6. @ 4,5}
7. T C(b) 2 {
8. T (B(b)|C(b)) 3
9. @ 7,8}
10. @ 2,4,7}
11. F B(c) 3 {
12. T (B(c)|C(c)) 3
13. @ 11,12}
14. F C(c) 3 {
15. T (B(c)|C(c)) 3
16. @ 14,15}
17. @ 3,11,14}
18. @ 2,3}","The following errors were found:

One of definitions are not completed. Please, check whether all rules are correctly written.
Recall that a rule of inference starts with a numeber, followed by . (reference line), the truth value of the formula (T or F), has a formula and the justification (premise, conclusion or one of the inference rules with its formula references).Sintax error:
4. T B(a) 2 {
            ^
",5.175390005111694,stop,1095,253
|- Ex (B(x)&C(x))->Ex B(x),"[{'role': 'system', 'content': ""\nYou are an expert in logic using the semantic Tableaux method. \nYou will receive a first order logic formula and must prove its validity using the semantic tableau method, represent the proof in a Fitch-like notation, following these formatting instructions:\n\n### FORMAT OF PROOF LINES: \nExpanding proof line must be structured like: '<line_number>. <T_or_F> <formula> <origin>'\n- <line_number>: sequential integer, always ending with a dot ('1.', '2.', '3.', ...)\n- <T_or_F> → T for true formulas, F for false formulas. \n- <formula>: the formula derived on that line\n- <origin> is exactly one of:\n    pre (for premises)\n    conclusion (for the conclusion)\n    a comma-separated list of line numbers indicating the formula(s) used to derive the current line (e.g. '1', '3', '1,3')\n\n### BRANCHING FORMAT \nUse curly braces { and } to open and close branches. \n{ must appear immediately after the line number that opens a branch (e.g. '8.{ F A|B 3') \n} must appear at the end of the line that closes that branch (e.g. '12. @ 5,7}'). Exception: the main (initial) branch does not require a closing }, since it is not opened by {.\nBranches may be nested. But a formula may only be used at a given point if it appeared earlier in the same branch or an outer (enclosing) branch to the current branch. Formulas from closed branches or sibling branches must not be used.\n\n### SYMBOLS \nUse the following symbols for logical operations: \n & = conjunction (and), \n | = disjunction (or), \n ~ = negation (not), \n -> = implication (implies).\n\nQuantifiers symbols:  \n    Ax represents ∀x  \n    Ex represents ∃x\nSo formulas with ∀x and ∃x will be represented by Ax and Ex (A and E followed by the variable x). For example, Ax (H(x)->M(x)) represents ∀x (H(x)→M(x)).\n\n###CONVENTIONS\nAtoms: only uppercase letters not immediately followed by parentesis (e.g. P, Q, R).\nPredicates: uppercase letters immediately followed by parentesis (e.g. H(x), M(y), Q(a,b) ). All predicates must use parentheses.\nVariables: first letter in lowercase, can be followed by letters and numbers (e.g., x, x0, xP0).\n\nWrite only the final proof in <proof>...</proof> tags. Only use <proof>...</proof> tags ONCE. Omit names of the rules. Only use these symbols inside the proof '&' , '->', '~', '|', '@', '(', ')', '{', '}', 'Ax', 'Ex'.\nDo not include explanations, commentary, or extra text inside and outside the <proof>...</proof> tags.\n""}, {'role': 'user', 'content': ""Prove 'Ex P(x), Ax (P(x)->Q(x)) |- Ex Q(x)', using the analytical tableau method. Final answer using the notation described. ""}, {'role': 'assistant', 'content': ' <proof>\n                        1. T Ex P(x) pre\n                        2. T Ax (P(x)->Q(x)) pre\n                        3. F Ex Q(x) conclusion\n                        4. T P(a) 1 \n                        5. T (P(a)->Q(a)) 2 \n                        6. F Q(a) 3 \n                        7.{ F P(a) 5 \n                        8. @ 4,7}    \n                        9.{ T Q(a) 5 \n                        10. @ 6,9}   \n                    </proof>'}, {'role': 'user', 'content': ""Prove 'Ax (P(x)|P(x)) |- Ax P(x)', using the analytical tableau method. Final answer using the notation described.""}, {'role': 'assistant', 'content': ' <proof>\n                            1. T Ax (P(x)|P(x)) pre \n                            2. F Ax P(x) conclusion\n                            3. F P(a) 2          \n                            4. T (P(a)|P(a)) 1   \n                            5.{ T P(a) 4         \n                            6. @ 3,5}            \n                            7.{ T P(a) 4         \n                            8. @ 3,7}            \n                        </proof>'}, {'role': 'user', 'content': ""Prove'|- Ex (B(x)&C(x))->Ex B(x)' using the analytical tableau method. Only one final answer, surrounded by <proof>...</proof>, using the notation described.""}]","1. F ~ (Ex (B(x)&C(x)) -> Ex B(x)) conclusion
2. T Ex (B(x)&C(x)) 1
3. F Ex B(x) 1
4. T B(a)&C(a) 2
5. T B(a) 4
6. T C(a) 4
7. F B(b) 3
8. @ 5,7","1. F ~ (Ex (B(x)&C(x)) -> Ex B(x)) conclusion
2. T Ex (B(x)&C(x)) 1
3. F Ex B(x) 1
4. T B(a)&C(a) 2
5. T B(a) 4
6. T C(a) 4
7. F B(b) 3
8. @ 5,7","The following errors were found:

Error in line 3:
3. F Ex B(x) 1
   ^, The truth value should be T for this rule.
Error in line 2:
2. T Ex (B(x)&C(x)) 1
                    ^, Formula Ex (B(x)&C(x)) is not a valid result for this rule.
Error in line 3:
3. F Ex B(x) 1
             ^, Formula Ex B(x) is not a valid result for this rule.
Error in line 3:
3. F Ex B(x) 1
             ^, The reference rule on the 3 line can only be used once in this branch.
Error in line 8:
8. @ 5,7
     ^, None of the formulas referenced by the lines contradict the other formula.",2.331382989883423,stop,1088,110
"Ax (B(x)->C(x)), Ax B(x) |- Ax C(x)","[{'role': 'system', 'content': ""\nYou are an expert in logic using the semantic Tableaux method. \nYou will receive a first order logic formula and must prove its validity using the semantic tableau method, represent the proof in a Fitch-like notation, following these formatting instructions:\n\n### FORMAT OF PROOF LINES: \nExpanding proof line must be structured like: '<line_number>. <T_or_F> <formula> <origin>'\n- <line_number>: sequential integer, always ending with a dot ('1.', '2.', '3.', ...)\n- <T_or_F> → T for true formulas, F for false formulas. \n- <formula>: the formula derived on that line\n- <origin> is exactly one of:\n    pre (for premises)\n    conclusion (for the conclusion)\n    a comma-separated list of line numbers indicating the formula(s) used to derive the current line (e.g. '1', '3', '1,3')\n\n### BRANCHING FORMAT \nUse curly braces { and } to open and close branches. \n{ must appear immediately after the line number that opens a branch (e.g. '8.{ F A|B 3') \n} must appear at the end of the line that closes that branch (e.g. '12. @ 5,7}'). Exception: the main (initial) branch does not require a closing }, since it is not opened by {.\nBranches may be nested. But a formula may only be used at a given point if it appeared earlier in the same branch or an outer (enclosing) branch to the current branch. Formulas from closed branches or sibling branches must not be used.\n\n### SYMBOLS \nUse the following symbols for logical operations: \n & = conjunction (and), \n | = disjunction (or), \n ~ = negation (not), \n -> = implication (implies).\n\nQuantifiers symbols:  \n    Ax represents ∀x  \n    Ex represents ∃x\nSo formulas with ∀x and ∃x will be represented by Ax and Ex (A and E followed by the variable x). For example, Ax (H(x)->M(x)) represents ∀x (H(x)→M(x)).\n\n###CONVENTIONS\nAtoms: only uppercase letters not immediately followed by parentesis (e.g. P, Q, R).\nPredicates: uppercase letters immediately followed by parentesis (e.g. H(x), M(y), Q(a,b) ). All predicates must use parentheses.\nVariables: first letter in lowercase, can be followed by letters and numbers (e.g., x, x0, xP0).\n\nWrite only the final proof in <proof>...</proof> tags. Only use <proof>...</proof> tags ONCE. Omit names of the rules. Only use these symbols inside the proof '&' , '->', '~', '|', '@', '(', ')', '{', '}', 'Ax', 'Ex'.\nDo not include explanations, commentary, or extra text inside and outside the <proof>...</proof> tags.\n""}, {'role': 'user', 'content': ""Prove 'Ex P(x), Ax (P(x)->Q(x)) |- Ex Q(x)', using the analytical tableau method. Final answer using the notation described. ""}, {'role': 'assistant', 'content': ' <proof>\n                        1. T Ex P(x) pre\n                        2. T Ax (P(x)->Q(x)) pre\n                        3. F Ex Q(x) conclusion\n                        4. T P(a) 1 \n                        5. T (P(a)->Q(a)) 2 \n                        6. F Q(a) 3 \n                        7.{ F P(a) 5 \n                        8. @ 4,7}    \n                        9.{ T Q(a) 5 \n                        10. @ 6,9}   \n                    </proof>'}, {'role': 'user', 'content': ""Prove 'Ax (P(x)|P(x)) |- Ax P(x)', using the analytical tableau method. Final answer using the notation described.""}, {'role': 'assistant', 'content': ' <proof>\n                            1. T Ax (P(x)|P(x)) pre \n                            2. F Ax P(x) conclusion\n                            3. F P(a) 2          \n                            4. T (P(a)|P(a)) 1   \n                            5.{ T P(a) 4         \n                            6. @ 3,5}            \n                            7.{ T P(a) 4         \n                            8. @ 3,7}            \n                        </proof>'}, {'role': 'user', 'content': ""Prove'Ax (B(x)->C(x)), Ax B(x) |- Ax C(x)' using the analytical tableau method. Only one final answer, surrounded by <proof>...</proof>, using the notation described.""}]","1. T Ax (B(x)->C(x)) pre
2. T Ax B(x) pre
3. F Ax C(x) conclusion
4. T (B(a)->C(a)) 1
5. T B(a) 2
6. F C(a) 3
7. { F B(a) 4
8. @ 5,7}
9. { T C(a) 4
10. @ 6,9}","1. T Ax (B(x)->C(x)) pre
2. T Ax B(x) pre
3. F Ax C(x) conclusion
4. T (B(a)->C(a)) 1
5. T B(a) 2
6. F C(a) 3
7. { F B(a) 4
8. @ 5,7}
9. { T C(a) 4
10. @ 6,9}","The following errors were found:

Error in line 6:
6. F C(a) 3
     ^, The variable used in this formula C(a) is not a new variable and therefore cannot be used in this rule.",2.368990421295166,stop,1093,119
"Ax (B(x)->C(x)), Ax (C(x)->D(x)) |- Ex (B(x)&F(x))->Ex (D(x)&F(x))","[{'role': 'system', 'content': ""\nYou are an expert in logic using the semantic Tableaux method. \nYou will receive a first order logic formula and must prove its validity using the semantic tableau method, represent the proof in a Fitch-like notation, following these formatting instructions:\n\n### FORMAT OF PROOF LINES: \nExpanding proof line must be structured like: '<line_number>. <T_or_F> <formula> <origin>'\n- <line_number>: sequential integer, always ending with a dot ('1.', '2.', '3.', ...)\n- <T_or_F> → T for true formulas, F for false formulas. \n- <formula>: the formula derived on that line\n- <origin> is exactly one of:\n    pre (for premises)\n    conclusion (for the conclusion)\n    a comma-separated list of line numbers indicating the formula(s) used to derive the current line (e.g. '1', '3', '1,3')\n\n### BRANCHING FORMAT \nUse curly braces { and } to open and close branches. \n{ must appear immediately after the line number that opens a branch (e.g. '8.{ F A|B 3') \n} must appear at the end of the line that closes that branch (e.g. '12. @ 5,7}'). Exception: the main (initial) branch does not require a closing }, since it is not opened by {.\nBranches may be nested. But a formula may only be used at a given point if it appeared earlier in the same branch or an outer (enclosing) branch to the current branch. Formulas from closed branches or sibling branches must not be used.\n\n### SYMBOLS \nUse the following symbols for logical operations: \n & = conjunction (and), \n | = disjunction (or), \n ~ = negation (not), \n -> = implication (implies).\n\nQuantifiers symbols:  \n    Ax represents ∀x  \n    Ex represents ∃x\nSo formulas with ∀x and ∃x will be represented by Ax and Ex (A and E followed by the variable x). For example, Ax (H(x)->M(x)) represents ∀x (H(x)→M(x)).\n\n###CONVENTIONS\nAtoms: only uppercase letters not immediately followed by parentesis (e.g. P, Q, R).\nPredicates: uppercase letters immediately followed by parentesis (e.g. H(x), M(y), Q(a,b) ). All predicates must use parentheses.\nVariables: first letter in lowercase, can be followed by letters and numbers (e.g., x, x0, xP0).\n\nWrite only the final proof in <proof>...</proof> tags. Only use <proof>...</proof> tags ONCE. Omit names of the rules. Only use these symbols inside the proof '&' , '->', '~', '|', '@', '(', ')', '{', '}', 'Ax', 'Ex'.\nDo not include explanations, commentary, or extra text inside and outside the <proof>...</proof> tags.\n""}, {'role': 'user', 'content': ""Prove 'Ex P(x), Ax (P(x)->Q(x)) |- Ex Q(x)', using the analytical tableau method. Final answer using the notation described. ""}, {'role': 'assistant', 'content': ' <proof>\n                        1. T Ex P(x) pre\n                        2. T Ax (P(x)->Q(x)) pre\n                        3. F Ex Q(x) conclusion\n                        4. T P(a) 1 \n                        5. T (P(a)->Q(a)) 2 \n                        6. F Q(a) 3 \n                        7.{ F P(a) 5 \n                        8. @ 4,7}    \n                        9.{ T Q(a) 5 \n                        10. @ 6,9}   \n                    </proof>'}, {'role': 'user', 'content': ""Prove 'Ax (P(x)|P(x)) |- Ax P(x)', using the analytical tableau method. Final answer using the notation described.""}, {'role': 'assistant', 'content': ' <proof>\n                            1. T Ax (P(x)|P(x)) pre \n                            2. F Ax P(x) conclusion\n                            3. F P(a) 2          \n                            4. T (P(a)|P(a)) 1   \n                            5.{ T P(a) 4         \n                            6. @ 3,5}            \n                            7.{ T P(a) 4         \n                            8. @ 3,7}            \n                        </proof>'}, {'role': 'user', 'content': ""Prove'Ax (B(x)->C(x)), Ax (C(x)->D(x)) |- Ex (B(x)&F(x))->Ex (D(x)&F(x))' using the analytical tableau method. Only one final answer, surrounded by <proof>...</proof>, using the notation described.""}]","1. T Ax (B(x)->C(x)) pre
2. T Ax (C(x)->D(x)) pre
3. F Ex (B(x)&F(x))->Ex (D(x)&F(x)) conclusion
4. T Ex (B(x)&F(x)) 3
5. F Ex (D(x)&F(x)) 3
6. T B(a)&F(a) 4
7. T B(a) 6
8. T F(a) 6
9. F D(b)&F(b) 5
10. { F D(b) 9
11. @ 5,9}
12. { F F(b) 9
13. @ 5,12}
14. T B(a)->C(a) 1
15. T C(a)->D(a) 2
16. { F B(a) 14
17. @ 7,16}
18. { T C(a) 14
19. { F C(a) 15
20. @ 18,19}
21. { T D(a) 15
22. @ 18,21}
23. { F D(b) 2 (Wait, D(b) is not necessarily D(a))
24. T C(b)->D(b) 2
25. { F C(b) 24
26. @ 10,25}
27. { T D(b) 24
28. @ 10,27}
29. T B(b)->C(b) 1
30. { F B(b) 29
31. @ 7,30}
32. { T C(b) 29
33. { F C(b) 24
34. @ 32,33}
35. { T D(b) 24
36. @ 32,35}
37. @ 10,26,27,33,34,35 (This is getting complex, let's re-evaluate the branch for D(b))","1. T Ax (B(x)->C(x)) pre
2. T Ax (C(x)->D(x)) pre
3. F Ex (B(x)&F(x))->Ex (D(x)&F(x)) conclusion
4. T Ex (B(x)&F(x)) 3
5. F Ex (D(x)&F(x)) 3
6. T B(a)&F(a) 4
7. T B(a) 6
8. T F(a) 6
9. F D(b)&F(b) 5
10. { F D(b) 9
11. @ 5,9}
12. { F F(b) 9
13. @ 5,12}
14. T B(a)->C(a) 1
15. T C(a)->D(a) 2
16. { F B(a) 14
17. @ 7,16}
18. { T C(a) 14
19. { F C(a) 15
20. @ 18,19}
21. { T D(a) 15
22. @ 18,21}
23. { F D(b) 2 (Wait, D(b) is not necessarily D(a))
24. T C(b)->D(b) 2
25. { F C(b) 24
26. @ 10,25}
27. { T D(b) 24
28. @ 10,27}
29. T B(b)->C(b) 1
30. { F B(b) 29
31. @ 7,30}
32. { T C(b) 29
33. { F C(b) 24
34. @ 32,33}
35. { T D(b) 24
36. @ 32,35}
37. @ 10,26,27,33,34,35 (This is getting complex, let's re-evaluate the branch for D(b))","The following errors were found:

One of definitions are not completed. Please, check whether all rules are correctly written.
Recall that a rule of inference starts with a numeber, followed by . (reference line), the truth value of the formula (T or F), has a formula and the justification (premise, conclusion or one of the inference rules with its formula references).Sintax error:
3. F Ex (B(x)&F(x))->Ex (D(x)&F(x)) conclusion
             ^
",94.97525835037231,stop,1114,6231
B->Ax C(x) |- Ax (B->C(x)),"[{'role': 'system', 'content': ""\nYou are an expert in logic using the semantic Tableaux method. \nYou will receive a first order logic formula and must prove its validity using the semantic tableau method, represent the proof in a Fitch-like notation, following these formatting instructions:\n\n### FORMAT OF PROOF LINES: \nExpanding proof line must be structured like: '<line_number>. <T_or_F> <formula> <origin>'\n- <line_number>: sequential integer, always ending with a dot ('1.', '2.', '3.', ...)\n- <T_or_F> → T for true formulas, F for false formulas. \n- <formula>: the formula derived on that line\n- <origin> is exactly one of:\n    pre (for premises)\n    conclusion (for the conclusion)\n    a comma-separated list of line numbers indicating the formula(s) used to derive the current line (e.g. '1', '3', '1,3')\n\n### BRANCHING FORMAT \nUse curly braces { and } to open and close branches. \n{ must appear immediately after the line number that opens a branch (e.g. '8.{ F A|B 3') \n} must appear at the end of the line that closes that branch (e.g. '12. @ 5,7}'). Exception: the main (initial) branch does not require a closing }, since it is not opened by {.\nBranches may be nested. But a formula may only be used at a given point if it appeared earlier in the same branch or an outer (enclosing) branch to the current branch. Formulas from closed branches or sibling branches must not be used.\n\n### SYMBOLS \nUse the following symbols for logical operations: \n & = conjunction (and), \n | = disjunction (or), \n ~ = negation (not), \n -> = implication (implies).\n\nQuantifiers symbols:  \n    Ax represents ∀x  \n    Ex represents ∃x\nSo formulas with ∀x and ∃x will be represented by Ax and Ex (A and E followed by the variable x). For example, Ax (H(x)->M(x)) represents ∀x (H(x)→M(x)).\n\n###CONVENTIONS\nAtoms: only uppercase letters not immediately followed by parentesis (e.g. P, Q, R).\nPredicates: uppercase letters immediately followed by parentesis (e.g. H(x), M(y), Q(a,b) ). All predicates must use parentheses.\nVariables: first letter in lowercase, can be followed by letters and numbers (e.g., x, x0, xP0).\n\nWrite only the final proof in <proof>...</proof> tags. Only use <proof>...</proof> tags ONCE. Omit names of the rules. Only use these symbols inside the proof '&' , '->', '~', '|', '@', '(', ')', '{', '}', 'Ax', 'Ex'.\nDo not include explanations, commentary, or extra text inside and outside the <proof>...</proof> tags.\n""}, {'role': 'user', 'content': ""Prove 'Ex P(x), Ax (P(x)->Q(x)) |- Ex Q(x)', using the analytical tableau method. Final answer using the notation described. ""}, {'role': 'assistant', 'content': ' <proof>\n                        1. T Ex P(x) pre\n                        2. T Ax (P(x)->Q(x)) pre\n                        3. F Ex Q(x) conclusion\n                        4. T P(a) 1 \n                        5. T (P(a)->Q(a)) 2 \n                        6. F Q(a) 3 \n                        7.{ F P(a) 5 \n                        8. @ 4,7}    \n                        9.{ T Q(a) 5 \n                        10. @ 6,9}   \n                    </proof>'}, {'role': 'user', 'content': ""Prove 'Ax (P(x)|P(x)) |- Ax P(x)', using the analytical tableau method. Final answer using the notation described.""}, {'role': 'assistant', 'content': ' <proof>\n                            1. T Ax (P(x)|P(x)) pre \n                            2. F Ax P(x) conclusion\n                            3. F P(a) 2          \n                            4. T (P(a)|P(a)) 1   \n                            5.{ T P(a) 4         \n                            6. @ 3,5}            \n                            7.{ T P(a) 4         \n                            8. @ 3,7}            \n                        </proof>'}, {'role': 'user', 'content': ""Prove'B->Ax C(x) |- Ax (B->C(x))' using the analytical tableau method. Only one final answer, surrounded by <proof>...</proof>, using the notation described.""}]","1. T B->Ax C(x) pre
2. F Ax (B->C(x)) conclusion
3. F B->C(a) 2
4. T B 3
5. F C(a) 3
6. T Ax C(x) 1
7. T C(a) 6
8. @ 5,7","1. T B->Ax C(x) pre
2. F Ax (B->C(x)) conclusion
3. F B->C(a) 2
4. T B 3
5. F C(a) 3
6. T Ax C(x) 1
7. T C(a) 6
8. @ 5,7","The following errors were found:

Error in line 6:
6. T Ax C(x) 1
             ^, The rule must be a beta-rule.",2.190691947937012,stop,1089,91
"Ex (B(x)->C(x)), Ax B(x) |- Ex C(x)","[{'role': 'system', 'content': ""\nYou are an expert in logic using the semantic Tableaux method. \nYou will receive a first order logic formula and must prove its validity using the semantic tableau method, represent the proof in a Fitch-like notation, following these formatting instructions:\n\n### FORMAT OF PROOF LINES: \nExpanding proof line must be structured like: '<line_number>. <T_or_F> <formula> <origin>'\n- <line_number>: sequential integer, always ending with a dot ('1.', '2.', '3.', ...)\n- <T_or_F> → T for true formulas, F for false formulas. \n- <formula>: the formula derived on that line\n- <origin> is exactly one of:\n    pre (for premises)\n    conclusion (for the conclusion)\n    a comma-separated list of line numbers indicating the formula(s) used to derive the current line (e.g. '1', '3', '1,3')\n\n### BRANCHING FORMAT \nUse curly braces { and } to open and close branches. \n{ must appear immediately after the line number that opens a branch (e.g. '8.{ F A|B 3') \n} must appear at the end of the line that closes that branch (e.g. '12. @ 5,7}'). Exception: the main (initial) branch does not require a closing }, since it is not opened by {.\nBranches may be nested. But a formula may only be used at a given point if it appeared earlier in the same branch or an outer (enclosing) branch to the current branch. Formulas from closed branches or sibling branches must not be used.\n\n### SYMBOLS \nUse the following symbols for logical operations: \n & = conjunction (and), \n | = disjunction (or), \n ~ = negation (not), \n -> = implication (implies).\n\nQuantifiers symbols:  \n    Ax represents ∀x  \n    Ex represents ∃x\nSo formulas with ∀x and ∃x will be represented by Ax and Ex (A and E followed by the variable x). For example, Ax (H(x)->M(x)) represents ∀x (H(x)→M(x)).\n\n###CONVENTIONS\nAtoms: only uppercase letters not immediately followed by parentesis (e.g. P, Q, R).\nPredicates: uppercase letters immediately followed by parentesis (e.g. H(x), M(y), Q(a,b) ). All predicates must use parentheses.\nVariables: first letter in lowercase, can be followed by letters and numbers (e.g., x, x0, xP0).\n\nWrite only the final proof in <proof>...</proof> tags. Only use <proof>...</proof> tags ONCE. Omit names of the rules. Only use these symbols inside the proof '&' , '->', '~', '|', '@', '(', ')', '{', '}', 'Ax', 'Ex'.\nDo not include explanations, commentary, or extra text inside and outside the <proof>...</proof> tags.\n""}, {'role': 'user', 'content': ""Prove 'Ex P(x), Ax (P(x)->Q(x)) |- Ex Q(x)', using the analytical tableau method. Final answer using the notation described. ""}, {'role': 'assistant', 'content': ' <proof>\n                        1. T Ex P(x) pre\n                        2. T Ax (P(x)->Q(x)) pre\n                        3. F Ex Q(x) conclusion\n                        4. T P(a) 1 \n                        5. T (P(a)->Q(a)) 2 \n                        6. F Q(a) 3 \n                        7.{ F P(a) 5 \n                        8. @ 4,7}    \n                        9.{ T Q(a) 5 \n                        10. @ 6,9}   \n                    </proof>'}, {'role': 'user', 'content': ""Prove 'Ax (P(x)|P(x)) |- Ax P(x)', using the analytical tableau method. Final answer using the notation described.""}, {'role': 'assistant', 'content': ' <proof>\n                            1. T Ax (P(x)|P(x)) pre \n                            2. F Ax P(x) conclusion\n                            3. F P(a) 2          \n                            4. T (P(a)|P(a)) 1   \n                            5.{ T P(a) 4         \n                            6. @ 3,5}            \n                            7.{ T P(a) 4         \n                            8. @ 3,7}            \n                        </proof>'}, {'role': 'user', 'content': ""Prove'Ex (B(x)->C(x)), Ax B(x) |- Ex C(x)' using the analytical tableau method. Only one final answer, surrounded by <proof>...</proof>, using the notation described.""}]","1. T Ex (B(x)->C(x)) pre
2. T Ax B(x) pre
3. F Ex C(x) conclusion
4. T (B(a)->C(a)) 1
5. T B(b) 2
6. F C(b) 3
7. T B(a) 2
8. { F B(a) 4,7
9. @ 5,8}
10. { T C(a) 4
11. @ 6,10}
12. { F (B(a)->C(a)) 4
13. T B(a) 4,12
14. F C(a) 4,12
15. @ 6,13,14}
16. @ 4,5,6}","1. T Ex (B(x)->C(x)) pre
2. T Ax B(x) pre
3. F Ex C(x) conclusion
4. T (B(a)->C(a)) 1
5. T B(b) 2
6. F C(b) 3
7. T B(a) 2
8. { F B(a) 4,7
9. @ 5,8}
10. { T C(a) 4
11. @ 6,10}
12. { F (B(a)->C(a)) 4
13. T B(a) 4,12
14. F C(a) 4,12
15. @ 6,13,14}
16. @ 4,5,6}","The following errors were found:

One of definitions are not completed. Please, check whether all rules are correctly written.
Recall that a rule of inference starts with a numeber, followed by . (reference line), the truth value of the formula (T or F), has a formula and the justification (premise, conclusion or one of the inference rules with its formula references).Sintax error:
8. { F B(a) 4,7
             ^
",6.068029403686523,stop,1093,204
~Ex (B(x)&C(x)) |- Ax (B(x)->~C(x)),"[{'role': 'system', 'content': ""\nYou are an expert in logic using the semantic Tableaux method. \nYou will receive a first order logic formula and must prove its validity using the semantic tableau method, represent the proof in a Fitch-like notation, following these formatting instructions:\n\n### FORMAT OF PROOF LINES: \nExpanding proof line must be structured like: '<line_number>. <T_or_F> <formula> <origin>'\n- <line_number>: sequential integer, always ending with a dot ('1.', '2.', '3.', ...)\n- <T_or_F> → T for true formulas, F for false formulas. \n- <formula>: the formula derived on that line\n- <origin> is exactly one of:\n    pre (for premises)\n    conclusion (for the conclusion)\n    a comma-separated list of line numbers indicating the formula(s) used to derive the current line (e.g. '1', '3', '1,3')\n\n### BRANCHING FORMAT \nUse curly braces { and } to open and close branches. \n{ must appear immediately after the line number that opens a branch (e.g. '8.{ F A|B 3') \n} must appear at the end of the line that closes that branch (e.g. '12. @ 5,7}'). Exception: the main (initial) branch does not require a closing }, since it is not opened by {.\nBranches may be nested. But a formula may only be used at a given point if it appeared earlier in the same branch or an outer (enclosing) branch to the current branch. Formulas from closed branches or sibling branches must not be used.\n\n### SYMBOLS \nUse the following symbols for logical operations: \n & = conjunction (and), \n | = disjunction (or), \n ~ = negation (not), \n -> = implication (implies).\n\nQuantifiers symbols:  \n    Ax represents ∀x  \n    Ex represents ∃x\nSo formulas with ∀x and ∃x will be represented by Ax and Ex (A and E followed by the variable x). For example, Ax (H(x)->M(x)) represents ∀x (H(x)→M(x)).\n\n###CONVENTIONS\nAtoms: only uppercase letters not immediately followed by parentesis (e.g. P, Q, R).\nPredicates: uppercase letters immediately followed by parentesis (e.g. H(x), M(y), Q(a,b) ). All predicates must use parentheses.\nVariables: first letter in lowercase, can be followed by letters and numbers (e.g., x, x0, xP0).\n\nWrite only the final proof in <proof>...</proof> tags. Only use <proof>...</proof> tags ONCE. Omit names of the rules. Only use these symbols inside the proof '&' , '->', '~', '|', '@', '(', ')', '{', '}', 'Ax', 'Ex'.\nDo not include explanations, commentary, or extra text inside and outside the <proof>...</proof> tags.\n""}, {'role': 'user', 'content': ""Prove 'Ex P(x), Ax (P(x)->Q(x)) |- Ex Q(x)', using the analytical tableau method. Final answer using the notation described. ""}, {'role': 'assistant', 'content': ' <proof>\n                        1. T Ex P(x) pre\n                        2. T Ax (P(x)->Q(x)) pre\n                        3. F Ex Q(x) conclusion\n                        4. T P(a) 1 \n                        5. T (P(a)->Q(a)) 2 \n                        6. F Q(a) 3 \n                        7.{ F P(a) 5 \n                        8. @ 4,7}    \n                        9.{ T Q(a) 5 \n                        10. @ 6,9}   \n                    </proof>'}, {'role': 'user', 'content': ""Prove 'Ax (P(x)|P(x)) |- Ax P(x)', using the analytical tableau method. Final answer using the notation described.""}, {'role': 'assistant', 'content': ' <proof>\n                            1. T Ax (P(x)|P(x)) pre \n                            2. F Ax P(x) conclusion\n                            3. F P(a) 2          \n                            4. T (P(a)|P(a)) 1   \n                            5.{ T P(a) 4         \n                            6. @ 3,5}            \n                            7.{ T P(a) 4         \n                            8. @ 3,7}            \n                        </proof>'}, {'role': 'user', 'content': ""Prove'~Ex (B(x)&C(x)) |- Ax (B(x)->~C(x))' using the analytical tableau method. Only one final answer, surrounded by <proof>...</proof>, using the notation described.""}]","1. T ~Ex (B(x)&C(x)) pre
2. F Ax (B(x)->~C(x)) conclusion
3. T Ax ~ (B(x)&C(x)) 1
4. T ~ (B(a)&C(a)) 3
5. T ~ (B(b)&C(b)) 3
6. F (B(a)->~C(a)) 2
7. T B(a) 6
8. T C(a) 6
9. { F B(a) 4, 7
10. @ 4,9}
11. { F C(a) 4, 8
12. @ 4,10}
13. { T ~B(a) 4
14. @ 7,13}
15. { T ~C(a) 4
16. @ 8,15}
17. @ 4,13,15}","1. T ~Ex (B(x)&C(x)) pre
2. F Ax (B(x)->~C(x)) conclusion
3. T Ax ~ (B(x)&C(x)) 1
4. T ~ (B(a)&C(a)) 3
5. T ~ (B(b)&C(b)) 3
6. F (B(a)->~C(a)) 2
7. T B(a) 6
8. T C(a) 6
9. { F B(a) 4, 7
10. @ 4,9}
11. { F C(a) 4, 8
12. @ 4,10}
13. { T ~B(a) 4
14. @ 7,13}
15. { T ~C(a) 4
16. @ 8,15}
17. @ 4,13,15}","The following errors were found:

One of definitions are not completed. Please, check whether all rules are correctly written.
Recall that a rule of inference starts with a numeber, followed by . (reference line), the truth value of the formula (T or F), has a formula and the justification (premise, conclusion or one of the inference rules with its formula references).Sintax error:
9. { F B(a) 4, 7
             ^
",4.46933126449585,stop,1096,237
"Ex B(x), Ax Ay (B(x)->C(y)) |- Ay C(y)","[{'role': 'system', 'content': ""\nYou are an expert in logic using the semantic Tableaux method. \nYou will receive a first order logic formula and must prove its validity using the semantic tableau method, represent the proof in a Fitch-like notation, following these formatting instructions:\n\n### FORMAT OF PROOF LINES: \nExpanding proof line must be structured like: '<line_number>. <T_or_F> <formula> <origin>'\n- <line_number>: sequential integer, always ending with a dot ('1.', '2.', '3.', ...)\n- <T_or_F> → T for true formulas, F for false formulas. \n- <formula>: the formula derived on that line\n- <origin> is exactly one of:\n    pre (for premises)\n    conclusion (for the conclusion)\n    a comma-separated list of line numbers indicating the formula(s) used to derive the current line (e.g. '1', '3', '1,3')\n\n### BRANCHING FORMAT \nUse curly braces { and } to open and close branches. \n{ must appear immediately after the line number that opens a branch (e.g. '8.{ F A|B 3') \n} must appear at the end of the line that closes that branch (e.g. '12. @ 5,7}'). Exception: the main (initial) branch does not require a closing }, since it is not opened by {.\nBranches may be nested. But a formula may only be used at a given point if it appeared earlier in the same branch or an outer (enclosing) branch to the current branch. Formulas from closed branches or sibling branches must not be used.\n\n### SYMBOLS \nUse the following symbols for logical operations: \n & = conjunction (and), \n | = disjunction (or), \n ~ = negation (not), \n -> = implication (implies).\n\nQuantifiers symbols:  \n    Ax represents ∀x  \n    Ex represents ∃x\nSo formulas with ∀x and ∃x will be represented by Ax and Ex (A and E followed by the variable x). For example, Ax (H(x)->M(x)) represents ∀x (H(x)→M(x)).\n\n###CONVENTIONS\nAtoms: only uppercase letters not immediately followed by parentesis (e.g. P, Q, R).\nPredicates: uppercase letters immediately followed by parentesis (e.g. H(x), M(y), Q(a,b) ). All predicates must use parentheses.\nVariables: first letter in lowercase, can be followed by letters and numbers (e.g., x, x0, xP0).\n\nWrite only the final proof in <proof>...</proof> tags. Only use <proof>...</proof> tags ONCE. Omit names of the rules. Only use these symbols inside the proof '&' , '->', '~', '|', '@', '(', ')', '{', '}', 'Ax', 'Ex'.\nDo not include explanations, commentary, or extra text inside and outside the <proof>...</proof> tags.\n""}, {'role': 'user', 'content': ""Prove 'Ex P(x), Ax (P(x)->Q(x)) |- Ex Q(x)', using the analytical tableau method. Final answer using the notation described. ""}, {'role': 'assistant', 'content': ' <proof>\n                        1. T Ex P(x) pre\n                        2. T Ax (P(x)->Q(x)) pre\n                        3. F Ex Q(x) conclusion\n                        4. T P(a) 1 \n                        5. T (P(a)->Q(a)) 2 \n                        6. F Q(a) 3 \n                        7.{ F P(a) 5 \n                        8. @ 4,7}    \n                        9.{ T Q(a) 5 \n                        10. @ 6,9}   \n                    </proof>'}, {'role': 'user', 'content': ""Prove 'Ax (P(x)|P(x)) |- Ax P(x)', using the analytical tableau method. Final answer using the notation described.""}, {'role': 'assistant', 'content': ' <proof>\n                            1. T Ax (P(x)|P(x)) pre \n                            2. F Ax P(x) conclusion\n                            3. F P(a) 2          \n                            4. T (P(a)|P(a)) 1   \n                            5.{ T P(a) 4         \n                            6. @ 3,5}            \n                            7.{ T P(a) 4         \n                            8. @ 3,7}            \n                        </proof>'}, {'role': 'user', 'content': ""Prove'Ex B(x), Ax Ay (B(x)->C(y)) |- Ay C(y)' using the analytical tableau method. Only one final answer, surrounded by <proof>...</proof>, using the notation described.""}]","1. T Ex B(x) pre
2. T Ax Ay (B(x)->C(y)) pre
3. F Ay C(y) conclusion
4. T B(a) 1
5. T Ay (B(a)->C(y)) 2
6. F C(b) 3
7. T (B(a)->C(b)) 5
8. { F B(a) 7
9. @ 4,8}
10. { T C(b) 7
11. @ 6,10}","1. T Ex B(x) pre
2. T Ax Ay (B(x)->C(y)) pre
3. F Ay C(y) conclusion
4. T B(a) 1
5. T Ay (B(a)->C(y)) 2
6. F C(b) 3
7. T (B(a)->C(b)) 5
8. { F B(a) 7
9. @ 4,8}
10. { T C(b) 7
11. @ 6,10}",The proof is valid.,2.593398094177246,stop,1094,138
"Ex (B(x)&C(x)), Ax (D(x)->~C(x)) |- Ex (B(x)&~D(x))","[{'role': 'system', 'content': ""\nYou are an expert in logic using the semantic Tableaux method. \nYou will receive a first order logic formula and must prove its validity using the semantic tableau method, represent the proof in a Fitch-like notation, following these formatting instructions:\n\n### FORMAT OF PROOF LINES: \nExpanding proof line must be structured like: '<line_number>. <T_or_F> <formula> <origin>'\n- <line_number>: sequential integer, always ending with a dot ('1.', '2.', '3.', ...)\n- <T_or_F> → T for true formulas, F for false formulas. \n- <formula>: the formula derived on that line\n- <origin> is exactly one of:\n    pre (for premises)\n    conclusion (for the conclusion)\n    a comma-separated list of line numbers indicating the formula(s) used to derive the current line (e.g. '1', '3', '1,3')\n\n### BRANCHING FORMAT \nUse curly braces { and } to open and close branches. \n{ must appear immediately after the line number that opens a branch (e.g. '8.{ F A|B 3') \n} must appear at the end of the line that closes that branch (e.g. '12. @ 5,7}'). Exception: the main (initial) branch does not require a closing }, since it is not opened by {.\nBranches may be nested. But a formula may only be used at a given point if it appeared earlier in the same branch or an outer (enclosing) branch to the current branch. Formulas from closed branches or sibling branches must not be used.\n\n### SYMBOLS \nUse the following symbols for logical operations: \n & = conjunction (and), \n | = disjunction (or), \n ~ = negation (not), \n -> = implication (implies).\n\nQuantifiers symbols:  \n    Ax represents ∀x  \n    Ex represents ∃x\nSo formulas with ∀x and ∃x will be represented by Ax and Ex (A and E followed by the variable x). For example, Ax (H(x)->M(x)) represents ∀x (H(x)→M(x)).\n\n###CONVENTIONS\nAtoms: only uppercase letters not immediately followed by parentesis (e.g. P, Q, R).\nPredicates: uppercase letters immediately followed by parentesis (e.g. H(x), M(y), Q(a,b) ). All predicates must use parentheses.\nVariables: first letter in lowercase, can be followed by letters and numbers (e.g., x, x0, xP0).\n\nWrite only the final proof in <proof>...</proof> tags. Only use <proof>...</proof> tags ONCE. Omit names of the rules. Only use these symbols inside the proof '&' , '->', '~', '|', '@', '(', ')', '{', '}', 'Ax', 'Ex'.\nDo not include explanations, commentary, or extra text inside and outside the <proof>...</proof> tags.\n""}, {'role': 'user', 'content': ""Prove 'Ex P(x), Ax (P(x)->Q(x)) |- Ex Q(x)', using the analytical tableau method. Final answer using the notation described. ""}, {'role': 'assistant', 'content': ' <proof>\n                        1. T Ex P(x) pre\n                        2. T Ax (P(x)->Q(x)) pre\n                        3. F Ex Q(x) conclusion\n                        4. T P(a) 1 \n                        5. T (P(a)->Q(a)) 2 \n                        6. F Q(a) 3 \n                        7.{ F P(a) 5 \n                        8. @ 4,7}    \n                        9.{ T Q(a) 5 \n                        10. @ 6,9}   \n                    </proof>'}, {'role': 'user', 'content': ""Prove 'Ax (P(x)|P(x)) |- Ax P(x)', using the analytical tableau method. Final answer using the notation described.""}, {'role': 'assistant', 'content': ' <proof>\n                            1. T Ax (P(x)|P(x)) pre \n                            2. F Ax P(x) conclusion\n                            3. F P(a) 2          \n                            4. T (P(a)|P(a)) 1   \n                            5.{ T P(a) 4         \n                            6. @ 3,5}            \n                            7.{ T P(a) 4         \n                            8. @ 3,7}            \n                        </proof>'}, {'role': 'user', 'content': ""Prove'Ex (B(x)&C(x)), Ax (D(x)->~C(x)) |- Ex (B(x)&~D(x))' using the analytical tableau method. Only one final answer, surrounded by <proof>...</proof>, using the notation described.""}]","<proof>
1. T Ex (B(x)&C(x)) pre
2. T Ax (D(x)->~C(x)) pre
3. B Ex (B(x)&~D(x)) conclusion
4. T (B(a)&C(a)) 1
5. T B(a) 4
6. T C(a) 4
7. T (D(a)->~C(a)) 2
8. B (B(a)&~D(a)) 3
9.{ B B(a) 8
10. @ 5,9}
11.{ B ~D(a) 8
12. T D(a) 11
13.{ B D(a) 7
14. @ 12,13}
15.{ B ~C(a) 7
16. T C(a) 15
17. @ 6,16}
18. @ 9,11,14,15}
19. @ 9,11,14,16}
20. @ 9,11,13,16}
21. @ 9,12,16}
22. @ 10,11,14,15}
23. @ 10,11,14,16}
24. @ 10,11,13,16}
25. @ 10,12,16}
26. @ 5,11,14,15}
27. @ 5,11,14,16}
28. @ 5,11,13,16}
29. @ 5,12,16}
30. @ 5,11,14,16}
31. @ 5,11,14,16}
32. @ 5,11,13,16}
33. @ 5,12,16}
34. @ 5,11,14,16}
35. @ 5,11,14,16}
36. @ 5,11,13,16}
37. @ 5,12,16}
38. @ 5,11,14,16}
39. @ 5,11,14,16}
40. @ 5,11,13,16}
41. @ 5,12,16}
42. @ 5,11,14,16}
43. @ 5,11,14,16}
44. @ 5,11,13,16}
45. @ 5,12,16}
46. @ 5,11,14,16}
47. @ 5,11,14,16}
48. @ 5,11,13,16}
49. @ 5,12,16}
50. @ 5,11,14,16}
51. @ 5,11,14,16}
52. @ 5,11,13,16}
53. @ 5,12,16}
54. @ 5,11,14,16}
55. @ 5,11,14,16}
56. @ 5,11,13,16}
57. @ 5,12,16}
58. @ 5,11,14,16}
59. @ 5,11,14,16}
60. @ 5,11,13,16}
61. @ 5,12,16}
62. @ 5,11,14,16}
63. @ 5,11,14,16}
64. @ 5,11,13,16}
65. @ 5,12,16}
66. @ 5,11,14,16}
67. @ 5,11,14,16}
68. @ 5,11,13,16}
69. @ 5,12,16}
70. @ 5,11,14,16}
71. @ 5,11,14,16}
72. @ 5,11,13,16}
73. @ 5,12,16}
74. @ 5,11,14,16}
75. @ 5,11,14,16}
76. @ 5,11,13,16}
77. @ 5,12,16}
78. @ 5,11,14,16}
79. @ 5,11,14,16}
80. @ 5,11,13,16}
81. @ 5,12,16}
82. @ 5,11,14,16}
83. @ 5,11,14,16}
84. @ 5,11,13,16}
85. @ 5,12,16}
86. @ 5,11,14,16}
87. @ 5,11,14,16}
88. @ 5,11,13,16}
89. @ 5,12,16}
90. @ 5,11,14,16}
91. @ 5,11,14,16}
92. @ 5,11,13,16}
93. @ 5,12,16}
94. @ 5,11,14,16}
95. @ 5,11,14,16}
96. @ 5,11,13,16}
97. @ 5,12,16}
98. @ 5,11,14,16}
99. @ 5,11,14,16}
100. @ 5,11,13,16}
101. @ 5,12,16}
102. @ 5,11,14,16}
103. @ 5,11,14,16}
104. @ 5,11,13,16}
105. @ 5,12,16}
106. @ 5,11,14,16}
107. @ 5,11,14,16}
108. @ 5,11,13,16}
109. @ 5,12,16}
110. @ 5,11,14,16}
111. @ 5,11,14,16}
112. @ 5,11,13,16}
113. @ 5,12,16}
114. @ 5,11,14,16}
115. @ 5,11,14,16}
116. @ 5,11,13,16}
117. @ 5,12,16}
118. @ 5,11,14,16}
119. @ 5,11,14,16}
120. @ 5,11,13,16}
121. @ 5,12,16}
122. @ 5,11,14,16}
123. @ 5,11,14,16}
124. @ 5,11,13,16}
125. @ 5,12,16}
126. @ 5,11,14,16}
127. @ 5,11,14,16}
128. @ 5,11,13,16}
129. @ 5,12,16}
130. @ 5,11,14,16}
131. @ 5,11,14,16}
132. @ 5,11,13,16}
133. @ 5,12,16}
134. @ 5,11,14,16}
135. @ 5,11,14,16}
136. @ 5,11,13,16}
137. @ 5,12,16}
138. @ 5,11,14,16}
139. @ 5,11,14,16}
140. @ 5,11,13,16}
141. @ 5,12,16}
142. @ 5,11,14,16}
143. @ 5,11,14,16}
144. @ 5,11,13,16}
145. @ 5,12,16}
146. @ 5,11,14,16}
147. @ 5,11,14,16}
148. @ 5,11,13,16}
149. @ 5,12,16}
150. @ 5,11,14,16}
151. @ 5,11,14,16}
152. @ 5,11,13,16}
153. @ 5,12,16}
154. @ 5,11,14,16}
155. @ 5,11,14,16}
156. @ 5,11,13,16}
157. @ 5,12,16}
158. @ 5,11,14,16}
159. @ 5,11,14,16}
160. @ 5,11,13,16}
161. @ 5,12,16}
162. @ 5,11,14,16}
163. @ 5,11,14,16}
164. @ 5,11,13,16}
165. @ 5,12,16}
166. @ 5,11,14,16}
167. @ 5,11,14,16}
168. @ 5,11,13,16}
169. @ 5,12,16}
170. @ 5,11,14,16}
171. @ 5,11,14,16}
172. @ 5,11,13,16}
173. @ 5,12,16}
174. @ 5,11,14,16}
175. @ 5,11,14,16}
176. @ 5,11,13,16}
177. @ 5,12,16}
178. @ 5,11,14,16}
179. @ 5,11,14,16}
180. @ 5,11,13,16}
181. @ 5,12,16}
182. @ 5,11,14,16}
183. @ 5,11,14,16}
184. @ 5,11,13,16}
185. @ 5,12,16}
186. @ 5,11,14,16}
187. @ 5,11,14,16}
188. @ 5,11,13,16}
189. @ 5,12,16}
190. @ 5,11,14,16}
191. @ 5,11,14,16}
192. @ 5,11,13,16}
193. @ 5,12,16}
194. @ 5,11,14,16}
195. @ 5,11,14,16}
196. @ 5,11,13,16}
197. @ 5,12,16}
198. @ 5,11,14,16}
199. @ 5,11,14,16}
200. @ 5,11,13,16}
201. @ 5,12,16}
202. @ 5,11,14,16}
203. @ 5,11,14,16}
204. @ 5,11,13,16}
205. @ 5,12,16}
206. @ 5,11,14,16}
207. @ 5,11,14,16}
208. @ 5,11,13,16}
209. @ 5,12,16}
210. @ 5,11,14,16}
211. @ 5,11,14,16}
212. @ 5,11,13,16}
213. @ 5,12,16}
214. @ 5,11,14,16}
215. @ 5,11,14,16}
216. @ 5,11,13,16}
217. @ 5,12,16}
218. @ 5,11,14,16}
219. @ 5,11,14,16}
220. @ 5,11,13,16}
221. @ 5,12,16}
222. @ 5,11,14,16}
223. @ 5,11,14,16}
224. @ 5,11,13,16}
225. @ 5,12,16}
226. @ 5,11,14,16}
227. @ 5,11,14,16}
228. @ 5,11,13,16}
229. @ 5,12,16}
230. @ 5,11,14,16}
231. @ 5,11,14,16}
232. @ 5,11,13,16}
233. @ 5,12,16}
234. @ 5,11,14,16}
235. @ 5,11,14,16}
236. @ 5,11,13,16}
237. @ 5,12,16}
238. @ 5,11,14,16}
239. @ 5,11,14,16}
240. @ 5,11,13,16}
241. @ 5,12,16}
242. @ 5,11,14,16}
243. @ 5,11,14,16}
244. @ 5,11,13,16}
245. @ 5,12,16}
246. @ 5,11,14,16}
247. @ 5,11,14,16}
248. @ 5,11,13,16}
249. @ 5,12,16}
250. @ 5,11,14,16}
251. @ 5,11,14,16}
252. @ 5,11,13,16}
253. @ 5,12,16}
254. @ 5,11,14,16}
255. @ 5,11,14,16}
256. @ 5,11,13,16}
257. @ 5,12,16}
258. @ 5,11,14,16}
259. @ 5,11,14,16}
260. @ 5,11,13,16}
261. @ 5,12,16}
262. @ 5,11,14,16}
263. @ 5,11,14,16}
264. @ 5,11,13,16}
265. @ 5,12,16}
266. @ 5,11,14,16}
267. @ 5,11,14,16}
268. @ 5,11,13,16}
269. @ 5,12,16}
270. @ 5,11,14,16}
271. @ 5,11,14,16}
272. @ 5,11,13,16}
273. @ 5,12,16}
274. @ 5,11,14,16}
275. @ 5,11,14,16}
276. @ 5,11,13,16}
277. @ 5,12,16}
278. @ 5,11,14,16}
279. @ 5,11,14,16}
280. @ 5,11,13,16}
281. @ 5,12,16}
282. @ 5,11,14,16}
283. @ 5,11,14,16}
284. @ 5,11,13,16}
285. @ 5,12,16}
286. @ 5,11,14,16}
287. @ 5,11,14,16}
288. @ 5,11,13,16}
289. @ 5,12,16}
290. @ 5,11,14,16}
291. @ 5,11,14,16}
292. @ 5,11,13,16}
293. @ 5,12,16}
294. @ 5,11,14,16}
295. @ 5,11,14,16}
296. @ 5,11,13,16}
297. @ 5,12,16}
298. @ 5,11,14,16}
299. @ 5,11,14,16}
300. @ 5,11,13,16}
301. @ 5,12,16}
302. @ 5,11,14,16}
303. @ 5,11,14,16}
304. @ 5,11,13,16}
305. @ 5,12,16}
306. @ 5,11,14,16}
307. @ 5,11,14,16}
308. @ 5,11,13,16}
309. @ 5,12,16}
310. @ 5,11,14,16}
311. @ 5,11,14,16}
312. @ 5,11,13,16}
313. @ 5,12,16}
314. @ 5,11,14,16}
315. @ 5,11,14,16}
316. @ 5,11,13,16}
317. @ 5,12,16}
318. @ 5,11,14,16}
319. @ 5,11,14,16}
320. @ 5,11,13,16}
321. @ 5,12,16}
322. @ 5,11,14,16}
323. @ 5,11,14,16}
324. @ 5,11,13,16}
325. @ 5,12,16}
326. @ 5,11,14,16}
327. @ 5,11,14,16}
328. @ 5,11,13,16}
329. @ 5,12,16}
330. @ 5,11,14,16}
331. @ 5,11,14,16}
332. @ 5,11,13,16}
333. @ 5,12,16}
334. @ 5,11,14,16}
335. @ 5,11,14,16}
336. @ 5,11,13,16}
337. @ 5,12,16}
338. @ 5,11,14,16}
339. @ 5,11,14,16}
340. @ 5,11,13,16}
341. @ 5,12,16}
342. @ 5,11,14,16}
343. @ 5,11,14,16}
344. @ 5,11,13,16}
345. @ 5,12,16}
346. @ 5,11,14,16}
347. @ 5,11,14,16}
348. @ 5,11,13,16}
349. @ 5,12,16}
350. @ 5,11,14,16}
351. @ 5,11,14,16}
352. @ 5,11,13,16}
353. @ 5,12,16}
354. @ 5,11,14,16}
355. @ 5,11,14,16}
356. @ 5,11,13,16}
357. @ 5,12,16}
358. @ 5,11,14,16}
359. @ 5,11,14,16}
360. @ 5,11,13,16}
361. @ 5,12,16}
362. @ 5,11,14,16}
363. @ 5,11,14,16}
364. @ 5,11,13,16}
365. @ 5,12,16}
366. @ 5,11,14,16}
367. @ 5,11,14,16}
368. @ 5,11,13,16}
369. @ 5,12,16}
370. @ 5,11,14,16}
371. @ 5,11,14,16}
372. @ 5,11,13,16}
373. @ 5,12,16}
374. @ 5,11,14,16}
375. @ 5,11,14,16}
376. @ 5,11,13,16}
377. @ 5,12,16}
378. @ 5,11,14,16}
379. @ 5,11,14,16}
380. @ 5,11,13,16}
381. @ 5,12,16}
382. @ 5,11,14,16}
383. @ 5,11,14,16}
384. @ 5,11,13,16}
385. @ 5,12,16}
386. @ 5,11,14,16}
387. @ 5,11,14,16}
388. @ 5,11,13,16}
389. @ 5,12,16}
390. @ 5,11,14,16}
391. @ 5,11,14,16}
392. @ 5,11,13,16}
393. @ 5,12,16}
394. @ 5,11,14,16}
395. @ 5,11,14,16}
396. @ 5,11,13,16}
397. @ 5,12,16}
398. @ 5,11,14,16}
399. @ 5,11,14,16}
400. @ 5,11,13,16}
401. @ 5,12,16}
402. @ 5,11,14,16}
403. @ 5,11,14,16}
404. @ 5,11,13,16}
405. @ 5,12,16}
406. @ 5,11,14,16}
407. @ 5,11,14,16}
408. @ 5,11,13,16}
409. @ 5,12,16}
410. @ 5,11,14,16}
411. @ 5,11,14,16}
412. @ 5,11,13,16}
413. @ 5,12,16}
414. @ 5,11,14,16}
415. @ 5,11,14,16}
416. @ 5,11,13,16}
417. @ 5,12,16}
418. @ 5,11,14,16}
419. @ 5,11,14,16}
420. @ 5,11,13,16}
421. @ 5,12,16}
422. @ 5,11,14,16}
423. @ 5,11,14,16}
424. @ 5,11,13,16}
425. @ 5,12,16}
426. @ 5,11,14,16}
427. @ 5,11,14,16}
428. @ 5,11,13,16}
429. @ 5,12,16}
430. @ 5,11,14,16}
431. @ 5,11,14,16}
432. @ 5,11,13,16}
433. @ 5,12,16}
434. @ 5,11,14,16}
435. @ 5,11,14,16}
436. @ 5,11,13,16}
437. @ 5,12,16}
438. @ 5,11,14,16}
439. @ 5,11,14,16}
440. @ 5,11,13,16}
441. @ 5,12,16}
442. @ 5,11,14,16}
443. @ 5,11,14,16}
444. @ 5,11,13,16}
445. @ 5,12,16}
446. @ 5,11,14,16}
447. @ 5,11,14,16}
448. @ 5,11,13,16}
449. @ 5,12,16}
450. @ 5,11,14,16}
451. @ 5,11,14,16}
452. @ 5,11,13,16}
453. @ 5,12,16}
454. @ 5,11,14,16}
455. @ 5,11,14,16}
456. @ 5,11,13,16}
457. @ 5,12,16}
458. @ 5,11,14,16}
459. @ 5,11,14,16}
460. @ 5,11,13,16}
461. @ 5,12,16}
462. @ 5,11,14,16}
463. @ 5,11,14,16}
464. @ 5,11,13,16}
465. @ 5,12,16}
466. @ 5,11,14,16}
467. @ 5,11,14,16}
468. @ 5,11,13,16}
469. @ 5,12,16}
470. @ 5,11,14,16}
471. @ 5,11,14,16}
472. @ 5,11,13,16}
473. @ 5,12,16}
474. @ 5,11,14,16}
475. @ 5,11,14,16}
476. @ 5,11,13,16}
477. @ 5,12,16}
478. @ 5,11,14,16}
479. @ 5,11,14,16}
480. @ 5,11,13,16}
481. @ 5,12,16}
482. @ 5,11,14,16}
483. @ 5,11,14,16}
484. @ 5,11,13,16}
485. @ 5,12,16}
486. @ 5,11,14,16}
487. @ 5,11,14,16}
488. @ 5,11,13,16}
489. @ 5,12,16}
490. @ 5,11,14,16}
491. @ 5,11,14,16}
492. @ 5,11,13,16}
493. @ 5,12,16}
494. @ 5,11,14,16}
495. @ 5,11,14,16}
496. @ 5,11,13,16}
497. @ 5,12,16}
498. @ 5,11,14,16}
499. @ 5,11,14,16}
500. @ 5,11,13,16}
501. @ 5,12,16}
502. @ 5,11,14,16}
503. @ 5,11,14,16}
504. @ 5,11,13,16}
505. @ 5,12,16}
506. @ 5,11,14,16}
507. @ 5,11,14,16}
508. @ 5,11,13,16}
509. @ 5,12,16}
510. @ 5,11,14,16}
511. @ 5,11,14,16}
512. @ 5,11,13,16}
513. @ 5,12,16}
514. @ 5,11,14,16}
515. @ 5,11,14,16}
516. @ 5,11,13,16}
517. @ 5,12,16}
518. @ 5,11,14,16}
519. @ 5,11,14,16}
520. @ 5,11,13,16}
521. @ 5,12,16}
522. @ 5,11,14,16}
523. @ 5,11,14,16}
524. @ 5,11,13,16}
525. @ 5,12,16}
526. @ 5,11,14,16}
527. @ 5,11,14,16}
528. @ 5,11,13,16}
529. @ 5,12,16}
530. @ 5,11,14,16}
531. @ 5,11,14,16}
532. @ 5,11,13,16}
533. @ 5,12,16}
534. @ 5,11,14,16}
535. @ 5,11,14,16}
536. @ 5,11,13,16}
537. @ 5,12,16}
538. @ 5,11,14,16}
539. @ 5,11,14,16}
540. @ 5,11,13,16}
541. @ 5,12,16}
542. @ 5,11,14,16}
543. @ 5,11,14,16}
544. @ 5,11,13,16}
545. @ 5,12,16}
546. @ 5,11,14,16}
547. @ 5,11,14,16}
548. @ 5,11,13,16}
549. @ 5,12,16}
550. @ 5,11,14,16}
551. @ 5,11,14,16}
552. @ 5,11,13,16}
553. @ 5,12,16}
554. @ 5,11,14,16}
555. @ 5,11,14,16}
556. @ 5,11,13,16}
557. @ 5,12,16}
558. @ 5,11,14,16}
559. @ 5,11,14,16}
560. @ 5,11,13,16}
561. @ 5,12,16}
562. @ 5,11,14,16}
563. @ 5,11,14,16}
564. @ 5,11,13,16}
565. @ 5,12,16}
566. @ 5,11,14,16}
567. @ 5,11,14,16}
568. @ 5,11,13,16}
569. @ 5,12,16}
570. @ 5,11,14,16}
571. @ 5,11,14,16}
572. @ 5,11,13,16}
573. @ 5,12,16}
574. @ 5,11,14,16}
575. @ 5,11,14,16}
576. @ 5,11,13,16}
577. @ 5,12,16}
578. @ 5,11,14,16}
579. @ 5,11,14,16}
580. @ 5,11,13,16}
581. @ 5,12,16}
582. @ 5,11,14,16}
583. @ 5,11,14,16}
584. @ 5,11,13,16}
585. @ 5,12,16}
586. @ 5,11,14,16}
587. @ 5,11,14,16}
588. @ 5,11,13,16}
589. @ 5,12,16}
590. @ 5,11,14,16}
591. @ 5,11,14,16}
592. @ 5,11,13,16}
593. @ 5,12,16}
594. @ 5,11,14,16}
595. @ 5,11,14,16}
596. @ 5,11,13,16}
597. @ 5,12,16}
598. @ 5,11,14,16}
599. @ 5,11,14,16}
600. @ 5,11,13,16}
601. @ 5,12,16}
602. @ 5,11,14,16}
603. @ 5,11,14,16}
604. @ 5,11,13,16}
605. @ 5,12,16}
606. @ 5,11,14,16}
607. @ 5,11,14,16}
608. @ 5,11,13,16}
609. @ 5,12,16}
610. @ 5,11,14,16}
611. @ 5,11,14,16}
612. @ 5,11,13,16}
613. @ 5,12,16}
614. @ 5,11,14,16}
615. @ 5,11,14,16}
616. @ 5,11,13,16}
617. @ 5,12,16}
618. @ 5,11,14,16}
619. @ 5,11,14,16}
620. @ 5,11,13,16}
621. @ 5,12,16}
622. @ 5,11,14,16}
623. @ 5,11,14,16}
624. @ 5,11,13,16}
625. @ 5,12,16}
626. @ 5,11,14,16}
627. @ 5,11,14,16}
628. @ 5,11,13,16}
629. @ 5,12,16}
630. @ 5,11,14,16}
631. @ 5,11,14,16}
632. @ 5,11,13,16}
633. @ 5,12,16}
634. @ 5,11,14,16}
635. @ 5,11,14,16}
636. @ 5,11,13,16}
637. @ 5,12,16}
638. @ 5,11,14,16}
639. @ 5,11,14,16}
640. @ 5,11,13,16}
641. @ 5,12,16}
642. @ 5,11,14,16}
643. @ 5,11,14,16}
644. @ 5,11,13,16}
645. @ 5,12,16}
646. @ 5,11,14,16}
647. @ 5,11,14,16}
648. @ 5,11,13,16}
649. @ 5,12,16}
650. @ 5,11,14,16}
651. @ 5,11,14,16}
652. @ 5,11,13,16}
653. @ 5,12,16}
654. @ 5,11,14,16}
655. @ 5,11,14,16}
656. @ 5,11,13,16}
657. @ 5,12,16}
658. @ 5,11,14,16}
659. @ 5,11,14,16}
660. @ 5,11,13,16}
661. @ 5,12,16}
662. @ 5,11,14,16}
663. @ 5,11,14,16}
664. @ 5,11,13,16}
665. @ 5,12,16}
666. @ 5,11,14,16}
667. @ 5,11,14,16}
668. @ 5,11,13,16}
669. @ 5,12,16}
670. @ 5,11,14,16}
671. @ 5,11,14,16}
672. @ 5,11,13,16}
673. @ 5,12,16}
674. @ 5,11,14,16}
675. @ 5,11,14,16}
676. @ 5,11,13,16}
677. @ 5,12,16}
678. @ 5,11,14,16}
679. @ 5,11,14,16}
680. @ 5,11,13,16}
681. @ 5,12,16}
682. @ 5,11,14,16}
683. @ 5,11,14,16}
684. @ 5,11,13,16}
685. @ 5,12,16}
686. @ 5,11,14,16}
687. @ 5,11,14,16}
688. @ 5,11,13,16}
689. @ 5,12,16}
690. @ 5,11,14,16}
691. @ 5,11,14,16}
692. @ 5,11,13,16}
693. @ 5,12,16}
694. @ 5,11,14,16}
695. @ 5,11,14,16}
696. @ 5,11,13,16}
697. @ 5,12,16}
698. @ 5,11,14,16}
699. @ 5,11,14,16}
700. @ 5,11,13,16}
701. @ 5,12,16}
702. @ 5,11,14,16}
703. @ 5,11,14,16}
704. @ 5,11,13,16}
705. @ 5,12,16}
706. @ 5,11,14,16}
707. @ 5,11,14,16}
708. @ 5,11,13,16}
709. @ 5,12,16}
710. @ 5,11,14,16}
711. @ 5,11,14,16}
712. @ 5,11,13,16}
713. @ 5,12,16}
714. @ 5,11,14,16}
715. @ 5,11,14,16}
716. @ 5,11,13,16}
717. @ 5,12,16}
718. @ 5,11,14,16}
719. @ 5,11,14,16}
720. @ 5,11,13,16}
721. @ 5,12,16}
722. @ 5,11,14,16}
723. @ 5,11,14,16}
724. @ 5,11,13,16}
725. @ 5,12,16}
726. @ 5,11,14,16}
727. @ 5,11,14,16}
728. @ 5,11,13,16}
729. @ 5,12,16}
730. @ 5,11,14,16}
731. @ 5,11,14,16}
732. @ 5,11,13,16}
733. @ 5,12,16}
734. @ 5,11,14,16}
735. @ 5,11,14,16}
736. @ 5,11,13,16}
737. @ 5,12,16}
738. @ 5,11,14,16}
739. @ 5,11,14,16}
740. @ 5,11,13,16}
741. @ 5,12,16}
742. @ 5,11,14,16}
743. @ 5,11,14,16}
744. @ 5,11,13,16}
745. @ 5,12,16}
746. @ 5,11,14,16}
747. @ 5,11,14,16}
748. @ 5,11,13,16}
749. @ 5,12,16}
750. @ 5,11,14,16}
751. @ 5,11,14,16}
752. @ 5,11,13,16}
753. @ 5,12,16}
754. @ 5,11,14,16}
755. @ 5,11,14,16}
756. @ 5,11,13,16}
757. @ 5,12,16}
758. @ 5,11,14,16}
759. @ 5,11,14,16}
760. @ 5,11,13,16}
761. @ 5,12,16}
762. @ 5,11,14,16}
763. @ 5,11,14,16}
764. @ 5,11,13,16}
765. @ 5,12,16}
766. @ 5,11,14,16}
767. @ 5,11,14,16}
768. @ 5,11,13,16}
769. @ 5,12,16}
770. @ 5,11,14,16}
771. @ 5,11,14,16}
772. @ 5,11,13,16}
773. @ 5,12,16}
774. @ 5,11,14,16}
775. @ 5,11,14,16}
776. @ 5,11,13,16}
777. @ 5,12,16}
778. @ 5,11,14,16}
779. @ 5,11,14,16}
780. @ 5,11,13,16}
781. @ 5,12,16}
782. @ 5,11,14,16}
783. @ 5,11,14,16}
784. @ 5,11,13,16}
785. @ 5,12,16}
786. @ 5,11,14,16}
787. @ 5,11,14,16}
788. @ 5,11,13,16}
789. @ 5,12,16}
790. @ 5,11,14,16}
791. @ 5,11,14,16}
792. @ 5,11,13,16}
793. @ 5,12,16}
794. @ 5,11,14,16}
795. @ 5,11,14,16}
796. @ 5,11,13,16}
797. @ 5,12,16}
798. @ 5,11,14,16}
799. @ 5,11,14,16}
800. @ 5,11,13,16}
801. @ 5,12,16}
802. @ 5,11,14,16}
803. @ 5,11,14,16}
804. @ 5,11,13,16}
805. @ 5,12,16}
806. @ 5,11,14,16}
807. @ 5,11,14,16}
808. @ 5,11,13,16}
809. @ 5,12,16}
810. @ 5,11,14,16}
811. @ 5,11,14,16}
812. @ 5,11,13,16}
813. @ 5,12,16}
814. @ 5,11,14,16}
815. @ 5,11,14,16}
816. @ 5,11,13,16}
817. @ 5,12,16}
818. @ 5,11,14,16}
819. @ 5,11,14,16}
820. @ 5,11,13,16}
821. @ 5,12,16}
822. @ 5,11,14,16}
823. @ 5,11,14,16}
824. @ 5,11,13,16}
825. @ 5,12,16}
826. @ 5,11,14,16}
827. @ 5,11,14,16}
828. @ 5,11,13,16}
829. @ 5,12,16}
830. @ 5,11,14,16}
831. @ 5,11,14,16}
832. @ 5,11,13,16}
833. @ 5,12,16}
834. @ 5,11,14,16}
835. @ 5,11,14,16}
836. @ 5,11,13,16}
837. @ 5,12,16}
838. @ 5,11,14,16}
839. @ 5,11,14,16}
840. @ 5,11,13,16}
841. @ 5,12,16}
842. @ 5,11,14,16}
843. @ 5,11,14,16}
844. @ 5,11,13,16}
845. @ 5,12,16}
846. @ 5,11,14,16}
847. @ 5,11,14,16}
848. @ 5,11,13,16}
849. @ 5,12,16}
850. @ 5,11,14,16}
851. @ 5,11,14,16}
852. @ 5,11,13,16}
853. @ 5,12,16}
854. @ 5,11,14,16}
855. @ 5,11,14,16}
856. @ 5,11,13,16}
857. @ 5,12,16}
858. @ 5,11,14,16}
859. @ 5,11,14,16}
860. @ 5,11,13,16}
861. @ 5,12,16}
862. @ 5,11,14,16}
863. @ 5,11,14,16}
864. @ 5,11,13,16}
865. @ 5,12,16}
866. @ 5,11,14,16}
867. @ 5,11,14,16}
868. @ 5,11,13,16}
869. @ 5,12,16}
870. @ 5,11,14,16}
871. @ 5,11,14,16}
872. @ 5,11,13,16}
873. @ 5,12,16}
874. @ 5,11,14,16}
875. @ 5,11,14,16}
876. @ 5,11,13,16}
877. @ 5,12,16}
878. @ 5,11,14,16}
879. @ 5,11,14,16}
880. @ 5,11,13,16}
881. @ 5,12,16}
882. @ 5,11,14,16}
883. @ 5,11,14,16}
884. @ 5,11,13,16}
885. @ 5,12,16}
886. @ 5,11,14,16}
887. @ 5,11,14,16}
888. @ 5,11,13,16}
889. @ 5,12,16}
890. @ 5,11,14,16}
891. @ 5,11,14,16}
892. @ 5,11,13,16}
893. @ 5,12,16}
894. @ 5,11,14,16}
895. @ 5,11,14,16}
896. @ 5,11,13,16}
897. @ 5,12,16}
898. @ 5,11,14,16}
899. @ 5,11,14,16}
900. @ 5,11,13,16}
901. @ 5,12,16}
902. @ 5,11,14,16}
903. @ 5,11,14,16}
904. @ 5,11,13,16}
905. @ 5,12,16}
906. @ 5,11,14,16}
907. @ 5,11,14,16}
908. @ 5,11,13,16}
909. @ 5,12,16}
910. @ 5,11,14,16}
911. @ 5,11,14,16}
912. @ 5,11,13,16}
913. @ 5,12,16}
914. @ 5,11,14,16}
915. @ 5,11,14,16}
916. @ 5,11,13,16}
917. @ 5,12,16}
918. @ 5,11,14,16}
919. @ 5,11,14,16}
920. @ 5,11,13,16}
921. @ 5,12,16}
922. @ 5,11,14,16}
923. @ 5,11,14,16}
924. @ 5,11,13,16}
925. @ 5,12,16}
926. @ 5,11,14,16}
927. @ 5,11,14,16}
928. @ 5,11,13,16}
929. @ 5,12,16}
930. @ 5,11,14,16}
931. @ 5,11,14,16}
932. @ 5,11,13,16}
933. @ 5,12,16}
934. @ 5,11,14,16}
935. @ 5,11,14,16}
936. @ 5,11,13,16}
937. @ 5,12,16}
938. @ 5,11,14,16}
939. @ 5,11,14,16}
940. @ 5,11,13,16}
941. @ 5,12,16}
942. @ 5,11,14,16}
943. @ 5,11,14,16}
944. @ 5,11,13,16}
945. @ 5,12,16}
946. @ 5,11,14,16}
947. @ 5,11,14,16}
948. @ 5,11,13,16}
949. @ 5,12,16}
950. @ 5,11,14,16}
951. @ 5,11,14,16}
952. @ 5,11,13,16}
953. @ 5,12,16}
954. @ 5,11,14,16}
955. @ 5,11,14,16}
956. @ 5,11,13,16}
957. @ 5,12,16}
958. @ 5,11,14,16}
959. @ 5,11,14,16}
960. @ 5,11,13,16}
961. @ 5,12,16}
962. @ 5,11,14,16}
963. @ 5,11,14,16}
964. @ 5,11,13,16}
965. @ 5,12,16}
966. @ 5,11,14,16}
967. @ 5,11,14,16}
968. @ 5,11,13,16}
969. @ 5,12,16}
970. @ 5,11,14,16}
971. @ 5,11,14,16}
972. @ 5,11,13,16}
973. @ 5,12,16}
974. @ 5,11,14,16}
975. @ 5,11,14,16}
976. @ 5,11,13,16}
977. @ 5,12,16}
978. @ 5,11,14,16}
979. @ 5,11,14,16}
980. @ 5,11,13,16}
981. @ 5,12,16}
982. @ 5,11,14,16}
983. @ 5,11,14,16}
984. @ 5,11,13,16}
985. @ 5,12,16}
986. @ 5,11,14,16}
987. @ 5,11,14,16}
988. @ 5,11,13,16}
989. @ 5,12,16}
990. @ 5,11,14,16}
991. @ 5,11,14,16}
992. @ 5,11,13,16}
993. @ 5,12,16}
994. @ 5,11,14,16}
995. @ 5,11,14,16}
996. @ 5,11,13,16}
997. @ 5,12,16}
998. @ 5,11,14,16}
999. @ 5,11,14,16}
1000. @ 5,11,13,16}
1001. @ 5,12,16}
1002. @ 5,11,14,16}
1003. @ 5,11,14,16}
1004. @ 5,11,13,16}
1005. @ 5,12,16}
1006. @ 5,11,14,16}
1007. @ 5,11,14,16}
1008. @ 5,11,13,16}
1009. @ 5,12,16}
1010. @ 5,11,14,16}
1011. @ 5,11,14,16}
1012. @ 5,11,13,16}
1013. @ 5,12,16}
1014. @ 5,11,14,16}
1015. @ 5,11,14,16}
1016. @ 5,11,13,16}
1017. @ 5,12,16}
1018. @ 5,11,14,16}
1019. @ 5,11,14,16}
1020. @ 5,11,13,16}
1021. @ 5,12,16}
1022. @ 5,11,14,16}
1023. @ 5,11,14,16}
1024. @ 5,11,13,16}
1025. @ 5,12,16}
1026. @ 5,11,14,16}
1027. @ 5,11,14,16}
1028. @ 5,11,13,16}
1029. @ 5,12,16}
1030. @ 5,11,14,16}
1031. @ 5,11,14,16}
1032. @ 5,11,13,16}
1033. @ 5,12,16}
1034. @ 5,11,14,16}
1035. @ 5,11,14,16}
1036. @ 5,11,13,16}
1037. @ 5,12,16}
1038. @ 5,11,14,16}
1039. @ 5,11,14,16}
1040. @ 5,11,13,16}
1041. @ 5,12,16}
1042. @ 5,11,14,16}
1043. @ 5,11,14,16}
1044. @ 5,11,13,16}
1045. @ 5,12,16}
1046. @ 5,11,14,16}
1047. @ 5,11,14,16}
1048. @ 5,11,13,16}
1049. @ 5,12,16}
1050. @ 5,11,14,16}
1051. @ 5,11,14,16}
1052. @ 5,11,13,16}
1053. @ 5,12,16}
1054. @ 5,11,14,16}
1055. @ 5,11,14,16}
1056. @ 5,11,13,16}
1057. @ 5,12,16}
1058. @ 5,11,14,16}
1059. @ 5,11,14,16}
1060. @ 5,11,13,16}
1061. @ 5,12,16}
1062. @ 5,11,14,16}
1063. @ 5,11,14,16}
1064. @ 5,11,13,16}
1065. @ 5,12,16}
1066. @ 5,11,14,16}
1067. @ 5,11,14,16}
1068. @ 5,11,13,16}
1069. @ 5,12,16}
1070. @ 5,11,14,16}
1071. @ 5,11,14,16}
1072. @ 5,11,13,16}
1073. @ 5,12,16}
1074. @ 5,11,14,16}
1075. @ 5,11,14,16}
1076. @ 5,11,13,16}
1077. @ 5,12,16}
1078. @ 5,11,14,16}
1079. @ 5,11,14,16}
1080. @ 5,11,13,16}
1081. @ 5,12,16}
1082. @ 5,11,14,16}
1083. @ 5,11,14,16}
1084. @ 5,11,13,16}
1085. @ 5,12,16}
1086. @ 5,11,14,16}
1087. @ 5,11,14,16}
1088. @ 5,11,13,16}
1089. @ 5,12,16}
1090. @ 5,11,14,16}
1091. @ 5,11,14,16}
1092. @ 5,11,13,16}
1093. @ 5,12,16}
1094. @ 5,11,14,16}
1095. @ 5,11,14,16}
1096. @ 5,11,13,16}
1097. @ 5,12,16}
1098. @ 5,11,14,16}
1099. @ 5,11,14,16}
1100. @ 5,11,13,16}
1101. @ 5,12,16}
1102. @ 5,11,14,16}
1103. @ 5,11,14,16}
1104. @ 5,11,13,16}
1105. @ 5,12,16}
1106. @ 5,11,14,16}
1107. @ 5,11,14,16}
1108. @ 5,11,13,16}
1109. @ 5,12,16}
1110. @ 5,11,14,16}
1111. @ 5,11,14,16}
1112. @ 5,11,13,16}
1113. @ 5,12,16}
1114. @ 5,11,14,16}
1115. @ 5,11,14,16}
1116. @ 5,11,13,16}
1117. @ 5,12,16}
1118. @ 5,11,14,16}
1119. @ 5,11,14,16}
1120. @ 5,11,13,16}
1121. @ 5,12,16}
1122. @ 5,11,14,16}
1123. @ 5,11,14,16}
1124. @ 5,11,13,16}
1125. @ 5,12,16}
1126. @ 5,11,14,16}
1127. @ 5,11,14,16}
1128. @ 5,11,13,16}
1129. @ 5,12,16}
1130. @ 5,11,14,16}
1131. @ 5,11,14,16}
1132. @ 5,11,13,16}
1133. @ 5,12,16}
1134. @ 5,11,14,16}
1135. @ 5,11,14,16}
1136. @ 5,11,13,16}
1137. @ 5,12,16}
1138. @ 5,11,14,16}
1139. @ 5,11,14,16}
1140. @ 5,11,13,16}
1141. @ 5,12,16}
1142. @ 5,11,14,16}
1143. @ 5,11,14,16}
1144. @ 5,11,13,16}
1145. @ 5,12,16}
1146. @ 5,11,14,16}
1147. @ 5,11,14,16}
1148. @ 5,11,13,16}
1149. @ 5,12,16}
1150. @ 5,11,14,16}
1151. @ 5,11,14,16}
1152. @ 5,11,13,16}
1153. @ 5,12,16}
1154. @ 5,11,14,16}
1155. @ 5,11,14,16}
1156. @ 5,11,13,16}
1157. @ 5,12,16}
1158. @ 5,11,14,16}
1159. @ 5,11,14,16}
1160. @ 5,11,13,16}
1161. @ 5,12,16}
1162. @ 5,11,14,16}
1163. @ 5,11,14,16}
1164. @ 5,11,13,16}
1165. @ 5,12,16}
1166. @ 5,11,14,16}
1167. @ 5,11,14,16}
1168. @ 5,11,13,16}
1169. @ 5,12,16}
1170. @ 5,11,14,16}
1171. @ 5,11,14,16}
1172. @ 5,11,13,16}
1173. @ 5,12,16}
1174. @ 5,11,14,16}
1175. @ 5,11,14,16}
1176. @ 5,11,13,16}
1177. @ 5,12,16}
1178. @ 5,11,14,16}
1179. @ 5,11,14,16}
1180. @ 5,11,13,16}
1181. @ 5,12,16}
1182. @ 5,11,14,16}
1183. @ 5,11,14,16}
1184. @ 5,11,13,16}
1185. @ 5,12,16}
1186. @ 5,11,14,16}
1187. @ 5,11,14,16}
1188. @ 5,11,13,16}
1189. @ 5,12,16}
1190. @ 5,11,14,16}
1191. @ 5,11,14,16}
1192. @ 5,11,13,16}
1193. @ 5,12,16}
1194. @ 5,11,14,16}
1195. @ 5,11,14,16}
1196. @ 5,11,13,16}
1197. @ 5,12,16}
1198. @ 5,11,14,16}
1199. @ 5,11,14,16}
1200. @ 5,11,13,16}
1201. @ 5,12,16}
1202. @ 5,11,14,16}
1203. @ 5,11,14,16}
1204. @ 5,11,13,16}
1205. @ 5,12,16}
1206. @ 5,11,14,16}
1207. @ 5,11,14,16}
1208. @ 5,11,13,16}
1209. @ 5,12,16}
1210. @ 5,11,14,16}
1211. @ 5,11,14,16}
1212. @ 5,11,13,16}
1213. @ 5,12,16}
1214. @ 5,11,14,16}
1215. @ 5,11,14,16}
1216. @ 5,11,13,16}
1217. @ 5,12,16}
1218. @ 5,11,14,16}
1219. @ 5,11,14,16}
1220. @ 5,11,13,16}
1221. @ 5,12,16}
1222. @ 5,11,14,16}
1223. @ 5,11,14,16}
1224. @ 5,11,13,16}
1225. @ 5,12,16}
1226. @ 5,11,14,16}
1227. @ 5,11,14,16}
1228. @ 5,11,13,16}
1229. @ 5,12,16}
1230. @ 5,11,14,16}
1231. @ 5,11,14,16}
1232. @ 5,11,13,16}
1233. @ 5,12,16}
1234. @ 5,11,14,16}
1235. @ 5,11,14,16}
1236. @ 5,11,13,16}
1237. @ 5,12,16}
1238. @ 5,11,14,16}
1239. @ 5,11,14,16}
1240. @ 5,11,13,16}
1241. @ 5,12,16}
1242. @ 5,11,14,16}
1243. @ 5,11,14,16}
1244. @ 5,11,13,16}
1245. @ 5,12,16}
1246. @ 5,11,14,16}
1247. @ 5,11,14,16}
1248. @ 5,11,13,16}
1249. @ 5,12,16}
1250. @ 5,11,14,16}
1251. @ 5,11,14,16}
1252. @ 5,11,13,16}
1253. @ 5,12,16}
1254. @ 5,11,14,16}
1255. @ 5,11,14,16}
1256. @ 5,11,13,16}
1257. @ 5,12,16}
1258. @ 5,11,14,16}
1259. @ 5,11,14,16}
1260. @ 5,11,13,16}
1261. @ 5,12,16}
1262. @ 5,11,14,16}
1263. @ 5,11,14,16}
1264. @ 5,11,13,16}
1265. @ 5,12,16}
1266. @ 5,11,14,16}
1267. @ 5,11,14,16}
1268. @ 5,11,13,16}
1269. @ 5,12,16}
1270. @ 5,11,14,16}
1271. @ 5,11,14,16}
1272. @ 5,11,13,16}
1273. @ 5,12,16}
1274. @ 5,11,14,16}
1275. @ 5,11,14,16}
1276. @ 5,11,13,16}
1277. @ 5,12,16}
1278. @ 5,11,14,16}
1279. @ 5,11,14,16}
1280. @ 5,11,13,16}
1281. @ 5,12,16}
1282. @ 5,11,14,16}
1283. @ 5,11,14,16}
1284. @ 5,11,13,16}
1285. @ 5,12,16}
1286. @ 5,11,14,16}
1287. @ 5,11,14,16}
1288. @ 5,11,13,16}
1289. @ 5,12,16}
1290. @ 5,11,14,16}
1291. @ 5,11,14,16}
1292. @ 5,11,13,16}
1293. @ 5,12,16}
1294. @ 5,11,14,16}
1295. @ 5,11,14,16}
1296. @ 5,11,13,16}
1297. @ 5,12,16}
1298. @ 5,11,14,16}
1299. @ 5,11,14,16}
1300. @ 5,11,13,16}
1301. @ 5,12,16}
1302. @ 5,11,14,16}
1303. @ 5,11,14,16}
1304. @ 5,11,13,16}
1305. @ 5,12,16}
1306. @ 5,11,14,16}
1307. @ 5,11,14,16}
1308. @ 5,11,13,16}
1309. @ 5,12,16}
1310. @ 5,11,14,16}
1311. @ 5,11,14,16}
1312. @ 5,11,13,16}
1313. @ 5,12,16}
1314. @ 5,11,14,16}
1315. @ 5,11,14,16}
1316. @ 5,11,13,16}
1317. @ 5,12,16}
1318. @ 5,11,14,16}
1319. @ 5,11,14,16}
1320. @ 5,11,13,16}
1321. @ 5,12,16}
1322. @ 5,11,14,16}
1323. @ 5,11,14,16}
1324. @ 5,11,13,16}
1325. @ 5,12,16}
1326. @ 5,11,14,16}
1327. @ 5,11,14,16}
1328. @ 5,11,13,16}
1329. @ 5,12,16}
1330. @ 5,11,14,16}
1331. @ 5,11,14,16}
1332. @ 5,11,13,16}
1333. @ 5,12,16}
1334. @ 5,11,14,16}
1335. @ 5,11,14,16}
1336. @ 5,11,13,16}
1337. @ 5,12,16}
1338. @ 5,11,14,16}
1339. @ 5,11,14,16}
1340. @ 5,11,13,16}
1341. @ 5,12,16}
1342. @ 5,11,14,16}
1343. @ 5,11,14,16}
1344. @ 5,11,13,16}
1345. @ 5,12,16}
1346. @ 5,11,14,16}
1347. @ 5,11,14,16}
1348. @ 5,11,13,16}
1349. @ 5,12,16}
1350. @ 5,11,14,16}
1351. @ 5,11,14,16}
1352. @ 5,11,13,16}
1353. @ 5,12,16}
1354. @ 5,11,14,16}
1355. @ 5,11,14,16}
1356. @ 5,11,13,16}
1357. @ 5,12,16}
1358. @ 5,11,14,16}
1359. @ 5,11,14,16}
1360. @ 5,11,13,16}
1361. @ 5,12,16}
1362. @ 5,11,14,16}
1363. @ 5,11,14,16}
1364. @ 5,11,13,16}
1365. @ 5,12,16}
1366. @ 5,11,14,16}
1367. @ 5,11,14,16}
1368. @ 5,11,13,16}
1369. @ 5,12,16}
1370. @ 5,11,14,16}
1371. @ 5,11,14,16}
1372. @ 5,11,13,16}
1373. @ 5,12,16}
1374. @ 5,11,14,16}
1375. @ 5,11,14,16}
1376. @ 5,11,13,16}
1377. @ 5,12,16}
1378. @ 5,11,14,16}
1379. @ 5,11,14,16}
1380. @ 5,11,13,16}
1381. @ 5,12,16}
1382. @ 5,11,14,16}
1383. @ 5,11,14,16}
1384. @ 5,11,13,16}
1385. @ 5,12,16}
1386. @ 5,11,14,16}
1387. @ 5,11,14,16}
1388. @ 5,11,13,16}
1389. @ 5,12,16}
1390. @ 5,11,14,16}
1391. @ 5,11,14,16}
1392. @ 5,11,13,16}
1393. @ 5,12,16}
1394. @ 5,11,14,16}
1395. @ 5,11,14,16}
1396. @ 5,11,13,16}
1397. @ 5,12,16}
1398. @ 5,11,14,16}
1399. @ 5,11,14,16}
1400. @ 5,11,13,16}
1401. @ 5,12,16}
1402. @ 5,11,14,16}
1403. @ 5,11,14,16}
1404. @ 5,11,13,16}
1405. @ 5,12,16}
1406. @ 5,11,14,16}
1407. @ 5,11,14,16}
1408. @ 5,11,13,16}
1409. @ 5,12,16}
1410. @ 5,11,14,16}
1411. @ 5,11,14,16}
1412. @ 5,11,13,16}
1413. @ 5,12,16}
1414. @ 5,11,14,16}
1415. @ 5,11,14,16}
1416. @ 5,11,13,16}
1417. @ 5,12,16}
1418. @ 5,11,14,16}
1419. @ 5,11,14,16}
1420. @ 5,11,13,16}
1421. @ 5,12,16}
1422. @ 5,11,14,16}
1423. @ 5,11,14,16}
1424. @ 5,11,13,16}
1425. @ 5,12,16}
1426. @ 5,11,14,16}
1427. @ 5,11,14,16}
1428. @ 5,11,13,16}
1429. @ 5,12,16}
1430. @ 5,11,14,16}
1431. @ 5,11,14,16}
1432. @ 5,11,13,16}
1433. @ 5,12,16}
1434. @ 5,11,14,16}
1435. @ 5,11,14,16}
1436. @ 5,11,13,16}
1437. @ 5,12,16}
1438. @ 5,11,14,16}
1439. @ 5,11,14,16}
1440. @ 5,11,13,16}
1441. @ 5,12,16}
1442. @ 5,11,14,16}
1443. @ 5,11,14,16}
1444. @ 5,11,13,16}
1445. @ 5,12,16}
1446. @ 5,11,14,16}
1447. @ 5,11,14,16}
1448. @ 5,11,13,16}
1449. @ 5,12,16}
1450. @ 5,11,14,16}
1451. @ 5,11,14,16}
1452. @ 5,11,13,16}
1453. @ 5,12,16}
1454. @ 5,11,14,16}
1455. @ 5,11,14,16}
1456. @ 5,11,13,16}
1457. @ 5,12,16}
1458. @ 5,11,14,16}
1459. @ 5,11,14,16}
1460. @ 5,11,13,16}
1461. @ 5,12,16}
1462. @ 5,11,14,16}
1463. @ 5,11,14,16}
1464. @ 5,11,13,16}
1465. @ 5,12,16}
1466. @ 5,11,14,16}
1467. @ 5,11,14,16}
1468. @ 5,11,13,16}
1469. @ 5,12,16}
1470. @ 5,11,14,16}
1471. @ 5,11,14,16}
1472. @ 5,11,13,16}
1473. @ 5,12,16}
1474. @ 5,11,14,16}
1475. @ 5,11,14,16}
1476. @ 5,11,13,16}
1477. @ 5,12,16}
1478. @ 5,11,14,16}
1479. @ 5,11,14,16}
1480. @ 5,11,13,16}
1481. @ 5,12,16}
1482. @ 5,11,14,16}
1483. @ 5,11,14,16}
1484. @ 5,11,13,16}
1485. @ 5,12,16}
1486. @ 5,11,14,16}
1487. @ 5,11,14,16}
1488. @ 5,11,13,16}
1489. @ 5,12,16}
1490. @ 5,11,14,16}
1491. @ 5,11,14,16}
1492. @ 5,11,13,16}
1493. @ 5,12,16}
1494. @ 5,11,14,16}
1495. @ 5,11,14,16}
1496. @ 5,11,13,16}
1497. @ 5,12,16}
1498. @ 5,11,14,16}
1499. @ 5,11,14,16}
1500. @ 5,11,13,16}
1501. @ 5,12,16}
1502. @ 5,11,14,16}
1503. @ 5,11,14,16}
1504. @ 5,11,13,16}
1505. @ 5,12,16}
1506. @ 5,11,14,16}
1507. @ 5,11,14,16}
1508. @ 5,11,13,16}
1509. @ 5,12,16}
1510. @ 5,11,14,16}
1511. @ 5,11,14,16}
1512. @ 5,11,13,16}
1513. @ 5,12,16}
1514. @ 5,11,14,16}
1515. @ 5,11,14,16}
1516. @ 5,11,13,16}
1517. @ 5,12,16}
1518. @ 5,11,14,16}
1519. @ 5,11,14,16}
1520. @ 5,11,13,16}
1521. @ 5,12,16}
1522. @ 5,11,14,16}
1523. @ 5,11,14,16}
1524. @ 5,11,13,16}
1525. @ 5,12,16}
1526. @ 5,11,14,16}
1527. @ 5,11,14,16}
1528. @ 5,11,13,16}
1529. @ 5,12,16}
1530. @ 5,11,14,16}
1531. @ 5,11,14,16}
1532. @ 5,11,13,16}
1533. @ 5,12,16}
1534. @ 5,11,14,16}
1535. @ 5,11,14,16}
1536. @ 5,11,13,16}
1537. @ 5,12,16}
1538. @ 5,11,14,16}
1539. @ 5,11,14,16}
1540. @ 5,11,13,16}
1541. @ 5,12,16}
1542. @ 5,11,14,16}
1543. @ 5,11,14,16}
1544. @ 5,11,13,16}
1545. @ 5,12,16}
1546. @ 5,11,14,16}
1547. @ 5,11,14,16}
1548. @ 5,11,13,16}
1549. @ 5,12,16}
1550. @ 5,11,14,16}
1551. @ 5,11,14,16}
1552. @ 5,11,13,16}
1553. @ 5,12,16}
1554. @ 5,11,14,16}
1555. @ 5,11,14,16}
1556. @ 5,11,13,16}
1557. @ 5,12,16}
1558. @ 5,11,14,16}
1559. @ 5,11,14,16}
1560. @ 5,11,13,16}
1561. @ 5,12,16}
1562. @ 5,11,14,16}
1563. @ 5,11,14,16}
1564. @ 5,11,13,16}
1565. @ 5,12,16}
1566. @ 5,11,14,16}
1567. @ 5,11,14,16}
1568. @ 5,11,13,16}
1569. @ 5,12,16}
1570. @ 5,11,14,16}
1571. @ 5,11,14,16}
1572. @ 5,11,13,16}
1573. @ 5,12,16}
1574. @ 5,11,14,16}
1575. @ 5,11,14,16}
1576. @ 5,11,13,16}
1577. @ 5,12,16}
1578. @ 5,11,14,16}
1579. @ 5,11,14,16}
1580. @ 5,11,13,16}
1581. @ 5,12,16}
1582. @ 5,11,14,16}
1583. @ 5,11,14,16}
1584. @ 5,11,13,16}
1585. @ 5,12,16}
1586. @ 5,11,14,16}
1587. @ 5,11,14,16}
1588. @ 5,11,13,16}
1589. @ 5,12,16}
1590. @ 5,11,14,16}
1591. @ 5,11,14,16}
1592. @ 5,11,13,16}
1593. @ 5,12,16}
1594. @ 5,11,14,16}
1595. @ 5,11,14,16}
1596. @ 5,11,13,16}
1597. @ 5,12,16}
1598. @ 5,11,14,16}
1599. @ 5,11,14,16}
1600. @ 5,11,13,16}
1601. @ 5,12,16}
1602. @ 5,11,14,16}
1603. @ 5,11,14,16}
1604. @ 5,11,13,16}
1605. @ 5,12,16}
1606. @ 5,11,14,16}
1607. @ 5,11,14,16}
1608. @ 5,11,13,16}
1609. @ 5,12,16}
1610. @ 5,11,14,16}
1611. @ 5,11,14,16}
1612. @ 5,11,13,16}
1613. @ 5,12,16}
1614. @ 5,11,14,16}
1615. @ 5,11,14,16}
1616. @ 5,11,13,16}
1617. @ 5,12,16}
1618. @ 5,11,14,16}
1619. @ 5,11,14,16}
1620. @ 5,11,13,16}
1621. @ 5,12,16}
1622. @ 5,11,14,16}
1623. @ 5,11,14,16}
1624. @ 5,11,13,16}
1625. @ 5,12,16}
1626. @ 5,11,14,16}
1627. @ 5,11,14,16}
1628. @ 5,11,13,16}
1629. @ 5,12,16}
1630. @ 5,11,14,16}
1631. @ 5,11,14,16}
1632. @ 5,11,13,16}
1633. @ 5,12,16}
1634. @ 5,11,14,16}
1635. @ 5,11,14,16}
1636. @ 5,11,13,16}
1637. @ 5,12,16}
1638. @ 5,11,14,16}
1639. @ 5,11,14,16}
1640. @ 5,11,13,16}
1641. @ 5,12,16}
1642. @ 5,11,14,16}
1643. @ 5,11,14,16}
1644. @ 5,11,13,16}
1645. @ 5,12,16}
1646. @ 5,11,14,16}
1647. @ 5,11,14,16}
1648. @ 5,11,13,16}
1649. @ 5,12,16}
1650. @ 5,11,14,16}
1651. @ 5,11,14,16}
1652. @ 5,11,13,16}
1653. @ 5,12,16}
1654. @ 5,11,14,16}
1655. @ 5,11,14,16}
1656. @ 5,11,13,16}
1657. @ 5,12,16}
1658. @ 5,11,14,16}
1659. @ 5,11,14,16}
1660. @ 5,11,13,16}
1661. @ 5,12,16}
1662. @ 5,11,14,16}
1663. @ 5,11,14,16}
1664. @ 5,11,13,16}
1665. @ 5,12,16}
1666. @ 5,11,14,16}
1667. @ 5,11,14,16}
1668. @ 5,11,13,16}
1669. @ 5,12,16}
1670. @ 5,11,14,16}
1671. @ 5,11,14,16}
1672. @ 5,11,13,16}
1673. @ 5,12,16}
1674. @ 5,11,14,16}
1675. @ 5,11,14,16}
1676. @ 5,11,13,16}
1677. @ 5,12,16}
1678. @ 5,11,14,16}
1679. @ 5,11,14,16}
1680. @ 5,11,13,16}
1681. @ 5,12,16}
1682. @ 5,11,14,16}
1683. @ 5,11,14,16}
1684. @ 5,11,13,16}
1685. @ 5,12,16}
1686. @ 5,11,14,16}
1687. @ 5,11,14,16}
1688. @ 5,11,13,16}
1689. @ 5,12,16}
1690. @ 5,11,14,16}
1691. @ 5,11,14,16}
1692. @ 5,11,13,16}
1693. @ 5,12,16}
1694. @ 5,11,14,16}
1695. @ 5,11,14,16}
1696. @ 5,11,13,16}
1697. @ 5,12,16}
1698. @ 5,11,14,16}
1699. @ 5,11,14,16}
1700. @ 5,11,13,16}
1701. @ 5,12,16}
1702. @ 5,11,14,16}
1703. @ 5,11,14,16}
1704. @ 5,11,13,16}
1705. @ 5,12,16}
1706. @ 5,11,14,16}
1707. @ 5,11,14,16}
1708. @ 5,11,13,16}
1709. @ 5,12,16}
1710. @ 5,11,14,16}
1711. @ 5,11,14,16}
1712. @ 5,11,13,16}
1713. @ 5,12,16}
1714. @ 5,11,14,16}
1715. @ 5,11,14,16}
1716. @ 5,11,13,16}
1717. @ 5,12,16}
1718. @ 5,11,14,16}
1719. @ 5,11,14,16}
1720. @ 5,11,13,16}
1721. @ 5,12,16}
1722. @ 5,11,14,16}
1723. @ 5,11,14,16}
1724. @ 5,11,13,16}
1725. @ 5,12,16}
1726. @ 5,11,14,16}
1727. @ 5,11,14,16}
1728. @ 5,11,13,16}
1729. @ 5,12,16}
1730. @ 5,11,14,16}
1731. @ 5,11,14,16}
1732. @ 5,11,13,16}
1733. @ 5,12,16}
1734. @ 5,11,14,16}
1735. @ 5,11,14,16}
1736. @ 5,11,13,16}
1737. @ 5,12,16}
1738. @ 5,11,14,16}
1739. @ 5,11,14,16}
1740. @ 5,11,13,16}
1741. @ 5,12,16}
1742. @ 5,11,14,16}
1743. @ 5,11,14,16}
1744. @ 5,11,13,16}
1745. @ 5,12,16}
1746. @ 5,11,14,16}
1747. @ 5,11,14,16}
1748. @ 5,11,13,16}
1749. @ 5,12,16}
1750. @ 5,11,14,16}
1751. @ 5,11,14,16}
1752. @ 5,11,13,16}
1753. @ 5,12,16}
1754. @ 5,11,14,16}
1755. @ 5,11,14,16}
1756. @ 5,11,13,16}
1757. @ 5,12,16}
1758. @ 5,11,14,16}
1759. @ 5,11,14,16}
1760. @ 5,11,13,16}
1761. @ 5,12,16}
1762. @ 5,11,14,16}
1763. @ 5,11,14,16}
1764. @ 5,11,13,16}
1765. @ 5,12,16}
1766. @ 5,11,14,16}
1767. @ 5,11,14,16}
1768. @ 5,11,13,16}
1769. @ 5,12,16}
1770. @ 5,11,14,16}
1771. @ 5,11,14,16}
1772. @ 5,11,13,16}
1773. @ 5,12,16}
1774. @ 5,11,14,16}
1775. @ 5,11,14,16}
1776. @ 5,11,13,16}
1777. @ 5,12,16}
1778. @ 5,11,14,16}
1779. @ 5,11,14,16}
1780. @ 5,11,13,16}
1781. @ 5,12,16}
1782. @ 5,11,14,16}
1783. @ 5,11,14,16}
1784. @ 5,11,13,16}
1785. @ 5,12,16}
1786. @ 5,11,14,16}
1787. @ 5,11,14,16}
1788. @ 5,11,13,16}
1789. @ 5,12,16}
1790. @ 5,11,14,16}
1791. @ 5,11,14,16}
1792. @ 5,11,13,16}
1793. @ 5,12,16}
1794. @ 5,11,14,16}
1795. @ 5,11,14,16}
1796. @ 5,11,13,16}
1797. @ 5,12,16}
1798. @ 5,11,14,16}
1799. @ 5,11,14,16}
1800. @ 5,11,13,16}
1801. @ 5,12,16}
1802. @ 5,11,14,16}
1803. @ 5,11,14,16}
1804. @ 5,11,13,16}
1805. @ 5,12,16}
1806. @ 5,11,14,16}
1807. @ 5,11,14,16}
1808. @ 5,11,13,16}
1809. @ 5,12,16}
1810. @ 5,11,14,16}
1811. @ 5,11,14,16}
1812. @ 5,11,13,16}
1813. @ 5,12,16}
1814. @ 5,11,14,16}
1815. @ 5,11,14,16}
1816. @ 5,11,13,16}
1817. @ 5,12,16}
1818. @ 5,11,14,16}
1819. @ 5,11,14,16}
1820. @ 5,11,13,16}
1821. @ 5,12,16}
1822. @ 5,11,14,16}
1823. @ 5,11,14,16}
1824. @ 5,11,13,16}
1825. @ 5,12,16}
1826. @ 5,11,14,16}
1827. @ 5,11,14,16}
1828. @ 5,11,13,16}
1829. @ 5,12,16}
1830. @ 5,11,14,16}
1831. @ 5,11,14,16}
1832. @ 5,11,13,16}
1833. @ 5,12,16}
1834. @ 5,11,14,16}
1835. @ 5,11,14,16}
1836. @ 5,11,13,16}
1837. @ 5,12,16}
1838. @ 5,11,14,16}
1839. @ 5,11,14,16}
1840. @ 5,11,13,16}
1841. @ 5,12,16}
1842. @ 5,11,14,16}
1843. @ 5,11,14,16}
1844. @ 5,11,13,16}
1845. @ 5,12,16}
1846. @ 5,11,14,16}
1847. @ 5,11,14,16}
1848. @ 5,11,13,16}
1849. @ 5,12,16}
1850. @ 5,11,14,16}
1851. @ 5,11,14,16}
1852. @ 5,11,13,16}
1853. @ 5,12,16}
1854. @ 5,11,14,16}
1855. @ 5,11,14,16}
1856. @ 5,11,13,16}
1857. @ 5,12,16}
1858. @ 5,11,14,16}
1859. @ 5,11,14,16}
1860. @ 5,11,13,16}
1861. @ 5,12,16}
1862. @ 5,11,14,16}
1863. @ 5,11,14,16}
1864. @ 5,11,13,16}
1865. @ 5,12,16}
1866. @ 5,11,14,16}
1867. @ 5,11,14,16}
1868. @ 5,11,13,16}
1869. @ 5,12,16}
1870. @ 5,11,14,16}
1871. @ 5,11,14,16}
1872. @ 5,11,13,16}
1873. @ 5,12,16}
1874. @ 5,11,14,16}
1875. @ 5,11,14,16}
1876. @ 5,11,13,16}
1877. @ 5,12,16}
1878. @ 5,11,14,16}
1879. @ 5,11,14,16}
1880. @ 5,11,13,16}
1881. @ 5,12,16}
1882. @ 5,11,14,16}
1883. @ 5,11,14,16}
1884. @ 5,11,13,16}
1885. @ 5,12,16}
1886. @ 5,11,14,16}
1887. @ 5,11,14,16}
1888. @ 5,11,13,16}
1889. @ 5,12,16}
1890. @ 5,11,14,16}
1891. @ 5,11,14,16}
1892. @ 5,11,13,16}
1893. @ 5,12,16}
1894. @ 5,11,14,16}
1895. @ 5,11,14,16}
1896. @ 5,11,13,16}
1897. @ 5,12,16}
1898. @ 5,11,14,16}
1899. @ 5,11,14,16}
1900. @ 5,11,13,16}
1901. @ 5,12,16}
1902. @ 5,11,14,16}
1903. @ 5,11,14,16}
1904. @ 5,11,13,16}
1905. @ 5,12,16}
1906. @ 5,11,14,16}
1907. @ 5,11,14,16}
1908. @ 5,11,13,16}
1909. @ 5,12,16}
1910. @ 5,11,14,16}
1911. @ 5,11,14,16}
1912. @ 5,11,13,16}
1913. @ 5,12,16}
1914. @ 5,11,14,16}
1915. @ 5,11,14,16}
1916. @ 5,11,13,16}
1917. @ 5,12,16}
1918. @ 5,11,14,16}
1919. @ 5,11,14,16}
1920. @ 5,11,13,16}
1921. @ 5,12,16}
1922. @ 5,11,14,16}
1923. @ 5,11,14,16}
1924. @ 5,11,13,16}
1925. @ 5,12,16}
1926. @ 5,11,14,16}
1927. @ 5,11,14,16}
1928. @ 5,11,13,16}
1929. @ 5,12,16}
1930. @ 5,11,14,16}
1931. @ 5,11,14,16}
1932. @ 5,11,13,16}
1933. @ 5,12,16}
1934. @ 5,11,14,16}
1935. @ 5,11,14,16}
1936. @ 5,11,13,16}
1937. @ 5,12,16}
1938. @ 5,11,14,16}
1939. @ 5,11,14,16}
1940. @ 5,11,13,16}
1941. @ 5,12,16}
1942. @ 5,11,14,16}
1943. @ 5,11,14,16}
1944. @ 5,11,13,16}
1945. @ 5,12,16}
1946. @ 5,11,14,16}
1947. @ 5,11,14,16}
1948. @ 5,11,13,16}
1949. @ 5,12,16}
1950. @ 5,11,14,16}
1951. @ 5,11,14,16}
1952. @ 5,11,13,16}
1953. @ 5,12,16}
1954. @ 5,11,14,16}
1955. @ 5,11,14,16}
1956. @ 5,11,13,16}
1957. @ 5,12,16}
1958. @ 5,11,14,16}
1959. @ 5,11,14,16}
1960. @ 5,11,13,16}
1961. @ 5,12,16}
1962. @ 5,11,14,16}
1963. @ 5,11,14,16}
1964. @ 5,11,13,16}
1965. @ 5,12,16}
1966. @ 5,11,14,16}
1967. @ 5,11,14,16}
1968. @ 5,11,13,16}
1969. @ 5,12,16}
1970. @ 5,11,14,16}
1971. @ 5,11,14,16}
1972. @ 5,11,13,16}
1973. @ 5,12,16}
1974. @ 5,11,14,16}
1975. @ 5,11,14,16}
1976. @ 5,11,13,16}
1977. @ 5,12,16}
1978. @ 5,11,14,16}
1979. @ 5,11,14,16}
1980. @ 5,11,13,16}
1981. @ 5,12,16}
1982. @ 5,11,14,16}
1983. @ 5,11,14,16}
1984. @ 5,11,13,16}
1985. @ 5,12,16}
1986. @ 5,11,14,16}
1987. @ 5,11,14,16}
1988. @ 5,11,13,16}
1989. @ 5,12,16}
1990. @ 5,11,14,16}
1991. @ 5,11,14,16}
1992. @ 5,11,13,16}
1993. @ 5,12,16}
1994. @ 5,11,14,16}
1995. @ 5,11,14,16}
1996. @ 5,11,13,16}
1997. @ 5,12,16}
1998. @ 5,11,14,16}
1999. @ 5,11,14,16}
2000. @ 5,11,13,16}
2001. @ 5,12,16}
2002. @ 5,11,14,16}
2003. @ 5,11,14,16}
2004. @ 5,11,13,16}
2005. @ 5,12,16}
2006. @ 5,11,14,16}
2007. @ 5,11,14,16}
2008. @ 5,11,13,16}
2009. @ 5,12,16}
2010. @ 5,11,14,16}
2011. @ 5,11,14,16}
2012. @ 5,11,13,16}
2013. @ 5,12,16}
2014. @ 5,11,14,16}
2015. @ 5,11,14,16}
2016. @ 5,11,13,16}
2017. @ 5,12,16}
2018. @ 5,11,14,16}
2019. @ 5,11,14,16}
2020. @ 5,11,13,16}
2021. @ 5,12,16}
2022. @ 5,11,14,16}
2023. @ 5,11,14,16}
2024. @ 5,11,13,16}
2025. @ 5,12,16}
2026. @ 5,11,14,16}
2027. @ 5,11,14,16}
2028. @ 5,11,13,16}
2029. @ 5,12,16}
2030. @ 5,11,14,16}
2031. @ 5,11,14,16}
2032. @ 5,11,13,16}
2033. @ 5,12,16}
2034. @ 5,11,14,16}
2035. @ 5,11,14,16}
2036. @ 5,11,13,16}
2037. @ 5,12,16}
2038. @ 5,11,14,16}
2039. @ 5,11,14,16}
2040. @ 5,11,13,16}
2041. @ 5,12,16}
2042. @ 5,11,14,16}
2043. @ 5,11,14,16}
2044. @ 5,11,13,16}
2045. @ 5,12,16}
2046. @ 5,11,14,16}
2047. @ 5,11,14,16}
2048. @ 5,11,13,16}
2049. @ 5,12,16}
2050. @ 5,11,14,16}
2051. @ 5,11,14,16}
2052. @ 5,11,13,16}
2053. @ 5,12,16}
2054. @ 5,11,14,16}
2055. @ 5,11,14,16}
2056. @ 5,11,13,16}
2057. @ 5,12,16}
2058. @ 5,11,14,16}
2059. @ 5,11,14,16}
2060. @ 5,11,13,16}
2061. @ 5,12,16}
2062. @ 5,11,14,16}
2063. @ 5,11,14,16}
2064. @ 5,11,13,16}
2065. @ 5,12,16}
2066. @ 5,11,14,16}
2067. @ 5,11,14,16}
2068. @ 5,11,13,16}
2069. @ 5,12,16}
2070. @ 5,11,14,16}
2071. @ 5,11,14,16}
2072. @ 5,11,13,16}
2073. @ 5,12,16}
2074. @ 5,11,14,16}
2075. @ 5,11,14,16}
2076. @ 5,11,13,16}
2077. @ 5,12,16}
2078. @ 5,11,14,16}
2079. @ 5,11,14,16}
2080. @ 5,11,13,16}
2081. @ 5,12,16}
2082. @ 5,11,14,16}
2083. @ 5,11,14,16}
2084. @ 5,11,13,16}
2085. @ 5,12,16}
2086. @ 5,11,14,16}
2087. @ 5,11,14,16}
2088. @ 5,11,13,16}
2089. @ 5,12,16}
2090. @ 5,11,14,16}
2091. @ 5,11,14,16}
2092. @ 5,11,13,16}
2093. @ 5,12,16}
2094. @ 5,11,14,16}
2095. @ 5,11,14,16}
2096. @ 5,11,13,16}
2097. @ 5,12,16}
2098. @ 5,11,14,16}
2099. @ 5,11,14,16}
2100. @ 5,11,13,16}
2101. @ 5,12,16}
2102. @ 5,11,14,16}
2103. @ 5,11,14,16}
2104. @ 5,11,13,16}
2105. @ 5,12,16}
2106. @ 5,11,14,16}
2107. @ 5,11,14,16}
2108. @ 5,11,13,16}
2109. @ 5,12,16}
2110. @ 5,11,14,16}
2111. @ 5,11,14,16}
2112. @ 5,11,13,16}
2113. @ 5,12,16}
2114. @ 5,11,14,16}
2115. @ 5,11,14,16}
2116. @ 5,11,13,16}
2117. @ 5,12,16}
2118. @ 5,11,14,16}
2119. @ 5,11,14,16}
2120. @ 5,11,13,16}
2121. @ 5,12,16}
2122. @ 5,11,14,16}
2123. @ 5,11,14,16}
2124. @ 5,11,13,16}
2125. @ 5,12,16}
2126. @ 5,11,14,16}
2127. @ 5,11,14,16}
2128. @ 5,11,13,16}
2129. @ 5,12,16}
2130. @ 5,11,14,16}
2131. @ 5,11,14,16}
2132. @ 5,11,13,16}
2133. @ 5,12,16}
2134. @ 5,11,14,16}
2135. @ 5,11,14,16}
2136. @ 5,11,13,16}
2137. @ 5,12,16}
2138. @ 5,11,14,16}
2139. @ 5,11,14,16}
2140. @ 5,11,13,16}
2141. @ 5,12,16}
2142. @ 5,11,14,16}
2143. @ 5,11,14,16}
2144. @ 5,11,13,16}
2145. @ 5,12,16}
2146. @ 5,11,14,16}
2147. @ 5,11,14,16}
2148. @ 5,11,13,16}
2149. @ 5,12,16}
2150. @ 5,11,14,16}
2151. @ 5,11,14,16}
2152. @ 5,11,13,16}
2153. @ 5,12,16}
2154. @ 5,11,14,16}
2155. @ 5,11,14,16}
2156. @ 5,11,13,16}
2157. @ 5,12,16}
2158. @ 5,11,14,16}
2159. @ 5,11,14,16}
2160. @ 5,11,13,16}
2161. @ 5,12,16}
2162. @ 5,11,14,16}
2163. @ 5,11,14,16}
2164. @ 5,11,13,16}
2165. @ 5,12,16}
2166. @ 5,11,14,16}
2167. @ 5,11,14,16}
2168. @ 5,11,13,16}
2169. @ 5,12,16}
2170. @ 5,11,14,16}
2171. @ 5,11,14,16}
2172. @ 5,11,13,16}
2173. @ 5,12,16}
2174. @ 5,11,14,16}
2175. @ 5,11,14,16}
2176. @ 5,11,13,16}
2177. @ 5,12,16}
2178. @ 5,11,14,16}
2179. @ 5,11,14,16}
2180. @ 5,11,13,16}
2181. @ 5,12,16}
2182. @ 5,11,14,16}
2183. @ 5,11,14,16}
2184. @ 5,11,13,16}
2185. @ 5,12,16}
2186. @ 5,11,14,16}
2187. @ 5,11,14,16}
2188. @ 5,11,13,16}
2189. @ 5,12,16}
2190. @ 5,11,14,16}
2191. @ 5,11,14,16}
2192. @ 5,11,13,16}
2193. @ 5,12,16}
2194. @ 5,11,14,16}
2195. @ 5,11,14,16}
2196. @ 5,11,13,16}
2197. @ 5,12,16}
2198. @ 5,11,14,16}
2199. @ 5,11,14,16}
2200. @ 5,11,13,16}
2201. @ 5,12,16}
2202. @ 5,11,14,16}
2203. @ 5,11,14,16}
2204. @ 5,11,13,16}
2205. @ 5,12,16}
2206. @ 5,11,14,16}
2207. @ 5,11,14,16}
2208. @ 5,11,13,16}
2209. @ 5,12,16}
2210. @ 5,11,14,16}
2211. @ 5,11,14,16}
2212. @ 5,11,13,16}
2213. @ 5,12,16}
2214. @ 5,11,14,16}
2215. @ 5,11,14,16}
2216. @ 5,11,13,16}
2217. @ 5,12,16}
2218. @ 5,11,14,16}
2219. @ 5,11,14,16}
2220. @ 5,11,13,16}
2221. @ 5,12,16}
2222. @ 5,11,14,16}
2223. @ 5,11,14,16}
2224. @ 5,11,13,16}
2225. @ 5,12,16}
2226. @ 5,11,14,16}
2227. @ 5,11,14,16}
2228. @ 5,11,13,16}
2229. @ 5,12,16}
2230. @ 5,11,14,16}
2231. @ 5,11,14,16}
2232. @ 5,11,13,16}
2233. @ 5,12,16}
2234. @ 5,11,14,16}
2235. @ 5,11,14,16}
2236. @ 5,11,13,16}
2237. @ 5,12,16}
2238. @ 5,11,14,16}
2239. @ 5,11,14,16}
2240. @ 5,11,13,16}
2241. @ 5,12,16}
2242. @ 5,11,14,16}
2243. @ 5,11,14,16}
2244. @ 5,11,13,16}
2245. @ 5,12,16}
2246. @ 5,11,14,16}
2247. @ 5,11,14,16}
2248. @ 5,11,13,16}
2249. @ 5,12,16}
2250. @ 5,11,14,16}
2251. @ 5,11,14,16}
2252. @ 5,11,13,16}
2253. @ 5,12,16}
2254. @ 5,11,14,16}
2255. @ 5,11,14,16}
2256. @ 5,11,13,16}
2257. @ 5,12,16}
2258. @ 5,11,14,16}
2259. @ 5,11,14,16}
2260. @ 5,11,13,16}
2261. @ 5,12,16}
2262. @ 5,11,14,16}
2263. @ 5,11,14,16}
2264. @ 5,11,13,16}
2265. @ 5,12,16}
2266. @ 5,11,14,16}
2267. @ 5,11,14,16}
2268. @ 5,11,13,16}
2269. @ 5,12,16}
2270. @ 5,11,14,16}
2271. @ 5,11,14,16}
2272. @ 5,11,13,16}
2273. @ 5,12,16}
2274. @ 5,11,14,16}
2275. @ 5,11,14,16}
2276. @ 5,11,13,16}
2277. @ 5,12,16}
2278. @ 5,11,14,16}
2279. @ 5,11,14,16}
2280. @ 5,11,13,16}
2281. @ 5,12,16}
2282. @ 5,11,14,16}
2283. @ 5,11,14,16}
2284. @ 5,11,13,16}
2285. @ 5,12,16}
2286. @ 5,11,14,16}
2287. @ 5,11,14,16}
2288. @ 5,11,13,16}
2289. @ 5,12,16}
2290. @ 5,11,14,16}
2291. @ 5,11,14,16}
2292. @ 5,11,13,16}
2293. @ 5,12,16}
2294. @ 5,11,14,16}
2295. @ 5,11,14,16}
2296. @ 5,11,13,16}
2297. @ 5,12,16}
2298. @ 5,11,14,16}
2299. @ 5,11,14,16}
2300. @ 5,11,13,16}
2301. @ 5,12,16}
2302. @ 5,11,14,16}
2303. @ 5,11,14,16}
2304. @ 5,11,13,16}
2305. @ 5,12,16}
2306. @ 5,11,14,16}
2307. @ 5,11,14,16}
2308. @ 5,11,13,16}
2309. @ 5,12,16}
2310. @ 5,11,14,16}
2311. @ 5,11,14,16}
2312. @ 5,11,13,16}
2313. @ 5,12,16}
2314. @ 5,11,14,16}
2315. @ 5,11,14,16}
2316. @ 5,11,13,16}
2317. @ 5,12,16}
2318. @ 5,11,14,16}
2319. @ 5,11,14,16}
2320. @ 5,11,13,16}
2321. @ 5,12,16}
2322. @ 5,11,14,16}
2323. @ 5,11,14,16}
2324. @ 5,11,13,16}
2325. @ 5,12,16}
2326. @ 5,11,14,16}
2327. @ 5,11,14,16}
2328. @ 5,11,13,16}
2329. @ 5,12,16}
2330. @ 5,11,14,16}
2331. @ 5,11,14,16}
2332. @ 5,11,13,16}
2333. @ 5,12,16}
2334. @ 5,11,14,16}
2335. @ 5,11,14,16}
2336. @ 5,11,13,16}
2337. @ 5,12,16}
2338. @ 5,11,14,16}
2339. @ 5,11,14,16}
2340. @ 5,11,13,16}
2341. @ 5,12,16}
2342. @ 5,11,14,16}
2343. @ 5,11,14,16}
2344. @ 5,11,13,16}
2345. @ 5,12,16}
2346. @ 5,11,14,16}
2347. @ 5,11,14,16}
2348. @ 5,11,13,16}
2349. @ 5,12,16}
2350. @ 5,11,14,16}
2351. @ 5,11,14,16}
2352. @ 5,11,13,16}
2353. @ 5,12,16}
2354. @ 5,11,14,16}
2355. @ 5,11,14,16}
2356. @ 5,11,13,16}
2357. @ 5,12,16}
2358. @ 5,11,14,16}
2359. @ 5,11,14,16}
2360. @ 5,11,13,16}
2361. @ 5,12,16}
2362. @ 5,11,14,16}
2363. @ 5,11,14,16}
2364. @ 5,11,13,16}
2365. @ 5,12,16}
2366. @ 5,11,14,16}
2367. @ 5,11,14,16}
2368. @ 5,11,13,16}
2369. @ 5,12,16}
2370. @ 5,11,14,16}
2371. @ 5,11,14,16}
2372. @ 5,11,13,16}
2373. @ 5,12,16}
2374. @ 5,11,14,16}
2375. @ 5,11,14,16}
2376. @ 5,11,13,16}
2377. @ 5,12,16}
2378. @ 5,11,14,16}
2379. @ 5,11,14,16}
2380. @ 5,11,13,16}
2381. @ 5,12,16}
2382. @ 5,11,14,16}
2383. @ 5,11,14,16}
2384. @ 5,11,13,16}
2385. @ 5,12,16}
2386. @ 5,11,14,16}
2387. @ 5,11,14,16}
2388. @ 5,11,13,16}
2389. @ 5,12,16}
2390. @ 5,11,14,16}
2391. @ 5,11,14,16}
2392. @ 5,11,13,16}
2393. @ 5,12,16}
2394. @ 5,11,14,16}
2395. @ 5,11,14,16}
2396. @ 5,11,13,16}
2397. @ 5,12,16}
2398. @ 5,11,14,16}
2399. @ 5,11,14,16}
2400. @ 5,11,13,16}
2401. @ 5,12,16}
2402. @ 5,11,14,16}
2403. @ 5,11,14,16}
2404. @ 5,11,13,16}
2405. @ 5,12,16}
2406. @ 5,11,14,16}
2407. @ 5,11,14,16}
2408. @ 5,11,13,16}
2409. @ 5,12,16}
2410. @ 5,11,14,16}
2411. @ 5,11,14,16}
2412. @ 5,11,13,16}
2413. @ 5,12,16}
2414. @ 5,11,14,16}
2415. @ 5,11,14,16}
2416. @ 5,11,13,16}
2417. @ 5,12,16}
2418. @ 5,11,14,16}
2419. @ 5,11,14,16}
2420. @ 5,11,13,16}
2421. @ 5,12,16}
2422. @ 5,11,14,16}
2423. @ 5,11,14,16}
2424. @ 5,11,13,16}
2425. @ 5,12,16}
2426. @ 5,11,14,16}
2427. @ 5,11,14,16}
2428. @ 5,11,13,16}
2429. @ 5,12,16}
2430. @ 5,11,14,16}
2431. @ 5,11,14,16}
2432. @ 5,11,13,16}
2433. @ 5,12,16}
2434. @ 5,11,14,16}
2435. @ 5,11,14,16}
2436. @ 5,11,13,16}
2437. @ 5,12,16}
2438. @ 5,11,14,16}
2439. @ 5,11,14,16}
2440. @ 5,11,13,16}
2441. @ 5,12,16}
2442. @ 5,11,14,16}
2443. @ 5,11,14,16}
2444. @ 5,11,13,16}
2445. @ 5,12,16}
2446. @ 5,11,14,16}
2447. @ 5,11,14,16}
2448. @ 5,11,13,16}
2449. @ 5,12,16}
2450. @ 5,11,14,16}
2451. @ 5,11,14,16}
2452. @ 5,11,13,16}
2453. @ 5,12,16}
2454. @ 5,11,14,16}
2455. @ 5,11,14,16}
2456. @ 5,11,13,16}
2457. @ 5,12,16}
2458. @ 5,11,14,16}
2459. @ 5,11,14,16}
2460. @ 5,11,13,16}
2461. @ 5,12,16}
2462. @ 5,11,14,16}
2463. @ 5,11,14,16}
2464. @ 5,11,13,16}
2465. @ 5,12,16}
2466. @ 5,11,14,16}
2467. @ 5,11,14,16}
2468. @ 5,11,13,16}
2469. @ 5,12,16}
2470. @ 5,11,14,16}
2471. @ 5,11,14,16}
2472. @ 5,11,13,16}
2473. @ 5,12,16}
2474. @ 5,11,14,16}
2475. @ 5,11,14,16}
2476. @ 5,11,13,16}
2477. @ 5,12,16}
2478. @ 5,11,14,16}
2479. @ 5,11,14,16}
2480. @ 5,11,13,16}
2481. @ 5,12,16}
2482. @ 5,11,14,16}
2483. @ 5,11,14,16}
2484. @ 5,11,13,16}
2485. @ 5,12,16}
2486. @ 5,11,14,16}
2487. @ 5,11,14,16}
2488. @ 5,11,13,16}
2489. @ 5,12,16}
2490. @ 5,11,14,16}
2491. @ 5,11,14,16}
2492. @ 5,11,13,16}
2493. @ 5,12,16}
2494. @ 5,11,14,16}
2495. @ 5,11,14,16}
2496. @ 5,11,13,16}
2497. @ 5,12,16}
2498. @ 5,11,14,16}
2499. @ 5,11,14,16}
2500. @ 5,11,13,16}
2501. @ 5,12,16}
2502. @ 5,11,14,16}
2503. @ 5,11,14,16}
2504. @ 5,11,13,16}
2505. @ 5,12,16}
2506. @ 5,11,14,16}
2507. @ 5,11,14,16}
2508. @ 5,11,13,16}
2509. @ 5,12,16}
2510. @ 5,11,14,16}
2511. @ 5,11,14,16}
2512. @ 5,11,13,16}
2513. @ 5,12,16}
2514. @ 5,11,14,16}
2515. @ 5,11,14,16}
2516. @ 5,11,13,16}
2517. @ 5,12,16}
2518. @ 5,11,14,16}
2519. @ 5,11,14,16}
2520. @ 5,11,13,16}
2521. @ 5,12,16}
2522. @ 5,11,14,16}
2523. @ 5,11,14,16}
2524. @ 5,11,13,16}
2525. @ 5,12,16}
2526. @ 5,11,14,16}
2527. @ 5,11,14,16}
2528. @ 5,11,13,16}
2529. @ 5,12,16}
2530. @ 5,11,14,16}
2531. @ 5,11,14,16}
2532. @ 5,11,13,16}
2533. @ 5,12,16}
2534. @ 5,11,14,16}
2535. @ 5,11,14,16}
2536. @ 5,11,13,16}
2537. @ 5,12,16}
2538. @ 5,11,14,16}
2539. @ 5,11,14,16}
2540. @ 5,11,13,16}
2541. @ 5,12,16}
2542. @ 5,11,14,16}
2543. @ 5,11,14,16}
2544. @ 5,11,13,16}
2545. @ 5,12,16}
2546. @ 5,11,14,16}
2547. @ 5,11,14,16}
2548. @ 5,11,13,16}
2549. @ 5,12,16}
2550. @ 5,11,14,16}
2551. @ 5,11,14,16}
2552. @ 5,11,13,16}
2553. @ 5,12,16}
2554. @ 5,11,14,16}
2555. @ 5,11,14,16}
2556. @ 5,11,13,16}
2557. @ 5,12,16}
2558. @ 5,11,14,16}
2559. @ 5,11,14,16}
2560. @ 5,11,13,16}
2561. @ 5,12,16}
2562. @ 5,11,14,16}
2563. @ 5,11,14,16}
2564. @ 5,11,13,16}
2565. @ 5,12,16}
2566. @ 5,11,14,16}
2567. @ 5,11,14,16}
2568. @ 5,11,13,16}
2569. @ 5,12,16}
2570. @ 5,11,14,16}
2571. @ 5,11,14,16}
2572. @ 5,11,13,16}
2573. @ 5,12,16}
2574. @ 5,11,14,16}
2575. @ 5,11,14,16}
2576. @ 5,11,13,16}
2577. @ 5,12,16}
2578. @ 5,11,14,16}
2579. @ 5,11,14,16}
2580. @ 5,11,13,16}
2581. @ 5,12,16}
2582. @ 5,11,14,16}
2583. @ 5,11,14,16}
2584. @ 5,11,13,16}
2585. @ 5,12,16}
2586. @ 5,11,14,16}
2587. @ 5,11,14,16}
2588. @ 5,11,13,16}
2589. @ 5,12,16}
2590. @ 5,11,14,16}
2591. @ 5,11,14,16}
2592. @ 5,11,13,16}
2593. @ 5,12,16}
2594. @ 5,11,14,16}
2595. @ 5,11,14,16}
2596. @ 5,11,13,16}
2597. @ 5,12,16}
2598. @ 5,11,14,16}
2599. @ 5,11,14,16}
2600. @ 5,11,13,16}
2601. @ 5,12,16}
2602. @ 5,11,14,16}
2603. @ 5,11,14,16}
2604. @ 5,11,13,16}
2605. @ 5,12,16}
2606. @ 5,11,14,16}
2607. @ 5,11,14,16}
2608. @ 5,11,13,16}
2609. @ 5,12,16}
2610. @ 5,11,14,16}
2611. @ 5,11,14,16}
2612. @ 5,11,13,16}
2613. @ 5,12,16}
2614. @ 5,11,14,16}
2615. @ 5,11,14,16}
2616. @ 5,11,13,16}
2617. @ 5,12,16}
2618. @ 5,11,14,16}
2619. @ 5,11,14,16}
2620. @ 5,11,13,16}
2621. @ 5,12,16}
2622. @ 5,11,14,16}
2623. @ 5,11,14,16}
2624. @ 5,11,13,16}
2625. @ 5,12,16}
2626. @ 5,11,14,16}
2627. @ 5,11,14,16}
2628. @ 5,11,13,16}
2629. @ 5,12,16}
2630. @ 5,11,14,16}
2631. @ 5,11,14,16}
2632. @ 5,11,13,16}
2633. @ 5,12,16}
2634. @ 5,11,14,16}
2635. @ 5,11,14,16}
2636. @ 5,11,13,16}
2637. @ 5,12,16}
2638. @ 5,11,14,16}
2639. @ 5,11,14,16}
2640. @ 5,11,13,16}
2641. @ 5,12,16}
2642. @ 5,11,14,16}
2643. @ 5,11,14,16}
2644. @ 5,11,13,16}
2645. @ 5,12,16}
2646. @ 5,11,14,16}
2647. @ 5,11,14,16}
2648. @ 5,11,13,16}
2649. @ 5,12,16}
2650. @ 5,11,14,16}
2651. @ 5,11,14,16}
2652. @ 5,11,13,16}
2653. @ 5,12,16}
2654. @ 5,11,14,16}
2655. @ 5,11,14,16}
2656. @ 5,11,13,16}
2657. @ 5,12,16}
2658. @ 5,11,14,16}
2659. @ 5,11,14,16}
2660. @ 5,11,13,16}
2661. @ 5,12,16}
2662. @ 5,11,14,16}
2663. @ 5,11,14,16}
2664. @ 5,11,13,16}
2665. @ 5,12,16}
2666. @ 5,11,14,16}
2667. @ 5,11,14,16}
2668. @ 5,11,13,16}
2669. @ 5,12,16}
2670. @ 5,11,14,16}
2671. @ 5,11,14,16}
2672. @ 5,11,13,16}
2673. @ 5,12,16}
2674. @ 5,11,14,16}
2675. @ 5,11,14,16}
2676. @ 5,11,13,16}
2677. @ 5,12,16}
2678. @ 5,11,14,16}
2679. @ 5,11,14,16}
2680. @ 5,11,13,16}
2681. @ 5,12,16}
2682. @ 5,11,14,16}
2683. @ 5,11,14,16}
2684. @ 5,11,13,16}
2685. @ 5,12,16}
2686. @ 5,11,14,16}
2687. @ 5,11,14,16}
2688. @ 5,11,13,16}
2689. @ 5,12,16}
2690. @ 5,11,14,16}
2691. @ 5,11,14,16}
2692. @ 5,11,13,16}
2693. @ 5,12,16}
2694. @ 5,11,14,16}
2695. @ 5,11,14,16}
2696. @ 5,11,13,16}
2697. @ 5,12,16}
2698. @ 5,11,14,16}
2699. @ 5,11,14,16}
2700. @ 5,11,13,16}
2701. @ 5,12,16}
2702. @ 5,11,14,16}
2703. @ 5,11,14,16}
2704. @ 5,11,13,16}
2705. @ 5,12,16}
2706. @ 5,11,14,16}
2707. @ 5,11,14,16}
2708. @ 5,11,13,16}
2709. @ 5,12,16}
2710. @ 5,11,14,16}
2711. @ 5,11,14,16}
2712. @ 5,11,13,16}
2713. @ 5,12,16}
2714. @ 5,11,14,16}
2715. @ 5,11,14,16}
2716. @ 5,11,13,16}
2717. @ 5,12,16}
2718. @ 5,11,14,16}
2719. @ 5,11,14,16}
2720. @ 5,11,13,16}
2721. @ 5,12,16}
2722. @ 5,11,14,16}
2723. @ 5,11,14,16}
2724. @ 5,11,13,16}
2725. @ 5,12,16}
2726. @ 5,11,14,16}
2727. @ 5,11,14,16}
2728. @ 5,11,13,16}
2729. @ 5,12,16}
2730. @ 5,11,14,16}
2731. @ 5,11,14,16}
2732. @ 5,11,13,16}
2733. @ 5,12,16}
2734. @ 5,11,14,16}
2735. @ 5,11,14,16}
2736. @ 5,11,13,16}
2737. @ 5,12,16}
2738. @ 5,11,14,16}
2739. @ 5,11,14,16}
2740. @ 5,11,13,16}
2741. @ 5,12,16}
2742. @ 5,11,14,16}
2743. @ 5,11,14,16}
2744. @ 5,11,13,16}
2745. @ 5,12,16}
2746. @ 5,11,14,16}
2747. @ 5,11,14,16}
2748. @ 5,11,13,16}
2749. @ 5,12,16}
2750. @ 5,11,14,16}
2751. @ 5,11,14,16}
2752. @ 5,11,13,16}
2753. @ 5,12,16}
2754. @ 5,11,14,16}
2755. @ 5,11,14,16}
2756. @ 5,11,13,16}
2757. @ 5,12,16}
2758. @ 5,11,14,16}
2759. @ 5,11,14,16}
2760. @ 5,11,13,16}
2761. @ 5,12,16}
2762. @ 5,11,14,16}
2763. @ 5,11,14,16}
2764. @ 5,11,13,16}
2765. @ 5,12,16}
2766. @ 5,11,14,16}
2767. @ 5,11,14,16}
2768. @ 5,11,13,16}
2769. @ 5,12,16}
2770. @ 5,11,14,16}
2771. @ 5,11,14,16}
2772. @ 5,11,13,16}
2773. @ 5,12,16}
2774. @ 5,11,14,16}
2775. @ 5,11,14,16}
2776. @ 5,11,13,16}
2777. @ 5,12,16}
2778. @ 5,11,14,16}
2779. @ 5,11,14,16}
2780. @ 5,11,13,16}
2781. @ 5,12,16}
2782. @ 5,11,14,16}
2783. @ 5,11,14,16}
2784. @ 5,11,13,16}
2785. @ 5,12,16}
2786. @ 5,11,14,16}
2787. @ 5,11,14,16}
2788. @ 5,11,13,16}
2789. @ 5,12,16}
2790. @ 5,11,14,16}
2791. @ 5,11,14,16}
2792. @ 5,11,13,16}
2793. @ 5,12,16}
2794. @ 5,11,14,16}
2795. @ 5,11,14,16}
2796. @ 5,11,13,16}
2797. @ 5,12,16}
2798. @ 5,11,14,16}
2799. @ 5,11,14,16}
2800. @ 5,11,13,16}
2801. @ 5,12,16}
2802. @ 5,11,14,16}
2803. @ 5,11,14,16}
2804. @ 5,11,13,16}
2805. @ 5,12,16}
2806. @ 5,11,14,16}
2807. @ 5,11,14,16}
2808. @ 5,11,13,16}
2809. @ 5,12,16}
2810. @ 5,11,14,16}
2811. @ 5,11,14,16}
2812. @ 5,11,13,16}
2813. @ 5,12,16}
2814. @ 5,11,14,16}
2815. @ 5,11,14,16}
2816. @ 5,11,13,16}
2817. @ 5,12,16}
2818. @ 5,11,14,16}
2819. @ 5,11,14,16}
2820. @ 5,11,13,16}
2821. @ 5,12,16}
2822. @ 5,11,14,16}
2823. @ 5,11,14,16}
2824. @ 5,11,13,16}
2825. @ 5,12,16}
2826. @ 5,11,14,16}
2827. @ 5,11,14,16}
2828. @ 5,11,13,16}
2829. @ 5,12,16}
2830. @ 5,11,14,16}
2831. @ 5,11,14,16}
2832. @ 5,11,13,16}
2833. @ 5,12,16}
2834. @ 5,11,14,16}
2835. @ 5,11,14,16}
2836. @ 5,11,13,16}
2837. @ 5,12,16}
2838. @ 5,11,14,16}
2839. @ 5,11,14,16}
2840. @ 5,11,13,16}
2841. @ 5,12,16}
2842. @ 5,11,14,16}
2843. @ 5,11,14,16}
2844. @ 5,11,13,16}
2845. @ 5,12,16}
2846. @ 5,11,14,16}
2847. @ 5,11,14,16}
2848. @ 5,11,13,16}
2849. @ 5,12,16}
2850. @ 5,11,14,16}
2851. @ 5,11,14,16}
2852. @ 5,11,13,16}
2853. @ 5,12,16}
2854. @ 5,11,14,16}
2855. @ 5,11,14,16}
2856. @ 5,11,13,16}
2857. @ 5,12,16}
2858. @ 5,11,14,16}
2859. @ 5,11,14,16}
2860. @ 5,11,13,16}
2861. @ 5,12,16}
2862. @ 5,11,14,16}
2863. @ 5,11,14,16}
2864. @ 5,11,13,16}
2865. @ 5,12,16}
2866. @ 5,11,14,16}
2867. @ 5,11,14,16}
2868. @ 5,11,13,16}
2869. @ 5,12,16}
2870. @ 5,11,14,16}
2871. @ 5,11,14,16}
2872. @ 5,11,13,16}
2873. @ 5,12,16}
2874. @ 5,11,14,16}
2875. @ 5,11,14,16}
2876. @ 5,11,13,16}
2877. @ 5,12,16}
2878. @ 5,11,14,16}
2879. @ 5,11,14,16}
2880. @ 5,11,13,16}
2881. @ 5,12,16}
2882. @ 5,11,14,16}
2883. @ 5,11,14,16}
2884. @ 5,11,13,16}
2885. @ 5,12,16}
2886. @ 5,11,14,16}
2887. @ 5,11,14,16}
2888. @ 5,11,13,16}
2889. @ 5,12,16}
2890. @ 5,11,14,16}
2891. @ 5,11,14,16}
2892. @ 5,11,13,16}
2893. @ 5,12,16}
2894. @ 5,11,14,16}
2895. @ 5,11,14,16}
2896. @ 5,11,13,16}
2897. @ 5,12,16}
2898. @ 5,11,14,16}
2899. @ 5,11,14,16}
2900. @ 5,11,13,16}
2901. @ 5,12,16}
2902. @ 5,11,14,16}
2903. @ 5,11,14,16}
2904. @ 5,11,13,16}
2905. @ 5,12,16}
2906. @ 5,11,14,16}
2907. @ 5,11,14,16}
2908. @ 5,11,13,16}
2909. @ 5,12,16}
2910. @ 5,11,14,16}
2911. @ 5,11,14,16}
2912. @ 5,11,13,16}
2913. @ 5,12,16}
2914. @ 5,11,14,16}
2915. @ 5,11,14,16}
2916. @ 5,11,13,16}
2917. @ 5,12,16}
2918. @ 5,11,14,16}
2919. @ 5,11,14,16}
2920. @ 5,11,13,16}
2921. @ 5,12,16}
2922. @ 5,11,14,16}
2923. @ 5,11,14,16}
2924. @ 5,11,13,16}
2925. @ 5,12,16}
2926. @ 5,11,14,16}
2927. @ 5,11,14,16}
2928. @ 5,11,13,16}
2929. @ 5,12,16}
2930. @ 5,11,14,16}
2931. @ 5,11,14,16}
2932. @ 5,11,13,16}
2933. @ 5,12,16}
2934. @ 5,11,14,16}
2935. @ 5,11,14,16}
2936. @ 5,11,13,16}
2937. @ 5,12,16}
2938. @ 5,11,14,16}
2939. @ 5,11,14,16}
2940. @ 5,11,13,16}
2941. @ 5,12,16}
2942. @ 5,11,14,16}
2943. @ 5,11,14,16}
2944. @ 5,11,13,16}
2945. @ 5,12,16}
2946. @ 5,11,14,16}
2947. @ 5,11,14,16}
2948. @ 5,11,13,16}
2949. @ 5,12,16}
2950. @ 5,11,14,16}
2951. @ 5,11,14,16}
2952. @ 5,11,13,16}
2953. @ 5,12,16}
2954. @ 5,11,14,16}
2955. @ 5,11,14,16}
2956. @ 5,11,13,16}
2957. @ 5,12,16}
2958. @ 5,11,14,16}
2959. @ 5,11,14,16}
2960. @ 5,11,13,16}
2961. @ 5,12,16}
2962. @ 5,11,14,16}
2963. @ 5,11,14,16}
2964. @ 5,11,13,16}
2965. @ 5,12,16}
2966. @ 5,11,14,16}
2967. @ 5,11,14,16}
2968. @ 5,11,13,16}
2969. @ 5,12,16}
2970. @ 5,11,14,16}
2971. @ 5,11,14,16}
2972. @ 5,11,13,16}
2973. @ 5,12,16}
2974. @ 5,11,14,16}
2975. @ 5,11,14,16}
2976. @ 5,11,13,16}
2977. @ 5,12,16}
2978. @ 5,11,14,16}
2979. @ 5,11,14,16}
2980. @ 5,11,13,16}
2981. @ 5,12,16}
2982. @ 5,11,14,16}
2983. @ 5,11,14,16}
2984. @ 5,11,13,16}
2985. @ 5,12,16}
2986. @ 5,11,14,16}
2987. @ 5,11,14,16}
2988. @ 5,11,13,16}
2989. @ 5,12,16}
2990. @ 5,11,14,16}
2991. @ 5,11,14,16}
2992. @ 5,11,13,16}
2993. @ 5,12,16}
2994. @ 5,11,14,16}
2995. @ 5,11,14,16}
2996. @ 5,11,13,16}
2997. @ 5,12,16}
2998. @ 5,11,14,16}
2999. @ 5,11,14,16}
3000. @ 5,11,13,16}
3001. @ 5,12,16}
3002. @ 5,11,14,16}
3003. @ 5,11,14,16}
3004. @ 5,11,13,16}
3005. @ 5,12,16}
3006. @ 5,11,14,16}
3007. @ 5,11,14,16}
3008. @ 5,11,13,16}
3009. @ 5,12,16}
3010. @ 5,11,14,16}
3011. @ 5,11,14,16}
3012. @ 5,11,13,16}
3013. @ 5,12,16}
3014. @ 5,11,14,16}
3015. @ 5,11,14,16}
3016. @ 5,11,13,16}
3017. @ 5,12,16}
3018. @ 5,11,14,16}
3019. @ 5,11,14,16}
3020. @ 5,11,13,16}
3021. @ 5,12,16}
3022. @ 5,11,14,16}
3023. @ 5,11,14,16}
3024. @ 5,11,13,16}
3025. @ 5,12,16}
3026. @ 5,11,14,16}
3027. @ 5,11,14,16}
3028. @ 5,11,13,16}
3029. @ 5,12,16}
3030. @ 5,11,14,16}
3031. @ 5,11,14,16}
3032. @ 5,11,13,16}
3033. @ 5,12,16}
3034. @ 5,11,14,16}
3035. @ 5,11,14,16}
3036. @ 5,11,13,16}
3037. @ 5,12,16}
3038. @ 5,11,14,16}
3039. @ 5,11,14,16}
3040. @ 5,11,13,16}
3041. @ 5,12,16}
3042. @ 5,11,14,16}
3043. @ 5,11,14,16}
3044. @ 5,11,13,16}
3045. @ 5,12,16}
3046. @ 5,11,14,16}
3047. @ 5,11,14,16}
3048. @ 5,11,13,16}
3049. @ 5,12,16}
3050. @ 5,11,14,16}
3051. @ 5,11,14,16}
3052. @ 5,11,13,16}
3053. @ 5,12,16}
3054. @ 5,11,14,16}
3055. @ 5,11,14,16}
3056. @ 5,11,13,16}
3057. @ 5,12,16}
3058. @ 5,11,14,16}
3059. @ 5,11,14,16}
3060. @ 5,11,13,16}
3061. @ 5,12,16}
3062. @ 5,11,14,16}
3063. @ 5,11,14,16}
3064. @ 5,11,13,16}
3065. @ 5,12,16}
3066. @ 5,11,14,16}
3067. @ 5,11,14,16}
3068. @ 5,11,13,16}
3069. @ 5,12,16}
3070. @ 5,11,14,16}
3071. @ 5,11,14,16}
3072. @ 5,11,13,16}
3073. @ 5,12,16}
3074. @ 5,11,14,16}
3075. @ 5,11,14,16}
3076. @ 5,11,13,16}
3077. @ 5,12,16}
3078. @ 5,11,14,16}
3079. @ 5,11,14,16}
3080. @ 5,11,13,16}
3081. @ 5,12,16}
3082. @ 5,11,14,16}
3083. @ 5,11,14,16}
3084. @ 5,11,13,16}
3085. @ 5,12,16}
3086. @ 5,11,14,16}
3087. @ 5,11,14,16}
3088. @ 5,11,13,16}
3089. @ 5,12,16}
3090. @ 5,11,14,16}
3091. @ 5,11,14,16}
3092. @ 5,11,13,16}
3093. @ 5,12,16}
3094. @ 5,11,14,16}
3095. @ 5,11,14,16}
3096. @ 5,11,13,16}
3097. @ 5,12,16}
3098. @ 5,11,14,16}
3099. @ 5,11,14,16}
3100. @ 5,11,13,16}
3101. @ 5,12,16}
3102. @ 5,11,14,16}
3103. @ 5,11,14,16}
3104. @ 5,11,13,16}
3105. @ 5,12,16}
3106. @ 5,11,14,16}
3107. @ 5,11,14,16}
3108. @ 5,11,13,16}
3109. @ 5,12,16}
3110. @ 5,11,14,16}
3111. @ 5,11,14,16}
3112. @ 5,11,13,16}
3113. @ 5,12,16}
3114. @ 5,11,14,16}
3115. @ 5,11,14,16}
3116. @ 5,11,13,16}
3117. @ 5,12,16}
3118. @ 5,11,14,16}
3119. @ 5,11,14,16}
3120. @ 5,11,13,16}
3121. @ 5,12,16}
3122. @ 5,11,14,16}
3123. @ 5,11,14,16}
3124. @ 5,11,13,16}
3125. @ 5,12,16}
3126. @ 5,11,14,16}
3127. @ 5,11,14,16}
3128. @ 5,11,13,16}
3129. @ 5,12,16}
3130. @ 5,11,14,16}
3131. @ 5,11,14,16}
3132. @ 5,11,13,16}
3133. @ 5,12,16}
3134. @ 5,11,14,16}
3135. @ 5,11,14,16}
3136. @ 5,11,13,16}
3137. @ 5,12,16}
3138. @ 5,11,14,16}
3139. @ 5,11,14,16}
3140. @ 5,11,13,16}
3141. @ 5,12,16}
3142. @ 5,11,14,16}
3143. @ 5,11,14,16}
3144. @ 5,11,13,16}
3145. @ 5,12,16}
3146. @ 5,11,14,16}
3147. @ 5,11,14,16}
3148. @ 5,11,13,16}
3149. @ 5,12,16}
3150. @ 5,11,14,16}
3151. @ 5,11,14,16}
3152. @ 5,11,13,16}
3153. @ 5,12,16}
3154. @ 5,11,14,16}
3155. @ 5,11,14,16}
3156. @ 5,11,13,16}
3157. @ 5,12,16}
3158. @ 5,11,14,16}
3159. @ 5,11,14,16}
3160. @ 5,11,13,16}
3161. @ 5,12,16}
3162. @ 5,11,14,16}
3163. @ 5,11,14,16}
3164. @ 5,11,13,16}
3165. @ 5,12,16}
3166. @ 5,11,14,16}
3167. @ 5,11,14,16}
3168. @ 5,11,13,16}
3169. @ 5,12,16}
3170. @ 5,11,14,16}
3171. @ 5,11,14,16}
3172. @ 5,11,13,16}
3173. @ 5,12,16}
3174. @ 5,11,14,16}
3175. @ 5,11,14,16}
3176. @ 5,11,13,16}
3177. @ 5,12,16}
3178. @ 5,11,14,16}
3179. @ 5,11,14,16}
3180. @ 5,11,13,16}
3181. @ 5,12,16}
3182. @ 5,11,14,16}
3183. @ 5,11,14,16}
3184. @ 5,11,13,16}
3185. @ 5,12,16}
3186. @ 5,11,14,16}
3187. @ 5,11,14,16}
3188. @ 5,11,13,16}
3189. @ 5,12,16}
3190. @ 5,11,14,16}
3191. @ 5,11,14,16}
3192. @ 5,11,13,16}
3193. @ 5,12,16}
3194. @ 5,11,14,16}
3195. @ 5,11,14,16}
3196. @ 5,11,13,16}
3197. @ 5,12,16}
3198. @ 5,11,14,16}
3199. @ 5,11,14,16}
3200. @ 5,11,13,16}
3201. @ 5,12,16}
3202. @ 5,11,14,16}
3203. @ 5,11,14,16}
3204. @ 5,11,13,16}
3205. @ 5,12,16}
3206. @ 5,11,14,16}
3207. @ 5,11,14,16}
3208. @ 5,11,13,16}
3209. @ 5,12,16}
3210. @ 5,11,14,16}
3211. @ 5,11,14,16}
3212. @ 5,11,13,16}
3213. @ 5,12,16}
3214. @ 5,11,14,16}
3215. @ 5,11,14,16}
3216. @ 5,11,13,16}
3217. @ 5,12,16}
3218. @ 5,11,14,16}
3219. @ 5,11,14,16}
3220. @ 5,11,13,16}
3221. @ 5,12,16}
3222. @ 5,11,14,16}
3223. @ 5,11,14,16}
3224. @ 5,11,13,16}
3225. @ 5,12,16}
3226. @ 5,11,14,16}
3227. @ 5,11,14,16}
3228. @ 5,11,13,16}
3229. @ 5,12,16}
3230. @ 5,11,14,16}
3231. @ 5,11,14,16}
3232. @ 5,11,13,16}
3233. @ 5,12,16}
3234. @ 5,11,14,16}
3235. @ 5,11,14,16}
3236. @ 5,11,13,16}
3237. @ 5,12,16}
3238. @ 5,11,14,16}
3239. @ 5,11,14,16}
3240. @ 5,11,13,16}
3241. @ 5,12,16}
3242. @ 5,11,14,16}
3243. @ 5,11,14,16}
3244. @ 5,11,13,16}
3245. @ 5,12,16}
3246. @ 5,11,14,16}
3247. @ 5,11,14,16}
3248. @ 5,11,13,16}
3249. @ 5,12,16}
3250. @ 5,11,14,16}
3251. @ 5,11,14,16}
3252. @ 5,11,13,16}
3253. @ 5,12,16}
3254. @ 5,11,14,16}
3255. @ 5,11,14,16}
3256. @ 5,11,13,16}
3257. @ 5,12,16}
3258. @ 5,11,14,16}
3259. @ 5,11,14,16}
3260. @ 5,11,13,16}
3261. @ 5,12,16}
3262. @ 5,11,14,16}
3263. @ 5,11,14,16}
3264. @ 5,11,13,16}
3265. @ 5,12,16}
3266. @ 5,11,14,16}
3267. @ 5,11,14,16}
3268. @ 5,11,13,16}
3269. @ 5,12,16}
3270. @ 5,11,14,16}
3271. @ 5,11,14,16}
3272. @ 5,11,13,16}
3273. @ 5,12,16}
3274. @ 5,11,14,16}
3275. @ 5,11,14,16}
3276. @ 5,11,13,16}
3277. @ 5,12,16}
3278. @ 5,11,14,16}
3279. @ 5,11,14,16}
3280. @ 5,11,13,16}
3281. @ 5,12,16}
3282. @ 5,11,14,16}
3283. @ 5,11,14,16}
3284. @ 5,11,13,16}
3285. @ 5,12,16}
3286. @ 5,11,14,16}
3287. @ 5,11,14,16}
3288. @ 5,11,13,16}
3289. @ 5,12,16}
3290. @ 5,11,14,16}
3291. @ 5,11,14,16}
3292. @ 5,11,13,16}
3293. @ 5,12,16}
3294. @ 5,11,14,16}
3295. @ 5,11,14,16}
3296. @ 5,11,13,16}
3297. @ 5,12,16}
3298. @ 5,11,14,16}
3299. @ 5,11,14,16}
3300. @ 5,11,13,16}
3301. @ 5,12,16}
3302. @ 5,11,14,16}
3303. @ 5,11,14,16}
3304. @ 5,11,13,16}
3305. @ 5,12,16}
3306. @ 5,11,14,16}
3307. @ 5,11,14,16}
3308. @ 5,11,13,16}
3309. @ 5,12,16}
3310. @ 5,11,14,16}
3311. @ 5,11,14,16}
3312. @ 5,11,13,16}
3313. @ 5,12,16}
3314. @ 5,11,14,16}
3315. @ 5,11,14,16}
3316. @ 5,11,13,16}
3317. @ 5,12,16}
3318. @ 5,11,14,16}
3319. @ 5,11,14,16}
3320. @ 5,11,13,16}
3321. @ 5,12,16}
3322. @ 5,11,14,16}
3323. @ 5,11,14,16}
3324. @ 5,11,13,16}
3325. @ 5,12,16}
3326. @ 5,11,14,16}
3327. @ 5,11,14,16}
3328. @ 5,11,13,16}
3329. @ 5,12,16}
3330. @ 5,11,14,16}
3331. @ 5,11,14,16}
3332. @ 5,11,13,16}
3333. @ 5,12,16}
3334. @ 5,11,14,16}
3335. @ 5,11,14,16}
3336. @ 5,11,13,16}
3337. @ 5,12,16}
3338. @ 5,11,14,16}
3339. @ 5,11,14,16}
3340. @ 5,11,13,16}
3341. @ 5,12,16}
3342. @ 5,11,14,16}
3343. @ 5,11,14,16}
3344. @ 5,11,13,16}
3345. @ 5,12,16}
3346. @ 5,11,14,16}
3347. @ 5,11,14,16}
3348. @ 5,11,13,16}
3349. @ 5,12,16}
3350. @ 5,11,14,16}
3351. @ 5,11,14,16}
3352. @ 5,11,13,16}
3353. @ 5,12,16}
3354. @ 5,11,14,16}
3355. @ 5,11,14,16}
3356. @ 5,11,13,16}
3357. @ 5,12,16}
3358. @ 5,11,14,16}
3359. @ 5,11,14,16}
3360. @ 5,11,13,16}
3361. @ 5,12,16}
3362. @ 5,11,14,16}
3363. @ 5,11,14,16}
3364. @ 5,11,13,16}
3365. @ 5,12,16}
3366. @ 5,11,14,16}
3367. @ 5,11,14,16}
3368. @ 5,11,13,16}
3369. @ 5,12,16}
3370. @ 5,11,14,16}
3371. @ 5,11,14,16}
3372. @ 5,11,13,16}
3373. @ 5,12,16}
3374. @ 5,11,14,16}
3375. @ 5,11,14,16}
3376. @ 5,11,13,16}
3377. @ 5,12,16}
3378. @ 5,11,14,16}
3379. @ 5,11,14,16}
3380. @ 5,11,13,16}
3381. @ 5,12,16}
3382. @ 5,11,14,16}
3383. @ 5,11,14,16}
3384. @ 5,11,13,16}
3385. @ 5,12,16}
3386. @ 5,11,14,16}
3387. @ 5,11,14,16}
3388. @ 5,11,13,16}
3389. @ 5,12,16}
3390. @ 5,11,14,16}
3391. @ 5,11,14,16}
3392. @ 5,11,13,16}
3393. @ 5,12,16}
3394. @ 5,11,14,16}
3395. @ 5,11,14,16}
3396. @ 5,11,13,16}
3397. @ 5,12,16}
3398. @ 5,11,14,16}
3399. @ 5,11,14,16}
3400. @ 5,11,13,16}
3401. @ 5,12,16}
3402. @ 5,11,14,16}
3403. @ 5,11,14,16}
3404. @ 5,11,13,16}
3405. @ 5,12,16}
3406. @ 5,11,14,16}
3407. @ 5,11,14,16}
3408. @ 5,11,13,16}
3409. @ 5,12,16}
3410. @ 5,11,14,16}
3411. @ 5,11,14,16}
3412. @ 5,11,13,16}
3413. @ 5,12,16}
3414. @ 5,11,14,16}
3415. @ 5,11,14,16}
3416. @ 5,11,13,16}
3417. @ 5,12,16}
3418. @ 5,11,14,16}
3419. @ 5,11,14,16}
3420. @ 5,11,13,16}
3421. @ 5,12,16}
3422. @ 5,11,14,16}
3423. @ 5,11,14,16}
3424. @ 5,11,13,16}
3425. @ 5,12,16}
3426. @ 5,11,14,16}
3427. @ 5,11,14,16}
3428. @ 5,11,13,16}
3429. @ 5,12,16}
3430. @ 5,11,14,16}
3431. @ 5,11,14,16}
3432. @ 5,11,13,16}
3433. @ 5,12,16}
3434. @ 5,11,14,16}
3435. @ 5,11,14,16}
3436. @ 5,11,13,16}
3437. @ 5,12,16}
3438. @ 5,11,14,16}
3439. @ 5,11,14,16}
3440. @ 5,11,13,16}
3441. @ 5,12,16}
3442. @ 5,11,14,16}
3443. @ 5,11,14,16}
3444. @ 5,11,13,16}
3445. @ 5,12,16}
3446. @ 5,11,14,16}
3447. @ 5,11,14,16}
3448. @ 5,11,13,16}
3449. @ 5,12,16}
3450. @ 5,11,14,16}
3451. @ 5,11,14,16}
3452. @ 5,11,13,16}
3453. @ 5,12,16}
3454. @ 5,11,14,16}
3455. @ 5,11,14,16}
3456. @ 5,11,13,16}
3457. @ 5,12,16}
3458. @ 5,11,14,16}
3459. @ 5,11,14,16}
3460. @ 5,11,13,16}
3461. @ 5,12,16}
3462. @ 5,11,14,16}
3463. @ 5,11,14,16}
3464. @ 5,11,13,16}
3465. @ 5,12,16}
3466. @ 5,11,14,16}
3467. @ 5,11,14,16}
3468. @ 5,11,13,16}
3469. @ 5,12,16}
3470. @ 5,11,14,16}
3471. @ 5,11,14,16}
3472. @ 5,11,13,16}
3473. @ 5,12,16}
3474. @ 5,11,14,16}
3475. @ 5,11,14,16}
3476. @ 5,11,13,16}
3477. @ 5,12,16}
3478. @ 5,11,14,16}
3479. @ 5,11,14,16}
3480. @ 5,11,13,16}
3481. @ 5,12,16}
3482. @ 5,11,14,16}
3483. @ 5,11,14,16}
3484. @ 5,11,13,16}
3485. @ 5,12,16}
3486. @ 5,11,14,16}
3487. @ 5,11,14,16}
3488. @ 5,11,13,16}
3489. @ 5,12,16}
3490. @ 5,11,14,16}
3491. @ 5,11,14,16}
3492. @ 5,11,13,16}
3493. @ 5,12,16}
3494. @ 5,11,14,16}
3495. @ 5,11,14,16}
3496. @ 5,11,13,16}
3497. @ 5,12,16}
3498. @ 5,11,14,16}
3499. @ 5,11,14,16}
3500. @ 5,11,13,16}
3501. @ 5,12,16}
3502. @ 5,11,14,16}
3503. @ 5,11,14,16}
3504. @ 5,11,13,16}
3505. @ 5,12,16}
3506. @ 5,11,14,16}
3507. @ 5,11,14,16}
3508. @ 5,11,13,16}
3509. @ 5,12,16}
3510. @ 5,11,14,16}
3511. @ 5,11,14,16}
3512. @ 5,11,13,16}
3513. @ 5,12,16}
3514. @ 5,11,14,16}
3515. @ 5,11,14,16}
3516. @ 5,11,13,16}
3517. @ 5,12,16}
3518. @ 5,11,14,16}
3519. @ 5,11,14,16}
3520. @ 5,11,13,16}
3521. @ 5,12,16}
3522. @ 5,11,14,16}
3523. @ 5,11,14,16}
3524. @ 5,11,13,16}
3525. @ 5,12,16}
3526. @ 5,11,14,16}
3527. @ 5,11,14,16}
3528. @ 5,11,13,16}
3529. @ 5,12,16}
3530. @ 5,11,14,16}
3531. @ 5,11,14,16}
3532. @ 5,11,13,16}
3533. @ 5,12,16}
3534. @ 5,11,14,16}
3535. @ 5,11,14,16}
3536. @ 5,11,13,16}
3537. @ 5,12,16}
3538. @ 5,11,14,16}
3539. @ 5,11,14,16}
3540. @ 5,11,13,16}
3541. @ 5,12,16}
3542. @ 5,11,14,16}
3543. @ 5,11,14,16}
3544. @ 5,11,13,16}
3545. @ 5,12,16}
3546. @ 5,11,14,16}
3547. @ 5,11,14,16}
3548. @ 5,11,13,16}
3549. @ 5,12,16}
3550. @ 5,11,14,16}
3551. @ 5,11,14,16}
3552. @ 5,11,13,16}
3553. @ 5,12,16}
3554. @ 5,11,14,16}
3555. @ 5,11,14,16}
3556. @ 5,11,13,16}
3557. @ 5,12,16}
3558. @ 5,11,14,16}
3559. @ 5,11,14,16}
3560. @ 5,11,13,16}
3561. @ 5,12,16}
3562. @ 5,11,14,16}
3563. @ 5,11,14,16}
3564. @ 5,11,13,16}
3565. @ 5,12,16}
3566. @ 5,11,14,16}
3567. @ 5,11,14,16}
3568. @ 5,11,13,16}
3569. @ 5,12,16}
3570. @ 5,11,14,16}
3571. @ 5,11,14,16}
3572. @ 5,11,13,16}
3573. @ 5,12,16}
3574. @ 5,11,14,16}
3575. @ 5,11,14,16}
3576. @ 5,11,13,16}
3577. @ 5,12,16}
3578. @ 5,11,14,16}
3579. @ 5,11,14,16}
3580. @ 5,11,13,16}
3581. @ 5,12,16}
3582. @ 5,11,14,16}
3583. @ 5,11,14,16}
3584. @ 5,11,13,16}
3585. @ 5,12,16}
3586. @ 5,11,14,16}
3587. @ 5,11,14,16}
3588. @ 5,11,13,16}
3589. @ 5,12,16}
3590. @ 5,11,14,16}
3591. @ 5,11,14,16}
3592. @ 5,11,13,16}
3593. @ 5,12,16}
3594. @ 5,11,14,16}
3595. @ 5,11,14,16}
3596. @ 5,11,13,16}
3597. @ 5,12,16}
3598. @ 5,11,14,16}
3599. @ 5,11,14,16}
3600. @ 5,11,13,16}
3601. @ 5,12,16}
3602. @ 5,11,14,16}
3603. @ 5,11,14,16}
3604. @ 5,11,13,16}
3605. @ 5,12,16}
3606. @ 5,11,14,16}
3607. @ 5,11,14,16}
3608. @ 5,11,13,16}
3609. @ 5,12,16}
3610. @ 5,11,14,16}
3611. @ 5,11,14,16}
3612. @ 5,11,13,16}
3613. @ 5,12,16}
3614. @ 5,11,14,16}
3615. @ 5,11,14,16}
3616. @ 5,11,13,16}
3617. @ 5,12,16}
3618. @ 5,11,14,16}
3619. @ 5,11,14,16}
3620. @ 5,11,13,16}
3621. @ 5,12,16}
3622. @ 5,11,14,16}
3623. @ 5,11,14,16}
3624. @ 5,11,13,16}
3625. @ 5,12,16}
3626. @ 5,11,14,16}
3627. @ 5,11,14,16}
3628. @ 5,11,13,16}
3629. @ 5,12,16}
3630. @ 5,11,14,16}
3631. @ 5,11,14,16}
3632. @ 5,11,13,16}
3633. @ 5,12,16}
3634. @ 5,11,14,16}
3635. @ 5,11,14,16}
3636. @ 5,11,13,16}
3637. @ 5,12,16}
3638. @ 5,11,14,16}
3639. @ 5,11,14,16}
3640. @ 5,11,13,16}
3641. @ 5,12,16}
3642. @ 5,11,14,16}
3643. @ 5,11,14,16}
3644. @ 5,11,13,16}
3645. @ 5,12,16}
3646. @ 5,11,14,16}
3647. @ 5,11,14,16}
3648. @ 5,11,13,16}
3649. @ 5,12,16}
3650. @ 5,11,14,16}
3651. @ 5,11,14,16}
3652. @ 5,11,13,16}
3653. @ 5,12,16}
3654. @ 5,11,14,16}
","<proof>
1. T Ex (B(x)&C(x)) pre
2. T Ax (D(x)->~C(x)) pre
3. B Ex (B(x)&~D(x)) conclusion
4. T (B(a)&C(a)) 1
5. T B(a) 4
6. T C(a) 4
7. T (D(a)->~C(a)) 2
8. B (B(a)&~D(a)) 3
9.{ B B(a) 8
10. @ 5,9}
11.{ B ~D(a) 8
12. T D(a) 11
13.{ B D(a) 7
14. @ 12,13}
15.{ B ~C(a) 7
16. T C(a) 15
17. @ 6,16}
18. @ 9,11,14,15}
19. @ 9,11,14,16}
20. @ 9,11,13,16}
21. @ 9,12,16}
22. @ 10,11,14,15}
23. @ 10,11,14,16}
24. @ 10,11,13,16}
25. @ 10,12,16}
26. @ 5,11,14,15}
27. @ 5,11,14,16}
28. @ 5,11,13,16}
29. @ 5,12,16}
30. @ 5,11,14,16}
31. @ 5,11,14,16}
32. @ 5,11,13,16}
33. @ 5,12,16}
34. @ 5,11,14,16}
35. @ 5,11,14,16}
36. @ 5,11,13,16}
37. @ 5,12,16}
38. @ 5,11,14,16}
39. @ 5,11,14,16}
40. @ 5,11,13,16}
41. @ 5,12,16}
42. @ 5,11,14,16}
43. @ 5,11,14,16}
44. @ 5,11,13,16}
45. @ 5,12,16}
46. @ 5,11,14,16}
47. @ 5,11,14,16}
48. @ 5,11,13,16}
49. @ 5,12,16}
50. @ 5,11,14,16}
51. @ 5,11,14,16}
52. @ 5,11,13,16}
53. @ 5,12,16}
54. @ 5,11,14,16}
55. @ 5,11,14,16}
56. @ 5,11,13,16}
57. @ 5,12,16}
58. @ 5,11,14,16}
59. @ 5,11,14,16}
60. @ 5,11,13,16}
61. @ 5,12,16}
62. @ 5,11,14,16}
63. @ 5,11,14,16}
64. @ 5,11,13,16}
65. @ 5,12,16}
66. @ 5,11,14,16}
67. @ 5,11,14,16}
68. @ 5,11,13,16}
69. @ 5,12,16}
70. @ 5,11,14,16}
71. @ 5,11,14,16}
72. @ 5,11,13,16}
73. @ 5,12,16}
74. @ 5,11,14,16}
75. @ 5,11,14,16}
76. @ 5,11,13,16}
77. @ 5,12,16}
78. @ 5,11,14,16}
79. @ 5,11,14,16}
80. @ 5,11,13,16}
81. @ 5,12,16}
82. @ 5,11,14,16}
83. @ 5,11,14,16}
84. @ 5,11,13,16}
85. @ 5,12,16}
86. @ 5,11,14,16}
87. @ 5,11,14,16}
88. @ 5,11,13,16}
89. @ 5,12,16}
90. @ 5,11,14,16}
91. @ 5,11,14,16}
92. @ 5,11,13,16}
93. @ 5,12,16}
94. @ 5,11,14,16}
95. @ 5,11,14,16}
96. @ 5,11,13,16}
97. @ 5,12,16}
98. @ 5,11,14,16}
99. @ 5,11,14,16}
100. @ 5,11,13,16}
101. @ 5,12,16}
102. @ 5,11,14,16}
103. @ 5,11,14,16}
104. @ 5,11,13,16}
105. @ 5,12,16}
106. @ 5,11,14,16}
107. @ 5,11,14,16}
108. @ 5,11,13,16}
109. @ 5,12,16}
110. @ 5,11,14,16}
111. @ 5,11,14,16}
112. @ 5,11,13,16}
113. @ 5,12,16}
114. @ 5,11,14,16}
115. @ 5,11,14,16}
116. @ 5,11,13,16}
117. @ 5,12,16}
118. @ 5,11,14,16}
119. @ 5,11,14,16}
120. @ 5,11,13,16}
121. @ 5,12,16}
122. @ 5,11,14,16}
123. @ 5,11,14,16}
124. @ 5,11,13,16}
125. @ 5,12,16}
126. @ 5,11,14,16}
127. @ 5,11,14,16}
128. @ 5,11,13,16}
129. @ 5,12,16}
130. @ 5,11,14,16}
131. @ 5,11,14,16}
132. @ 5,11,13,16}
133. @ 5,12,16}
134. @ 5,11,14,16}
135. @ 5,11,14,16}
136. @ 5,11,13,16}
137. @ 5,12,16}
138. @ 5,11,14,16}
139. @ 5,11,14,16}
140. @ 5,11,13,16}
141. @ 5,12,16}
142. @ 5,11,14,16}
143. @ 5,11,14,16}
144. @ 5,11,13,16}
145. @ 5,12,16}
146. @ 5,11,14,16}
147. @ 5,11,14,16}
148. @ 5,11,13,16}
149. @ 5,12,16}
150. @ 5,11,14,16}
151. @ 5,11,14,16}
152. @ 5,11,13,16}
153. @ 5,12,16}
154. @ 5,11,14,16}
155. @ 5,11,14,16}
156. @ 5,11,13,16}
157. @ 5,12,16}
158. @ 5,11,14,16}
159. @ 5,11,14,16}
160. @ 5,11,13,16}
161. @ 5,12,16}
162. @ 5,11,14,16}
163. @ 5,11,14,16}
164. @ 5,11,13,16}
165. @ 5,12,16}
166. @ 5,11,14,16}
167. @ 5,11,14,16}
168. @ 5,11,13,16}
169. @ 5,12,16}
170. @ 5,11,14,16}
171. @ 5,11,14,16}
172. @ 5,11,13,16}
173. @ 5,12,16}
174. @ 5,11,14,16}
175. @ 5,11,14,16}
176. @ 5,11,13,16}
177. @ 5,12,16}
178. @ 5,11,14,16}
179. @ 5,11,14,16}
180. @ 5,11,13,16}
181. @ 5,12,16}
182. @ 5,11,14,16}
183. @ 5,11,14,16}
184. @ 5,11,13,16}
185. @ 5,12,16}
186. @ 5,11,14,16}
187. @ 5,11,14,16}
188. @ 5,11,13,16}
189. @ 5,12,16}
190. @ 5,11,14,16}
191. @ 5,11,14,16}
192. @ 5,11,13,16}
193. @ 5,12,16}
194. @ 5,11,14,16}
195. @ 5,11,14,16}
196. @ 5,11,13,16}
197. @ 5,12,16}
198. @ 5,11,14,16}
199. @ 5,11,14,16}
200. @ 5,11,13,16}
201. @ 5,12,16}
202. @ 5,11,14,16}
203. @ 5,11,14,16}
204. @ 5,11,13,16}
205. @ 5,12,16}
206. @ 5,11,14,16}
207. @ 5,11,14,16}
208. @ 5,11,13,16}
209. @ 5,12,16}
210. @ 5,11,14,16}
211. @ 5,11,14,16}
212. @ 5,11,13,16}
213. @ 5,12,16}
214. @ 5,11,14,16}
215. @ 5,11,14,16}
216. @ 5,11,13,16}
217. @ 5,12,16}
218. @ 5,11,14,16}
219. @ 5,11,14,16}
220. @ 5,11,13,16}
221. @ 5,12,16}
222. @ 5,11,14,16}
223. @ 5,11,14,16}
224. @ 5,11,13,16}
225. @ 5,12,16}
226. @ 5,11,14,16}
227. @ 5,11,14,16}
228. @ 5,11,13,16}
229. @ 5,12,16}
230. @ 5,11,14,16}
231. @ 5,11,14,16}
232. @ 5,11,13,16}
233. @ 5,12,16}
234. @ 5,11,14,16}
235. @ 5,11,14,16}
236. @ 5,11,13,16}
237. @ 5,12,16}
238. @ 5,11,14,16}
239. @ 5,11,14,16}
240. @ 5,11,13,16}
241. @ 5,12,16}
242. @ 5,11,14,16}
243. @ 5,11,14,16}
244. @ 5,11,13,16}
245. @ 5,12,16}
246. @ 5,11,14,16}
247. @ 5,11,14,16}
248. @ 5,11,13,16}
249. @ 5,12,16}
250. @ 5,11,14,16}
251. @ 5,11,14,16}
252. @ 5,11,13,16}
253. @ 5,12,16}
254. @ 5,11,14,16}
255. @ 5,11,14,16}
256. @ 5,11,13,16}
257. @ 5,12,16}
258. @ 5,11,14,16}
259. @ 5,11,14,16}
260. @ 5,11,13,16}
261. @ 5,12,16}
262. @ 5,11,14,16}
263. @ 5,11,14,16}
264. @ 5,11,13,16}
265. @ 5,12,16}
266. @ 5,11,14,16}
267. @ 5,11,14,16}
268. @ 5,11,13,16}
269. @ 5,12,16}
270. @ 5,11,14,16}
271. @ 5,11,14,16}
272. @ 5,11,13,16}
273. @ 5,12,16}
274. @ 5,11,14,16}
275. @ 5,11,14,16}
276. @ 5,11,13,16}
277. @ 5,12,16}
278. @ 5,11,14,16}
279. @ 5,11,14,16}
280. @ 5,11,13,16}
281. @ 5,12,16}
282. @ 5,11,14,16}
283. @ 5,11,14,16}
284. @ 5,11,13,16}
285. @ 5,12,16}
286. @ 5,11,14,16}
287. @ 5,11,14,16}
288. @ 5,11,13,16}
289. @ 5,12,16}
290. @ 5,11,14,16}
291. @ 5,11,14,16}
292. @ 5,11,13,16}
293. @ 5,12,16}
294. @ 5,11,14,16}
295. @ 5,11,14,16}
296. @ 5,11,13,16}
297. @ 5,12,16}
298. @ 5,11,14,16}
299. @ 5,11,14,16}
300. @ 5,11,13,16}
301. @ 5,12,16}
302. @ 5,11,14,16}
303. @ 5,11,14,16}
304. @ 5,11,13,16}
305. @ 5,12,16}
306. @ 5,11,14,16}
307. @ 5,11,14,16}
308. @ 5,11,13,16}
309. @ 5,12,16}
310. @ 5,11,14,16}
311. @ 5,11,14,16}
312. @ 5,11,13,16}
313. @ 5,12,16}
314. @ 5,11,14,16}
315. @ 5,11,14,16}
316. @ 5,11,13,16}
317. @ 5,12,16}
318. @ 5,11,14,16}
319. @ 5,11,14,16}
320. @ 5,11,13,16}
321. @ 5,12,16}
322. @ 5,11,14,16}
323. @ 5,11,14,16}
324. @ 5,11,13,16}
325. @ 5,12,16}
326. @ 5,11,14,16}
327. @ 5,11,14,16}
328. @ 5,11,13,16}
329. @ 5,12,16}
330. @ 5,11,14,16}
331. @ 5,11,14,16}
332. @ 5,11,13,16}
333. @ 5,12,16}
334. @ 5,11,14,16}
335. @ 5,11,14,16}
336. @ 5,11,13,16}
337. @ 5,12,16}
338. @ 5,11,14,16}
339. @ 5,11,14,16}
340. @ 5,11,13,16}
341. @ 5,12,16}
342. @ 5,11,14,16}
343. @ 5,11,14,16}
344. @ 5,11,13,16}
345. @ 5,12,16}
346. @ 5,11,14,16}
347. @ 5,11,14,16}
348. @ 5,11,13,16}
349. @ 5,12,16}
350. @ 5,11,14,16}
351. @ 5,11,14,16}
352. @ 5,11,13,16}
353. @ 5,12,16}
354. @ 5,11,14,16}
355. @ 5,11,14,16}
356. @ 5,11,13,16}
357. @ 5,12,16}
358. @ 5,11,14,16}
359. @ 5,11,14,16}
360. @ 5,11,13,16}
361. @ 5,12,16}
362. @ 5,11,14,16}
363. @ 5,11,14,16}
364. @ 5,11,13,16}
365. @ 5,12,16}
366. @ 5,11,14,16}
367. @ 5,11,14,16}
368. @ 5,11,13,16}
369. @ 5,12,16}
370. @ 5,11,14,16}
371. @ 5,11,14,16}
372. @ 5,11,13,16}
373. @ 5,12,16}
374. @ 5,11,14,16}
375. @ 5,11,14,16}
376. @ 5,11,13,16}
377. @ 5,12,16}
378. @ 5,11,14,16}
379. @ 5,11,14,16}
380. @ 5,11,13,16}
381. @ 5,12,16}
382. @ 5,11,14,16}
383. @ 5,11,14,16}
384. @ 5,11,13,16}
385. @ 5,12,16}
386. @ 5,11,14,16}
387. @ 5,11,14,16}
388. @ 5,11,13,16}
389. @ 5,12,16}
390. @ 5,11,14,16}
391. @ 5,11,14,16}
392. @ 5,11,13,16}
393. @ 5,12,16}
394. @ 5,11,14,16}
395. @ 5,11,14,16}
396. @ 5,11,13,16}
397. @ 5,12,16}
398. @ 5,11,14,16}
399. @ 5,11,14,16}
400. @ 5,11,13,16}
401. @ 5,12,16}
402. @ 5,11,14,16}
403. @ 5,11,14,16}
404. @ 5,11,13,16}
405. @ 5,12,16}
406. @ 5,11,14,16}
407. @ 5,11,14,16}
408. @ 5,11,13,16}
409. @ 5,12,16}
410. @ 5,11,14,16}
411. @ 5,11,14,16}
412. @ 5,11,13,16}
413. @ 5,12,16}
414. @ 5,11,14,16}
415. @ 5,11,14,16}
416. @ 5,11,13,16}
417. @ 5,12,16}
418. @ 5,11,14,16}
419. @ 5,11,14,16}
420. @ 5,11,13,16}
421. @ 5,12,16}
422. @ 5,11,14,16}
423. @ 5,11,14,16}
424. @ 5,11,13,16}
425. @ 5,12,16}
426. @ 5,11,14,16}
427. @ 5,11,14,16}
428. @ 5,11,13,16}
429. @ 5,12,16}
430. @ 5,11,14,16}
431. @ 5,11,14,16}
432. @ 5,11,13,16}
433. @ 5,12,16}
434. @ 5,11,14,16}
435. @ 5,11,14,16}
436. @ 5,11,13,16}
437. @ 5,12,16}
438. @ 5,11,14,16}
439. @ 5,11,14,16}
440. @ 5,11,13,16}
441. @ 5,12,16}
442. @ 5,11,14,16}
443. @ 5,11,14,16}
444. @ 5,11,13,16}
445. @ 5,12,16}
446. @ 5,11,14,16}
447. @ 5,11,14,16}
448. @ 5,11,13,16}
449. @ 5,12,16}
450. @ 5,11,14,16}
451. @ 5,11,14,16}
452. @ 5,11,13,16}
453. @ 5,12,16}
454. @ 5,11,14,16}
455. @ 5,11,14,16}
456. @ 5,11,13,16}
457. @ 5,12,16}
458. @ 5,11,14,16}
459. @ 5,11,14,16}
460. @ 5,11,13,16}
461. @ 5,12,16}
462. @ 5,11,14,16}
463. @ 5,11,14,16}
464. @ 5,11,13,16}
465. @ 5,12,16}
466. @ 5,11,14,16}
467. @ 5,11,14,16}
468. @ 5,11,13,16}
469. @ 5,12,16}
470. @ 5,11,14,16}
471. @ 5,11,14,16}
472. @ 5,11,13,16}
473. @ 5,12,16}
474. @ 5,11,14,16}
475. @ 5,11,14,16}
476. @ 5,11,13,16}
477. @ 5,12,16}
478. @ 5,11,14,16}
479. @ 5,11,14,16}
480. @ 5,11,13,16}
481. @ 5,12,16}
482. @ 5,11,14,16}
483. @ 5,11,14,16}
484. @ 5,11,13,16}
485. @ 5,12,16}
486. @ 5,11,14,16}
487. @ 5,11,14,16}
488. @ 5,11,13,16}
489. @ 5,12,16}
490. @ 5,11,14,16}
491. @ 5,11,14,16}
492. @ 5,11,13,16}
493. @ 5,12,16}
494. @ 5,11,14,16}
495. @ 5,11,14,16}
496. @ 5,11,13,16}
497. @ 5,12,16}
498. @ 5,11,14,16}
499. @ 5,11,14,16}
500. @ 5,11,13,16}
501. @ 5,12,16}
502. @ 5,11,14,16}
503. @ 5,11,14,16}
504. @ 5,11,13,16}
505. @ 5,12,16}
506. @ 5,11,14,16}
507. @ 5,11,14,16}
508. @ 5,11,13,16}
509. @ 5,12,16}
510. @ 5,11,14,16}
511. @ 5,11,14,16}
512. @ 5,11,13,16}
513. @ 5,12,16}
514. @ 5,11,14,16}
515. @ 5,11,14,16}
516. @ 5,11,13,16}
517. @ 5,12,16}
518. @ 5,11,14,16}
519. @ 5,11,14,16}
520. @ 5,11,13,16}
521. @ 5,12,16}
522. @ 5,11,14,16}
523. @ 5,11,14,16}
524. @ 5,11,13,16}
525. @ 5,12,16}
526. @ 5,11,14,16}
527. @ 5,11,14,16}
528. @ 5,11,13,16}
529. @ 5,12,16}
530. @ 5,11,14,16}
531. @ 5,11,14,16}
532. @ 5,11,13,16}
533. @ 5,12,16}
534. @ 5,11,14,16}
535. @ 5,11,14,16}
536. @ 5,11,13,16}
537. @ 5,12,16}
538. @ 5,11,14,16}
539. @ 5,11,14,16}
540. @ 5,11,13,16}
541. @ 5,12,16}
542. @ 5,11,14,16}
543. @ 5,11,14,16}
544. @ 5,11,13,16}
545. @ 5,12,16}
546. @ 5,11,14,16}
547. @ 5,11,14,16}
548. @ 5,11,13,16}
549. @ 5,12,16}
550. @ 5,11,14,16}
551. @ 5,11,14,16}
552. @ 5,11,13,16}
553. @ 5,12,16}
554. @ 5,11,14,16}
555. @ 5,11,14,16}
556. @ 5,11,13,16}
557. @ 5,12,16}
558. @ 5,11,14,16}
559. @ 5,11,14,16}
560. @ 5,11,13,16}
561. @ 5,12,16}
562. @ 5,11,14,16}
563. @ 5,11,14,16}
564. @ 5,11,13,16}
565. @ 5,12,16}
566. @ 5,11,14,16}
567. @ 5,11,14,16}
568. @ 5,11,13,16}
569. @ 5,12,16}
570. @ 5,11,14,16}
571. @ 5,11,14,16}
572. @ 5,11,13,16}
573. @ 5,12,16}
574. @ 5,11,14,16}
575. @ 5,11,14,16}
576. @ 5,11,13,16}
577. @ 5,12,16}
578. @ 5,11,14,16}
579. @ 5,11,14,16}
580. @ 5,11,13,16}
581. @ 5,12,16}
582. @ 5,11,14,16}
583. @ 5,11,14,16}
584. @ 5,11,13,16}
585. @ 5,12,16}
586. @ 5,11,14,16}
587. @ 5,11,14,16}
588. @ 5,11,13,16}
589. @ 5,12,16}
590. @ 5,11,14,16}
591. @ 5,11,14,16}
592. @ 5,11,13,16}
593. @ 5,12,16}
594. @ 5,11,14,16}
595. @ 5,11,14,16}
596. @ 5,11,13,16}
597. @ 5,12,16}
598. @ 5,11,14,16}
599. @ 5,11,14,16}
600. @ 5,11,13,16}
601. @ 5,12,16}
602. @ 5,11,14,16}
603. @ 5,11,14,16}
604. @ 5,11,13,16}
605. @ 5,12,16}
606. @ 5,11,14,16}
607. @ 5,11,14,16}
608. @ 5,11,13,16}
609. @ 5,12,16}
610. @ 5,11,14,16}
611. @ 5,11,14,16}
612. @ 5,11,13,16}
613. @ 5,12,16}
614. @ 5,11,14,16}
615. @ 5,11,14,16}
616. @ 5,11,13,16}
617. @ 5,12,16}
618. @ 5,11,14,16}
619. @ 5,11,14,16}
620. @ 5,11,13,16}
621. @ 5,12,16}
622. @ 5,11,14,16}
623. @ 5,11,14,16}
624. @ 5,11,13,16}
625. @ 5,12,16}
626. @ 5,11,14,16}
627. @ 5,11,14,16}
628. @ 5,11,13,16}
629. @ 5,12,16}
630. @ 5,11,14,16}
631. @ 5,11,14,16}
632. @ 5,11,13,16}
633. @ 5,12,16}
634. @ 5,11,14,16}
635. @ 5,11,14,16}
636. @ 5,11,13,16}
637. @ 5,12,16}
638. @ 5,11,14,16}
639. @ 5,11,14,16}
640. @ 5,11,13,16}
641. @ 5,12,16}
642. @ 5,11,14,16}
643. @ 5,11,14,16}
644. @ 5,11,13,16}
645. @ 5,12,16}
646. @ 5,11,14,16}
647. @ 5,11,14,16}
648. @ 5,11,13,16}
649. @ 5,12,16}
650. @ 5,11,14,16}
651. @ 5,11,14,16}
652. @ 5,11,13,16}
653. @ 5,12,16}
654. @ 5,11,14,16}
655. @ 5,11,14,16}
656. @ 5,11,13,16}
657. @ 5,12,16}
658. @ 5,11,14,16}
659. @ 5,11,14,16}
660. @ 5,11,13,16}
661. @ 5,12,16}
662. @ 5,11,14,16}
663. @ 5,11,14,16}
664. @ 5,11,13,16}
665. @ 5,12,16}
666. @ 5,11,14,16}
667. @ 5,11,14,16}
668. @ 5,11,13,16}
669. @ 5,12,16}
670. @ 5,11,14,16}
671. @ 5,11,14,16}
672. @ 5,11,13,16}
673. @ 5,12,16}
674. @ 5,11,14,16}
675. @ 5,11,14,16}
676. @ 5,11,13,16}
677. @ 5,12,16}
678. @ 5,11,14,16}
679. @ 5,11,14,16}
680. @ 5,11,13,16}
681. @ 5,12,16}
682. @ 5,11,14,16}
683. @ 5,11,14,16}
684. @ 5,11,13,16}
685. @ 5,12,16}
686. @ 5,11,14,16}
687. @ 5,11,14,16}
688. @ 5,11,13,16}
689. @ 5,12,16}
690. @ 5,11,14,16}
691. @ 5,11,14,16}
692. @ 5,11,13,16}
693. @ 5,12,16}
694. @ 5,11,14,16}
695. @ 5,11,14,16}
696. @ 5,11,13,16}
697. @ 5,12,16}
698. @ 5,11,14,16}
699. @ 5,11,14,16}
700. @ 5,11,13,16}
701. @ 5,12,16}
702. @ 5,11,14,16}
703. @ 5,11,14,16}
704. @ 5,11,13,16}
705. @ 5,12,16}
706. @ 5,11,14,16}
707. @ 5,11,14,16}
708. @ 5,11,13,16}
709. @ 5,12,16}
710. @ 5,11,14,16}
711. @ 5,11,14,16}
712. @ 5,11,13,16}
713. @ 5,12,16}
714. @ 5,11,14,16}
715. @ 5,11,14,16}
716. @ 5,11,13,16}
717. @ 5,12,16}
718. @ 5,11,14,16}
719. @ 5,11,14,16}
720. @ 5,11,13,16}
721. @ 5,12,16}
722. @ 5,11,14,16}
723. @ 5,11,14,16}
724. @ 5,11,13,16}
725. @ 5,12,16}
726. @ 5,11,14,16}
727. @ 5,11,14,16}
728. @ 5,11,13,16}
729. @ 5,12,16}
730. @ 5,11,14,16}
731. @ 5,11,14,16}
732. @ 5,11,13,16}
733. @ 5,12,16}
734. @ 5,11,14,16}
735. @ 5,11,14,16}
736. @ 5,11,13,16}
737. @ 5,12,16}
738. @ 5,11,14,16}
739. @ 5,11,14,16}
740. @ 5,11,13,16}
741. @ 5,12,16}
742. @ 5,11,14,16}
743. @ 5,11,14,16}
744. @ 5,11,13,16}
745. @ 5,12,16}
746. @ 5,11,14,16}
747. @ 5,11,14,16}
748. @ 5,11,13,16}
749. @ 5,12,16}
750. @ 5,11,14,16}
751. @ 5,11,14,16}
752. @ 5,11,13,16}
753. @ 5,12,16}
754. @ 5,11,14,16}
755. @ 5,11,14,16}
756. @ 5,11,13,16}
757. @ 5,12,16}
758. @ 5,11,14,16}
759. @ 5,11,14,16}
760. @ 5,11,13,16}
761. @ 5,12,16}
762. @ 5,11,14,16}
763. @ 5,11,14,16}
764. @ 5,11,13,16}
765. @ 5,12,16}
766. @ 5,11,14,16}
767. @ 5,11,14,16}
768. @ 5,11,13,16}
769. @ 5,12,16}
770. @ 5,11,14,16}
771. @ 5,11,14,16}
772. @ 5,11,13,16}
773. @ 5,12,16}
774. @ 5,11,14,16}
775. @ 5,11,14,16}
776. @ 5,11,13,16}
777. @ 5,12,16}
778. @ 5,11,14,16}
779. @ 5,11,14,16}
780. @ 5,11,13,16}
781. @ 5,12,16}
782. @ 5,11,14,16}
783. @ 5,11,14,16}
784. @ 5,11,13,16}
785. @ 5,12,16}
786. @ 5,11,14,16}
787. @ 5,11,14,16}
788. @ 5,11,13,16}
789. @ 5,12,16}
790. @ 5,11,14,16}
791. @ 5,11,14,16}
792. @ 5,11,13,16}
793. @ 5,12,16}
794. @ 5,11,14,16}
795. @ 5,11,14,16}
796. @ 5,11,13,16}
797. @ 5,12,16}
798. @ 5,11,14,16}
799. @ 5,11,14,16}
800. @ 5,11,13,16}
801. @ 5,12,16}
802. @ 5,11,14,16}
803. @ 5,11,14,16}
804. @ 5,11,13,16}
805. @ 5,12,16}
806. @ 5,11,14,16}
807. @ 5,11,14,16}
808. @ 5,11,13,16}
809. @ 5,12,16}
810. @ 5,11,14,16}
811. @ 5,11,14,16}
812. @ 5,11,13,16}
813. @ 5,12,16}
814. @ 5,11,14,16}
815. @ 5,11,14,16}
816. @ 5,11,13,16}
817. @ 5,12,16}
818. @ 5,11,14,16}
819. @ 5,11,14,16}
820. @ 5,11,13,16}
821. @ 5,12,16}
822. @ 5,11,14,16}
823. @ 5,11,14,16}
824. @ 5,11,13,16}
825. @ 5,12,16}
826. @ 5,11,14,16}
827. @ 5,11,14,16}
828. @ 5,11,13,16}
829. @ 5,12,16}
830. @ 5,11,14,16}
831. @ 5,11,14,16}
832. @ 5,11,13,16}
833. @ 5,12,16}
834. @ 5,11,14,16}
835. @ 5,11,14,16}
836. @ 5,11,13,16}
837. @ 5,12,16}
838. @ 5,11,14,16}
839. @ 5,11,14,16}
840. @ 5,11,13,16}
841. @ 5,12,16}
842. @ 5,11,14,16}
843. @ 5,11,14,16}
844. @ 5,11,13,16}
845. @ 5,12,16}
846. @ 5,11,14,16}
847. @ 5,11,14,16}
848. @ 5,11,13,16}
849. @ 5,12,16}
850. @ 5,11,14,16}
851. @ 5,11,14,16}
852. @ 5,11,13,16}
853. @ 5,12,16}
854. @ 5,11,14,16}
855. @ 5,11,14,16}
856. @ 5,11,13,16}
857. @ 5,12,16}
858. @ 5,11,14,16}
859. @ 5,11,14,16}
860. @ 5,11,13,16}
861. @ 5,12,16}
862. @ 5,11,14,16}
863. @ 5,11,14,16}
864. @ 5,11,13,16}
865. @ 5,12,16}
866. @ 5,11,14,16}
867. @ 5,11,14,16}
868. @ 5,11,13,16}
869. @ 5,12,16}
870. @ 5,11,14,16}
871. @ 5,11,14,16}
872. @ 5,11,13,16}
873. @ 5,12,16}
874. @ 5,11,14,16}
875. @ 5,11,14,16}
876. @ 5,11,13,16}
877. @ 5,12,16}
878. @ 5,11,14,16}
879. @ 5,11,14,16}
880. @ 5,11,13,16}
881. @ 5,12,16}
882. @ 5,11,14,16}
883. @ 5,11,14,16}
884. @ 5,11,13,16}
885. @ 5,12,16}
886. @ 5,11,14,16}
887. @ 5,11,14,16}
888. @ 5,11,13,16}
889. @ 5,12,16}
890. @ 5,11,14,16}
891. @ 5,11,14,16}
892. @ 5,11,13,16}
893. @ 5,12,16}
894. @ 5,11,14,16}
895. @ 5,11,14,16}
896. @ 5,11,13,16}
897. @ 5,12,16}
898. @ 5,11,14,16}
899. @ 5,11,14,16}
900. @ 5,11,13,16}
901. @ 5,12,16}
902. @ 5,11,14,16}
903. @ 5,11,14,16}
904. @ 5,11,13,16}
905. @ 5,12,16}
906. @ 5,11,14,16}
907. @ 5,11,14,16}
908. @ 5,11,13,16}
909. @ 5,12,16}
910. @ 5,11,14,16}
911. @ 5,11,14,16}
912. @ 5,11,13,16}
913. @ 5,12,16}
914. @ 5,11,14,16}
915. @ 5,11,14,16}
916. @ 5,11,13,16}
917. @ 5,12,16}
918. @ 5,11,14,16}
919. @ 5,11,14,16}
920. @ 5,11,13,16}
921. @ 5,12,16}
922. @ 5,11,14,16}
923. @ 5,11,14,16}
924. @ 5,11,13,16}
925. @ 5,12,16}
926. @ 5,11,14,16}
927. @ 5,11,14,16}
928. @ 5,11,13,16}
929. @ 5,12,16}
930. @ 5,11,14,16}
931. @ 5,11,14,16}
932. @ 5,11,13,16}
933. @ 5,12,16}
934. @ 5,11,14,16}
935. @ 5,11,14,16}
936. @ 5,11,13,16}
937. @ 5,12,16}
938. @ 5,11,14,16}
939. @ 5,11,14,16}
940. @ 5,11,13,16}
941. @ 5,12,16}
942. @ 5,11,14,16}
943. @ 5,11,14,16}
944. @ 5,11,13,16}
945. @ 5,12,16}
946. @ 5,11,14,16}
947. @ 5,11,14,16}
948. @ 5,11,13,16}
949. @ 5,12,16}
950. @ 5,11,14,16}
951. @ 5,11,14,16}
952. @ 5,11,13,16}
953. @ 5,12,16}
954. @ 5,11,14,16}
955. @ 5,11,14,16}
956. @ 5,11,13,16}
957. @ 5,12,16}
958. @ 5,11,14,16}
959. @ 5,11,14,16}
960. @ 5,11,13,16}
961. @ 5,12,16}
962. @ 5,11,14,16}
963. @ 5,11,14,16}
964. @ 5,11,13,16}
965. @ 5,12,16}
966. @ 5,11,14,16}
967. @ 5,11,14,16}
968. @ 5,11,13,16}
969. @ 5,12,16}
970. @ 5,11,14,16}
971. @ 5,11,14,16}
972. @ 5,11,13,16}
973. @ 5,12,16}
974. @ 5,11,14,16}
975. @ 5,11,14,16}
976. @ 5,11,13,16}
977. @ 5,12,16}
978. @ 5,11,14,16}
979. @ 5,11,14,16}
980. @ 5,11,13,16}
981. @ 5,12,16}
982. @ 5,11,14,16}
983. @ 5,11,14,16}
984. @ 5,11,13,16}
985. @ 5,12,16}
986. @ 5,11,14,16}
987. @ 5,11,14,16}
988. @ 5,11,13,16}
989. @ 5,12,16}
990. @ 5,11,14,16}
991. @ 5,11,14,16}
992. @ 5,11,13,16}
993. @ 5,12,16}
994. @ 5,11,14,16}
995. @ 5,11,14,16}
996. @ 5,11,13,16}
997. @ 5,12,16}
998. @ 5,11,14,16}
999. @ 5,11,14,16}
1000. @ 5,11,13,16}
1001. @ 5,12,16}
1002. @ 5,11,14,16}
1003. @ 5,11,14,16}
1004. @ 5,11,13,16}
1005. @ 5,12,16}
1006. @ 5,11,14,16}
1007. @ 5,11,14,16}
1008. @ 5,11,13,16}
1009. @ 5,12,16}
1010. @ 5,11,14,16}
1011. @ 5,11,14,16}
1012. @ 5,11,13,16}
1013. @ 5,12,16}
1014. @ 5,11,14,16}
1015. @ 5,11,14,16}
1016. @ 5,11,13,16}
1017. @ 5,12,16}
1018. @ 5,11,14,16}
1019. @ 5,11,14,16}
1020. @ 5,11,13,16}
1021. @ 5,12,16}
1022. @ 5,11,14,16}
1023. @ 5,11,14,16}
1024. @ 5,11,13,16}
1025. @ 5,12,16}
1026. @ 5,11,14,16}
1027. @ 5,11,14,16}
1028. @ 5,11,13,16}
1029. @ 5,12,16}
1030. @ 5,11,14,16}
1031. @ 5,11,14,16}
1032. @ 5,11,13,16}
1033. @ 5,12,16}
1034. @ 5,11,14,16}
1035. @ 5,11,14,16}
1036. @ 5,11,13,16}
1037. @ 5,12,16}
1038. @ 5,11,14,16}
1039. @ 5,11,14,16}
1040. @ 5,11,13,16}
1041. @ 5,12,16}
1042. @ 5,11,14,16}
1043. @ 5,11,14,16}
1044. @ 5,11,13,16}
1045. @ 5,12,16}
1046. @ 5,11,14,16}
1047. @ 5,11,14,16}
1048. @ 5,11,13,16}
1049. @ 5,12,16}
1050. @ 5,11,14,16}
1051. @ 5,11,14,16}
1052. @ 5,11,13,16}
1053. @ 5,12,16}
1054. @ 5,11,14,16}
1055. @ 5,11,14,16}
1056. @ 5,11,13,16}
1057. @ 5,12,16}
1058. @ 5,11,14,16}
1059. @ 5,11,14,16}
1060. @ 5,11,13,16}
1061. @ 5,12,16}
1062. @ 5,11,14,16}
1063. @ 5,11,14,16}
1064. @ 5,11,13,16}
1065. @ 5,12,16}
1066. @ 5,11,14,16}
1067. @ 5,11,14,16}
1068. @ 5,11,13,16}
1069. @ 5,12,16}
1070. @ 5,11,14,16}
1071. @ 5,11,14,16}
1072. @ 5,11,13,16}
1073. @ 5,12,16}
1074. @ 5,11,14,16}
1075. @ 5,11,14,16}
1076. @ 5,11,13,16}
1077. @ 5,12,16}
1078. @ 5,11,14,16}
1079. @ 5,11,14,16}
1080. @ 5,11,13,16}
1081. @ 5,12,16}
1082. @ 5,11,14,16}
1083. @ 5,11,14,16}
1084. @ 5,11,13,16}
1085. @ 5,12,16}
1086. @ 5,11,14,16}
1087. @ 5,11,14,16}
1088. @ 5,11,13,16}
1089. @ 5,12,16}
1090. @ 5,11,14,16}
1091. @ 5,11,14,16}
1092. @ 5,11,13,16}
1093. @ 5,12,16}
1094. @ 5,11,14,16}
1095. @ 5,11,14,16}
1096. @ 5,11,13,16}
1097. @ 5,12,16}
1098. @ 5,11,14,16}
1099. @ 5,11,14,16}
1100. @ 5,11,13,16}
1101. @ 5,12,16}
1102. @ 5,11,14,16}
1103. @ 5,11,14,16}
1104. @ 5,11,13,16}
1105. @ 5,12,16}
1106. @ 5,11,14,16}
1107. @ 5,11,14,16}
1108. @ 5,11,13,16}
1109. @ 5,12,16}
1110. @ 5,11,14,16}
1111. @ 5,11,14,16}
1112. @ 5,11,13,16}
1113. @ 5,12,16}
1114. @ 5,11,14,16}
1115. @ 5,11,14,16}
1116. @ 5,11,13,16}
1117. @ 5,12,16}
1118. @ 5,11,14,16}
1119. @ 5,11,14,16}
1120. @ 5,11,13,16}
1121. @ 5,12,16}
1122. @ 5,11,14,16}
1123. @ 5,11,14,16}
1124. @ 5,11,13,16}
1125. @ 5,12,16}
1126. @ 5,11,14,16}
1127. @ 5,11,14,16}
1128. @ 5,11,13,16}
1129. @ 5,12,16}
1130. @ 5,11,14,16}
1131. @ 5,11,14,16}
1132. @ 5,11,13,16}
1133. @ 5,12,16}
1134. @ 5,11,14,16}
1135. @ 5,11,14,16}
1136. @ 5,11,13,16}
1137. @ 5,12,16}
1138. @ 5,11,14,16}
1139. @ 5,11,14,16}
1140. @ 5,11,13,16}
1141. @ 5,12,16}
1142. @ 5,11,14,16}
1143. @ 5,11,14,16}
1144. @ 5,11,13,16}
1145. @ 5,12,16}
1146. @ 5,11,14,16}
1147. @ 5,11,14,16}
1148. @ 5,11,13,16}
1149. @ 5,12,16}
1150. @ 5,11,14,16}
1151. @ 5,11,14,16}
1152. @ 5,11,13,16}
1153. @ 5,12,16}
1154. @ 5,11,14,16}
1155. @ 5,11,14,16}
1156. @ 5,11,13,16}
1157. @ 5,12,16}
1158. @ 5,11,14,16}
1159. @ 5,11,14,16}
1160. @ 5,11,13,16}
1161. @ 5,12,16}
1162. @ 5,11,14,16}
1163. @ 5,11,14,16}
1164. @ 5,11,13,16}
1165. @ 5,12,16}
1166. @ 5,11,14,16}
1167. @ 5,11,14,16}
1168. @ 5,11,13,16}
1169. @ 5,12,16}
1170. @ 5,11,14,16}
1171. @ 5,11,14,16}
1172. @ 5,11,13,16}
1173. @ 5,12,16}
1174. @ 5,11,14,16}
1175. @ 5,11,14,16}
1176. @ 5,11,13,16}
1177. @ 5,12,16}
1178. @ 5,11,14,16}
1179. @ 5,11,14,16}
1180. @ 5,11,13,16}
1181. @ 5,12,16}
1182. @ 5,11,14,16}
1183. @ 5,11,14,16}
1184. @ 5,11,13,16}
1185. @ 5,12,16}
1186. @ 5,11,14,16}
1187. @ 5,11,14,16}
1188. @ 5,11,13,16}
1189. @ 5,12,16}
1190. @ 5,11,14,16}
1191. @ 5,11,14,16}
1192. @ 5,11,13,16}
1193. @ 5,12,16}
1194. @ 5,11,14,16}
1195. @ 5,11,14,16}
1196. @ 5,11,13,16}
1197. @ 5,12,16}
1198. @ 5,11,14,16}
1199. @ 5,11,14,16}
1200. @ 5,11,13,16}
1201. @ 5,12,16}
1202. @ 5,11,14,16}
1203. @ 5,11,14,16}
1204. @ 5,11,13,16}
1205. @ 5,12,16}
1206. @ 5,11,14,16}
1207. @ 5,11,14,16}
1208. @ 5,11,13,16}
1209. @ 5,12,16}
1210. @ 5,11,14,16}
1211. @ 5,11,14,16}
1212. @ 5,11,13,16}
1213. @ 5,12,16}
1214. @ 5,11,14,16}
1215. @ 5,11,14,16}
1216. @ 5,11,13,16}
1217. @ 5,12,16}
1218. @ 5,11,14,16}
1219. @ 5,11,14,16}
1220. @ 5,11,13,16}
1221. @ 5,12,16}
1222. @ 5,11,14,16}
1223. @ 5,11,14,16}
1224. @ 5,11,13,16}
1225. @ 5,12,16}
1226. @ 5,11,14,16}
1227. @ 5,11,14,16}
1228. @ 5,11,13,16}
1229. @ 5,12,16}
1230. @ 5,11,14,16}
1231. @ 5,11,14,16}
1232. @ 5,11,13,16}
1233. @ 5,12,16}
1234. @ 5,11,14,16}
1235. @ 5,11,14,16}
1236. @ 5,11,13,16}
1237. @ 5,12,16}
1238. @ 5,11,14,16}
1239. @ 5,11,14,16}
1240. @ 5,11,13,16}
1241. @ 5,12,16}
1242. @ 5,11,14,16}
1243. @ 5,11,14,16}
1244. @ 5,11,13,16}
1245. @ 5,12,16}
1246. @ 5,11,14,16}
1247. @ 5,11,14,16}
1248. @ 5,11,13,16}
1249. @ 5,12,16}
1250. @ 5,11,14,16}
1251. @ 5,11,14,16}
1252. @ 5,11,13,16}
1253. @ 5,12,16}
1254. @ 5,11,14,16}
1255. @ 5,11,14,16}
1256. @ 5,11,13,16}
1257. @ 5,12,16}
1258. @ 5,11,14,16}
1259. @ 5,11,14,16}
1260. @ 5,11,13,16}
1261. @ 5,12,16}
1262. @ 5,11,14,16}
1263. @ 5,11,14,16}
1264. @ 5,11,13,16}
1265. @ 5,12,16}
1266. @ 5,11,14,16}
1267. @ 5,11,14,16}
1268. @ 5,11,13,16}
1269. @ 5,12,16}
1270. @ 5,11,14,16}
1271. @ 5,11,14,16}
1272. @ 5,11,13,16}
1273. @ 5,12,16}
1274. @ 5,11,14,16}
1275. @ 5,11,14,16}
1276. @ 5,11,13,16}
1277. @ 5,12,16}
1278. @ 5,11,14,16}
1279. @ 5,11,14,16}
1280. @ 5,11,13,16}
1281. @ 5,12,16}
1282. @ 5,11,14,16}
1283. @ 5,11,14,16}
1284. @ 5,11,13,16}
1285. @ 5,12,16}
1286. @ 5,11,14,16}
1287. @ 5,11,14,16}
1288. @ 5,11,13,16}
1289. @ 5,12,16}
1290. @ 5,11,14,16}
1291. @ 5,11,14,16}
1292. @ 5,11,13,16}
1293. @ 5,12,16}
1294. @ 5,11,14,16}
1295. @ 5,11,14,16}
1296. @ 5,11,13,16}
1297. @ 5,12,16}
1298. @ 5,11,14,16}
1299. @ 5,11,14,16}
1300. @ 5,11,13,16}
1301. @ 5,12,16}
1302. @ 5,11,14,16}
1303. @ 5,11,14,16}
1304. @ 5,11,13,16}
1305. @ 5,12,16}
1306. @ 5,11,14,16}
1307. @ 5,11,14,16}
1308. @ 5,11,13,16}
1309. @ 5,12,16}
1310. @ 5,11,14,16}
1311. @ 5,11,14,16}
1312. @ 5,11,13,16}
1313. @ 5,12,16}
1314. @ 5,11,14,16}
1315. @ 5,11,14,16}
1316. @ 5,11,13,16}
1317. @ 5,12,16}
1318. @ 5,11,14,16}
1319. @ 5,11,14,16}
1320. @ 5,11,13,16}
1321. @ 5,12,16}
1322. @ 5,11,14,16}
1323. @ 5,11,14,16}
1324. @ 5,11,13,16}
1325. @ 5,12,16}
1326. @ 5,11,14,16}
1327. @ 5,11,14,16}
1328. @ 5,11,13,16}
1329. @ 5,12,16}
1330. @ 5,11,14,16}
1331. @ 5,11,14,16}
1332. @ 5,11,13,16}
1333. @ 5,12,16}
1334. @ 5,11,14,16}
1335. @ 5,11,14,16}
1336. @ 5,11,13,16}
1337. @ 5,12,16}
1338. @ 5,11,14,16}
1339. @ 5,11,14,16}
1340. @ 5,11,13,16}
1341. @ 5,12,16}
1342. @ 5,11,14,16}
1343. @ 5,11,14,16}
1344. @ 5,11,13,16}
1345. @ 5,12,16}
1346. @ 5,11,14,16}
1347. @ 5,11,14,16}
1348. @ 5,11,13,16}
1349. @ 5,12,16}
1350. @ 5,11,14,16}
1351. @ 5,11,14,16}
1352. @ 5,11,13,16}
1353. @ 5,12,16}
1354. @ 5,11,14,16}
1355. @ 5,11,14,16}
1356. @ 5,11,13,16}
1357. @ 5,12,16}
1358. @ 5,11,14,16}
1359. @ 5,11,14,16}
1360. @ 5,11,13,16}
1361. @ 5,12,16}
1362. @ 5,11,14,16}
1363. @ 5,11,14,16}
1364. @ 5,11,13,16}
1365. @ 5,12,16}
1366. @ 5,11,14,16}
1367. @ 5,11,14,16}
1368. @ 5,11,13,16}
1369. @ 5,12,16}
1370. @ 5,11,14,16}
1371. @ 5,11,14,16}
1372. @ 5,11,13,16}
1373. @ 5,12,16}
1374. @ 5,11,14,16}
1375. @ 5,11,14,16}
1376. @ 5,11,13,16}
1377. @ 5,12,16}
1378. @ 5,11,14,16}
1379. @ 5,11,14,16}
1380. @ 5,11,13,16}
1381. @ 5,12,16}
1382. @ 5,11,14,16}
1383. @ 5,11,14,16}
1384. @ 5,11,13,16}
1385. @ 5,12,16}
1386. @ 5,11,14,16}
1387. @ 5,11,14,16}
1388. @ 5,11,13,16}
1389. @ 5,12,16}
1390. @ 5,11,14,16}
1391. @ 5,11,14,16}
1392. @ 5,11,13,16}
1393. @ 5,12,16}
1394. @ 5,11,14,16}
1395. @ 5,11,14,16}
1396. @ 5,11,13,16}
1397. @ 5,12,16}
1398. @ 5,11,14,16}
1399. @ 5,11,14,16}
1400. @ 5,11,13,16}
1401. @ 5,12,16}
1402. @ 5,11,14,16}
1403. @ 5,11,14,16}
1404. @ 5,11,13,16}
1405. @ 5,12,16}
1406. @ 5,11,14,16}
1407. @ 5,11,14,16}
1408. @ 5,11,13,16}
1409. @ 5,12,16}
1410. @ 5,11,14,16}
1411. @ 5,11,14,16}
1412. @ 5,11,13,16}
1413. @ 5,12,16}
1414. @ 5,11,14,16}
1415. @ 5,11,14,16}
1416. @ 5,11,13,16}
1417. @ 5,12,16}
1418. @ 5,11,14,16}
1419. @ 5,11,14,16}
1420. @ 5,11,13,16}
1421. @ 5,12,16}
1422. @ 5,11,14,16}
1423. @ 5,11,14,16}
1424. @ 5,11,13,16}
1425. @ 5,12,16}
1426. @ 5,11,14,16}
1427. @ 5,11,14,16}
1428. @ 5,11,13,16}
1429. @ 5,12,16}
1430. @ 5,11,14,16}
1431. @ 5,11,14,16}
1432. @ 5,11,13,16}
1433. @ 5,12,16}
1434. @ 5,11,14,16}
1435. @ 5,11,14,16}
1436. @ 5,11,13,16}
1437. @ 5,12,16}
1438. @ 5,11,14,16}
1439. @ 5,11,14,16}
1440. @ 5,11,13,16}
1441. @ 5,12,16}
1442. @ 5,11,14,16}
1443. @ 5,11,14,16}
1444. @ 5,11,13,16}
1445. @ 5,12,16}
1446. @ 5,11,14,16}
1447. @ 5,11,14,16}
1448. @ 5,11,13,16}
1449. @ 5,12,16}
1450. @ 5,11,14,16}
1451. @ 5,11,14,16}
1452. @ 5,11,13,16}
1453. @ 5,12,16}
1454. @ 5,11,14,16}
1455. @ 5,11,14,16}
1456. @ 5,11,13,16}
1457. @ 5,12,16}
1458. @ 5,11,14,16}
1459. @ 5,11,14,16}
1460. @ 5,11,13,16}
1461. @ 5,12,16}
1462. @ 5,11,14,16}
1463. @ 5,11,14,16}
1464. @ 5,11,13,16}
1465. @ 5,12,16}
1466. @ 5,11,14,16}
1467. @ 5,11,14,16}
1468. @ 5,11,13,16}
1469. @ 5,12,16}
1470. @ 5,11,14,16}
1471. @ 5,11,14,16}
1472. @ 5,11,13,16}
1473. @ 5,12,16}
1474. @ 5,11,14,16}
1475. @ 5,11,14,16}
1476. @ 5,11,13,16}
1477. @ 5,12,16}
1478. @ 5,11,14,16}
1479. @ 5,11,14,16}
1480. @ 5,11,13,16}
1481. @ 5,12,16}
1482. @ 5,11,14,16}
1483. @ 5,11,14,16}
1484. @ 5,11,13,16}
1485. @ 5,12,16}
1486. @ 5,11,14,16}
1487. @ 5,11,14,16}
1488. @ 5,11,13,16}
1489. @ 5,12,16}
1490. @ 5,11,14,16}
1491. @ 5,11,14,16}
1492. @ 5,11,13,16}
1493. @ 5,12,16}
1494. @ 5,11,14,16}
1495. @ 5,11,14,16}
1496. @ 5,11,13,16}
1497. @ 5,12,16}
1498. @ 5,11,14,16}
1499. @ 5,11,14,16}
1500. @ 5,11,13,16}
1501. @ 5,12,16}
1502. @ 5,11,14,16}
1503. @ 5,11,14,16}
1504. @ 5,11,13,16}
1505. @ 5,12,16}
1506. @ 5,11,14,16}
1507. @ 5,11,14,16}
1508. @ 5,11,13,16}
1509. @ 5,12,16}
1510. @ 5,11,14,16}
1511. @ 5,11,14,16}
1512. @ 5,11,13,16}
1513. @ 5,12,16}
1514. @ 5,11,14,16}
1515. @ 5,11,14,16}
1516. @ 5,11,13,16}
1517. @ 5,12,16}
1518. @ 5,11,14,16}
1519. @ 5,11,14,16}
1520. @ 5,11,13,16}
1521. @ 5,12,16}
1522. @ 5,11,14,16}
1523. @ 5,11,14,16}
1524. @ 5,11,13,16}
1525. @ 5,12,16}
1526. @ 5,11,14,16}
1527. @ 5,11,14,16}
1528. @ 5,11,13,16}
1529. @ 5,12,16}
1530. @ 5,11,14,16}
1531. @ 5,11,14,16}
1532. @ 5,11,13,16}
1533. @ 5,12,16}
1534. @ 5,11,14,16}
1535. @ 5,11,14,16}
1536. @ 5,11,13,16}
1537. @ 5,12,16}
1538. @ 5,11,14,16}
1539. @ 5,11,14,16}
1540. @ 5,11,13,16}
1541. @ 5,12,16}
1542. @ 5,11,14,16}
1543. @ 5,11,14,16}
1544. @ 5,11,13,16}
1545. @ 5,12,16}
1546. @ 5,11,14,16}
1547. @ 5,11,14,16}
1548. @ 5,11,13,16}
1549. @ 5,12,16}
1550. @ 5,11,14,16}
1551. @ 5,11,14,16}
1552. @ 5,11,13,16}
1553. @ 5,12,16}
1554. @ 5,11,14,16}
1555. @ 5,11,14,16}
1556. @ 5,11,13,16}
1557. @ 5,12,16}
1558. @ 5,11,14,16}
1559. @ 5,11,14,16}
1560. @ 5,11,13,16}
1561. @ 5,12,16}
1562. @ 5,11,14,16}
1563. @ 5,11,14,16}
1564. @ 5,11,13,16}
1565. @ 5,12,16}
1566. @ 5,11,14,16}
1567. @ 5,11,14,16}
1568. @ 5,11,13,16}
1569. @ 5,12,16}
1570. @ 5,11,14,16}
1571. @ 5,11,14,16}
1572. @ 5,11,13,16}
1573. @ 5,12,16}
1574. @ 5,11,14,16}
1575. @ 5,11,14,16}
1576. @ 5,11,13,16}
1577. @ 5,12,16}
1578. @ 5,11,14,16}
1579. @ 5,11,14,16}
1580. @ 5,11,13,16}
1581. @ 5,12,16}
1582. @ 5,11,14,16}
1583. @ 5,11,14,16}
1584. @ 5,11,13,16}
1585. @ 5,12,16}
1586. @ 5,11,14,16}
1587. @ 5,11,14,16}
1588. @ 5,11,13,16}
1589. @ 5,12,16}
1590. @ 5,11,14,16}
1591. @ 5,11,14,16}
1592. @ 5,11,13,16}
1593. @ 5,12,16}
1594. @ 5,11,14,16}
1595. @ 5,11,14,16}
1596. @ 5,11,13,16}
1597. @ 5,12,16}
1598. @ 5,11,14,16}
1599. @ 5,11,14,16}
1600. @ 5,11,13,16}
1601. @ 5,12,16}
1602. @ 5,11,14,16}
1603. @ 5,11,14,16}
1604. @ 5,11,13,16}
1605. @ 5,12,16}
1606. @ 5,11,14,16}
1607. @ 5,11,14,16}
1608. @ 5,11,13,16}
1609. @ 5,12,16}
1610. @ 5,11,14,16}
1611. @ 5,11,14,16}
1612. @ 5,11,13,16}
1613. @ 5,12,16}
1614. @ 5,11,14,16}
1615. @ 5,11,14,16}
1616. @ 5,11,13,16}
1617. @ 5,12,16}
1618. @ 5,11,14,16}
1619. @ 5,11,14,16}
1620. @ 5,11,13,16}
1621. @ 5,12,16}
1622. @ 5,11,14,16}
1623. @ 5,11,14,16}
1624. @ 5,11,13,16}
1625. @ 5,12,16}
1626. @ 5,11,14,16}
1627. @ 5,11,14,16}
1628. @ 5,11,13,16}
1629. @ 5,12,16}
1630. @ 5,11,14,16}
1631. @ 5,11,14,16}
1632. @ 5,11,13,16}
1633. @ 5,12,16}
1634. @ 5,11,14,16}
1635. @ 5,11,14,16}
1636. @ 5,11,13,16}
1637. @ 5,12,16}
1638. @ 5,11,14,16}
1639. @ 5,11,14,16}
1640. @ 5,11,13,16}
1641. @ 5,12,16}
1642. @ 5,11,14,16}
1643. @ 5,11,14,16}
1644. @ 5,11,13,16}
1645. @ 5,12,16}
1646. @ 5,11,14,16}
1647. @ 5,11,14,16}
1648. @ 5,11,13,16}
1649. @ 5,12,16}
1650. @ 5,11,14,16}
1651. @ 5,11,14,16}
1652. @ 5,11,13,16}
1653. @ 5,12,16}
1654. @ 5,11,14,16}
1655. @ 5,11,14,16}
1656. @ 5,11,13,16}
1657. @ 5,12,16}
1658. @ 5,11,14,16}
1659. @ 5,11,14,16}
1660. @ 5,11,13,16}
1661. @ 5,12,16}
1662. @ 5,11,14,16}
1663. @ 5,11,14,16}
1664. @ 5,11,13,16}
1665. @ 5,12,16}
1666. @ 5,11,14,16}
1667. @ 5,11,14,16}
1668. @ 5,11,13,16}
1669. @ 5,12,16}
1670. @ 5,11,14,16}
1671. @ 5,11,14,16}
1672. @ 5,11,13,16}
1673. @ 5,12,16}
1674. @ 5,11,14,16}
1675. @ 5,11,14,16}
1676. @ 5,11,13,16}
1677. @ 5,12,16}
1678. @ 5,11,14,16}
1679. @ 5,11,14,16}
1680. @ 5,11,13,16}
1681. @ 5,12,16}
1682. @ 5,11,14,16}
1683. @ 5,11,14,16}
1684. @ 5,11,13,16}
1685. @ 5,12,16}
1686. @ 5,11,14,16}
1687. @ 5,11,14,16}
1688. @ 5,11,13,16}
1689. @ 5,12,16}
1690. @ 5,11,14,16}
1691. @ 5,11,14,16}
1692. @ 5,11,13,16}
1693. @ 5,12,16}
1694. @ 5,11,14,16}
1695. @ 5,11,14,16}
1696. @ 5,11,13,16}
1697. @ 5,12,16}
1698. @ 5,11,14,16}
1699. @ 5,11,14,16}
1700. @ 5,11,13,16}
1701. @ 5,12,16}
1702. @ 5,11,14,16}
1703. @ 5,11,14,16}
1704. @ 5,11,13,16}
1705. @ 5,12,16}
1706. @ 5,11,14,16}
1707. @ 5,11,14,16}
1708. @ 5,11,13,16}
1709. @ 5,12,16}
1710. @ 5,11,14,16}
1711. @ 5,11,14,16}
1712. @ 5,11,13,16}
1713. @ 5,12,16}
1714. @ 5,11,14,16}
1715. @ 5,11,14,16}
1716. @ 5,11,13,16}
1717. @ 5,12,16}
1718. @ 5,11,14,16}
1719. @ 5,11,14,16}
1720. @ 5,11,13,16}
1721. @ 5,12,16}
1722. @ 5,11,14,16}
1723. @ 5,11,14,16}
1724. @ 5,11,13,16}
1725. @ 5,12,16}
1726. @ 5,11,14,16}
1727. @ 5,11,14,16}
1728. @ 5,11,13,16}
1729. @ 5,12,16}
1730. @ 5,11,14,16}
1731. @ 5,11,14,16}
1732. @ 5,11,13,16}
1733. @ 5,12,16}
1734. @ 5,11,14,16}
1735. @ 5,11,14,16}
1736. @ 5,11,13,16}
1737. @ 5,12,16}
1738. @ 5,11,14,16}
1739. @ 5,11,14,16}
1740. @ 5,11,13,16}
1741. @ 5,12,16}
1742. @ 5,11,14,16}
1743. @ 5,11,14,16}
1744. @ 5,11,13,16}
1745. @ 5,12,16}
1746. @ 5,11,14,16}
1747. @ 5,11,14,16}
1748. @ 5,11,13,16}
1749. @ 5,12,16}
1750. @ 5,11,14,16}
1751. @ 5,11,14,16}
1752. @ 5,11,13,16}
1753. @ 5,12,16}
1754. @ 5,11,14,16}
1755. @ 5,11,14,16}
1756. @ 5,11,13,16}
1757. @ 5,12,16}
1758. @ 5,11,14,16}
1759. @ 5,11,14,16}
1760. @ 5,11,13,16}
1761. @ 5,12,16}
1762. @ 5,11,14,16}
1763. @ 5,11,14,16}
1764. @ 5,11,13,16}
1765. @ 5,12,16}
1766. @ 5,11,14,16}
1767. @ 5,11,14,16}
1768. @ 5,11,13,16}
1769. @ 5,12,16}
1770. @ 5,11,14,16}
1771. @ 5,11,14,16}
1772. @ 5,11,13,16}
1773. @ 5,12,16}
1774. @ 5,11,14,16}
1775. @ 5,11,14,16}
1776. @ 5,11,13,16}
1777. @ 5,12,16}
1778. @ 5,11,14,16}
1779. @ 5,11,14,16}
1780. @ 5,11,13,16}
1781. @ 5,12,16}
1782. @ 5,11,14,16}
1783. @ 5,11,14,16}
1784. @ 5,11,13,16}
1785. @ 5,12,16}
1786. @ 5,11,14,16}
1787. @ 5,11,14,16}
1788. @ 5,11,13,16}
1789. @ 5,12,16}
1790. @ 5,11,14,16}
1791. @ 5,11,14,16}
1792. @ 5,11,13,16}
1793. @ 5,12,16}
1794. @ 5,11,14,16}
1795. @ 5,11,14,16}
1796. @ 5,11,13,16}
1797. @ 5,12,16}
1798. @ 5,11,14,16}
1799. @ 5,11,14,16}
1800. @ 5,11,13,16}
1801. @ 5,12,16}
1802. @ 5,11,14,16}
1803. @ 5,11,14,16}
1804. @ 5,11,13,16}
1805. @ 5,12,16}
1806. @ 5,11,14,16}
1807. @ 5,11,14,16}
1808. @ 5,11,13,16}
1809. @ 5,12,16}
1810. @ 5,11,14,16}
1811. @ 5,11,14,16}
1812. @ 5,11,13,16}
1813. @ 5,12,16}
1814. @ 5,11,14,16}
1815. @ 5,11,14,16}
1816. @ 5,11,13,16}
1817. @ 5,12,16}
1818. @ 5,11,14,16}
1819. @ 5,11,14,16}
1820. @ 5,11,13,16}
1821. @ 5,12,16}
1822. @ 5,11,14,16}
1823. @ 5,11,14,16}
1824. @ 5,11,13,16}
1825. @ 5,12,16}
1826. @ 5,11,14,16}
1827. @ 5,11,14,16}
1828. @ 5,11,13,16}
1829. @ 5,12,16}
1830. @ 5,11,14,16}
1831. @ 5,11,14,16}
1832. @ 5,11,13,16}
1833. @ 5,12,16}
1834. @ 5,11,14,16}
1835. @ 5,11,14,16}
1836. @ 5,11,13,16}
1837. @ 5,12,16}
1838. @ 5,11,14,16}
1839. @ 5,11,14,16}
1840. @ 5,11,13,16}
1841. @ 5,12,16}
1842. @ 5,11,14,16}
1843. @ 5,11,14,16}
1844. @ 5,11,13,16}
1845. @ 5,12,16}
1846. @ 5,11,14,16}
1847. @ 5,11,14,16}
1848. @ 5,11,13,16}
1849. @ 5,12,16}
1850. @ 5,11,14,16}
1851. @ 5,11,14,16}
1852. @ 5,11,13,16}
1853. @ 5,12,16}
1854. @ 5,11,14,16}
1855. @ 5,11,14,16}
1856. @ 5,11,13,16}
1857. @ 5,12,16}
1858. @ 5,11,14,16}
1859. @ 5,11,14,16}
1860. @ 5,11,13,16}
1861. @ 5,12,16}
1862. @ 5,11,14,16}
1863. @ 5,11,14,16}
1864. @ 5,11,13,16}
1865. @ 5,12,16}
1866. @ 5,11,14,16}
1867. @ 5,11,14,16}
1868. @ 5,11,13,16}
1869. @ 5,12,16}
1870. @ 5,11,14,16}
1871. @ 5,11,14,16}
1872. @ 5,11,13,16}
1873. @ 5,12,16}
1874. @ 5,11,14,16}
1875. @ 5,11,14,16}
1876. @ 5,11,13,16}
1877. @ 5,12,16}
1878. @ 5,11,14,16}
1879. @ 5,11,14,16}
1880. @ 5,11,13,16}
1881. @ 5,12,16}
1882. @ 5,11,14,16}
1883. @ 5,11,14,16}
1884. @ 5,11,13,16}
1885. @ 5,12,16}
1886. @ 5,11,14,16}
1887. @ 5,11,14,16}
1888. @ 5,11,13,16}
1889. @ 5,12,16}
1890. @ 5,11,14,16}
1891. @ 5,11,14,16}
1892. @ 5,11,13,16}
1893. @ 5,12,16}
1894. @ 5,11,14,16}
1895. @ 5,11,14,16}
1896. @ 5,11,13,16}
1897. @ 5,12,16}
1898. @ 5,11,14,16}
1899. @ 5,11,14,16}
1900. @ 5,11,13,16}
1901. @ 5,12,16}
1902. @ 5,11,14,16}
1903. @ 5,11,14,16}
1904. @ 5,11,13,16}
1905. @ 5,12,16}
1906. @ 5,11,14,16}
1907. @ 5,11,14,16}
1908. @ 5,11,13,16}
1909. @ 5,12,16}
1910. @ 5,11,14,16}
1911. @ 5,11,14,16}
1912. @ 5,11,13,16}
1913. @ 5,12,16}
1914. @ 5,11,14,16}
1915. @ 5,11,14,16}
1916. @ 5,11,13,16}
1917. @ 5,12,16}
1918. @ 5,11,14,16}
1919. @ 5,11,14,16}
1920. @ 5,11,13,16}
1921. @ 5,12,16}
1922. @ 5,11,14,16}
1923. @ 5,11,14,16}
1924. @ 5,11,13,16}
1925. @ 5,12,16}
1926. @ 5,11,14,16}
1927. @ 5,11,14,16}
1928. @ 5,11,13,16}
1929. @ 5,12,16}
1930. @ 5,11,14,16}
1931. @ 5,11,14,16}
1932. @ 5,11,13,16}
1933. @ 5,12,16}
1934. @ 5,11,14,16}
1935. @ 5,11,14,16}
1936. @ 5,11,13,16}
1937. @ 5,12,16}
1938. @ 5,11,14,16}
1939. @ 5,11,14,16}
1940. @ 5,11,13,16}
1941. @ 5,12,16}
1942. @ 5,11,14,16}
1943. @ 5,11,14,16}
1944. @ 5,11,13,16}
1945. @ 5,12,16}
1946. @ 5,11,14,16}
1947. @ 5,11,14,16}
1948. @ 5,11,13,16}
1949. @ 5,12,16}
1950. @ 5,11,14,16}
1951. @ 5,11,14,16}
1952. @ 5,11,13,16}
1953. @ 5,12,16}
1954. @ 5,11,14,16}
1955. @ 5,11,14,16}
1956. @ 5,11,13,16}
1957. @ 5,12,16}
1958. @ 5,11,14,16}
1959. @ 5,11,14,16}
1960. @ 5,11,13,16}
1961. @ 5,12,16}
1962. @ 5,11,14,16}
1963. @ 5,11,14,16}
1964. @ 5,11,13,16}
1965. @ 5,12,16}
1966. @ 5,11,14,16}
1967. @ 5,11,14,16}
1968. @ 5,11,13,16}
1969. @ 5,12,16}
1970. @ 5,11,14,16}
1971. @ 5,11,14,16}
1972. @ 5,11,13,16}
1973. @ 5,12,16}
1974. @ 5,11,14,16}
1975. @ 5,11,14,16}
1976. @ 5,11,13,16}
1977. @ 5,12,16}
1978. @ 5,11,14,16}
1979. @ 5,11,14,16}
1980. @ 5,11,13,16}
1981. @ 5,12,16}
1982. @ 5,11,14,16}
1983. @ 5,11,14,16}
1984. @ 5,11,13,16}
1985. @ 5,12,16}
1986. @ 5,11,14,16}
1987. @ 5,11,14,16}
1988. @ 5,11,13,16}
1989. @ 5,12,16}
1990. @ 5,11,14,16}
1991. @ 5,11,14,16}
1992. @ 5,11,13,16}
1993. @ 5,12,16}
1994. @ 5,11,14,16}
1995. @ 5,11,14,16}
1996. @ 5,11,13,16}
1997. @ 5,12,16}
1998. @ 5,11,14,16}
1999. @ 5,11,14,16}
2000. @ 5,11,13,16}
2001. @ 5,12,16}
2002. @ 5,11,14,16}
2003. @ 5,11,14,16}
2004. @ 5,11,13,16}
2005. @ 5,12,16}
2006. @ 5,11,14,16}
2007. @ 5,11,14,16}
2008. @ 5,11,13,16}
2009. @ 5,12,16}
2010. @ 5,11,14,16}
2011. @ 5,11,14,16}
2012. @ 5,11,13,16}
2013. @ 5,12,16}
2014. @ 5,11,14,16}
2015. @ 5,11,14,16}
2016. @ 5,11,13,16}
2017. @ 5,12,16}
2018. @ 5,11,14,16}
2019. @ 5,11,14,16}
2020. @ 5,11,13,16}
2021. @ 5,12,16}
2022. @ 5,11,14,16}
2023. @ 5,11,14,16}
2024. @ 5,11,13,16}
2025. @ 5,12,16}
2026. @ 5,11,14,16}
2027. @ 5,11,14,16}
2028. @ 5,11,13,16}
2029. @ 5,12,16}
2030. @ 5,11,14,16}
2031. @ 5,11,14,16}
2032. @ 5,11,13,16}
2033. @ 5,12,16}
2034. @ 5,11,14,16}
2035. @ 5,11,14,16}
2036. @ 5,11,13,16}
2037. @ 5,12,16}
2038. @ 5,11,14,16}
2039. @ 5,11,14,16}
2040. @ 5,11,13,16}
2041. @ 5,12,16}
2042. @ 5,11,14,16}
2043. @ 5,11,14,16}
2044. @ 5,11,13,16}
2045. @ 5,12,16}
2046. @ 5,11,14,16}
2047. @ 5,11,14,16}
2048. @ 5,11,13,16}
2049. @ 5,12,16}
2050. @ 5,11,14,16}
2051. @ 5,11,14,16}
2052. @ 5,11,13,16}
2053. @ 5,12,16}
2054. @ 5,11,14,16}
2055. @ 5,11,14,16}
2056. @ 5,11,13,16}
2057. @ 5,12,16}
2058. @ 5,11,14,16}
2059. @ 5,11,14,16}
2060. @ 5,11,13,16}
2061. @ 5,12,16}
2062. @ 5,11,14,16}
2063. @ 5,11,14,16}
2064. @ 5,11,13,16}
2065. @ 5,12,16}
2066. @ 5,11,14,16}
2067. @ 5,11,14,16}
2068. @ 5,11,13,16}
2069. @ 5,12,16}
2070. @ 5,11,14,16}
2071. @ 5,11,14,16}
2072. @ 5,11,13,16}
2073. @ 5,12,16}
2074. @ 5,11,14,16}
2075. @ 5,11,14,16}
2076. @ 5,11,13,16}
2077. @ 5,12,16}
2078. @ 5,11,14,16}
2079. @ 5,11,14,16}
2080. @ 5,11,13,16}
2081. @ 5,12,16}
2082. @ 5,11,14,16}
2083. @ 5,11,14,16}
2084. @ 5,11,13,16}
2085. @ 5,12,16}
2086. @ 5,11,14,16}
2087. @ 5,11,14,16}
2088. @ 5,11,13,16}
2089. @ 5,12,16}
2090. @ 5,11,14,16}
2091. @ 5,11,14,16}
2092. @ 5,11,13,16}
2093. @ 5,12,16}
2094. @ 5,11,14,16}
2095. @ 5,11,14,16}
2096. @ 5,11,13,16}
2097. @ 5,12,16}
2098. @ 5,11,14,16}
2099. @ 5,11,14,16}
2100. @ 5,11,13,16}
2101. @ 5,12,16}
2102. @ 5,11,14,16}
2103. @ 5,11,14,16}
2104. @ 5,11,13,16}
2105. @ 5,12,16}
2106. @ 5,11,14,16}
2107. @ 5,11,14,16}
2108. @ 5,11,13,16}
2109. @ 5,12,16}
2110. @ 5,11,14,16}
2111. @ 5,11,14,16}
2112. @ 5,11,13,16}
2113. @ 5,12,16}
2114. @ 5,11,14,16}
2115. @ 5,11,14,16}
2116. @ 5,11,13,16}
2117. @ 5,12,16}
2118. @ 5,11,14,16}
2119. @ 5,11,14,16}
2120. @ 5,11,13,16}
2121. @ 5,12,16}
2122. @ 5,11,14,16}
2123. @ 5,11,14,16}
2124. @ 5,11,13,16}
2125. @ 5,12,16}
2126. @ 5,11,14,16}
2127. @ 5,11,14,16}
2128. @ 5,11,13,16}
2129. @ 5,12,16}
2130. @ 5,11,14,16}
2131. @ 5,11,14,16}
2132. @ 5,11,13,16}
2133. @ 5,12,16}
2134. @ 5,11,14,16}
2135. @ 5,11,14,16}
2136. @ 5,11,13,16}
2137. @ 5,12,16}
2138. @ 5,11,14,16}
2139. @ 5,11,14,16}
2140. @ 5,11,13,16}
2141. @ 5,12,16}
2142. @ 5,11,14,16}
2143. @ 5,11,14,16}
2144. @ 5,11,13,16}
2145. @ 5,12,16}
2146. @ 5,11,14,16}
2147. @ 5,11,14,16}
2148. @ 5,11,13,16}
2149. @ 5,12,16}
2150. @ 5,11,14,16}
2151. @ 5,11,14,16}
2152. @ 5,11,13,16}
2153. @ 5,12,16}
2154. @ 5,11,14,16}
2155. @ 5,11,14,16}
2156. @ 5,11,13,16}
2157. @ 5,12,16}
2158. @ 5,11,14,16}
2159. @ 5,11,14,16}
2160. @ 5,11,13,16}
2161. @ 5,12,16}
2162. @ 5,11,14,16}
2163. @ 5,11,14,16}
2164. @ 5,11,13,16}
2165. @ 5,12,16}
2166. @ 5,11,14,16}
2167. @ 5,11,14,16}
2168. @ 5,11,13,16}
2169. @ 5,12,16}
2170. @ 5,11,14,16}
2171. @ 5,11,14,16}
2172. @ 5,11,13,16}
2173. @ 5,12,16}
2174. @ 5,11,14,16}
2175. @ 5,11,14,16}
2176. @ 5,11,13,16}
2177. @ 5,12,16}
2178. @ 5,11,14,16}
2179. @ 5,11,14,16}
2180. @ 5,11,13,16}
2181. @ 5,12,16}
2182. @ 5,11,14,16}
2183. @ 5,11,14,16}
2184. @ 5,11,13,16}
2185. @ 5,12,16}
2186. @ 5,11,14,16}
2187. @ 5,11,14,16}
2188. @ 5,11,13,16}
2189. @ 5,12,16}
2190. @ 5,11,14,16}
2191. @ 5,11,14,16}
2192. @ 5,11,13,16}
2193. @ 5,12,16}
2194. @ 5,11,14,16}
2195. @ 5,11,14,16}
2196. @ 5,11,13,16}
2197. @ 5,12,16}
2198. @ 5,11,14,16}
2199. @ 5,11,14,16}
2200. @ 5,11,13,16}
2201. @ 5,12,16}
2202. @ 5,11,14,16}
2203. @ 5,11,14,16}
2204. @ 5,11,13,16}
2205. @ 5,12,16}
2206. @ 5,11,14,16}
2207. @ 5,11,14,16}
2208. @ 5,11,13,16}
2209. @ 5,12,16}
2210. @ 5,11,14,16}
2211. @ 5,11,14,16}
2212. @ 5,11,13,16}
2213. @ 5,12,16}
2214. @ 5,11,14,16}
2215. @ 5,11,14,16}
2216. @ 5,11,13,16}
2217. @ 5,12,16}
2218. @ 5,11,14,16}
2219. @ 5,11,14,16}
2220. @ 5,11,13,16}
2221. @ 5,12,16}
2222. @ 5,11,14,16}
2223. @ 5,11,14,16}
2224. @ 5,11,13,16}
2225. @ 5,12,16}
2226. @ 5,11,14,16}
2227. @ 5,11,14,16}
2228. @ 5,11,13,16}
2229. @ 5,12,16}
2230. @ 5,11,14,16}
2231. @ 5,11,14,16}
2232. @ 5,11,13,16}
2233. @ 5,12,16}
2234. @ 5,11,14,16}
2235. @ 5,11,14,16}
2236. @ 5,11,13,16}
2237. @ 5,12,16}
2238. @ 5,11,14,16}
2239. @ 5,11,14,16}
2240. @ 5,11,13,16}
2241. @ 5,12,16}
2242. @ 5,11,14,16}
2243. @ 5,11,14,16}
2244. @ 5,11,13,16}
2245. @ 5,12,16}
2246. @ 5,11,14,16}
2247. @ 5,11,14,16}
2248. @ 5,11,13,16}
2249. @ 5,12,16}
2250. @ 5,11,14,16}
2251. @ 5,11,14,16}
2252. @ 5,11,13,16}
2253. @ 5,12,16}
2254. @ 5,11,14,16}
2255. @ 5,11,14,16}
2256. @ 5,11,13,16}
2257. @ 5,12,16}
2258. @ 5,11,14,16}
2259. @ 5,11,14,16}
2260. @ 5,11,13,16}
2261. @ 5,12,16}
2262. @ 5,11,14,16}
2263. @ 5,11,14,16}
2264. @ 5,11,13,16}
2265. @ 5,12,16}
2266. @ 5,11,14,16}
2267. @ 5,11,14,16}
2268. @ 5,11,13,16}
2269. @ 5,12,16}
2270. @ 5,11,14,16}
2271. @ 5,11,14,16}
2272. @ 5,11,13,16}
2273. @ 5,12,16}
2274. @ 5,11,14,16}
2275. @ 5,11,14,16}
2276. @ 5,11,13,16}
2277. @ 5,12,16}
2278. @ 5,11,14,16}
2279. @ 5,11,14,16}
2280. @ 5,11,13,16}
2281. @ 5,12,16}
2282. @ 5,11,14,16}
2283. @ 5,11,14,16}
2284. @ 5,11,13,16}
2285. @ 5,12,16}
2286. @ 5,11,14,16}
2287. @ 5,11,14,16}
2288. @ 5,11,13,16}
2289. @ 5,12,16}
2290. @ 5,11,14,16}
2291. @ 5,11,14,16}
2292. @ 5,11,13,16}
2293. @ 5,12,16}
2294. @ 5,11,14,16}
2295. @ 5,11,14,16}
2296. @ 5,11,13,16}
2297. @ 5,12,16}
2298. @ 5,11,14,16}
2299. @ 5,11,14,16}
2300. @ 5,11,13,16}
2301. @ 5,12,16}
2302. @ 5,11,14,16}
2303. @ 5,11,14,16}
2304. @ 5,11,13,16}
2305. @ 5,12,16}
2306. @ 5,11,14,16}
2307. @ 5,11,14,16}
2308. @ 5,11,13,16}
2309. @ 5,12,16}
2310. @ 5,11,14,16}
2311. @ 5,11,14,16}
2312. @ 5,11,13,16}
2313. @ 5,12,16}
2314. @ 5,11,14,16}
2315. @ 5,11,14,16}
2316. @ 5,11,13,16}
2317. @ 5,12,16}
2318. @ 5,11,14,16}
2319. @ 5,11,14,16}
2320. @ 5,11,13,16}
2321. @ 5,12,16}
2322. @ 5,11,14,16}
2323. @ 5,11,14,16}
2324. @ 5,11,13,16}
2325. @ 5,12,16}
2326. @ 5,11,14,16}
2327. @ 5,11,14,16}
2328. @ 5,11,13,16}
2329. @ 5,12,16}
2330. @ 5,11,14,16}
2331. @ 5,11,14,16}
2332. @ 5,11,13,16}
2333. @ 5,12,16}
2334. @ 5,11,14,16}
2335. @ 5,11,14,16}
2336. @ 5,11,13,16}
2337. @ 5,12,16}
2338. @ 5,11,14,16}
2339. @ 5,11,14,16}
2340. @ 5,11,13,16}
2341. @ 5,12,16}
2342. @ 5,11,14,16}
2343. @ 5,11,14,16}
2344. @ 5,11,13,16}
2345. @ 5,12,16}
2346. @ 5,11,14,16}
2347. @ 5,11,14,16}
2348. @ 5,11,13,16}
2349. @ 5,12,16}
2350. @ 5,11,14,16}
2351. @ 5,11,14,16}
2352. @ 5,11,13,16}
2353. @ 5,12,16}
2354. @ 5,11,14,16}
2355. @ 5,11,14,16}
2356. @ 5,11,13,16}
2357. @ 5,12,16}
2358. @ 5,11,14,16}
2359. @ 5,11,14,16}
2360. @ 5,11,13,16}
2361. @ 5,12,16}
2362. @ 5,11,14,16}
2363. @ 5,11,14,16}
2364. @ 5,11,13,16}
2365. @ 5,12,16}
2366. @ 5,11,14,16}
2367. @ 5,11,14,16}
2368. @ 5,11,13,16}
2369. @ 5,12,16}
2370. @ 5,11,14,16}
2371. @ 5,11,14,16}
2372. @ 5,11,13,16}
2373. @ 5,12,16}
2374. @ 5,11,14,16}
2375. @ 5,11,14,16}
2376. @ 5,11,13,16}
2377. @ 5,12,16}
2378. @ 5,11,14,16}
2379. @ 5,11,14,16}
2380. @ 5,11,13,16}
2381. @ 5,12,16}
2382. @ 5,11,14,16}
2383. @ 5,11,14,16}
2384. @ 5,11,13,16}
2385. @ 5,12,16}
2386. @ 5,11,14,16}
2387. @ 5,11,14,16}
2388. @ 5,11,13,16}
2389. @ 5,12,16}
2390. @ 5,11,14,16}
2391. @ 5,11,14,16}
2392. @ 5,11,13,16}
2393. @ 5,12,16}
2394. @ 5,11,14,16}
2395. @ 5,11,14,16}
2396. @ 5,11,13,16}
2397. @ 5,12,16}
2398. @ 5,11,14,16}
2399. @ 5,11,14,16}
2400. @ 5,11,13,16}
2401. @ 5,12,16}
2402. @ 5,11,14,16}
2403. @ 5,11,14,16}
2404. @ 5,11,13,16}
2405. @ 5,12,16}
2406. @ 5,11,14,16}
2407. @ 5,11,14,16}
2408. @ 5,11,13,16}
2409. @ 5,12,16}
2410. @ 5,11,14,16}
2411. @ 5,11,14,16}
2412. @ 5,11,13,16}
2413. @ 5,12,16}
2414. @ 5,11,14,16}
2415. @ 5,11,14,16}
2416. @ 5,11,13,16}
2417. @ 5,12,16}
2418. @ 5,11,14,16}
2419. @ 5,11,14,16}
2420. @ 5,11,13,16}
2421. @ 5,12,16}
2422. @ 5,11,14,16}
2423. @ 5,11,14,16}
2424. @ 5,11,13,16}
2425. @ 5,12,16}
2426. @ 5,11,14,16}
2427. @ 5,11,14,16}
2428. @ 5,11,13,16}
2429. @ 5,12,16}
2430. @ 5,11,14,16}
2431. @ 5,11,14,16}
2432. @ 5,11,13,16}
2433. @ 5,12,16}
2434. @ 5,11,14,16}
2435. @ 5,11,14,16}
2436. @ 5,11,13,16}
2437. @ 5,12,16}
2438. @ 5,11,14,16}
2439. @ 5,11,14,16}
2440. @ 5,11,13,16}
2441. @ 5,12,16}
2442. @ 5,11,14,16}
2443. @ 5,11,14,16}
2444. @ 5,11,13,16}
2445. @ 5,12,16}
2446. @ 5,11,14,16}
2447. @ 5,11,14,16}
2448. @ 5,11,13,16}
2449. @ 5,12,16}
2450. @ 5,11,14,16}
2451. @ 5,11,14,16}
2452. @ 5,11,13,16}
2453. @ 5,12,16}
2454. @ 5,11,14,16}
2455. @ 5,11,14,16}
2456. @ 5,11,13,16}
2457. @ 5,12,16}
2458. @ 5,11,14,16}
2459. @ 5,11,14,16}
2460. @ 5,11,13,16}
2461. @ 5,12,16}
2462. @ 5,11,14,16}
2463. @ 5,11,14,16}
2464. @ 5,11,13,16}
2465. @ 5,12,16}
2466. @ 5,11,14,16}
2467. @ 5,11,14,16}
2468. @ 5,11,13,16}
2469. @ 5,12,16}
2470. @ 5,11,14,16}
2471. @ 5,11,14,16}
2472. @ 5,11,13,16}
2473. @ 5,12,16}
2474. @ 5,11,14,16}
2475. @ 5,11,14,16}
2476. @ 5,11,13,16}
2477. @ 5,12,16}
2478. @ 5,11,14,16}
2479. @ 5,11,14,16}
2480. @ 5,11,13,16}
2481. @ 5,12,16}
2482. @ 5,11,14,16}
2483. @ 5,11,14,16}
2484. @ 5,11,13,16}
2485. @ 5,12,16}
2486. @ 5,11,14,16}
2487. @ 5,11,14,16}
2488. @ 5,11,13,16}
2489. @ 5,12,16}
2490. @ 5,11,14,16}
2491. @ 5,11,14,16}
2492. @ 5,11,13,16}
2493. @ 5,12,16}
2494. @ 5,11,14,16}
2495. @ 5,11,14,16}
2496. @ 5,11,13,16}
2497. @ 5,12,16}
2498. @ 5,11,14,16}
2499. @ 5,11,14,16}
2500. @ 5,11,13,16}
2501. @ 5,12,16}
2502. @ 5,11,14,16}
2503. @ 5,11,14,16}
2504. @ 5,11,13,16}
2505. @ 5,12,16}
2506. @ 5,11,14,16}
2507. @ 5,11,14,16}
2508. @ 5,11,13,16}
2509. @ 5,12,16}
2510. @ 5,11,14,16}
2511. @ 5,11,14,16}
2512. @ 5,11,13,16}
2513. @ 5,12,16}
2514. @ 5,11,14,16}
2515. @ 5,11,14,16}
2516. @ 5,11,13,16}
2517. @ 5,12,16}
2518. @ 5,11,14,16}
2519. @ 5,11,14,16}
2520. @ 5,11,13,16}
2521. @ 5,12,16}
2522. @ 5,11,14,16}
2523. @ 5,11,14,16}
2524. @ 5,11,13,16}
2525. @ 5,12,16}
2526. @ 5,11,14,16}
2527. @ 5,11,14,16}
2528. @ 5,11,13,16}
2529. @ 5,12,16}
2530. @ 5,11,14,16}
2531. @ 5,11,14,16}
2532. @ 5,11,13,16}
2533. @ 5,12,16}
2534. @ 5,11,14,16}
2535. @ 5,11,14,16}
2536. @ 5,11,13,16}
2537. @ 5,12,16}
2538. @ 5,11,14,16}
2539. @ 5,11,14,16}
2540. @ 5,11,13,16}
2541. @ 5,12,16}
2542. @ 5,11,14,16}
2543. @ 5,11,14,16}
2544. @ 5,11,13,16}
2545. @ 5,12,16}
2546. @ 5,11,14,16}
2547. @ 5,11,14,16}
2548. @ 5,11,13,16}
2549. @ 5,12,16}
2550. @ 5,11,14,16}
2551. @ 5,11,14,16}
2552. @ 5,11,13,16}
2553. @ 5,12,16}
2554. @ 5,11,14,16}
2555. @ 5,11,14,16}
2556. @ 5,11,13,16}
2557. @ 5,12,16}
2558. @ 5,11,14,16}
2559. @ 5,11,14,16}
2560. @ 5,11,13,16}
2561. @ 5,12,16}
2562. @ 5,11,14,16}
2563. @ 5,11,14,16}
2564. @ 5,11,13,16}
2565. @ 5,12,16}
2566. @ 5,11,14,16}
2567. @ 5,11,14,16}
2568. @ 5,11,13,16}
2569. @ 5,12,16}
2570. @ 5,11,14,16}
2571. @ 5,11,14,16}
2572. @ 5,11,13,16}
2573. @ 5,12,16}
2574. @ 5,11,14,16}
2575. @ 5,11,14,16}
2576. @ 5,11,13,16}
2577. @ 5,12,16}
2578. @ 5,11,14,16}
2579. @ 5,11,14,16}
2580. @ 5,11,13,16}
2581. @ 5,12,16}
2582. @ 5,11,14,16}
2583. @ 5,11,14,16}
2584. @ 5,11,13,16}
2585. @ 5,12,16}
2586. @ 5,11,14,16}
2587. @ 5,11,14,16}
2588. @ 5,11,13,16}
2589. @ 5,12,16}
2590. @ 5,11,14,16}
2591. @ 5,11,14,16}
2592. @ 5,11,13,16}
2593. @ 5,12,16}
2594. @ 5,11,14,16}
2595. @ 5,11,14,16}
2596. @ 5,11,13,16}
2597. @ 5,12,16}
2598. @ 5,11,14,16}
2599. @ 5,11,14,16}
2600. @ 5,11,13,16}
2601. @ 5,12,16}
2602. @ 5,11,14,16}
2603. @ 5,11,14,16}
2604. @ 5,11,13,16}
2605. @ 5,12,16}
2606. @ 5,11,14,16}
2607. @ 5,11,14,16}
2608. @ 5,11,13,16}
2609. @ 5,12,16}
2610. @ 5,11,14,16}
2611. @ 5,11,14,16}
2612. @ 5,11,13,16}
2613. @ 5,12,16}
2614. @ 5,11,14,16}
2615. @ 5,11,14,16}
2616. @ 5,11,13,16}
2617. @ 5,12,16}
2618. @ 5,11,14,16}
2619. @ 5,11,14,16}
2620. @ 5,11,13,16}
2621. @ 5,12,16}
2622. @ 5,11,14,16}
2623. @ 5,11,14,16}
2624. @ 5,11,13,16}
2625. @ 5,12,16}
2626. @ 5,11,14,16}
2627. @ 5,11,14,16}
2628. @ 5,11,13,16}
2629. @ 5,12,16}
2630. @ 5,11,14,16}
2631. @ 5,11,14,16}
2632. @ 5,11,13,16}
2633. @ 5,12,16}
2634. @ 5,11,14,16}
2635. @ 5,11,14,16}
2636. @ 5,11,13,16}
2637. @ 5,12,16}
2638. @ 5,11,14,16}
2639. @ 5,11,14,16}
2640. @ 5,11,13,16}
2641. @ 5,12,16}
2642. @ 5,11,14,16}
2643. @ 5,11,14,16}
2644. @ 5,11,13,16}
2645. @ 5,12,16}
2646. @ 5,11,14,16}
2647. @ 5,11,14,16}
2648. @ 5,11,13,16}
2649. @ 5,12,16}
2650. @ 5,11,14,16}
2651. @ 5,11,14,16}
2652. @ 5,11,13,16}
2653. @ 5,12,16}
2654. @ 5,11,14,16}
2655. @ 5,11,14,16}
2656. @ 5,11,13,16}
2657. @ 5,12,16}
2658. @ 5,11,14,16}
2659. @ 5,11,14,16}
2660. @ 5,11,13,16}
2661. @ 5,12,16}
2662. @ 5,11,14,16}
2663. @ 5,11,14,16}
2664. @ 5,11,13,16}
2665. @ 5,12,16}
2666. @ 5,11,14,16}
2667. @ 5,11,14,16}
2668. @ 5,11,13,16}
2669. @ 5,12,16}
2670. @ 5,11,14,16}
2671. @ 5,11,14,16}
2672. @ 5,11,13,16}
2673. @ 5,12,16}
2674. @ 5,11,14,16}
2675. @ 5,11,14,16}
2676. @ 5,11,13,16}
2677. @ 5,12,16}
2678. @ 5,11,14,16}
2679. @ 5,11,14,16}
2680. @ 5,11,13,16}
2681. @ 5,12,16}
2682. @ 5,11,14,16}
2683. @ 5,11,14,16}
2684. @ 5,11,13,16}
2685. @ 5,12,16}
2686. @ 5,11,14,16}
2687. @ 5,11,14,16}
2688. @ 5,11,13,16}
2689. @ 5,12,16}
2690. @ 5,11,14,16}
2691. @ 5,11,14,16}
2692. @ 5,11,13,16}
2693. @ 5,12,16}
2694. @ 5,11,14,16}
2695. @ 5,11,14,16}
2696. @ 5,11,13,16}
2697. @ 5,12,16}
2698. @ 5,11,14,16}
2699. @ 5,11,14,16}
2700. @ 5,11,13,16}
2701. @ 5,12,16}
2702. @ 5,11,14,16}
2703. @ 5,11,14,16}
2704. @ 5,11,13,16}
2705. @ 5,12,16}
2706. @ 5,11,14,16}
2707. @ 5,11,14,16}
2708. @ 5,11,13,16}
2709. @ 5,12,16}
2710. @ 5,11,14,16}
2711. @ 5,11,14,16}
2712. @ 5,11,13,16}
2713. @ 5,12,16}
2714. @ 5,11,14,16}
2715. @ 5,11,14,16}
2716. @ 5,11,13,16}
2717. @ 5,12,16}
2718. @ 5,11,14,16}
2719. @ 5,11,14,16}
2720. @ 5,11,13,16}
2721. @ 5,12,16}
2722. @ 5,11,14,16}
2723. @ 5,11,14,16}
2724. @ 5,11,13,16}
2725. @ 5,12,16}
2726. @ 5,11,14,16}
2727. @ 5,11,14,16}
2728. @ 5,11,13,16}
2729. @ 5,12,16}
2730. @ 5,11,14,16}
2731. @ 5,11,14,16}
2732. @ 5,11,13,16}
2733. @ 5,12,16}
2734. @ 5,11,14,16}
2735. @ 5,11,14,16}
2736. @ 5,11,13,16}
2737. @ 5,12,16}
2738. @ 5,11,14,16}
2739. @ 5,11,14,16}
2740. @ 5,11,13,16}
2741. @ 5,12,16}
2742. @ 5,11,14,16}
2743. @ 5,11,14,16}
2744. @ 5,11,13,16}
2745. @ 5,12,16}
2746. @ 5,11,14,16}
2747. @ 5,11,14,16}
2748. @ 5,11,13,16}
2749. @ 5,12,16}
2750. @ 5,11,14,16}
2751. @ 5,11,14,16}
2752. @ 5,11,13,16}
2753. @ 5,12,16}
2754. @ 5,11,14,16}
2755. @ 5,11,14,16}
2756. @ 5,11,13,16}
2757. @ 5,12,16}
2758. @ 5,11,14,16}
2759. @ 5,11,14,16}
2760. @ 5,11,13,16}
2761. @ 5,12,16}
2762. @ 5,11,14,16}
2763. @ 5,11,14,16}
2764. @ 5,11,13,16}
2765. @ 5,12,16}
2766. @ 5,11,14,16}
2767. @ 5,11,14,16}
2768. @ 5,11,13,16}
2769. @ 5,12,16}
2770. @ 5,11,14,16}
2771. @ 5,11,14,16}
2772. @ 5,11,13,16}
2773. @ 5,12,16}
2774. @ 5,11,14,16}
2775. @ 5,11,14,16}
2776. @ 5,11,13,16}
2777. @ 5,12,16}
2778. @ 5,11,14,16}
2779. @ 5,11,14,16}
2780. @ 5,11,13,16}
2781. @ 5,12,16}
2782. @ 5,11,14,16}
2783. @ 5,11,14,16}
2784. @ 5,11,13,16}
2785. @ 5,12,16}
2786. @ 5,11,14,16}
2787. @ 5,11,14,16}
2788. @ 5,11,13,16}
2789. @ 5,12,16}
2790. @ 5,11,14,16}
2791. @ 5,11,14,16}
2792. @ 5,11,13,16}
2793. @ 5,12,16}
2794. @ 5,11,14,16}
2795. @ 5,11,14,16}
2796. @ 5,11,13,16}
2797. @ 5,12,16}
2798. @ 5,11,14,16}
2799. @ 5,11,14,16}
2800. @ 5,11,13,16}
2801. @ 5,12,16}
2802. @ 5,11,14,16}
2803. @ 5,11,14,16}
2804. @ 5,11,13,16}
2805. @ 5,12,16}
2806. @ 5,11,14,16}
2807. @ 5,11,14,16}
2808. @ 5,11,13,16}
2809. @ 5,12,16}
2810. @ 5,11,14,16}
2811. @ 5,11,14,16}
2812. @ 5,11,13,16}
2813. @ 5,12,16}
2814. @ 5,11,14,16}
2815. @ 5,11,14,16}
2816. @ 5,11,13,16}
2817. @ 5,12,16}
2818. @ 5,11,14,16}
2819. @ 5,11,14,16}
2820. @ 5,11,13,16}
2821. @ 5,12,16}
2822. @ 5,11,14,16}
2823. @ 5,11,14,16}
2824. @ 5,11,13,16}
2825. @ 5,12,16}
2826. @ 5,11,14,16}
2827. @ 5,11,14,16}
2828. @ 5,11,13,16}
2829. @ 5,12,16}
2830. @ 5,11,14,16}
2831. @ 5,11,14,16}
2832. @ 5,11,13,16}
2833. @ 5,12,16}
2834. @ 5,11,14,16}
2835. @ 5,11,14,16}
2836. @ 5,11,13,16}
2837. @ 5,12,16}
2838. @ 5,11,14,16}
2839. @ 5,11,14,16}
2840. @ 5,11,13,16}
2841. @ 5,12,16}
2842. @ 5,11,14,16}
2843. @ 5,11,14,16}
2844. @ 5,11,13,16}
2845. @ 5,12,16}
2846. @ 5,11,14,16}
2847. @ 5,11,14,16}
2848. @ 5,11,13,16}
2849. @ 5,12,16}
2850. @ 5,11,14,16}
2851. @ 5,11,14,16}
2852. @ 5,11,13,16}
2853. @ 5,12,16}
2854. @ 5,11,14,16}
2855. @ 5,11,14,16}
2856. @ 5,11,13,16}
2857. @ 5,12,16}
2858. @ 5,11,14,16}
2859. @ 5,11,14,16}
2860. @ 5,11,13,16}
2861. @ 5,12,16}
2862. @ 5,11,14,16}
2863. @ 5,11,14,16}
2864. @ 5,11,13,16}
2865. @ 5,12,16}
2866. @ 5,11,14,16}
2867. @ 5,11,14,16}
2868. @ 5,11,13,16}
2869. @ 5,12,16}
2870. @ 5,11,14,16}
2871. @ 5,11,14,16}
2872. @ 5,11,13,16}
2873. @ 5,12,16}
2874. @ 5,11,14,16}
2875. @ 5,11,14,16}
2876. @ 5,11,13,16}
2877. @ 5,12,16}
2878. @ 5,11,14,16}
2879. @ 5,11,14,16}
2880. @ 5,11,13,16}
2881. @ 5,12,16}
2882. @ 5,11,14,16}
2883. @ 5,11,14,16}
2884. @ 5,11,13,16}
2885. @ 5,12,16}
2886. @ 5,11,14,16}
2887. @ 5,11,14,16}
2888. @ 5,11,13,16}
2889. @ 5,12,16}
2890. @ 5,11,14,16}
2891. @ 5,11,14,16}
2892. @ 5,11,13,16}
2893. @ 5,12,16}
2894. @ 5,11,14,16}
2895. @ 5,11,14,16}
2896. @ 5,11,13,16}
2897. @ 5,12,16}
2898. @ 5,11,14,16}
2899. @ 5,11,14,16}
2900. @ 5,11,13,16}
2901. @ 5,12,16}
2902. @ 5,11,14,16}
2903. @ 5,11,14,16}
2904. @ 5,11,13,16}
2905. @ 5,12,16}
2906. @ 5,11,14,16}
2907. @ 5,11,14,16}
2908. @ 5,11,13,16}
2909. @ 5,12,16}
2910. @ 5,11,14,16}
2911. @ 5,11,14,16}
2912. @ 5,11,13,16}
2913. @ 5,12,16}
2914. @ 5,11,14,16}
2915. @ 5,11,14,16}
2916. @ 5,11,13,16}
2917. @ 5,12,16}
2918. @ 5,11,14,16}
2919. @ 5,11,14,16}
2920. @ 5,11,13,16}
2921. @ 5,12,16}
2922. @ 5,11,14,16}
2923. @ 5,11,14,16}
2924. @ 5,11,13,16}
2925. @ 5,12,16}
2926. @ 5,11,14,16}
2927. @ 5,11,14,16}
2928. @ 5,11,13,16}
2929. @ 5,12,16}
2930. @ 5,11,14,16}
2931. @ 5,11,14,16}
2932. @ 5,11,13,16}
2933. @ 5,12,16}
2934. @ 5,11,14,16}
2935. @ 5,11,14,16}
2936. @ 5,11,13,16}
2937. @ 5,12,16}
2938. @ 5,11,14,16}
2939. @ 5,11,14,16}
2940. @ 5,11,13,16}
2941. @ 5,12,16}
2942. @ 5,11,14,16}
2943. @ 5,11,14,16}
2944. @ 5,11,13,16}
2945. @ 5,12,16}
2946. @ 5,11,14,16}
2947. @ 5,11,14,16}
2948. @ 5,11,13,16}
2949. @ 5,12,16}
2950. @ 5,11,14,16}
2951. @ 5,11,14,16}
2952. @ 5,11,13,16}
2953. @ 5,12,16}
2954. @ 5,11,14,16}
2955. @ 5,11,14,16}
2956. @ 5,11,13,16}
2957. @ 5,12,16}
2958. @ 5,11,14,16}
2959. @ 5,11,14,16}
2960. @ 5,11,13,16}
2961. @ 5,12,16}
2962. @ 5,11,14,16}
2963. @ 5,11,14,16}
2964. @ 5,11,13,16}
2965. @ 5,12,16}
2966. @ 5,11,14,16}
2967. @ 5,11,14,16}
2968. @ 5,11,13,16}
2969. @ 5,12,16}
2970. @ 5,11,14,16}
2971. @ 5,11,14,16}
2972. @ 5,11,13,16}
2973. @ 5,12,16}
2974. @ 5,11,14,16}
2975. @ 5,11,14,16}
2976. @ 5,11,13,16}
2977. @ 5,12,16}
2978. @ 5,11,14,16}
2979. @ 5,11,14,16}
2980. @ 5,11,13,16}
2981. @ 5,12,16}
2982. @ 5,11,14,16}
2983. @ 5,11,14,16}
2984. @ 5,11,13,16}
2985. @ 5,12,16}
2986. @ 5,11,14,16}
2987. @ 5,11,14,16}
2988. @ 5,11,13,16}
2989. @ 5,12,16}
2990. @ 5,11,14,16}
2991. @ 5,11,14,16}
2992. @ 5,11,13,16}
2993. @ 5,12,16}
2994. @ 5,11,14,16}
2995. @ 5,11,14,16}
2996. @ 5,11,13,16}
2997. @ 5,12,16}
2998. @ 5,11,14,16}
2999. @ 5,11,14,16}
3000. @ 5,11,13,16}
3001. @ 5,12,16}
3002. @ 5,11,14,16}
3003. @ 5,11,14,16}
3004. @ 5,11,13,16}
3005. @ 5,12,16}
3006. @ 5,11,14,16}
3007. @ 5,11,14,16}
3008. @ 5,11,13,16}
3009. @ 5,12,16}
3010. @ 5,11,14,16}
3011. @ 5,11,14,16}
3012. @ 5,11,13,16}
3013. @ 5,12,16}
3014. @ 5,11,14,16}
3015. @ 5,11,14,16}
3016. @ 5,11,13,16}
3017. @ 5,12,16}
3018. @ 5,11,14,16}
3019. @ 5,11,14,16}
3020. @ 5,11,13,16}
3021. @ 5,12,16}
3022. @ 5,11,14,16}
3023. @ 5,11,14,16}
3024. @ 5,11,13,16}
3025. @ 5,12,16}
3026. @ 5,11,14,16}
3027. @ 5,11,14,16}
3028. @ 5,11,13,16}
3029. @ 5,12,16}
3030. @ 5,11,14,16}
3031. @ 5,11,14,16}
3032. @ 5,11,13,16}
3033. @ 5,12,16}
3034. @ 5,11,14,16}
3035. @ 5,11,14,16}
3036. @ 5,11,13,16}
3037. @ 5,12,16}
3038. @ 5,11,14,16}
3039. @ 5,11,14,16}
3040. @ 5,11,13,16}
3041. @ 5,12,16}
3042. @ 5,11,14,16}
3043. @ 5,11,14,16}
3044. @ 5,11,13,16}
3045. @ 5,12,16}
3046. @ 5,11,14,16}
3047. @ 5,11,14,16}
3048. @ 5,11,13,16}
3049. @ 5,12,16}
3050. @ 5,11,14,16}
3051. @ 5,11,14,16}
3052. @ 5,11,13,16}
3053. @ 5,12,16}
3054. @ 5,11,14,16}
3055. @ 5,11,14,16}
3056. @ 5,11,13,16}
3057. @ 5,12,16}
3058. @ 5,11,14,16}
3059. @ 5,11,14,16}
3060. @ 5,11,13,16}
3061. @ 5,12,16}
3062. @ 5,11,14,16}
3063. @ 5,11,14,16}
3064. @ 5,11,13,16}
3065. @ 5,12,16}
3066. @ 5,11,14,16}
3067. @ 5,11,14,16}
3068. @ 5,11,13,16}
3069. @ 5,12,16}
3070. @ 5,11,14,16}
3071. @ 5,11,14,16}
3072. @ 5,11,13,16}
3073. @ 5,12,16}
3074. @ 5,11,14,16}
3075. @ 5,11,14,16}
3076. @ 5,11,13,16}
3077. @ 5,12,16}
3078. @ 5,11,14,16}
3079. @ 5,11,14,16}
3080. @ 5,11,13,16}
3081. @ 5,12,16}
3082. @ 5,11,14,16}
3083. @ 5,11,14,16}
3084. @ 5,11,13,16}
3085. @ 5,12,16}
3086. @ 5,11,14,16}
3087. @ 5,11,14,16}
3088. @ 5,11,13,16}
3089. @ 5,12,16}
3090. @ 5,11,14,16}
3091. @ 5,11,14,16}
3092. @ 5,11,13,16}
3093. @ 5,12,16}
3094. @ 5,11,14,16}
3095. @ 5,11,14,16}
3096. @ 5,11,13,16}
3097. @ 5,12,16}
3098. @ 5,11,14,16}
3099. @ 5,11,14,16}
3100. @ 5,11,13,16}
3101. @ 5,12,16}
3102. @ 5,11,14,16}
3103. @ 5,11,14,16}
3104. @ 5,11,13,16}
3105. @ 5,12,16}
3106. @ 5,11,14,16}
3107. @ 5,11,14,16}
3108. @ 5,11,13,16}
3109. @ 5,12,16}
3110. @ 5,11,14,16}
3111. @ 5,11,14,16}
3112. @ 5,11,13,16}
3113. @ 5,12,16}
3114. @ 5,11,14,16}
3115. @ 5,11,14,16}
3116. @ 5,11,13,16}
3117. @ 5,12,16}
3118. @ 5,11,14,16}
3119. @ 5,11,14,16}
3120. @ 5,11,13,16}
3121. @ 5,12,16}
3122. @ 5,11,14,16}
3123. @ 5,11,14,16}
3124. @ 5,11,13,16}
3125. @ 5,12,16}
3126. @ 5,11,14,16}
3127. @ 5,11,14,16}
3128. @ 5,11,13,16}
3129. @ 5,12,16}
3130. @ 5,11,14,16}
3131. @ 5,11,14,16}
3132. @ 5,11,13,16}
3133. @ 5,12,16}
3134. @ 5,11,14,16}
3135. @ 5,11,14,16}
3136. @ 5,11,13,16}
3137. @ 5,12,16}
3138. @ 5,11,14,16}
3139. @ 5,11,14,16}
3140. @ 5,11,13,16}
3141. @ 5,12,16}
3142. @ 5,11,14,16}
3143. @ 5,11,14,16}
3144. @ 5,11,13,16}
3145. @ 5,12,16}
3146. @ 5,11,14,16}
3147. @ 5,11,14,16}
3148. @ 5,11,13,16}
3149. @ 5,12,16}
3150. @ 5,11,14,16}
3151. @ 5,11,14,16}
3152. @ 5,11,13,16}
3153. @ 5,12,16}
3154. @ 5,11,14,16}
3155. @ 5,11,14,16}
3156. @ 5,11,13,16}
3157. @ 5,12,16}
3158. @ 5,11,14,16}
3159. @ 5,11,14,16}
3160. @ 5,11,13,16}
3161. @ 5,12,16}
3162. @ 5,11,14,16}
3163. @ 5,11,14,16}
3164. @ 5,11,13,16}
3165. @ 5,12,16}
3166. @ 5,11,14,16}
3167. @ 5,11,14,16}
3168. @ 5,11,13,16}
3169. @ 5,12,16}
3170. @ 5,11,14,16}
3171. @ 5,11,14,16}
3172. @ 5,11,13,16}
3173. @ 5,12,16}
3174. @ 5,11,14,16}
3175. @ 5,11,14,16}
3176. @ 5,11,13,16}
3177. @ 5,12,16}
3178. @ 5,11,14,16}
3179. @ 5,11,14,16}
3180. @ 5,11,13,16}
3181. @ 5,12,16}
3182. @ 5,11,14,16}
3183. @ 5,11,14,16}
3184. @ 5,11,13,16}
3185. @ 5,12,16}
3186. @ 5,11,14,16}
3187. @ 5,11,14,16}
3188. @ 5,11,13,16}
3189. @ 5,12,16}
3190. @ 5,11,14,16}
3191. @ 5,11,14,16}
3192. @ 5,11,13,16}
3193. @ 5,12,16}
3194. @ 5,11,14,16}
3195. @ 5,11,14,16}
3196. @ 5,11,13,16}
3197. @ 5,12,16}
3198. @ 5,11,14,16}
3199. @ 5,11,14,16}
3200. @ 5,11,13,16}
3201. @ 5,12,16}
3202. @ 5,11,14,16}
3203. @ 5,11,14,16}
3204. @ 5,11,13,16}
3205. @ 5,12,16}
3206. @ 5,11,14,16}
3207. @ 5,11,14,16}
3208. @ 5,11,13,16}
3209. @ 5,12,16}
3210. @ 5,11,14,16}
3211. @ 5,11,14,16}
3212. @ 5,11,13,16}
3213. @ 5,12,16}
3214. @ 5,11,14,16}
3215. @ 5,11,14,16}
3216. @ 5,11,13,16}
3217. @ 5,12,16}
3218. @ 5,11,14,16}
3219. @ 5,11,14,16}
3220. @ 5,11,13,16}
3221. @ 5,12,16}
3222. @ 5,11,14,16}
3223. @ 5,11,14,16}
3224. @ 5,11,13,16}
3225. @ 5,12,16}
3226. @ 5,11,14,16}
3227. @ 5,11,14,16}
3228. @ 5,11,13,16}
3229. @ 5,12,16}
3230. @ 5,11,14,16}
3231. @ 5,11,14,16}
3232. @ 5,11,13,16}
3233. @ 5,12,16}
3234. @ 5,11,14,16}
3235. @ 5,11,14,16}
3236. @ 5,11,13,16}
3237. @ 5,12,16}
3238. @ 5,11,14,16}
3239. @ 5,11,14,16}
3240. @ 5,11,13,16}
3241. @ 5,12,16}
3242. @ 5,11,14,16}
3243. @ 5,11,14,16}
3244. @ 5,11,13,16}
3245. @ 5,12,16}
3246. @ 5,11,14,16}
3247. @ 5,11,14,16}
3248. @ 5,11,13,16}
3249. @ 5,12,16}
3250. @ 5,11,14,16}
3251. @ 5,11,14,16}
3252. @ 5,11,13,16}
3253. @ 5,12,16}
3254. @ 5,11,14,16}
3255. @ 5,11,14,16}
3256. @ 5,11,13,16}
3257. @ 5,12,16}
3258. @ 5,11,14,16}
3259. @ 5,11,14,16}
3260. @ 5,11,13,16}
3261. @ 5,12,16}
3262. @ 5,11,14,16}
3263. @ 5,11,14,16}
3264. @ 5,11,13,16}
3265. @ 5,12,16}
3266. @ 5,11,14,16}
3267. @ 5,11,14,16}
3268. @ 5,11,13,16}
3269. @ 5,12,16}
3270. @ 5,11,14,16}
3271. @ 5,11,14,16}
3272. @ 5,11,13,16}
3273. @ 5,12,16}
3274. @ 5,11,14,16}
3275. @ 5,11,14,16}
3276. @ 5,11,13,16}
3277. @ 5,12,16}
3278. @ 5,11,14,16}
3279. @ 5,11,14,16}
3280. @ 5,11,13,16}
3281. @ 5,12,16}
3282. @ 5,11,14,16}
3283. @ 5,11,14,16}
3284. @ 5,11,13,16}
3285. @ 5,12,16}
3286. @ 5,11,14,16}
3287. @ 5,11,14,16}
3288. @ 5,11,13,16}
3289. @ 5,12,16}
3290. @ 5,11,14,16}
3291. @ 5,11,14,16}
3292. @ 5,11,13,16}
3293. @ 5,12,16}
3294. @ 5,11,14,16}
3295. @ 5,11,14,16}
3296. @ 5,11,13,16}
3297. @ 5,12,16}
3298. @ 5,11,14,16}
3299. @ 5,11,14,16}
3300. @ 5,11,13,16}
3301. @ 5,12,16}
3302. @ 5,11,14,16}
3303. @ 5,11,14,16}
3304. @ 5,11,13,16}
3305. @ 5,12,16}
3306. @ 5,11,14,16}
3307. @ 5,11,14,16}
3308. @ 5,11,13,16}
3309. @ 5,12,16}
3310. @ 5,11,14,16}
3311. @ 5,11,14,16}
3312. @ 5,11,13,16}
3313. @ 5,12,16}
3314. @ 5,11,14,16}
3315. @ 5,11,14,16}
3316. @ 5,11,13,16}
3317. @ 5,12,16}
3318. @ 5,11,14,16}
3319. @ 5,11,14,16}
3320. @ 5,11,13,16}
3321. @ 5,12,16}
3322. @ 5,11,14,16}
3323. @ 5,11,14,16}
3324. @ 5,11,13,16}
3325. @ 5,12,16}
3326. @ 5,11,14,16}
3327. @ 5,11,14,16}
3328. @ 5,11,13,16}
3329. @ 5,12,16}
3330. @ 5,11,14,16}
3331. @ 5,11,14,16}
3332. @ 5,11,13,16}
3333. @ 5,12,16}
3334. @ 5,11,14,16}
3335. @ 5,11,14,16}
3336. @ 5,11,13,16}
3337. @ 5,12,16}
3338. @ 5,11,14,16}
3339. @ 5,11,14,16}
3340. @ 5,11,13,16}
3341. @ 5,12,16}
3342. @ 5,11,14,16}
3343. @ 5,11,14,16}
3344. @ 5,11,13,16}
3345. @ 5,12,16}
3346. @ 5,11,14,16}
3347. @ 5,11,14,16}
3348. @ 5,11,13,16}
3349. @ 5,12,16}
3350. @ 5,11,14,16}
3351. @ 5,11,14,16}
3352. @ 5,11,13,16}
3353. @ 5,12,16}
3354. @ 5,11,14,16}
3355. @ 5,11,14,16}
3356. @ 5,11,13,16}
3357. @ 5,12,16}
3358. @ 5,11,14,16}
3359. @ 5,11,14,16}
3360. @ 5,11,13,16}
3361. @ 5,12,16}
3362. @ 5,11,14,16}
3363. @ 5,11,14,16}
3364. @ 5,11,13,16}
3365. @ 5,12,16}
3366. @ 5,11,14,16}
3367. @ 5,11,14,16}
3368. @ 5,11,13,16}
3369. @ 5,12,16}
3370. @ 5,11,14,16}
3371. @ 5,11,14,16}
3372. @ 5,11,13,16}
3373. @ 5,12,16}
3374. @ 5,11,14,16}
3375. @ 5,11,14,16}
3376. @ 5,11,13,16}
3377. @ 5,12,16}
3378. @ 5,11,14,16}
3379. @ 5,11,14,16}
3380. @ 5,11,13,16}
3381. @ 5,12,16}
3382. @ 5,11,14,16}
3383. @ 5,11,14,16}
3384. @ 5,11,13,16}
3385. @ 5,12,16}
3386. @ 5,11,14,16}
3387. @ 5,11,14,16}
3388. @ 5,11,13,16}
3389. @ 5,12,16}
3390. @ 5,11,14,16}
3391. @ 5,11,14,16}
3392. @ 5,11,13,16}
3393. @ 5,12,16}
3394. @ 5,11,14,16}
3395. @ 5,11,14,16}
3396. @ 5,11,13,16}
3397. @ 5,12,16}
3398. @ 5,11,14,16}
3399. @ 5,11,14,16}
3400. @ 5,11,13,16}
3401. @ 5,12,16}
3402. @ 5,11,14,16}
3403. @ 5,11,14,16}
3404. @ 5,11,13,16}
3405. @ 5,12,16}
3406. @ 5,11,14,16}
3407. @ 5,11,14,16}
3408. @ 5,11,13,16}
3409. @ 5,12,16}
3410. @ 5,11,14,16}
3411. @ 5,11,14,16}
3412. @ 5,11,13,16}
3413. @ 5,12,16}
3414. @ 5,11,14,16}
3415. @ 5,11,14,16}
3416. @ 5,11,13,16}
3417. @ 5,12,16}
3418. @ 5,11,14,16}
3419. @ 5,11,14,16}
3420. @ 5,11,13,16}
3421. @ 5,12,16}
3422. @ 5,11,14,16}
3423. @ 5,11,14,16}
3424. @ 5,11,13,16}
3425. @ 5,12,16}
3426. @ 5,11,14,16}
3427. @ 5,11,14,16}
3428. @ 5,11,13,16}
3429. @ 5,12,16}
3430. @ 5,11,14,16}
3431. @ 5,11,14,16}
3432. @ 5,11,13,16}
3433. @ 5,12,16}
3434. @ 5,11,14,16}
3435. @ 5,11,14,16}
3436. @ 5,11,13,16}
3437. @ 5,12,16}
3438. @ 5,11,14,16}
3439. @ 5,11,14,16}
3440. @ 5,11,13,16}
3441. @ 5,12,16}
3442. @ 5,11,14,16}
3443. @ 5,11,14,16}
3444. @ 5,11,13,16}
3445. @ 5,12,16}
3446. @ 5,11,14,16}
3447. @ 5,11,14,16}
3448. @ 5,11,13,16}
3449. @ 5,12,16}
3450. @ 5,11,14,16}
3451. @ 5,11,14,16}
3452. @ 5,11,13,16}
3453. @ 5,12,16}
3454. @ 5,11,14,16}
3455. @ 5,11,14,16}
3456. @ 5,11,13,16}
3457. @ 5,12,16}
3458. @ 5,11,14,16}
3459. @ 5,11,14,16}
3460. @ 5,11,13,16}
3461. @ 5,12,16}
3462. @ 5,11,14,16}
3463. @ 5,11,14,16}
3464. @ 5,11,13,16}
3465. @ 5,12,16}
3466. @ 5,11,14,16}
3467. @ 5,11,14,16}
3468. @ 5,11,13,16}
3469. @ 5,12,16}
3470. @ 5,11,14,16}
3471. @ 5,11,14,16}
3472. @ 5,11,13,16}
3473. @ 5,12,16}
3474. @ 5,11,14,16}
3475. @ 5,11,14,16}
3476. @ 5,11,13,16}
3477. @ 5,12,16}
3478. @ 5,11,14,16}
3479. @ 5,11,14,16}
3480. @ 5,11,13,16}
3481. @ 5,12,16}
3482. @ 5,11,14,16}
3483. @ 5,11,14,16}
3484. @ 5,11,13,16}
3485. @ 5,12,16}
3486. @ 5,11,14,16}
3487. @ 5,11,14,16}
3488. @ 5,11,13,16}
3489. @ 5,12,16}
3490. @ 5,11,14,16}
3491. @ 5,11,14,16}
3492. @ 5,11,13,16}
3493. @ 5,12,16}
3494. @ 5,11,14,16}
3495. @ 5,11,14,16}
3496. @ 5,11,13,16}
3497. @ 5,12,16}
3498. @ 5,11,14,16}
3499. @ 5,11,14,16}
3500. @ 5,11,13,16}
3501. @ 5,12,16}
3502. @ 5,11,14,16}
3503. @ 5,11,14,16}
3504. @ 5,11,13,16}
3505. @ 5,12,16}
3506. @ 5,11,14,16}
3507. @ 5,11,14,16}
3508. @ 5,11,13,16}
3509. @ 5,12,16}
3510. @ 5,11,14,16}
3511. @ 5,11,14,16}
3512. @ 5,11,13,16}
3513. @ 5,12,16}
3514. @ 5,11,14,16}
3515. @ 5,11,14,16}
3516. @ 5,11,13,16}
3517. @ 5,12,16}
3518. @ 5,11,14,16}
3519. @ 5,11,14,16}
3520. @ 5,11,13,16}
3521. @ 5,12,16}
3522. @ 5,11,14,16}
3523. @ 5,11,14,16}
3524. @ 5,11,13,16}
3525. @ 5,12,16}
3526. @ 5,11,14,16}
3527. @ 5,11,14,16}
3528. @ 5,11,13,16}
3529. @ 5,12,16}
3530. @ 5,11,14,16}
3531. @ 5,11,14,16}
3532. @ 5,11,13,16}
3533. @ 5,12,16}
3534. @ 5,11,14,16}
3535. @ 5,11,14,16}
3536. @ 5,11,13,16}
3537. @ 5,12,16}
3538. @ 5,11,14,16}
3539. @ 5,11,14,16}
3540. @ 5,11,13,16}
3541. @ 5,12,16}
3542. @ 5,11,14,16}
3543. @ 5,11,14,16}
3544. @ 5,11,13,16}
3545. @ 5,12,16}
3546. @ 5,11,14,16}
3547. @ 5,11,14,16}
3548. @ 5,11,13,16}
3549. @ 5,12,16}
3550. @ 5,11,14,16}
3551. @ 5,11,14,16}
3552. @ 5,11,13,16}
3553. @ 5,12,16}
3554. @ 5,11,14,16}
3555. @ 5,11,14,16}
3556. @ 5,11,13,16}
3557. @ 5,12,16}
3558. @ 5,11,14,16}
3559. @ 5,11,14,16}
3560. @ 5,11,13,16}
3561. @ 5,12,16}
3562. @ 5,11,14,16}
3563. @ 5,11,14,16}
3564. @ 5,11,13,16}
3565. @ 5,12,16}
3566. @ 5,11,14,16}
3567. @ 5,11,14,16}
3568. @ 5,11,13,16}
3569. @ 5,12,16}
3570. @ 5,11,14,16}
3571. @ 5,11,14,16}
3572. @ 5,11,13,16}
3573. @ 5,12,16}
3574. @ 5,11,14,16}
3575. @ 5,11,14,16}
3576. @ 5,11,13,16}
3577. @ 5,12,16}
3578. @ 5,11,14,16}
3579. @ 5,11,14,16}
3580. @ 5,11,13,16}
3581. @ 5,12,16}
3582. @ 5,11,14,16}
3583. @ 5,11,14,16}
3584. @ 5,11,13,16}
3585. @ 5,12,16}
3586. @ 5,11,14,16}
3587. @ 5,11,14,16}
3588. @ 5,11,13,16}
3589. @ 5,12,16}
3590. @ 5,11,14,16}
3591. @ 5,11,14,16}
3592. @ 5,11,13,16}
3593. @ 5,12,16}
3594. @ 5,11,14,16}
3595. @ 5,11,14,16}
3596. @ 5,11,13,16}
3597. @ 5,12,16}
3598. @ 5,11,14,16}
3599. @ 5,11,14,16}
3600. @ 5,11,13,16}
3601. @ 5,12,16}
3602. @ 5,11,14,16}
3603. @ 5,11,14,16}
3604. @ 5,11,13,16}
3605. @ 5,12,16}
3606. @ 5,11,14,16}
3607. @ 5,11,14,16}
3608. @ 5,11,13,16}
3609. @ 5,12,16}
3610. @ 5,11,14,16}
3611. @ 5,11,14,16}
3612. @ 5,11,13,16}
3613. @ 5,12,16}
3614. @ 5,11,14,16}
3615. @ 5,11,14,16}
3616. @ 5,11,13,16}
3617. @ 5,12,16}
3618. @ 5,11,14,16}
3619. @ 5,11,14,16}
3620. @ 5,11,13,16}
3621. @ 5,12,16}
3622. @ 5,11,14,16}
3623. @ 5,11,14,16}
3624. @ 5,11,13,16}
3625. @ 5,12,16}
3626. @ 5,11,14,16}
3627. @ 5,11,14,16}
3628. @ 5,11,13,16}
3629. @ 5,12,16}
3630. @ 5,11,14,16}
3631. @ 5,11,14,16}
3632. @ 5,11,13,16}
3633. @ 5,12,16}
3634. @ 5,11,14,16}
3635. @ 5,11,14,16}
3636. @ 5,11,13,16}
3637. @ 5,12,16}
3638. @ 5,11,14,16}
3639. @ 5,11,14,16}
3640. @ 5,11,13,16}
3641. @ 5,12,16}
3642. @ 5,11,14,16}
3643. @ 5,11,14,16}
3644. @ 5,11,13,16}
3645. @ 5,12,16}
3646. @ 5,11,14,16}
3647. @ 5,11,14,16}
3648. @ 5,11,13,16}
3649. @ 5,12,16}
3650. @ 5,11,14,16}
3651. @ 5,11,14,16}
3652. @ 5,11,13,16}
3653. @ 5,12,16}
3654. @ 5,11,14,16}","The following errors were found:

One of definitions are not completed. Please, check whether all rules are correctly written.
Recall that a rule of inference starts with a numeber, followed by . (reference line), the truth value of the formula (T or F), has a formula and the justification (premise, conclusion or one of the inference rules with its formula references).Sintax error:
<proof>
^ Symbol does not belongs to the language.
",1096.9985885620115,length,1106,65536
Ex (B(x)&C(x)) |- Ex B(x)&Ex C(x),"[{'role': 'system', 'content': ""\nYou are an expert in logic using the semantic Tableaux method. \nYou will receive a first order logic formula and must prove its validity using the semantic tableau method, represent the proof in a Fitch-like notation, following these formatting instructions:\n\n### FORMAT OF PROOF LINES: \nExpanding proof line must be structured like: '<line_number>. <T_or_F> <formula> <origin>'\n- <line_number>: sequential integer, always ending with a dot ('1.', '2.', '3.', ...)\n- <T_or_F> → T for true formulas, F for false formulas. \n- <formula>: the formula derived on that line\n- <origin> is exactly one of:\n    pre (for premises)\n    conclusion (for the conclusion)\n    a comma-separated list of line numbers indicating the formula(s) used to derive the current line (e.g. '1', '3', '1,3')\n\n### BRANCHING FORMAT \nUse curly braces { and } to open and close branches. \n{ must appear immediately after the line number that opens a branch (e.g. '8.{ F A|B 3') \n} must appear at the end of the line that closes that branch (e.g. '12. @ 5,7}'). Exception: the main (initial) branch does not require a closing }, since it is not opened by {.\nBranches may be nested. But a formula may only be used at a given point if it appeared earlier in the same branch or an outer (enclosing) branch to the current branch. Formulas from closed branches or sibling branches must not be used.\n\n### SYMBOLS \nUse the following symbols for logical operations: \n & = conjunction (and), \n | = disjunction (or), \n ~ = negation (not), \n -> = implication (implies).\n\nQuantifiers symbols:  \n    Ax represents ∀x  \n    Ex represents ∃x\nSo formulas with ∀x and ∃x will be represented by Ax and Ex (A and E followed by the variable x). For example, Ax (H(x)->M(x)) represents ∀x (H(x)→M(x)).\n\n###CONVENTIONS\nAtoms: only uppercase letters not immediately followed by parentesis (e.g. P, Q, R).\nPredicates: uppercase letters immediately followed by parentesis (e.g. H(x), M(y), Q(a,b) ). All predicates must use parentheses.\nVariables: first letter in lowercase, can be followed by letters and numbers (e.g., x, x0, xP0).\n\nWrite only the final proof in <proof>...</proof> tags. Only use <proof>...</proof> tags ONCE. Omit names of the rules. Only use these symbols inside the proof '&' , '->', '~', '|', '@', '(', ')', '{', '}', 'Ax', 'Ex'.\nDo not include explanations, commentary, or extra text inside and outside the <proof>...</proof> tags.\n""}, {'role': 'user', 'content': ""Prove 'Ex P(x), Ax (P(x)->Q(x)) |- Ex Q(x)', using the analytical tableau method. Final answer using the notation described. ""}, {'role': 'assistant', 'content': ' <proof>\n                        1. T Ex P(x) pre\n                        2. T Ax (P(x)->Q(x)) pre\n                        3. F Ex Q(x) conclusion\n                        4. T P(a) 1 \n                        5. T (P(a)->Q(a)) 2 \n                        6. F Q(a) 3 \n                        7.{ F P(a) 5 \n                        8. @ 4,7}    \n                        9.{ T Q(a) 5 \n                        10. @ 6,9}   \n                    </proof>'}, {'role': 'user', 'content': ""Prove 'Ax (P(x)|P(x)) |- Ax P(x)', using the analytical tableau method. Final answer using the notation described.""}, {'role': 'assistant', 'content': ' <proof>\n                            1. T Ax (P(x)|P(x)) pre \n                            2. F Ax P(x) conclusion\n                            3. F P(a) 2          \n                            4. T (P(a)|P(a)) 1   \n                            5.{ T P(a) 4         \n                            6. @ 3,5}            \n                            7.{ T P(a) 4         \n                            8. @ 3,7}            \n                        </proof>'}, {'role': 'user', 'content': ""Prove'Ex (B(x)&C(x)) |- Ex B(x)&Ex C(x)' using the analytical tableau method. Only one final answer, surrounded by <proof>...</proof>, using the notation described.""}]","1. T Ex (B(x)&C(x)) pre
2. F Ex B(x)&Ex C(x) conclusion
3. { F Ex B(x) 2
4. T (B(a)&C(a)) 1
5. T B(a) 4
6. T C(a) 4
7. @ 3,5}
8. { F Ex C(x) 2
9. T B(b) 2
10. T C(b) 2
11. @ 2,9,10}
12. { F Ex B(x) 2
13. T B(c) 2
14. T C(c) 2
15. @ 2,13,14}
16. { F Ex C(x) 2
17. T B(d) 2
18. T C(d) 2
19. @ 2,17,18}
20. { F Ex B(x) 2
21. T B(e) 2
22. T C(e) 2
23. @ 2,21,22}
24. { F Ex C(x) 2
25. T B(f) 2
26. T C(f) 2
27. @ 2,25,26}
28. { F Ex B(x) 2
29. T B(g) 2
30. T C(g) 2
31. @ 2,29,30}
32. { F Ex C(x) 2
33. T B(h) 2
34. T C(h) 2
35. @ 2,33,34}
36. { F Ex B(x) 2
37. T B(i) 2
38. T C(i) 2
39. @ 2,37,38}
40. { F Ex C(x) 2
41. T B(j) 2
42. T C(j) 2
43. @ 2,41,42}
44. { F Ex B(x) 2
45. T B(k) 2
46. T C(k) 2
47. @ 2,45,46}
48. { F Ex C(x) 2
49. T B(l) 2
50. T C(l) 2
51. @ 2,49,50}
52. { F Ex B(x) 2
53. T B(m) 2
54. T C(m) 2
55. @ 2,53,54}
56. { F Ex C(x) 2
57. T B(n) 2
58. T C(n) 2
59. @ 2,57,58}
60. { F Ex B(x) 2
61. T B(o) 2
62. T C(o) 2
63. @ 2,61,62}
64. { F Ex C(x) 2
65. T B(p) 2
66. T C(p) 2
67. @ 2,65,66}
68. { F Ex B(x) 2
69. T B(q) 2
70. T C(q) 2
71. @ 2,69,70}
72. { F Ex C(x) 2
73. T B(r) 2
74. T C(r) 2
75. @ 2,73,74}
76. { F Ex B(x) 2
77. T B(s) 2
78. T C(s) 2
79. @ 2,77,78}
80. { F Ex C(x) 2
81. T B(t) 2
82. T C(t) 2
83. @ 2,81,82}
84. { F Ex B(x) 2
85. T B(u) 2
86. T C(u) 2
87. @ 2,85,86}
88. { F Ex C(x) 2
89. T B(v) 2
90. T C(v) 2
91. @ 2,89,90}
92. { F Ex B(x) 2
93. T B(w) 2
94. T C(w) 2
95. @ 2,93,94}
96. { F Ex C(x) 2
97. T B(x) 2
98. T C(x) 2
99. @ 2,97,98}
100. { F Ex B(x) 2
101. T B(y) 2
102. T C(y) 2
103. @ 2,101,102}
104. { F Ex C(x) 2
105. T B(z) 2
106. T C(z) 2
107. @ 2,105,106}
108. { F Ex B(x) 2
109. T B(a) 4
110. T C(a) 4
111. @ 2,109,110}
112. @ 1,2,4,5,6,109,110}","1. T Ex (B(x)&C(x)) pre
2. F Ex B(x)&Ex C(x) conclusion
3. { F Ex B(x) 2
4. T (B(a)&C(a)) 1
5. T B(a) 4
6. T C(a) 4
7. @ 3,5}
8. { F Ex C(x) 2
9. T B(b) 2
10. T C(b) 2
11. @ 2,9,10}
12. { F Ex B(x) 2
13. T B(c) 2
14. T C(c) 2
15. @ 2,13,14}
16. { F Ex C(x) 2
17. T B(d) 2
18. T C(d) 2
19. @ 2,17,18}
20. { F Ex B(x) 2
21. T B(e) 2
22. T C(e) 2
23. @ 2,21,22}
24. { F Ex C(x) 2
25. T B(f) 2
26. T C(f) 2
27. @ 2,25,26}
28. { F Ex B(x) 2
29. T B(g) 2
30. T C(g) 2
31. @ 2,29,30}
32. { F Ex C(x) 2
33. T B(h) 2
34. T C(h) 2
35. @ 2,33,34}
36. { F Ex B(x) 2
37. T B(i) 2
38. T C(i) 2
39. @ 2,37,38}
40. { F Ex C(x) 2
41. T B(j) 2
42. T C(j) 2
43. @ 2,41,42}
44. { F Ex B(x) 2
45. T B(k) 2
46. T C(k) 2
47. @ 2,45,46}
48. { F Ex C(x) 2
49. T B(l) 2
50. T C(l) 2
51. @ 2,49,50}
52. { F Ex B(x) 2
53. T B(m) 2
54. T C(m) 2
55. @ 2,53,54}
56. { F Ex C(x) 2
57. T B(n) 2
58. T C(n) 2
59. @ 2,57,58}
60. { F Ex B(x) 2
61. T B(o) 2
62. T C(o) 2
63. @ 2,61,62}
64. { F Ex C(x) 2
65. T B(p) 2
66. T C(p) 2
67. @ 2,65,66}
68. { F Ex B(x) 2
69. T B(q) 2
70. T C(q) 2
71. @ 2,69,70}
72. { F Ex C(x) 2
73. T B(r) 2
74. T C(r) 2
75. @ 2,73,74}
76. { F Ex B(x) 2
77. T B(s) 2
78. T C(s) 2
79. @ 2,77,78}
80. { F Ex C(x) 2
81. T B(t) 2
82. T C(t) 2
83. @ 2,81,82}
84. { F Ex B(x) 2
85. T B(u) 2
86. T C(u) 2
87. @ 2,85,86}
88. { F Ex C(x) 2
89. T B(v) 2
90. T C(v) 2
91. @ 2,89,90}
92. { F Ex B(x) 2
93. T B(w) 2
94. T C(w) 2
95. @ 2,93,94}
96. { F Ex C(x) 2
97. T B(x) 2
98. T C(x) 2
99. @ 2,97,98}
100. { F Ex B(x) 2
101. T B(y) 2
102. T C(y) 2
103. @ 2,101,102}
104. { F Ex C(x) 2
105. T B(z) 2
106. T C(z) 2
107. @ 2,105,106}
108. { F Ex B(x) 2
109. T B(a) 4
110. T C(a) 4
111. @ 2,109,110}
112. @ 1,2,4,5,6,109,110}","The following errors were found:

One of definitions are not completed. Please, check whether all rules are correctly written.
Recall that a rule of inference starts with a numeber, followed by . (reference line), the truth value of the formula (T or F), has a formula and the justification (premise, conclusion or one of the inference rules with its formula references).Sintax error:
11. @ 2,9,10}
         ^
",25.03756165504456,stop,1093,1408
"Ex B(x), Ax (B(x)->C) |- C","[{'role': 'system', 'content': ""\nYou are an expert in logic using the semantic Tableaux method. \nYou will receive a first order logic formula and must prove its validity using the semantic tableau method, represent the proof in a Fitch-like notation, following these formatting instructions:\n\n### FORMAT OF PROOF LINES: \nExpanding proof line must be structured like: '<line_number>. <T_or_F> <formula> <origin>'\n- <line_number>: sequential integer, always ending with a dot ('1.', '2.', '3.', ...)\n- <T_or_F> → T for true formulas, F for false formulas. \n- <formula>: the formula derived on that line\n- <origin> is exactly one of:\n    pre (for premises)\n    conclusion (for the conclusion)\n    a comma-separated list of line numbers indicating the formula(s) used to derive the current line (e.g. '1', '3', '1,3')\n\n### BRANCHING FORMAT \nUse curly braces { and } to open and close branches. \n{ must appear immediately after the line number that opens a branch (e.g. '8.{ F A|B 3') \n} must appear at the end of the line that closes that branch (e.g. '12. @ 5,7}'). Exception: the main (initial) branch does not require a closing }, since it is not opened by {.\nBranches may be nested. But a formula may only be used at a given point if it appeared earlier in the same branch or an outer (enclosing) branch to the current branch. Formulas from closed branches or sibling branches must not be used.\n\n### SYMBOLS \nUse the following symbols for logical operations: \n & = conjunction (and), \n | = disjunction (or), \n ~ = negation (not), \n -> = implication (implies).\n\nQuantifiers symbols:  \n    Ax represents ∀x  \n    Ex represents ∃x\nSo formulas with ∀x and ∃x will be represented by Ax and Ex (A and E followed by the variable x). For example, Ax (H(x)->M(x)) represents ∀x (H(x)→M(x)).\n\n###CONVENTIONS\nAtoms: only uppercase letters not immediately followed by parentesis (e.g. P, Q, R).\nPredicates: uppercase letters immediately followed by parentesis (e.g. H(x), M(y), Q(a,b) ). All predicates must use parentheses.\nVariables: first letter in lowercase, can be followed by letters and numbers (e.g., x, x0, xP0).\n\nWrite only the final proof in <proof>...</proof> tags. Only use <proof>...</proof> tags ONCE. Omit names of the rules. Only use these symbols inside the proof '&' , '->', '~', '|', '@', '(', ')', '{', '}', 'Ax', 'Ex'.\nDo not include explanations, commentary, or extra text inside and outside the <proof>...</proof> tags.\n""}, {'role': 'user', 'content': ""Prove 'Ex P(x), Ax (P(x)->Q(x)) |- Ex Q(x)', using the analytical tableau method. Final answer using the notation described. ""}, {'role': 'assistant', 'content': ' <proof>\n                        1. T Ex P(x) pre\n                        2. T Ax (P(x)->Q(x)) pre\n                        3. F Ex Q(x) conclusion\n                        4. T P(a) 1 \n                        5. T (P(a)->Q(a)) 2 \n                        6. F Q(a) 3 \n                        7.{ F P(a) 5 \n                        8. @ 4,7}    \n                        9.{ T Q(a) 5 \n                        10. @ 6,9}   \n                    </proof>'}, {'role': 'user', 'content': ""Prove 'Ax (P(x)|P(x)) |- Ax P(x)', using the analytical tableau method. Final answer using the notation described.""}, {'role': 'assistant', 'content': ' <proof>\n                            1. T Ax (P(x)|P(x)) pre \n                            2. F Ax P(x) conclusion\n                            3. F P(a) 2          \n                            4. T (P(a)|P(a)) 1   \n                            5.{ T P(a) 4         \n                            6. @ 3,5}            \n                            7.{ T P(a) 4         \n                            8. @ 3,7}            \n                        </proof>'}, {'role': 'user', 'content': ""Prove'Ex B(x), Ax (B(x)->C) |- C' using the analytical tableau method. Only one final answer, surrounded by <proof>...</proof>, using the notation described.""}]","1. T Ex B(x) pre
2. T Ax (B(x)->C) pre
3. F C conclusion
4. T B(a) 1
5. T (B(a)->C) 2
6. { F B(a) 5
7. @ 4,6}
8. { T C 5
9. @ 3,8}
10. @ 3,7}","1. T Ex B(x) pre
2. T Ax (B(x)->C) pre
3. F C conclusion
4. T B(a) 1
5. T (B(a)->C) 2
6. { F B(a) 5
7. @ 4,6}
8. { T C 5
9. @ 3,8}
10. @ 3,7}","The following errors were found:

Error in line 10:
10. @ 3,7}
         ^, Closing branches without an open branch.
Error in line 6:
6. { F B(a) 5
^, A beta rule must have exactly two branches.
Error in line 8:
8. { T C 5
^, A beta rule must have exactly two branches.
Error in line 10:
10. @ 3,7}
        ^, The reference to the line formula 7 cannot be used, as this formula does not belong to this branch.",2.50954270362854,stop,1088,107
Ax (B(x)&C(x)) |- Ax C(x),"[{'role': 'system', 'content': ""\nYou are an expert in logic using the semantic Tableaux method. \nYou will receive a first order logic formula and must prove its validity using the semantic tableau method, represent the proof in a Fitch-like notation, following these formatting instructions:\n\n### FORMAT OF PROOF LINES: \nExpanding proof line must be structured like: '<line_number>. <T_or_F> <formula> <origin>'\n- <line_number>: sequential integer, always ending with a dot ('1.', '2.', '3.', ...)\n- <T_or_F> → T for true formulas, F for false formulas. \n- <formula>: the formula derived on that line\n- <origin> is exactly one of:\n    pre (for premises)\n    conclusion (for the conclusion)\n    a comma-separated list of line numbers indicating the formula(s) used to derive the current line (e.g. '1', '3', '1,3')\n\n### BRANCHING FORMAT \nUse curly braces { and } to open and close branches. \n{ must appear immediately after the line number that opens a branch (e.g. '8.{ F A|B 3') \n} must appear at the end of the line that closes that branch (e.g. '12. @ 5,7}'). Exception: the main (initial) branch does not require a closing }, since it is not opened by {.\nBranches may be nested. But a formula may only be used at a given point if it appeared earlier in the same branch or an outer (enclosing) branch to the current branch. Formulas from closed branches or sibling branches must not be used.\n\n### SYMBOLS \nUse the following symbols for logical operations: \n & = conjunction (and), \n | = disjunction (or), \n ~ = negation (not), \n -> = implication (implies).\n\nQuantifiers symbols:  \n    Ax represents ∀x  \n    Ex represents ∃x\nSo formulas with ∀x and ∃x will be represented by Ax and Ex (A and E followed by the variable x). For example, Ax (H(x)->M(x)) represents ∀x (H(x)→M(x)).\n\n###CONVENTIONS\nAtoms: only uppercase letters not immediately followed by parentesis (e.g. P, Q, R).\nPredicates: uppercase letters immediately followed by parentesis (e.g. H(x), M(y), Q(a,b) ). All predicates must use parentheses.\nVariables: first letter in lowercase, can be followed by letters and numbers (e.g., x, x0, xP0).\n\nWrite only the final proof in <proof>...</proof> tags. Only use <proof>...</proof> tags ONCE. Omit names of the rules. Only use these symbols inside the proof '&' , '->', '~', '|', '@', '(', ')', '{', '}', 'Ax', 'Ex'.\nDo not include explanations, commentary, or extra text inside and outside the <proof>...</proof> tags.\n""}, {'role': 'user', 'content': ""Prove 'Ex P(x), Ax (P(x)->Q(x)) |- Ex Q(x)', using the analytical tableau method. Final answer using the notation described. ""}, {'role': 'assistant', 'content': ' <proof>\n                        1. T Ex P(x) pre\n                        2. T Ax (P(x)->Q(x)) pre\n                        3. F Ex Q(x) conclusion\n                        4. T P(a) 1 \n                        5. T (P(a)->Q(a)) 2 \n                        6. F Q(a) 3 \n                        7.{ F P(a) 5 \n                        8. @ 4,7}    \n                        9.{ T Q(a) 5 \n                        10. @ 6,9}   \n                    </proof>'}, {'role': 'user', 'content': ""Prove 'Ax (P(x)|P(x)) |- Ax P(x)', using the analytical tableau method. Final answer using the notation described.""}, {'role': 'assistant', 'content': ' <proof>\n                            1. T Ax (P(x)|P(x)) pre \n                            2. F Ax P(x) conclusion\n                            3. F P(a) 2          \n                            4. T (P(a)|P(a)) 1   \n                            5.{ T P(a) 4         \n                            6. @ 3,5}            \n                            7.{ T P(a) 4         \n                            8. @ 3,7}            \n                        </proof>'}, {'role': 'user', 'content': ""Prove'Ax (B(x)&C(x)) |- Ax C(x)' using the analytical tableau method. Only one final answer, surrounded by <proof>...</proof>, using the notation described.""}]","1. T Ax (B(x)&C(x)) pre
2. F Ax C(x) conclusion
3. F C(a) 2
4. T (B(a)&C(a)) 1
5. T B(a) 4
6. T C(a) 4
7. @ 3,6","1. T Ax (B(x)&C(x)) pre
2. F Ax C(x) conclusion
3. F C(a) 2
4. T (B(a)&C(a)) 1
5. T B(a) 4
6. T C(a) 4
7. @ 3,6",The proof is valid.,2.082085132598877,stop,1088,86
B&Ax C(x) |- Ax (B&C(x)),"[{'role': 'system', 'content': ""\nYou are an expert in logic using the semantic Tableaux method. \nYou will receive a first order logic formula and must prove its validity using the semantic tableau method, represent the proof in a Fitch-like notation, following these formatting instructions:\n\n### FORMAT OF PROOF LINES: \nExpanding proof line must be structured like: '<line_number>. <T_or_F> <formula> <origin>'\n- <line_number>: sequential integer, always ending with a dot ('1.', '2.', '3.', ...)\n- <T_or_F> → T for true formulas, F for false formulas. \n- <formula>: the formula derived on that line\n- <origin> is exactly one of:\n    pre (for premises)\n    conclusion (for the conclusion)\n    a comma-separated list of line numbers indicating the formula(s) used to derive the current line (e.g. '1', '3', '1,3')\n\n### BRANCHING FORMAT \nUse curly braces { and } to open and close branches. \n{ must appear immediately after the line number that opens a branch (e.g. '8.{ F A|B 3') \n} must appear at the end of the line that closes that branch (e.g. '12. @ 5,7}'). Exception: the main (initial) branch does not require a closing }, since it is not opened by {.\nBranches may be nested. But a formula may only be used at a given point if it appeared earlier in the same branch or an outer (enclosing) branch to the current branch. Formulas from closed branches or sibling branches must not be used.\n\n### SYMBOLS \nUse the following symbols for logical operations: \n & = conjunction (and), \n | = disjunction (or), \n ~ = negation (not), \n -> = implication (implies).\n\nQuantifiers symbols:  \n    Ax represents ∀x  \n    Ex represents ∃x\nSo formulas with ∀x and ∃x will be represented by Ax and Ex (A and E followed by the variable x). For example, Ax (H(x)->M(x)) represents ∀x (H(x)→M(x)).\n\n###CONVENTIONS\nAtoms: only uppercase letters not immediately followed by parentesis (e.g. P, Q, R).\nPredicates: uppercase letters immediately followed by parentesis (e.g. H(x), M(y), Q(a,b) ). All predicates must use parentheses.\nVariables: first letter in lowercase, can be followed by letters and numbers (e.g., x, x0, xP0).\n\nWrite only the final proof in <proof>...</proof> tags. Only use <proof>...</proof> tags ONCE. Omit names of the rules. Only use these symbols inside the proof '&' , '->', '~', '|', '@', '(', ')', '{', '}', 'Ax', 'Ex'.\nDo not include explanations, commentary, or extra text inside and outside the <proof>...</proof> tags.\n""}, {'role': 'user', 'content': ""Prove 'Ex P(x), Ax (P(x)->Q(x)) |- Ex Q(x)', using the analytical tableau method. Final answer using the notation described. ""}, {'role': 'assistant', 'content': ' <proof>\n                        1. T Ex P(x) pre\n                        2. T Ax (P(x)->Q(x)) pre\n                        3. F Ex Q(x) conclusion\n                        4. T P(a) 1 \n                        5. T (P(a)->Q(a)) 2 \n                        6. F Q(a) 3 \n                        7.{ F P(a) 5 \n                        8. @ 4,7}    \n                        9.{ T Q(a) 5 \n                        10. @ 6,9}   \n                    </proof>'}, {'role': 'user', 'content': ""Prove 'Ax (P(x)|P(x)) |- Ax P(x)', using the analytical tableau method. Final answer using the notation described.""}, {'role': 'assistant', 'content': ' <proof>\n                            1. T Ax (P(x)|P(x)) pre \n                            2. F Ax P(x) conclusion\n                            3. F P(a) 2          \n                            4. T (P(a)|P(a)) 1   \n                            5.{ T P(a) 4         \n                            6. @ 3,5}            \n                            7.{ T P(a) 4         \n                            8. @ 3,7}            \n                        </proof>'}, {'role': 'user', 'content': ""Prove'B&Ax C(x) |- Ax (B&C(x))' using the analytical tableau method. Only one final answer, surrounded by <proof>...</proof>, using the notation described.""}]","1. T B & Ax C(x) pre
2. F Ax (B & C(x)) conclusion
3. T B 1
4. T Ax C(x) 1
5. F (B & C(a)) 2
6. { F B 5
7. @ 3,6}
8. { F C(a) 5
9. { T C(a) 4
10. @ 2,8,9}
11. @ 5,10}","1. T B & Ax C(x) pre
2. F Ax (B & C(x)) conclusion
3. T B 1
4. T Ax C(x) 1
5. F (B & C(a)) 2
6. { F B 5
7. @ 3,6}
8. { F C(a) 5
9. { T C(a) 4
10. @ 2,8,9}
11. @ 5,10}","The following errors were found:

One of definitions are not completed. Please, check whether all rules are correctly written.
Recall that a rule of inference starts with a numeber, followed by . (reference line), the truth value of the formula (T or F), has a formula and the justification (premise, conclusion or one of the inference rules with its formula references).Sintax error:
10. @ 2,8,9}
         ^
",2.5532760620117188,stop,1089,126
Ax (B(x)->C(x))&Ax B(x) |- Ax C(x),"[{'role': 'system', 'content': ""\nYou are an expert in logic using the semantic Tableaux method. \nYou will receive a first order logic formula and must prove its validity using the semantic tableau method, represent the proof in a Fitch-like notation, following these formatting instructions:\n\n### FORMAT OF PROOF LINES: \nExpanding proof line must be structured like: '<line_number>. <T_or_F> <formula> <origin>'\n- <line_number>: sequential integer, always ending with a dot ('1.', '2.', '3.', ...)\n- <T_or_F> → T for true formulas, F for false formulas. \n- <formula>: the formula derived on that line\n- <origin> is exactly one of:\n    pre (for premises)\n    conclusion (for the conclusion)\n    a comma-separated list of line numbers indicating the formula(s) used to derive the current line (e.g. '1', '3', '1,3')\n\n### BRANCHING FORMAT \nUse curly braces { and } to open and close branches. \n{ must appear immediately after the line number that opens a branch (e.g. '8.{ F A|B 3') \n} must appear at the end of the line that closes that branch (e.g. '12. @ 5,7}'). Exception: the main (initial) branch does not require a closing }, since it is not opened by {.\nBranches may be nested. But a formula may only be used at a given point if it appeared earlier in the same branch or an outer (enclosing) branch to the current branch. Formulas from closed branches or sibling branches must not be used.\n\n### SYMBOLS \nUse the following symbols for logical operations: \n & = conjunction (and), \n | = disjunction (or), \n ~ = negation (not), \n -> = implication (implies).\n\nQuantifiers symbols:  \n    Ax represents ∀x  \n    Ex represents ∃x\nSo formulas with ∀x and ∃x will be represented by Ax and Ex (A and E followed by the variable x). For example, Ax (H(x)->M(x)) represents ∀x (H(x)→M(x)).\n\n###CONVENTIONS\nAtoms: only uppercase letters not immediately followed by parentesis (e.g. P, Q, R).\nPredicates: uppercase letters immediately followed by parentesis (e.g. H(x), M(y), Q(a,b) ). All predicates must use parentheses.\nVariables: first letter in lowercase, can be followed by letters and numbers (e.g., x, x0, xP0).\n\nWrite only the final proof in <proof>...</proof> tags. Only use <proof>...</proof> tags ONCE. Omit names of the rules. Only use these symbols inside the proof '&' , '->', '~', '|', '@', '(', ')', '{', '}', 'Ax', 'Ex'.\nDo not include explanations, commentary, or extra text inside and outside the <proof>...</proof> tags.\n""}, {'role': 'user', 'content': ""Prove 'Ex P(x), Ax (P(x)->Q(x)) |- Ex Q(x)', using the analytical tableau method. Final answer using the notation described. ""}, {'role': 'assistant', 'content': ' <proof>\n                        1. T Ex P(x) pre\n                        2. T Ax (P(x)->Q(x)) pre\n                        3. F Ex Q(x) conclusion\n                        4. T P(a) 1 \n                        5. T (P(a)->Q(a)) 2 \n                        6. F Q(a) 3 \n                        7.{ F P(a) 5 \n                        8. @ 4,7}    \n                        9.{ T Q(a) 5 \n                        10. @ 6,9}   \n                    </proof>'}, {'role': 'user', 'content': ""Prove 'Ax (P(x)|P(x)) |- Ax P(x)', using the analytical tableau method. Final answer using the notation described.""}, {'role': 'assistant', 'content': ' <proof>\n                            1. T Ax (P(x)|P(x)) pre \n                            2. F Ax P(x) conclusion\n                            3. F P(a) 2          \n                            4. T (P(a)|P(a)) 1   \n                            5.{ T P(a) 4         \n                            6. @ 3,5}            \n                            7.{ T P(a) 4         \n                            8. @ 3,7}            \n                        </proof>'}, {'role': 'user', 'content': ""Prove'Ax (B(x)->C(x))&Ax B(x) |- Ax C(x)' using the analytical tableau method. Only one final answer, surrounded by <proof>...</proof>, using the notation described.""}]","1. T Ax (B(x)->C(x)) & Ax B(x) pre
2. T Ax (B(x)->C(x)) 1
3. T Ax B(x) 1
4. F Ax C(x) conclusion
5. F C(a) 4
6. T (B(a)->C(a)) 2
7. T B(a) 3
8. { F B(a) 6
9. @ 7,8}
10. { T C(a) 6
11. @ 5,10}","1. T Ax (B(x)->C(x)) & Ax B(x) pre
2. T Ax (B(x)->C(x)) 1
3. T Ax B(x) 1
4. F Ax C(x) conclusion
5. F C(a) 4
6. T (B(a)->C(a)) 2
7. T B(a) 3
8. { F B(a) 6
9. @ 7,8}
10. { T C(a) 6
11. @ 5,10}",The proof is valid.,2.7640767097473145,stop,1094,144
Ax B(x) |- Ax (B(x)|C(x)),"[{'role': 'system', 'content': ""\nYou are an expert in logic using the semantic Tableaux method. \nYou will receive a first order logic formula and must prove its validity using the semantic tableau method, represent the proof in a Fitch-like notation, following these formatting instructions:\n\n### FORMAT OF PROOF LINES: \nExpanding proof line must be structured like: '<line_number>. <T_or_F> <formula> <origin>'\n- <line_number>: sequential integer, always ending with a dot ('1.', '2.', '3.', ...)\n- <T_or_F> → T for true formulas, F for false formulas. \n- <formula>: the formula derived on that line\n- <origin> is exactly one of:\n    pre (for premises)\n    conclusion (for the conclusion)\n    a comma-separated list of line numbers indicating the formula(s) used to derive the current line (e.g. '1', '3', '1,3')\n\n### BRANCHING FORMAT \nUse curly braces { and } to open and close branches. \n{ must appear immediately after the line number that opens a branch (e.g. '8.{ F A|B 3') \n} must appear at the end of the line that closes that branch (e.g. '12. @ 5,7}'). Exception: the main (initial) branch does not require a closing }, since it is not opened by {.\nBranches may be nested. But a formula may only be used at a given point if it appeared earlier in the same branch or an outer (enclosing) branch to the current branch. Formulas from closed branches or sibling branches must not be used.\n\n### SYMBOLS \nUse the following symbols for logical operations: \n & = conjunction (and), \n | = disjunction (or), \n ~ = negation (not), \n -> = implication (implies).\n\nQuantifiers symbols:  \n    Ax represents ∀x  \n    Ex represents ∃x\nSo formulas with ∀x and ∃x will be represented by Ax and Ex (A and E followed by the variable x). For example, Ax (H(x)->M(x)) represents ∀x (H(x)→M(x)).\n\n###CONVENTIONS\nAtoms: only uppercase letters not immediately followed by parentesis (e.g. P, Q, R).\nPredicates: uppercase letters immediately followed by parentesis (e.g. H(x), M(y), Q(a,b) ). All predicates must use parentheses.\nVariables: first letter in lowercase, can be followed by letters and numbers (e.g., x, x0, xP0).\n\nWrite only the final proof in <proof>...</proof> tags. Only use <proof>...</proof> tags ONCE. Omit names of the rules. Only use these symbols inside the proof '&' , '->', '~', '|', '@', '(', ')', '{', '}', 'Ax', 'Ex'.\nDo not include explanations, commentary, or extra text inside and outside the <proof>...</proof> tags.\n""}, {'role': 'user', 'content': ""Prove 'Ex P(x), Ax (P(x)->Q(x)) |- Ex Q(x)', using the analytical tableau method. Final answer using the notation described. ""}, {'role': 'assistant', 'content': ' <proof>\n                        1. T Ex P(x) pre\n                        2. T Ax (P(x)->Q(x)) pre\n                        3. F Ex Q(x) conclusion\n                        4. T P(a) 1 \n                        5. T (P(a)->Q(a)) 2 \n                        6. F Q(a) 3 \n                        7.{ F P(a) 5 \n                        8. @ 4,7}    \n                        9.{ T Q(a) 5 \n                        10. @ 6,9}   \n                    </proof>'}, {'role': 'user', 'content': ""Prove 'Ax (P(x)|P(x)) |- Ax P(x)', using the analytical tableau method. Final answer using the notation described.""}, {'role': 'assistant', 'content': ' <proof>\n                            1. T Ax (P(x)|P(x)) pre \n                            2. F Ax P(x) conclusion\n                            3. F P(a) 2          \n                            4. T (P(a)|P(a)) 1   \n                            5.{ T P(a) 4         \n                            6. @ 3,5}            \n                            7.{ T P(a) 4         \n                            8. @ 3,7}            \n                        </proof>'}, {'role': 'user', 'content': ""Prove'Ax B(x) |- Ax (B(x)|C(x))' using the analytical tableau method. Only one final answer, surrounded by <proof>...</proof>, using the notation described.""}]","1. T Ax B(x) pre
2. F Ax (B(x)|C(x)) conclusion
3. F (B(a)|C(a)) 2
4. T B(a) 1
5. { F B(a) 3
6. @ 4,5}
7. { F C(a) 3
8. @ 2,7}","1. T Ax B(x) pre
2. F Ax (B(x)|C(x)) conclusion
3. F (B(a)|C(a)) 2
4. T B(a) 1
5. { F B(a) 3
6. @ 4,5}
7. { F C(a) 3
8. @ 2,7}","The following errors were found:

Error in line 5:
5. { F B(a) 3
            ^, The rule must be a alpha-rule.
Error in line 7:
7. { F C(a) 3
            ^, The rule must be a alpha-rule.
Error in line 8:
8. @ 2,7}
     ^, None of the formulas referenced by the lines contradict the other formula.",2.650057554244995,stop,1089,98
Ax (B(x)&C) |- Ax B(x),"[{'role': 'system', 'content': ""\nYou are an expert in logic using the semantic Tableaux method. \nYou will receive a first order logic formula and must prove its validity using the semantic tableau method, represent the proof in a Fitch-like notation, following these formatting instructions:\n\n### FORMAT OF PROOF LINES: \nExpanding proof line must be structured like: '<line_number>. <T_or_F> <formula> <origin>'\n- <line_number>: sequential integer, always ending with a dot ('1.', '2.', '3.', ...)\n- <T_or_F> → T for true formulas, F for false formulas. \n- <formula>: the formula derived on that line\n- <origin> is exactly one of:\n    pre (for premises)\n    conclusion (for the conclusion)\n    a comma-separated list of line numbers indicating the formula(s) used to derive the current line (e.g. '1', '3', '1,3')\n\n### BRANCHING FORMAT \nUse curly braces { and } to open and close branches. \n{ must appear immediately after the line number that opens a branch (e.g. '8.{ F A|B 3') \n} must appear at the end of the line that closes that branch (e.g. '12. @ 5,7}'). Exception: the main (initial) branch does not require a closing }, since it is not opened by {.\nBranches may be nested. But a formula may only be used at a given point if it appeared earlier in the same branch or an outer (enclosing) branch to the current branch. Formulas from closed branches or sibling branches must not be used.\n\n### SYMBOLS \nUse the following symbols for logical operations: \n & = conjunction (and), \n | = disjunction (or), \n ~ = negation (not), \n -> = implication (implies).\n\nQuantifiers symbols:  \n    Ax represents ∀x  \n    Ex represents ∃x\nSo formulas with ∀x and ∃x will be represented by Ax and Ex (A and E followed by the variable x). For example, Ax (H(x)->M(x)) represents ∀x (H(x)→M(x)).\n\n###CONVENTIONS\nAtoms: only uppercase letters not immediately followed by parentesis (e.g. P, Q, R).\nPredicates: uppercase letters immediately followed by parentesis (e.g. H(x), M(y), Q(a,b) ). All predicates must use parentheses.\nVariables: first letter in lowercase, can be followed by letters and numbers (e.g., x, x0, xP0).\n\nWrite only the final proof in <proof>...</proof> tags. Only use <proof>...</proof> tags ONCE. Omit names of the rules. Only use these symbols inside the proof '&' , '->', '~', '|', '@', '(', ')', '{', '}', 'Ax', 'Ex'.\nDo not include explanations, commentary, or extra text inside and outside the <proof>...</proof> tags.\n""}, {'role': 'user', 'content': ""Prove 'Ex P(x), Ax (P(x)->Q(x)) |- Ex Q(x)', using the analytical tableau method. Final answer using the notation described. ""}, {'role': 'assistant', 'content': ' <proof>\n                        1. T Ex P(x) pre\n                        2. T Ax (P(x)->Q(x)) pre\n                        3. F Ex Q(x) conclusion\n                        4. T P(a) 1 \n                        5. T (P(a)->Q(a)) 2 \n                        6. F Q(a) 3 \n                        7.{ F P(a) 5 \n                        8. @ 4,7}    \n                        9.{ T Q(a) 5 \n                        10. @ 6,9}   \n                    </proof>'}, {'role': 'user', 'content': ""Prove 'Ax (P(x)|P(x)) |- Ax P(x)', using the analytical tableau method. Final answer using the notation described.""}, {'role': 'assistant', 'content': ' <proof>\n                            1. T Ax (P(x)|P(x)) pre \n                            2. F Ax P(x) conclusion\n                            3. F P(a) 2          \n                            4. T (P(a)|P(a)) 1   \n                            5.{ T P(a) 4         \n                            6. @ 3,5}            \n                            7.{ T P(a) 4         \n                            8. @ 3,7}            \n                        </proof>'}, {'role': 'user', 'content': ""Prove'Ax (B(x)&C) |- Ax B(x)' using the analytical tableau method. Only one final answer, surrounded by <proof>...</proof>, using the notation described.""}]","1. T Ax (B(x)&C) pre
2. F Ax B(x) conclusion
3. F B(a) 2
4. T (B(a)&C) 1
5. T B(a) 4
6. @ 3,5","1. T Ax (B(x)&C) pre
2. F Ax B(x) conclusion
3. F B(a) 2
4. T (B(a)&C) 1
5. T B(a) 4
6. @ 3,5","The following errors were found:

Error in line 5:
5. T B(a) 4
^, The next line should be the &T rule with the formula C.",1.702977418899536,stop,1086,72
Ax (~B(x)|~C(x)) |- ~Ex (B(x)&C(x)),"[{'role': 'system', 'content': ""\nYou are an expert in logic using the semantic Tableaux method. \nYou will receive a first order logic formula and must prove its validity using the semantic tableau method, represent the proof in a Fitch-like notation, following these formatting instructions:\n\n### FORMAT OF PROOF LINES: \nExpanding proof line must be structured like: '<line_number>. <T_or_F> <formula> <origin>'\n- <line_number>: sequential integer, always ending with a dot ('1.', '2.', '3.', ...)\n- <T_or_F> → T for true formulas, F for false formulas. \n- <formula>: the formula derived on that line\n- <origin> is exactly one of:\n    pre (for premises)\n    conclusion (for the conclusion)\n    a comma-separated list of line numbers indicating the formula(s) used to derive the current line (e.g. '1', '3', '1,3')\n\n### BRANCHING FORMAT \nUse curly braces { and } to open and close branches. \n{ must appear immediately after the line number that opens a branch (e.g. '8.{ F A|B 3') \n} must appear at the end of the line that closes that branch (e.g. '12. @ 5,7}'). Exception: the main (initial) branch does not require a closing }, since it is not opened by {.\nBranches may be nested. But a formula may only be used at a given point if it appeared earlier in the same branch or an outer (enclosing) branch to the current branch. Formulas from closed branches or sibling branches must not be used.\n\n### SYMBOLS \nUse the following symbols for logical operations: \n & = conjunction (and), \n | = disjunction (or), \n ~ = negation (not), \n -> = implication (implies).\n\nQuantifiers symbols:  \n    Ax represents ∀x  \n    Ex represents ∃x\nSo formulas with ∀x and ∃x will be represented by Ax and Ex (A and E followed by the variable x). For example, Ax (H(x)->M(x)) represents ∀x (H(x)→M(x)).\n\n###CONVENTIONS\nAtoms: only uppercase letters not immediately followed by parentesis (e.g. P, Q, R).\nPredicates: uppercase letters immediately followed by parentesis (e.g. H(x), M(y), Q(a,b) ). All predicates must use parentheses.\nVariables: first letter in lowercase, can be followed by letters and numbers (e.g., x, x0, xP0).\n\nWrite only the final proof in <proof>...</proof> tags. Only use <proof>...</proof> tags ONCE. Omit names of the rules. Only use these symbols inside the proof '&' , '->', '~', '|', '@', '(', ')', '{', '}', 'Ax', 'Ex'.\nDo not include explanations, commentary, or extra text inside and outside the <proof>...</proof> tags.\n""}, {'role': 'user', 'content': ""Prove 'Ex P(x), Ax (P(x)->Q(x)) |- Ex Q(x)', using the analytical tableau method. Final answer using the notation described. ""}, {'role': 'assistant', 'content': ' <proof>\n                        1. T Ex P(x) pre\n                        2. T Ax (P(x)->Q(x)) pre\n                        3. F Ex Q(x) conclusion\n                        4. T P(a) 1 \n                        5. T (P(a)->Q(a)) 2 \n                        6. F Q(a) 3 \n                        7.{ F P(a) 5 \n                        8. @ 4,7}    \n                        9.{ T Q(a) 5 \n                        10. @ 6,9}   \n                    </proof>'}, {'role': 'user', 'content': ""Prove 'Ax (P(x)|P(x)) |- Ax P(x)', using the analytical tableau method. Final answer using the notation described.""}, {'role': 'assistant', 'content': ' <proof>\n                            1. T Ax (P(x)|P(x)) pre \n                            2. F Ax P(x) conclusion\n                            3. F P(a) 2          \n                            4. T (P(a)|P(a)) 1   \n                            5.{ T P(a) 4         \n                            6. @ 3,5}            \n                            7.{ T P(a) 4         \n                            8. @ 3,7}            \n                        </proof>'}, {'role': 'user', 'content': ""Prove'Ax (~B(x)|~C(x)) |- ~Ex (B(x)&C(x))' using the analytical tableau method. Only one final answer, surrounded by <proof>...</proof>, using the notation described.""}]","1. T Ax (~B(x)|~C(x)) pre
2. F ~Ex (B(x)&C(x)) conclusion
3. T Ex (B(x)&C(x)) 2
4. T (B(a)&C(a)) 3
5. T B(a) 4
6. T C(a) 4
7. T (~B(a)|~C(a)) 1
8. { F ~B(a) 7
9. @ 5,8
10. { F ~C(a) 7
11. @ 6,10
12. @ 9,11}","1. T Ax (~B(x)|~C(x)) pre
2. F ~Ex (B(x)&C(x)) conclusion
3. T Ex (B(x)&C(x)) 2
4. T (B(a)&C(a)) 3
5. T B(a) 4
6. T C(a) 4
7. T (~B(a)|~C(a)) 1
8. { F ~B(a) 7
9. @ 5,8
10. { F ~C(a) 7
11. @ 6,10
12. @ 9,11}","The following errors were found:

Error in line 8:
8. { F ~B(a) 7
     ^, The truth value should be T for this rule.
Error in line 10:
10. { F ~C(a) 7
      ^, The truth value should be T for this rule.
Error in line 8:
8. { F ~B(a) 7
       ^,The open branch must be closed.
Error in line 8:
8. { F ~B(a) 7
^, A beta rule must have exactly two branches.
Error in line 9:
9. @ 5,8
     ^, None of the formulas referenced by the lines contradict the other formula.
Error in line 10:
10. { F ~C(a) 7
^, A beta rule must have exactly two branches.
Error in line 10:
10. { F ~C(a) 7
              ^, The reference rule on the 10 line can only be used once in this branch.
Error in line 11:
11. @ 6,10
      ^, None of the formulas referenced by the lines contradict the other formula.
Error in line 12:
12. @ 9,11}
      ^, None of the formulas referenced by the lines contradict the other formula.",3.190703630447388,stop,1096,161
~Ex (B(x)|C(x)) |- Ax (~B(x)&~C(x)),"[{'role': 'system', 'content': ""\nYou are an expert in logic using the semantic Tableaux method. \nYou will receive a first order logic formula and must prove its validity using the semantic tableau method, represent the proof in a Fitch-like notation, following these formatting instructions:\n\n### FORMAT OF PROOF LINES: \nExpanding proof line must be structured like: '<line_number>. <T_or_F> <formula> <origin>'\n- <line_number>: sequential integer, always ending with a dot ('1.', '2.', '3.', ...)\n- <T_or_F> → T for true formulas, F for false formulas. \n- <formula>: the formula derived on that line\n- <origin> is exactly one of:\n    pre (for premises)\n    conclusion (for the conclusion)\n    a comma-separated list of line numbers indicating the formula(s) used to derive the current line (e.g. '1', '3', '1,3')\n\n### BRANCHING FORMAT \nUse curly braces { and } to open and close branches. \n{ must appear immediately after the line number that opens a branch (e.g. '8.{ F A|B 3') \n} must appear at the end of the line that closes that branch (e.g. '12. @ 5,7}'). Exception: the main (initial) branch does not require a closing }, since it is not opened by {.\nBranches may be nested. But a formula may only be used at a given point if it appeared earlier in the same branch or an outer (enclosing) branch to the current branch. Formulas from closed branches or sibling branches must not be used.\n\n### SYMBOLS \nUse the following symbols for logical operations: \n & = conjunction (and), \n | = disjunction (or), \n ~ = negation (not), \n -> = implication (implies).\n\nQuantifiers symbols:  \n    Ax represents ∀x  \n    Ex represents ∃x\nSo formulas with ∀x and ∃x will be represented by Ax and Ex (A and E followed by the variable x). For example, Ax (H(x)->M(x)) represents ∀x (H(x)→M(x)).\n\n###CONVENTIONS\nAtoms: only uppercase letters not immediately followed by parentesis (e.g. P, Q, R).\nPredicates: uppercase letters immediately followed by parentesis (e.g. H(x), M(y), Q(a,b) ). All predicates must use parentheses.\nVariables: first letter in lowercase, can be followed by letters and numbers (e.g., x, x0, xP0).\n\nWrite only the final proof in <proof>...</proof> tags. Only use <proof>...</proof> tags ONCE. Omit names of the rules. Only use these symbols inside the proof '&' , '->', '~', '|', '@', '(', ')', '{', '}', 'Ax', 'Ex'.\nDo not include explanations, commentary, or extra text inside and outside the <proof>...</proof> tags.\n""}, {'role': 'user', 'content': ""Prove 'Ex P(x), Ax (P(x)->Q(x)) |- Ex Q(x)', using the analytical tableau method. Final answer using the notation described. ""}, {'role': 'assistant', 'content': ' <proof>\n                        1. T Ex P(x) pre\n                        2. T Ax (P(x)->Q(x)) pre\n                        3. F Ex Q(x) conclusion\n                        4. T P(a) 1 \n                        5. T (P(a)->Q(a)) 2 \n                        6. F Q(a) 3 \n                        7.{ F P(a) 5 \n                        8. @ 4,7}    \n                        9.{ T Q(a) 5 \n                        10. @ 6,9}   \n                    </proof>'}, {'role': 'user', 'content': ""Prove 'Ax (P(x)|P(x)) |- Ax P(x)', using the analytical tableau method. Final answer using the notation described.""}, {'role': 'assistant', 'content': ' <proof>\n                            1. T Ax (P(x)|P(x)) pre \n                            2. F Ax P(x) conclusion\n                            3. F P(a) 2          \n                            4. T (P(a)|P(a)) 1   \n                            5.{ T P(a) 4         \n                            6. @ 3,5}            \n                            7.{ T P(a) 4         \n                            8. @ 3,7}            \n                        </proof>'}, {'role': 'user', 'content': ""Prove'~Ex (B(x)|C(x)) |- Ax (~B(x)&~C(x))' using the analytical tableau method. Only one final answer, surrounded by <proof>...</proof>, using the notation described.""}]","1. T ~Ex (B(x)|C(x)) pre
2. F Ax (~B(x)&~C(x)) conclusion
3. T Ax (~B(x)&~C(x)) 2
4. T ~B(a)&~C(a) 3
5. T ~B(a) 4
6. T ~C(a) 4
7. T ~B(b)&~C(b) 3
8. T ~B(b) 7
9. T ~C(b) 7
10. T ~B(c)&~C(c) 3
11. T ~B(c) 10
12. T ~C(c) 10
13. T ~B(a)|C(a) 1
14. T ~B(b)|C(b) 1
15. T ~B(c)|C(c) 1
16. { F ~B(a) 13
17. @ 5,16}
18. { F C(a) 13
19. @ 6,13,18}
20. { F ~B(b) 14
21. @ 8,14}
22. { F C(b) 14
23. @ 9,14,22}
24. { F ~B(c) 15
25. @ 11,15}
26. { F C(c) 15
27. @ 12,15,26}","1. T ~Ex (B(x)|C(x)) pre
2. F Ax (~B(x)&~C(x)) conclusion
3. T Ax (~B(x)&~C(x)) 2
4. T ~B(a)&~C(a) 3
5. T ~B(a) 4
6. T ~C(a) 4
7. T ~B(b)&~C(b) 3
8. T ~B(b) 7
9. T ~C(b) 7
10. T ~B(c)&~C(c) 3
11. T ~B(c) 10
12. T ~C(c) 10
13. T ~B(a)|C(a) 1
14. T ~B(b)|C(b) 1
15. T ~B(c)|C(c) 1
16. { F ~B(a) 13
17. @ 5,16}
18. { F C(a) 13
19. @ 6,13,18}
20. { F ~B(b) 14
21. @ 8,14}
22. { F C(b) 14
23. @ 9,14,22}
24. { F ~B(c) 15
25. @ 11,15}
26. { F C(c) 15
27. @ 12,15,26}","The following errors were found:

One of definitions are not completed. Please, check whether all rules are correctly written.
Recall that a rule of inference starts with a numeber, followed by . (reference line), the truth value of the formula (T or F), has a formula and the justification (premise, conclusion or one of the inference rules with its formula references).Sintax error:
19. @ 6,13,18}
          ^
",5.9077208042144775,stop,1096,382
Ax ((B(x)->C(x))&(C(x)->B(x))) |- Ax (B(x)->C(x)),"[{'role': 'system', 'content': ""\nYou are an expert in logic using the semantic Tableaux method. \nYou will receive a first order logic formula and must prove its validity using the semantic tableau method, represent the proof in a Fitch-like notation, following these formatting instructions:\n\n### FORMAT OF PROOF LINES: \nExpanding proof line must be structured like: '<line_number>. <T_or_F> <formula> <origin>'\n- <line_number>: sequential integer, always ending with a dot ('1.', '2.', '3.', ...)\n- <T_or_F> → T for true formulas, F for false formulas. \n- <formula>: the formula derived on that line\n- <origin> is exactly one of:\n    pre (for premises)\n    conclusion (for the conclusion)\n    a comma-separated list of line numbers indicating the formula(s) used to derive the current line (e.g. '1', '3', '1,3')\n\n### BRANCHING FORMAT \nUse curly braces { and } to open and close branches. \n{ must appear immediately after the line number that opens a branch (e.g. '8.{ F A|B 3') \n} must appear at the end of the line that closes that branch (e.g. '12. @ 5,7}'). Exception: the main (initial) branch does not require a closing }, since it is not opened by {.\nBranches may be nested. But a formula may only be used at a given point if it appeared earlier in the same branch or an outer (enclosing) branch to the current branch. Formulas from closed branches or sibling branches must not be used.\n\n### SYMBOLS \nUse the following symbols for logical operations: \n & = conjunction (and), \n | = disjunction (or), \n ~ = negation (not), \n -> = implication (implies).\n\nQuantifiers symbols:  \n    Ax represents ∀x  \n    Ex represents ∃x\nSo formulas with ∀x and ∃x will be represented by Ax and Ex (A and E followed by the variable x). For example, Ax (H(x)->M(x)) represents ∀x (H(x)→M(x)).\n\n###CONVENTIONS\nAtoms: only uppercase letters not immediately followed by parentesis (e.g. P, Q, R).\nPredicates: uppercase letters immediately followed by parentesis (e.g. H(x), M(y), Q(a,b) ). All predicates must use parentheses.\nVariables: first letter in lowercase, can be followed by letters and numbers (e.g., x, x0, xP0).\n\nWrite only the final proof in <proof>...</proof> tags. Only use <proof>...</proof> tags ONCE. Omit names of the rules. Only use these symbols inside the proof '&' , '->', '~', '|', '@', '(', ')', '{', '}', 'Ax', 'Ex'.\nDo not include explanations, commentary, or extra text inside and outside the <proof>...</proof> tags.\n""}, {'role': 'user', 'content': ""Prove 'Ex P(x), Ax (P(x)->Q(x)) |- Ex Q(x)', using the analytical tableau method. Final answer using the notation described. ""}, {'role': 'assistant', 'content': ' <proof>\n                        1. T Ex P(x) pre\n                        2. T Ax (P(x)->Q(x)) pre\n                        3. F Ex Q(x) conclusion\n                        4. T P(a) 1 \n                        5. T (P(a)->Q(a)) 2 \n                        6. F Q(a) 3 \n                        7.{ F P(a) 5 \n                        8. @ 4,7}    \n                        9.{ T Q(a) 5 \n                        10. @ 6,9}   \n                    </proof>'}, {'role': 'user', 'content': ""Prove 'Ax (P(x)|P(x)) |- Ax P(x)', using the analytical tableau method. Final answer using the notation described.""}, {'role': 'assistant', 'content': ' <proof>\n                            1. T Ax (P(x)|P(x)) pre \n                            2. F Ax P(x) conclusion\n                            3. F P(a) 2          \n                            4. T (P(a)|P(a)) 1   \n                            5.{ T P(a) 4         \n                            6. @ 3,5}            \n                            7.{ T P(a) 4         \n                            8. @ 3,7}            \n                        </proof>'}, {'role': 'user', 'content': ""Prove'Ax ((B(x)->C(x))&(C(x)->B(x))) |- Ax (B(x)->C(x))' using the analytical tableau method. Only one final answer, surrounded by <proof>...</proof>, using the notation described.""}]","1. T Ax ((B(x)->C(x))&(C(x)->B(x))) pre
2. F Ax (B(x)->C(x)) conclusion
3. T ((B(a)->C(a))&(C(a)->B(a))) 1
4. T (B(a)->C(a)) 3
5. T (C(a)->B(a)) 3
6. F (B(a)->C(a)) 2
7.{ F B(a) 6
8. T C(a) 6
9. @ 4,8}
10.{ F C(a) 6
11. T B(a) 6
12. @ 4,11}
13. @ 2,3}","1. T Ax ((B(x)->C(x))&(C(x)->B(x))) pre
2. F Ax (B(x)->C(x)) conclusion
3. T ((B(a)->C(a))&(C(a)->B(a))) 1
4. T (B(a)->C(a)) 3
5. T (C(a)->B(a)) 3
6. F (B(a)->C(a)) 2
7.{ F B(a) 6
8. T C(a) 6
9. @ 4,8}
10.{ F C(a) 6
11. T B(a) 6
12. @ 4,11}
13. @ 2,3}","The following errors were found:

Error in line 7:
7.{ F B(a) 6
           ^, The rule must be a alpha-rule.
Error in line 10:
10.{ F C(a) 6
            ^, The rule must be a alpha-rule.
Error in line 13:
13. @ 2,3}
         ^, Closing branches without an open branch.
Error in line 6:
6. F (B(a)->C(a)) 2
     ^, The variable used in this formula B(a)->C(a) is not a new variable and therefore cannot be used in this rule.
Error in line 8:
8. T C(a) 6
^, Formula C(a) (conclusion of the rule) must be the antecedent of the implication of the referenced formula with truth-value F.
Error in line 9:
9. @ 4,8}
     ^, None of the formulas referenced by the lines contradict the other formula.
Error in line 11:
11. T B(a) 6
^, The next line should be the rule ->F with the formula C(a).
Error in line 12:
12. @ 4,11}
      ^, None of the formulas referenced by the lines contradict the other formula.
Error in line 13:
13. @ 2,3}
      ^, None of the formulas referenced by the lines contradict the other formula.",3.598718643188477,stop,1103,188
"Ex Ay B(x,y) |- Ay Ex B(x,y)","[{'role': 'system', 'content': ""\nYou are an expert in logic using the semantic Tableaux method. \nYou will receive a first order logic formula and must prove its validity using the semantic tableau method, represent the proof in a Fitch-like notation, following these formatting instructions:\n\n### FORMAT OF PROOF LINES: \nExpanding proof line must be structured like: '<line_number>. <T_or_F> <formula> <origin>'\n- <line_number>: sequential integer, always ending with a dot ('1.', '2.', '3.', ...)\n- <T_or_F> → T for true formulas, F for false formulas. \n- <formula>: the formula derived on that line\n- <origin> is exactly one of:\n    pre (for premises)\n    conclusion (for the conclusion)\n    a comma-separated list of line numbers indicating the formula(s) used to derive the current line (e.g. '1', '3', '1,3')\n\n### BRANCHING FORMAT \nUse curly braces { and } to open and close branches. \n{ must appear immediately after the line number that opens a branch (e.g. '8.{ F A|B 3') \n} must appear at the end of the line that closes that branch (e.g. '12. @ 5,7}'). Exception: the main (initial) branch does not require a closing }, since it is not opened by {.\nBranches may be nested. But a formula may only be used at a given point if it appeared earlier in the same branch or an outer (enclosing) branch to the current branch. Formulas from closed branches or sibling branches must not be used.\n\n### SYMBOLS \nUse the following symbols for logical operations: \n & = conjunction (and), \n | = disjunction (or), \n ~ = negation (not), \n -> = implication (implies).\n\nQuantifiers symbols:  \n    Ax represents ∀x  \n    Ex represents ∃x\nSo formulas with ∀x and ∃x will be represented by Ax and Ex (A and E followed by the variable x). For example, Ax (H(x)->M(x)) represents ∀x (H(x)→M(x)).\n\n###CONVENTIONS\nAtoms: only uppercase letters not immediately followed by parentesis (e.g. P, Q, R).\nPredicates: uppercase letters immediately followed by parentesis (e.g. H(x), M(y), Q(a,b) ). All predicates must use parentheses.\nVariables: first letter in lowercase, can be followed by letters and numbers (e.g., x, x0, xP0).\n\nWrite only the final proof in <proof>...</proof> tags. Only use <proof>...</proof> tags ONCE. Omit names of the rules. Only use these symbols inside the proof '&' , '->', '~', '|', '@', '(', ')', '{', '}', 'Ax', 'Ex'.\nDo not include explanations, commentary, or extra text inside and outside the <proof>...</proof> tags.\n""}, {'role': 'user', 'content': ""Prove 'Ex P(x), Ax (P(x)->Q(x)) |- Ex Q(x)', using the analytical tableau method. Final answer using the notation described. ""}, {'role': 'assistant', 'content': ' <proof>\n                        1. T Ex P(x) pre\n                        2. T Ax (P(x)->Q(x)) pre\n                        3. F Ex Q(x) conclusion\n                        4. T P(a) 1 \n                        5. T (P(a)->Q(a)) 2 \n                        6. F Q(a) 3 \n                        7.{ F P(a) 5 \n                        8. @ 4,7}    \n                        9.{ T Q(a) 5 \n                        10. @ 6,9}   \n                    </proof>'}, {'role': 'user', 'content': ""Prove 'Ax (P(x)|P(x)) |- Ax P(x)', using the analytical tableau method. Final answer using the notation described.""}, {'role': 'assistant', 'content': ' <proof>\n                            1. T Ax (P(x)|P(x)) pre \n                            2. F Ax P(x) conclusion\n                            3. F P(a) 2          \n                            4. T (P(a)|P(a)) 1   \n                            5.{ T P(a) 4         \n                            6. @ 3,5}            \n                            7.{ T P(a) 4         \n                            8. @ 3,7}            \n                        </proof>'}, {'role': 'user', 'content': ""Prove'Ex Ay B(x,y) |- Ay Ex B(x,y)' using the analytical tableau method. Only one final answer, surrounded by <proof>...</proof>, using the notation described.""}]","1. T Ex Ay B(x,y) pre
2. F Ay Ex B(x,y) conclusion
3. T Ay B(a,y) 1
4. F Ex B(x,y) 2
5. T B(a,b) 3
6. F B(a,b) 4
7. @ 5,6","1. T Ex Ay B(x,y) pre
2. F Ay Ex B(x,y) conclusion
3. T Ay B(a,y) 1
4. F Ex B(x,y) 2
5. T B(a,b) 3
6. F B(a,b) 4
7. @ 5,6","The following errors were found:

Error in line 6:
6. F B(a,b) 4
     ^, Formula B(a,b) is not a valid substitutuion for the existential formula referenced in the line 4.",2.110443353652954,stop,1089,92
"Ax (B(x)->C(x)), ~Ex C(x) |- ~Ex B(x)","[{'role': 'system', 'content': ""\nYou are an expert in logic using the semantic Tableaux method. \nYou will receive a first order logic formula and must prove its validity using the semantic tableau method, represent the proof in a Fitch-like notation, following these formatting instructions:\n\n### FORMAT OF PROOF LINES: \nExpanding proof line must be structured like: '<line_number>. <T_or_F> <formula> <origin>'\n- <line_number>: sequential integer, always ending with a dot ('1.', '2.', '3.', ...)\n- <T_or_F> → T for true formulas, F for false formulas. \n- <formula>: the formula derived on that line\n- <origin> is exactly one of:\n    pre (for premises)\n    conclusion (for the conclusion)\n    a comma-separated list of line numbers indicating the formula(s) used to derive the current line (e.g. '1', '3', '1,3')\n\n### BRANCHING FORMAT \nUse curly braces { and } to open and close branches. \n{ must appear immediately after the line number that opens a branch (e.g. '8.{ F A|B 3') \n} must appear at the end of the line that closes that branch (e.g. '12. @ 5,7}'). Exception: the main (initial) branch does not require a closing }, since it is not opened by {.\nBranches may be nested. But a formula may only be used at a given point if it appeared earlier in the same branch or an outer (enclosing) branch to the current branch. Formulas from closed branches or sibling branches must not be used.\n\n### SYMBOLS \nUse the following symbols for logical operations: \n & = conjunction (and), \n | = disjunction (or), \n ~ = negation (not), \n -> = implication (implies).\n\nQuantifiers symbols:  \n    Ax represents ∀x  \n    Ex represents ∃x\nSo formulas with ∀x and ∃x will be represented by Ax and Ex (A and E followed by the variable x). For example, Ax (H(x)->M(x)) represents ∀x (H(x)→M(x)).\n\n###CONVENTIONS\nAtoms: only uppercase letters not immediately followed by parentesis (e.g. P, Q, R).\nPredicates: uppercase letters immediately followed by parentesis (e.g. H(x), M(y), Q(a,b) ). All predicates must use parentheses.\nVariables: first letter in lowercase, can be followed by letters and numbers (e.g., x, x0, xP0).\n\nWrite only the final proof in <proof>...</proof> tags. Only use <proof>...</proof> tags ONCE. Omit names of the rules. Only use these symbols inside the proof '&' , '->', '~', '|', '@', '(', ')', '{', '}', 'Ax', 'Ex'.\nDo not include explanations, commentary, or extra text inside and outside the <proof>...</proof> tags.\n""}, {'role': 'user', 'content': ""Prove 'Ex P(x), Ax (P(x)->Q(x)) |- Ex Q(x)', using the analytical tableau method. Final answer using the notation described. ""}, {'role': 'assistant', 'content': ' <proof>\n                        1. T Ex P(x) pre\n                        2. T Ax (P(x)->Q(x)) pre\n                        3. F Ex Q(x) conclusion\n                        4. T P(a) 1 \n                        5. T (P(a)->Q(a)) 2 \n                        6. F Q(a) 3 \n                        7.{ F P(a) 5 \n                        8. @ 4,7}    \n                        9.{ T Q(a) 5 \n                        10. @ 6,9}   \n                    </proof>'}, {'role': 'user', 'content': ""Prove 'Ax (P(x)|P(x)) |- Ax P(x)', using the analytical tableau method. Final answer using the notation described.""}, {'role': 'assistant', 'content': ' <proof>\n                            1. T Ax (P(x)|P(x)) pre \n                            2. F Ax P(x) conclusion\n                            3. F P(a) 2          \n                            4. T (P(a)|P(a)) 1   \n                            5.{ T P(a) 4         \n                            6. @ 3,5}            \n                            7.{ T P(a) 4         \n                            8. @ 3,7}            \n                        </proof>'}, {'role': 'user', 'content': ""Prove'Ax (B(x)->C(x)), ~Ex C(x) |- ~Ex B(x)' using the analytical tableau method. Only one final answer, surrounded by <proof>...</proof>, using the notation described.""}]","1. T Ax (B(x)->C(x)) pre
2. T ~Ex C(x) pre
3. F ~Ex B(x) conclusion
4. T Ex B(x) 3
5. T B(a) 4
6. T (B(a)->C(a)) 1
7. F C(x) 2
8. T Ax ~C(x) 2
9. T ~C(a) 8
10.{ F B(a) 6
11. @ 5,10}
12.{ F C(a) 6
13. @ 9,12}
14. @ 5,11,13}","1. T Ax (B(x)->C(x)) pre
2. T ~Ex C(x) pre
3. F ~Ex B(x) conclusion
4. T Ex B(x) 3
5. T B(a) 4
6. T (B(a)->C(a)) 1
7. F C(x) 2
8. T Ax ~C(x) 2
9. T ~C(a) 8
10.{ F B(a) 6
11. @ 5,10}
12.{ F C(a) 6
13. @ 9,12}
14. @ 5,11,13}","The following errors were found:

One of definitions are not completed. Please, check whether all rules are correctly written.
Recall that a rule of inference starts with a numeber, followed by . (reference line), the truth value of the formula (T or F), has a formula and the justification (premise, conclusion or one of the inference rules with its formula references).Sintax error:
14. @ 5,11,13}
          ^
",3.5347585678100586,stop,1095,172
"Ax (B(x)->C(x)), Ax (C(x)->D(x)), Ex B(x) |- Ex D(x)","[{'role': 'system', 'content': ""\nYou are an expert in logic using the semantic Tableaux method. \nYou will receive a first order logic formula and must prove its validity using the semantic tableau method, represent the proof in a Fitch-like notation, following these formatting instructions:\n\n### FORMAT OF PROOF LINES: \nExpanding proof line must be structured like: '<line_number>. <T_or_F> <formula> <origin>'\n- <line_number>: sequential integer, always ending with a dot ('1.', '2.', '3.', ...)\n- <T_or_F> → T for true formulas, F for false formulas. \n- <formula>: the formula derived on that line\n- <origin> is exactly one of:\n    pre (for premises)\n    conclusion (for the conclusion)\n    a comma-separated list of line numbers indicating the formula(s) used to derive the current line (e.g. '1', '3', '1,3')\n\n### BRANCHING FORMAT \nUse curly braces { and } to open and close branches. \n{ must appear immediately after the line number that opens a branch (e.g. '8.{ F A|B 3') \n} must appear at the end of the line that closes that branch (e.g. '12. @ 5,7}'). Exception: the main (initial) branch does not require a closing }, since it is not opened by {.\nBranches may be nested. But a formula may only be used at a given point if it appeared earlier in the same branch or an outer (enclosing) branch to the current branch. Formulas from closed branches or sibling branches must not be used.\n\n### SYMBOLS \nUse the following symbols for logical operations: \n & = conjunction (and), \n | = disjunction (or), \n ~ = negation (not), \n -> = implication (implies).\n\nQuantifiers symbols:  \n    Ax represents ∀x  \n    Ex represents ∃x\nSo formulas with ∀x and ∃x will be represented by Ax and Ex (A and E followed by the variable x). For example, Ax (H(x)->M(x)) represents ∀x (H(x)→M(x)).\n\n###CONVENTIONS\nAtoms: only uppercase letters not immediately followed by parentesis (e.g. P, Q, R).\nPredicates: uppercase letters immediately followed by parentesis (e.g. H(x), M(y), Q(a,b) ). All predicates must use parentheses.\nVariables: first letter in lowercase, can be followed by letters and numbers (e.g., x, x0, xP0).\n\nWrite only the final proof in <proof>...</proof> tags. Only use <proof>...</proof> tags ONCE. Omit names of the rules. Only use these symbols inside the proof '&' , '->', '~', '|', '@', '(', ')', '{', '}', 'Ax', 'Ex'.\nDo not include explanations, commentary, or extra text inside and outside the <proof>...</proof> tags.\n""}, {'role': 'user', 'content': ""Prove 'Ex P(x), Ax (P(x)->Q(x)) |- Ex Q(x)', using the analytical tableau method. Final answer using the notation described. ""}, {'role': 'assistant', 'content': ' <proof>\n                        1. T Ex P(x) pre\n                        2. T Ax (P(x)->Q(x)) pre\n                        3. F Ex Q(x) conclusion\n                        4. T P(a) 1 \n                        5. T (P(a)->Q(a)) 2 \n                        6. F Q(a) 3 \n                        7.{ F P(a) 5 \n                        8. @ 4,7}    \n                        9.{ T Q(a) 5 \n                        10. @ 6,9}   \n                    </proof>'}, {'role': 'user', 'content': ""Prove 'Ax (P(x)|P(x)) |- Ax P(x)', using the analytical tableau method. Final answer using the notation described.""}, {'role': 'assistant', 'content': ' <proof>\n                            1. T Ax (P(x)|P(x)) pre \n                            2. F Ax P(x) conclusion\n                            3. F P(a) 2          \n                            4. T (P(a)|P(a)) 1   \n                            5.{ T P(a) 4         \n                            6. @ 3,5}            \n                            7.{ T P(a) 4         \n                            8. @ 3,7}            \n                        </proof>'}, {'role': 'user', 'content': ""Prove'Ax (B(x)->C(x)), Ax (C(x)->D(x)), Ex B(x) |- Ex D(x)' using the analytical tableau method. Only one final answer, surrounded by <proof>...</proof>, using the notation described.""}]","1. T Ax (B(x)->C(x)) pre
2. T Ax (C(x)->D(x)) pre
3. T Ex B(x) pre
4. F Ex D(x) conclusion
5. T (B(a)->C(a)) 1
6. T (C(a)->D(a)) 2
7. T B(b) 3
8. F D(c) 4
9.{ F B(b) 5
10. @ 7,9}
11.{ T C(b) 5
12.{ F C(b) 6
13. @ 11,12}
14.{ T D(b) 6
15. @ 8,14}
16. @ 10,11,14}","1. T Ax (B(x)->C(x)) pre
2. T Ax (C(x)->D(x)) pre
3. T Ex B(x) pre
4. F Ex D(x) conclusion
5. T (B(a)->C(a)) 1
6. T (C(a)->D(a)) 2
7. T B(b) 3
8. F D(c) 4
9.{ F B(b) 5
10. @ 7,9}
11.{ T C(b) 5
12.{ F C(b) 6
13. @ 11,12}
14.{ T D(b) 6
15. @ 8,14}
16. @ 10,11,14}","The following errors were found:

One of definitions are not completed. Please, check whether all rules are correctly written.
Recall that a rule of inference starts with a numeber, followed by . (reference line), the truth value of the formula (T or F), has a formula and the justification (premise, conclusion or one of the inference rules with its formula references).Sintax error:
16. @ 10,11,14}
           ^
",3.474273443222046,stop,1103,199
Ex ~(B(x)&C(x)) |- Ex (~B(x)|~C(x)),"[{'role': 'system', 'content': ""\nYou are an expert in logic using the semantic Tableaux method. \nYou will receive a first order logic formula and must prove its validity using the semantic tableau method, represent the proof in a Fitch-like notation, following these formatting instructions:\n\n### FORMAT OF PROOF LINES: \nExpanding proof line must be structured like: '<line_number>. <T_or_F> <formula> <origin>'\n- <line_number>: sequential integer, always ending with a dot ('1.', '2.', '3.', ...)\n- <T_or_F> → T for true formulas, F for false formulas. \n- <formula>: the formula derived on that line\n- <origin> is exactly one of:\n    pre (for premises)\n    conclusion (for the conclusion)\n    a comma-separated list of line numbers indicating the formula(s) used to derive the current line (e.g. '1', '3', '1,3')\n\n### BRANCHING FORMAT \nUse curly braces { and } to open and close branches. \n{ must appear immediately after the line number that opens a branch (e.g. '8.{ F A|B 3') \n} must appear at the end of the line that closes that branch (e.g. '12. @ 5,7}'). Exception: the main (initial) branch does not require a closing }, since it is not opened by {.\nBranches may be nested. But a formula may only be used at a given point if it appeared earlier in the same branch or an outer (enclosing) branch to the current branch. Formulas from closed branches or sibling branches must not be used.\n\n### SYMBOLS \nUse the following symbols for logical operations: \n & = conjunction (and), \n | = disjunction (or), \n ~ = negation (not), \n -> = implication (implies).\n\nQuantifiers symbols:  \n    Ax represents ∀x  \n    Ex represents ∃x\nSo formulas with ∀x and ∃x will be represented by Ax and Ex (A and E followed by the variable x). For example, Ax (H(x)->M(x)) represents ∀x (H(x)→M(x)).\n\n###CONVENTIONS\nAtoms: only uppercase letters not immediately followed by parentesis (e.g. P, Q, R).\nPredicates: uppercase letters immediately followed by parentesis (e.g. H(x), M(y), Q(a,b) ). All predicates must use parentheses.\nVariables: first letter in lowercase, can be followed by letters and numbers (e.g., x, x0, xP0).\n\nWrite only the final proof in <proof>...</proof> tags. Only use <proof>...</proof> tags ONCE. Omit names of the rules. Only use these symbols inside the proof '&' , '->', '~', '|', '@', '(', ')', '{', '}', 'Ax', 'Ex'.\nDo not include explanations, commentary, or extra text inside and outside the <proof>...</proof> tags.\n""}, {'role': 'user', 'content': ""Prove 'Ex P(x), Ax (P(x)->Q(x)) |- Ex Q(x)', using the analytical tableau method. Final answer using the notation described. ""}, {'role': 'assistant', 'content': ' <proof>\n                        1. T Ex P(x) pre\n                        2. T Ax (P(x)->Q(x)) pre\n                        3. F Ex Q(x) conclusion\n                        4. T P(a) 1 \n                        5. T (P(a)->Q(a)) 2 \n                        6. F Q(a) 3 \n                        7.{ F P(a) 5 \n                        8. @ 4,7}    \n                        9.{ T Q(a) 5 \n                        10. @ 6,9}   \n                    </proof>'}, {'role': 'user', 'content': ""Prove 'Ax (P(x)|P(x)) |- Ax P(x)', using the analytical tableau method. Final answer using the notation described.""}, {'role': 'assistant', 'content': ' <proof>\n                            1. T Ax (P(x)|P(x)) pre \n                            2. F Ax P(x) conclusion\n                            3. F P(a) 2          \n                            4. T (P(a)|P(a)) 1   \n                            5.{ T P(a) 4         \n                            6. @ 3,5}            \n                            7.{ T P(a) 4         \n                            8. @ 3,7}            \n                        </proof>'}, {'role': 'user', 'content': ""Prove'Ex ~(B(x)&C(x)) |- Ex (~B(x)|~C(x))' using the analytical tableau method. Only one final answer, surrounded by <proof>...</proof>, using the notation described.""}]","1. T Ex ~(B(x)&C(x)) pre
2. F Ex (~B(x)|~C(x)) conclusion
3. T ~(B(a)&C(a)) 1
4. F ~B(a)|~C(a) 2
5. { F ~B(a) 4
6. T B(a) 5
7. { F ~C(a) 4
8. T C(a) 7
9. { F B(a)&C(a) 3
10. { F B(a) 9
11. @ 6,10}
12. { F C(a) 9
13. @ 8,12}
14. @ 3,11,13}
15. @ 4,5,7}","1. T Ex ~(B(x)&C(x)) pre
2. F Ex (~B(x)|~C(x)) conclusion
3. T ~(B(a)&C(a)) 1
4. F ~B(a)|~C(a) 2
5. { F ~B(a) 4
6. T B(a) 5
7. { F ~C(a) 4
8. T C(a) 7
9. { F B(a)&C(a) 3
10. { F B(a) 9
11. @ 6,10}
12. { F C(a) 9
13. @ 8,12}
14. @ 3,11,13}
15. @ 4,5,7}","The following errors were found:

One of definitions are not completed. Please, check whether all rules are correctly written.
Recall that a rule of inference starts with a numeber, followed by . (reference line), the truth value of the formula (T or F), has a formula and the justification (premise, conclusion or one of the inference rules with its formula references).Sintax error:
14. @ 3,11,13}
          ^
",4.507105827331543,stop,1095,201
Ax ~(B(x)|C(x)) |- Ax ~B(x)&Ax ~C(x),"[{'role': 'system', 'content': ""\nYou are an expert in logic using the semantic Tableaux method. \nYou will receive a first order logic formula and must prove its validity using the semantic tableau method, represent the proof in a Fitch-like notation, following these formatting instructions:\n\n### FORMAT OF PROOF LINES: \nExpanding proof line must be structured like: '<line_number>. <T_or_F> <formula> <origin>'\n- <line_number>: sequential integer, always ending with a dot ('1.', '2.', '3.', ...)\n- <T_or_F> → T for true formulas, F for false formulas. \n- <formula>: the formula derived on that line\n- <origin> is exactly one of:\n    pre (for premises)\n    conclusion (for the conclusion)\n    a comma-separated list of line numbers indicating the formula(s) used to derive the current line (e.g. '1', '3', '1,3')\n\n### BRANCHING FORMAT \nUse curly braces { and } to open and close branches. \n{ must appear immediately after the line number that opens a branch (e.g. '8.{ F A|B 3') \n} must appear at the end of the line that closes that branch (e.g. '12. @ 5,7}'). Exception: the main (initial) branch does not require a closing }, since it is not opened by {.\nBranches may be nested. But a formula may only be used at a given point if it appeared earlier in the same branch or an outer (enclosing) branch to the current branch. Formulas from closed branches or sibling branches must not be used.\n\n### SYMBOLS \nUse the following symbols for logical operations: \n & = conjunction (and), \n | = disjunction (or), \n ~ = negation (not), \n -> = implication (implies).\n\nQuantifiers symbols:  \n    Ax represents ∀x  \n    Ex represents ∃x\nSo formulas with ∀x and ∃x will be represented by Ax and Ex (A and E followed by the variable x). For example, Ax (H(x)->M(x)) represents ∀x (H(x)→M(x)).\n\n###CONVENTIONS\nAtoms: only uppercase letters not immediately followed by parentesis (e.g. P, Q, R).\nPredicates: uppercase letters immediately followed by parentesis (e.g. H(x), M(y), Q(a,b) ). All predicates must use parentheses.\nVariables: first letter in lowercase, can be followed by letters and numbers (e.g., x, x0, xP0).\n\nWrite only the final proof in <proof>...</proof> tags. Only use <proof>...</proof> tags ONCE. Omit names of the rules. Only use these symbols inside the proof '&' , '->', '~', '|', '@', '(', ')', '{', '}', 'Ax', 'Ex'.\nDo not include explanations, commentary, or extra text inside and outside the <proof>...</proof> tags.\n""}, {'role': 'user', 'content': ""Prove 'Ex P(x), Ax (P(x)->Q(x)) |- Ex Q(x)', using the analytical tableau method. Final answer using the notation described. ""}, {'role': 'assistant', 'content': ' <proof>\n                        1. T Ex P(x) pre\n                        2. T Ax (P(x)->Q(x)) pre\n                        3. F Ex Q(x) conclusion\n                        4. T P(a) 1 \n                        5. T (P(a)->Q(a)) 2 \n                        6. F Q(a) 3 \n                        7.{ F P(a) 5 \n                        8. @ 4,7}    \n                        9.{ T Q(a) 5 \n                        10. @ 6,9}   \n                    </proof>'}, {'role': 'user', 'content': ""Prove 'Ax (P(x)|P(x)) |- Ax P(x)', using the analytical tableau method. Final answer using the notation described.""}, {'role': 'assistant', 'content': ' <proof>\n                            1. T Ax (P(x)|P(x)) pre \n                            2. F Ax P(x) conclusion\n                            3. F P(a) 2          \n                            4. T (P(a)|P(a)) 1   \n                            5.{ T P(a) 4         \n                            6. @ 3,5}            \n                            7.{ T P(a) 4         \n                            8. @ 3,7}            \n                        </proof>'}, {'role': 'user', 'content': ""Prove'Ax ~(B(x)|C(x)) |- Ax ~B(x)&Ax ~C(x)' using the analytical tableau method. Only one final answer, surrounded by <proof>...</proof>, using the notation described.""}]","1. T Ax ~(B(x)|C(x)) pre
2. F Ax ~B(x)&Ax ~C(x) conclusion
3. { F ~B(a) 2
4. T B(a) 3
5. T ~(B(a)|C(a)) 1
6. { F B(a) 5
7. T C(a) 5
8. @ 4,6}
9. { F Ax ~C(x) 2
10. F ~C(b) 9
11. T C(b) 10
12. T ~(B(b)|C(b)) 1
13. { F B(b) 12
14. T C(b) 12
15. @ 11,14}
16. { F C(b) 12
17. T B(b) 12
18. @ 11,17}
19. @ 3,9}","1. T Ax ~(B(x)|C(x)) pre
2. F Ax ~B(x)&Ax ~C(x) conclusion
3. { F ~B(a) 2
4. T B(a) 3
5. T ~(B(a)|C(a)) 1
6. { F B(a) 5
7. T C(a) 5
8. @ 4,6}
9. { F Ax ~C(x) 2
10. F ~C(b) 9
11. T C(b) 10
12. T ~(B(b)|C(b)) 1
13. { F B(b) 12
14. T C(b) 12
15. @ 11,14}
16. { F C(b) 12
17. T B(b) 12
18. @ 11,17}
19. @ 3,9}","The following errors were found:

Error in line 6:
6. { F B(a) 5
            ^, The rule must be a alpha-rule.
Error in line 7:
7. T C(a) 5
   ^, The truth value should be F for this rule.
Error in line 13:
13. { F B(b) 12
             ^, The rule must be a alpha-rule.
Error in line 14:
14. T C(b) 12
    ^, The truth value should be F for this rule.
Error in line 16:
16. { F C(b) 12
             ^, The rule must be a alpha-rule.
Error in line 17:
17. T B(b) 12
    ^, The truth value should be F for this rule.
Error in line 3:
3. { F ~B(a) 2
       ^,The open branch must be closed.
Error in line 3:
3. { F ~B(a) 2
       ^, Formula ~B(a) (conclusion of rule) must be the same as the right or left formula of line ~.
Error in line 3:
3. { F ~B(a) 2
^, A beta rule must have exactly two branches.
Error in line 7:
7. T C(a) 5
          ^, Formula C(a) is not a valid result for this rule.
Error in line 7:
7. T C(a) 5
          ^, The reference rule on the 7 line can only be used once in this branch.
Error in line 9:
9. { F Ax ~C(x) 2
^, There should be a previous branch, starting with the rule &F with the formula Ax ~B(x).
Error in line 9:
9. { F Ax ~C(x) 2
                ^, The reference rule on the 9 line can only be used once in this branch.
Error in line 14:
14. T C(b) 12
           ^, Formula C(b) is not a valid result for this rule.
Error in line 14:
14. T C(b) 12
           ^, The reference rule on the 14 line can only be used once in this branch.
Error in line 15:
15. @ 11,14}
      ^, None of the formulas referenced by the lines contradict the other formula.
Error in line 17:
17. T B(b) 12
           ^, Formula B(b) is not a valid result for this rule.
Error in line 17:
17. T B(b) 12
           ^, The reference rule on the 17 line can only be used once in this branch.
Error in line 18:
18. @ 11,17}
      ^, None of the formulas referenced by the lines contradict the other formula.
Error in line 19:
19. @ 3,9}
      ^, None of the formulas referenced by the lines contradict the other formula.",4.356863737106323,stop,1095,244
Ax (B(x)->(C(x)&D(x))) |- Ax (B(x)->C(x)),"[{'role': 'system', 'content': ""\nYou are an expert in logic using the semantic Tableaux method. \nYou will receive a first order logic formula and must prove its validity using the semantic tableau method, represent the proof in a Fitch-like notation, following these formatting instructions:\n\n### FORMAT OF PROOF LINES: \nExpanding proof line must be structured like: '<line_number>. <T_or_F> <formula> <origin>'\n- <line_number>: sequential integer, always ending with a dot ('1.', '2.', '3.', ...)\n- <T_or_F> → T for true formulas, F for false formulas. \n- <formula>: the formula derived on that line\n- <origin> is exactly one of:\n    pre (for premises)\n    conclusion (for the conclusion)\n    a comma-separated list of line numbers indicating the formula(s) used to derive the current line (e.g. '1', '3', '1,3')\n\n### BRANCHING FORMAT \nUse curly braces { and } to open and close branches. \n{ must appear immediately after the line number that opens a branch (e.g. '8.{ F A|B 3') \n} must appear at the end of the line that closes that branch (e.g. '12. @ 5,7}'). Exception: the main (initial) branch does not require a closing }, since it is not opened by {.\nBranches may be nested. But a formula may only be used at a given point if it appeared earlier in the same branch or an outer (enclosing) branch to the current branch. Formulas from closed branches or sibling branches must not be used.\n\n### SYMBOLS \nUse the following symbols for logical operations: \n & = conjunction (and), \n | = disjunction (or), \n ~ = negation (not), \n -> = implication (implies).\n\nQuantifiers symbols:  \n    Ax represents ∀x  \n    Ex represents ∃x\nSo formulas with ∀x and ∃x will be represented by Ax and Ex (A and E followed by the variable x). For example, Ax (H(x)->M(x)) represents ∀x (H(x)→M(x)).\n\n###CONVENTIONS\nAtoms: only uppercase letters not immediately followed by parentesis (e.g. P, Q, R).\nPredicates: uppercase letters immediately followed by parentesis (e.g. H(x), M(y), Q(a,b) ). All predicates must use parentheses.\nVariables: first letter in lowercase, can be followed by letters and numbers (e.g., x, x0, xP0).\n\nWrite only the final proof in <proof>...</proof> tags. Only use <proof>...</proof> tags ONCE. Omit names of the rules. Only use these symbols inside the proof '&' , '->', '~', '|', '@', '(', ')', '{', '}', 'Ax', 'Ex'.\nDo not include explanations, commentary, or extra text inside and outside the <proof>...</proof> tags.\n""}, {'role': 'user', 'content': ""Prove 'Ex P(x), Ax (P(x)->Q(x)) |- Ex Q(x)', using the analytical tableau method. Final answer using the notation described. ""}, {'role': 'assistant', 'content': ' <proof>\n                        1. T Ex P(x) pre\n                        2. T Ax (P(x)->Q(x)) pre\n                        3. F Ex Q(x) conclusion\n                        4. T P(a) 1 \n                        5. T (P(a)->Q(a)) 2 \n                        6. F Q(a) 3 \n                        7.{ F P(a) 5 \n                        8. @ 4,7}    \n                        9.{ T Q(a) 5 \n                        10. @ 6,9}   \n                    </proof>'}, {'role': 'user', 'content': ""Prove 'Ax (P(x)|P(x)) |- Ax P(x)', using the analytical tableau method. Final answer using the notation described.""}, {'role': 'assistant', 'content': ' <proof>\n                            1. T Ax (P(x)|P(x)) pre \n                            2. F Ax P(x) conclusion\n                            3. F P(a) 2          \n                            4. T (P(a)|P(a)) 1   \n                            5.{ T P(a) 4         \n                            6. @ 3,5}            \n                            7.{ T P(a) 4         \n                            8. @ 3,7}            \n                        </proof>'}, {'role': 'user', 'content': ""Prove'Ax (B(x)->(C(x)&D(x))) |- Ax (B(x)->C(x))' using the analytical tableau method. Only one final answer, surrounded by <proof>...</proof>, using the notation described.""}]","1. T Ax (B(x)->(C(x)&D(x))) pre
2. F Ax (B(x)->C(x)) conclusion
3. T (B(a)->(C(a)&D(a))) 1
4. F (B(a)->C(a)) 2
5. { T B(a) 4
6. T (C(a)&D(a)) 3
7. T C(a) 6
8. @ 5,7}
9. { T ~C(a) 4
10. @ 4,9}
11. { T ~D(a) 6
12. @ 4,11}
13. { T ~C(a) 6
14. @ 4,13}
15. @ 4,5,9,11,13}","1. T Ax (B(x)->(C(x)&D(x))) pre
2. F Ax (B(x)->C(x)) conclusion
3. T (B(a)->(C(a)&D(a))) 1
4. F (B(a)->C(a)) 2
5. { T B(a) 4
6. T (C(a)&D(a)) 3
7. T C(a) 6
8. @ 5,7}
9. { T ~C(a) 4
10. @ 4,9}
11. { T ~D(a) 6
12. @ 4,11}
13. { T ~C(a) 6
14. @ 4,13}
15. @ 4,5,9,11,13}","The following errors were found:

One of definitions are not completed. Please, check whether all rules are correctly written.
Recall that a rule of inference starts with a numeber, followed by . (reference line), the truth value of the formula (T or F), has a formula and the justification (premise, conclusion or one of the inference rules with its formula references).Sintax error:
15. @ 4,5,9,11,13}
         ^
",3.6713497638702393,stop,1099,211
Ex B(x)|Ex C(x) |- Ex (B(x)|C(x)),"[{'role': 'system', 'content': ""\nYou are an expert in logic using the semantic Tableaux method. \nYou will receive a first order logic formula and must prove its validity using the semantic tableau method, represent the proof in a Fitch-like notation, following these formatting instructions:\n\n### FORMAT OF PROOF LINES: \nExpanding proof line must be structured like: '<line_number>. <T_or_F> <formula> <origin>'\n- <line_number>: sequential integer, always ending with a dot ('1.', '2.', '3.', ...)\n- <T_or_F> → T for true formulas, F for false formulas. \n- <formula>: the formula derived on that line\n- <origin> is exactly one of:\n    pre (for premises)\n    conclusion (for the conclusion)\n    a comma-separated list of line numbers indicating the formula(s) used to derive the current line (e.g. '1', '3', '1,3')\n\n### BRANCHING FORMAT \nUse curly braces { and } to open and close branches. \n{ must appear immediately after the line number that opens a branch (e.g. '8.{ F A|B 3') \n} must appear at the end of the line that closes that branch (e.g. '12. @ 5,7}'). Exception: the main (initial) branch does not require a closing }, since it is not opened by {.\nBranches may be nested. But a formula may only be used at a given point if it appeared earlier in the same branch or an outer (enclosing) branch to the current branch. Formulas from closed branches or sibling branches must not be used.\n\n### SYMBOLS \nUse the following symbols for logical operations: \n & = conjunction (and), \n | = disjunction (or), \n ~ = negation (not), \n -> = implication (implies).\n\nQuantifiers symbols:  \n    Ax represents ∀x  \n    Ex represents ∃x\nSo formulas with ∀x and ∃x will be represented by Ax and Ex (A and E followed by the variable x). For example, Ax (H(x)->M(x)) represents ∀x (H(x)→M(x)).\n\n###CONVENTIONS\nAtoms: only uppercase letters not immediately followed by parentesis (e.g. P, Q, R).\nPredicates: uppercase letters immediately followed by parentesis (e.g. H(x), M(y), Q(a,b) ). All predicates must use parentheses.\nVariables: first letter in lowercase, can be followed by letters and numbers (e.g., x, x0, xP0).\n\nWrite only the final proof in <proof>...</proof> tags. Only use <proof>...</proof> tags ONCE. Omit names of the rules. Only use these symbols inside the proof '&' , '->', '~', '|', '@', '(', ')', '{', '}', 'Ax', 'Ex'.\nDo not include explanations, commentary, or extra text inside and outside the <proof>...</proof> tags.\n""}, {'role': 'user', 'content': ""Prove 'Ex P(x), Ax (P(x)->Q(x)) |- Ex Q(x)', using the analytical tableau method. Final answer using the notation described. ""}, {'role': 'assistant', 'content': ' <proof>\n                        1. T Ex P(x) pre\n                        2. T Ax (P(x)->Q(x)) pre\n                        3. F Ex Q(x) conclusion\n                        4. T P(a) 1 \n                        5. T (P(a)->Q(a)) 2 \n                        6. F Q(a) 3 \n                        7.{ F P(a) 5 \n                        8. @ 4,7}    \n                        9.{ T Q(a) 5 \n                        10. @ 6,9}   \n                    </proof>'}, {'role': 'user', 'content': ""Prove 'Ax (P(x)|P(x)) |- Ax P(x)', using the analytical tableau method. Final answer using the notation described.""}, {'role': 'assistant', 'content': ' <proof>\n                            1. T Ax (P(x)|P(x)) pre \n                            2. F Ax P(x) conclusion\n                            3. F P(a) 2          \n                            4. T (P(a)|P(a)) 1   \n                            5.{ T P(a) 4         \n                            6. @ 3,5}            \n                            7.{ T P(a) 4         \n                            8. @ 3,7}            \n                        </proof>'}, {'role': 'user', 'content': ""Prove'Ex B(x)|Ex C(x) |- Ex (B(x)|C(x))' using the analytical tableau method. Only one final answer, surrounded by <proof>...</proof>, using the notation described.""}]","1. T Ex B(x)|Ex C(x) pre
2. F Ex (B(x)|C(x)) conclusion
3. F (B(a)|C(a)) 2
4. { F B(a) 3
5. T Ex B(x) 1
6. { T B(b) 5
7. @ 4,6}
8. T Ex C(x) 1
9. { T C(c) 8
10. @ 3,9}
11. { F C(a) 3
12. T Ex C(x) 1
13. { T C(d) 12
14. @ 11,13}
15. @ 4,5,8}","1. T Ex B(x)|Ex C(x) pre
2. F Ex (B(x)|C(x)) conclusion
3. F (B(a)|C(a)) 2
4. { F B(a) 3
5. T Ex B(x) 1
6. { T B(b) 5
7. @ 4,6}
8. T Ex C(x) 1
9. { T C(c) 8
10. @ 3,9}
11. { F C(a) 3
12. T Ex C(x) 1
13. { T C(d) 12
14. @ 11,13}
15. @ 4,5,8}","The following errors were found:

One of definitions are not completed. Please, check whether all rules are correctly written.
Recall that a rule of inference starts with a numeber, followed by . (reference line), the truth value of the formula (T or F), has a formula and the justification (premise, conclusion or one of the inference rules with its formula references).Sintax error:
15. @ 4,5,8}
         ^
",3.3137547969818115,stop,1094,188
Ax B(x)&Ax C(x) |- Ax (B(x)&C(x)),"[{'role': 'system', 'content': ""\nYou are an expert in logic using the semantic Tableaux method. \nYou will receive a first order logic formula and must prove its validity using the semantic tableau method, represent the proof in a Fitch-like notation, following these formatting instructions:\n\n### FORMAT OF PROOF LINES: \nExpanding proof line must be structured like: '<line_number>. <T_or_F> <formula> <origin>'\n- <line_number>: sequential integer, always ending with a dot ('1.', '2.', '3.', ...)\n- <T_or_F> → T for true formulas, F for false formulas. \n- <formula>: the formula derived on that line\n- <origin> is exactly one of:\n    pre (for premises)\n    conclusion (for the conclusion)\n    a comma-separated list of line numbers indicating the formula(s) used to derive the current line (e.g. '1', '3', '1,3')\n\n### BRANCHING FORMAT \nUse curly braces { and } to open and close branches. \n{ must appear immediately after the line number that opens a branch (e.g. '8.{ F A|B 3') \n} must appear at the end of the line that closes that branch (e.g. '12. @ 5,7}'). Exception: the main (initial) branch does not require a closing }, since it is not opened by {.\nBranches may be nested. But a formula may only be used at a given point if it appeared earlier in the same branch or an outer (enclosing) branch to the current branch. Formulas from closed branches or sibling branches must not be used.\n\n### SYMBOLS \nUse the following symbols for logical operations: \n & = conjunction (and), \n | = disjunction (or), \n ~ = negation (not), \n -> = implication (implies).\n\nQuantifiers symbols:  \n    Ax represents ∀x  \n    Ex represents ∃x\nSo formulas with ∀x and ∃x will be represented by Ax and Ex (A and E followed by the variable x). For example, Ax (H(x)->M(x)) represents ∀x (H(x)→M(x)).\n\n###CONVENTIONS\nAtoms: only uppercase letters not immediately followed by parentesis (e.g. P, Q, R).\nPredicates: uppercase letters immediately followed by parentesis (e.g. H(x), M(y), Q(a,b) ). All predicates must use parentheses.\nVariables: first letter in lowercase, can be followed by letters and numbers (e.g., x, x0, xP0).\n\nWrite only the final proof in <proof>...</proof> tags. Only use <proof>...</proof> tags ONCE. Omit names of the rules. Only use these symbols inside the proof '&' , '->', '~', '|', '@', '(', ')', '{', '}', 'Ax', 'Ex'.\nDo not include explanations, commentary, or extra text inside and outside the <proof>...</proof> tags.\n""}, {'role': 'user', 'content': ""Prove 'Ex P(x), Ax (P(x)->Q(x)) |- Ex Q(x)', using the analytical tableau method. Final answer using the notation described. ""}, {'role': 'assistant', 'content': ' <proof>\n                        1. T Ex P(x) pre\n                        2. T Ax (P(x)->Q(x)) pre\n                        3. F Ex Q(x) conclusion\n                        4. T P(a) 1 \n                        5. T (P(a)->Q(a)) 2 \n                        6. F Q(a) 3 \n                        7.{ F P(a) 5 \n                        8. @ 4,7}    \n                        9.{ T Q(a) 5 \n                        10. @ 6,9}   \n                    </proof>'}, {'role': 'user', 'content': ""Prove 'Ax (P(x)|P(x)) |- Ax P(x)', using the analytical tableau method. Final answer using the notation described.""}, {'role': 'assistant', 'content': ' <proof>\n                            1. T Ax (P(x)|P(x)) pre \n                            2. F Ax P(x) conclusion\n                            3. F P(a) 2          \n                            4. T (P(a)|P(a)) 1   \n                            5.{ T P(a) 4         \n                            6. @ 3,5}            \n                            7.{ T P(a) 4         \n                            8. @ 3,7}            \n                        </proof>'}, {'role': 'user', 'content': ""Prove'Ax B(x)&Ax C(x) |- Ax (B(x)&C(x))' using the analytical tableau method. Only one final answer, surrounded by <proof>...</proof>, using the notation described.""}]","1. T Ax B(x) & Ax C(x) pre
2. T Ax (B(x) & C(x)) conclusion
3. F Ax (B(x) & C(x)) 2
4. T B(a) 1
5. T C(a) 1
6. F (B(a) & C(a)) 3
7. { F B(a) 6
8. @ 4,7}
9. { F C(a) 6
10. @ 5,9}","1. T Ax B(x) & Ax C(x) pre
2. T Ax (B(x) & C(x)) conclusion
3. F Ax (B(x) & C(x)) 2
4. T B(a) 1
5. T C(a) 1
6. F (B(a) & C(a)) 3
7. { F B(a) 6
8. @ 4,7}
9. { F C(a) 6
10. @ 5,9}","The following errors were found:

Error in line 2:
2. T Ax (B(x) & C(x)) conclusion
   ^, The conclusion must have a truth value F.
Error in line 3:
3. F Ax (B(x) & C(x)) 2
   ^, The truth value should be T for this rule.
Error in line 3:
3. F Ax (B(x) & C(x)) 2
                      ^, Formula referenced in line 2 is not a universal formula with truth-value F.
Error in line 3:
3. F Ax (B(x) & C(x)) 2
     ^, Formula Ax (B(x)&C(x)) is not a valid substitution for the universal formula referenced in line 2.
Error in line 4:
4. T B(a) 1
          ^, Formula B(a) (conclusion of rule) must be the same as the right or left formula of line 1.
Error in line 5:
5. T C(a) 1
          ^, Formula C(a) (conclusion of rule) must be the same as the right or left formula of line 1.
Error in line 6:
6. F (B(a) & C(a)) 3
     ^, The variable used in this formula B(a)&C(a) is not a new variable and therefore cannot be used in this rule.",3.905069351196289,stop,1094,134
Ax B(x) |- ~Ex ~B(x),"[{'role': 'system', 'content': ""\nYou are an expert in logic using the semantic Tableaux method. \nYou will receive a first order logic formula and must prove its validity using the semantic tableau method, represent the proof in a Fitch-like notation, following these formatting instructions:\n\n### FORMAT OF PROOF LINES: \nExpanding proof line must be structured like: '<line_number>. <T_or_F> <formula> <origin>'\n- <line_number>: sequential integer, always ending with a dot ('1.', '2.', '3.', ...)\n- <T_or_F> → T for true formulas, F for false formulas. \n- <formula>: the formula derived on that line\n- <origin> is exactly one of:\n    pre (for premises)\n    conclusion (for the conclusion)\n    a comma-separated list of line numbers indicating the formula(s) used to derive the current line (e.g. '1', '3', '1,3')\n\n### BRANCHING FORMAT \nUse curly braces { and } to open and close branches. \n{ must appear immediately after the line number that opens a branch (e.g. '8.{ F A|B 3') \n} must appear at the end of the line that closes that branch (e.g. '12. @ 5,7}'). Exception: the main (initial) branch does not require a closing }, since it is not opened by {.\nBranches may be nested. But a formula may only be used at a given point if it appeared earlier in the same branch or an outer (enclosing) branch to the current branch. Formulas from closed branches or sibling branches must not be used.\n\n### SYMBOLS \nUse the following symbols for logical operations: \n & = conjunction (and), \n | = disjunction (or), \n ~ = negation (not), \n -> = implication (implies).\n\nQuantifiers symbols:  \n    Ax represents ∀x  \n    Ex represents ∃x\nSo formulas with ∀x and ∃x will be represented by Ax and Ex (A and E followed by the variable x). For example, Ax (H(x)->M(x)) represents ∀x (H(x)→M(x)).\n\n###CONVENTIONS\nAtoms: only uppercase letters not immediately followed by parentesis (e.g. P, Q, R).\nPredicates: uppercase letters immediately followed by parentesis (e.g. H(x), M(y), Q(a,b) ). All predicates must use parentheses.\nVariables: first letter in lowercase, can be followed by letters and numbers (e.g., x, x0, xP0).\n\nWrite only the final proof in <proof>...</proof> tags. Only use <proof>...</proof> tags ONCE. Omit names of the rules. Only use these symbols inside the proof '&' , '->', '~', '|', '@', '(', ')', '{', '}', 'Ax', 'Ex'.\nDo not include explanations, commentary, or extra text inside and outside the <proof>...</proof> tags.\n""}, {'role': 'user', 'content': ""Prove 'Ex P(x), Ax (P(x)->Q(x)) |- Ex Q(x)', using the analytical tableau method. Final answer using the notation described. ""}, {'role': 'assistant', 'content': ' <proof>\n                        1. T Ex P(x) pre\n                        2. T Ax (P(x)->Q(x)) pre\n                        3. F Ex Q(x) conclusion\n                        4. T P(a) 1 \n                        5. T (P(a)->Q(a)) 2 \n                        6. F Q(a) 3 \n                        7.{ F P(a) 5 \n                        8. @ 4,7}    \n                        9.{ T Q(a) 5 \n                        10. @ 6,9}   \n                    </proof>'}, {'role': 'user', 'content': ""Prove 'Ax (P(x)|P(x)) |- Ax P(x)', using the analytical tableau method. Final answer using the notation described.""}, {'role': 'assistant', 'content': ' <proof>\n                            1. T Ax (P(x)|P(x)) pre \n                            2. F Ax P(x) conclusion\n                            3. F P(a) 2          \n                            4. T (P(a)|P(a)) 1   \n                            5.{ T P(a) 4         \n                            6. @ 3,5}            \n                            7.{ T P(a) 4         \n                            8. @ 3,7}            \n                        </proof>'}, {'role': 'user', 'content': ""Prove'Ax B(x) |- ~Ex ~B(x)' using the analytical tableau method. Only one final answer, surrounded by <proof>...</proof>, using the notation described.""}]","1. T Ax B(x) pre
2. F ~Ex ~B(x) conclusion
3. T Ex ~B(x) 2
4. T ~B(a) 3
5. T B(a) 1
6. @ 4,5","1. T Ax B(x) pre
2. F ~Ex ~B(x) conclusion
3. T Ex ~B(x) 2
4. T ~B(a) 3
5. T B(a) 1
6. @ 4,5","The following errors were found:

Error in line 6:
6. @ 4,5
     ^, None of the formulas referenced by the lines contradict the other formula.",1.9655296802520752,stop,1085,71
~Ex ~B(x) |- Ax B(x),"[{'role': 'system', 'content': ""\nYou are an expert in logic using the semantic Tableaux method. \nYou will receive a first order logic formula and must prove its validity using the semantic tableau method, represent the proof in a Fitch-like notation, following these formatting instructions:\n\n### FORMAT OF PROOF LINES: \nExpanding proof line must be structured like: '<line_number>. <T_or_F> <formula> <origin>'\n- <line_number>: sequential integer, always ending with a dot ('1.', '2.', '3.', ...)\n- <T_or_F> → T for true formulas, F for false formulas. \n- <formula>: the formula derived on that line\n- <origin> is exactly one of:\n    pre (for premises)\n    conclusion (for the conclusion)\n    a comma-separated list of line numbers indicating the formula(s) used to derive the current line (e.g. '1', '3', '1,3')\n\n### BRANCHING FORMAT \nUse curly braces { and } to open and close branches. \n{ must appear immediately after the line number that opens a branch (e.g. '8.{ F A|B 3') \n} must appear at the end of the line that closes that branch (e.g. '12. @ 5,7}'). Exception: the main (initial) branch does not require a closing }, since it is not opened by {.\nBranches may be nested. But a formula may only be used at a given point if it appeared earlier in the same branch or an outer (enclosing) branch to the current branch. Formulas from closed branches or sibling branches must not be used.\n\n### SYMBOLS \nUse the following symbols for logical operations: \n & = conjunction (and), \n | = disjunction (or), \n ~ = negation (not), \n -> = implication (implies).\n\nQuantifiers symbols:  \n    Ax represents ∀x  \n    Ex represents ∃x\nSo formulas with ∀x and ∃x will be represented by Ax and Ex (A and E followed by the variable x). For example, Ax (H(x)->M(x)) represents ∀x (H(x)→M(x)).\n\n###CONVENTIONS\nAtoms: only uppercase letters not immediately followed by parentesis (e.g. P, Q, R).\nPredicates: uppercase letters immediately followed by parentesis (e.g. H(x), M(y), Q(a,b) ). All predicates must use parentheses.\nVariables: first letter in lowercase, can be followed by letters and numbers (e.g., x, x0, xP0).\n\nWrite only the final proof in <proof>...</proof> tags. Only use <proof>...</proof> tags ONCE. Omit names of the rules. Only use these symbols inside the proof '&' , '->', '~', '|', '@', '(', ')', '{', '}', 'Ax', 'Ex'.\nDo not include explanations, commentary, or extra text inside and outside the <proof>...</proof> tags.\n""}, {'role': 'user', 'content': ""Prove 'Ex P(x), Ax (P(x)->Q(x)) |- Ex Q(x)', using the analytical tableau method. Final answer using the notation described. ""}, {'role': 'assistant', 'content': ' <proof>\n                        1. T Ex P(x) pre\n                        2. T Ax (P(x)->Q(x)) pre\n                        3. F Ex Q(x) conclusion\n                        4. T P(a) 1 \n                        5. T (P(a)->Q(a)) 2 \n                        6. F Q(a) 3 \n                        7.{ F P(a) 5 \n                        8. @ 4,7}    \n                        9.{ T Q(a) 5 \n                        10. @ 6,9}   \n                    </proof>'}, {'role': 'user', 'content': ""Prove 'Ax (P(x)|P(x)) |- Ax P(x)', using the analytical tableau method. Final answer using the notation described.""}, {'role': 'assistant', 'content': ' <proof>\n                            1. T Ax (P(x)|P(x)) pre \n                            2. F Ax P(x) conclusion\n                            3. F P(a) 2          \n                            4. T (P(a)|P(a)) 1   \n                            5.{ T P(a) 4         \n                            6. @ 3,5}            \n                            7.{ T P(a) 4         \n                            8. @ 3,7}            \n                        </proof>'}, {'role': 'user', 'content': ""Prove'~Ex ~B(x) |- Ax B(x)' using the analytical tableau method. Only one final answer, surrounded by <proof>...</proof>, using the notation described.""}]","1. T ~Ex ~B(x) pre
2. F Ax B(x) conclusion
3. T Ex B(x) 1
4. F B(a) 2
5. T B(a) 3
6. @ 4,5","1. T ~Ex ~B(x) pre
2. F Ax B(x) conclusion
3. T Ex B(x) 1
4. F B(a) 2
5. T B(a) 3
6. @ 4,5","The following errors were found:

Error in line 3:
3. T Ex B(x) 1
   ^, The truth value should be F for this rule.
Error in line 3:
3. T Ex B(x) 1
             ^, Formula Ex B(x) is not a valid result for this rule.
Error in line 5:
5. T B(a) 3
     ^, The variable used in this formula B(a) is not a new variable and therefore cannot be used in this rule.",2.6542534828186035,stop,1085,69
Ex B(x) |- ~Ax ~B(x),"[{'role': 'system', 'content': ""\nYou are an expert in logic using the semantic Tableaux method. \nYou will receive a first order logic formula and must prove its validity using the semantic tableau method, represent the proof in a Fitch-like notation, following these formatting instructions:\n\n### FORMAT OF PROOF LINES: \nExpanding proof line must be structured like: '<line_number>. <T_or_F> <formula> <origin>'\n- <line_number>: sequential integer, always ending with a dot ('1.', '2.', '3.', ...)\n- <T_or_F> → T for true formulas, F for false formulas. \n- <formula>: the formula derived on that line\n- <origin> is exactly one of:\n    pre (for premises)\n    conclusion (for the conclusion)\n    a comma-separated list of line numbers indicating the formula(s) used to derive the current line (e.g. '1', '3', '1,3')\n\n### BRANCHING FORMAT \nUse curly braces { and } to open and close branches. \n{ must appear immediately after the line number that opens a branch (e.g. '8.{ F A|B 3') \n} must appear at the end of the line that closes that branch (e.g. '12. @ 5,7}'). Exception: the main (initial) branch does not require a closing }, since it is not opened by {.\nBranches may be nested. But a formula may only be used at a given point if it appeared earlier in the same branch or an outer (enclosing) branch to the current branch. Formulas from closed branches or sibling branches must not be used.\n\n### SYMBOLS \nUse the following symbols for logical operations: \n & = conjunction (and), \n | = disjunction (or), \n ~ = negation (not), \n -> = implication (implies).\n\nQuantifiers symbols:  \n    Ax represents ∀x  \n    Ex represents ∃x\nSo formulas with ∀x and ∃x will be represented by Ax and Ex (A and E followed by the variable x). For example, Ax (H(x)->M(x)) represents ∀x (H(x)→M(x)).\n\n###CONVENTIONS\nAtoms: only uppercase letters not immediately followed by parentesis (e.g. P, Q, R).\nPredicates: uppercase letters immediately followed by parentesis (e.g. H(x), M(y), Q(a,b) ). All predicates must use parentheses.\nVariables: first letter in lowercase, can be followed by letters and numbers (e.g., x, x0, xP0).\n\nWrite only the final proof in <proof>...</proof> tags. Only use <proof>...</proof> tags ONCE. Omit names of the rules. Only use these symbols inside the proof '&' , '->', '~', '|', '@', '(', ')', '{', '}', 'Ax', 'Ex'.\nDo not include explanations, commentary, or extra text inside and outside the <proof>...</proof> tags.\n""}, {'role': 'user', 'content': ""Prove 'Ex P(x), Ax (P(x)->Q(x)) |- Ex Q(x)', using the analytical tableau method. Final answer using the notation described. ""}, {'role': 'assistant', 'content': ' <proof>\n                        1. T Ex P(x) pre\n                        2. T Ax (P(x)->Q(x)) pre\n                        3. F Ex Q(x) conclusion\n                        4. T P(a) 1 \n                        5. T (P(a)->Q(a)) 2 \n                        6. F Q(a) 3 \n                        7.{ F P(a) 5 \n                        8. @ 4,7}    \n                        9.{ T Q(a) 5 \n                        10. @ 6,9}   \n                    </proof>'}, {'role': 'user', 'content': ""Prove 'Ax (P(x)|P(x)) |- Ax P(x)', using the analytical tableau method. Final answer using the notation described.""}, {'role': 'assistant', 'content': ' <proof>\n                            1. T Ax (P(x)|P(x)) pre \n                            2. F Ax P(x) conclusion\n                            3. F P(a) 2          \n                            4. T (P(a)|P(a)) 1   \n                            5.{ T P(a) 4         \n                            6. @ 3,5}            \n                            7.{ T P(a) 4         \n                            8. @ 3,7}            \n                        </proof>'}, {'role': 'user', 'content': ""Prove'Ex B(x) |- ~Ax ~B(x)' using the analytical tableau method. Only one final answer, surrounded by <proof>...</proof>, using the notation described.""}]","1. T Ex B(x) pre
2. F ~Ax ~B(x) conclusion
3. T Ax ~B(x) 2
4. T B(a) 1
5. T ~B(a) 3
6. @ 4,5","1. T Ex B(x) pre
2. F ~Ax ~B(x) conclusion
3. T Ax ~B(x) 2
4. T B(a) 1
5. T ~B(a) 3
6. @ 4,5","The following errors were found:

Error in line 6:
6. @ 4,5
     ^, None of the formulas referenced by the lines contradict the other formula.",1.84169602394104,stop,1085,71
~Ax ~B(x) |- Ex B(x),"[{'role': 'system', 'content': ""\nYou are an expert in logic using the semantic Tableaux method. \nYou will receive a first order logic formula and must prove its validity using the semantic tableau method, represent the proof in a Fitch-like notation, following these formatting instructions:\n\n### FORMAT OF PROOF LINES: \nExpanding proof line must be structured like: '<line_number>. <T_or_F> <formula> <origin>'\n- <line_number>: sequential integer, always ending with a dot ('1.', '2.', '3.', ...)\n- <T_or_F> → T for true formulas, F for false formulas. \n- <formula>: the formula derived on that line\n- <origin> is exactly one of:\n    pre (for premises)\n    conclusion (for the conclusion)\n    a comma-separated list of line numbers indicating the formula(s) used to derive the current line (e.g. '1', '3', '1,3')\n\n### BRANCHING FORMAT \nUse curly braces { and } to open and close branches. \n{ must appear immediately after the line number that opens a branch (e.g. '8.{ F A|B 3') \n} must appear at the end of the line that closes that branch (e.g. '12. @ 5,7}'). Exception: the main (initial) branch does not require a closing }, since it is not opened by {.\nBranches may be nested. But a formula may only be used at a given point if it appeared earlier in the same branch or an outer (enclosing) branch to the current branch. Formulas from closed branches or sibling branches must not be used.\n\n### SYMBOLS \nUse the following symbols for logical operations: \n & = conjunction (and), \n | = disjunction (or), \n ~ = negation (not), \n -> = implication (implies).\n\nQuantifiers symbols:  \n    Ax represents ∀x  \n    Ex represents ∃x\nSo formulas with ∀x and ∃x will be represented by Ax and Ex (A and E followed by the variable x). For example, Ax (H(x)->M(x)) represents ∀x (H(x)→M(x)).\n\n###CONVENTIONS\nAtoms: only uppercase letters not immediately followed by parentesis (e.g. P, Q, R).\nPredicates: uppercase letters immediately followed by parentesis (e.g. H(x), M(y), Q(a,b) ). All predicates must use parentheses.\nVariables: first letter in lowercase, can be followed by letters and numbers (e.g., x, x0, xP0).\n\nWrite only the final proof in <proof>...</proof> tags. Only use <proof>...</proof> tags ONCE. Omit names of the rules. Only use these symbols inside the proof '&' , '->', '~', '|', '@', '(', ')', '{', '}', 'Ax', 'Ex'.\nDo not include explanations, commentary, or extra text inside and outside the <proof>...</proof> tags.\n""}, {'role': 'user', 'content': ""Prove 'Ex P(x), Ax (P(x)->Q(x)) |- Ex Q(x)', using the analytical tableau method. Final answer using the notation described. ""}, {'role': 'assistant', 'content': ' <proof>\n                        1. T Ex P(x) pre\n                        2. T Ax (P(x)->Q(x)) pre\n                        3. F Ex Q(x) conclusion\n                        4. T P(a) 1 \n                        5. T (P(a)->Q(a)) 2 \n                        6. F Q(a) 3 \n                        7.{ F P(a) 5 \n                        8. @ 4,7}    \n                        9.{ T Q(a) 5 \n                        10. @ 6,9}   \n                    </proof>'}, {'role': 'user', 'content': ""Prove 'Ax (P(x)|P(x)) |- Ax P(x)', using the analytical tableau method. Final answer using the notation described.""}, {'role': 'assistant', 'content': ' <proof>\n                            1. T Ax (P(x)|P(x)) pre \n                            2. F Ax P(x) conclusion\n                            3. F P(a) 2          \n                            4. T (P(a)|P(a)) 1   \n                            5.{ T P(a) 4         \n                            6. @ 3,5}            \n                            7.{ T P(a) 4         \n                            8. @ 3,7}            \n                        </proof>'}, {'role': 'user', 'content': ""Prove'~Ax ~B(x) |- Ex B(x)' using the analytical tableau method. Only one final answer, surrounded by <proof>...</proof>, using the notation described.""}]","1. T ~Ax ~B(x) pre
2. F Ex B(x) conclusion
3. { F ~B(a) 1
4. T B(a) 3
5. @ 2,4}","1. T ~Ax ~B(x) pre
2. F Ex B(x) conclusion
3. { F ~B(a) 1
4. T B(a) 3
5. @ 2,4}","The following errors were found:

Error in line 3:
3. { F ~B(a) 1
             ^, The rule must be a alpha-rule.
Error in line 5:
5. @ 2,4}
     ^, None of the formulas referenced by the lines contradict the other formula.",1.515789270401001,stop,1085,61
Ax (B(x)&C(x)) |- Ax B(x)&Ax C(x),"[{'role': 'system', 'content': ""\nYou are an expert in logic using the semantic Tableaux method. \nYou will receive a first order logic formula and must prove its validity using the semantic tableau method, represent the proof in a Fitch-like notation, following these formatting instructions:\n\n### FORMAT OF PROOF LINES: \nExpanding proof line must be structured like: '<line_number>. <T_or_F> <formula> <origin>'\n- <line_number>: sequential integer, always ending with a dot ('1.', '2.', '3.', ...)\n- <T_or_F> → T for true formulas, F for false formulas. \n- <formula>: the formula derived on that line\n- <origin> is exactly one of:\n    pre (for premises)\n    conclusion (for the conclusion)\n    a comma-separated list of line numbers indicating the formula(s) used to derive the current line (e.g. '1', '3', '1,3')\n\n### BRANCHING FORMAT \nUse curly braces { and } to open and close branches. \n{ must appear immediately after the line number that opens a branch (e.g. '8.{ F A|B 3') \n} must appear at the end of the line that closes that branch (e.g. '12. @ 5,7}'). Exception: the main (initial) branch does not require a closing }, since it is not opened by {.\nBranches may be nested. But a formula may only be used at a given point if it appeared earlier in the same branch or an outer (enclosing) branch to the current branch. Formulas from closed branches or sibling branches must not be used.\n\n### SYMBOLS \nUse the following symbols for logical operations: \n & = conjunction (and), \n | = disjunction (or), \n ~ = negation (not), \n -> = implication (implies).\n\nQuantifiers symbols:  \n    Ax represents ∀x  \n    Ex represents ∃x\nSo formulas with ∀x and ∃x will be represented by Ax and Ex (A and E followed by the variable x). For example, Ax (H(x)->M(x)) represents ∀x (H(x)→M(x)).\n\n###CONVENTIONS\nAtoms: only uppercase letters not immediately followed by parentesis (e.g. P, Q, R).\nPredicates: uppercase letters immediately followed by parentesis (e.g. H(x), M(y), Q(a,b) ). All predicates must use parentheses.\nVariables: first letter in lowercase, can be followed by letters and numbers (e.g., x, x0, xP0).\n\nWrite only the final proof in <proof>...</proof> tags. Only use <proof>...</proof> tags ONCE. Omit names of the rules. Only use these symbols inside the proof '&' , '->', '~', '|', '@', '(', ')', '{', '}', 'Ax', 'Ex'.\nDo not include explanations, commentary, or extra text inside and outside the <proof>...</proof> tags.\n""}, {'role': 'user', 'content': ""Prove 'Ex P(x), Ax (P(x)->Q(x)) |- Ex Q(x)', using the analytical tableau method. Final answer using the notation described. ""}, {'role': 'assistant', 'content': ' <proof>\n                        1. T Ex P(x) pre\n                        2. T Ax (P(x)->Q(x)) pre\n                        3. F Ex Q(x) conclusion\n                        4. T P(a) 1 \n                        5. T (P(a)->Q(a)) 2 \n                        6. F Q(a) 3 \n                        7.{ F P(a) 5 \n                        8. @ 4,7}    \n                        9.{ T Q(a) 5 \n                        10. @ 6,9}   \n                    </proof>'}, {'role': 'user', 'content': ""Prove 'Ax (P(x)|P(x)) |- Ax P(x)', using the analytical tableau method. Final answer using the notation described.""}, {'role': 'assistant', 'content': ' <proof>\n                            1. T Ax (P(x)|P(x)) pre \n                            2. F Ax P(x) conclusion\n                            3. F P(a) 2          \n                            4. T (P(a)|P(a)) 1   \n                            5.{ T P(a) 4         \n                            6. @ 3,5}            \n                            7.{ T P(a) 4         \n                            8. @ 3,7}            \n                        </proof>'}, {'role': 'user', 'content': ""Prove'Ax (B(x)&C(x)) |- Ax B(x)&Ax C(x)' using the analytical tableau method. Only one final answer, surrounded by <proof>...</proof>, using the notation described.""}]","1. T Ax (B(x)&C(x)) pre
2. F Ax B(x)&Ax C(x) conclusion
3. { F Ax B(x) 2
4. T (B(a)&C(a)) 1
5. T B(a) 4
6. T C(a) 4
7. @ 3,5}
8. { F Ax C(x) 2
9. T (B(b)&C(b)) 1
10. T B(b) 9
11. T C(b) 9
12. @ 8,11}
13. @ 2,3,8}","1. T Ax (B(x)&C(x)) pre
2. F Ax B(x)&Ax C(x) conclusion
3. { F Ax B(x) 2
4. T (B(a)&C(a)) 1
5. T B(a) 4
6. T C(a) 4
7. @ 3,5}
8. { F Ax C(x) 2
9. T (B(b)&C(b)) 1
10. T B(b) 9
11. T C(b) 9
12. @ 8,11}
13. @ 2,3,8}","The following errors were found:

One of definitions are not completed. Please, check whether all rules are correctly written.
Recall that a rule of inference starts with a numeber, followed by . (reference line), the truth value of the formula (T or F), has a formula and the justification (premise, conclusion or one of the inference rules with its formula references).Sintax error:
13. @ 2,3,8}
         ^
",3.005594491958618,stop,1093,166
"Ax Ay B(x,y) |- Ay Ax B(x,y)","[{'role': 'system', 'content': ""\nYou are an expert in logic using the semantic Tableaux method. \nYou will receive a first order logic formula and must prove its validity using the semantic tableau method, represent the proof in a Fitch-like notation, following these formatting instructions:\n\n### FORMAT OF PROOF LINES: \nExpanding proof line must be structured like: '<line_number>. <T_or_F> <formula> <origin>'\n- <line_number>: sequential integer, always ending with a dot ('1.', '2.', '3.', ...)\n- <T_or_F> → T for true formulas, F for false formulas. \n- <formula>: the formula derived on that line\n- <origin> is exactly one of:\n    pre (for premises)\n    conclusion (for the conclusion)\n    a comma-separated list of line numbers indicating the formula(s) used to derive the current line (e.g. '1', '3', '1,3')\n\n### BRANCHING FORMAT \nUse curly braces { and } to open and close branches. \n{ must appear immediately after the line number that opens a branch (e.g. '8.{ F A|B 3') \n} must appear at the end of the line that closes that branch (e.g. '12. @ 5,7}'). Exception: the main (initial) branch does not require a closing }, since it is not opened by {.\nBranches may be nested. But a formula may only be used at a given point if it appeared earlier in the same branch or an outer (enclosing) branch to the current branch. Formulas from closed branches or sibling branches must not be used.\n\n### SYMBOLS \nUse the following symbols for logical operations: \n & = conjunction (and), \n | = disjunction (or), \n ~ = negation (not), \n -> = implication (implies).\n\nQuantifiers symbols:  \n    Ax represents ∀x  \n    Ex represents ∃x\nSo formulas with ∀x and ∃x will be represented by Ax and Ex (A and E followed by the variable x). For example, Ax (H(x)->M(x)) represents ∀x (H(x)→M(x)).\n\n###CONVENTIONS\nAtoms: only uppercase letters not immediately followed by parentesis (e.g. P, Q, R).\nPredicates: uppercase letters immediately followed by parentesis (e.g. H(x), M(y), Q(a,b) ). All predicates must use parentheses.\nVariables: first letter in lowercase, can be followed by letters and numbers (e.g., x, x0, xP0).\n\nWrite only the final proof in <proof>...</proof> tags. Only use <proof>...</proof> tags ONCE. Omit names of the rules. Only use these symbols inside the proof '&' , '->', '~', '|', '@', '(', ')', '{', '}', 'Ax', 'Ex'.\nDo not include explanations, commentary, or extra text inside and outside the <proof>...</proof> tags.\n""}, {'role': 'user', 'content': ""Prove 'Ex P(x), Ax (P(x)->Q(x)) |- Ex Q(x)', using the analytical tableau method. Final answer using the notation described. ""}, {'role': 'assistant', 'content': ' <proof>\n                        1. T Ex P(x) pre\n                        2. T Ax (P(x)->Q(x)) pre\n                        3. F Ex Q(x) conclusion\n                        4. T P(a) 1 \n                        5. T (P(a)->Q(a)) 2 \n                        6. F Q(a) 3 \n                        7.{ F P(a) 5 \n                        8. @ 4,7}    \n                        9.{ T Q(a) 5 \n                        10. @ 6,9}   \n                    </proof>'}, {'role': 'user', 'content': ""Prove 'Ax (P(x)|P(x)) |- Ax P(x)', using the analytical tableau method. Final answer using the notation described.""}, {'role': 'assistant', 'content': ' <proof>\n                            1. T Ax (P(x)|P(x)) pre \n                            2. F Ax P(x) conclusion\n                            3. F P(a) 2          \n                            4. T (P(a)|P(a)) 1   \n                            5.{ T P(a) 4         \n                            6. @ 3,5}            \n                            7.{ T P(a) 4         \n                            8. @ 3,7}            \n                        </proof>'}, {'role': 'user', 'content': ""Prove'Ax Ay B(x,y) |- Ay Ax B(x,y)' using the analytical tableau method. Only one final answer, surrounded by <proof>...</proof>, using the notation described.""}]","1. T Ax Ay B(x,y) pre
2. F Ay Ax B(x,y) conclusion
3. T Ay Ax B(a,y) 1
4. F Ax B(a,y) 2
5. T B(a,b) 3
6. F Ax B(a,y) 4
7. T B(a,c) 6
8. @ 5,7","1. T Ax Ay B(x,y) pre
2. F Ay Ax B(x,y) conclusion
3. T Ay Ax B(a,y) 1
4. F Ax B(a,y) 2
5. T B(a,b) 3
6. F Ax B(a,y) 4
7. T B(a,c) 6
8. @ 5,7","The following errors were found:

Error in line 7:
7. T B(a,c) 6
   ^, The truth value should be F for this rule.
Error in line 3:
3. T Ay Ax B(a,y) 1
     ^, Formula Ay Ax B(a,y) is not a valid substitution for the universal formula referenced in line 1.
Error in line 4:
4. F Ax B(a,y) 2
     ^, Formula Ax B(a,y) is not a valid substitution for the universal formula referenced in line 2.
Error in line 5:
5. T B(a,b) 3
     ^, Formula B(a,b) is not a valid substitution for the universal formula referenced in line 3.
Error in line 6:
6. F Ax B(a,y) 4
     ^, Formula Ax B(a,y) is not a valid substitution for the universal formula referenced in line 4.
Error in line 7:
7. T B(a,c) 6
            ^, Formula referenced in line 6 is not a universal formula with truth-value T.
Error in line 8:
8. @ 5,7
     ^, None of the formulas referenced by the lines contradict the other formula.",2.07880973815918,stop,1089,106
Ax (B->C(x)) |- B->Ax C(x),"[{'role': 'system', 'content': ""\nYou are an expert in logic using the semantic Tableaux method. \nYou will receive a first order logic formula and must prove its validity using the semantic tableau method, represent the proof in a Fitch-like notation, following these formatting instructions:\n\n### FORMAT OF PROOF LINES: \nExpanding proof line must be structured like: '<line_number>. <T_or_F> <formula> <origin>'\n- <line_number>: sequential integer, always ending with a dot ('1.', '2.', '3.', ...)\n- <T_or_F> → T for true formulas, F for false formulas. \n- <formula>: the formula derived on that line\n- <origin> is exactly one of:\n    pre (for premises)\n    conclusion (for the conclusion)\n    a comma-separated list of line numbers indicating the formula(s) used to derive the current line (e.g. '1', '3', '1,3')\n\n### BRANCHING FORMAT \nUse curly braces { and } to open and close branches. \n{ must appear immediately after the line number that opens a branch (e.g. '8.{ F A|B 3') \n} must appear at the end of the line that closes that branch (e.g. '12. @ 5,7}'). Exception: the main (initial) branch does not require a closing }, since it is not opened by {.\nBranches may be nested. But a formula may only be used at a given point if it appeared earlier in the same branch or an outer (enclosing) branch to the current branch. Formulas from closed branches or sibling branches must not be used.\n\n### SYMBOLS \nUse the following symbols for logical operations: \n & = conjunction (and), \n | = disjunction (or), \n ~ = negation (not), \n -> = implication (implies).\n\nQuantifiers symbols:  \n    Ax represents ∀x  \n    Ex represents ∃x\nSo formulas with ∀x and ∃x will be represented by Ax and Ex (A and E followed by the variable x). For example, Ax (H(x)->M(x)) represents ∀x (H(x)→M(x)).\n\n###CONVENTIONS\nAtoms: only uppercase letters not immediately followed by parentesis (e.g. P, Q, R).\nPredicates: uppercase letters immediately followed by parentesis (e.g. H(x), M(y), Q(a,b) ). All predicates must use parentheses.\nVariables: first letter in lowercase, can be followed by letters and numbers (e.g., x, x0, xP0).\n\nWrite only the final proof in <proof>...</proof> tags. Only use <proof>...</proof> tags ONCE. Omit names of the rules. Only use these symbols inside the proof '&' , '->', '~', '|', '@', '(', ')', '{', '}', 'Ax', 'Ex'.\nDo not include explanations, commentary, or extra text inside and outside the <proof>...</proof> tags.\n""}, {'role': 'user', 'content': ""Prove 'Ex P(x), Ax (P(x)->Q(x)) |- Ex Q(x)', using the analytical tableau method. Final answer using the notation described. ""}, {'role': 'assistant', 'content': ' <proof>\n                        1. T Ex P(x) pre\n                        2. T Ax (P(x)->Q(x)) pre\n                        3. F Ex Q(x) conclusion\n                        4. T P(a) 1 \n                        5. T (P(a)->Q(a)) 2 \n                        6. F Q(a) 3 \n                        7.{ F P(a) 5 \n                        8. @ 4,7}    \n                        9.{ T Q(a) 5 \n                        10. @ 6,9}   \n                    </proof>'}, {'role': 'user', 'content': ""Prove 'Ax (P(x)|P(x)) |- Ax P(x)', using the analytical tableau method. Final answer using the notation described.""}, {'role': 'assistant', 'content': ' <proof>\n                            1. T Ax (P(x)|P(x)) pre \n                            2. F Ax P(x) conclusion\n                            3. F P(a) 2          \n                            4. T (P(a)|P(a)) 1   \n                            5.{ T P(a) 4         \n                            6. @ 3,5}            \n                            7.{ T P(a) 4         \n                            8. @ 3,7}            \n                        </proof>'}, {'role': 'user', 'content': ""Prove'Ax (B->C(x)) |- B->Ax C(x)' using the analytical tableau method. Only one final answer, surrounded by <proof>...</proof>, using the notation described.""}]","1. T Ax (B->C(x)) pre
2. F B->Ax C(x) conclusion
3. T B 2
4. F Ax C(x) 2
5. F C(a) 4
6. T (B->C(a)) 1
7. { F B 6
8. @ 3,7}
9. { T C(a) 6
10. @ 5,9}","1. T Ax (B->C(x)) pre
2. F B->Ax C(x) conclusion
3. T B 2
4. F Ax C(x) 2
5. F C(a) 4
6. T (B->C(a)) 1
7. { F B 6
8. @ 3,7}
9. { T C(a) 6
10. @ 5,9}",The proof is valid.,2.264399290084839,stop,1088,112
Ex (B(x)|C(x)) |- Ex B(x)|Ex C(x),"[{'role': 'system', 'content': ""\nYou are an expert in logic using the semantic Tableaux method. \nYou will receive a first order logic formula and must prove its validity using the semantic tableau method, represent the proof in a Fitch-like notation, following these formatting instructions:\n\n### FORMAT OF PROOF LINES: \nExpanding proof line must be structured like: '<line_number>. <T_or_F> <formula> <origin>'\n- <line_number>: sequential integer, always ending with a dot ('1.', '2.', '3.', ...)\n- <T_or_F> → T for true formulas, F for false formulas. \n- <formula>: the formula derived on that line\n- <origin> is exactly one of:\n    pre (for premises)\n    conclusion (for the conclusion)\n    a comma-separated list of line numbers indicating the formula(s) used to derive the current line (e.g. '1', '3', '1,3')\n\n### BRANCHING FORMAT \nUse curly braces { and } to open and close branches. \n{ must appear immediately after the line number that opens a branch (e.g. '8.{ F A|B 3') \n} must appear at the end of the line that closes that branch (e.g. '12. @ 5,7}'). Exception: the main (initial) branch does not require a closing }, since it is not opened by {.\nBranches may be nested. But a formula may only be used at a given point if it appeared earlier in the same branch or an outer (enclosing) branch to the current branch. Formulas from closed branches or sibling branches must not be used.\n\n### SYMBOLS \nUse the following symbols for logical operations: \n & = conjunction (and), \n | = disjunction (or), \n ~ = negation (not), \n -> = implication (implies).\n\nQuantifiers symbols:  \n    Ax represents ∀x  \n    Ex represents ∃x\nSo formulas with ∀x and ∃x will be represented by Ax and Ex (A and E followed by the variable x). For example, Ax (H(x)->M(x)) represents ∀x (H(x)→M(x)).\n\n###CONVENTIONS\nAtoms: only uppercase letters not immediately followed by parentesis (e.g. P, Q, R).\nPredicates: uppercase letters immediately followed by parentesis (e.g. H(x), M(y), Q(a,b) ). All predicates must use parentheses.\nVariables: first letter in lowercase, can be followed by letters and numbers (e.g., x, x0, xP0).\n\nWrite only the final proof in <proof>...</proof> tags. Only use <proof>...</proof> tags ONCE. Omit names of the rules. Only use these symbols inside the proof '&' , '->', '~', '|', '@', '(', ')', '{', '}', 'Ax', 'Ex'.\nDo not include explanations, commentary, or extra text inside and outside the <proof>...</proof> tags.\n""}, {'role': 'user', 'content': ""Prove 'Ex P(x), Ax (P(x)->Q(x)) |- Ex Q(x)', using the analytical tableau method. Final answer using the notation described. ""}, {'role': 'assistant', 'content': ' <proof>\n                        1. T Ex P(x) pre\n                        2. T Ax (P(x)->Q(x)) pre\n                        3. F Ex Q(x) conclusion\n                        4. T P(a) 1 \n                        5. T (P(a)->Q(a)) 2 \n                        6. F Q(a) 3 \n                        7.{ F P(a) 5 \n                        8. @ 4,7}    \n                        9.{ T Q(a) 5 \n                        10. @ 6,9}   \n                    </proof>'}, {'role': 'user', 'content': ""Prove 'Ax (P(x)|P(x)) |- Ax P(x)', using the analytical tableau method. Final answer using the notation described.""}, {'role': 'assistant', 'content': ' <proof>\n                            1. T Ax (P(x)|P(x)) pre \n                            2. F Ax P(x) conclusion\n                            3. F P(a) 2          \n                            4. T (P(a)|P(a)) 1   \n                            5.{ T P(a) 4         \n                            6. @ 3,5}            \n                            7.{ T P(a) 4         \n                            8. @ 3,7}            \n                        </proof>'}, {'role': 'user', 'content': ""Prove'Ex (B(x)|C(x)) |- Ex B(x)|Ex C(x)' using the analytical tableau method. Only one final answer, surrounded by <proof>...</proof>, using the notation described.""}]","1. T Ex (B(x)|C(x)) pre
2. F (Ex B(x)|Ex C(x)) conclusion
3. F Ex B(x) 2
4. F Ex C(x) 2
5. T (B(a)|C(a)) 1
6. F B(b) 3
7. F C(c) 4
8. { T B(a) 5
9. @ 6,8}
10. { T C(a) 5
11. @ 7,8}","1. T Ex (B(x)|C(x)) pre
2. F (Ex B(x)|Ex C(x)) conclusion
3. F Ex B(x) 2
4. F Ex C(x) 2
5. T (B(a)|C(a)) 1
6. F B(b) 3
7. F C(c) 4
8. { T B(a) 5
9. @ 6,8}
10. { T C(a) 5
11. @ 7,8}","The following errors were found:

Error in line 9:
9. @ 6,8}
     ^, None of the formulas referenced by the lines contradict the other formula.
Error in line 11:
11. @ 7,8}
        ^, The reference to the line formula 8 cannot be used, as this formula does not belong to this branch.",2.877204418182373,stop,1093,138
~Ax B(x) |- Ex ~B(x),"[{'role': 'system', 'content': ""\nYou are an expert in logic using the semantic Tableaux method. \nYou will receive a first order logic formula and must prove its validity using the semantic tableau method, represent the proof in a Fitch-like notation, following these formatting instructions:\n\n### FORMAT OF PROOF LINES: \nExpanding proof line must be structured like: '<line_number>. <T_or_F> <formula> <origin>'\n- <line_number>: sequential integer, always ending with a dot ('1.', '2.', '3.', ...)\n- <T_or_F> → T for true formulas, F for false formulas. \n- <formula>: the formula derived on that line\n- <origin> is exactly one of:\n    pre (for premises)\n    conclusion (for the conclusion)\n    a comma-separated list of line numbers indicating the formula(s) used to derive the current line (e.g. '1', '3', '1,3')\n\n### BRANCHING FORMAT \nUse curly braces { and } to open and close branches. \n{ must appear immediately after the line number that opens a branch (e.g. '8.{ F A|B 3') \n} must appear at the end of the line that closes that branch (e.g. '12. @ 5,7}'). Exception: the main (initial) branch does not require a closing }, since it is not opened by {.\nBranches may be nested. But a formula may only be used at a given point if it appeared earlier in the same branch or an outer (enclosing) branch to the current branch. Formulas from closed branches or sibling branches must not be used.\n\n### SYMBOLS \nUse the following symbols for logical operations: \n & = conjunction (and), \n | = disjunction (or), \n ~ = negation (not), \n -> = implication (implies).\n\nQuantifiers symbols:  \n    Ax represents ∀x  \n    Ex represents ∃x\nSo formulas with ∀x and ∃x will be represented by Ax and Ex (A and E followed by the variable x). For example, Ax (H(x)->M(x)) represents ∀x (H(x)→M(x)).\n\n###CONVENTIONS\nAtoms: only uppercase letters not immediately followed by parentesis (e.g. P, Q, R).\nPredicates: uppercase letters immediately followed by parentesis (e.g. H(x), M(y), Q(a,b) ). All predicates must use parentheses.\nVariables: first letter in lowercase, can be followed by letters and numbers (e.g., x, x0, xP0).\n\nWrite only the final proof in <proof>...</proof> tags. Only use <proof>...</proof> tags ONCE. Omit names of the rules. Only use these symbols inside the proof '&' , '->', '~', '|', '@', '(', ')', '{', '}', 'Ax', 'Ex'.\nDo not include explanations, commentary, or extra text inside and outside the <proof>...</proof> tags.\n""}, {'role': 'user', 'content': ""Prove 'Ex P(x), Ax (P(x)->Q(x)) |- Ex Q(x)', using the analytical tableau method. Final answer using the notation described. ""}, {'role': 'assistant', 'content': ' <proof>\n                        1. T Ex P(x) pre\n                        2. T Ax (P(x)->Q(x)) pre\n                        3. F Ex Q(x) conclusion\n                        4. T P(a) 1 \n                        5. T (P(a)->Q(a)) 2 \n                        6. F Q(a) 3 \n                        7.{ F P(a) 5 \n                        8. @ 4,7}    \n                        9.{ T Q(a) 5 \n                        10. @ 6,9}   \n                    </proof>'}, {'role': 'user', 'content': ""Prove 'Ax (P(x)|P(x)) |- Ax P(x)', using the analytical tableau method. Final answer using the notation described.""}, {'role': 'assistant', 'content': ' <proof>\n                            1. T Ax (P(x)|P(x)) pre \n                            2. F Ax P(x) conclusion\n                            3. F P(a) 2          \n                            4. T (P(a)|P(a)) 1   \n                            5.{ T P(a) 4         \n                            6. @ 3,5}            \n                            7.{ T P(a) 4         \n                            8. @ 3,7}            \n                        </proof>'}, {'role': 'user', 'content': ""Prove'~Ax B(x) |- Ex ~B(x)' using the analytical tableau method. Only one final answer, surrounded by <proof>...</proof>, using the notation described.""}]","1. T ~Ax B(x) pre
2. F Ex ~B(x) conclusion
3. T Ex B(x) 1
4. T B(a) 3
5. F ~B(a) 2
6. T B(a) 5
7. @ 4,6","1. T ~Ax B(x) pre
2. F Ex ~B(x) conclusion
3. T Ex B(x) 1
4. T B(a) 3
5. F ~B(a) 2
6. T B(a) 5
7. @ 4,6","The following errors were found:

Error in line 3:
3. T Ex B(x) 1
   ^, The truth value should be F for this rule.
Error in line 3:
3. T Ex B(x) 1
             ^, Formula Ex B(x) is not a valid result for this rule.
Error in line 7:
7. @ 4,6
     ^, None of the formulas referenced by the lines contradict the other formula.",1.9016742706298828,stop,1085,80
Ex ~B(x) |- ~Ax B(x),"[{'role': 'system', 'content': ""\nYou are an expert in logic using the semantic Tableaux method. \nYou will receive a first order logic formula and must prove its validity using the semantic tableau method, represent the proof in a Fitch-like notation, following these formatting instructions:\n\n### FORMAT OF PROOF LINES: \nExpanding proof line must be structured like: '<line_number>. <T_or_F> <formula> <origin>'\n- <line_number>: sequential integer, always ending with a dot ('1.', '2.', '3.', ...)\n- <T_or_F> → T for true formulas, F for false formulas. \n- <formula>: the formula derived on that line\n- <origin> is exactly one of:\n    pre (for premises)\n    conclusion (for the conclusion)\n    a comma-separated list of line numbers indicating the formula(s) used to derive the current line (e.g. '1', '3', '1,3')\n\n### BRANCHING FORMAT \nUse curly braces { and } to open and close branches. \n{ must appear immediately after the line number that opens a branch (e.g. '8.{ F A|B 3') \n} must appear at the end of the line that closes that branch (e.g. '12. @ 5,7}'). Exception: the main (initial) branch does not require a closing }, since it is not opened by {.\nBranches may be nested. But a formula may only be used at a given point if it appeared earlier in the same branch or an outer (enclosing) branch to the current branch. Formulas from closed branches or sibling branches must not be used.\n\n### SYMBOLS \nUse the following symbols for logical operations: \n & = conjunction (and), \n | = disjunction (or), \n ~ = negation (not), \n -> = implication (implies).\n\nQuantifiers symbols:  \n    Ax represents ∀x  \n    Ex represents ∃x\nSo formulas with ∀x and ∃x will be represented by Ax and Ex (A and E followed by the variable x). For example, Ax (H(x)->M(x)) represents ∀x (H(x)→M(x)).\n\n###CONVENTIONS\nAtoms: only uppercase letters not immediately followed by parentesis (e.g. P, Q, R).\nPredicates: uppercase letters immediately followed by parentesis (e.g. H(x), M(y), Q(a,b) ). All predicates must use parentheses.\nVariables: first letter in lowercase, can be followed by letters and numbers (e.g., x, x0, xP0).\n\nWrite only the final proof in <proof>...</proof> tags. Only use <proof>...</proof> tags ONCE. Omit names of the rules. Only use these symbols inside the proof '&' , '->', '~', '|', '@', '(', ')', '{', '}', 'Ax', 'Ex'.\nDo not include explanations, commentary, or extra text inside and outside the <proof>...</proof> tags.\n""}, {'role': 'user', 'content': ""Prove 'Ex P(x), Ax (P(x)->Q(x)) |- Ex Q(x)', using the analytical tableau method. Final answer using the notation described. ""}, {'role': 'assistant', 'content': ' <proof>\n                        1. T Ex P(x) pre\n                        2. T Ax (P(x)->Q(x)) pre\n                        3. F Ex Q(x) conclusion\n                        4. T P(a) 1 \n                        5. T (P(a)->Q(a)) 2 \n                        6. F Q(a) 3 \n                        7.{ F P(a) 5 \n                        8. @ 4,7}    \n                        9.{ T Q(a) 5 \n                        10. @ 6,9}   \n                    </proof>'}, {'role': 'user', 'content': ""Prove 'Ax (P(x)|P(x)) |- Ax P(x)', using the analytical tableau method. Final answer using the notation described.""}, {'role': 'assistant', 'content': ' <proof>\n                            1. T Ax (P(x)|P(x)) pre \n                            2. F Ax P(x) conclusion\n                            3. F P(a) 2          \n                            4. T (P(a)|P(a)) 1   \n                            5.{ T P(a) 4         \n                            6. @ 3,5}            \n                            7.{ T P(a) 4         \n                            8. @ 3,7}            \n                        </proof>'}, {'role': 'user', 'content': ""Prove'Ex ~B(x) |- ~Ax B(x)' using the analytical tableau method. Only one final answer, surrounded by <proof>...</proof>, using the notation described.""}]","1. T Ex ~B(x) pre
2. F Ax B(x) conclusion
3. T ~B(a) 1
4. T ~B(a) 2
5. @ 3,4","1. T Ex ~B(x) pre
2. F Ax B(x) conclusion
3. T ~B(a) 1
4. T ~B(a) 2
5. @ 3,4","The following errors were found:

Error in line 4:
4. T ~B(a) 2
   ^, The truth value should be F for this rule.
Error in line 4:
4. T ~B(a) 2
           ^, Formula referenced in line 2 is not a universal formula with truth-value T.
Error in line 5:
5. @ 3,4
     ^, None of the formulas referenced by the lines contradict the other formula.",1.8111135959625244,stop,1085,59
~Ex B(x) |- Ax ~B(x),"[{'role': 'system', 'content': ""\nYou are an expert in logic using the semantic Tableaux method. \nYou will receive a first order logic formula and must prove its validity using the semantic tableau method, represent the proof in a Fitch-like notation, following these formatting instructions:\n\n### FORMAT OF PROOF LINES: \nExpanding proof line must be structured like: '<line_number>. <T_or_F> <formula> <origin>'\n- <line_number>: sequential integer, always ending with a dot ('1.', '2.', '3.', ...)\n- <T_or_F> → T for true formulas, F for false formulas. \n- <formula>: the formula derived on that line\n- <origin> is exactly one of:\n    pre (for premises)\n    conclusion (for the conclusion)\n    a comma-separated list of line numbers indicating the formula(s) used to derive the current line (e.g. '1', '3', '1,3')\n\n### BRANCHING FORMAT \nUse curly braces { and } to open and close branches. \n{ must appear immediately after the line number that opens a branch (e.g. '8.{ F A|B 3') \n} must appear at the end of the line that closes that branch (e.g. '12. @ 5,7}'). Exception: the main (initial) branch does not require a closing }, since it is not opened by {.\nBranches may be nested. But a formula may only be used at a given point if it appeared earlier in the same branch or an outer (enclosing) branch to the current branch. Formulas from closed branches or sibling branches must not be used.\n\n### SYMBOLS \nUse the following symbols for logical operations: \n & = conjunction (and), \n | = disjunction (or), \n ~ = negation (not), \n -> = implication (implies).\n\nQuantifiers symbols:  \n    Ax represents ∀x  \n    Ex represents ∃x\nSo formulas with ∀x and ∃x will be represented by Ax and Ex (A and E followed by the variable x). For example, Ax (H(x)->M(x)) represents ∀x (H(x)→M(x)).\n\n###CONVENTIONS\nAtoms: only uppercase letters not immediately followed by parentesis (e.g. P, Q, R).\nPredicates: uppercase letters immediately followed by parentesis (e.g. H(x), M(y), Q(a,b) ). All predicates must use parentheses.\nVariables: first letter in lowercase, can be followed by letters and numbers (e.g., x, x0, xP0).\n\nWrite only the final proof in <proof>...</proof> tags. Only use <proof>...</proof> tags ONCE. Omit names of the rules. Only use these symbols inside the proof '&' , '->', '~', '|', '@', '(', ')', '{', '}', 'Ax', 'Ex'.\nDo not include explanations, commentary, or extra text inside and outside the <proof>...</proof> tags.\n""}, {'role': 'user', 'content': ""Prove 'Ex P(x), Ax (P(x)->Q(x)) |- Ex Q(x)', using the analytical tableau method. Final answer using the notation described. ""}, {'role': 'assistant', 'content': ' <proof>\n                        1. T Ex P(x) pre\n                        2. T Ax (P(x)->Q(x)) pre\n                        3. F Ex Q(x) conclusion\n                        4. T P(a) 1 \n                        5. T (P(a)->Q(a)) 2 \n                        6. F Q(a) 3 \n                        7.{ F P(a) 5 \n                        8. @ 4,7}    \n                        9.{ T Q(a) 5 \n                        10. @ 6,9}   \n                    </proof>'}, {'role': 'user', 'content': ""Prove 'Ax (P(x)|P(x)) |- Ax P(x)', using the analytical tableau method. Final answer using the notation described.""}, {'role': 'assistant', 'content': ' <proof>\n                            1. T Ax (P(x)|P(x)) pre \n                            2. F Ax P(x) conclusion\n                            3. F P(a) 2          \n                            4. T (P(a)|P(a)) 1   \n                            5.{ T P(a) 4         \n                            6. @ 3,5}            \n                            7.{ T P(a) 4         \n                            8. @ 3,7}            \n                        </proof>'}, {'role': 'user', 'content': ""Prove'~Ex B(x) |- Ax ~B(x)' using the analytical tableau method. Only one final answer, surrounded by <proof>...</proof>, using the notation described.""}]","1. T ~Ex B(x) pre
2. F Ax ~B(x) conclusion
3. T Ax ~B(x) 2
4. T ~B(a) 3
5. T ~B(a) 3
6. F B(a) 1
7. @ 4,6","1. T ~Ex B(x) pre
2. F Ax ~B(x) conclusion
3. T Ax ~B(x) 2
4. T ~B(a) 3
5. T ~B(a) 3
6. F B(a) 1
7. @ 4,6","The following errors were found:

Error in line 3:
3. T Ax ~B(x) 2
   ^, The truth value should be F for this rule.
Error in line 3:
3. T Ax ~B(x) 2
              ^, Formula referenced in line 2 is not a universal formula with truth-value T.
Error in line 6:
6. F B(a) 1
          ^, Formula B(a) is not a valid result for this rule.
Error in line 7:
7. @ 4,6
     ^, None of the formulas referenced by the lines contradict the other formula.",1.7427759170532229,stop,1085,82
Ax ~B(x) |- ~Ex B(x),"[{'role': 'system', 'content': ""\nYou are an expert in logic using the semantic Tableaux method. \nYou will receive a first order logic formula and must prove its validity using the semantic tableau method, represent the proof in a Fitch-like notation, following these formatting instructions:\n\n### FORMAT OF PROOF LINES: \nExpanding proof line must be structured like: '<line_number>. <T_or_F> <formula> <origin>'\n- <line_number>: sequential integer, always ending with a dot ('1.', '2.', '3.', ...)\n- <T_or_F> → T for true formulas, F for false formulas. \n- <formula>: the formula derived on that line\n- <origin> is exactly one of:\n    pre (for premises)\n    conclusion (for the conclusion)\n    a comma-separated list of line numbers indicating the formula(s) used to derive the current line (e.g. '1', '3', '1,3')\n\n### BRANCHING FORMAT \nUse curly braces { and } to open and close branches. \n{ must appear immediately after the line number that opens a branch (e.g. '8.{ F A|B 3') \n} must appear at the end of the line that closes that branch (e.g. '12. @ 5,7}'). Exception: the main (initial) branch does not require a closing }, since it is not opened by {.\nBranches may be nested. But a formula may only be used at a given point if it appeared earlier in the same branch or an outer (enclosing) branch to the current branch. Formulas from closed branches or sibling branches must not be used.\n\n### SYMBOLS \nUse the following symbols for logical operations: \n & = conjunction (and), \n | = disjunction (or), \n ~ = negation (not), \n -> = implication (implies).\n\nQuantifiers symbols:  \n    Ax represents ∀x  \n    Ex represents ∃x\nSo formulas with ∀x and ∃x will be represented by Ax and Ex (A and E followed by the variable x). For example, Ax (H(x)->M(x)) represents ∀x (H(x)→M(x)).\n\n###CONVENTIONS\nAtoms: only uppercase letters not immediately followed by parentesis (e.g. P, Q, R).\nPredicates: uppercase letters immediately followed by parentesis (e.g. H(x), M(y), Q(a,b) ). All predicates must use parentheses.\nVariables: first letter in lowercase, can be followed by letters and numbers (e.g., x, x0, xP0).\n\nWrite only the final proof in <proof>...</proof> tags. Only use <proof>...</proof> tags ONCE. Omit names of the rules. Only use these symbols inside the proof '&' , '->', '~', '|', '@', '(', ')', '{', '}', 'Ax', 'Ex'.\nDo not include explanations, commentary, or extra text inside and outside the <proof>...</proof> tags.\n""}, {'role': 'user', 'content': ""Prove 'Ex P(x), Ax (P(x)->Q(x)) |- Ex Q(x)', using the analytical tableau method. Final answer using the notation described. ""}, {'role': 'assistant', 'content': ' <proof>\n                        1. T Ex P(x) pre\n                        2. T Ax (P(x)->Q(x)) pre\n                        3. F Ex Q(x) conclusion\n                        4. T P(a) 1 \n                        5. T (P(a)->Q(a)) 2 \n                        6. F Q(a) 3 \n                        7.{ F P(a) 5 \n                        8. @ 4,7}    \n                        9.{ T Q(a) 5 \n                        10. @ 6,9}   \n                    </proof>'}, {'role': 'user', 'content': ""Prove 'Ax (P(x)|P(x)) |- Ax P(x)', using the analytical tableau method. Final answer using the notation described.""}, {'role': 'assistant', 'content': ' <proof>\n                            1. T Ax (P(x)|P(x)) pre \n                            2. F Ax P(x) conclusion\n                            3. F P(a) 2          \n                            4. T (P(a)|P(a)) 1   \n                            5.{ T P(a) 4         \n                            6. @ 3,5}            \n                            7.{ T P(a) 4         \n                            8. @ 3,7}            \n                        </proof>'}, {'role': 'user', 'content': ""Prove'Ax ~B(x) |- ~Ex B(x)' using the analytical tableau method. Only one final answer, surrounded by <proof>...</proof>, using the notation described.""}]","1. T Ax ~B(x) pre
2. F ~Ex B(x) conclusion
3. T Ex B(x) 2
4. T B(a) 3
5. T ~B(a) 1
6. @ 4,5","1. T Ax ~B(x) pre
2. F ~Ex B(x) conclusion
3. T Ex B(x) 2
4. T B(a) 3
5. T ~B(a) 1
6. @ 4,5","The following errors were found:

Error in line 6:
6. @ 4,5
     ^, None of the formulas referenced by the lines contradict the other formula.",1.6410512924194336,stop,1085,70
Ex (B(x)&C) |- Ex B(x)&C,"[{'role': 'system', 'content': ""\nYou are an expert in logic using the semantic Tableaux method. \nYou will receive a first order logic formula and must prove its validity using the semantic tableau method, represent the proof in a Fitch-like notation, following these formatting instructions:\n\n### FORMAT OF PROOF LINES: \nExpanding proof line must be structured like: '<line_number>. <T_or_F> <formula> <origin>'\n- <line_number>: sequential integer, always ending with a dot ('1.', '2.', '3.', ...)\n- <T_or_F> → T for true formulas, F for false formulas. \n- <formula>: the formula derived on that line\n- <origin> is exactly one of:\n    pre (for premises)\n    conclusion (for the conclusion)\n    a comma-separated list of line numbers indicating the formula(s) used to derive the current line (e.g. '1', '3', '1,3')\n\n### BRANCHING FORMAT \nUse curly braces { and } to open and close branches. \n{ must appear immediately after the line number that opens a branch (e.g. '8.{ F A|B 3') \n} must appear at the end of the line that closes that branch (e.g. '12. @ 5,7}'). Exception: the main (initial) branch does not require a closing }, since it is not opened by {.\nBranches may be nested. But a formula may only be used at a given point if it appeared earlier in the same branch or an outer (enclosing) branch to the current branch. Formulas from closed branches or sibling branches must not be used.\n\n### SYMBOLS \nUse the following symbols for logical operations: \n & = conjunction (and), \n | = disjunction (or), \n ~ = negation (not), \n -> = implication (implies).\n\nQuantifiers symbols:  \n    Ax represents ∀x  \n    Ex represents ∃x\nSo formulas with ∀x and ∃x will be represented by Ax and Ex (A and E followed by the variable x). For example, Ax (H(x)->M(x)) represents ∀x (H(x)→M(x)).\n\n###CONVENTIONS\nAtoms: only uppercase letters not immediately followed by parentesis (e.g. P, Q, R).\nPredicates: uppercase letters immediately followed by parentesis (e.g. H(x), M(y), Q(a,b) ). All predicates must use parentheses.\nVariables: first letter in lowercase, can be followed by letters and numbers (e.g., x, x0, xP0).\n\nWrite only the final proof in <proof>...</proof> tags. Only use <proof>...</proof> tags ONCE. Omit names of the rules. Only use these symbols inside the proof '&' , '->', '~', '|', '@', '(', ')', '{', '}', 'Ax', 'Ex'.\nDo not include explanations, commentary, or extra text inside and outside the <proof>...</proof> tags.\n""}, {'role': 'user', 'content': ""Prove 'Ex P(x), Ax (P(x)->Q(x)) |- Ex Q(x)', using the analytical tableau method. Final answer using the notation described. ""}, {'role': 'assistant', 'content': ' <proof>\n                        1. T Ex P(x) pre\n                        2. T Ax (P(x)->Q(x)) pre\n                        3. F Ex Q(x) conclusion\n                        4. T P(a) 1 \n                        5. T (P(a)->Q(a)) 2 \n                        6. F Q(a) 3 \n                        7.{ F P(a) 5 \n                        8. @ 4,7}    \n                        9.{ T Q(a) 5 \n                        10. @ 6,9}   \n                    </proof>'}, {'role': 'user', 'content': ""Prove 'Ax (P(x)|P(x)) |- Ax P(x)', using the analytical tableau method. Final answer using the notation described.""}, {'role': 'assistant', 'content': ' <proof>\n                            1. T Ax (P(x)|P(x)) pre \n                            2. F Ax P(x) conclusion\n                            3. F P(a) 2          \n                            4. T (P(a)|P(a)) 1   \n                            5.{ T P(a) 4         \n                            6. @ 3,5}            \n                            7.{ T P(a) 4         \n                            8. @ 3,7}            \n                        </proof>'}, {'role': 'user', 'content': ""Prove'Ex (B(x)&C) |- Ex B(x)&C' using the analytical tableau method. Only one final answer, surrounded by <proof>...</proof>, using the notation described.""}]","1. T Ex (B(x)&C) pre
2. F Ex B(x)&C conclusion
3. F Ex B(x) 2
4. T C 2
5. T (B(a)&C) 1
6. T B(a) 5
7. T C 5
8. F B(b) 3
9. { T C 4
10. @ 8,9}
11. { T B(a) 6
12. T C 7
13. @ 3,11}","1. T Ex (B(x)&C) pre
2. F Ex B(x)&C conclusion
3. F Ex B(x) 2
4. T C 2
5. T (B(a)&C) 1
6. T B(a) 5
7. T C 5
8. F B(b) 3
9. { T C 4
10. @ 8,9}
11. { T B(a) 6
12. T C 7
13. @ 3,11}","The following errors were found:

Error in line 3:
3. F Ex B(x) 2
             ^, The rule must be a beta-rule.
Error in line 4:
4. T C 2
       ^, The rule must be a beta-rule.
Error in line 9:
9. { T C 4
         ^, Cannot apply rule to an atom or predicate.
Error in line 10:
10. @ 8,9}
         ^, Closing branches without an open branch.
Error in line 11:
11. { T B(a) 6
             ^, Cannot apply rule to an atom or predicate.
Error in line 12:
12. T C 7
        ^, Cannot apply rule to an atom or predicate.
Error in line 13:
13. @ 3,11}
          ^, Closing branches without an open branch.
Error in line 10:
10. @ 8,9}
      ^, None of the formulas referenced by the lines contradict the other formula.
Error in line 13:
13. @ 3,11}
      ^, None of the formulas referenced by the lines contradict the other formula.",2.5399746894836426,stop,1088,139
Ax (B(x)|C) |- Ax B(x)|C,"[{'role': 'system', 'content': ""\nYou are an expert in logic using the semantic Tableaux method. \nYou will receive a first order logic formula and must prove its validity using the semantic tableau method, represent the proof in a Fitch-like notation, following these formatting instructions:\n\n### FORMAT OF PROOF LINES: \nExpanding proof line must be structured like: '<line_number>. <T_or_F> <formula> <origin>'\n- <line_number>: sequential integer, always ending with a dot ('1.', '2.', '3.', ...)\n- <T_or_F> → T for true formulas, F for false formulas. \n- <formula>: the formula derived on that line\n- <origin> is exactly one of:\n    pre (for premises)\n    conclusion (for the conclusion)\n    a comma-separated list of line numbers indicating the formula(s) used to derive the current line (e.g. '1', '3', '1,3')\n\n### BRANCHING FORMAT \nUse curly braces { and } to open and close branches. \n{ must appear immediately after the line number that opens a branch (e.g. '8.{ F A|B 3') \n} must appear at the end of the line that closes that branch (e.g. '12. @ 5,7}'). Exception: the main (initial) branch does not require a closing }, since it is not opened by {.\nBranches may be nested. But a formula may only be used at a given point if it appeared earlier in the same branch or an outer (enclosing) branch to the current branch. Formulas from closed branches or sibling branches must not be used.\n\n### SYMBOLS \nUse the following symbols for logical operations: \n & = conjunction (and), \n | = disjunction (or), \n ~ = negation (not), \n -> = implication (implies).\n\nQuantifiers symbols:  \n    Ax represents ∀x  \n    Ex represents ∃x\nSo formulas with ∀x and ∃x will be represented by Ax and Ex (A and E followed by the variable x). For example, Ax (H(x)->M(x)) represents ∀x (H(x)→M(x)).\n\n###CONVENTIONS\nAtoms: only uppercase letters not immediately followed by parentesis (e.g. P, Q, R).\nPredicates: uppercase letters immediately followed by parentesis (e.g. H(x), M(y), Q(a,b) ). All predicates must use parentheses.\nVariables: first letter in lowercase, can be followed by letters and numbers (e.g., x, x0, xP0).\n\nWrite only the final proof in <proof>...</proof> tags. Only use <proof>...</proof> tags ONCE. Omit names of the rules. Only use these symbols inside the proof '&' , '->', '~', '|', '@', '(', ')', '{', '}', 'Ax', 'Ex'.\nDo not include explanations, commentary, or extra text inside and outside the <proof>...</proof> tags.\n""}, {'role': 'user', 'content': ""Prove 'Ex P(x), Ax (P(x)->Q(x)) |- Ex Q(x)', using the analytical tableau method. Final answer using the notation described. ""}, {'role': 'assistant', 'content': ' <proof>\n                        1. T Ex P(x) pre\n                        2. T Ax (P(x)->Q(x)) pre\n                        3. F Ex Q(x) conclusion\n                        4. T P(a) 1 \n                        5. T (P(a)->Q(a)) 2 \n                        6. F Q(a) 3 \n                        7.{ F P(a) 5 \n                        8. @ 4,7}    \n                        9.{ T Q(a) 5 \n                        10. @ 6,9}   \n                    </proof>'}, {'role': 'user', 'content': ""Prove 'Ax (P(x)|P(x)) |- Ax P(x)', using the analytical tableau method. Final answer using the notation described.""}, {'role': 'assistant', 'content': ' <proof>\n                            1. T Ax (P(x)|P(x)) pre \n                            2. F Ax P(x) conclusion\n                            3. F P(a) 2          \n                            4. T (P(a)|P(a)) 1   \n                            5.{ T P(a) 4         \n                            6. @ 3,5}            \n                            7.{ T P(a) 4         \n                            8. @ 3,7}            \n                        </proof>'}, {'role': 'user', 'content': ""Prove'Ax (B(x)|C) |- Ax B(x)|C' using the analytical tableau method. Only one final answer, surrounded by <proof>...</proof>, using the notation described.""}]","1. T Ax (B(x)|C) pre
2. F Ax B(x)|C conclusion
3. { F Ax B(x) 2
4. T C 2
5. @ 3,4}
6. { F B(a) 3
7. T (B(a)|C) 1
8. { T B(a) 7
9. @ 6,8}
10. { T C 7
11. @ 6,10}
}","1. T Ax (B(x)|C) pre
2. F Ax B(x)|C conclusion
3. { F Ax B(x) 2
4. T C 2
5. @ 3,4}
6. { F B(a) 3
7. T (B(a)|C) 1
8. { T B(a) 7
9. @ 6,8}
10. { T C 7
11. @ 6,10}
}","The following errors were found:

Error in line 3:
3. { F Ax B(x) 2
               ^, The rule must be a alpha-rule.
Error in line 4:
4. T C 2
   ^, The truth value should be F for this rule.
Error in line 6:
6. { F B(a) 3
            ^, The rule must be a alpha-rule.
Error in line 4:
4. T C 2
^, The previous line should be the |F rule with the formula Ax B(x).
Error in line 5:
5. @ 3,4}
     ^, None of the formulas referenced by the lines contradict the other formula.
Error in line 6:
6. { F B(a) 3
            ^, The reference to the line formula 3 cannot be used, as this formula does not belong to this branch.
Error in line 11:
11. @ 6,10}
      ^, None of the formulas referenced by the lines contradict the other formula.",2.6335983276367188,stop,1088,126
Ex (B(x)->C) |- Ax B(x)->C,"[{'role': 'system', 'content': ""\nYou are an expert in logic using the semantic Tableaux method. \nYou will receive a first order logic formula and must prove its validity using the semantic tableau method, represent the proof in a Fitch-like notation, following these formatting instructions:\n\n### FORMAT OF PROOF LINES: \nExpanding proof line must be structured like: '<line_number>. <T_or_F> <formula> <origin>'\n- <line_number>: sequential integer, always ending with a dot ('1.', '2.', '3.', ...)\n- <T_or_F> → T for true formulas, F for false formulas. \n- <formula>: the formula derived on that line\n- <origin> is exactly one of:\n    pre (for premises)\n    conclusion (for the conclusion)\n    a comma-separated list of line numbers indicating the formula(s) used to derive the current line (e.g. '1', '3', '1,3')\n\n### BRANCHING FORMAT \nUse curly braces { and } to open and close branches. \n{ must appear immediately after the line number that opens a branch (e.g. '8.{ F A|B 3') \n} must appear at the end of the line that closes that branch (e.g. '12. @ 5,7}'). Exception: the main (initial) branch does not require a closing }, since it is not opened by {.\nBranches may be nested. But a formula may only be used at a given point if it appeared earlier in the same branch or an outer (enclosing) branch to the current branch. Formulas from closed branches or sibling branches must not be used.\n\n### SYMBOLS \nUse the following symbols for logical operations: \n & = conjunction (and), \n | = disjunction (or), \n ~ = negation (not), \n -> = implication (implies).\n\nQuantifiers symbols:  \n    Ax represents ∀x  \n    Ex represents ∃x\nSo formulas with ∀x and ∃x will be represented by Ax and Ex (A and E followed by the variable x). For example, Ax (H(x)->M(x)) represents ∀x (H(x)→M(x)).\n\n###CONVENTIONS\nAtoms: only uppercase letters not immediately followed by parentesis (e.g. P, Q, R).\nPredicates: uppercase letters immediately followed by parentesis (e.g. H(x), M(y), Q(a,b) ). All predicates must use parentheses.\nVariables: first letter in lowercase, can be followed by letters and numbers (e.g., x, x0, xP0).\n\nWrite only the final proof in <proof>...</proof> tags. Only use <proof>...</proof> tags ONCE. Omit names of the rules. Only use these symbols inside the proof '&' , '->', '~', '|', '@', '(', ')', '{', '}', 'Ax', 'Ex'.\nDo not include explanations, commentary, or extra text inside and outside the <proof>...</proof> tags.\n""}, {'role': 'user', 'content': ""Prove 'Ex P(x), Ax (P(x)->Q(x)) |- Ex Q(x)', using the analytical tableau method. Final answer using the notation described. ""}, {'role': 'assistant', 'content': ' <proof>\n                        1. T Ex P(x) pre\n                        2. T Ax (P(x)->Q(x)) pre\n                        3. F Ex Q(x) conclusion\n                        4. T P(a) 1 \n                        5. T (P(a)->Q(a)) 2 \n                        6. F Q(a) 3 \n                        7.{ F P(a) 5 \n                        8. @ 4,7}    \n                        9.{ T Q(a) 5 \n                        10. @ 6,9}   \n                    </proof>'}, {'role': 'user', 'content': ""Prove 'Ax (P(x)|P(x)) |- Ax P(x)', using the analytical tableau method. Final answer using the notation described.""}, {'role': 'assistant', 'content': ' <proof>\n                            1. T Ax (P(x)|P(x)) pre \n                            2. F Ax P(x) conclusion\n                            3. F P(a) 2          \n                            4. T (P(a)|P(a)) 1   \n                            5.{ T P(a) 4         \n                            6. @ 3,5}            \n                            7.{ T P(a) 4         \n                            8. @ 3,7}            \n                        </proof>'}, {'role': 'user', 'content': ""Prove'Ex (B(x)->C) |- Ax B(x)->C' using the analytical tableau method. Only one final answer, surrounded by <proof>...</proof>, using the notation described.""}]","1. T Ex (B(x)->C) pre
2. F Ax B(x)->C conclusion
3. T Ax B(x) 2
4. F C 2
5. T (B(a)->C) 1
6. T B(a) 3
7. { F B(a) 5
8. @ 6,7}
9. { F C 5
10. @ 4,9}
11. { T C 5
12. @ 4,11}","1. T Ex (B(x)->C) pre
2. F Ax B(x)->C conclusion
3. T Ax B(x) 2
4. F C 2
5. T (B(a)->C) 1
6. T B(a) 3
7. { F B(a) 5
8. @ 6,7}
9. { F C 5
10. @ 4,9}
11. { T C 5
12. @ 4,11}","The following errors were found:

Error in line 7:
7. { F B(a) 5
^, A beta rule must have exactly two branches.
Error in line 9:
9. { F C 5
     ^, Formula C (conclusion of the rule) must be the consequent of the implication of the referenced formula with truth-value T.
Error in line 9:
9. { F C 5
^, A beta rule must have exactly two branches.
Error in line 10:
10. @ 4,9}
      ^, None of the formulas referenced by the lines contradict the other formula.
Error in line 11:
11. { T C 5
^, A beta rule must have exactly two branches.",2.676626443862915,stop,1088,131
Ax B(x)->C |- Ex (B(x)->C),"[{'role': 'system', 'content': ""\nYou are an expert in logic using the semantic Tableaux method. \nYou will receive a first order logic formula and must prove its validity using the semantic tableau method, represent the proof in a Fitch-like notation, following these formatting instructions:\n\n### FORMAT OF PROOF LINES: \nExpanding proof line must be structured like: '<line_number>. <T_or_F> <formula> <origin>'\n- <line_number>: sequential integer, always ending with a dot ('1.', '2.', '3.', ...)\n- <T_or_F> → T for true formulas, F for false formulas. \n- <formula>: the formula derived on that line\n- <origin> is exactly one of:\n    pre (for premises)\n    conclusion (for the conclusion)\n    a comma-separated list of line numbers indicating the formula(s) used to derive the current line (e.g. '1', '3', '1,3')\n\n### BRANCHING FORMAT \nUse curly braces { and } to open and close branches. \n{ must appear immediately after the line number that opens a branch (e.g. '8.{ F A|B 3') \n} must appear at the end of the line that closes that branch (e.g. '12. @ 5,7}'). Exception: the main (initial) branch does not require a closing }, since it is not opened by {.\nBranches may be nested. But a formula may only be used at a given point if it appeared earlier in the same branch or an outer (enclosing) branch to the current branch. Formulas from closed branches or sibling branches must not be used.\n\n### SYMBOLS \nUse the following symbols for logical operations: \n & = conjunction (and), \n | = disjunction (or), \n ~ = negation (not), \n -> = implication (implies).\n\nQuantifiers symbols:  \n    Ax represents ∀x  \n    Ex represents ∃x\nSo formulas with ∀x and ∃x will be represented by Ax and Ex (A and E followed by the variable x). For example, Ax (H(x)->M(x)) represents ∀x (H(x)→M(x)).\n\n###CONVENTIONS\nAtoms: only uppercase letters not immediately followed by parentesis (e.g. P, Q, R).\nPredicates: uppercase letters immediately followed by parentesis (e.g. H(x), M(y), Q(a,b) ). All predicates must use parentheses.\nVariables: first letter in lowercase, can be followed by letters and numbers (e.g., x, x0, xP0).\n\nWrite only the final proof in <proof>...</proof> tags. Only use <proof>...</proof> tags ONCE. Omit names of the rules. Only use these symbols inside the proof '&' , '->', '~', '|', '@', '(', ')', '{', '}', 'Ax', 'Ex'.\nDo not include explanations, commentary, or extra text inside and outside the <proof>...</proof> tags.\n""}, {'role': 'user', 'content': ""Prove 'Ex P(x), Ax (P(x)->Q(x)) |- Ex Q(x)', using the analytical tableau method. Final answer using the notation described. ""}, {'role': 'assistant', 'content': ' <proof>\n                        1. T Ex P(x) pre\n                        2. T Ax (P(x)->Q(x)) pre\n                        3. F Ex Q(x) conclusion\n                        4. T P(a) 1 \n                        5. T (P(a)->Q(a)) 2 \n                        6. F Q(a) 3 \n                        7.{ F P(a) 5 \n                        8. @ 4,7}    \n                        9.{ T Q(a) 5 \n                        10. @ 6,9}   \n                    </proof>'}, {'role': 'user', 'content': ""Prove 'Ax (P(x)|P(x)) |- Ax P(x)', using the analytical tableau method. Final answer using the notation described.""}, {'role': 'assistant', 'content': ' <proof>\n                            1. T Ax (P(x)|P(x)) pre \n                            2. F Ax P(x) conclusion\n                            3. F P(a) 2          \n                            4. T (P(a)|P(a)) 1   \n                            5.{ T P(a) 4         \n                            6. @ 3,5}            \n                            7.{ T P(a) 4         \n                            8. @ 3,7}            \n                        </proof>'}, {'role': 'user', 'content': ""Prove'Ax B(x)->C |- Ex (B(x)->C)' using the analytical tableau method. Only one final answer, surrounded by <proof>...</proof>, using the notation described.""}]","1. T Ax B(x) -> C pre
2. T Ex (B(x) -> C) conclusion
3. F Ex (B(x) -> C) 2
4. F (B(a) -> C) 3
5. { T B(a) 4
6. T Ax B(x) 1
7. T B(b) 6
8. T C 1
9. @ 5,8}
10. { F B(a) 4
11. F Ax B(x) 1
12. T ~B(b) 11
13. @ 10,12}","1. T Ax B(x) -> C pre
2. T Ex (B(x) -> C) conclusion
3. F Ex (B(x) -> C) 2
4. F (B(a) -> C) 3
5. { T B(a) 4
6. T Ax B(x) 1
7. T B(b) 6
8. T C 1
9. @ 5,8}
10. { F B(a) 4
11. F Ax B(x) 1
12. T ~B(b) 11
13. @ 10,12}","The following errors were found:

Error in line 2:
2. T Ex (B(x) -> C) conclusion
   ^, The conclusion must have a truth value F.
Error in line 3:
3. F Ex (B(x) -> C) 2
   ^, The truth value should be T for this rule.
Error in line 5:
5. { T B(a) 4
            ^, The rule must be a alpha-rule.
Error in line 6:
6. T Ax B(x) 1
             ^, The rule must be a beta-rule.
Error in line 8:
8. T C 1
       ^, The rule must be a beta-rule.
Error in line 10:
10. { F B(a) 4
             ^, The rule must be a alpha-rule.
Error in line 11:
11. F Ax B(x) 1
              ^, The rule must be a beta-rule.
Error in line 12:
12. T ~B(b) 11
    ^, The truth value should be F for this rule.
Error in line 3:
3. F Ex (B(x) -> C) 2
                    ^, Formula referenced in line 2 is not a existential formula with truth-value F.
Error in line 9:
9. @ 5,8}
     ^, None of the formulas referenced by the lines contradict the other formula.
Error in line 12:
12. T ~B(b) 11
            ^, Formula referenced in line 11 is not a universal formula with truth-value T.
Error in line 13:
13. @ 10,12}
      ^, None of the formulas referenced by the lines contradict the other formula.",3.080934762954712,stop,1087,160
Ex (B->C(x)) |- B->Ex C(x),"[{'role': 'system', 'content': ""\nYou are an expert in logic using the semantic Tableaux method. \nYou will receive a first order logic formula and must prove its validity using the semantic tableau method, represent the proof in a Fitch-like notation, following these formatting instructions:\n\n### FORMAT OF PROOF LINES: \nExpanding proof line must be structured like: '<line_number>. <T_or_F> <formula> <origin>'\n- <line_number>: sequential integer, always ending with a dot ('1.', '2.', '3.', ...)\n- <T_or_F> → T for true formulas, F for false formulas. \n- <formula>: the formula derived on that line\n- <origin> is exactly one of:\n    pre (for premises)\n    conclusion (for the conclusion)\n    a comma-separated list of line numbers indicating the formula(s) used to derive the current line (e.g. '1', '3', '1,3')\n\n### BRANCHING FORMAT \nUse curly braces { and } to open and close branches. \n{ must appear immediately after the line number that opens a branch (e.g. '8.{ F A|B 3') \n} must appear at the end of the line that closes that branch (e.g. '12. @ 5,7}'). Exception: the main (initial) branch does not require a closing }, since it is not opened by {.\nBranches may be nested. But a formula may only be used at a given point if it appeared earlier in the same branch or an outer (enclosing) branch to the current branch. Formulas from closed branches or sibling branches must not be used.\n\n### SYMBOLS \nUse the following symbols for logical operations: \n & = conjunction (and), \n | = disjunction (or), \n ~ = negation (not), \n -> = implication (implies).\n\nQuantifiers symbols:  \n    Ax represents ∀x  \n    Ex represents ∃x\nSo formulas with ∀x and ∃x will be represented by Ax and Ex (A and E followed by the variable x). For example, Ax (H(x)->M(x)) represents ∀x (H(x)→M(x)).\n\n###CONVENTIONS\nAtoms: only uppercase letters not immediately followed by parentesis (e.g. P, Q, R).\nPredicates: uppercase letters immediately followed by parentesis (e.g. H(x), M(y), Q(a,b) ). All predicates must use parentheses.\nVariables: first letter in lowercase, can be followed by letters and numbers (e.g., x, x0, xP0).\n\nWrite only the final proof in <proof>...</proof> tags. Only use <proof>...</proof> tags ONCE. Omit names of the rules. Only use these symbols inside the proof '&' , '->', '~', '|', '@', '(', ')', '{', '}', 'Ax', 'Ex'.\nDo not include explanations, commentary, or extra text inside and outside the <proof>...</proof> tags.\n""}, {'role': 'user', 'content': ""Prove 'Ex P(x), Ax (P(x)->Q(x)) |- Ex Q(x)', using the analytical tableau method. Final answer using the notation described. ""}, {'role': 'assistant', 'content': ' <proof>\n                        1. T Ex P(x) pre\n                        2. T Ax (P(x)->Q(x)) pre\n                        3. F Ex Q(x) conclusion\n                        4. T P(a) 1 \n                        5. T (P(a)->Q(a)) 2 \n                        6. F Q(a) 3 \n                        7.{ F P(a) 5 \n                        8. @ 4,7}    \n                        9.{ T Q(a) 5 \n                        10. @ 6,9}   \n                    </proof>'}, {'role': 'user', 'content': ""Prove 'Ax (P(x)|P(x)) |- Ax P(x)', using the analytical tableau method. Final answer using the notation described.""}, {'role': 'assistant', 'content': ' <proof>\n                            1. T Ax (P(x)|P(x)) pre \n                            2. F Ax P(x) conclusion\n                            3. F P(a) 2          \n                            4. T (P(a)|P(a)) 1   \n                            5.{ T P(a) 4         \n                            6. @ 3,5}            \n                            7.{ T P(a) 4         \n                            8. @ 3,7}            \n                        </proof>'}, {'role': 'user', 'content': ""Prove'Ex (B->C(x)) |- B->Ex C(x)' using the analytical tableau method. Only one final answer, surrounded by <proof>...</proof>, using the notation described.""}]","1. T Ex (B->C(x)) pre
2. F (B->Ex C(x)) conclusion
3. T (B->C(a)) 1
4. T B 2
5. F Ex C(x) 2
6. F C(b) 5
7. T (B->C(a)) 3
8. { F B 7
9. @ 4,8}
10. { T C(a) 7
11. { T B 7
12. T C(a) 10
13. { F C(a) 11
14. @ 6,13}
15. @ 12,14}
16. @ 9,15}","1. T Ex (B->C(x)) pre
2. F (B->Ex C(x)) conclusion
3. T (B->C(a)) 1
4. T B 2
5. F Ex C(x) 2
6. F C(b) 5
7. T (B->C(a)) 3
8. { F B 7
9. @ 4,8}
10. { T C(a) 7
11. { T B 7
12. T C(a) 10
13. { F C(a) 11
14. @ 6,13}
15. @ 12,14}
16. @ 9,15}","The following errors were found:

Error in line 7:
7. T (B->C(a)) 3
               ^, The rule must be a beta-rule.
Error in line 12:
12. T C(a) 10
           ^, Cannot apply rule to an atom or predicate.
Error in line 13:
13. { F C(a) 11
             ^, Cannot apply rule to an atom or predicate.
Error in line 16:
16. @ 9,15}
          ^, Closing branches without an open branch.
Error in line 8:
8. { F B 7
^, A beta rule must have exactly two branches.
Error in line 10:
10. { T C(a) 7
^, A beta rule must have exactly two branches.
Error in line 11:
11. { T B 7
^, Formula B (conclusion of the rule) must be the antecedent of the implication of the referenced formula with truth-value F.
Error in line 11:
11. { T B 7
^, A beta rule must have exactly two branches.
Error in line 11:
11. { T B 7
          ^, The reference rule on the 11 line can only be used once in this branch.
Error in line 14:
14. @ 6,13}
      ^, None of the formulas referenced by the lines contradict the other formula.
Error in line 15:
15. @ 12,14}
      ^, The reference to the line formula 12 cannot be used, as this formula does not belong to this branch.
Error in line 15:
15. @ 12,14}
         ^, The reference to the line formula 14 cannot be used, as this formula does not belong to this branch.
Error in line 16:
16. @ 9,15}
      ^, The reference to the line formula 9 cannot be used, as this formula does not belong to this branch.
Error in line 16:
16. @ 9,15}
        ^, The reference to the line formula 15 cannot be used, as this formula does not belong to this branch.",3.20167875289917,stop,1088,185
B->Ex C(x) |- Ex (B->C(x)),"[{'role': 'system', 'content': ""\nYou are an expert in logic using the semantic Tableaux method. \nYou will receive a first order logic formula and must prove its validity using the semantic tableau method, represent the proof in a Fitch-like notation, following these formatting instructions:\n\n### FORMAT OF PROOF LINES: \nExpanding proof line must be structured like: '<line_number>. <T_or_F> <formula> <origin>'\n- <line_number>: sequential integer, always ending with a dot ('1.', '2.', '3.', ...)\n- <T_or_F> → T for true formulas, F for false formulas. \n- <formula>: the formula derived on that line\n- <origin> is exactly one of:\n    pre (for premises)\n    conclusion (for the conclusion)\n    a comma-separated list of line numbers indicating the formula(s) used to derive the current line (e.g. '1', '3', '1,3')\n\n### BRANCHING FORMAT \nUse curly braces { and } to open and close branches. \n{ must appear immediately after the line number that opens a branch (e.g. '8.{ F A|B 3') \n} must appear at the end of the line that closes that branch (e.g. '12. @ 5,7}'). Exception: the main (initial) branch does not require a closing }, since it is not opened by {.\nBranches may be nested. But a formula may only be used at a given point if it appeared earlier in the same branch or an outer (enclosing) branch to the current branch. Formulas from closed branches or sibling branches must not be used.\n\n### SYMBOLS \nUse the following symbols for logical operations: \n & = conjunction (and), \n | = disjunction (or), \n ~ = negation (not), \n -> = implication (implies).\n\nQuantifiers symbols:  \n    Ax represents ∀x  \n    Ex represents ∃x\nSo formulas with ∀x and ∃x will be represented by Ax and Ex (A and E followed by the variable x). For example, Ax (H(x)->M(x)) represents ∀x (H(x)→M(x)).\n\n###CONVENTIONS\nAtoms: only uppercase letters not immediately followed by parentesis (e.g. P, Q, R).\nPredicates: uppercase letters immediately followed by parentesis (e.g. H(x), M(y), Q(a,b) ). All predicates must use parentheses.\nVariables: first letter in lowercase, can be followed by letters and numbers (e.g., x, x0, xP0).\n\nWrite only the final proof in <proof>...</proof> tags. Only use <proof>...</proof> tags ONCE. Omit names of the rules. Only use these symbols inside the proof '&' , '->', '~', '|', '@', '(', ')', '{', '}', 'Ax', 'Ex'.\nDo not include explanations, commentary, or extra text inside and outside the <proof>...</proof> tags.\n""}, {'role': 'user', 'content': ""Prove 'Ex P(x), Ax (P(x)->Q(x)) |- Ex Q(x)', using the analytical tableau method. Final answer using the notation described. ""}, {'role': 'assistant', 'content': ' <proof>\n                        1. T Ex P(x) pre\n                        2. T Ax (P(x)->Q(x)) pre\n                        3. F Ex Q(x) conclusion\n                        4. T P(a) 1 \n                        5. T (P(a)->Q(a)) 2 \n                        6. F Q(a) 3 \n                        7.{ F P(a) 5 \n                        8. @ 4,7}    \n                        9.{ T Q(a) 5 \n                        10. @ 6,9}   \n                    </proof>'}, {'role': 'user', 'content': ""Prove 'Ax (P(x)|P(x)) |- Ax P(x)', using the analytical tableau method. Final answer using the notation described.""}, {'role': 'assistant', 'content': ' <proof>\n                            1. T Ax (P(x)|P(x)) pre \n                            2. F Ax P(x) conclusion\n                            3. F P(a) 2          \n                            4. T (P(a)|P(a)) 1   \n                            5.{ T P(a) 4         \n                            6. @ 3,5}            \n                            7.{ T P(a) 4         \n                            8. @ 3,7}            \n                        </proof>'}, {'role': 'user', 'content': ""Prove'B->Ex C(x) |- Ex (B->C(x))' using the analytical tableau method. Only one final answer, surrounded by <proof>...</proof>, using the notation described.""}]","1. T B->Ex C(x) pre
2. F Ex (B->C(x)) conclusion
3. T B 1
4. F B->C(a) 2
5. { T B 4
6. T ~C(a) 4
7. @ 3,5,6}
8. { F B 4
9. @ 2,8}
10. { T B 4
11. T C(a) 4
12. @ 2,11}
13. { T B 4
14. T C(b) 1
15. @ 2,14}
16. @ 4,13}","1. T B->Ex C(x) pre
2. F Ex (B->C(x)) conclusion
3. T B 1
4. F B->C(a) 2
5. { T B 4
6. T ~C(a) 4
7. @ 3,5,6}
8. { F B 4
9. @ 2,8}
10. { T B 4
11. T C(a) 4
12. @ 2,11}
13. { T B 4
14. T C(b) 1
15. @ 2,14}
16. @ 4,13}","The following errors were found:

One of definitions are not completed. Please, check whether all rules are correctly written.
Recall that a rule of inference starts with a numeber, followed by . (reference line), the truth value of the formula (T or F), has a formula and the justification (premise, conclusion or one of the inference rules with its formula references).Sintax error:
7. @ 3,5,6}
        ^
",3.552213430404663,stop,1089,172
