question,input_prompt,whole_response,cut_response,verification,time_seconds_only_request,finish_reason,tokens_input,tokens_in_output
Ax (B(x)|B(x)) |- Ax B(x),"[{'role': 'system', 'content': ""You are an expert in logic using the Natural Deduction method.\nYou will receive one first order logic problem. Your task is to prove its validity using Natural Deduction and represent the proof in a Fitch-like notation, following these formatting instructions.\n\n### FORMAT OF PROOF LINES\nEach proof line must be structured like: '<line_number>. <formula> <origin>'\n- <line_number>: sequential integer, always ending with a dot ('1.', '2.', '3.', ...)\n- <formula>: the formula derived on that line\n- <origin>: either 'pre' (premise), 'hip' (hypothesis) or '<rule_name> <line_refs>'\n - <rule_name> and <line_refs>: \n - &e (1 line) \n - &i (2 lines) \n - ->e (2 lines) \n - ->i (1 range) \n - ~e (2 lines) \n - ~i (1 range) \n - |e (1 line + 2 ranges) \n - |i (1 line) \n - @e (1 line) \n - raa (1 range) \n - copy (1 line) \n - Ae (1 line)\n - Ai (1 range)\n - Ee (1 line + 1 range)\n - Ei (1 line)\n - <line_refs>: Must be comma-separated line numbers or ranges. Ranges denote subproofs (e.g., `->i 8-12`, `|e 4, 5-9, 10-14`)\n\n### SUBPROOFS / HYPOTHESES\nUse subproofs for hypotheses. Use curly braces '{' and '}' to open and close subproofs. \nPlace `{` immediately after the line number (e.g. '8.{ A|B hip') and `}` at the end of the final line of the subproof (e.g. '10. B @e 4}').\nNested subproofs are allowed. But a formula may only be used at a specific point if it appeared earlier in the same subproof or an outer subproof to the current subproof.\n\n### SYMBOLS & CONVENTIONS\nUse the following symbols for logical operations: \n- & = conjunction (and) \n- | = disjunction (or) \n- ~ = negation (not) \n- -> = implication (implies)\n\nQuantifiers symbols: \n Ax represents ∀x \n Ex represents ∃x\nSo formulas with ∀x and ∃x will be represented by Ax and Ex (A and E followed by the variable x). For example, Ax (H(x)->M(x)) represents ∀x (H(x)→M(x)).\n\n###CONVENTIONS\nAtoms: only uppercase letters not immediately followed by parentesis (e.g. P, Q, R).\nPredicates: uppercase letters immediately followed by parentesis (e.g. H(x), M(y), Q(a,b) ). All predicates must use parentheses.\nVariables: first letter in lowercase, can be followed by letters and numbers (e.g., x, x0, xP0).\n\n### TO CREATE NEW VARIABLE:\nFor Universal Introduction rule(Ai): open a subproof with a fresh variable not occurring in any open hypothesis.\nCreate new variable like this: '<line_number>. { <new_variable> '\n\nFor Existential Elimination rule(Ee): open a subproof with a fresh witness constant/variable. \nCreate new variable like this: '<line_number>. {<new_variable> φ[<old_variable>/<new_variable>] hip\n  Write only the final proof in <proof>...</proof> tags. Only use <proof>...</proof> tags ONCE. Only use these symbols inside the proof '&' , '->', '~', '|', '@', '(', ')', '{', '}', 'Ax', 'Ex'.\nDo not include explanations, commentary, or extra text inside and outside the <proof>...</proof> tags.\n ""}, {'role': 'user', 'content': ""Prove'Ax (B(x)|B(x)) |- Ax B(x)' using the natural deduction method. Only one final answer, surrounded by <proof>...</proof>, using the notation described.""}]","<proof>
1. Ax (P(x)|P(x)) pre
2.{ a 
3. (P(a)|P(a)) AxE 1
4. { P(a) hip
5. P(a) copie 4
6. } 
7. { P(a) hip
8. P(a) copie 7
9. } 
10. P(a) |e 3, 4-5, 7-8
11. } 
12. AxI 2-10
</proof>","1. Ax (P(x)|P(x)) pre
2.{ a 
3. (P(a)|P(a)) AxE 1
4. { P(a) hip
5. P(a) copie 4
6. } 
7. { P(a) hip
8. P(a) copie 7
9. } 
10. P(a) |e 3, 4-5, 7-8
11. } 
12. AxI 2-10","Os seguintes erros foram encontrados:

Uma das definições não está completa, verifique se todas regras foram aplicadas corretamente.
Lembre-se que uma regra de inferência sempre inicia com um número seguido de um . (linha de referência), tem uma fórmula e uma justificativa (premissa, hipóteses ou uma das regras de inferência com suas respectivas referências para fórmulas anteriores).
Erro de sintaxe:
3. (P(a)|P(a)) AxE 1
               ^
",3.58378958702087,stop,887,816
"B(a), C(a) |- Ex (B(x)&C(x))","[{'role': 'system', 'content': ""You are an expert in logic using the Natural Deduction method.\nYou will receive one first order logic problem. Your task is to prove its validity using Natural Deduction and represent the proof in a Fitch-like notation, following these formatting instructions.\n\n### FORMAT OF PROOF LINES\nEach proof line must be structured like: '<line_number>. <formula> <origin>'\n- <line_number>: sequential integer, always ending with a dot ('1.', '2.', '3.', ...)\n- <formula>: the formula derived on that line\n- <origin>: either 'pre' (premise), 'hip' (hypothesis) or '<rule_name> <line_refs>'\n - <rule_name> and <line_refs>: \n - &e (1 line) \n - &i (2 lines) \n - ->e (2 lines) \n - ->i (1 range) \n - ~e (2 lines) \n - ~i (1 range) \n - |e (1 line + 2 ranges) \n - |i (1 line) \n - @e (1 line) \n - raa (1 range) \n - copy (1 line) \n - Ae (1 line)\n - Ai (1 range)\n - Ee (1 line + 1 range)\n - Ei (1 line)\n - <line_refs>: Must be comma-separated line numbers or ranges. Ranges denote subproofs (e.g., `->i 8-12`, `|e 4, 5-9, 10-14`)\n\n### SUBPROOFS / HYPOTHESES\nUse subproofs for hypotheses. Use curly braces '{' and '}' to open and close subproofs. \nPlace `{` immediately after the line number (e.g. '8.{ A|B hip') and `}` at the end of the final line of the subproof (e.g. '10. B @e 4}').\nNested subproofs are allowed. But a formula may only be used at a specific point if it appeared earlier in the same subproof or an outer subproof to the current subproof.\n\n### SYMBOLS & CONVENTIONS\nUse the following symbols for logical operations: \n- & = conjunction (and) \n- | = disjunction (or) \n- ~ = negation (not) \n- -> = implication (implies)\n\nQuantifiers symbols: \n Ax represents ∀x \n Ex represents ∃x\nSo formulas with ∀x and ∃x will be represented by Ax and Ex (A and E followed by the variable x). For example, Ax (H(x)->M(x)) represents ∀x (H(x)→M(x)).\n\n###CONVENTIONS\nAtoms: only uppercase letters not immediately followed by parentesis (e.g. P, Q, R).\nPredicates: uppercase letters immediately followed by parentesis (e.g. H(x), M(y), Q(a,b) ). All predicates must use parentheses.\nVariables: first letter in lowercase, can be followed by letters and numbers (e.g., x, x0, xP0).\n\n### TO CREATE NEW VARIABLE:\nFor Universal Introduction rule(Ai): open a subproof with a fresh variable not occurring in any open hypothesis.\nCreate new variable like this: '<line_number>. { <new_variable> '\n\nFor Existential Elimination rule(Ee): open a subproof with a fresh witness constant/variable. \nCreate new variable like this: '<line_number>. {<new_variable> φ[<old_variable>/<new_variable>] hip\n  Write only the final proof in <proof>...</proof> tags. Only use <proof>...</proof> tags ONCE. Only use these symbols inside the proof '&' , '->', '~', '|', '@', '(', ')', '{', '}', 'Ax', 'Ex'.\nDo not include explanations, commentary, or extra text inside and outside the <proof>...</proof> tags.\n ""}, {'role': 'user', 'content': ""Prove'B(a), C(a) |- Ex (B(x)&C(x))' using the natural deduction method. Only one final answer, surrounded by <proof>...</proof>, using the notation described.""}]","<proof>
1. P(a) pre
2. Q(a) pre
3. P(a)&Q(a) &i 1,2
4. ∃x(P(x)&Q(x)) Ex 3
</proof>","1. P(a) pre
2. Q(a) pre
3. P(a)&Q(a) &i 1,2
4. ∃x(P(x)&Q(x)) Ex 3","Os seguintes erros foram encontrados:

Uma das definições não está completa, verifique se todas regras foram aplicadas corretamente.
Lembre-se que uma regra de inferência sempre inicia com um número seguido de um . (linha de referência), tem uma fórmula e uma justificativa (premissa, hipóteses ou uma das regras de inferência com suas respectivas referências para fórmulas anteriores).
Erro de sintaxe:
4. ∃x(P(x)&Q(x)) Ex 3
   ^ Símbolo não pertence a linguagem.
",0.719508647918701,stop,890,186
"Ax (B(x)->C(x)), B(a) |- C(a)","[{'role': 'system', 'content': ""You are an expert in logic using the Natural Deduction method.\nYou will receive one first order logic problem. Your task is to prove its validity using Natural Deduction and represent the proof in a Fitch-like notation, following these formatting instructions.\n\n### FORMAT OF PROOF LINES\nEach proof line must be structured like: '<line_number>. <formula> <origin>'\n- <line_number>: sequential integer, always ending with a dot ('1.', '2.', '3.', ...)\n- <formula>: the formula derived on that line\n- <origin>: either 'pre' (premise), 'hip' (hypothesis) or '<rule_name> <line_refs>'\n - <rule_name> and <line_refs>: \n - &e (1 line) \n - &i (2 lines) \n - ->e (2 lines) \n - ->i (1 range) \n - ~e (2 lines) \n - ~i (1 range) \n - |e (1 line + 2 ranges) \n - |i (1 line) \n - @e (1 line) \n - raa (1 range) \n - copy (1 line) \n - Ae (1 line)\n - Ai (1 range)\n - Ee (1 line + 1 range)\n - Ei (1 line)\n - <line_refs>: Must be comma-separated line numbers or ranges. Ranges denote subproofs (e.g., `->i 8-12`, `|e 4, 5-9, 10-14`)\n\n### SUBPROOFS / HYPOTHESES\nUse subproofs for hypotheses. Use curly braces '{' and '}' to open and close subproofs. \nPlace `{` immediately after the line number (e.g. '8.{ A|B hip') and `}` at the end of the final line of the subproof (e.g. '10. B @e 4}').\nNested subproofs are allowed. But a formula may only be used at a specific point if it appeared earlier in the same subproof or an outer subproof to the current subproof.\n\n### SYMBOLS & CONVENTIONS\nUse the following symbols for logical operations: \n- & = conjunction (and) \n- | = disjunction (or) \n- ~ = negation (not) \n- -> = implication (implies)\n\nQuantifiers symbols: \n Ax represents ∀x \n Ex represents ∃x\nSo formulas with ∀x and ∃x will be represented by Ax and Ex (A and E followed by the variable x). For example, Ax (H(x)->M(x)) represents ∀x (H(x)→M(x)).\n\n###CONVENTIONS\nAtoms: only uppercase letters not immediately followed by parentesis (e.g. P, Q, R).\nPredicates: uppercase letters immediately followed by parentesis (e.g. H(x), M(y), Q(a,b) ). All predicates must use parentheses.\nVariables: first letter in lowercase, can be followed by letters and numbers (e.g., x, x0, xP0).\n\n### TO CREATE NEW VARIABLE:\nFor Universal Introduction rule(Ai): open a subproof with a fresh variable not occurring in any open hypothesis.\nCreate new variable like this: '<line_number>. { <new_variable> '\n\nFor Existential Elimination rule(Ee): open a subproof with a fresh witness constant/variable. \nCreate new variable like this: '<line_number>. {<new_variable> φ[<old_variable>/<new_variable>] hip\n  Write only the final proof in <proof>...</proof> tags. Only use <proof>...</proof> tags ONCE. Only use these symbols inside the proof '&' , '->', '~', '|', '@', '(', ')', '{', '}', 'Ax', 'Ex'.\nDo not include explanations, commentary, or extra text inside and outside the <proof>...</proof> tags.\n ""}, {'role': 'user', 'content': ""Prove'Ax (B(x)->C(x)), B(a) |- C(a)' using the natural deduction method. Only one final answer, surrounded by <proof>...</proof>, using the notation described.""}]","<proof>
1. Ax(P(x)->Q(x)) pre
2. P(a) pre
3. (P(a)->Q(a)) @e 1
4. Q(a) ->e 2,3
</proof>","1. Ax(P(x)->Q(x)) pre
2. P(a) pre
3. (P(a)->Q(a)) @e 1
4. Q(a) ->e 2,3","Os seguintes erros foram encontrados:

Erro de sintaxe na linha 3:
3. (P(a)->Q(a)) @e 1
                   ^, A fórmula referenciada na linha 1 deveria ser @.",1.09600973129272,stop,889,298
|- Ex (B(x)&C(x))->(Ex B(x)|Ex C(x)),"[{'role': 'system', 'content': ""You are an expert in logic using the Natural Deduction method.\nYou will receive one first order logic problem. Your task is to prove its validity using Natural Deduction and represent the proof in a Fitch-like notation, following these formatting instructions.\n\n### FORMAT OF PROOF LINES\nEach proof line must be structured like: '<line_number>. <formula> <origin>'\n- <line_number>: sequential integer, always ending with a dot ('1.', '2.', '3.', ...)\n- <formula>: the formula derived on that line\n- <origin>: either 'pre' (premise), 'hip' (hypothesis) or '<rule_name> <line_refs>'\n - <rule_name> and <line_refs>: \n - &e (1 line) \n - &i (2 lines) \n - ->e (2 lines) \n - ->i (1 range) \n - ~e (2 lines) \n - ~i (1 range) \n - |e (1 line + 2 ranges) \n - |i (1 line) \n - @e (1 line) \n - raa (1 range) \n - copy (1 line) \n - Ae (1 line)\n - Ai (1 range)\n - Ee (1 line + 1 range)\n - Ei (1 line)\n - <line_refs>: Must be comma-separated line numbers or ranges. Ranges denote subproofs (e.g., `->i 8-12`, `|e 4, 5-9, 10-14`)\n\n### SUBPROOFS / HYPOTHESES\nUse subproofs for hypotheses. Use curly braces '{' and '}' to open and close subproofs. \nPlace `{` immediately after the line number (e.g. '8.{ A|B hip') and `}` at the end of the final line of the subproof (e.g. '10. B @e 4}').\nNested subproofs are allowed. But a formula may only be used at a specific point if it appeared earlier in the same subproof or an outer subproof to the current subproof.\n\n### SYMBOLS & CONVENTIONS\nUse the following symbols for logical operations: \n- & = conjunction (and) \n- | = disjunction (or) \n- ~ = negation (not) \n- -> = implication (implies)\n\nQuantifiers symbols: \n Ax represents ∀x \n Ex represents ∃x\nSo formulas with ∀x and ∃x will be represented by Ax and Ex (A and E followed by the variable x). For example, Ax (H(x)->M(x)) represents ∀x (H(x)→M(x)).\n\n###CONVENTIONS\nAtoms: only uppercase letters not immediately followed by parentesis (e.g. P, Q, R).\nPredicates: uppercase letters immediately followed by parentesis (e.g. H(x), M(y), Q(a,b) ). All predicates must use parentheses.\nVariables: first letter in lowercase, can be followed by letters and numbers (e.g., x, x0, xP0).\n\n### TO CREATE NEW VARIABLE:\nFor Universal Introduction rule(Ai): open a subproof with a fresh variable not occurring in any open hypothesis.\nCreate new variable like this: '<line_number>. { <new_variable> '\n\nFor Existential Elimination rule(Ee): open a subproof with a fresh witness constant/variable. \nCreate new variable like this: '<line_number>. {<new_variable> φ[<old_variable>/<new_variable>] hip\n  Write only the final proof in <proof>...</proof> tags. Only use <proof>...</proof> tags ONCE. Only use these symbols inside the proof '&' , '->', '~', '|', '@', '(', ')', '{', '}', 'Ax', 'Ex'.\nDo not include explanations, commentary, or extra text inside and outside the <proof>...</proof> tags.\n ""}, {'role': 'user', 'content': ""Prove'|- Ex (B(x)&C(x))->(Ex B(x)|Ex C(x))' using the natural deduction method. Only one final answer, surrounded by <proof>...</proof>, using the notation described.""}]","<proof>
1. ∃x(T(x)&K(x)) pre
2.{ a T(a)&K(a) hip
3. T(a) &e 2
4. ∃xT(x) @e 3
5. K(a) &e 2
6. ∃xK(x) @e 5
7. (∃xT(x)|∃xK(x)) |i 4,6}
8. (∃xT(x)|∃xK(x)) Ee 1-7
9. ∃x(T(x)&K(x))->(∃xT(x)|∃xK(x)) ->i 1-8
</proof>","1. ∃x(T(x)&K(x)) pre
2.{ a T(a)&K(a) hip
3. T(a) &e 2
4. ∃xT(x) @e 3
5. K(a) &e 2
6. ∃xK(x) @e 5
7. (∃xT(x)|∃xK(x)) |i 4,6}
8. (∃xT(x)|∃xK(x)) Ee 1-7
9. ∃x(T(x)&K(x))->(∃xT(x)|∃xK(x)) ->i 1-8","Os seguintes erros foram encontrados:

Uma das definições não está completa, verifique se todas regras foram aplicadas corretamente.
Lembre-se que uma regra de inferência sempre inicia com um número seguido de um . (linha de referência), tem uma fórmula e uma justificativa (premissa, hipóteses ou uma das regras de inferência com suas respectivas referências para fórmulas anteriores).
Erro de sintaxe:
1. ∃x(T(x)&K(x)) pre
   ^ Símbolo não pertence a linguagem.
",3.76858687400818,stop,893,1003
|- Ax B(x)->(Ax ~C(x)->Ax (B(x)&~C(x))),"[{'role': 'system', 'content': ""You are an expert in logic using the Natural Deduction method.\nYou will receive one first order logic problem. Your task is to prove its validity using Natural Deduction and represent the proof in a Fitch-like notation, following these formatting instructions.\n\n### FORMAT OF PROOF LINES\nEach proof line must be structured like: '<line_number>. <formula> <origin>'\n- <line_number>: sequential integer, always ending with a dot ('1.', '2.', '3.', ...)\n- <formula>: the formula derived on that line\n- <origin>: either 'pre' (premise), 'hip' (hypothesis) or '<rule_name> <line_refs>'\n - <rule_name> and <line_refs>: \n - &e (1 line) \n - &i (2 lines) \n - ->e (2 lines) \n - ->i (1 range) \n - ~e (2 lines) \n - ~i (1 range) \n - |e (1 line + 2 ranges) \n - |i (1 line) \n - @e (1 line) \n - raa (1 range) \n - copy (1 line) \n - Ae (1 line)\n - Ai (1 range)\n - Ee (1 line + 1 range)\n - Ei (1 line)\n - <line_refs>: Must be comma-separated line numbers or ranges. Ranges denote subproofs (e.g., `->i 8-12`, `|e 4, 5-9, 10-14`)\n\n### SUBPROOFS / HYPOTHESES\nUse subproofs for hypotheses. Use curly braces '{' and '}' to open and close subproofs. \nPlace `{` immediately after the line number (e.g. '8.{ A|B hip') and `}` at the end of the final line of the subproof (e.g. '10. B @e 4}').\nNested subproofs are allowed. But a formula may only be used at a specific point if it appeared earlier in the same subproof or an outer subproof to the current subproof.\n\n### SYMBOLS & CONVENTIONS\nUse the following symbols for logical operations: \n- & = conjunction (and) \n- | = disjunction (or) \n- ~ = negation (not) \n- -> = implication (implies)\n\nQuantifiers symbols: \n Ax represents ∀x \n Ex represents ∃x\nSo formulas with ∀x and ∃x will be represented by Ax and Ex (A and E followed by the variable x). For example, Ax (H(x)->M(x)) represents ∀x (H(x)→M(x)).\n\n###CONVENTIONS\nAtoms: only uppercase letters not immediately followed by parentesis (e.g. P, Q, R).\nPredicates: uppercase letters immediately followed by parentesis (e.g. H(x), M(y), Q(a,b) ). All predicates must use parentheses.\nVariables: first letter in lowercase, can be followed by letters and numbers (e.g., x, x0, xP0).\n\n### TO CREATE NEW VARIABLE:\nFor Universal Introduction rule(Ai): open a subproof with a fresh variable not occurring in any open hypothesis.\nCreate new variable like this: '<line_number>. { <new_variable> '\n\nFor Existential Elimination rule(Ee): open a subproof with a fresh witness constant/variable. \nCreate new variable like this: '<line_number>. {<new_variable> φ[<old_variable>/<new_variable>] hip\n  Write only the final proof in <proof>...</proof> tags. Only use <proof>...</proof> tags ONCE. Only use these symbols inside the proof '&' , '->', '~', '|', '@', '(', ')', '{', '}', 'Ax', 'Ex'.\nDo not include explanations, commentary, or extra text inside and outside the <proof>...</proof> tags.\n ""}, {'role': 'user', 'content': ""Prove'|- Ax B(x)->(Ax ~C(x)->Ax (B(x)&~C(x)))' using the natural deduction method. Only one final answer, surrounded by <proof>...</proof>, using the notation described.""}]","<proof>
1. Ax P(x) hip
2. { Ax ~Q(x) hip
3.   { a
4.     P(a) AxE 1
5.     ~Q(a) AxE 2
6.     (P(a)&~Q(a)) &i 4,5
7.     ∀x(P&~Q) Ai 3-6
8.   }
9.   Ax ~Q(x)->∀x(P&~Q) ->i 2-8
10. Ax P(x)->(Ax ~Q(x)->∀x(P&~Q)) ->i 1-9
</proof>","1. Ax P(x) hip
2. { Ax ~Q(x) hip
3.   { a
4.     P(a) AxE 1
5.     ~Q(a) AxE 2
6.     (P(a)&~Q(a)) &i 4,5
7.     ∀x(P&~Q) Ai 3-6
8.   }
9.   Ax ~Q(x)->∀x(P&~Q) ->i 2-8
10. Ax P(x)->(Ax ~Q(x)->∀x(P&~Q)) ->i 1-9","Os seguintes erros foram encontrados:

Uma das definições não está completa, verifique se todas regras foram aplicadas corretamente.
Lembre-se que uma regra de inferência sempre inicia com um número seguido de um . (linha de referência), tem uma fórmula e uma justificativa (premissa, hipóteses ou uma das regras de inferência com suas respectivas referências para fórmulas anteriores).
Erro de sintaxe:
4.     P(a) AxE 1
            ^
",3.24481201171875,stop,895,885
"Ex B(x), Ax (B(x)->C(x)) |- Ex C(x)","[{'role': 'system', 'content': ""You are an expert in logic using the Natural Deduction method.\nYou will receive one first order logic problem. Your task is to prove its validity using Natural Deduction and represent the proof in a Fitch-like notation, following these formatting instructions.\n\n### FORMAT OF PROOF LINES\nEach proof line must be structured like: '<line_number>. <formula> <origin>'\n- <line_number>: sequential integer, always ending with a dot ('1.', '2.', '3.', ...)\n- <formula>: the formula derived on that line\n- <origin>: either 'pre' (premise), 'hip' (hypothesis) or '<rule_name> <line_refs>'\n - <rule_name> and <line_refs>: \n - &e (1 line) \n - &i (2 lines) \n - ->e (2 lines) \n - ->i (1 range) \n - ~e (2 lines) \n - ~i (1 range) \n - |e (1 line + 2 ranges) \n - |i (1 line) \n - @e (1 line) \n - raa (1 range) \n - copy (1 line) \n - Ae (1 line)\n - Ai (1 range)\n - Ee (1 line + 1 range)\n - Ei (1 line)\n - <line_refs>: Must be comma-separated line numbers or ranges. Ranges denote subproofs (e.g., `->i 8-12`, `|e 4, 5-9, 10-14`)\n\n### SUBPROOFS / HYPOTHESES\nUse subproofs for hypotheses. Use curly braces '{' and '}' to open and close subproofs. \nPlace `{` immediately after the line number (e.g. '8.{ A|B hip') and `}` at the end of the final line of the subproof (e.g. '10. B @e 4}').\nNested subproofs are allowed. But a formula may only be used at a specific point if it appeared earlier in the same subproof or an outer subproof to the current subproof.\n\n### SYMBOLS & CONVENTIONS\nUse the following symbols for logical operations: \n- & = conjunction (and) \n- | = disjunction (or) \n- ~ = negation (not) \n- -> = implication (implies)\n\nQuantifiers symbols: \n Ax represents ∀x \n Ex represents ∃x\nSo formulas with ∀x and ∃x will be represented by Ax and Ex (A and E followed by the variable x). For example, Ax (H(x)->M(x)) represents ∀x (H(x)→M(x)).\n\n###CONVENTIONS\nAtoms: only uppercase letters not immediately followed by parentesis (e.g. P, Q, R).\nPredicates: uppercase letters immediately followed by parentesis (e.g. H(x), M(y), Q(a,b) ). All predicates must use parentheses.\nVariables: first letter in lowercase, can be followed by letters and numbers (e.g., x, x0, xP0).\n\n### TO CREATE NEW VARIABLE:\nFor Universal Introduction rule(Ai): open a subproof with a fresh variable not occurring in any open hypothesis.\nCreate new variable like this: '<line_number>. { <new_variable> '\n\nFor Existential Elimination rule(Ee): open a subproof with a fresh witness constant/variable. \nCreate new variable like this: '<line_number>. {<new_variable> φ[<old_variable>/<new_variable>] hip\n  Write only the final proof in <proof>...</proof> tags. Only use <proof>...</proof> tags ONCE. Only use these symbols inside the proof '&' , '->', '~', '|', '@', '(', ')', '{', '}', 'Ax', 'Ex'.\nDo not include explanations, commentary, or extra text inside and outside the <proof>...</proof> tags.\n ""}, {'role': 'user', 'content': ""Prove'Ex B(x), Ax (B(x)->C(x)) |- Ex C(x)' using the natural deduction method. Only one final answer, surrounded by <proof>...</proof>, using the notation described.""}]","<proof>
1. Ex P(x) pre
2. Ax (P(x)->Q(x)) pre
3.{ P(c) hip
4. (P(c)->Q(c)) AxE 2
5. Q(c) ->e 3,4
6. Ex Q(x) @i 5}
</proof>","1. Ex P(x) pre
2. Ax (P(x)->Q(x)) pre
3.{ P(c) hip
4. (P(c)->Q(c)) AxE 2
5. Q(c) ->e 3,4
6. Ex Q(x) @i 5}","Os seguintes erros foram encontrados:

Uma das definições não está completa, verifique se todas regras foram aplicadas corretamente.
Lembre-se que uma regra de inferência sempre inicia com um número seguido de um . (linha de referência), tem uma fórmula e uma justificativa (premissa, hipóteses ou uma das regras de inferência com suas respectivas referências para fórmulas anteriores).
Erro de sintaxe:
4. (P(c)->Q(c)) AxE 2
                ^
",2.64136409759522,stop,891,733
|- Ax (B(x)->C(x))->(Ax B(x)->Ax C(x)),"[{'role': 'system', 'content': ""You are an expert in logic using the Natural Deduction method.\nYou will receive one first order logic problem. Your task is to prove its validity using Natural Deduction and represent the proof in a Fitch-like notation, following these formatting instructions.\n\n### FORMAT OF PROOF LINES\nEach proof line must be structured like: '<line_number>. <formula> <origin>'\n- <line_number>: sequential integer, always ending with a dot ('1.', '2.', '3.', ...)\n- <formula>: the formula derived on that line\n- <origin>: either 'pre' (premise), 'hip' (hypothesis) or '<rule_name> <line_refs>'\n - <rule_name> and <line_refs>: \n - &e (1 line) \n - &i (2 lines) \n - ->e (2 lines) \n - ->i (1 range) \n - ~e (2 lines) \n - ~i (1 range) \n - |e (1 line + 2 ranges) \n - |i (1 line) \n - @e (1 line) \n - raa (1 range) \n - copy (1 line) \n - Ae (1 line)\n - Ai (1 range)\n - Ee (1 line + 1 range)\n - Ei (1 line)\n - <line_refs>: Must be comma-separated line numbers or ranges. Ranges denote subproofs (e.g., `->i 8-12`, `|e 4, 5-9, 10-14`)\n\n### SUBPROOFS / HYPOTHESES\nUse subproofs for hypotheses. Use curly braces '{' and '}' to open and close subproofs. \nPlace `{` immediately after the line number (e.g. '8.{ A|B hip') and `}` at the end of the final line of the subproof (e.g. '10. B @e 4}').\nNested subproofs are allowed. But a formula may only be used at a specific point if it appeared earlier in the same subproof or an outer subproof to the current subproof.\n\n### SYMBOLS & CONVENTIONS\nUse the following symbols for logical operations: \n- & = conjunction (and) \n- | = disjunction (or) \n- ~ = negation (not) \n- -> = implication (implies)\n\nQuantifiers symbols: \n Ax represents ∀x \n Ex represents ∃x\nSo formulas with ∀x and ∃x will be represented by Ax and Ex (A and E followed by the variable x). For example, Ax (H(x)->M(x)) represents ∀x (H(x)→M(x)).\n\n###CONVENTIONS\nAtoms: only uppercase letters not immediately followed by parentesis (e.g. P, Q, R).\nPredicates: uppercase letters immediately followed by parentesis (e.g. H(x), M(y), Q(a,b) ). All predicates must use parentheses.\nVariables: first letter in lowercase, can be followed by letters and numbers (e.g., x, x0, xP0).\n\n### TO CREATE NEW VARIABLE:\nFor Universal Introduction rule(Ai): open a subproof with a fresh variable not occurring in any open hypothesis.\nCreate new variable like this: '<line_number>. { <new_variable> '\n\nFor Existential Elimination rule(Ee): open a subproof with a fresh witness constant/variable. \nCreate new variable like this: '<line_number>. {<new_variable> φ[<old_variable>/<new_variable>] hip\n  Write only the final proof in <proof>...</proof> tags. Only use <proof>...</proof> tags ONCE. Only use these symbols inside the proof '&' , '->', '~', '|', '@', '(', ')', '{', '}', 'Ax', 'Ex'.\nDo not include explanations, commentary, or extra text inside and outside the <proof>...</proof> tags.\n ""}, {'role': 'user', 'content': ""Prove'|- Ax (B(x)->C(x))->(Ax B(x)->Ax C(x))' using the natural deduction method. Only one final answer, surrounded by <proof>...</proof>, using the notation described.""}]","<proof>
1. ∀x(P(x)->Q(x)) hip
2. ∀x P(x) hip
3.{ y
4. P(y) AxE 2
5. (P(y)->Q(y)) AxE 1
6. Q(y) ->e 4,5
7. ∀x Q(x) Ai 3-6}
8. ∀x P(x)->∀x Q(x) ->i 2-7
9. (∀x(P(x)->Q(x)))->(∀x P(x)->∀x Q(x)) ->i 1-8
</proof>","1. ∀x(P(x)->Q(x)) hip
2. ∀x P(x) hip
3.{ y
4. P(y) AxE 2
5. (P(y)->Q(y)) AxE 1
6. Q(y) ->e 4,5
7. ∀x Q(x) Ai 3-6}
8. ∀x P(x)->∀x Q(x) ->i 2-7
9. (∀x(P(x)->Q(x)))->(∀x P(x)->∀x Q(x)) ->i 1-8","Os seguintes erros foram encontrados:

Uma das definições não está completa, verifique se todas regras foram aplicadas corretamente.
Lembre-se que uma regra de inferência sempre inicia com um número seguido de um . (linha de referência), tem uma fórmula e uma justificativa (premissa, hipóteses ou uma das regras de inferência com suas respectivas referências para fórmulas anteriores).
Erro de sintaxe:
1. ∀x(P(x)->Q(x)) hip
   ^ Símbolo não pertence a linguagem.
",3.95699501037598,stop,893,1073
|- ~Ax ~B(x)->Ex B(x),"[{'role': 'system', 'content': ""You are an expert in logic using the Natural Deduction method.\nYou will receive one first order logic problem. Your task is to prove its validity using Natural Deduction and represent the proof in a Fitch-like notation, following these formatting instructions.\n\n### FORMAT OF PROOF LINES\nEach proof line must be structured like: '<line_number>. <formula> <origin>'\n- <line_number>: sequential integer, always ending with a dot ('1.', '2.', '3.', ...)\n- <formula>: the formula derived on that line\n- <origin>: either 'pre' (premise), 'hip' (hypothesis) or '<rule_name> <line_refs>'\n - <rule_name> and <line_refs>: \n - &e (1 line) \n - &i (2 lines) \n - ->e (2 lines) \n - ->i (1 range) \n - ~e (2 lines) \n - ~i (1 range) \n - |e (1 line + 2 ranges) \n - |i (1 line) \n - @e (1 line) \n - raa (1 range) \n - copy (1 line) \n - Ae (1 line)\n - Ai (1 range)\n - Ee (1 line + 1 range)\n - Ei (1 line)\n - <line_refs>: Must be comma-separated line numbers or ranges. Ranges denote subproofs (e.g., `->i 8-12`, `|e 4, 5-9, 10-14`)\n\n### SUBPROOFS / HYPOTHESES\nUse subproofs for hypotheses. Use curly braces '{' and '}' to open and close subproofs. \nPlace `{` immediately after the line number (e.g. '8.{ A|B hip') and `}` at the end of the final line of the subproof (e.g. '10. B @e 4}').\nNested subproofs are allowed. But a formula may only be used at a specific point if it appeared earlier in the same subproof or an outer subproof to the current subproof.\n\n### SYMBOLS & CONVENTIONS\nUse the following symbols for logical operations: \n- & = conjunction (and) \n- | = disjunction (or) \n- ~ = negation (not) \n- -> = implication (implies)\n\nQuantifiers symbols: \n Ax represents ∀x \n Ex represents ∃x\nSo formulas with ∀x and ∃x will be represented by Ax and Ex (A and E followed by the variable x). For example, Ax (H(x)->M(x)) represents ∀x (H(x)→M(x)).\n\n###CONVENTIONS\nAtoms: only uppercase letters not immediately followed by parentesis (e.g. P, Q, R).\nPredicates: uppercase letters immediately followed by parentesis (e.g. H(x), M(y), Q(a,b) ). All predicates must use parentheses.\nVariables: first letter in lowercase, can be followed by letters and numbers (e.g., x, x0, xP0).\n\n### TO CREATE NEW VARIABLE:\nFor Universal Introduction rule(Ai): open a subproof with a fresh variable not occurring in any open hypothesis.\nCreate new variable like this: '<line_number>. { <new_variable> '\n\nFor Existential Elimination rule(Ee): open a subproof with a fresh witness constant/variable. \nCreate new variable like this: '<line_number>. {<new_variable> φ[<old_variable>/<new_variable>] hip\n  Write only the final proof in <proof>...</proof> tags. Only use <proof>...</proof> tags ONCE. Only use these symbols inside the proof '&' , '->', '~', '|', '@', '(', ')', '{', '}', 'Ax', 'Ex'.\nDo not include explanations, commentary, or extra text inside and outside the <proof>...</proof> tags.\n ""}, {'role': 'user', 'content': ""Prove'|- ~Ax ~B(x)->Ex B(x)' using the natural deduction method. Only one final answer, surrounded by <proof>...</proof>, using the notation described.""}]","<proof>
1. ¬Ax ~P(x) pre
2.{ ¬Ex P(x) hip
3.{ a 
4.   P(a) hip
5.     Ex P(a) @i 4
6.     ⊥ ~e 2,5
7.   ¬P(a) ~e 4-6
8. } ∀x ¬P(x) Ai 7
9. ⊥ ~e 1,8
10. } ∃x P(x) raa 2-9
11. ¬Ax ~P(x)->Ex P(x) ->i 1-10
</proof>","1. ¬Ax ~P(x) pre
2.{ ¬Ex P(x) hip
3.{ a 
4.   P(a) hip
5.     Ex P(a) @i 4
6.     ⊥ ~e 2,5
7.   ¬P(a) ~e 4-6
8. } ∀x ¬P(x) Ai 7
9. ⊥ ~e 1,8
10. } ∃x P(x) raa 2-9
11. ¬Ax ~P(x)->Ex P(x) ->i 1-10","Os seguintes erros foram encontrados:

Uma das definições não está completa, verifique se todas regras foram aplicadas corretamente.
Lembre-se que uma regra de inferência sempre inicia com um número seguido de um . (linha de referência), tem uma fórmula e uma justificativa (premissa, hipóteses ou uma das regras de inferência com suas respectivas referências para fórmulas anteriores).
Erro de sintaxe:
1. ¬Ax ~P(x) pre
   ^ Símbolo não pertence a linguagem.
",7.45164608955383,stop,885,1884
|- Ex (B(x)->C)->(Ax B(x)->C),"[{'role': 'system', 'content': ""You are an expert in logic using the Natural Deduction method.\nYou will receive one first order logic problem. Your task is to prove its validity using Natural Deduction and represent the proof in a Fitch-like notation, following these formatting instructions.\n\n### FORMAT OF PROOF LINES\nEach proof line must be structured like: '<line_number>. <formula> <origin>'\n- <line_number>: sequential integer, always ending with a dot ('1.', '2.', '3.', ...)\n- <formula>: the formula derived on that line\n- <origin>: either 'pre' (premise), 'hip' (hypothesis) or '<rule_name> <line_refs>'\n - <rule_name> and <line_refs>: \n - &e (1 line) \n - &i (2 lines) \n - ->e (2 lines) \n - ->i (1 range) \n - ~e (2 lines) \n - ~i (1 range) \n - |e (1 line + 2 ranges) \n - |i (1 line) \n - @e (1 line) \n - raa (1 range) \n - copy (1 line) \n - Ae (1 line)\n - Ai (1 range)\n - Ee (1 line + 1 range)\n - Ei (1 line)\n - <line_refs>: Must be comma-separated line numbers or ranges. Ranges denote subproofs (e.g., `->i 8-12`, `|e 4, 5-9, 10-14`)\n\n### SUBPROOFS / HYPOTHESES\nUse subproofs for hypotheses. Use curly braces '{' and '}' to open and close subproofs. \nPlace `{` immediately after the line number (e.g. '8.{ A|B hip') and `}` at the end of the final line of the subproof (e.g. '10. B @e 4}').\nNested subproofs are allowed. But a formula may only be used at a specific point if it appeared earlier in the same subproof or an outer subproof to the current subproof.\n\n### SYMBOLS & CONVENTIONS\nUse the following symbols for logical operations: \n- & = conjunction (and) \n- | = disjunction (or) \n- ~ = negation (not) \n- -> = implication (implies)\n\nQuantifiers symbols: \n Ax represents ∀x \n Ex represents ∃x\nSo formulas with ∀x and ∃x will be represented by Ax and Ex (A and E followed by the variable x). For example, Ax (H(x)->M(x)) represents ∀x (H(x)→M(x)).\n\n###CONVENTIONS\nAtoms: only uppercase letters not immediately followed by parentesis (e.g. P, Q, R).\nPredicates: uppercase letters immediately followed by parentesis (e.g. H(x), M(y), Q(a,b) ). All predicates must use parentheses.\nVariables: first letter in lowercase, can be followed by letters and numbers (e.g., x, x0, xP0).\n\n### TO CREATE NEW VARIABLE:\nFor Universal Introduction rule(Ai): open a subproof with a fresh variable not occurring in any open hypothesis.\nCreate new variable like this: '<line_number>. { <new_variable> '\n\nFor Existential Elimination rule(Ee): open a subproof with a fresh witness constant/variable. \nCreate new variable like this: '<line_number>. {<new_variable> φ[<old_variable>/<new_variable>] hip\n  Write only the final proof in <proof>...</proof> tags. Only use <proof>...</proof> tags ONCE. Only use these symbols inside the proof '&' , '->', '~', '|', '@', '(', ')', '{', '}', 'Ax', 'Ex'.\nDo not include explanations, commentary, or extra text inside and outside the <proof>...</proof> tags.\n ""}, {'role': 'user', 'content': ""Prove'|- Ex (B(x)->C)->(Ax B(x)->C)' using the natural deduction method. Only one final answer, surrounded by <proof>...</proof>, using the notation described.""}]","<proof>
1. ∃x (P(x) -> Q) pre
2. { (∀x P(x)) hip
3.   { c ∃x (P(x)->Q) Ee 1
4.     P(c) -> Q hip
5.     P(c) Ae 2
6.     Q ->i 4-5
7.   }
8.   Q @e 3
9. }
10. (∀x P(x)) -> Q ->i 2-9
11. ∃x (P(x)->Q) -> (∀x P(x) -> Q) ->i 1-10
</proof>","1. ∃x (P(x) -> Q) pre
2. { (∀x P(x)) hip
3.   { c ∃x (P(x)->Q) Ee 1
4.     P(c) -> Q hip
5.     P(c) Ae 2
6.     Q ->i 4-5
7.   }
8.   Q @e 3
9. }
10. (∀x P(x)) -> Q ->i 2-9
11. ∃x (P(x)->Q) -> (∀x P(x) -> Q) ->i 1-10","Os seguintes erros foram encontrados:

Uma das definições não está completa, verifique se todas regras foram aplicadas corretamente.
Lembre-se que uma regra de inferência sempre inicia com um número seguido de um . (linha de referência), tem uma fórmula e uma justificativa (premissa, hipóteses ou uma das regras de inferência com suas respectivas referências para fórmulas anteriores).
Erro de sintaxe:
1. ∃x (P(x) -> Q) pre
   ^ Símbolo não pertence a linguagem.
",3.45812368392944,stop,889,943
"Ax ~(B(x)&~C(x)), Ax ~C(x) |- Ax ~B(x)","[{'role': 'system', 'content': ""You are an expert in logic using the Natural Deduction method.\nYou will receive one first order logic problem. Your task is to prove its validity using Natural Deduction and represent the proof in a Fitch-like notation, following these formatting instructions.\n\n### FORMAT OF PROOF LINES\nEach proof line must be structured like: '<line_number>. <formula> <origin>'\n- <line_number>: sequential integer, always ending with a dot ('1.', '2.', '3.', ...)\n- <formula>: the formula derived on that line\n- <origin>: either 'pre' (premise), 'hip' (hypothesis) or '<rule_name> <line_refs>'\n - <rule_name> and <line_refs>: \n - &e (1 line) \n - &i (2 lines) \n - ->e (2 lines) \n - ->i (1 range) \n - ~e (2 lines) \n - ~i (1 range) \n - |e (1 line + 2 ranges) \n - |i (1 line) \n - @e (1 line) \n - raa (1 range) \n - copy (1 line) \n - Ae (1 line)\n - Ai (1 range)\n - Ee (1 line + 1 range)\n - Ei (1 line)\n - <line_refs>: Must be comma-separated line numbers or ranges. Ranges denote subproofs (e.g., `->i 8-12`, `|e 4, 5-9, 10-14`)\n\n### SUBPROOFS / HYPOTHESES\nUse subproofs for hypotheses. Use curly braces '{' and '}' to open and close subproofs. \nPlace `{` immediately after the line number (e.g. '8.{ A|B hip') and `}` at the end of the final line of the subproof (e.g. '10. B @e 4}').\nNested subproofs are allowed. But a formula may only be used at a specific point if it appeared earlier in the same subproof or an outer subproof to the current subproof.\n\n### SYMBOLS & CONVENTIONS\nUse the following symbols for logical operations: \n- & = conjunction (and) \n- | = disjunction (or) \n- ~ = negation (not) \n- -> = implication (implies)\n\nQuantifiers symbols: \n Ax represents ∀x \n Ex represents ∃x\nSo formulas with ∀x and ∃x will be represented by Ax and Ex (A and E followed by the variable x). For example, Ax (H(x)->M(x)) represents ∀x (H(x)→M(x)).\n\n###CONVENTIONS\nAtoms: only uppercase letters not immediately followed by parentesis (e.g. P, Q, R).\nPredicates: uppercase letters immediately followed by parentesis (e.g. H(x), M(y), Q(a,b) ). All predicates must use parentheses.\nVariables: first letter in lowercase, can be followed by letters and numbers (e.g., x, x0, xP0).\n\n### TO CREATE NEW VARIABLE:\nFor Universal Introduction rule(Ai): open a subproof with a fresh variable not occurring in any open hypothesis.\nCreate new variable like this: '<line_number>. { <new_variable> '\n\nFor Existential Elimination rule(Ee): open a subproof with a fresh witness constant/variable. \nCreate new variable like this: '<line_number>. {<new_variable> φ[<old_variable>/<new_variable>] hip\n  Write only the final proof in <proof>...</proof> tags. Only use <proof>...</proof> tags ONCE. Only use these symbols inside the proof '&' , '->', '~', '|', '@', '(', ')', '{', '}', 'Ax', 'Ex'.\nDo not include explanations, commentary, or extra text inside and outside the <proof>...</proof> tags.\n ""}, {'role': 'user', 'content': ""Prove'Ax ~(B(x)&~C(x)), Ax ~C(x) |- Ax ~B(x)' using the natural deduction method. Only one final answer, surrounded by <proof>...</proof>, using the notation described.""}]","<proof>
1. ∀x ~(P(x)&~Q(x)) pre
2. ∀x ~Q(x) pre
3.{ a
4. P(a) hip
5. ~(P(a)&~Q(a)) Ax 1
6. ~Q(a) Ax 2
7. (P(a)&~Q(a)) &i 4,6
8. ⊥ ~e 5,7
9. ~P(a) ~i 4-8 }
10. ∀x ~P(x) Ai 3-9
</proof>","1. ∀x ~(P(x)&~Q(x)) pre
2. ∀x ~Q(x) pre
3.{ a
4. P(a) hip
5. ~(P(a)&~Q(a)) Ax 1
6. ~Q(a) Ax 2
7. (P(a)&~Q(a)) &i 4,6
8. ⊥ ~e 5,7
9. ~P(a) ~i 4-8 }
10. ∀x ~P(x) Ai 3-9","Os seguintes erros foram encontrados:

Uma das definições não está completa, verifique se todas regras foram aplicadas corretamente.
Lembre-se que uma regra de inferência sempre inicia com um número seguido de um . (linha de referência), tem uma fórmula e uma justificativa (premissa, hipóteses ou uma das regras de inferência com suas respectivas referências para fórmulas anteriores).
Erro de sintaxe:
1. ∀x ~(P(x)&~Q(x)) pre
   ^ Símbolo não pertence a linguagem.
",4.44345498085022,stop,894,1198
"Ax (B(x)->C(x)), Ax ~C(x) |- Ax ~B(x)","[{'role': 'system', 'content': ""You are an expert in logic using the Natural Deduction method.\nYou will receive one first order logic problem. Your task is to prove its validity using Natural Deduction and represent the proof in a Fitch-like notation, following these formatting instructions.\n\n### FORMAT OF PROOF LINES\nEach proof line must be structured like: '<line_number>. <formula> <origin>'\n- <line_number>: sequential integer, always ending with a dot ('1.', '2.', '3.', ...)\n- <formula>: the formula derived on that line\n- <origin>: either 'pre' (premise), 'hip' (hypothesis) or '<rule_name> <line_refs>'\n - <rule_name> and <line_refs>: \n - &e (1 line) \n - &i (2 lines) \n - ->e (2 lines) \n - ->i (1 range) \n - ~e (2 lines) \n - ~i (1 range) \n - |e (1 line + 2 ranges) \n - |i (1 line) \n - @e (1 line) \n - raa (1 range) \n - copy (1 line) \n - Ae (1 line)\n - Ai (1 range)\n - Ee (1 line + 1 range)\n - Ei (1 line)\n - <line_refs>: Must be comma-separated line numbers or ranges. Ranges denote subproofs (e.g., `->i 8-12`, `|e 4, 5-9, 10-14`)\n\n### SUBPROOFS / HYPOTHESES\nUse subproofs for hypotheses. Use curly braces '{' and '}' to open and close subproofs. \nPlace `{` immediately after the line number (e.g. '8.{ A|B hip') and `}` at the end of the final line of the subproof (e.g. '10. B @e 4}').\nNested subproofs are allowed. But a formula may only be used at a specific point if it appeared earlier in the same subproof or an outer subproof to the current subproof.\n\n### SYMBOLS & CONVENTIONS\nUse the following symbols for logical operations: \n- & = conjunction (and) \n- | = disjunction (or) \n- ~ = negation (not) \n- -> = implication (implies)\n\nQuantifiers symbols: \n Ax represents ∀x \n Ex represents ∃x\nSo formulas with ∀x and ∃x will be represented by Ax and Ex (A and E followed by the variable x). For example, Ax (H(x)->M(x)) represents ∀x (H(x)→M(x)).\n\n###CONVENTIONS\nAtoms: only uppercase letters not immediately followed by parentesis (e.g. P, Q, R).\nPredicates: uppercase letters immediately followed by parentesis (e.g. H(x), M(y), Q(a,b) ). All predicates must use parentheses.\nVariables: first letter in lowercase, can be followed by letters and numbers (e.g., x, x0, xP0).\n\n### TO CREATE NEW VARIABLE:\nFor Universal Introduction rule(Ai): open a subproof with a fresh variable not occurring in any open hypothesis.\nCreate new variable like this: '<line_number>. { <new_variable> '\n\nFor Existential Elimination rule(Ee): open a subproof with a fresh witness constant/variable. \nCreate new variable like this: '<line_number>. {<new_variable> φ[<old_variable>/<new_variable>] hip\n  Write only the final proof in <proof>...</proof> tags. Only use <proof>...</proof> tags ONCE. Only use these symbols inside the proof '&' , '->', '~', '|', '@', '(', ')', '{', '}', 'Ax', 'Ex'.\nDo not include explanations, commentary, or extra text inside and outside the <proof>...</proof> tags.\n ""}, {'role': 'user', 'content': ""Prove'Ax (B(x)->C(x)), Ax ~C(x) |- Ax ~B(x)' using the natural deduction method. Only one final answer, surrounded by <proof>...</proof>, using the notation described.""}]","<proof>
1. Ax (P(x)->R(x)) pre
2. Ax ~R(x) pre
3. { x } hip
4. P(x) hip
5. (P(x)->R(x)) AxE 1
6. R(x) ->e 4,5
7. ~R(x) AxE 2
8. ⊥ ~e 6,7
9. ~P(x) ~i 4-8
10. } 
11. Ax ~P(x) Ai 3-9
</proof>","1. Ax (P(x)->R(x)) pre
2. Ax ~R(x) pre
3. { x } hip
4. P(x) hip
5. (P(x)->R(x)) AxE 1
6. R(x) ->e 4,5
7. ~R(x) AxE 2
8. ⊥ ~e 6,7
9. ~P(x) ~i 4-8
10. } 
11. Ax ~P(x) Ai 3-9","Os seguintes erros foram encontrados:

Uma das definições não está completa, verifique se todas regras foram aplicadas corretamente.
Lembre-se que uma regra de inferência sempre inicia com um número seguido de um . (linha de referência), tem uma fórmula e uma justificativa (premissa, hipóteses ou uma das regras de inferência com suas respectivas referências para fórmulas anteriores).
Erro de sintaxe:
3. { x } hip
         ^
",3.74492168426514,stop,893,1020
|- Ax B(x)->~Ex ~B(x),"[{'role': 'system', 'content': ""You are an expert in logic using the Natural Deduction method.\nYou will receive one first order logic problem. Your task is to prove its validity using Natural Deduction and represent the proof in a Fitch-like notation, following these formatting instructions.\n\n### FORMAT OF PROOF LINES\nEach proof line must be structured like: '<line_number>. <formula> <origin>'\n- <line_number>: sequential integer, always ending with a dot ('1.', '2.', '3.', ...)\n- <formula>: the formula derived on that line\n- <origin>: either 'pre' (premise), 'hip' (hypothesis) or '<rule_name> <line_refs>'\n - <rule_name> and <line_refs>: \n - &e (1 line) \n - &i (2 lines) \n - ->e (2 lines) \n - ->i (1 range) \n - ~e (2 lines) \n - ~i (1 range) \n - |e (1 line + 2 ranges) \n - |i (1 line) \n - @e (1 line) \n - raa (1 range) \n - copy (1 line) \n - Ae (1 line)\n - Ai (1 range)\n - Ee (1 line + 1 range)\n - Ei (1 line)\n - <line_refs>: Must be comma-separated line numbers or ranges. Ranges denote subproofs (e.g., `->i 8-12`, `|e 4, 5-9, 10-14`)\n\n### SUBPROOFS / HYPOTHESES\nUse subproofs for hypotheses. Use curly braces '{' and '}' to open and close subproofs. \nPlace `{` immediately after the line number (e.g. '8.{ A|B hip') and `}` at the end of the final line of the subproof (e.g. '10. B @e 4}').\nNested subproofs are allowed. But a formula may only be used at a specific point if it appeared earlier in the same subproof or an outer subproof to the current subproof.\n\n### SYMBOLS & CONVENTIONS\nUse the following symbols for logical operations: \n- & = conjunction (and) \n- | = disjunction (or) \n- ~ = negation (not) \n- -> = implication (implies)\n\nQuantifiers symbols: \n Ax represents ∀x \n Ex represents ∃x\nSo formulas with ∀x and ∃x will be represented by Ax and Ex (A and E followed by the variable x). For example, Ax (H(x)->M(x)) represents ∀x (H(x)→M(x)).\n\n###CONVENTIONS\nAtoms: only uppercase letters not immediately followed by parentesis (e.g. P, Q, R).\nPredicates: uppercase letters immediately followed by parentesis (e.g. H(x), M(y), Q(a,b) ). All predicates must use parentheses.\nVariables: first letter in lowercase, can be followed by letters and numbers (e.g., x, x0, xP0).\n\n### TO CREATE NEW VARIABLE:\nFor Universal Introduction rule(Ai): open a subproof with a fresh variable not occurring in any open hypothesis.\nCreate new variable like this: '<line_number>. { <new_variable> '\n\nFor Existential Elimination rule(Ee): open a subproof with a fresh witness constant/variable. \nCreate new variable like this: '<line_number>. {<new_variable> φ[<old_variable>/<new_variable>] hip\n  Write only the final proof in <proof>...</proof> tags. Only use <proof>...</proof> tags ONCE. Only use these symbols inside the proof '&' , '->', '~', '|', '@', '(', ')', '{', '}', 'Ax', 'Ex'.\nDo not include explanations, commentary, or extra text inside and outside the <proof>...</proof> tags.\n ""}, {'role': 'user', 'content': ""Prove'|- Ax B(x)->~Ex ~B(x)' using the natural deduction method. Only one final answer, surrounded by <proof>...</proof>, using the notation described.""}]","<proof>
1. ∀x P(x) pre
2.{ ∃x ¬P(x) hip
3.{ c
4. ¬P(c) Ee 2,3
5. P(c) Ax 1
6. ⊥ ~e 4,5
} 
7. ¬∃x ¬P(x) ~i 2-6
8. ∀x P(x)->¬∃x ¬P(x) ->i 1-7
</proof>","1. ∀x P(x) pre
2.{ ∃x ¬P(x) hip
3.{ c
4. ¬P(c) Ee 2,3
5. P(c) Ax 1
6. ⊥ ~e 4,5
} 
7. ¬∃x ¬P(x) ~i 2-6
8. ∀x P(x)->¬∃x ¬P(x) ->i 1-7","Os seguintes erros foram encontrados:

Uma das definições não está completa, verifique se todas regras foram aplicadas corretamente.
Lembre-se que uma regra de inferência sempre inicia com um número seguido de um . (linha de referência), tem uma fórmula e uma justificativa (premissa, hipóteses ou uma das regras de inferência com suas respectivas referências para fórmulas anteriores).
Erro de sintaxe:
1. ∀x P(x) pre
   ^ Símbolo não pertence a linguagem.
",9.20950269699097,stop,885,2313
|- ~Ex ~B(x)->Ax B(x),"[{'role': 'system', 'content': ""You are an expert in logic using the Natural Deduction method.\nYou will receive one first order logic problem. Your task is to prove its validity using Natural Deduction and represent the proof in a Fitch-like notation, following these formatting instructions.\n\n### FORMAT OF PROOF LINES\nEach proof line must be structured like: '<line_number>. <formula> <origin>'\n- <line_number>: sequential integer, always ending with a dot ('1.', '2.', '3.', ...)\n- <formula>: the formula derived on that line\n- <origin>: either 'pre' (premise), 'hip' (hypothesis) or '<rule_name> <line_refs>'\n - <rule_name> and <line_refs>: \n - &e (1 line) \n - &i (2 lines) \n - ->e (2 lines) \n - ->i (1 range) \n - ~e (2 lines) \n - ~i (1 range) \n - |e (1 line + 2 ranges) \n - |i (1 line) \n - @e (1 line) \n - raa (1 range) \n - copy (1 line) \n - Ae (1 line)\n - Ai (1 range)\n - Ee (1 line + 1 range)\n - Ei (1 line)\n - <line_refs>: Must be comma-separated line numbers or ranges. Ranges denote subproofs (e.g., `->i 8-12`, `|e 4, 5-9, 10-14`)\n\n### SUBPROOFS / HYPOTHESES\nUse subproofs for hypotheses. Use curly braces '{' and '}' to open and close subproofs. \nPlace `{` immediately after the line number (e.g. '8.{ A|B hip') and `}` at the end of the final line of the subproof (e.g. '10. B @e 4}').\nNested subproofs are allowed. But a formula may only be used at a specific point if it appeared earlier in the same subproof or an outer subproof to the current subproof.\n\n### SYMBOLS & CONVENTIONS\nUse the following symbols for logical operations: \n- & = conjunction (and) \n- | = disjunction (or) \n- ~ = negation (not) \n- -> = implication (implies)\n\nQuantifiers symbols: \n Ax represents ∀x \n Ex represents ∃x\nSo formulas with ∀x and ∃x will be represented by Ax and Ex (A and E followed by the variable x). For example, Ax (H(x)->M(x)) represents ∀x (H(x)→M(x)).\n\n###CONVENTIONS\nAtoms: only uppercase letters not immediately followed by parentesis (e.g. P, Q, R).\nPredicates: uppercase letters immediately followed by parentesis (e.g. H(x), M(y), Q(a,b) ). All predicates must use parentheses.\nVariables: first letter in lowercase, can be followed by letters and numbers (e.g., x, x0, xP0).\n\n### TO CREATE NEW VARIABLE:\nFor Universal Introduction rule(Ai): open a subproof with a fresh variable not occurring in any open hypothesis.\nCreate new variable like this: '<line_number>. { <new_variable> '\n\nFor Existential Elimination rule(Ee): open a subproof with a fresh witness constant/variable. \nCreate new variable like this: '<line_number>. {<new_variable> φ[<old_variable>/<new_variable>] hip\n  Write only the final proof in <proof>...</proof> tags. Only use <proof>...</proof> tags ONCE. Only use these symbols inside the proof '&' , '->', '~', '|', '@', '(', ')', '{', '}', 'Ax', 'Ex'.\nDo not include explanations, commentary, or extra text inside and outside the <proof>...</proof> tags.\n ""}, {'role': 'user', 'content': ""Prove'|- ~Ex ~B(x)->Ax B(x)' using the natural deduction method. Only one final answer, surrounded by <proof>...</proof>, using the notation described.""}]","<proof>
1. ¬∃x ¬P(x) pre
2.{ a 
3.   ¬P(a) hip
4.   ∃x ¬P(x) Ex 3
5.   ⊥ ~e 1,4
6.   P(a) raa 3-5
7. } Ai 2-6
8. ∀x P(x) Ae 7
</proof>","1. ¬∃x ¬P(x) pre
2.{ a 
3.   ¬P(a) hip
4.   ∃x ¬P(x) Ex 3
5.   ⊥ ~e 1,4
6.   P(a) raa 3-5
7. } Ai 2-6
8. ∀x P(x) Ae 7","Os seguintes erros foram encontrados:

Uma das definições não está completa, verifique se todas regras foram aplicadas corretamente.
Lembre-se que uma regra de inferência sempre inicia com um número seguido de um . (linha de referência), tem uma fórmula e uma justificativa (premissa, hipóteses ou uma das regras de inferência com suas respectivas referências para fórmulas anteriores).
Erro de sintaxe:
1. ¬∃x ¬P(x) pre
   ^ Símbolo não pertence a linguagem.
",2.20414257049561,stop,885,561
|- Ex B(x)->~Ax ~B(x),"[{'role': 'system', 'content': ""You are an expert in logic using the Natural Deduction method.\nYou will receive one first order logic problem. Your task is to prove its validity using Natural Deduction and represent the proof in a Fitch-like notation, following these formatting instructions.\n\n### FORMAT OF PROOF LINES\nEach proof line must be structured like: '<line_number>. <formula> <origin>'\n- <line_number>: sequential integer, always ending with a dot ('1.', '2.', '3.', ...)\n- <formula>: the formula derived on that line\n- <origin>: either 'pre' (premise), 'hip' (hypothesis) or '<rule_name> <line_refs>'\n - <rule_name> and <line_refs>: \n - &e (1 line) \n - &i (2 lines) \n - ->e (2 lines) \n - ->i (1 range) \n - ~e (2 lines) \n - ~i (1 range) \n - |e (1 line + 2 ranges) \n - |i (1 line) \n - @e (1 line) \n - raa (1 range) \n - copy (1 line) \n - Ae (1 line)\n - Ai (1 range)\n - Ee (1 line + 1 range)\n - Ei (1 line)\n - <line_refs>: Must be comma-separated line numbers or ranges. Ranges denote subproofs (e.g., `->i 8-12`, `|e 4, 5-9, 10-14`)\n\n### SUBPROOFS / HYPOTHESES\nUse subproofs for hypotheses. Use curly braces '{' and '}' to open and close subproofs. \nPlace `{` immediately after the line number (e.g. '8.{ A|B hip') and `}` at the end of the final line of the subproof (e.g. '10. B @e 4}').\nNested subproofs are allowed. But a formula may only be used at a specific point if it appeared earlier in the same subproof or an outer subproof to the current subproof.\n\n### SYMBOLS & CONVENTIONS\nUse the following symbols for logical operations: \n- & = conjunction (and) \n- | = disjunction (or) \n- ~ = negation (not) \n- -> = implication (implies)\n\nQuantifiers symbols: \n Ax represents ∀x \n Ex represents ∃x\nSo formulas with ∀x and ∃x will be represented by Ax and Ex (A and E followed by the variable x). For example, Ax (H(x)->M(x)) represents ∀x (H(x)→M(x)).\n\n###CONVENTIONS\nAtoms: only uppercase letters not immediately followed by parentesis (e.g. P, Q, R).\nPredicates: uppercase letters immediately followed by parentesis (e.g. H(x), M(y), Q(a,b) ). All predicates must use parentheses.\nVariables: first letter in lowercase, can be followed by letters and numbers (e.g., x, x0, xP0).\n\n### TO CREATE NEW VARIABLE:\nFor Universal Introduction rule(Ai): open a subproof with a fresh variable not occurring in any open hypothesis.\nCreate new variable like this: '<line_number>. { <new_variable> '\n\nFor Existential Elimination rule(Ee): open a subproof with a fresh witness constant/variable. \nCreate new variable like this: '<line_number>. {<new_variable> φ[<old_variable>/<new_variable>] hip\n  Write only the final proof in <proof>...</proof> tags. Only use <proof>...</proof> tags ONCE. Only use these symbols inside the proof '&' , '->', '~', '|', '@', '(', ')', '{', '}', 'Ax', 'Ex'.\nDo not include explanations, commentary, or extra text inside and outside the <proof>...</proof> tags.\n ""}, {'role': 'user', 'content': ""Prove'|- Ex B(x)->~Ax ~B(x)' using the natural deduction method. Only one final answer, surrounded by <proof>...</proof>, using the notation described.""}]","<proof>
1. ∃x P(x) pre
2.{ ∀x ¬P(x) hip
3.{ a P(a) hip
4. ¬P(a) @e 2
5. ⊥ ~e 3,4
6. ⊥ Ee 1-5
7. ¬∀x ¬P(x) ~i 2-6
8. ∃x P(x)->¬∀x ¬P(x) ->i 1-7
</proof>","1. ∃x P(x) pre
2.{ ∀x ¬P(x) hip
3.{ a P(a) hip
4. ¬P(a) @e 2
5. ⊥ ~e 3,4
6. ⊥ Ee 1-5
7. ¬∀x ¬P(x) ~i 2-6
8. ∃x P(x)->¬∀x ¬P(x) ->i 1-7","Os seguintes erros foram encontrados:

Uma das definições não está completa, verifique se todas regras foram aplicadas corretamente.
Lembre-se que uma regra de inferência sempre inicia com um número seguido de um . (linha de referência), tem uma fórmula e uma justificativa (premissa, hipóteses ou uma das regras de inferência com suas respectivas referências para fórmulas anteriores).
Erro de sintaxe:
1. ∃x P(x) pre
   ^ Símbolo não pertence a linguagem.
",2.84359979629517,stop,885,725
Ex (B(x)&~C(x)) |- ~Ax (B(x)->C(x)),"[{'role': 'system', 'content': ""You are an expert in logic using the Natural Deduction method.\nYou will receive one first order logic problem. Your task is to prove its validity using Natural Deduction and represent the proof in a Fitch-like notation, following these formatting instructions.\n\n### FORMAT OF PROOF LINES\nEach proof line must be structured like: '<line_number>. <formula> <origin>'\n- <line_number>: sequential integer, always ending with a dot ('1.', '2.', '3.', ...)\n- <formula>: the formula derived on that line\n- <origin>: either 'pre' (premise), 'hip' (hypothesis) or '<rule_name> <line_refs>'\n - <rule_name> and <line_refs>: \n - &e (1 line) \n - &i (2 lines) \n - ->e (2 lines) \n - ->i (1 range) \n - ~e (2 lines) \n - ~i (1 range) \n - |e (1 line + 2 ranges) \n - |i (1 line) \n - @e (1 line) \n - raa (1 range) \n - copy (1 line) \n - Ae (1 line)\n - Ai (1 range)\n - Ee (1 line + 1 range)\n - Ei (1 line)\n - <line_refs>: Must be comma-separated line numbers or ranges. Ranges denote subproofs (e.g., `->i 8-12`, `|e 4, 5-9, 10-14`)\n\n### SUBPROOFS / HYPOTHESES\nUse subproofs for hypotheses. Use curly braces '{' and '}' to open and close subproofs. \nPlace `{` immediately after the line number (e.g. '8.{ A|B hip') and `}` at the end of the final line of the subproof (e.g. '10. B @e 4}').\nNested subproofs are allowed. But a formula may only be used at a specific point if it appeared earlier in the same subproof or an outer subproof to the current subproof.\n\n### SYMBOLS & CONVENTIONS\nUse the following symbols for logical operations: \n- & = conjunction (and) \n- | = disjunction (or) \n- ~ = negation (not) \n- -> = implication (implies)\n\nQuantifiers symbols: \n Ax represents ∀x \n Ex represents ∃x\nSo formulas with ∀x and ∃x will be represented by Ax and Ex (A and E followed by the variable x). For example, Ax (H(x)->M(x)) represents ∀x (H(x)→M(x)).\n\n###CONVENTIONS\nAtoms: only uppercase letters not immediately followed by parentesis (e.g. P, Q, R).\nPredicates: uppercase letters immediately followed by parentesis (e.g. H(x), M(y), Q(a,b) ). All predicates must use parentheses.\nVariables: first letter in lowercase, can be followed by letters and numbers (e.g., x, x0, xP0).\n\n### TO CREATE NEW VARIABLE:\nFor Universal Introduction rule(Ai): open a subproof with a fresh variable not occurring in any open hypothesis.\nCreate new variable like this: '<line_number>. { <new_variable> '\n\nFor Existential Elimination rule(Ee): open a subproof with a fresh witness constant/variable. \nCreate new variable like this: '<line_number>. {<new_variable> φ[<old_variable>/<new_variable>] hip\n  Write only the final proof in <proof>...</proof> tags. Only use <proof>...</proof> tags ONCE. Only use these symbols inside the proof '&' , '->', '~', '|', '@', '(', ')', '{', '}', 'Ax', 'Ex'.\nDo not include explanations, commentary, or extra text inside and outside the <proof>...</proof> tags.\n ""}, {'role': 'user', 'content': ""Prove'Ex (B(x)&~C(x)) |- ~Ax (B(x)->C(x))' using the natural deduction method. Only one final answer, surrounded by <proof>...</proof>, using the notation described.""}]","<proof>
1. Ex(Px&~Qx) pre
2.{c P(c)&~Q(c) hip
3. Ax(Px->Qx) hip
4. P(c)->Q(c) Ae 3
5. P(c) &e 2
6. ~Q(c) &e 2
7. Q(c) ->e 4,5
8. ⊥ ~e 6,7
9. ¬Ax(Px->Qx) ~i 3-8 }
10. ¬Ax(Px->Qx) Ee 1,2-9
</proof>","1. Ex(Px&~Qx) pre
2.{c P(c)&~Q(c) hip
3. Ax(Px->Qx) hip
4. P(c)->Q(c) Ae 3
5. P(c) &e 2
6. ~Q(c) &e 2
7. Q(c) ->e 4,5
8. ⊥ ~e 6,7
9. ¬Ax(Px->Qx) ~i 3-8 }
10. ¬Ax(Px->Qx) Ee 1,2-9","Os seguintes erros foram encontrados:

Uma das definições não está completa, verifique se todas regras foram aplicadas corretamente.
Lembre-se que uma regra de inferência sempre inicia com um número seguido de um . (linha de referência), tem uma fórmula e uma justificativa (premissa, hipóteses ou uma das regras de inferência com suas respectivas referências para fórmulas anteriores).
Erro de sintaxe:
1. Ex(Px&~Qx) pre
       ^
",5.70953464508057,stop,894,1553
"|- Ax Ay B(x,y)->Ay Ax B(x,y)","[{'role': 'system', 'content': ""You are an expert in logic using the Natural Deduction method.\nYou will receive one first order logic problem. Your task is to prove its validity using Natural Deduction and represent the proof in a Fitch-like notation, following these formatting instructions.\n\n### FORMAT OF PROOF LINES\nEach proof line must be structured like: '<line_number>. <formula> <origin>'\n- <line_number>: sequential integer, always ending with a dot ('1.', '2.', '3.', ...)\n- <formula>: the formula derived on that line\n- <origin>: either 'pre' (premise), 'hip' (hypothesis) or '<rule_name> <line_refs>'\n - <rule_name> and <line_refs>: \n - &e (1 line) \n - &i (2 lines) \n - ->e (2 lines) \n - ->i (1 range) \n - ~e (2 lines) \n - ~i (1 range) \n - |e (1 line + 2 ranges) \n - |i (1 line) \n - @e (1 line) \n - raa (1 range) \n - copy (1 line) \n - Ae (1 line)\n - Ai (1 range)\n - Ee (1 line + 1 range)\n - Ei (1 line)\n - <line_refs>: Must be comma-separated line numbers or ranges. Ranges denote subproofs (e.g., `->i 8-12`, `|e 4, 5-9, 10-14`)\n\n### SUBPROOFS / HYPOTHESES\nUse subproofs for hypotheses. Use curly braces '{' and '}' to open and close subproofs. \nPlace `{` immediately after the line number (e.g. '8.{ A|B hip') and `}` at the end of the final line of the subproof (e.g. '10. B @e 4}').\nNested subproofs are allowed. But a formula may only be used at a specific point if it appeared earlier in the same subproof or an outer subproof to the current subproof.\n\n### SYMBOLS & CONVENTIONS\nUse the following symbols for logical operations: \n- & = conjunction (and) \n- | = disjunction (or) \n- ~ = negation (not) \n- -> = implication (implies)\n\nQuantifiers symbols: \n Ax represents ∀x \n Ex represents ∃x\nSo formulas with ∀x and ∃x will be represented by Ax and Ex (A and E followed by the variable x). For example, Ax (H(x)->M(x)) represents ∀x (H(x)→M(x)).\n\n###CONVENTIONS\nAtoms: only uppercase letters not immediately followed by parentesis (e.g. P, Q, R).\nPredicates: uppercase letters immediately followed by parentesis (e.g. H(x), M(y), Q(a,b) ). All predicates must use parentheses.\nVariables: first letter in lowercase, can be followed by letters and numbers (e.g., x, x0, xP0).\n\n### TO CREATE NEW VARIABLE:\nFor Universal Introduction rule(Ai): open a subproof with a fresh variable not occurring in any open hypothesis.\nCreate new variable like this: '<line_number>. { <new_variable> '\n\nFor Existential Elimination rule(Ee): open a subproof with a fresh witness constant/variable. \nCreate new variable like this: '<line_number>. {<new_variable> φ[<old_variable>/<new_variable>] hip\n  Write only the final proof in <proof>...</proof> tags. Only use <proof>...</proof> tags ONCE. Only use these symbols inside the proof '&' , '->', '~', '|', '@', '(', ')', '{', '}', 'Ax', 'Ex'.\nDo not include explanations, commentary, or extra text inside and outside the <proof>...</proof> tags.\n ""}, {'role': 'user', 'content': ""Prove'|- Ax Ay B(x,y)->Ay Ax B(x,y)' using the natural deduction method. Only one final answer, surrounded by <proof>...</proof>, using the notation described.""}]","<proof>
1.{ ∀x∀y P(x,y) hip
2.{ y0
3.{ x0
4. ∀y P(x0,y) Ae 1
5. P(x0,y0) Ae 4
6. ∀x P(x,y0) Ai 3-5 }
7. ∀y∀x P(x,y) Ai 2-6 }
8. ∀x∀y P(x,y)->∀y∀x P(x,y) ->i 1-7
</proof>","1.{ ∀x∀y P(x,y) hip
2.{ y0
3.{ x0
4. ∀y P(x0,y) Ae 1
5. P(x0,y0) Ae 4
6. ∀x P(x,y0) Ai 3-5 }
7. ∀y∀x P(x,y) Ai 2-6 }
8. ∀x∀y P(x,y)->∀y∀x P(x,y) ->i 1-7","Os seguintes erros foram encontrados:

Uma das definições não está completa, verifique se todas regras foram aplicadas corretamente.
Lembre-se que uma regra de inferência sempre inicia com um número seguido de um . (linha de referência), tem uma fórmula e uma justificativa (premissa, hipóteses ou uma das regras de inferência com suas respectivas referências para fórmulas anteriores).
Erro de sintaxe:
1.{ ∀x∀y P(x,y) hip
    ^ Símbolo não pertence a linguagem.
",3.67170524597168,stop,887,993
|- Ax (B->C(x))->(B->Ax C(x)),"[{'role': 'system', 'content': ""You are an expert in logic using the Natural Deduction method.\nYou will receive one first order logic problem. Your task is to prove its validity using Natural Deduction and represent the proof in a Fitch-like notation, following these formatting instructions.\n\n### FORMAT OF PROOF LINES\nEach proof line must be structured like: '<line_number>. <formula> <origin>'\n- <line_number>: sequential integer, always ending with a dot ('1.', '2.', '3.', ...)\n- <formula>: the formula derived on that line\n- <origin>: either 'pre' (premise), 'hip' (hypothesis) or '<rule_name> <line_refs>'\n - <rule_name> and <line_refs>: \n - &e (1 line) \n - &i (2 lines) \n - ->e (2 lines) \n - ->i (1 range) \n - ~e (2 lines) \n - ~i (1 range) \n - |e (1 line + 2 ranges) \n - |i (1 line) \n - @e (1 line) \n - raa (1 range) \n - copy (1 line) \n - Ae (1 line)\n - Ai (1 range)\n - Ee (1 line + 1 range)\n - Ei (1 line)\n - <line_refs>: Must be comma-separated line numbers or ranges. Ranges denote subproofs (e.g., `->i 8-12`, `|e 4, 5-9, 10-14`)\n\n### SUBPROOFS / HYPOTHESES\nUse subproofs for hypotheses. Use curly braces '{' and '}' to open and close subproofs. \nPlace `{` immediately after the line number (e.g. '8.{ A|B hip') and `}` at the end of the final line of the subproof (e.g. '10. B @e 4}').\nNested subproofs are allowed. But a formula may only be used at a specific point if it appeared earlier in the same subproof or an outer subproof to the current subproof.\n\n### SYMBOLS & CONVENTIONS\nUse the following symbols for logical operations: \n- & = conjunction (and) \n- | = disjunction (or) \n- ~ = negation (not) \n- -> = implication (implies)\n\nQuantifiers symbols: \n Ax represents ∀x \n Ex represents ∃x\nSo formulas with ∀x and ∃x will be represented by Ax and Ex (A and E followed by the variable x). For example, Ax (H(x)->M(x)) represents ∀x (H(x)→M(x)).\n\n###CONVENTIONS\nAtoms: only uppercase letters not immediately followed by parentesis (e.g. P, Q, R).\nPredicates: uppercase letters immediately followed by parentesis (e.g. H(x), M(y), Q(a,b) ). All predicates must use parentheses.\nVariables: first letter in lowercase, can be followed by letters and numbers (e.g., x, x0, xP0).\n\n### TO CREATE NEW VARIABLE:\nFor Universal Introduction rule(Ai): open a subproof with a fresh variable not occurring in any open hypothesis.\nCreate new variable like this: '<line_number>. { <new_variable> '\n\nFor Existential Elimination rule(Ee): open a subproof with a fresh witness constant/variable. \nCreate new variable like this: '<line_number>. {<new_variable> φ[<old_variable>/<new_variable>] hip\n  Write only the final proof in <proof>...</proof> tags. Only use <proof>...</proof> tags ONCE. Only use these symbols inside the proof '&' , '->', '~', '|', '@', '(', ')', '{', '}', 'Ax', 'Ex'.\nDo not include explanations, commentary, or extra text inside and outside the <proof>...</proof> tags.\n ""}, {'role': 'user', 'content': ""Prove'|- Ax (B->C(x))->(B->Ax C(x))' using the natural deduction method. Only one final answer, surrounded by <proof>...</proof>, using the notation described.""}]","<proof>
1. ∀x (P->Q(x)) hip
2. P hip
3. P->Q(y) AxE 1
4. Q(y) ->e 2,3
5. ∀x Q(x) Ai 4
6. P->∀x Q(x) ->i 2-5
7. ∀x (P->Q(x)) -> (P->∀x Q(x)) ->i 1-6
</proof>","1. ∀x (P->Q(x)) hip
2. P hip
3. P->Q(y) AxE 1
4. Q(y) ->e 2,3
5. ∀x Q(x) Ai 4
6. P->∀x Q(x) ->i 2-5
7. ∀x (P->Q(x)) -> (P->∀x Q(x)) ->i 1-6","Os seguintes erros foram encontrados:

Uma das definições não está completa, verifique se todas regras foram aplicadas corretamente.
Lembre-se que uma regra de inferência sempre inicia com um número seguido de um . (linha de referência), tem uma fórmula e uma justificativa (premissa, hipóteses ou uma das regras de inferência com suas respectivas referências para fórmulas anteriores).
Erro de sintaxe:
1. ∀x (P->Q(x)) hip
   ^ Símbolo não pertence a linguagem.
",4.84252142906189,stop,890,1322
"Ax ~(B(x)&~C(x)), Ax B(x) |- Ax C(x)","[{'role': 'system', 'content': ""You are an expert in logic using the Natural Deduction method.\nYou will receive one first order logic problem. Your task is to prove its validity using Natural Deduction and represent the proof in a Fitch-like notation, following these formatting instructions.\n\n### FORMAT OF PROOF LINES\nEach proof line must be structured like: '<line_number>. <formula> <origin>'\n- <line_number>: sequential integer, always ending with a dot ('1.', '2.', '3.', ...)\n- <formula>: the formula derived on that line\n- <origin>: either 'pre' (premise), 'hip' (hypothesis) or '<rule_name> <line_refs>'\n - <rule_name> and <line_refs>: \n - &e (1 line) \n - &i (2 lines) \n - ->e (2 lines) \n - ->i (1 range) \n - ~e (2 lines) \n - ~i (1 range) \n - |e (1 line + 2 ranges) \n - |i (1 line) \n - @e (1 line) \n - raa (1 range) \n - copy (1 line) \n - Ae (1 line)\n - Ai (1 range)\n - Ee (1 line + 1 range)\n - Ei (1 line)\n - <line_refs>: Must be comma-separated line numbers or ranges. Ranges denote subproofs (e.g., `->i 8-12`, `|e 4, 5-9, 10-14`)\n\n### SUBPROOFS / HYPOTHESES\nUse subproofs for hypotheses. Use curly braces '{' and '}' to open and close subproofs. \nPlace `{` immediately after the line number (e.g. '8.{ A|B hip') and `}` at the end of the final line of the subproof (e.g. '10. B @e 4}').\nNested subproofs are allowed. But a formula may only be used at a specific point if it appeared earlier in the same subproof or an outer subproof to the current subproof.\n\n### SYMBOLS & CONVENTIONS\nUse the following symbols for logical operations: \n- & = conjunction (and) \n- | = disjunction (or) \n- ~ = negation (not) \n- -> = implication (implies)\n\nQuantifiers symbols: \n Ax represents ∀x \n Ex represents ∃x\nSo formulas with ∀x and ∃x will be represented by Ax and Ex (A and E followed by the variable x). For example, Ax (H(x)->M(x)) represents ∀x (H(x)→M(x)).\n\n###CONVENTIONS\nAtoms: only uppercase letters not immediately followed by parentesis (e.g. P, Q, R).\nPredicates: uppercase letters immediately followed by parentesis (e.g. H(x), M(y), Q(a,b) ). All predicates must use parentheses.\nVariables: first letter in lowercase, can be followed by letters and numbers (e.g., x, x0, xP0).\n\n### TO CREATE NEW VARIABLE:\nFor Universal Introduction rule(Ai): open a subproof with a fresh variable not occurring in any open hypothesis.\nCreate new variable like this: '<line_number>. { <new_variable> '\n\nFor Existential Elimination rule(Ee): open a subproof with a fresh witness constant/variable. \nCreate new variable like this: '<line_number>. {<new_variable> φ[<old_variable>/<new_variable>] hip\n  Write only the final proof in <proof>...</proof> tags. Only use <proof>...</proof> tags ONCE. Only use these symbols inside the proof '&' , '->', '~', '|', '@', '(', ')', '{', '}', 'Ax', 'Ex'.\nDo not include explanations, commentary, or extra text inside and outside the <proof>...</proof> tags.\n ""}, {'role': 'user', 'content': ""Prove'Ax ~(B(x)&~C(x)), Ax B(x) |- Ax C(x)' using the natural deduction method. Only one final answer, surrounded by <proof>...</proof>, using the notation described.""}]","<proof>
1. ~(H(x)&~M(x)) pre
2. H(x) pre
3.{ a 
4. H(a) Ae 2
5. ~(H(a)&~M(a)) Ae 1
6.{ ~M(a) hip
7. H(a)&~M(a) &i 4,6
8. ⊥ ~e 5,7
9. M(a) raa 6-8 }
10. Ax M(x) Ai 3-9
</proof>","1. ~(H(x)&~M(x)) pre
2. H(x) pre
3.{ a 
4. H(a) Ae 2
5. ~(H(a)&~M(a)) Ae 1
6.{ ~M(a) hip
7. H(a)&~M(a) &i 4,6
8. ⊥ ~e 5,7
9. M(a) raa 6-8 }
10. Ax M(x) Ai 3-9","Os seguintes erros foram encontrados:

Uma das definições não está completa, verifique se todas regras foram aplicadas corretamente.
Lembre-se que uma regra de inferência sempre inicia com um número seguido de um . (linha de referência), tem uma fórmula e uma justificativa (premissa, hipóteses ou uma das regras de inferência com suas respectivas referências para fórmulas anteriores).
Erro de sintaxe:
8. ⊥ ~e 5,7
   ^ Símbolo não pertence a linguagem.
",4.18692994117737,stop,892,1151
|- ~Ax B(x)->Ex ~B(x),"[{'role': 'system', 'content': ""You are an expert in logic using the Natural Deduction method.\nYou will receive one first order logic problem. Your task is to prove its validity using Natural Deduction and represent the proof in a Fitch-like notation, following these formatting instructions.\n\n### FORMAT OF PROOF LINES\nEach proof line must be structured like: '<line_number>. <formula> <origin>'\n- <line_number>: sequential integer, always ending with a dot ('1.', '2.', '3.', ...)\n- <formula>: the formula derived on that line\n- <origin>: either 'pre' (premise), 'hip' (hypothesis) or '<rule_name> <line_refs>'\n - <rule_name> and <line_refs>: \n - &e (1 line) \n - &i (2 lines) \n - ->e (2 lines) \n - ->i (1 range) \n - ~e (2 lines) \n - ~i (1 range) \n - |e (1 line + 2 ranges) \n - |i (1 line) \n - @e (1 line) \n - raa (1 range) \n - copy (1 line) \n - Ae (1 line)\n - Ai (1 range)\n - Ee (1 line + 1 range)\n - Ei (1 line)\n - <line_refs>: Must be comma-separated line numbers or ranges. Ranges denote subproofs (e.g., `->i 8-12`, `|e 4, 5-9, 10-14`)\n\n### SUBPROOFS / HYPOTHESES\nUse subproofs for hypotheses. Use curly braces '{' and '}' to open and close subproofs. \nPlace `{` immediately after the line number (e.g. '8.{ A|B hip') and `}` at the end of the final line of the subproof (e.g. '10. B @e 4}').\nNested subproofs are allowed. But a formula may only be used at a specific point if it appeared earlier in the same subproof or an outer subproof to the current subproof.\n\n### SYMBOLS & CONVENTIONS\nUse the following symbols for logical operations: \n- & = conjunction (and) \n- | = disjunction (or) \n- ~ = negation (not) \n- -> = implication (implies)\n\nQuantifiers symbols: \n Ax represents ∀x \n Ex represents ∃x\nSo formulas with ∀x and ∃x will be represented by Ax and Ex (A and E followed by the variable x). For example, Ax (H(x)->M(x)) represents ∀x (H(x)→M(x)).\n\n###CONVENTIONS\nAtoms: only uppercase letters not immediately followed by parentesis (e.g. P, Q, R).\nPredicates: uppercase letters immediately followed by parentesis (e.g. H(x), M(y), Q(a,b) ). All predicates must use parentheses.\nVariables: first letter in lowercase, can be followed by letters and numbers (e.g., x, x0, xP0).\n\n### TO CREATE NEW VARIABLE:\nFor Universal Introduction rule(Ai): open a subproof with a fresh variable not occurring in any open hypothesis.\nCreate new variable like this: '<line_number>. { <new_variable> '\n\nFor Existential Elimination rule(Ee): open a subproof with a fresh witness constant/variable. \nCreate new variable like this: '<line_number>. {<new_variable> φ[<old_variable>/<new_variable>] hip\n  Write only the final proof in <proof>...</proof> tags. Only use <proof>...</proof> tags ONCE. Only use these symbols inside the proof '&' , '->', '~', '|', '@', '(', ')', '{', '}', 'Ax', 'Ex'.\nDo not include explanations, commentary, or extra text inside and outside the <proof>...</proof> tags.\n ""}, {'role': 'user', 'content': ""Prove'|- ~Ax B(x)->Ex ~B(x)' using the natural deduction method. Only one final answer, surrounded by <proof>...</proof>, using the notation described.""}]","<proof>
1. ¬∀x P(x) pre
2. ¬∃x ¬P(x) hip
3.{ a Ai
4. ¬P(a) hip
5. ∃x ¬P(x) @i 4
6. ⊥ ~e 2,5
7. P(a) raa 4-6
8. ∀x P(x) Ai 3-7
9. ⊥ ~e 1,8
10. ∃x ¬P(x) raa 2-9
11. ¬∀x P(x)->∃x ¬P(x) ->i 1-10
</proof>","1. ¬∀x P(x) pre
2. ¬∃x ¬P(x) hip
3.{ a Ai
4. ¬P(a) hip
5. ∃x ¬P(x) @i 4
6. ⊥ ~e 2,5
7. P(a) raa 4-6
8. ∀x P(x) Ai 3-7
9. ⊥ ~e 1,8
10. ∃x ¬P(x) raa 2-9
11. ¬∀x P(x)->∃x ¬P(x) ->i 1-10","Os seguintes erros foram encontrados:

Uma das definições não está completa, verifique se todas regras foram aplicadas corretamente.
Lembre-se que uma regra de inferência sempre inicia com um número seguido de um . (linha de referência), tem uma fórmula e uma justificativa (premissa, hipóteses ou uma das regras de inferência com suas respectivas referências para fórmulas anteriores).
Erro de sintaxe:
1. ¬∀x P(x) pre
   ^ Símbolo não pertence a linguagem.
",6.418940782547,stop,885,1610
|- Ex ~B(x)->~Ax B(x),"[{'role': 'system', 'content': ""You are an expert in logic using the Natural Deduction method.\nYou will receive one first order logic problem. Your task is to prove its validity using Natural Deduction and represent the proof in a Fitch-like notation, following these formatting instructions.\n\n### FORMAT OF PROOF LINES\nEach proof line must be structured like: '<line_number>. <formula> <origin>'\n- <line_number>: sequential integer, always ending with a dot ('1.', '2.', '3.', ...)\n- <formula>: the formula derived on that line\n- <origin>: either 'pre' (premise), 'hip' (hypothesis) or '<rule_name> <line_refs>'\n - <rule_name> and <line_refs>: \n - &e (1 line) \n - &i (2 lines) \n - ->e (2 lines) \n - ->i (1 range) \n - ~e (2 lines) \n - ~i (1 range) \n - |e (1 line + 2 ranges) \n - |i (1 line) \n - @e (1 line) \n - raa (1 range) \n - copy (1 line) \n - Ae (1 line)\n - Ai (1 range)\n - Ee (1 line + 1 range)\n - Ei (1 line)\n - <line_refs>: Must be comma-separated line numbers or ranges. Ranges denote subproofs (e.g., `->i 8-12`, `|e 4, 5-9, 10-14`)\n\n### SUBPROOFS / HYPOTHESES\nUse subproofs for hypotheses. Use curly braces '{' and '}' to open and close subproofs. \nPlace `{` immediately after the line number (e.g. '8.{ A|B hip') and `}` at the end of the final line of the subproof (e.g. '10. B @e 4}').\nNested subproofs are allowed. But a formula may only be used at a specific point if it appeared earlier in the same subproof or an outer subproof to the current subproof.\n\n### SYMBOLS & CONVENTIONS\nUse the following symbols for logical operations: \n- & = conjunction (and) \n- | = disjunction (or) \n- ~ = negation (not) \n- -> = implication (implies)\n\nQuantifiers symbols: \n Ax represents ∀x \n Ex represents ∃x\nSo formulas with ∀x and ∃x will be represented by Ax and Ex (A and E followed by the variable x). For example, Ax (H(x)->M(x)) represents ∀x (H(x)→M(x)).\n\n###CONVENTIONS\nAtoms: only uppercase letters not immediately followed by parentesis (e.g. P, Q, R).\nPredicates: uppercase letters immediately followed by parentesis (e.g. H(x), M(y), Q(a,b) ). All predicates must use parentheses.\nVariables: first letter in lowercase, can be followed by letters and numbers (e.g., x, x0, xP0).\n\n### TO CREATE NEW VARIABLE:\nFor Universal Introduction rule(Ai): open a subproof with a fresh variable not occurring in any open hypothesis.\nCreate new variable like this: '<line_number>. { <new_variable> '\n\nFor Existential Elimination rule(Ee): open a subproof with a fresh witness constant/variable. \nCreate new variable like this: '<line_number>. {<new_variable> φ[<old_variable>/<new_variable>] hip\n  Write only the final proof in <proof>...</proof> tags. Only use <proof>...</proof> tags ONCE. Only use these symbols inside the proof '&' , '->', '~', '|', '@', '(', ')', '{', '}', 'Ax', 'Ex'.\nDo not include explanations, commentary, or extra text inside and outside the <proof>...</proof> tags.\n ""}, {'role': 'user', 'content': ""Prove'|- Ex ~B(x)->~Ax B(x)' using the natural deduction method. Only one final answer, surrounded by <proof>...</proof>, using the notation described.""}]","<proof>
1. Ex ~P(x) hip
2.{ Ax P(x) hip
3.{ ~P(a) hip (Ee 1)
4. P(a) (Ae 2)
5. ⊥ (~e 3,4)
} 
6. ~Ax P(x) (~i 2-5)
}
7. Ex ~P(x)->~Ax P(x) (->i 1-6)
</proof>","1. Ex ~P(x) hip
2.{ Ax P(x) hip
3.{ ~P(a) hip (Ee 1)
4. P(a) (Ae 2)
5. ⊥ (~e 3,4)
} 
6. ~Ax P(x) (~i 2-5)
}
7. Ex ~P(x)->~Ax P(x) (->i 1-6)","Os seguintes erros foram encontrados:

Uma das definições não está completa, verifique se todas regras foram aplicadas corretamente.
Lembre-se que uma regra de inferência sempre inicia com um número seguido de um . (linha de referência), tem uma fórmula e uma justificativa (premissa, hipóteses ou uma das regras de inferência com suas respectivas referências para fórmulas anteriores).
Erro de sintaxe:
3.{ ~P(a) hip (Ee 1)
              ^
",3.70940732955933,stop,885,1021
|- ~Ex B(x)->Ax ~B(x),"[{'role': 'system', 'content': ""You are an expert in logic using the Natural Deduction method.\nYou will receive one first order logic problem. Your task is to prove its validity using Natural Deduction and represent the proof in a Fitch-like notation, following these formatting instructions.\n\n### FORMAT OF PROOF LINES\nEach proof line must be structured like: '<line_number>. <formula> <origin>'\n- <line_number>: sequential integer, always ending with a dot ('1.', '2.', '3.', ...)\n- <formula>: the formula derived on that line\n- <origin>: either 'pre' (premise), 'hip' (hypothesis) or '<rule_name> <line_refs>'\n - <rule_name> and <line_refs>: \n - &e (1 line) \n - &i (2 lines) \n - ->e (2 lines) \n - ->i (1 range) \n - ~e (2 lines) \n - ~i (1 range) \n - |e (1 line + 2 ranges) \n - |i (1 line) \n - @e (1 line) \n - raa (1 range) \n - copy (1 line) \n - Ae (1 line)\n - Ai (1 range)\n - Ee (1 line + 1 range)\n - Ei (1 line)\n - <line_refs>: Must be comma-separated line numbers or ranges. Ranges denote subproofs (e.g., `->i 8-12`, `|e 4, 5-9, 10-14`)\n\n### SUBPROOFS / HYPOTHESES\nUse subproofs for hypotheses. Use curly braces '{' and '}' to open and close subproofs. \nPlace `{` immediately after the line number (e.g. '8.{ A|B hip') and `}` at the end of the final line of the subproof (e.g. '10. B @e 4}').\nNested subproofs are allowed. But a formula may only be used at a specific point if it appeared earlier in the same subproof or an outer subproof to the current subproof.\n\n### SYMBOLS & CONVENTIONS\nUse the following symbols for logical operations: \n- & = conjunction (and) \n- | = disjunction (or) \n- ~ = negation (not) \n- -> = implication (implies)\n\nQuantifiers symbols: \n Ax represents ∀x \n Ex represents ∃x\nSo formulas with ∀x and ∃x will be represented by Ax and Ex (A and E followed by the variable x). For example, Ax (H(x)->M(x)) represents ∀x (H(x)→M(x)).\n\n###CONVENTIONS\nAtoms: only uppercase letters not immediately followed by parentesis (e.g. P, Q, R).\nPredicates: uppercase letters immediately followed by parentesis (e.g. H(x), M(y), Q(a,b) ). All predicates must use parentheses.\nVariables: first letter in lowercase, can be followed by letters and numbers (e.g., x, x0, xP0).\n\n### TO CREATE NEW VARIABLE:\nFor Universal Introduction rule(Ai): open a subproof with a fresh variable not occurring in any open hypothesis.\nCreate new variable like this: '<line_number>. { <new_variable> '\n\nFor Existential Elimination rule(Ee): open a subproof with a fresh witness constant/variable. \nCreate new variable like this: '<line_number>. {<new_variable> φ[<old_variable>/<new_variable>] hip\n  Write only the final proof in <proof>...</proof> tags. Only use <proof>...</proof> tags ONCE. Only use these symbols inside the proof '&' , '->', '~', '|', '@', '(', ')', '{', '}', 'Ax', 'Ex'.\nDo not include explanations, commentary, or extra text inside and outside the <proof>...</proof> tags.\n ""}, {'role': 'user', 'content': ""Prove'|- ~Ex B(x)->Ax ~B(x)' using the natural deduction method. Only one final answer, surrounded by <proof>...</proof>, using the notation described.""}]","<proof>
1. ~Ex P(x) pre
2.{ a 
3. { P(a) hip
4. Ex P(x) @e 3
5. ~Ex P(x) pre
6. ⊥ ~e 4,5
7. ~P(a) raa 3-6
8. } (close inner)
9. Ax ~P(x) Ai 2-7
10. } (close outer)
11. ~Ex P(x)->Ax ~P(x) ->i 1-10
</proof>","1. ~Ex P(x) pre
2.{ a 
3. { P(a) hip
4. Ex P(x) @e 3
5. ~Ex P(x) pre
6. ⊥ ~e 4,5
7. ~P(a) raa 3-6
8. } (close inner)
9. Ax ~P(x) Ai 2-7
10. } (close outer)
11. ~Ex P(x)->Ax ~P(x) ->i 1-10","Os seguintes erros foram encontrados:

Uma das definições não está completa, verifique se todas regras foram aplicadas corretamente.
Lembre-se que uma regra de inferência sempre inicia com um número seguido de um . (linha de referência), tem uma fórmula e uma justificativa (premissa, hipóteses ou uma das regras de inferência com suas respectivas referências para fórmulas anteriores).
Erro de sintaxe:
6. ⊥ ~e 4,5
   ^ Símbolo não pertence a linguagem.
",4.68512153625488,stop,885,1267
|- Ax ~B(x)->~Ex B(x),"[{'role': 'system', 'content': ""You are an expert in logic using the Natural Deduction method.\nYou will receive one first order logic problem. Your task is to prove its validity using Natural Deduction and represent the proof in a Fitch-like notation, following these formatting instructions.\n\n### FORMAT OF PROOF LINES\nEach proof line must be structured like: '<line_number>. <formula> <origin>'\n- <line_number>: sequential integer, always ending with a dot ('1.', '2.', '3.', ...)\n- <formula>: the formula derived on that line\n- <origin>: either 'pre' (premise), 'hip' (hypothesis) or '<rule_name> <line_refs>'\n - <rule_name> and <line_refs>: \n - &e (1 line) \n - &i (2 lines) \n - ->e (2 lines) \n - ->i (1 range) \n - ~e (2 lines) \n - ~i (1 range) \n - |e (1 line + 2 ranges) \n - |i (1 line) \n - @e (1 line) \n - raa (1 range) \n - copy (1 line) \n - Ae (1 line)\n - Ai (1 range)\n - Ee (1 line + 1 range)\n - Ei (1 line)\n - <line_refs>: Must be comma-separated line numbers or ranges. Ranges denote subproofs (e.g., `->i 8-12`, `|e 4, 5-9, 10-14`)\n\n### SUBPROOFS / HYPOTHESES\nUse subproofs for hypotheses. Use curly braces '{' and '}' to open and close subproofs. \nPlace `{` immediately after the line number (e.g. '8.{ A|B hip') and `}` at the end of the final line of the subproof (e.g. '10. B @e 4}').\nNested subproofs are allowed. But a formula may only be used at a specific point if it appeared earlier in the same subproof or an outer subproof to the current subproof.\n\n### SYMBOLS & CONVENTIONS\nUse the following symbols for logical operations: \n- & = conjunction (and) \n- | = disjunction (or) \n- ~ = negation (not) \n- -> = implication (implies)\n\nQuantifiers symbols: \n Ax represents ∀x \n Ex represents ∃x\nSo formulas with ∀x and ∃x will be represented by Ax and Ex (A and E followed by the variable x). For example, Ax (H(x)->M(x)) represents ∀x (H(x)→M(x)).\n\n###CONVENTIONS\nAtoms: only uppercase letters not immediately followed by parentesis (e.g. P, Q, R).\nPredicates: uppercase letters immediately followed by parentesis (e.g. H(x), M(y), Q(a,b) ). All predicates must use parentheses.\nVariables: first letter in lowercase, can be followed by letters and numbers (e.g., x, x0, xP0).\n\n### TO CREATE NEW VARIABLE:\nFor Universal Introduction rule(Ai): open a subproof with a fresh variable not occurring in any open hypothesis.\nCreate new variable like this: '<line_number>. { <new_variable> '\n\nFor Existential Elimination rule(Ee): open a subproof with a fresh witness constant/variable. \nCreate new variable like this: '<line_number>. {<new_variable> φ[<old_variable>/<new_variable>] hip\n  Write only the final proof in <proof>...</proof> tags. Only use <proof>...</proof> tags ONCE. Only use these symbols inside the proof '&' , '->', '~', '|', '@', '(', ')', '{', '}', 'Ax', 'Ex'.\nDo not include explanations, commentary, or extra text inside and outside the <proof>...</proof> tags.\n ""}, {'role': 'user', 'content': ""Prove'|- Ax ~B(x)->~Ex B(x)' using the natural deduction method. Only one final answer, surrounded by <proof>...</proof>, using the notation described.""}]","<proof>
1. { Ax ~P(x) hip
2.   { Ex P(x) hip
3.     { P(a) hip  (from 2 via Ee)
4.     ~P(a)       (from 1 via AxE)
5.     ⊥           (~e 3,4)
6.   } ¬Ex P(x)    (~i 2-5)
7. } Ax ~P(x)->~Ex P(x) (->i 1-6)
</proof>","1. { Ax ~P(x) hip
2.   { Ex P(x) hip
3.     { P(a) hip  (from 2 via Ee)
4.     ~P(a)       (from 1 via AxE)
5.     ⊥           (~e 3,4)
6.   } ¬Ex P(x)    (~i 2-5)
7. } Ax ~P(x)->~Ex P(x) (->i 1-6)","Os seguintes erros foram encontrados:

Uma das definições não está completa, verifique se todas regras foram aplicadas corretamente.
Lembre-se que uma regra de inferência sempre inicia com um número seguido de um . (linha de referência), tem uma fórmula e uma justificativa (premissa, hipóteses ou uma das regras de inferência com suas respectivas referências para fórmulas anteriores).
Erro de sintaxe:
3.     { P(a) hip  (from 2 via Ee)
                   ^
",2.41453957557678,stop,885,640
|- Ex (B(x)&C)->(Ex B(x)&C),"[{'role': 'system', 'content': ""You are an expert in logic using the Natural Deduction method.\nYou will receive one first order logic problem. Your task is to prove its validity using Natural Deduction and represent the proof in a Fitch-like notation, following these formatting instructions.\n\n### FORMAT OF PROOF LINES\nEach proof line must be structured like: '<line_number>. <formula> <origin>'\n- <line_number>: sequential integer, always ending with a dot ('1.', '2.', '3.', ...)\n- <formula>: the formula derived on that line\n- <origin>: either 'pre' (premise), 'hip' (hypothesis) or '<rule_name> <line_refs>'\n - <rule_name> and <line_refs>: \n - &e (1 line) \n - &i (2 lines) \n - ->e (2 lines) \n - ->i (1 range) \n - ~e (2 lines) \n - ~i (1 range) \n - |e (1 line + 2 ranges) \n - |i (1 line) \n - @e (1 line) \n - raa (1 range) \n - copy (1 line) \n - Ae (1 line)\n - Ai (1 range)\n - Ee (1 line + 1 range)\n - Ei (1 line)\n - <line_refs>: Must be comma-separated line numbers or ranges. Ranges denote subproofs (e.g., `->i 8-12`, `|e 4, 5-9, 10-14`)\n\n### SUBPROOFS / HYPOTHESES\nUse subproofs for hypotheses. Use curly braces '{' and '}' to open and close subproofs. \nPlace `{` immediately after the line number (e.g. '8.{ A|B hip') and `}` at the end of the final line of the subproof (e.g. '10. B @e 4}').\nNested subproofs are allowed. But a formula may only be used at a specific point if it appeared earlier in the same subproof or an outer subproof to the current subproof.\n\n### SYMBOLS & CONVENTIONS\nUse the following symbols for logical operations: \n- & = conjunction (and) \n- | = disjunction (or) \n- ~ = negation (not) \n- -> = implication (implies)\n\nQuantifiers symbols: \n Ax represents ∀x \n Ex represents ∃x\nSo formulas with ∀x and ∃x will be represented by Ax and Ex (A and E followed by the variable x). For example, Ax (H(x)->M(x)) represents ∀x (H(x)→M(x)).\n\n###CONVENTIONS\nAtoms: only uppercase letters not immediately followed by parentesis (e.g. P, Q, R).\nPredicates: uppercase letters immediately followed by parentesis (e.g. H(x), M(y), Q(a,b) ). All predicates must use parentheses.\nVariables: first letter in lowercase, can be followed by letters and numbers (e.g., x, x0, xP0).\n\n### TO CREATE NEW VARIABLE:\nFor Universal Introduction rule(Ai): open a subproof with a fresh variable not occurring in any open hypothesis.\nCreate new variable like this: '<line_number>. { <new_variable> '\n\nFor Existential Elimination rule(Ee): open a subproof with a fresh witness constant/variable. \nCreate new variable like this: '<line_number>. {<new_variable> φ[<old_variable>/<new_variable>] hip\n  Write only the final proof in <proof>...</proof> tags. Only use <proof>...</proof> tags ONCE. Only use these symbols inside the proof '&' , '->', '~', '|', '@', '(', ')', '{', '}', 'Ax', 'Ex'.\nDo not include explanations, commentary, or extra text inside and outside the <proof>...</proof> tags.\n ""}, {'role': 'user', 'content': ""Prove'|- Ex (B(x)&C)->(Ex B(x)&C)' using the natural deduction method. Only one final answer, surrounded by <proof>...</proof>, using the notation described.""}]","<proof>
1. ∃x (P(x)&Q) pre
2.{ a
3. P(a)&Q hip
4. P(a) &e 3
5. Q &e 3
6. ∃x P(x) @i 4
7. (∃x P(x)) & Q |i 6,5}
8. (∃x P(x)) & Q @e 1,3-7
</proof>","1. ∃x (P(x)&Q) pre
2.{ a
3. P(a)&Q hip
4. P(a) &e 3
5. Q &e 3
6. ∃x P(x) @i 4
7. (∃x P(x)) & Q |i 6,5}
8. (∃x P(x)) & Q @e 1,3-7","Os seguintes erros foram encontrados:

Uma das definições não está completa, verifique se todas regras foram aplicadas corretamente.
Lembre-se que uma regra de inferência sempre inicia com um número seguido de um . (linha de referência), tem uma fórmula e uma justificativa (premissa, hipóteses ou uma das regras de inferência com suas respectivas referências para fórmulas anteriores).
Erro de sintaxe:
1. ∃x (P(x)&Q) pre
   ^ Símbolo não pertence a linguagem.
",4.71938824653626,stop,889,1276
|- Ax (B(x)|C)->(Ax B(x)|C),"[{'role': 'system', 'content': ""You are an expert in logic using the Natural Deduction method.\nYou will receive one first order logic problem. Your task is to prove its validity using Natural Deduction and represent the proof in a Fitch-like notation, following these formatting instructions.\n\n### FORMAT OF PROOF LINES\nEach proof line must be structured like: '<line_number>. <formula> <origin>'\n- <line_number>: sequential integer, always ending with a dot ('1.', '2.', '3.', ...)\n- <formula>: the formula derived on that line\n- <origin>: either 'pre' (premise), 'hip' (hypothesis) or '<rule_name> <line_refs>'\n - <rule_name> and <line_refs>: \n - &e (1 line) \n - &i (2 lines) \n - ->e (2 lines) \n - ->i (1 range) \n - ~e (2 lines) \n - ~i (1 range) \n - |e (1 line + 2 ranges) \n - |i (1 line) \n - @e (1 line) \n - raa (1 range) \n - copy (1 line) \n - Ae (1 line)\n - Ai (1 range)\n - Ee (1 line + 1 range)\n - Ei (1 line)\n - <line_refs>: Must be comma-separated line numbers or ranges. Ranges denote subproofs (e.g., `->i 8-12`, `|e 4, 5-9, 10-14`)\n\n### SUBPROOFS / HYPOTHESES\nUse subproofs for hypotheses. Use curly braces '{' and '}' to open and close subproofs. \nPlace `{` immediately after the line number (e.g. '8.{ A|B hip') and `}` at the end of the final line of the subproof (e.g. '10. B @e 4}').\nNested subproofs are allowed. But a formula may only be used at a specific point if it appeared earlier in the same subproof or an outer subproof to the current subproof.\n\n### SYMBOLS & CONVENTIONS\nUse the following symbols for logical operations: \n- & = conjunction (and) \n- | = disjunction (or) \n- ~ = negation (not) \n- -> = implication (implies)\n\nQuantifiers symbols: \n Ax represents ∀x \n Ex represents ∃x\nSo formulas with ∀x and ∃x will be represented by Ax and Ex (A and E followed by the variable x). For example, Ax (H(x)->M(x)) represents ∀x (H(x)→M(x)).\n\n###CONVENTIONS\nAtoms: only uppercase letters not immediately followed by parentesis (e.g. P, Q, R).\nPredicates: uppercase letters immediately followed by parentesis (e.g. H(x), M(y), Q(a,b) ). All predicates must use parentheses.\nVariables: first letter in lowercase, can be followed by letters and numbers (e.g., x, x0, xP0).\n\n### TO CREATE NEW VARIABLE:\nFor Universal Introduction rule(Ai): open a subproof with a fresh variable not occurring in any open hypothesis.\nCreate new variable like this: '<line_number>. { <new_variable> '\n\nFor Existential Elimination rule(Ee): open a subproof with a fresh witness constant/variable. \nCreate new variable like this: '<line_number>. {<new_variable> φ[<old_variable>/<new_variable>] hip\n  Write only the final proof in <proof>...</proof> tags. Only use <proof>...</proof> tags ONCE. Only use these symbols inside the proof '&' , '->', '~', '|', '@', '(', ')', '{', '}', 'Ax', 'Ex'.\nDo not include explanations, commentary, or extra text inside and outside the <proof>...</proof> tags.\n ""}, {'role': 'user', 'content': ""Prove'|- Ax (B(x)|C)->(Ax B(x)|C)' using the natural deduction method. Only one final answer, surrounded by <proof>...</proof>, using the notation described.""}]","<proof>
1. Ax(P(x)|Q) pre
2. { ¬(AxP(x)|Q) hip
3.   { Q hip
4.     (AxP(x)|Q) |i 3
5.     ⊥ raa 3-4
6.   ¬Q ~e 3-5
7.   { ∀x P(x) hip
8.     (AxP(x)|Q) |i 7
9.     ⊥ raa 7-8
10.  ¬∀x P(x) ~e 7-9
11.  { ¬∃x ¬P(x) hip
12.    { z
13.      { ¬P(z) hip
14.        ∃x ¬P(x) Ex 13
15.        ⊥ raa 13-14
16.      P(z) ~e 13-15
17.    ∀x P(x) Ai 12-16
18.    ⊥ raa 10-17
19.  ∃x ¬P(x) raa 11-18
20.  { a
21.    ¬P(a) hip
22.    P(a)|Q 1 @e 20
23.    { ¬Q hip
24.      { P(a) hip
25.        ⊥ raa 21-24
26.      } 
27.      { Q hip
28.        ⊥ raa 23-27
29.      }
30.      ⊥ raa 23-29
31.    Q ~e 23-30
32.    (AxP(x)|Q) |i 31
33.  } 
34. (AxP(x)|Q) @e 20
35. (∀x P(x)|Q) |i 34
36. Ax(P(x)|Q)->(∀x P(x)|Q) ->i 1-35
</proof>","1. Ax(P(x)|Q) pre
2. { ¬(AxP(x)|Q) hip
3.   { Q hip
4.     (AxP(x)|Q) |i 3
5.     ⊥ raa 3-4
6.   ¬Q ~e 3-5
7.   { ∀x P(x) hip
8.     (AxP(x)|Q) |i 7
9.     ⊥ raa 7-8
10.  ¬∀x P(x) ~e 7-9
11.  { ¬∃x ¬P(x) hip
12.    { z
13.      { ¬P(z) hip
14.        ∃x ¬P(x) Ex 13
15.        ⊥ raa 13-14
16.      P(z) ~e 13-15
17.    ∀x P(x) Ai 12-16
18.    ⊥ raa 10-17
19.  ∃x ¬P(x) raa 11-18
20.  { a
21.    ¬P(a) hip
22.    P(a)|Q 1 @e 20
23.    { ¬Q hip
24.      { P(a) hip
25.        ⊥ raa 21-24
26.      } 
27.      { Q hip
28.        ⊥ raa 23-27
29.      }
30.      ⊥ raa 23-29
31.    Q ~e 23-30
32.    (AxP(x)|Q) |i 31
33.  } 
34. (AxP(x)|Q) @e 20
35. (∀x P(x)|Q) |i 34
36. Ax(P(x)|Q)->(∀x P(x)|Q) ->i 1-35","Os seguintes erros foram encontrados:

Uma das definições não está completa, verifique se todas regras foram aplicadas corretamente.
Lembre-se que uma regra de inferência sempre inicia com um número seguido de um . (linha de referência), tem uma fórmula e uma justificativa (premissa, hipóteses ou uma das regras de inferência com suas respectivas referências para fórmulas anteriores).
Erro de sintaxe:
2. { ¬(AxP(x)|Q) hip
     ^ Símbolo não pertence a linguagem.
",10.4760842323303,stop,889,2685
|- (Ax B(x)->C)->Ex (B(x)->C),"[{'role': 'system', 'content': ""You are an expert in logic using the Natural Deduction method.\nYou will receive one first order logic problem. Your task is to prove its validity using Natural Deduction and represent the proof in a Fitch-like notation, following these formatting instructions.\n\n### FORMAT OF PROOF LINES\nEach proof line must be structured like: '<line_number>. <formula> <origin>'\n- <line_number>: sequential integer, always ending with a dot ('1.', '2.', '3.', ...)\n- <formula>: the formula derived on that line\n- <origin>: either 'pre' (premise), 'hip' (hypothesis) or '<rule_name> <line_refs>'\n - <rule_name> and <line_refs>: \n - &e (1 line) \n - &i (2 lines) \n - ->e (2 lines) \n - ->i (1 range) \n - ~e (2 lines) \n - ~i (1 range) \n - |e (1 line + 2 ranges) \n - |i (1 line) \n - @e (1 line) \n - raa (1 range) \n - copy (1 line) \n - Ae (1 line)\n - Ai (1 range)\n - Ee (1 line + 1 range)\n - Ei (1 line)\n - <line_refs>: Must be comma-separated line numbers or ranges. Ranges denote subproofs (e.g., `->i 8-12`, `|e 4, 5-9, 10-14`)\n\n### SUBPROOFS / HYPOTHESES\nUse subproofs for hypotheses. Use curly braces '{' and '}' to open and close subproofs. \nPlace `{` immediately after the line number (e.g. '8.{ A|B hip') and `}` at the end of the final line of the subproof (e.g. '10. B @e 4}').\nNested subproofs are allowed. But a formula may only be used at a specific point if it appeared earlier in the same subproof or an outer subproof to the current subproof.\n\n### SYMBOLS & CONVENTIONS\nUse the following symbols for logical operations: \n- & = conjunction (and) \n- | = disjunction (or) \n- ~ = negation (not) \n- -> = implication (implies)\n\nQuantifiers symbols: \n Ax represents ∀x \n Ex represents ∃x\nSo formulas with ∀x and ∃x will be represented by Ax and Ex (A and E followed by the variable x). For example, Ax (H(x)->M(x)) represents ∀x (H(x)→M(x)).\n\n###CONVENTIONS\nAtoms: only uppercase letters not immediately followed by parentesis (e.g. P, Q, R).\nPredicates: uppercase letters immediately followed by parentesis (e.g. H(x), M(y), Q(a,b) ). All predicates must use parentheses.\nVariables: first letter in lowercase, can be followed by letters and numbers (e.g., x, x0, xP0).\n\n### TO CREATE NEW VARIABLE:\nFor Universal Introduction rule(Ai): open a subproof with a fresh variable not occurring in any open hypothesis.\nCreate new variable like this: '<line_number>. { <new_variable> '\n\nFor Existential Elimination rule(Ee): open a subproof with a fresh witness constant/variable. \nCreate new variable like this: '<line_number>. {<new_variable> φ[<old_variable>/<new_variable>] hip\n  Write only the final proof in <proof>...</proof> tags. Only use <proof>...</proof> tags ONCE. Only use these symbols inside the proof '&' , '->', '~', '|', '@', '(', ')', '{', '}', 'Ax', 'Ex'.\nDo not include explanations, commentary, or extra text inside and outside the <proof>...</proof> tags.\n ""}, {'role': 'user', 'content': ""Prove'|- (Ax B(x)->C)->Ex (B(x)->C)' using the natural deduction method. Only one final answer, surrounded by <proof>...</proof>, using the notation described.""}]","<proof>
1.{ Ax(P(x)->Q) hip
2. P(c)->Q AxE 1
3. ∃x (P(x)->Q) ExI 2 }
4. (Ax(P(x)->Q))->∃x (P(x)->Q) ->i 1-3
</proof>","1.{ Ax(P(x)->Q) hip
2. P(c)->Q AxE 1
3. ∃x (P(x)->Q) ExI 2 }
4. (Ax(P(x)->Q))->∃x (P(x)->Q) ->i 1-3","Os seguintes erros foram encontrados:

Uma das definições não está completa, verifique se todas regras foram aplicadas corretamente.
Lembre-se que uma regra de inferência sempre inicia com um número seguido de um . (linha de referência), tem uma fórmula e uma justificativa (premissa, hipóteses ou uma das regras de inferência com suas respectivas referências para fórmulas anteriores).
Erro de sintaxe:
2. P(c)->Q AxE 1
           ^
",1.9399209022522,stop,889,525
|- Ex (B->C(x))->(B->Ex C(x)),"[{'role': 'system', 'content': ""You are an expert in logic using the Natural Deduction method.\nYou will receive one first order logic problem. Your task is to prove its validity using Natural Deduction and represent the proof in a Fitch-like notation, following these formatting instructions.\n\n### FORMAT OF PROOF LINES\nEach proof line must be structured like: '<line_number>. <formula> <origin>'\n- <line_number>: sequential integer, always ending with a dot ('1.', '2.', '3.', ...)\n- <formula>: the formula derived on that line\n- <origin>: either 'pre' (premise), 'hip' (hypothesis) or '<rule_name> <line_refs>'\n - <rule_name> and <line_refs>: \n - &e (1 line) \n - &i (2 lines) \n - ->e (2 lines) \n - ->i (1 range) \n - ~e (2 lines) \n - ~i (1 range) \n - |e (1 line + 2 ranges) \n - |i (1 line) \n - @e (1 line) \n - raa (1 range) \n - copy (1 line) \n - Ae (1 line)\n - Ai (1 range)\n - Ee (1 line + 1 range)\n - Ei (1 line)\n - <line_refs>: Must be comma-separated line numbers or ranges. Ranges denote subproofs (e.g., `->i 8-12`, `|e 4, 5-9, 10-14`)\n\n### SUBPROOFS / HYPOTHESES\nUse subproofs for hypotheses. Use curly braces '{' and '}' to open and close subproofs. \nPlace `{` immediately after the line number (e.g. '8.{ A|B hip') and `}` at the end of the final line of the subproof (e.g. '10. B @e 4}').\nNested subproofs are allowed. But a formula may only be used at a specific point if it appeared earlier in the same subproof or an outer subproof to the current subproof.\n\n### SYMBOLS & CONVENTIONS\nUse the following symbols for logical operations: \n- & = conjunction (and) \n- | = disjunction (or) \n- ~ = negation (not) \n- -> = implication (implies)\n\nQuantifiers symbols: \n Ax represents ∀x \n Ex represents ∃x\nSo formulas with ∀x and ∃x will be represented by Ax and Ex (A and E followed by the variable x). For example, Ax (H(x)->M(x)) represents ∀x (H(x)→M(x)).\n\n###CONVENTIONS\nAtoms: only uppercase letters not immediately followed by parentesis (e.g. P, Q, R).\nPredicates: uppercase letters immediately followed by parentesis (e.g. H(x), M(y), Q(a,b) ). All predicates must use parentheses.\nVariables: first letter in lowercase, can be followed by letters and numbers (e.g., x, x0, xP0).\n\n### TO CREATE NEW VARIABLE:\nFor Universal Introduction rule(Ai): open a subproof with a fresh variable not occurring in any open hypothesis.\nCreate new variable like this: '<line_number>. { <new_variable> '\n\nFor Existential Elimination rule(Ee): open a subproof with a fresh witness constant/variable. \nCreate new variable like this: '<line_number>. {<new_variable> φ[<old_variable>/<new_variable>] hip\n  Write only the final proof in <proof>...</proof> tags. Only use <proof>...</proof> tags ONCE. Only use these symbols inside the proof '&' , '->', '~', '|', '@', '(', ')', '{', '}', 'Ax', 'Ex'.\nDo not include explanations, commentary, or extra text inside and outside the <proof>...</proof> tags.\n ""}, {'role': 'user', 'content': ""Prove'|- Ex (B->C(x))->(B->Ex C(x))' using the natural deduction method. Only one final answer, surrounded by <proof>...</proof>, using the notation described.""}]","<proof>
1. ∃x (P -> Q(x)) pre
2. { P hip
3.   { a (P->Q(a)) Ee 1
4.     Q(a) ->e 2,3
5.     ∃x Q(x) @i 4
6.   }
7.   ∃x Q(x) Ee 3-5
8. }
9. P -> ∃x Q(x) ->i 2-8
10. ∃x (P->Q(x)) -> (P->∃x Q(x)) ->i 1-9
</proof>","1. ∃x (P -> Q(x)) pre
2. { P hip
3.   { a (P->Q(a)) Ee 1
4.     Q(a) ->e 2,3
5.     ∃x Q(x) @i 4
6.   }
7.   ∃x Q(x) Ee 3-5
8. }
9. P -> ∃x Q(x) ->i 2-8
10. ∃x (P->Q(x)) -> (P->∃x Q(x)) ->i 1-9","Os seguintes erros foram encontrados:

Uma das definições não está completa, verifique se todas regras foram aplicadas corretamente.
Lembre-se que uma regra de inferência sempre inicia com um número seguido de um . (linha de referência), tem uma fórmula e uma justificativa (premissa, hipóteses ou uma das regras de inferência com suas respectivas referências para fórmulas anteriores).
Erro de sintaxe:
1. ∃x (P -> Q(x)) pre
   ^ Símbolo não pertence a linguagem.
",3.22830581665039,stop,890,868
|- (B->Ex C(x))->Ex (B->C(x)),"[{'role': 'system', 'content': ""You are an expert in logic using the Natural Deduction method.\nYou will receive one first order logic problem. Your task is to prove its validity using Natural Deduction and represent the proof in a Fitch-like notation, following these formatting instructions.\n\n### FORMAT OF PROOF LINES\nEach proof line must be structured like: '<line_number>. <formula> <origin>'\n- <line_number>: sequential integer, always ending with a dot ('1.', '2.', '3.', ...)\n- <formula>: the formula derived on that line\n- <origin>: either 'pre' (premise), 'hip' (hypothesis) or '<rule_name> <line_refs>'\n - <rule_name> and <line_refs>: \n - &e (1 line) \n - &i (2 lines) \n - ->e (2 lines) \n - ->i (1 range) \n - ~e (2 lines) \n - ~i (1 range) \n - |e (1 line + 2 ranges) \n - |i (1 line) \n - @e (1 line) \n - raa (1 range) \n - copy (1 line) \n - Ae (1 line)\n - Ai (1 range)\n - Ee (1 line + 1 range)\n - Ei (1 line)\n - <line_refs>: Must be comma-separated line numbers or ranges. Ranges denote subproofs (e.g., `->i 8-12`, `|e 4, 5-9, 10-14`)\n\n### SUBPROOFS / HYPOTHESES\nUse subproofs for hypotheses. Use curly braces '{' and '}' to open and close subproofs. \nPlace `{` immediately after the line number (e.g. '8.{ A|B hip') and `}` at the end of the final line of the subproof (e.g. '10. B @e 4}').\nNested subproofs are allowed. But a formula may only be used at a specific point if it appeared earlier in the same subproof or an outer subproof to the current subproof.\n\n### SYMBOLS & CONVENTIONS\nUse the following symbols for logical operations: \n- & = conjunction (and) \n- | = disjunction (or) \n- ~ = negation (not) \n- -> = implication (implies)\n\nQuantifiers symbols: \n Ax represents ∀x \n Ex represents ∃x\nSo formulas with ∀x and ∃x will be represented by Ax and Ex (A and E followed by the variable x). For example, Ax (H(x)->M(x)) represents ∀x (H(x)→M(x)).\n\n###CONVENTIONS\nAtoms: only uppercase letters not immediately followed by parentesis (e.g. P, Q, R).\nPredicates: uppercase letters immediately followed by parentesis (e.g. H(x), M(y), Q(a,b) ). All predicates must use parentheses.\nVariables: first letter in lowercase, can be followed by letters and numbers (e.g., x, x0, xP0).\n\n### TO CREATE NEW VARIABLE:\nFor Universal Introduction rule(Ai): open a subproof with a fresh variable not occurring in any open hypothesis.\nCreate new variable like this: '<line_number>. { <new_variable> '\n\nFor Existential Elimination rule(Ee): open a subproof with a fresh witness constant/variable. \nCreate new variable like this: '<line_number>. {<new_variable> φ[<old_variable>/<new_variable>] hip\n  Write only the final proof in <proof>...</proof> tags. Only use <proof>...</proof> tags ONCE. Only use these symbols inside the proof '&' , '->', '~', '|', '@', '(', ')', '{', '}', 'Ax', 'Ex'.\nDo not include explanations, commentary, or extra text inside and outside the <proof>...</proof> tags.\n ""}, {'role': 'user', 'content': ""Prove'|- (B->Ex C(x))->Ex (B->C(x))' using the natural deduction method. Only one final answer, surrounded by <proof>...</proof>, using the notation described.""}]","<proof>
1. (P->∃x Q(x)) pre
2.{ P hip
3.   4. ∃x Q(x) ->e 1,2
5.   { Q(a) hip
6.     7. P->Q(a) ->i 2-6
8.     9. ∃x(P->Q(x)) ∃i 7}
10.   11. ∃x(P->Q(x)) }
12. (P->∃x Q(x)) -> ∃x(P->Q(x)) ->i 2-11
</proof>","1. (P->∃x Q(x)) pre
2.{ P hip
3.   4. ∃x Q(x) ->e 1,2
5.   { Q(a) hip
6.     7. P->Q(a) ->i 2-6
8.     9. ∃x(P->Q(x)) ∃i 7}
10.   11. ∃x(P->Q(x)) }
12. (P->∃x Q(x)) -> ∃x(P->Q(x)) ->i 2-11","Os seguintes erros foram encontrados:

Uma das definições não está completa, verifique se todas regras foram aplicadas corretamente.
Lembre-se que uma regra de inferência sempre inicia com um número seguido de um . (linha de referência), tem uma fórmula e uma justificativa (premissa, hipóteses ou uma das regras de inferência com suas respectivas referências para fórmulas anteriores).
Erro de sintaxe:
1. (P->∃x Q(x)) pre
       ^ Símbolo não pertence a linguagem.
",7.29457926750183,stop,890,1949
|- Ex (B(x)->Ax B(x)),"[{'role': 'system', 'content': ""You are an expert in logic using the Natural Deduction method.\nYou will receive one first order logic problem. Your task is to prove its validity using Natural Deduction and represent the proof in a Fitch-like notation, following these formatting instructions.\n\n### FORMAT OF PROOF LINES\nEach proof line must be structured like: '<line_number>. <formula> <origin>'\n- <line_number>: sequential integer, always ending with a dot ('1.', '2.', '3.', ...)\n- <formula>: the formula derived on that line\n- <origin>: either 'pre' (premise), 'hip' (hypothesis) or '<rule_name> <line_refs>'\n - <rule_name> and <line_refs>: \n - &e (1 line) \n - &i (2 lines) \n - ->e (2 lines) \n - ->i (1 range) \n - ~e (2 lines) \n - ~i (1 range) \n - |e (1 line + 2 ranges) \n - |i (1 line) \n - @e (1 line) \n - raa (1 range) \n - copy (1 line) \n - Ae (1 line)\n - Ai (1 range)\n - Ee (1 line + 1 range)\n - Ei (1 line)\n - <line_refs>: Must be comma-separated line numbers or ranges. Ranges denote subproofs (e.g., `->i 8-12`, `|e 4, 5-9, 10-14`)\n\n### SUBPROOFS / HYPOTHESES\nUse subproofs for hypotheses. Use curly braces '{' and '}' to open and close subproofs. \nPlace `{` immediately after the line number (e.g. '8.{ A|B hip') and `}` at the end of the final line of the subproof (e.g. '10. B @e 4}').\nNested subproofs are allowed. But a formula may only be used at a specific point if it appeared earlier in the same subproof or an outer subproof to the current subproof.\n\n### SYMBOLS & CONVENTIONS\nUse the following symbols for logical operations: \n- & = conjunction (and) \n- | = disjunction (or) \n- ~ = negation (not) \n- -> = implication (implies)\n\nQuantifiers symbols: \n Ax represents ∀x \n Ex represents ∃x\nSo formulas with ∀x and ∃x will be represented by Ax and Ex (A and E followed by the variable x). For example, Ax (H(x)->M(x)) represents ∀x (H(x)→M(x)).\n\n###CONVENTIONS\nAtoms: only uppercase letters not immediately followed by parentesis (e.g. P, Q, R).\nPredicates: uppercase letters immediately followed by parentesis (e.g. H(x), M(y), Q(a,b) ). All predicates must use parentheses.\nVariables: first letter in lowercase, can be followed by letters and numbers (e.g., x, x0, xP0).\n\n### TO CREATE NEW VARIABLE:\nFor Universal Introduction rule(Ai): open a subproof with a fresh variable not occurring in any open hypothesis.\nCreate new variable like this: '<line_number>. { <new_variable> '\n\nFor Existential Elimination rule(Ee): open a subproof with a fresh witness constant/variable. \nCreate new variable like this: '<line_number>. {<new_variable> φ[<old_variable>/<new_variable>] hip\n  Write only the final proof in <proof>...</proof> tags. Only use <proof>...</proof> tags ONCE. Only use these symbols inside the proof '&' , '->', '~', '|', '@', '(', ')', '{', '}', 'Ax', 'Ex'.\nDo not include explanations, commentary, or extra text inside and outside the <proof>...</proof> tags.\n ""}, {'role': 'user', 'content': ""Prove'|- Ex (B(x)->Ax B(x))' using the natural deduction method. Only one final answer, surrounded by <proof>...</proof>, using the notation described.""}]","<proof>
    1. { 	a					hip
    2. 		P(a) | ~P(a)				|i 1
    3. 			{	P(a)			hip
    4. 				~P(a) | Ax P(a)		|i 3
    5. 				@					~e 2,3
    6. 			} 
    7. 			{	~P(a)			hip
    8. 				P(a) -> Ax P(a)		->i 7-8
    9. 			}
    10. 		P(a) -> Ax P(a)				|e 2,3-5,7-9
    11. 	Ex (P(x)->Ax P(x))			Ei 10 }
</proof>","1. { 	a					hip
    2. 		P(a) | ~P(a)				|i 1
    3. 			{	P(a)			hip
    4. 				~P(a) | Ax P(a)		|i 3
    5. 				@					~e 2,3
    6. 			} 
    7. 			{	~P(a)			hip
    8. 				P(a) -> Ax P(a)		->i 7-8
    9. 			}
    10. 		P(a) -> Ax P(a)				|e 2,3-5,7-9
    11. 	Ex (P(x)->Ax P(x))			Ei 10 }","Os seguintes erros foram encontrados:

Uma das definições não está completa, verifique se todas regras foram aplicadas corretamente.
Lembre-se que uma regra de inferência sempre inicia com um número seguido de um . (linha de referência), tem uma fórmula e uma justificativa (premissa, hipóteses ou uma das regras de inferência com suas respectivas referências para fórmulas anteriores).
Erro de sintaxe:
1. { 	a					hip
            ^
",2.08281135559082,stop,885,556
|- Ex Ay (B(x)->B(y)),"[{'role': 'system', 'content': ""You are an expert in logic using the Natural Deduction method.\nYou will receive one first order logic problem. Your task is to prove its validity using Natural Deduction and represent the proof in a Fitch-like notation, following these formatting instructions.\n\n### FORMAT OF PROOF LINES\nEach proof line must be structured like: '<line_number>. <formula> <origin>'\n- <line_number>: sequential integer, always ending with a dot ('1.', '2.', '3.', ...)\n- <formula>: the formula derived on that line\n- <origin>: either 'pre' (premise), 'hip' (hypothesis) or '<rule_name> <line_refs>'\n - <rule_name> and <line_refs>: \n - &e (1 line) \n - &i (2 lines) \n - ->e (2 lines) \n - ->i (1 range) \n - ~e (2 lines) \n - ~i (1 range) \n - |e (1 line + 2 ranges) \n - |i (1 line) \n - @e (1 line) \n - raa (1 range) \n - copy (1 line) \n - Ae (1 line)\n - Ai (1 range)\n - Ee (1 line + 1 range)\n - Ei (1 line)\n - <line_refs>: Must be comma-separated line numbers or ranges. Ranges denote subproofs (e.g., `->i 8-12`, `|e 4, 5-9, 10-14`)\n\n### SUBPROOFS / HYPOTHESES\nUse subproofs for hypotheses. Use curly braces '{' and '}' to open and close subproofs. \nPlace `{` immediately after the line number (e.g. '8.{ A|B hip') and `}` at the end of the final line of the subproof (e.g. '10. B @e 4}').\nNested subproofs are allowed. But a formula may only be used at a specific point if it appeared earlier in the same subproof or an outer subproof to the current subproof.\n\n### SYMBOLS & CONVENTIONS\nUse the following symbols for logical operations: \n- & = conjunction (and) \n- | = disjunction (or) \n- ~ = negation (not) \n- -> = implication (implies)\n\nQuantifiers symbols: \n Ax represents ∀x \n Ex represents ∃x\nSo formulas with ∀x and ∃x will be represented by Ax and Ex (A and E followed by the variable x). For example, Ax (H(x)->M(x)) represents ∀x (H(x)→M(x)).\n\n###CONVENTIONS\nAtoms: only uppercase letters not immediately followed by parentesis (e.g. P, Q, R).\nPredicates: uppercase letters immediately followed by parentesis (e.g. H(x), M(y), Q(a,b) ). All predicates must use parentheses.\nVariables: first letter in lowercase, can be followed by letters and numbers (e.g., x, x0, xP0).\n\n### TO CREATE NEW VARIABLE:\nFor Universal Introduction rule(Ai): open a subproof with a fresh variable not occurring in any open hypothesis.\nCreate new variable like this: '<line_number>. { <new_variable> '\n\nFor Existential Elimination rule(Ee): open a subproof with a fresh witness constant/variable. \nCreate new variable like this: '<line_number>. {<new_variable> φ[<old_variable>/<new_variable>] hip\n  Write only the final proof in <proof>...</proof> tags. Only use <proof>...</proof> tags ONCE. Only use these symbols inside the proof '&' , '->', '~', '|', '@', '(', ')', '{', '}', 'Ax', 'Ex'.\nDo not include explanations, commentary, or extra text inside and outside the <proof>...</proof> tags.\n ""}, {'role': 'user', 'content': ""Prove'|- Ex Ay (B(x)->B(y))' using the natural deduction method. Only one final answer, surrounded by <proof>...</proof>, using the notation described.""}]","<proof>
1. {x
2.  ∀y (P(x) -> P(y)) pre
3.  Ex ∀y (P(x)->P(y)) @e 2}
</proof>","1. {x
2.  ∀y (P(x) -> P(y)) pre
3.  Ex ∀y (P(x)->P(y)) @e 2}","Os seguintes erros foram encontrados:

Uma das definições não está completa, verifique se todas regras foram aplicadas corretamente.
Lembre-se que uma regra de inferência sempre inicia com um número seguido de um . (linha de referência), tem uma fórmula e uma justificativa (premissa, hipóteses ou uma das regras de inferência com suas respectivas referências para fórmulas anteriores).
Erro de sintaxe:
2.  ∀y (P(x) -> P(y)) pre
    ^ Símbolo não pertence a linguagem.
",2.17074513435364,stop,885,588
Ex (B(x)->C(x)) |- Ax B(x)->Ex C(x),"[{'role': 'system', 'content': ""You are an expert in logic using the Natural Deduction method.\nYou will receive one first order logic problem. Your task is to prove its validity using Natural Deduction and represent the proof in a Fitch-like notation, following these formatting instructions.\n\n### FORMAT OF PROOF LINES\nEach proof line must be structured like: '<line_number>. <formula> <origin>'\n- <line_number>: sequential integer, always ending with a dot ('1.', '2.', '3.', ...)\n- <formula>: the formula derived on that line\n- <origin>: either 'pre' (premise), 'hip' (hypothesis) or '<rule_name> <line_refs>'\n - <rule_name> and <line_refs>: \n - &e (1 line) \n - &i (2 lines) \n - ->e (2 lines) \n - ->i (1 range) \n - ~e (2 lines) \n - ~i (1 range) \n - |e (1 line + 2 ranges) \n - |i (1 line) \n - @e (1 line) \n - raa (1 range) \n - copy (1 line) \n - Ae (1 line)\n - Ai (1 range)\n - Ee (1 line + 1 range)\n - Ei (1 line)\n - <line_refs>: Must be comma-separated line numbers or ranges. Ranges denote subproofs (e.g., `->i 8-12`, `|e 4, 5-9, 10-14`)\n\n### SUBPROOFS / HYPOTHESES\nUse subproofs for hypotheses. Use curly braces '{' and '}' to open and close subproofs. \nPlace `{` immediately after the line number (e.g. '8.{ A|B hip') and `}` at the end of the final line of the subproof (e.g. '10. B @e 4}').\nNested subproofs are allowed. But a formula may only be used at a specific point if it appeared earlier in the same subproof or an outer subproof to the current subproof.\n\n### SYMBOLS & CONVENTIONS\nUse the following symbols for logical operations: \n- & = conjunction (and) \n- | = disjunction (or) \n- ~ = negation (not) \n- -> = implication (implies)\n\nQuantifiers symbols: \n Ax represents ∀x \n Ex represents ∃x\nSo formulas with ∀x and ∃x will be represented by Ax and Ex (A and E followed by the variable x). For example, Ax (H(x)->M(x)) represents ∀x (H(x)→M(x)).\n\n###CONVENTIONS\nAtoms: only uppercase letters not immediately followed by parentesis (e.g. P, Q, R).\nPredicates: uppercase letters immediately followed by parentesis (e.g. H(x), M(y), Q(a,b) ). All predicates must use parentheses.\nVariables: first letter in lowercase, can be followed by letters and numbers (e.g., x, x0, xP0).\n\n### TO CREATE NEW VARIABLE:\nFor Universal Introduction rule(Ai): open a subproof with a fresh variable not occurring in any open hypothesis.\nCreate new variable like this: '<line_number>. { <new_variable> '\n\nFor Existential Elimination rule(Ee): open a subproof with a fresh witness constant/variable. \nCreate new variable like this: '<line_number>. {<new_variable> φ[<old_variable>/<new_variable>] hip\n  Write only the final proof in <proof>...</proof> tags. Only use <proof>...</proof> tags ONCE. Only use these symbols inside the proof '&' , '->', '~', '|', '@', '(', ')', '{', '}', 'Ax', 'Ex'.\nDo not include explanations, commentary, or extra text inside and outside the <proof>...</proof> tags.\n ""}, {'role': 'user', 'content': ""Prove'Ex (B(x)->C(x)) |- Ax B(x)->Ex C(x)' using the natural deduction method. Only one final answer, surrounded by <proof>...</proof>, using the notation described.""}]","<proof>
1. ∃x (P(x)->Q(x)) pre
2. ∀x P(x) hip
3.{ a (P(a)->Q(a)) hip
4. P(a) Ax 2
5. Q(a) ->e 3,4
6. ∃x Q(x) @e 5
7. }
8. ∃x Q(x) Ee 1,3-6
9. ∀x P(x)->∃x Q(x) ->i 2-8
</proof>","1. ∃x (P(x)->Q(x)) pre
2. ∀x P(x) hip
3.{ a (P(a)->Q(a)) hip
4. P(a) Ax 2
5. Q(a) ->e 3,4
6. ∃x Q(x) @e 5
7. }
8. ∃x Q(x) Ee 1,3-6
9. ∀x P(x)->∃x Q(x) ->i 2-8","Os seguintes erros foram encontrados:

Uma das definições não está completa, verifique se todas regras foram aplicadas corretamente.
Lembre-se que uma regra de inferência sempre inicia com um número seguido de um . (linha de referência), tem uma fórmula e uma justificativa (premissa, hipóteses ou uma das regras de inferência com suas respectivas referências para fórmulas anteriores).
Erro de sintaxe:
1. ∃x (P(x)->Q(x)) pre
   ^ Símbolo não pertence a linguagem.
",4.65283560752869,stop,891,1245
"Ax (B(x)->C(x)), Ex (D(x)&B(x)) |- Ex (D(x)&C(x))","[{'role': 'system', 'content': ""You are an expert in logic using the Natural Deduction method.\nYou will receive one first order logic problem. Your task is to prove its validity using Natural Deduction and represent the proof in a Fitch-like notation, following these formatting instructions.\n\n### FORMAT OF PROOF LINES\nEach proof line must be structured like: '<line_number>. <formula> <origin>'\n- <line_number>: sequential integer, always ending with a dot ('1.', '2.', '3.', ...)\n- <formula>: the formula derived on that line\n- <origin>: either 'pre' (premise), 'hip' (hypothesis) or '<rule_name> <line_refs>'\n - <rule_name> and <line_refs>: \n - &e (1 line) \n - &i (2 lines) \n - ->e (2 lines) \n - ->i (1 range) \n - ~e (2 lines) \n - ~i (1 range) \n - |e (1 line + 2 ranges) \n - |i (1 line) \n - @e (1 line) \n - raa (1 range) \n - copy (1 line) \n - Ae (1 line)\n - Ai (1 range)\n - Ee (1 line + 1 range)\n - Ei (1 line)\n - <line_refs>: Must be comma-separated line numbers or ranges. Ranges denote subproofs (e.g., `->i 8-12`, `|e 4, 5-9, 10-14`)\n\n### SUBPROOFS / HYPOTHESES\nUse subproofs for hypotheses. Use curly braces '{' and '}' to open and close subproofs. \nPlace `{` immediately after the line number (e.g. '8.{ A|B hip') and `}` at the end of the final line of the subproof (e.g. '10. B @e 4}').\nNested subproofs are allowed. But a formula may only be used at a specific point if it appeared earlier in the same subproof or an outer subproof to the current subproof.\n\n### SYMBOLS & CONVENTIONS\nUse the following symbols for logical operations: \n- & = conjunction (and) \n- | = disjunction (or) \n- ~ = negation (not) \n- -> = implication (implies)\n\nQuantifiers symbols: \n Ax represents ∀x \n Ex represents ∃x\nSo formulas with ∀x and ∃x will be represented by Ax and Ex (A and E followed by the variable x). For example, Ax (H(x)->M(x)) represents ∀x (H(x)→M(x)).\n\n###CONVENTIONS\nAtoms: only uppercase letters not immediately followed by parentesis (e.g. P, Q, R).\nPredicates: uppercase letters immediately followed by parentesis (e.g. H(x), M(y), Q(a,b) ). All predicates must use parentheses.\nVariables: first letter in lowercase, can be followed by letters and numbers (e.g., x, x0, xP0).\n\n### TO CREATE NEW VARIABLE:\nFor Universal Introduction rule(Ai): open a subproof with a fresh variable not occurring in any open hypothesis.\nCreate new variable like this: '<line_number>. { <new_variable> '\n\nFor Existential Elimination rule(Ee): open a subproof with a fresh witness constant/variable. \nCreate new variable like this: '<line_number>. {<new_variable> φ[<old_variable>/<new_variable>] hip\n  Write only the final proof in <proof>...</proof> tags. Only use <proof>...</proof> tags ONCE. Only use these symbols inside the proof '&' , '->', '~', '|', '@', '(', ')', '{', '}', 'Ax', 'Ex'.\nDo not include explanations, commentary, or extra text inside and outside the <proof>...</proof> tags.\n ""}, {'role': 'user', 'content': ""Prove'Ax (B(x)->C(x)), Ex (D(x)&B(x)) |- Ex (D(x)&C(x))' using the natural deduction method. Only one final answer, surrounded by <proof>...</proof>, using the notation described.""}]","<proof>
1. Ax (Q(x)->R(x)) pre
2. Ex (P(x)&Q(x)) pre
3.{a P(a)&Q(a) hip
4. Q(a) &e 3
5. Q(a)->R(a) Ae 1
6. R(a) ->e 4,5
7. P(a) &e 3
8. P(a)&R(a) &i 7,6 }
9. Ex (P(x)&R(x)) Ee 2-8
</proof>","1. Ax (Q(x)->R(x)) pre
2. Ex (P(x)&Q(x)) pre
3.{a P(a)&Q(a) hip
4. Q(a) &e 3
5. Q(a)->R(a) Ae 1
6. R(a) ->e 4,5
7. P(a) &e 3
8. P(a)&R(a) &i 7,6 }
9. Ex (P(x)&R(x)) Ee 2-8","Os seguintes erros foram encontrados:

Uma das definições não está completa, verifique se todas regras foram aplicadas corretamente.
Lembre-se que uma regra de inferência sempre inicia com um número seguido de um . (linha de referência), tem uma fórmula e uma justificativa (premissa, hipóteses ou uma das regras de inferência com suas respectivas referências para fórmulas anteriores).
Erro de sintaxe:
9. Ex (P(x)&R(x)) Ee 2-8
                      ^
",5.30915379524231,stop,900,1471
Ax Ey (B(x)|C(y)) |- Ey Ax (B(x)|C(y)),"[{'role': 'system', 'content': ""You are an expert in logic using the Natural Deduction method.\nYou will receive one first order logic problem. Your task is to prove its validity using Natural Deduction and represent the proof in a Fitch-like notation, following these formatting instructions.\n\n### FORMAT OF PROOF LINES\nEach proof line must be structured like: '<line_number>. <formula> <origin>'\n- <line_number>: sequential integer, always ending with a dot ('1.', '2.', '3.', ...)\n- <formula>: the formula derived on that line\n- <origin>: either 'pre' (premise), 'hip' (hypothesis) or '<rule_name> <line_refs>'\n - <rule_name> and <line_refs>: \n - &e (1 line) \n - &i (2 lines) \n - ->e (2 lines) \n - ->i (1 range) \n - ~e (2 lines) \n - ~i (1 range) \n - |e (1 line + 2 ranges) \n - |i (1 line) \n - @e (1 line) \n - raa (1 range) \n - copy (1 line) \n - Ae (1 line)\n - Ai (1 range)\n - Ee (1 line + 1 range)\n - Ei (1 line)\n - <line_refs>: Must be comma-separated line numbers or ranges. Ranges denote subproofs (e.g., `->i 8-12`, `|e 4, 5-9, 10-14`)\n\n### SUBPROOFS / HYPOTHESES\nUse subproofs for hypotheses. Use curly braces '{' and '}' to open and close subproofs. \nPlace `{` immediately after the line number (e.g. '8.{ A|B hip') and `}` at the end of the final line of the subproof (e.g. '10. B @e 4}').\nNested subproofs are allowed. But a formula may only be used at a specific point if it appeared earlier in the same subproof or an outer subproof to the current subproof.\n\n### SYMBOLS & CONVENTIONS\nUse the following symbols for logical operations: \n- & = conjunction (and) \n- | = disjunction (or) \n- ~ = negation (not) \n- -> = implication (implies)\n\nQuantifiers symbols: \n Ax represents ∀x \n Ex represents ∃x\nSo formulas with ∀x and ∃x will be represented by Ax and Ex (A and E followed by the variable x). For example, Ax (H(x)->M(x)) represents ∀x (H(x)→M(x)).\n\n###CONVENTIONS\nAtoms: only uppercase letters not immediately followed by parentesis (e.g. P, Q, R).\nPredicates: uppercase letters immediately followed by parentesis (e.g. H(x), M(y), Q(a,b) ). All predicates must use parentheses.\nVariables: first letter in lowercase, can be followed by letters and numbers (e.g., x, x0, xP0).\n\n### TO CREATE NEW VARIABLE:\nFor Universal Introduction rule(Ai): open a subproof with a fresh variable not occurring in any open hypothesis.\nCreate new variable like this: '<line_number>. { <new_variable> '\n\nFor Existential Elimination rule(Ee): open a subproof with a fresh witness constant/variable. \nCreate new variable like this: '<line_number>. {<new_variable> φ[<old_variable>/<new_variable>] hip\n  Write only the final proof in <proof>...</proof> tags. Only use <proof>...</proof> tags ONCE. Only use these symbols inside the proof '&' , '->', '~', '|', '@', '(', ')', '{', '}', 'Ax', 'Ex'.\nDo not include explanations, commentary, or extra text inside and outside the <proof>...</proof> tags.\n ""}, {'role': 'user', 'content': ""Prove'Ax Ey (B(x)|C(y)) |- Ey Ax (B(x)|C(y))' using the natural deduction method. Only one final answer, surrounded by <proof>...</proof>, using the notation described.""}]","<proof>
1. Ax Ey (P|Q) pre
2. ¬Ey Ax (P|Q) hip
3. ∀y¬Ax (P|Q) @e 2
4. { y0 
5.   ¬Ax (P|Q) hip
6.   ∃x¬(P|Q) @e 5
7.   { x1 
8.     ¬(P|Q) hip
9.     ~i 8-9
10.  } 
11.  Ax Ey (P|Q) @e 1
12.  ∃y(P|Q) @i 11
13.  ⊥ raa 2-12
14.  Ey Ax (P|Q) @i 2-13
</proof>","1. Ax Ey (P|Q) pre
2. ¬Ey Ax (P|Q) hip
3. ∀y¬Ax (P|Q) @e 2
4. { y0 
5.   ¬Ax (P|Q) hip
6.   ∃x¬(P|Q) @e 5
7.   { x1 
8.     ¬(P|Q) hip
9.     ~i 8-9
10.  } 
11.  Ax Ey (P|Q) @e 1
12.  ∃y(P|Q) @i 11
13.  ⊥ raa 2-12
14.  Ey Ax (P|Q) @i 2-13","Os seguintes erros foram encontrados:

Uma das definições não está completa, verifique se todas regras foram aplicadas corretamente.
Lembre-se que uma regra de inferência sempre inicia com um número seguido de um . (linha de referência), tem uma fórmula e uma justificativa (premissa, hipóteses ou uma das regras de inferência com suas respectivas referências para fórmulas anteriores).
Erro de sintaxe:
2. ¬Ey Ax (P|Q) hip
   ^ Símbolo não pertence a linguagem.
",3.39656925201416,stop,894,899
"Ax (B(x)|C(x)), ~Ex B(x) |- Ax C(x)","[{'role': 'system', 'content': ""You are an expert in logic using the Natural Deduction method.\nYou will receive one first order logic problem. Your task is to prove its validity using Natural Deduction and represent the proof in a Fitch-like notation, following these formatting instructions.\n\n### FORMAT OF PROOF LINES\nEach proof line must be structured like: '<line_number>. <formula> <origin>'\n- <line_number>: sequential integer, always ending with a dot ('1.', '2.', '3.', ...)\n- <formula>: the formula derived on that line\n- <origin>: either 'pre' (premise), 'hip' (hypothesis) or '<rule_name> <line_refs>'\n - <rule_name> and <line_refs>: \n - &e (1 line) \n - &i (2 lines) \n - ->e (2 lines) \n - ->i (1 range) \n - ~e (2 lines) \n - ~i (1 range) \n - |e (1 line + 2 ranges) \n - |i (1 line) \n - @e (1 line) \n - raa (1 range) \n - copy (1 line) \n - Ae (1 line)\n - Ai (1 range)\n - Ee (1 line + 1 range)\n - Ei (1 line)\n - <line_refs>: Must be comma-separated line numbers or ranges. Ranges denote subproofs (e.g., `->i 8-12`, `|e 4, 5-9, 10-14`)\n\n### SUBPROOFS / HYPOTHESES\nUse subproofs for hypotheses. Use curly braces '{' and '}' to open and close subproofs. \nPlace `{` immediately after the line number (e.g. '8.{ A|B hip') and `}` at the end of the final line of the subproof (e.g. '10. B @e 4}').\nNested subproofs are allowed. But a formula may only be used at a specific point if it appeared earlier in the same subproof or an outer subproof to the current subproof.\n\n### SYMBOLS & CONVENTIONS\nUse the following symbols for logical operations: \n- & = conjunction (and) \n- | = disjunction (or) \n- ~ = negation (not) \n- -> = implication (implies)\n\nQuantifiers symbols: \n Ax represents ∀x \n Ex represents ∃x\nSo formulas with ∀x and ∃x will be represented by Ax and Ex (A and E followed by the variable x). For example, Ax (H(x)->M(x)) represents ∀x (H(x)→M(x)).\n\n###CONVENTIONS\nAtoms: only uppercase letters not immediately followed by parentesis (e.g. P, Q, R).\nPredicates: uppercase letters immediately followed by parentesis (e.g. H(x), M(y), Q(a,b) ). All predicates must use parentheses.\nVariables: first letter in lowercase, can be followed by letters and numbers (e.g., x, x0, xP0).\n\n### TO CREATE NEW VARIABLE:\nFor Universal Introduction rule(Ai): open a subproof with a fresh variable not occurring in any open hypothesis.\nCreate new variable like this: '<line_number>. { <new_variable> '\n\nFor Existential Elimination rule(Ee): open a subproof with a fresh witness constant/variable. \nCreate new variable like this: '<line_number>. {<new_variable> φ[<old_variable>/<new_variable>] hip\n  Write only the final proof in <proof>...</proof> tags. Only use <proof>...</proof> tags ONCE. Only use these symbols inside the proof '&' , '->', '~', '|', '@', '(', ')', '{', '}', 'Ax', 'Ex'.\nDo not include explanations, commentary, or extra text inside and outside the <proof>...</proof> tags.\n ""}, {'role': 'user', 'content': ""Prove'Ax (B(x)|C(x)), ~Ex B(x) |- Ax C(x)' using the natural deduction method. Only one final answer, surrounded by <proof>...</proof>, using the notation described.""}]","<proof>
1. Ax(H|M) pre
2. ~Ex H(x) pre
3.{ a
4. H(a)|M(a) Ae 1
5.{ H(a) hip
6. Ex H(x) @e 5
7. ⊥ ~e 6,2
8. }
9.{ M(a) hip
10. M(a) hip
11. }
12. M(a) |e 5-7,9-10
13. }
14. Ax M(x) Ai 3-12
</proof>","1. Ax(H|M) pre
2. ~Ex H(x) pre
3.{ a
4. H(a)|M(a) Ae 1
5.{ H(a) hip
6. Ex H(x) @e 5
7. ⊥ ~e 6,2
8. }
9.{ M(a) hip
10. M(a) hip
11. }
12. M(a) |e 5-7,9-10
13. }
14. Ax M(x) Ai 3-12","Os seguintes erros foram encontrados:

Uma das definições não está completa, verifique se todas regras foram aplicadas corretamente.
Lembre-se que uma regra de inferência sempre inicia com um número seguido de um . (linha de referência), tem uma fórmula e uma justificativa (premissa, hipóteses ou uma das regras de inferência com suas respectivas referências para fórmulas anteriores).
Erro de sintaxe:
7. ⊥ ~e 6,2
   ^ Símbolo não pertence a linguagem.
",4.32726383209229,stop,892,1186
"Ax (B(x)|C(x)), Ax ~B(x) |- Ax C(x)","[{'role': 'system', 'content': ""You are an expert in logic using the Natural Deduction method.\nYou will receive one first order logic problem. Your task is to prove its validity using Natural Deduction and represent the proof in a Fitch-like notation, following these formatting instructions.\n\n### FORMAT OF PROOF LINES\nEach proof line must be structured like: '<line_number>. <formula> <origin>'\n- <line_number>: sequential integer, always ending with a dot ('1.', '2.', '3.', ...)\n- <formula>: the formula derived on that line\n- <origin>: either 'pre' (premise), 'hip' (hypothesis) or '<rule_name> <line_refs>'\n - <rule_name> and <line_refs>: \n - &e (1 line) \n - &i (2 lines) \n - ->e (2 lines) \n - ->i (1 range) \n - ~e (2 lines) \n - ~i (1 range) \n - |e (1 line + 2 ranges) \n - |i (1 line) \n - @e (1 line) \n - raa (1 range) \n - copy (1 line) \n - Ae (1 line)\n - Ai (1 range)\n - Ee (1 line + 1 range)\n - Ei (1 line)\n - <line_refs>: Must be comma-separated line numbers or ranges. Ranges denote subproofs (e.g., `->i 8-12`, `|e 4, 5-9, 10-14`)\n\n### SUBPROOFS / HYPOTHESES\nUse subproofs for hypotheses. Use curly braces '{' and '}' to open and close subproofs. \nPlace `{` immediately after the line number (e.g. '8.{ A|B hip') and `}` at the end of the final line of the subproof (e.g. '10. B @e 4}').\nNested subproofs are allowed. But a formula may only be used at a specific point if it appeared earlier in the same subproof or an outer subproof to the current subproof.\n\n### SYMBOLS & CONVENTIONS\nUse the following symbols for logical operations: \n- & = conjunction (and) \n- | = disjunction (or) \n- ~ = negation (not) \n- -> = implication (implies)\n\nQuantifiers symbols: \n Ax represents ∀x \n Ex represents ∃x\nSo formulas with ∀x and ∃x will be represented by Ax and Ex (A and E followed by the variable x). For example, Ax (H(x)->M(x)) represents ∀x (H(x)→M(x)).\n\n###CONVENTIONS\nAtoms: only uppercase letters not immediately followed by parentesis (e.g. P, Q, R).\nPredicates: uppercase letters immediately followed by parentesis (e.g. H(x), M(y), Q(a,b) ). All predicates must use parentheses.\nVariables: first letter in lowercase, can be followed by letters and numbers (e.g., x, x0, xP0).\n\n### TO CREATE NEW VARIABLE:\nFor Universal Introduction rule(Ai): open a subproof with a fresh variable not occurring in any open hypothesis.\nCreate new variable like this: '<line_number>. { <new_variable> '\n\nFor Existential Elimination rule(Ee): open a subproof with a fresh witness constant/variable. \nCreate new variable like this: '<line_number>. {<new_variable> φ[<old_variable>/<new_variable>] hip\n  Write only the final proof in <proof>...</proof> tags. Only use <proof>...</proof> tags ONCE. Only use these symbols inside the proof '&' , '->', '~', '|', '@', '(', ')', '{', '}', 'Ax', 'Ex'.\nDo not include explanations, commentary, or extra text inside and outside the <proof>...</proof> tags.\n ""}, {'role': 'user', 'content': ""Prove'Ax (B(x)|C(x)), Ax ~B(x) |- Ax C(x)' using the natural deduction method. Only one final answer, surrounded by <proof>...</proof>, using the notation described.""}]","<proof>
1. Ax(H|M) pre
2. Ax~H pre
3. H(a)|M(a) Ae 1
4. ~H(a) Ae 2
5.{H(a)} hip
6.{~M(a)} hip
7.⊥ from 5,4 ~e
8.M(a) raa 6-7
9.{M(a)} hip
10.M(a) copie 9
11.M(a) |e 3,5-8,9-10
12.Ax M(x) Ai 11
</proof>","1. Ax(H|M) pre
2. Ax~H pre
3. H(a)|M(a) Ae 1
4. ~H(a) Ae 2
5.{H(a)} hip
6.{~M(a)} hip
7.⊥ from 5,4 ~e
8.M(a) raa 6-7
9.{M(a)} hip
10.M(a) copie 9
11.M(a) |e 3,5-8,9-10
12.Ax M(x) Ai 11","Os seguintes erros foram encontrados:

Uma das definições não está completa, verifique se todas regras foram aplicadas corretamente.
Lembre-se que uma regra de inferência sempre inicia com um número seguido de um . (linha de referência), tem uma fórmula e uma justificativa (premissa, hipóteses ou uma das regras de inferência com suas respectivas referências para fórmulas anteriores).
Erro de sintaxe:
5.{H(a)} hip
       ^
",7.97370553016663,stop,892,2121
"Ax ~(B(x)&~C(x)), ~Ax C(x) |- ~Ax B(x)","[{'role': 'system', 'content': ""You are an expert in logic using the Natural Deduction method.\nYou will receive one first order logic problem. Your task is to prove its validity using Natural Deduction and represent the proof in a Fitch-like notation, following these formatting instructions.\n\n### FORMAT OF PROOF LINES\nEach proof line must be structured like: '<line_number>. <formula> <origin>'\n- <line_number>: sequential integer, always ending with a dot ('1.', '2.', '3.', ...)\n- <formula>: the formula derived on that line\n- <origin>: either 'pre' (premise), 'hip' (hypothesis) or '<rule_name> <line_refs>'\n - <rule_name> and <line_refs>: \n - &e (1 line) \n - &i (2 lines) \n - ->e (2 lines) \n - ->i (1 range) \n - ~e (2 lines) \n - ~i (1 range) \n - |e (1 line + 2 ranges) \n - |i (1 line) \n - @e (1 line) \n - raa (1 range) \n - copy (1 line) \n - Ae (1 line)\n - Ai (1 range)\n - Ee (1 line + 1 range)\n - Ei (1 line)\n - <line_refs>: Must be comma-separated line numbers or ranges. Ranges denote subproofs (e.g., `->i 8-12`, `|e 4, 5-9, 10-14`)\n\n### SUBPROOFS / HYPOTHESES\nUse subproofs for hypotheses. Use curly braces '{' and '}' to open and close subproofs. \nPlace `{` immediately after the line number (e.g. '8.{ A|B hip') and `}` at the end of the final line of the subproof (e.g. '10. B @e 4}').\nNested subproofs are allowed. But a formula may only be used at a specific point if it appeared earlier in the same subproof or an outer subproof to the current subproof.\n\n### SYMBOLS & CONVENTIONS\nUse the following symbols for logical operations: \n- & = conjunction (and) \n- | = disjunction (or) \n- ~ = negation (not) \n- -> = implication (implies)\n\nQuantifiers symbols: \n Ax represents ∀x \n Ex represents ∃x\nSo formulas with ∀x and ∃x will be represented by Ax and Ex (A and E followed by the variable x). For example, Ax (H(x)->M(x)) represents ∀x (H(x)→M(x)).\n\n###CONVENTIONS\nAtoms: only uppercase letters not immediately followed by parentesis (e.g. P, Q, R).\nPredicates: uppercase letters immediately followed by parentesis (e.g. H(x), M(y), Q(a,b) ). All predicates must use parentheses.\nVariables: first letter in lowercase, can be followed by letters and numbers (e.g., x, x0, xP0).\n\n### TO CREATE NEW VARIABLE:\nFor Universal Introduction rule(Ai): open a subproof with a fresh variable not occurring in any open hypothesis.\nCreate new variable like this: '<line_number>. { <new_variable> '\n\nFor Existential Elimination rule(Ee): open a subproof with a fresh witness constant/variable. \nCreate new variable like this: '<line_number>. {<new_variable> φ[<old_variable>/<new_variable>] hip\n  Write only the final proof in <proof>...</proof> tags. Only use <proof>...</proof> tags ONCE. Only use these symbols inside the proof '&' , '->', '~', '|', '@', '(', ')', '{', '}', 'Ax', 'Ex'.\nDo not include explanations, commentary, or extra text inside and outside the <proof>...</proof> tags.\n ""}, {'role': 'user', 'content': ""Prove'Ax ~(B(x)&~C(x)), ~Ax C(x) |- ~Ax B(x)' using the natural deduction method. Only one final answer, surrounded by <proof>...</proof>, using the notation described.""}]","<proof>
1. Ax ~(H(x)&~M(x)) pre
2. ~Ax M(x) pre
3.{ Ax H(x) hip
4.{ a
5. H(a) Ax
6. ~(H(a)&~M(a)) Ax
7.{ ~M(a) hip
8. (H(a)&~M(a)) &i 5,7
9. ⊥ ~e 6,8
10. M(a) raa 7-9
11. }
12. Ax M(x) Ai 4-10
13. }
14. ⊥ ~e 2,12
15. ~Ax H(x) raa 3-14
</proof>","1. Ax ~(H(x)&~M(x)) pre
2. ~Ax M(x) pre
3.{ Ax H(x) hip
4.{ a
5. H(a) Ax
6. ~(H(a)&~M(a)) Ax
7.{ ~M(a) hip
8. (H(a)&~M(a)) &i 5,7
9. ⊥ ~e 6,8
10. M(a) raa 7-9
11. }
12. Ax M(x) Ai 4-10
13. }
14. ⊥ ~e 2,12
15. ~Ax H(x) raa 3-14","Os seguintes erros foram encontrados:

Uma das definições não está completa, verifique se todas regras foram aplicadas corretamente.
Lembre-se que uma regra de inferência sempre inicia com um número seguido de um . (linha de referência), tem uma fórmula e uma justificativa (premissa, hipóteses ou uma das regras de inferência com suas respectivas referências para fórmulas anteriores).
Erro de sintaxe:
5. H(a) Ax
        ^
",10.381222486496,stop,894,2751
"Ax ~(B(x)&~C(x)), Ex ~C(x) |- ~Ax B(x)","[{'role': 'system', 'content': ""You are an expert in logic using the Natural Deduction method.\nYou will receive one first order logic problem. Your task is to prove its validity using Natural Deduction and represent the proof in a Fitch-like notation, following these formatting instructions.\n\n### FORMAT OF PROOF LINES\nEach proof line must be structured like: '<line_number>. <formula> <origin>'\n- <line_number>: sequential integer, always ending with a dot ('1.', '2.', '3.', ...)\n- <formula>: the formula derived on that line\n- <origin>: either 'pre' (premise), 'hip' (hypothesis) or '<rule_name> <line_refs>'\n - <rule_name> and <line_refs>: \n - &e (1 line) \n - &i (2 lines) \n - ->e (2 lines) \n - ->i (1 range) \n - ~e (2 lines) \n - ~i (1 range) \n - |e (1 line + 2 ranges) \n - |i (1 line) \n - @e (1 line) \n - raa (1 range) \n - copy (1 line) \n - Ae (1 line)\n - Ai (1 range)\n - Ee (1 line + 1 range)\n - Ei (1 line)\n - <line_refs>: Must be comma-separated line numbers or ranges. Ranges denote subproofs (e.g., `->i 8-12`, `|e 4, 5-9, 10-14`)\n\n### SUBPROOFS / HYPOTHESES\nUse subproofs for hypotheses. Use curly braces '{' and '}' to open and close subproofs. \nPlace `{` immediately after the line number (e.g. '8.{ A|B hip') and `}` at the end of the final line of the subproof (e.g. '10. B @e 4}').\nNested subproofs are allowed. But a formula may only be used at a specific point if it appeared earlier in the same subproof or an outer subproof to the current subproof.\n\n### SYMBOLS & CONVENTIONS\nUse the following symbols for logical operations: \n- & = conjunction (and) \n- | = disjunction (or) \n- ~ = negation (not) \n- -> = implication (implies)\n\nQuantifiers symbols: \n Ax represents ∀x \n Ex represents ∃x\nSo formulas with ∀x and ∃x will be represented by Ax and Ex (A and E followed by the variable x). For example, Ax (H(x)->M(x)) represents ∀x (H(x)→M(x)).\n\n###CONVENTIONS\nAtoms: only uppercase letters not immediately followed by parentesis (e.g. P, Q, R).\nPredicates: uppercase letters immediately followed by parentesis (e.g. H(x), M(y), Q(a,b) ). All predicates must use parentheses.\nVariables: first letter in lowercase, can be followed by letters and numbers (e.g., x, x0, xP0).\n\n### TO CREATE NEW VARIABLE:\nFor Universal Introduction rule(Ai): open a subproof with a fresh variable not occurring in any open hypothesis.\nCreate new variable like this: '<line_number>. { <new_variable> '\n\nFor Existential Elimination rule(Ee): open a subproof with a fresh witness constant/variable. \nCreate new variable like this: '<line_number>. {<new_variable> φ[<old_variable>/<new_variable>] hip\n  Write only the final proof in <proof>...</proof> tags. Only use <proof>...</proof> tags ONCE. Only use these symbols inside the proof '&' , '->', '~', '|', '@', '(', ')', '{', '}', 'Ax', 'Ex'.\nDo not include explanations, commentary, or extra text inside and outside the <proof>...</proof> tags.\n ""}, {'role': 'user', 'content': ""Prove'Ax ~(B(x)&~C(x)), Ex ~C(x) |- ~Ax B(x)' using the natural deduction method. Only one final answer, surrounded by <proof>...</proof>, using the notation described.""}]","<proof>
1. Ax ~(H(x)&~M(x)) pre
2. Ex ~M(x) pre
3.{ Ax H(x) hip
4.{ a
5. ~M(a) (2 Ee 4)
6. H(a) (3 Ae 4)
7. (H(a)&~M(a)) &i 5,6
8. ~(H(a)&~M(a)) (1 Ae 4)
9. ⊥ ~e 7,8}
10. ~Ax H(x) raa 3-9
</proof>","1. Ax ~(H(x)&~M(x)) pre
2. Ex ~M(x) pre
3.{ Ax H(x) hip
4.{ a
5. ~M(a) (2 Ee 4)
6. H(a) (3 Ae 4)
7. (H(a)&~M(a)) &i 5,6
8. ~(H(a)&~M(a)) (1 Ae 4)
9. ⊥ ~e 7,8}
10. ~Ax H(x) raa 3-9","Os seguintes erros foram encontrados:

Uma das definições não está completa, verifique se todas regras foram aplicadas corretamente.
Lembre-se que uma regra de inferência sempre inicia com um número seguido de um . (linha de referência), tem uma fórmula e uma justificativa (premissa, hipóteses ou uma das regras de inferência com suas respectivas referências para fórmulas anteriores).
Erro de sintaxe:
5. ~M(a) (2 Ee 4)
         ^
",6.20174360275269,stop,894,1694
"Ax ~(B(x)&~C(x)), ~Ax C(x) |- Ex ~B(x)","[{'role': 'system', 'content': ""You are an expert in logic using the Natural Deduction method.\nYou will receive one first order logic problem. Your task is to prove its validity using Natural Deduction and represent the proof in a Fitch-like notation, following these formatting instructions.\n\n### FORMAT OF PROOF LINES\nEach proof line must be structured like: '<line_number>. <formula> <origin>'\n- <line_number>: sequential integer, always ending with a dot ('1.', '2.', '3.', ...)\n- <formula>: the formula derived on that line\n- <origin>: either 'pre' (premise), 'hip' (hypothesis) or '<rule_name> <line_refs>'\n - <rule_name> and <line_refs>: \n - &e (1 line) \n - &i (2 lines) \n - ->e (2 lines) \n - ->i (1 range) \n - ~e (2 lines) \n - ~i (1 range) \n - |e (1 line + 2 ranges) \n - |i (1 line) \n - @e (1 line) \n - raa (1 range) \n - copy (1 line) \n - Ae (1 line)\n - Ai (1 range)\n - Ee (1 line + 1 range)\n - Ei (1 line)\n - <line_refs>: Must be comma-separated line numbers or ranges. Ranges denote subproofs (e.g., `->i 8-12`, `|e 4, 5-9, 10-14`)\n\n### SUBPROOFS / HYPOTHESES\nUse subproofs for hypotheses. Use curly braces '{' and '}' to open and close subproofs. \nPlace `{` immediately after the line number (e.g. '8.{ A|B hip') and `}` at the end of the final line of the subproof (e.g. '10. B @e 4}').\nNested subproofs are allowed. But a formula may only be used at a specific point if it appeared earlier in the same subproof or an outer subproof to the current subproof.\n\n### SYMBOLS & CONVENTIONS\nUse the following symbols for logical operations: \n- & = conjunction (and) \n- | = disjunction (or) \n- ~ = negation (not) \n- -> = implication (implies)\n\nQuantifiers symbols: \n Ax represents ∀x \n Ex represents ∃x\nSo formulas with ∀x and ∃x will be represented by Ax and Ex (A and E followed by the variable x). For example, Ax (H(x)->M(x)) represents ∀x (H(x)→M(x)).\n\n###CONVENTIONS\nAtoms: only uppercase letters not immediately followed by parentesis (e.g. P, Q, R).\nPredicates: uppercase letters immediately followed by parentesis (e.g. H(x), M(y), Q(a,b) ). All predicates must use parentheses.\nVariables: first letter in lowercase, can be followed by letters and numbers (e.g., x, x0, xP0).\n\n### TO CREATE NEW VARIABLE:\nFor Universal Introduction rule(Ai): open a subproof with a fresh variable not occurring in any open hypothesis.\nCreate new variable like this: '<line_number>. { <new_variable> '\n\nFor Existential Elimination rule(Ee): open a subproof with a fresh witness constant/variable. \nCreate new variable like this: '<line_number>. {<new_variable> φ[<old_variable>/<new_variable>] hip\n  Write only the final proof in <proof>...</proof> tags. Only use <proof>...</proof> tags ONCE. Only use these symbols inside the proof '&' , '->', '~', '|', '@', '(', ')', '{', '}', 'Ax', 'Ex'.\nDo not include explanations, commentary, or extra text inside and outside the <proof>...</proof> tags.\n ""}, {'role': 'user', 'content': ""Prove'Ax ~(B(x)&~C(x)), ~Ax C(x) |- Ex ~B(x)' using the natural deduction method. Only one final answer, surrounded by <proof>...</proof>, using the notation described.""}]","<proof>
1. Ax ~(H(x)&~M(x)) pre
2. ~Ax M(x) pre
3. {¬∃x ¬M(x) hip}
4. ∀x M(x) (from 3 by equivalence)
5. ⊥ (from 2,4 raa)
6. ∃x ¬M(x) (from 3-5 raa)
7.{a}
8. ¬M(a) (from 6 Ee)
9. ~(H(a)&~M(a)) (Ax e)
10.{H(a) hip}
11. (H(a)&¬M(a)) (&i 8,10)
12. ⊥ (from 9,11 ~e)
13. ¬H(a) (from 10-12 raa)
14. ∃x ¬H(x) (Ae 13)
</proof>","1. Ax ~(H(x)&~M(x)) pre
2. ~Ax M(x) pre
3. {¬∃x ¬M(x) hip}
4. ∀x M(x) (from 3 by equivalence)
5. ⊥ (from 2,4 raa)
6. ∃x ¬M(x) (from 3-5 raa)
7.{a}
8. ¬M(a) (from 6 Ee)
9. ~(H(a)&~M(a)) (Ax e)
10.{H(a) hip}
11. (H(a)&¬M(a)) (&i 8,10)
12. ⊥ (from 9,11 ~e)
13. ¬H(a) (from 10-12 raa)
14. ∃x ¬H(x) (Ae 13)","Os seguintes erros foram encontrados:

Uma das definições não está completa, verifique se todas regras foram aplicadas corretamente.
Lembre-se que uma regra de inferência sempre inicia com um número seguido de um . (linha de referência), tem uma fórmula e uma justificativa (premissa, hipóteses ou uma das regras de inferência com suas respectivas referências para fórmulas anteriores).
Erro de sintaxe:
3. {¬∃x ¬M(x) hip}
    ^ Símbolo não pertence a linguagem.
",6.81827235221863,stop,894,1718
"Ax ~(B(x)&~C(x)), Ex ~C(x) |- Ex ~B(x)","[{'role': 'system', 'content': ""You are an expert in logic using the Natural Deduction method.\nYou will receive one first order logic problem. Your task is to prove its validity using Natural Deduction and represent the proof in a Fitch-like notation, following these formatting instructions.\n\n### FORMAT OF PROOF LINES\nEach proof line must be structured like: '<line_number>. <formula> <origin>'\n- <line_number>: sequential integer, always ending with a dot ('1.', '2.', '3.', ...)\n- <formula>: the formula derived on that line\n- <origin>: either 'pre' (premise), 'hip' (hypothesis) or '<rule_name> <line_refs>'\n - <rule_name> and <line_refs>: \n - &e (1 line) \n - &i (2 lines) \n - ->e (2 lines) \n - ->i (1 range) \n - ~e (2 lines) \n - ~i (1 range) \n - |e (1 line + 2 ranges) \n - |i (1 line) \n - @e (1 line) \n - raa (1 range) \n - copy (1 line) \n - Ae (1 line)\n - Ai (1 range)\n - Ee (1 line + 1 range)\n - Ei (1 line)\n - <line_refs>: Must be comma-separated line numbers or ranges. Ranges denote subproofs (e.g., `->i 8-12`, `|e 4, 5-9, 10-14`)\n\n### SUBPROOFS / HYPOTHESES\nUse subproofs for hypotheses. Use curly braces '{' and '}' to open and close subproofs. \nPlace `{` immediately after the line number (e.g. '8.{ A|B hip') and `}` at the end of the final line of the subproof (e.g. '10. B @e 4}').\nNested subproofs are allowed. But a formula may only be used at a specific point if it appeared earlier in the same subproof or an outer subproof to the current subproof.\n\n### SYMBOLS & CONVENTIONS\nUse the following symbols for logical operations: \n- & = conjunction (and) \n- | = disjunction (or) \n- ~ = negation (not) \n- -> = implication (implies)\n\nQuantifiers symbols: \n Ax represents ∀x \n Ex represents ∃x\nSo formulas with ∀x and ∃x will be represented by Ax and Ex (A and E followed by the variable x). For example, Ax (H(x)->M(x)) represents ∀x (H(x)→M(x)).\n\n###CONVENTIONS\nAtoms: only uppercase letters not immediately followed by parentesis (e.g. P, Q, R).\nPredicates: uppercase letters immediately followed by parentesis (e.g. H(x), M(y), Q(a,b) ). All predicates must use parentheses.\nVariables: first letter in lowercase, can be followed by letters and numbers (e.g., x, x0, xP0).\n\n### TO CREATE NEW VARIABLE:\nFor Universal Introduction rule(Ai): open a subproof with a fresh variable not occurring in any open hypothesis.\nCreate new variable like this: '<line_number>. { <new_variable> '\n\nFor Existential Elimination rule(Ee): open a subproof with a fresh witness constant/variable. \nCreate new variable like this: '<line_number>. {<new_variable> φ[<old_variable>/<new_variable>] hip\n  Write only the final proof in <proof>...</proof> tags. Only use <proof>...</proof> tags ONCE. Only use these symbols inside the proof '&' , '->', '~', '|', '@', '(', ')', '{', '}', 'Ax', 'Ex'.\nDo not include explanations, commentary, or extra text inside and outside the <proof>...</proof> tags.\n ""}, {'role': 'user', 'content': ""Prove'Ax ~(B(x)&~C(x)), Ex ~C(x) |- Ex ~B(x)' using the natural deduction method. Only one final answer, surrounded by <proof>...</proof>, using the notation described.""}]","<proof>
1. Ax ~(H(x)&~M(x)) pre
2. Ex ~M(x) pre
3.{ ~M(a) hip
4. ~(H(a)&~M(a)) Ae 1
5. H(a) hip
6. (H(a)&~M(a)) &i 3,5
7. ⊥ ~e 4,6
8. ~H(a) ~i 5-7
9. Ex ~H(x) Ex 8}
</proof>","1. Ax ~(H(x)&~M(x)) pre
2. Ex ~M(x) pre
3.{ ~M(a) hip
4. ~(H(a)&~M(a)) Ae 1
5. H(a) hip
6. (H(a)&~M(a)) &i 3,5
7. ⊥ ~e 4,6
8. ~H(a) ~i 5-7
9. Ex ~H(x) Ex 8}","Os seguintes erros foram encontrados:

Uma das definições não está completa, verifique se todas regras foram aplicadas corretamente.
Lembre-se que uma regra de inferência sempre inicia com um número seguido de um . (linha de referência), tem uma fórmula e uma justificativa (premissa, hipóteses ou uma das regras de inferência com suas respectivas referências para fórmulas anteriores).
Erro de sintaxe:
7. ⊥ ~e 4,6
   ^ Símbolo não pertence a linguagem.
",3.73704409599304,stop,894,1013
"Ax (~B(x)|C(x)), Ex B(x) |- Ex C(x)","[{'role': 'system', 'content': ""You are an expert in logic using the Natural Deduction method.\nYou will receive one first order logic problem. Your task is to prove its validity using Natural Deduction and represent the proof in a Fitch-like notation, following these formatting instructions.\n\n### FORMAT OF PROOF LINES\nEach proof line must be structured like: '<line_number>. <formula> <origin>'\n- <line_number>: sequential integer, always ending with a dot ('1.', '2.', '3.', ...)\n- <formula>: the formula derived on that line\n- <origin>: either 'pre' (premise), 'hip' (hypothesis) or '<rule_name> <line_refs>'\n - <rule_name> and <line_refs>: \n - &e (1 line) \n - &i (2 lines) \n - ->e (2 lines) \n - ->i (1 range) \n - ~e (2 lines) \n - ~i (1 range) \n - |e (1 line + 2 ranges) \n - |i (1 line) \n - @e (1 line) \n - raa (1 range) \n - copy (1 line) \n - Ae (1 line)\n - Ai (1 range)\n - Ee (1 line + 1 range)\n - Ei (1 line)\n - <line_refs>: Must be comma-separated line numbers or ranges. Ranges denote subproofs (e.g., `->i 8-12`, `|e 4, 5-9, 10-14`)\n\n### SUBPROOFS / HYPOTHESES\nUse subproofs for hypotheses. Use curly braces '{' and '}' to open and close subproofs. \nPlace `{` immediately after the line number (e.g. '8.{ A|B hip') and `}` at the end of the final line of the subproof (e.g. '10. B @e 4}').\nNested subproofs are allowed. But a formula may only be used at a specific point if it appeared earlier in the same subproof or an outer subproof to the current subproof.\n\n### SYMBOLS & CONVENTIONS\nUse the following symbols for logical operations: \n- & = conjunction (and) \n- | = disjunction (or) \n- ~ = negation (not) \n- -> = implication (implies)\n\nQuantifiers symbols: \n Ax represents ∀x \n Ex represents ∃x\nSo formulas with ∀x and ∃x will be represented by Ax and Ex (A and E followed by the variable x). For example, Ax (H(x)->M(x)) represents ∀x (H(x)→M(x)).\n\n###CONVENTIONS\nAtoms: only uppercase letters not immediately followed by parentesis (e.g. P, Q, R).\nPredicates: uppercase letters immediately followed by parentesis (e.g. H(x), M(y), Q(a,b) ). All predicates must use parentheses.\nVariables: first letter in lowercase, can be followed by letters and numbers (e.g., x, x0, xP0).\n\n### TO CREATE NEW VARIABLE:\nFor Universal Introduction rule(Ai): open a subproof with a fresh variable not occurring in any open hypothesis.\nCreate new variable like this: '<line_number>. { <new_variable> '\n\nFor Existential Elimination rule(Ee): open a subproof with a fresh witness constant/variable. \nCreate new variable like this: '<line_number>. {<new_variable> φ[<old_variable>/<new_variable>] hip\n  Write only the final proof in <proof>...</proof> tags. Only use <proof>...</proof> tags ONCE. Only use these symbols inside the proof '&' , '->', '~', '|', '@', '(', ')', '{', '}', 'Ax', 'Ex'.\nDo not include explanations, commentary, or extra text inside and outside the <proof>...</proof> tags.\n ""}, {'role': 'user', 'content': ""Prove'Ax (~B(x)|C(x)), Ex B(x) |- Ex C(x)' using the natural deduction method. Only one final answer, surrounded by <proof>...</proof>, using the notation described.""}]","<proof>
1. ∀x (~H(x)|M(x)) pre
2. ∃x H(x) pre
3.{ a H(a) hip
4. (~H(a)|M(a)) Ae 1
5.{ ~H(a) hip
6. ⊥ ~e 3,5
7. M(a) raa 5-6
8. } 
9.{ M(a) hip
10. M(a) |i 9
11. } 
12. M(a) |e 4,5-7,9-10
13. ∃x M(x) Ex 12
</proof>","1. ∀x (~H(x)|M(x)) pre
2. ∃x H(x) pre
3.{ a H(a) hip
4. (~H(a)|M(a)) Ae 1
5.{ ~H(a) hip
6. ⊥ ~e 3,5
7. M(a) raa 5-6
8. } 
9.{ M(a) hip
10. M(a) |i 9
11. } 
12. M(a) |e 4,5-7,9-10
13. ∃x M(x) Ex 12","Os seguintes erros foram encontrados:

Uma das definições não está completa, verifique se todas regras foram aplicadas corretamente.
Lembre-se que uma regra de inferência sempre inicia com um número seguido de um . (linha de referência), tem uma fórmula e uma justificativa (premissa, hipóteses ou uma das regras de inferência com suas respectivas referências para fórmulas anteriores).
Erro de sintaxe:
1. ∀x (~H(x)|M(x)) pre
   ^ Símbolo não pertence a linguagem.
",5.89224290847778,stop,891,1574
"Ax (B(x)|C(x)), Ex ~B(x) |- Ex C(x)","[{'role': 'system', 'content': ""You are an expert in logic using the Natural Deduction method.\nYou will receive one first order logic problem. Your task is to prove its validity using Natural Deduction and represent the proof in a Fitch-like notation, following these formatting instructions.\n\n### FORMAT OF PROOF LINES\nEach proof line must be structured like: '<line_number>. <formula> <origin>'\n- <line_number>: sequential integer, always ending with a dot ('1.', '2.', '3.', ...)\n- <formula>: the formula derived on that line\n- <origin>: either 'pre' (premise), 'hip' (hypothesis) or '<rule_name> <line_refs>'\n - <rule_name> and <line_refs>: \n - &e (1 line) \n - &i (2 lines) \n - ->e (2 lines) \n - ->i (1 range) \n - ~e (2 lines) \n - ~i (1 range) \n - |e (1 line + 2 ranges) \n - |i (1 line) \n - @e (1 line) \n - raa (1 range) \n - copy (1 line) \n - Ae (1 line)\n - Ai (1 range)\n - Ee (1 line + 1 range)\n - Ei (1 line)\n - <line_refs>: Must be comma-separated line numbers or ranges. Ranges denote subproofs (e.g., `->i 8-12`, `|e 4, 5-9, 10-14`)\n\n### SUBPROOFS / HYPOTHESES\nUse subproofs for hypotheses. Use curly braces '{' and '}' to open and close subproofs. \nPlace `{` immediately after the line number (e.g. '8.{ A|B hip') and `}` at the end of the final line of the subproof (e.g. '10. B @e 4}').\nNested subproofs are allowed. But a formula may only be used at a specific point if it appeared earlier in the same subproof or an outer subproof to the current subproof.\n\n### SYMBOLS & CONVENTIONS\nUse the following symbols for logical operations: \n- & = conjunction (and) \n- | = disjunction (or) \n- ~ = negation (not) \n- -> = implication (implies)\n\nQuantifiers symbols: \n Ax represents ∀x \n Ex represents ∃x\nSo formulas with ∀x and ∃x will be represented by Ax and Ex (A and E followed by the variable x). For example, Ax (H(x)->M(x)) represents ∀x (H(x)→M(x)).\n\n###CONVENTIONS\nAtoms: only uppercase letters not immediately followed by parentesis (e.g. P, Q, R).\nPredicates: uppercase letters immediately followed by parentesis (e.g. H(x), M(y), Q(a,b) ). All predicates must use parentheses.\nVariables: first letter in lowercase, can be followed by letters and numbers (e.g., x, x0, xP0).\n\n### TO CREATE NEW VARIABLE:\nFor Universal Introduction rule(Ai): open a subproof with a fresh variable not occurring in any open hypothesis.\nCreate new variable like this: '<line_number>. { <new_variable> '\n\nFor Existential Elimination rule(Ee): open a subproof with a fresh witness constant/variable. \nCreate new variable like this: '<line_number>. {<new_variable> φ[<old_variable>/<new_variable>] hip\n  Write only the final proof in <proof>...</proof> tags. Only use <proof>...</proof> tags ONCE. Only use these symbols inside the proof '&' , '->', '~', '|', '@', '(', ')', '{', '}', 'Ax', 'Ex'.\nDo not include explanations, commentary, or extra text inside and outside the <proof>...</proof> tags.\n ""}, {'role': 'user', 'content': ""Prove'Ax (B(x)|C(x)), Ex ~B(x) |- Ex C(x)' using the natural deduction method. Only one final answer, surrounded by <proof>...</proof>, using the notation described.""}]","<proof>
1. Ax(H|M) pre
2. Ex~H pre
3.{ ~H(b) hip
4. H(b)|M(b) Ae 1
5.{ ¬M(b) hip
6.{ H(b) hip
7.{ M(b) hip
8. ⊥ ~e 7,5
9. H(b) |e 4,6-6,7-8
10. ⊥ ~e 9,3
11. M(b) raa 5-10
12. Ex M(x) @e 11
</proof>","1. Ax(H|M) pre
2. Ex~H pre
3.{ ~H(b) hip
4. H(b)|M(b) Ae 1
5.{ ¬M(b) hip
6.{ H(b) hip
7.{ M(b) hip
8. ⊥ ~e 7,5
9. H(b) |e 4,6-6,7-8
10. ⊥ ~e 9,3
11. M(b) raa 5-10
12. Ex M(x) @e 11","Os seguintes erros foram encontrados:

Uma das definições não está completa, verifique se todas regras foram aplicadas corretamente.
Lembre-se que uma regra de inferência sempre inicia com um número seguido de um . (linha de referência), tem uma fórmula e uma justificativa (premissa, hipóteses ou uma das regras de inferência com suas respectivas referências para fórmulas anteriores).
Erro de sintaxe:
5.{ ¬M(b) hip
    ^ Símbolo não pertence a linguagem.
",7.40326118469238,stop,892,1981
"Ax (B(x)->C(x)), Ax (C(x)->D(x)) |- Ax (B(x)->D(x))","[{'role': 'system', 'content': ""You are an expert in logic using the Natural Deduction method.\nYou will receive one first order logic problem. Your task is to prove its validity using Natural Deduction and represent the proof in a Fitch-like notation, following these formatting instructions.\n\n### FORMAT OF PROOF LINES\nEach proof line must be structured like: '<line_number>. <formula> <origin>'\n- <line_number>: sequential integer, always ending with a dot ('1.', '2.', '3.', ...)\n- <formula>: the formula derived on that line\n- <origin>: either 'pre' (premise), 'hip' (hypothesis) or '<rule_name> <line_refs>'\n - <rule_name> and <line_refs>: \n - &e (1 line) \n - &i (2 lines) \n - ->e (2 lines) \n - ->i (1 range) \n - ~e (2 lines) \n - ~i (1 range) \n - |e (1 line + 2 ranges) \n - |i (1 line) \n - @e (1 line) \n - raa (1 range) \n - copy (1 line) \n - Ae (1 line)\n - Ai (1 range)\n - Ee (1 line + 1 range)\n - Ei (1 line)\n - <line_refs>: Must be comma-separated line numbers or ranges. Ranges denote subproofs (e.g., `->i 8-12`, `|e 4, 5-9, 10-14`)\n\n### SUBPROOFS / HYPOTHESES\nUse subproofs for hypotheses. Use curly braces '{' and '}' to open and close subproofs. \nPlace `{` immediately after the line number (e.g. '8.{ A|B hip') and `}` at the end of the final line of the subproof (e.g. '10. B @e 4}').\nNested subproofs are allowed. But a formula may only be used at a specific point if it appeared earlier in the same subproof or an outer subproof to the current subproof.\n\n### SYMBOLS & CONVENTIONS\nUse the following symbols for logical operations: \n- & = conjunction (and) \n- | = disjunction (or) \n- ~ = negation (not) \n- -> = implication (implies)\n\nQuantifiers symbols: \n Ax represents ∀x \n Ex represents ∃x\nSo formulas with ∀x and ∃x will be represented by Ax and Ex (A and E followed by the variable x). For example, Ax (H(x)->M(x)) represents ∀x (H(x)→M(x)).\n\n###CONVENTIONS\nAtoms: only uppercase letters not immediately followed by parentesis (e.g. P, Q, R).\nPredicates: uppercase letters immediately followed by parentesis (e.g. H(x), M(y), Q(a,b) ). All predicates must use parentheses.\nVariables: first letter in lowercase, can be followed by letters and numbers (e.g., x, x0, xP0).\n\n### TO CREATE NEW VARIABLE:\nFor Universal Introduction rule(Ai): open a subproof with a fresh variable not occurring in any open hypothesis.\nCreate new variable like this: '<line_number>. { <new_variable> '\n\nFor Existential Elimination rule(Ee): open a subproof with a fresh witness constant/variable. \nCreate new variable like this: '<line_number>. {<new_variable> φ[<old_variable>/<new_variable>] hip\n  Write only the final proof in <proof>...</proof> tags. Only use <proof>...</proof> tags ONCE. Only use these symbols inside the proof '&' , '->', '~', '|', '@', '(', ')', '{', '}', 'Ax', 'Ex'.\nDo not include explanations, commentary, or extra text inside and outside the <proof>...</proof> tags.\n ""}, {'role': 'user', 'content': ""Prove'Ax (B(x)->C(x)), Ax (C(x)->D(x)) |- Ax (B(x)->D(x))' using the natural deduction method. Only one final answer, surrounded by <proof>...</proof>, using the notation described.""}]","<proof>
1. Ax(H(x)->M(x)) pre
2. Ax(M(x)->P(x)) pre
3.{ a
4. H(a)->M(a) Ae 1
5. M(a)->P(a) Ae 2
6. H(a)->P(a) ->e 4,5
7. }
8. Ax(H(x)->P(x)) Ai 3-7
</proof>","1. Ax(H(x)->M(x)) pre
2. Ax(M(x)->P(x)) pre
3.{ a
4. H(a)->M(a) Ae 1
5. M(a)->P(a) Ae 2
6. H(a)->P(a) ->e 4,5
7. }
8. Ax(H(x)->P(x)) Ai 3-7","Os seguintes erros foram encontrados:

Uma das definições não está completa, verifique se todas regras foram aplicadas corretamente.
Lembre-se que uma regra de inferência sempre inicia com um número seguido de um . (linha de referência), tem uma fórmula e uma justificativa (premissa, hipóteses ou uma das regras de inferência com suas respectivas referências para fórmulas anteriores).
Erro de sintaxe:
7. }
   ^
",2.87306761741638,stop,900,783
"Ax (B(x)|C(x)), Ax (B(x)->D(x)), Ax (C(x)->D(x)) |- Ax D(x)","[{'role': 'system', 'content': ""You are an expert in logic using the Natural Deduction method.\nYou will receive one first order logic problem. Your task is to prove its validity using Natural Deduction and represent the proof in a Fitch-like notation, following these formatting instructions.\n\n### FORMAT OF PROOF LINES\nEach proof line must be structured like: '<line_number>. <formula> <origin>'\n- <line_number>: sequential integer, always ending with a dot ('1.', '2.', '3.', ...)\n- <formula>: the formula derived on that line\n- <origin>: either 'pre' (premise), 'hip' (hypothesis) or '<rule_name> <line_refs>'\n - <rule_name> and <line_refs>: \n - &e (1 line) \n - &i (2 lines) \n - ->e (2 lines) \n - ->i (1 range) \n - ~e (2 lines) \n - ~i (1 range) \n - |e (1 line + 2 ranges) \n - |i (1 line) \n - @e (1 line) \n - raa (1 range) \n - copy (1 line) \n - Ae (1 line)\n - Ai (1 range)\n - Ee (1 line + 1 range)\n - Ei (1 line)\n - <line_refs>: Must be comma-separated line numbers or ranges. Ranges denote subproofs (e.g., `->i 8-12`, `|e 4, 5-9, 10-14`)\n\n### SUBPROOFS / HYPOTHESES\nUse subproofs for hypotheses. Use curly braces '{' and '}' to open and close subproofs. \nPlace `{` immediately after the line number (e.g. '8.{ A|B hip') and `}` at the end of the final line of the subproof (e.g. '10. B @e 4}').\nNested subproofs are allowed. But a formula may only be used at a specific point if it appeared earlier in the same subproof or an outer subproof to the current subproof.\n\n### SYMBOLS & CONVENTIONS\nUse the following symbols for logical operations: \n- & = conjunction (and) \n- | = disjunction (or) \n- ~ = negation (not) \n- -> = implication (implies)\n\nQuantifiers symbols: \n Ax represents ∀x \n Ex represents ∃x\nSo formulas with ∀x and ∃x will be represented by Ax and Ex (A and E followed by the variable x). For example, Ax (H(x)->M(x)) represents ∀x (H(x)→M(x)).\n\n###CONVENTIONS\nAtoms: only uppercase letters not immediately followed by parentesis (e.g. P, Q, R).\nPredicates: uppercase letters immediately followed by parentesis (e.g. H(x), M(y), Q(a,b) ). All predicates must use parentheses.\nVariables: first letter in lowercase, can be followed by letters and numbers (e.g., x, x0, xP0).\n\n### TO CREATE NEW VARIABLE:\nFor Universal Introduction rule(Ai): open a subproof with a fresh variable not occurring in any open hypothesis.\nCreate new variable like this: '<line_number>. { <new_variable> '\n\nFor Existential Elimination rule(Ee): open a subproof with a fresh witness constant/variable. \nCreate new variable like this: '<line_number>. {<new_variable> φ[<old_variable>/<new_variable>] hip\n  Write only the final proof in <proof>...</proof> tags. Only use <proof>...</proof> tags ONCE. Only use these symbols inside the proof '&' , '->', '~', '|', '@', '(', ')', '{', '}', 'Ax', 'Ex'.\nDo not include explanations, commentary, or extra text inside and outside the <proof>...</proof> tags.\n ""}, {'role': 'user', 'content': ""Prove'Ax (B(x)|C(x)), Ax (B(x)->D(x)), Ax (C(x)->D(x)) |- Ax D(x)' using the natural deduction method. Only one final answer, surrounded by <proof>...</proof>, using the notation described.""}]","<proof>
1. Ax(H|M) pre
2. Ax(H->P) pre
3. Ax(M->P) pre
4.{ a 
5. H a | M a AxE 1
6. H a -> P a AxE 2
7. M a -> P a AxE 3
8.{ H a hip
9. P a ->e 6,8
10. }
11.{ M a hip
12. P a ->e 7,11
13. }
14. P a |e 5,8-9,11-13
15. ∀x P x Ai 4-14
</proof>","1. Ax(H|M) pre
2. Ax(H->P) pre
3. Ax(M->P) pre
4.{ a 
5. H a | M a AxE 1
6. H a -> P a AxE 2
7. M a -> P a AxE 3
8.{ H a hip
9. P a ->e 6,8
10. }
11.{ M a hip
12. P a ->e 7,11
13. }
14. P a |e 5,8-9,11-13
15. ∀x P x Ai 4-14","Os seguintes erros foram encontrados:

Uma das definições não está completa, verifique se todas regras foram aplicadas corretamente.
Lembre-se que uma regra de inferência sempre inicia com um número seguido de um . (linha de referência), tem uma fórmula e uma justificativa (premissa, hipóteses ou uma das regras de inferência com suas respectivas referências para fórmulas anteriores).
Erro de sintaxe:
5. H a | M a AxE 1
     ^
",2.71511077880859,stop,903,743
Ax (B(x)->C(x)) |- Ax (~C(x)->~B(x)),"[{'role': 'system', 'content': ""You are an expert in logic using the Natural Deduction method.\nYou will receive one first order logic problem. Your task is to prove its validity using Natural Deduction and represent the proof in a Fitch-like notation, following these formatting instructions.\n\n### FORMAT OF PROOF LINES\nEach proof line must be structured like: '<line_number>. <formula> <origin>'\n- <line_number>: sequential integer, always ending with a dot ('1.', '2.', '3.', ...)\n- <formula>: the formula derived on that line\n- <origin>: either 'pre' (premise), 'hip' (hypothesis) or '<rule_name> <line_refs>'\n - <rule_name> and <line_refs>: \n - &e (1 line) \n - &i (2 lines) \n - ->e (2 lines) \n - ->i (1 range) \n - ~e (2 lines) \n - ~i (1 range) \n - |e (1 line + 2 ranges) \n - |i (1 line) \n - @e (1 line) \n - raa (1 range) \n - copy (1 line) \n - Ae (1 line)\n - Ai (1 range)\n - Ee (1 line + 1 range)\n - Ei (1 line)\n - <line_refs>: Must be comma-separated line numbers or ranges. Ranges denote subproofs (e.g., `->i 8-12`, `|e 4, 5-9, 10-14`)\n\n### SUBPROOFS / HYPOTHESES\nUse subproofs for hypotheses. Use curly braces '{' and '}' to open and close subproofs. \nPlace `{` immediately after the line number (e.g. '8.{ A|B hip') and `}` at the end of the final line of the subproof (e.g. '10. B @e 4}').\nNested subproofs are allowed. But a formula may only be used at a specific point if it appeared earlier in the same subproof or an outer subproof to the current subproof.\n\n### SYMBOLS & CONVENTIONS\nUse the following symbols for logical operations: \n- & = conjunction (and) \n- | = disjunction (or) \n- ~ = negation (not) \n- -> = implication (implies)\n\nQuantifiers symbols: \n Ax represents ∀x \n Ex represents ∃x\nSo formulas with ∀x and ∃x will be represented by Ax and Ex (A and E followed by the variable x). For example, Ax (H(x)->M(x)) represents ∀x (H(x)→M(x)).\n\n###CONVENTIONS\nAtoms: only uppercase letters not immediately followed by parentesis (e.g. P, Q, R).\nPredicates: uppercase letters immediately followed by parentesis (e.g. H(x), M(y), Q(a,b) ). All predicates must use parentheses.\nVariables: first letter in lowercase, can be followed by letters and numbers (e.g., x, x0, xP0).\n\n### TO CREATE NEW VARIABLE:\nFor Universal Introduction rule(Ai): open a subproof with a fresh variable not occurring in any open hypothesis.\nCreate new variable like this: '<line_number>. { <new_variable> '\n\nFor Existential Elimination rule(Ee): open a subproof with a fresh witness constant/variable. \nCreate new variable like this: '<line_number>. {<new_variable> φ[<old_variable>/<new_variable>] hip\n  Write only the final proof in <proof>...</proof> tags. Only use <proof>...</proof> tags ONCE. Only use these symbols inside the proof '&' , '->', '~', '|', '@', '(', ')', '{', '}', 'Ax', 'Ex'.\nDo not include explanations, commentary, or extra text inside and outside the <proof>...</proof> tags.\n ""}, {'role': 'user', 'content': ""Prove'Ax (B(x)->C(x)) |- Ax (~C(x)->~B(x))' using the natural deduction method. Only one final answer, surrounded by <proof>...</proof>, using the notation described.""}]","<proof>
1. Ax(H(x)->M(x)) pre
2.{ a
3. H(a)->M(a) @e 1
4.{ ¬M(a) hip
5.{ H(a) hip
6. M(a) ->e 3,5
7. ⊥ ~e 4,6
8. ¬H(a) ~i 5-7
9. ¬M(a)->¬H(a) ->i 4-8}
10. ∀x(¬M(x)->¬H(x)) Ai 2-9
</proof>","1. Ax(H(x)->M(x)) pre
2.{ a
3. H(a)->M(a) @e 1
4.{ ¬M(a) hip
5.{ H(a) hip
6. M(a) ->e 3,5
7. ⊥ ~e 4,6
8. ¬H(a) ~i 5-7
9. ¬M(a)->¬H(a) ->i 4-8}
10. ∀x(¬M(x)->¬H(x)) Ai 2-9","Os seguintes erros foram encontrados:

Uma das definições não está completa, verifique se todas regras foram aplicadas corretamente.
Lembre-se que uma regra de inferência sempre inicia com um número seguido de um . (linha de referência), tem uma fórmula e uma justificativa (premissa, hipóteses ou uma das regras de inferência com suas respectivas referências para fórmulas anteriores).
Erro de sintaxe:
4.{ ¬M(a) hip
    ^ Símbolo não pertence a linguagem.
",3.85380983352661,stop,893,1035
Ax (~B(x)->~C(x)) |- Ax (C(x)->B(x)),"[{'role': 'system', 'content': ""You are an expert in logic using the Natural Deduction method.\nYou will receive one first order logic problem. Your task is to prove its validity using Natural Deduction and represent the proof in a Fitch-like notation, following these formatting instructions.\n\n### FORMAT OF PROOF LINES\nEach proof line must be structured like: '<line_number>. <formula> <origin>'\n- <line_number>: sequential integer, always ending with a dot ('1.', '2.', '3.', ...)\n- <formula>: the formula derived on that line\n- <origin>: either 'pre' (premise), 'hip' (hypothesis) or '<rule_name> <line_refs>'\n - <rule_name> and <line_refs>: \n - &e (1 line) \n - &i (2 lines) \n - ->e (2 lines) \n - ->i (1 range) \n - ~e (2 lines) \n - ~i (1 range) \n - |e (1 line + 2 ranges) \n - |i (1 line) \n - @e (1 line) \n - raa (1 range) \n - copy (1 line) \n - Ae (1 line)\n - Ai (1 range)\n - Ee (1 line + 1 range)\n - Ei (1 line)\n - <line_refs>: Must be comma-separated line numbers or ranges. Ranges denote subproofs (e.g., `->i 8-12`, `|e 4, 5-9, 10-14`)\n\n### SUBPROOFS / HYPOTHESES\nUse subproofs for hypotheses. Use curly braces '{' and '}' to open and close subproofs. \nPlace `{` immediately after the line number (e.g. '8.{ A|B hip') and `}` at the end of the final line of the subproof (e.g. '10. B @e 4}').\nNested subproofs are allowed. But a formula may only be used at a specific point if it appeared earlier in the same subproof or an outer subproof to the current subproof.\n\n### SYMBOLS & CONVENTIONS\nUse the following symbols for logical operations: \n- & = conjunction (and) \n- | = disjunction (or) \n- ~ = negation (not) \n- -> = implication (implies)\n\nQuantifiers symbols: \n Ax represents ∀x \n Ex represents ∃x\nSo formulas with ∀x and ∃x will be represented by Ax and Ex (A and E followed by the variable x). For example, Ax (H(x)->M(x)) represents ∀x (H(x)→M(x)).\n\n###CONVENTIONS\nAtoms: only uppercase letters not immediately followed by parentesis (e.g. P, Q, R).\nPredicates: uppercase letters immediately followed by parentesis (e.g. H(x), M(y), Q(a,b) ). All predicates must use parentheses.\nVariables: first letter in lowercase, can be followed by letters and numbers (e.g., x, x0, xP0).\n\n### TO CREATE NEW VARIABLE:\nFor Universal Introduction rule(Ai): open a subproof with a fresh variable not occurring in any open hypothesis.\nCreate new variable like this: '<line_number>. { <new_variable> '\n\nFor Existential Elimination rule(Ee): open a subproof with a fresh witness constant/variable. \nCreate new variable like this: '<line_number>. {<new_variable> φ[<old_variable>/<new_variable>] hip\n  Write only the final proof in <proof>...</proof> tags. Only use <proof>...</proof> tags ONCE. Only use these symbols inside the proof '&' , '->', '~', '|', '@', '(', ')', '{', '}', 'Ax', 'Ex'.\nDo not include explanations, commentary, or extra text inside and outside the <proof>...</proof> tags.\n ""}, {'role': 'user', 'content': ""Prove'Ax (~B(x)->~C(x)) |- Ax (C(x)->B(x))' using the natural deduction method. Only one final answer, surrounded by <proof>...</proof>, using the notation described.""}]","<proof>
1. Ax (~M(x)->~H(x)) pre
2. { a 
3. H(a) hip
4. ~M(a) hip
5. (~M(a)->~H(a)) Ae 1
6. ~H(a) ->e 4,5
7. ⊥ ~e 3,6
8. M(a) raa 4-7
9. (H(a)->M(a)) ->i 3-8
10. } 
11. Ax (H(x)->M(x)) Ai 9-10
</proof>","1. Ax (~M(x)->~H(x)) pre
2. { a 
3. H(a) hip
4. ~M(a) hip
5. (~M(a)->~H(a)) Ae 1
6. ~H(a) ->e 4,5
7. ⊥ ~e 3,6
8. M(a) raa 4-7
9. (H(a)->M(a)) ->i 3-8
10. } 
11. Ax (H(x)->M(x)) Ai 9-10","Os seguintes erros foram encontrados:

Uma das definições não está completa, verifique se todas regras foram aplicadas corretamente.
Lembre-se que uma regra de inferência sempre inicia com um número seguido de um . (linha de referência), tem uma fórmula e uma justificativa (premissa, hipóteses ou uma das regras de inferência com suas respectivas referências para fórmulas anteriores).
Erro de sintaxe:
7. ⊥ ~e 3,6
   ^ Símbolo não pertence a linguagem.
",4.2003915309906,stop,893,1147
Ax (B(x)->C(x)) |- Ax (~B(x)|C(x)),"[{'role': 'system', 'content': ""You are an expert in logic using the Natural Deduction method.\nYou will receive one first order logic problem. Your task is to prove its validity using Natural Deduction and represent the proof in a Fitch-like notation, following these formatting instructions.\n\n### FORMAT OF PROOF LINES\nEach proof line must be structured like: '<line_number>. <formula> <origin>'\n- <line_number>: sequential integer, always ending with a dot ('1.', '2.', '3.', ...)\n- <formula>: the formula derived on that line\n- <origin>: either 'pre' (premise), 'hip' (hypothesis) or '<rule_name> <line_refs>'\n - <rule_name> and <line_refs>: \n - &e (1 line) \n - &i (2 lines) \n - ->e (2 lines) \n - ->i (1 range) \n - ~e (2 lines) \n - ~i (1 range) \n - |e (1 line + 2 ranges) \n - |i (1 line) \n - @e (1 line) \n - raa (1 range) \n - copy (1 line) \n - Ae (1 line)\n - Ai (1 range)\n - Ee (1 line + 1 range)\n - Ei (1 line)\n - <line_refs>: Must be comma-separated line numbers or ranges. Ranges denote subproofs (e.g., `->i 8-12`, `|e 4, 5-9, 10-14`)\n\n### SUBPROOFS / HYPOTHESES\nUse subproofs for hypotheses. Use curly braces '{' and '}' to open and close subproofs. \nPlace `{` immediately after the line number (e.g. '8.{ A|B hip') and `}` at the end of the final line of the subproof (e.g. '10. B @e 4}').\nNested subproofs are allowed. But a formula may only be used at a specific point if it appeared earlier in the same subproof or an outer subproof to the current subproof.\n\n### SYMBOLS & CONVENTIONS\nUse the following symbols for logical operations: \n- & = conjunction (and) \n- | = disjunction (or) \n- ~ = negation (not) \n- -> = implication (implies)\n\nQuantifiers symbols: \n Ax represents ∀x \n Ex represents ∃x\nSo formulas with ∀x and ∃x will be represented by Ax and Ex (A and E followed by the variable x). For example, Ax (H(x)->M(x)) represents ∀x (H(x)→M(x)).\n\n###CONVENTIONS\nAtoms: only uppercase letters not immediately followed by parentesis (e.g. P, Q, R).\nPredicates: uppercase letters immediately followed by parentesis (e.g. H(x), M(y), Q(a,b) ). All predicates must use parentheses.\nVariables: first letter in lowercase, can be followed by letters and numbers (e.g., x, x0, xP0).\n\n### TO CREATE NEW VARIABLE:\nFor Universal Introduction rule(Ai): open a subproof with a fresh variable not occurring in any open hypothesis.\nCreate new variable like this: '<line_number>. { <new_variable> '\n\nFor Existential Elimination rule(Ee): open a subproof with a fresh witness constant/variable. \nCreate new variable like this: '<line_number>. {<new_variable> φ[<old_variable>/<new_variable>] hip\n  Write only the final proof in <proof>...</proof> tags. Only use <proof>...</proof> tags ONCE. Only use these symbols inside the proof '&' , '->', '~', '|', '@', '(', ')', '{', '}', 'Ax', 'Ex'.\nDo not include explanations, commentary, or extra text inside and outside the <proof>...</proof> tags.\n ""}, {'role': 'user', 'content': ""Prove'Ax (B(x)->C(x)) |- Ax (~B(x)|C(x))' using the natural deduction method. Only one final answer, surrounded by <proof>...</proof>, using the notation described.""}]","<proof>
1. ∀x(H(x)->M(x)) pre
2. H(a)->M(a) AxE 1
3.{ ¬(¬H(a)|M(a)) hip
4. H(a) |e 3,5-7
5.{ H(a) hip
6. M(a) ->e 2,5
7. ¬H(a)|M(a) |i 6 (right)
8. } 
9. M(a) |e 3,10-12
10.{ M(a) hip
11. ¬H(a)|M(a) |i 10 (left)
12. }
13. ⊥ raa 3-12
14. ¬¬(¬H(a)|M(a)) raa 3-13
15. ¬H(a)|M(a) ~e 14
16. ∀x(¬H(x)|M(x)) AxI 15
</proof>","1. ∀x(H(x)->M(x)) pre
2. H(a)->M(a) AxE 1
3.{ ¬(¬H(a)|M(a)) hip
4. H(a) |e 3,5-7
5.{ H(a) hip
6. M(a) ->e 2,5
7. ¬H(a)|M(a) |i 6 (right)
8. } 
9. M(a) |e 3,10-12
10.{ M(a) hip
11. ¬H(a)|M(a) |i 10 (left)
12. }
13. ⊥ raa 3-12
14. ¬¬(¬H(a)|M(a)) raa 3-13
15. ¬H(a)|M(a) ~e 14
16. ∀x(¬H(x)|M(x)) AxI 15","Os seguintes erros foram encontrados:

Uma das definições não está completa, verifique se todas regras foram aplicadas corretamente.
Lembre-se que uma regra de inferência sempre inicia com um número seguido de um . (linha de referência), tem uma fórmula e uma justificativa (premissa, hipóteses ou uma das regras de inferência com suas respectivas referências para fórmulas anteriores).
Erro de sintaxe:
1. ∀x(H(x)->M(x)) pre
   ^ Símbolo não pertence a linguagem.
",7.18324398994446,stop,892,1923
Ax (~B(x)|C(x)) |- Ax (B(x)->C(x)),"[{'role': 'system', 'content': ""You are an expert in logic using the Natural Deduction method.\nYou will receive one first order logic problem. Your task is to prove its validity using Natural Deduction and represent the proof in a Fitch-like notation, following these formatting instructions.\n\n### FORMAT OF PROOF LINES\nEach proof line must be structured like: '<line_number>. <formula> <origin>'\n- <line_number>: sequential integer, always ending with a dot ('1.', '2.', '3.', ...)\n- <formula>: the formula derived on that line\n- <origin>: either 'pre' (premise), 'hip' (hypothesis) or '<rule_name> <line_refs>'\n - <rule_name> and <line_refs>: \n - &e (1 line) \n - &i (2 lines) \n - ->e (2 lines) \n - ->i (1 range) \n - ~e (2 lines) \n - ~i (1 range) \n - |e (1 line + 2 ranges) \n - |i (1 line) \n - @e (1 line) \n - raa (1 range) \n - copy (1 line) \n - Ae (1 line)\n - Ai (1 range)\n - Ee (1 line + 1 range)\n - Ei (1 line)\n - <line_refs>: Must be comma-separated line numbers or ranges. Ranges denote subproofs (e.g., `->i 8-12`, `|e 4, 5-9, 10-14`)\n\n### SUBPROOFS / HYPOTHESES\nUse subproofs for hypotheses. Use curly braces '{' and '}' to open and close subproofs. \nPlace `{` immediately after the line number (e.g. '8.{ A|B hip') and `}` at the end of the final line of the subproof (e.g. '10. B @e 4}').\nNested subproofs are allowed. But a formula may only be used at a specific point if it appeared earlier in the same subproof or an outer subproof to the current subproof.\n\n### SYMBOLS & CONVENTIONS\nUse the following symbols for logical operations: \n- & = conjunction (and) \n- | = disjunction (or) \n- ~ = negation (not) \n- -> = implication (implies)\n\nQuantifiers symbols: \n Ax represents ∀x \n Ex represents ∃x\nSo formulas with ∀x and ∃x will be represented by Ax and Ex (A and E followed by the variable x). For example, Ax (H(x)->M(x)) represents ∀x (H(x)→M(x)).\n\n###CONVENTIONS\nAtoms: only uppercase letters not immediately followed by parentesis (e.g. P, Q, R).\nPredicates: uppercase letters immediately followed by parentesis (e.g. H(x), M(y), Q(a,b) ). All predicates must use parentheses.\nVariables: first letter in lowercase, can be followed by letters and numbers (e.g., x, x0, xP0).\n\n### TO CREATE NEW VARIABLE:\nFor Universal Introduction rule(Ai): open a subproof with a fresh variable not occurring in any open hypothesis.\nCreate new variable like this: '<line_number>. { <new_variable> '\n\nFor Existential Elimination rule(Ee): open a subproof with a fresh witness constant/variable. \nCreate new variable like this: '<line_number>. {<new_variable> φ[<old_variable>/<new_variable>] hip\n  Write only the final proof in <proof>...</proof> tags. Only use <proof>...</proof> tags ONCE. Only use these symbols inside the proof '&' , '->', '~', '|', '@', '(', ')', '{', '}', 'Ax', 'Ex'.\nDo not include explanations, commentary, or extra text inside and outside the <proof>...</proof> tags.\n ""}, {'role': 'user', 'content': ""Prove'Ax (~B(x)|C(x)) |- Ax (B(x)->C(x))' using the natural deduction method. Only one final answer, surrounded by <proof>...</proof>, using the notation described.""}]","<proof>
1. ∀x (~H(x)|M(x)) pre
2. {a}
3. ~H(a)|M(a) Ax e 1
4. {H(a)}
5. |e 3, 6-7, 8-9
6. {~H(a)}
7. ⊥ &e 4, 6
8. M(a) raa 7
9. } 
10. M(a) |i 5
11. H(a)->M(a) ->i 4-10
12. ∀x(H(x)->M(x)) Ax i 2-11
</proof>","1. ∀x (~H(x)|M(x)) pre
2. {a}
3. ~H(a)|M(a) Ax e 1
4. {H(a)}
5. |e 3, 6-7, 8-9
6. {~H(a)}
7. ⊥ &e 4, 6
8. M(a) raa 7
9. } 
10. M(a) |i 5
11. H(a)->M(a) ->i 4-10
12. ∀x(H(x)->M(x)) Ax i 2-11","Os seguintes erros foram encontrados:

Uma das definições não está completa, verifique se todas regras foram aplicadas corretamente.
Lembre-se que uma regra de inferência sempre inicia com um número seguido de um . (linha de referência), tem uma fórmula e uma justificativa (premissa, hipóteses ou uma das regras de inferência com suas respectivas referências para fórmulas anteriores).
Erro de sintaxe:
1. ∀x (~H(x)|M(x)) pre
   ^ Símbolo não pertence a linguagem.
",5.29084706306458,stop,892,1426
Ax (~B(x)|C(x)) |- Ax (~C(x)->~B(x)),"[{'role': 'system', 'content': ""You are an expert in logic using the Natural Deduction method.\nYou will receive one first order logic problem. Your task is to prove its validity using Natural Deduction and represent the proof in a Fitch-like notation, following these formatting instructions.\n\n### FORMAT OF PROOF LINES\nEach proof line must be structured like: '<line_number>. <formula> <origin>'\n- <line_number>: sequential integer, always ending with a dot ('1.', '2.', '3.', ...)\n- <formula>: the formula derived on that line\n- <origin>: either 'pre' (premise), 'hip' (hypothesis) or '<rule_name> <line_refs>'\n - <rule_name> and <line_refs>: \n - &e (1 line) \n - &i (2 lines) \n - ->e (2 lines) \n - ->i (1 range) \n - ~e (2 lines) \n - ~i (1 range) \n - |e (1 line + 2 ranges) \n - |i (1 line) \n - @e (1 line) \n - raa (1 range) \n - copy (1 line) \n - Ae (1 line)\n - Ai (1 range)\n - Ee (1 line + 1 range)\n - Ei (1 line)\n - <line_refs>: Must be comma-separated line numbers or ranges. Ranges denote subproofs (e.g., `->i 8-12`, `|e 4, 5-9, 10-14`)\n\n### SUBPROOFS / HYPOTHESES\nUse subproofs for hypotheses. Use curly braces '{' and '}' to open and close subproofs. \nPlace `{` immediately after the line number (e.g. '8.{ A|B hip') and `}` at the end of the final line of the subproof (e.g. '10. B @e 4}').\nNested subproofs are allowed. But a formula may only be used at a specific point if it appeared earlier in the same subproof or an outer subproof to the current subproof.\n\n### SYMBOLS & CONVENTIONS\nUse the following symbols for logical operations: \n- & = conjunction (and) \n- | = disjunction (or) \n- ~ = negation (not) \n- -> = implication (implies)\n\nQuantifiers symbols: \n Ax represents ∀x \n Ex represents ∃x\nSo formulas with ∀x and ∃x will be represented by Ax and Ex (A and E followed by the variable x). For example, Ax (H(x)->M(x)) represents ∀x (H(x)→M(x)).\n\n###CONVENTIONS\nAtoms: only uppercase letters not immediately followed by parentesis (e.g. P, Q, R).\nPredicates: uppercase letters immediately followed by parentesis (e.g. H(x), M(y), Q(a,b) ). All predicates must use parentheses.\nVariables: first letter in lowercase, can be followed by letters and numbers (e.g., x, x0, xP0).\n\n### TO CREATE NEW VARIABLE:\nFor Universal Introduction rule(Ai): open a subproof with a fresh variable not occurring in any open hypothesis.\nCreate new variable like this: '<line_number>. { <new_variable> '\n\nFor Existential Elimination rule(Ee): open a subproof with a fresh witness constant/variable. \nCreate new variable like this: '<line_number>. {<new_variable> φ[<old_variable>/<new_variable>] hip\n  Write only the final proof in <proof>...</proof> tags. Only use <proof>...</proof> tags ONCE. Only use these symbols inside the proof '&' , '->', '~', '|', '@', '(', ')', '{', '}', 'Ax', 'Ex'.\nDo not include explanations, commentary, or extra text inside and outside the <proof>...</proof> tags.\n ""}, {'role': 'user', 'content': ""Prove'Ax (~B(x)|C(x)) |- Ax (~C(x)->~B(x))' using the natural deduction method. Only one final answer, surrounded by <proof>...</proof>, using the notation described.""}]","<proof>
1. ∀x (~H(x)|M(x)) pre
2.{ a Ai
3. (~H(a)|M(a)) AxE 1
4. ~M(a) hip
5. H(a) hip
6.{ ~H(a) hip
7. ⊥ ~e 5,6
8. }
9.{ M(a) hip
10. ⊥ ~e 4,9
11. }
12. ⊥ |e 3,6-8,9-11
13. ~H(a) ~i 5-12
14. (~M(a)->~H(a)) ->i 4-13
15. }
16. ∀x (~M(x)->~H(x)) AxI 15
</proof>","1. ∀x (~H(x)|M(x)) pre
2.{ a Ai
3. (~H(a)|M(a)) AxE 1
4. ~M(a) hip
5. H(a) hip
6.{ ~H(a) hip
7. ⊥ ~e 5,6
8. }
9.{ M(a) hip
10. ⊥ ~e 4,9
11. }
12. ⊥ |e 3,6-8,9-11
13. ~H(a) ~i 5-12
14. (~M(a)->~H(a)) ->i 4-13
15. }
16. ∀x (~M(x)->~H(x)) AxI 15","Os seguintes erros foram encontrados:

Uma das definições não está completa, verifique se todas regras foram aplicadas corretamente.
Lembre-se que uma regra de inferência sempre inicia com um número seguido de um . (linha de referência), tem uma fórmula e uma justificativa (premissa, hipóteses ou uma das regras de inferência com suas respectivas referências para fórmulas anteriores).
Erro de sintaxe:
1. ∀x (~H(x)|M(x)) pre
   ^ Símbolo não pertence a linguagem.
",5.71528387069702,stop,893,1531
Ax (~B(x)->~C(x)) |- Ax (~C(x)|B(x)),"[{'role': 'system', 'content': ""You are an expert in logic using the Natural Deduction method.\nYou will receive one first order logic problem. Your task is to prove its validity using Natural Deduction and represent the proof in a Fitch-like notation, following these formatting instructions.\n\n### FORMAT OF PROOF LINES\nEach proof line must be structured like: '<line_number>. <formula> <origin>'\n- <line_number>: sequential integer, always ending with a dot ('1.', '2.', '3.', ...)\n- <formula>: the formula derived on that line\n- <origin>: either 'pre' (premise), 'hip' (hypothesis) or '<rule_name> <line_refs>'\n - <rule_name> and <line_refs>: \n - &e (1 line) \n - &i (2 lines) \n - ->e (2 lines) \n - ->i (1 range) \n - ~e (2 lines) \n - ~i (1 range) \n - |e (1 line + 2 ranges) \n - |i (1 line) \n - @e (1 line) \n - raa (1 range) \n - copy (1 line) \n - Ae (1 line)\n - Ai (1 range)\n - Ee (1 line + 1 range)\n - Ei (1 line)\n - <line_refs>: Must be comma-separated line numbers or ranges. Ranges denote subproofs (e.g., `->i 8-12`, `|e 4, 5-9, 10-14`)\n\n### SUBPROOFS / HYPOTHESES\nUse subproofs for hypotheses. Use curly braces '{' and '}' to open and close subproofs. \nPlace `{` immediately after the line number (e.g. '8.{ A|B hip') and `}` at the end of the final line of the subproof (e.g. '10. B @e 4}').\nNested subproofs are allowed. But a formula may only be used at a specific point if it appeared earlier in the same subproof or an outer subproof to the current subproof.\n\n### SYMBOLS & CONVENTIONS\nUse the following symbols for logical operations: \n- & = conjunction (and) \n- | = disjunction (or) \n- ~ = negation (not) \n- -> = implication (implies)\n\nQuantifiers symbols: \n Ax represents ∀x \n Ex represents ∃x\nSo formulas with ∀x and ∃x will be represented by Ax and Ex (A and E followed by the variable x). For example, Ax (H(x)->M(x)) represents ∀x (H(x)→M(x)).\n\n###CONVENTIONS\nAtoms: only uppercase letters not immediately followed by parentesis (e.g. P, Q, R).\nPredicates: uppercase letters immediately followed by parentesis (e.g. H(x), M(y), Q(a,b) ). All predicates must use parentheses.\nVariables: first letter in lowercase, can be followed by letters and numbers (e.g., x, x0, xP0).\n\n### TO CREATE NEW VARIABLE:\nFor Universal Introduction rule(Ai): open a subproof with a fresh variable not occurring in any open hypothesis.\nCreate new variable like this: '<line_number>. { <new_variable> '\n\nFor Existential Elimination rule(Ee): open a subproof with a fresh witness constant/variable. \nCreate new variable like this: '<line_number>. {<new_variable> φ[<old_variable>/<new_variable>] hip\n  Write only the final proof in <proof>...</proof> tags. Only use <proof>...</proof> tags ONCE. Only use these symbols inside the proof '&' , '->', '~', '|', '@', '(', ')', '{', '}', 'Ax', 'Ex'.\nDo not include explanations, commentary, or extra text inside and outside the <proof>...</proof> tags.\n ""}, {'role': 'user', 'content': ""Prove'Ax (~B(x)->~C(x)) |- Ax (~C(x)|B(x))' using the natural deduction method. Only one final answer, surrounded by <proof>...</proof>, using the notation described.""}]","<proof>
1. ∀x (~M(x)->~H(x)) pre
2. {a} ~M(a)->~H(a) Ae 1
3. {b} ¬(¬H(a)|M(a)) hip
4. {c} H(a)&~M(a) ? 
5. {d} H(a) & ~M(a) -> ⊥ ?
6. } 
7. } 
8. ∀x (~H(x)|M(x)) Ai 2-7
</proof>","1. ∀x (~M(x)->~H(x)) pre
2. {a} ~M(a)->~H(a) Ae 1
3. {b} ¬(¬H(a)|M(a)) hip
4. {c} H(a)&~M(a) ? 
5. {d} H(a) & ~M(a) -> ⊥ ?
6. } 
7. } 
8. ∀x (~H(x)|M(x)) Ai 2-7","Os seguintes erros foram encontrados:

Uma das definições não está completa, verifique se todas regras foram aplicadas corretamente.
Lembre-se que uma regra de inferência sempre inicia com um número seguido de um . (linha de referência), tem uma fórmula e uma justificativa (premissa, hipóteses ou uma das regras de inferência com suas respectivas referências para fórmulas anteriores).
Erro de sintaxe:
1. ∀x (~M(x)->~H(x)) pre
   ^ Símbolo não pertence a linguagem.
",4.87334728240967,stop,893,1303
"Ax (B(x)&C(x)), ~Ex ~B(x) |- Ax C(x)","[{'role': 'system', 'content': ""You are an expert in logic using the Natural Deduction method.\nYou will receive one first order logic problem. Your task is to prove its validity using Natural Deduction and represent the proof in a Fitch-like notation, following these formatting instructions.\n\n### FORMAT OF PROOF LINES\nEach proof line must be structured like: '<line_number>. <formula> <origin>'\n- <line_number>: sequential integer, always ending with a dot ('1.', '2.', '3.', ...)\n- <formula>: the formula derived on that line\n- <origin>: either 'pre' (premise), 'hip' (hypothesis) or '<rule_name> <line_refs>'\n - <rule_name> and <line_refs>: \n - &e (1 line) \n - &i (2 lines) \n - ->e (2 lines) \n - ->i (1 range) \n - ~e (2 lines) \n - ~i (1 range) \n - |e (1 line + 2 ranges) \n - |i (1 line) \n - @e (1 line) \n - raa (1 range) \n - copy (1 line) \n - Ae (1 line)\n - Ai (1 range)\n - Ee (1 line + 1 range)\n - Ei (1 line)\n - <line_refs>: Must be comma-separated line numbers or ranges. Ranges denote subproofs (e.g., `->i 8-12`, `|e 4, 5-9, 10-14`)\n\n### SUBPROOFS / HYPOTHESES\nUse subproofs for hypotheses. Use curly braces '{' and '}' to open and close subproofs. \nPlace `{` immediately after the line number (e.g. '8.{ A|B hip') and `}` at the end of the final line of the subproof (e.g. '10. B @e 4}').\nNested subproofs are allowed. But a formula may only be used at a specific point if it appeared earlier in the same subproof or an outer subproof to the current subproof.\n\n### SYMBOLS & CONVENTIONS\nUse the following symbols for logical operations: \n- & = conjunction (and) \n- | = disjunction (or) \n- ~ = negation (not) \n- -> = implication (implies)\n\nQuantifiers symbols: \n Ax represents ∀x \n Ex represents ∃x\nSo formulas with ∀x and ∃x will be represented by Ax and Ex (A and E followed by the variable x). For example, Ax (H(x)->M(x)) represents ∀x (H(x)→M(x)).\n\n###CONVENTIONS\nAtoms: only uppercase letters not immediately followed by parentesis (e.g. P, Q, R).\nPredicates: uppercase letters immediately followed by parentesis (e.g. H(x), M(y), Q(a,b) ). All predicates must use parentheses.\nVariables: first letter in lowercase, can be followed by letters and numbers (e.g., x, x0, xP0).\n\n### TO CREATE NEW VARIABLE:\nFor Universal Introduction rule(Ai): open a subproof with a fresh variable not occurring in any open hypothesis.\nCreate new variable like this: '<line_number>. { <new_variable> '\n\nFor Existential Elimination rule(Ee): open a subproof with a fresh witness constant/variable. \nCreate new variable like this: '<line_number>. {<new_variable> φ[<old_variable>/<new_variable>] hip\n  Write only the final proof in <proof>...</proof> tags. Only use <proof>...</proof> tags ONCE. Only use these symbols inside the proof '&' , '->', '~', '|', '@', '(', ')', '{', '}', 'Ax', 'Ex'.\nDo not include explanations, commentary, or extra text inside and outside the <proof>...</proof> tags.\n ""}, {'role': 'user', 'content': ""Prove'Ax (B(x)&C(x)), ~Ex ~B(x) |- Ax C(x)' using the natural deduction method. Only one final answer, surrounded by <proof>...</proof>, using the notation described.""}]","<proof>
1. Ax (H(x)&M(x)) pre
2. ~Ex ~H(x) pre
3.{ a
4. H(a)&M(a) ->e 1
5. M(a) &e 4
6. ∀x M(x) Ai 3-5}
</proof>","1. Ax (H(x)&M(x)) pre
2. ~Ex ~H(x) pre
3.{ a
4. H(a)&M(a) ->e 1
5. M(a) &e 4
6. ∀x M(x) Ai 3-5}","Os seguintes erros foram encontrados:

Uma das definições não está completa, verifique se todas regras foram aplicadas corretamente.
Lembre-se que uma regra de inferência sempre inicia com um número seguido de um . (linha de referência), tem uma fórmula e uma justificativa (premissa, hipóteses ou uma das regras de inferência com suas respectivas referências para fórmulas anteriores).
Erro de sintaxe:
6. ∀x M(x) Ai 3-5}
   ^ Símbolo não pertence a linguagem.
",3.27267408370972,stop,893,887
"Ax (B(x)&C(x)), Ax ~B(x) |- Ax C(x)","[{'role': 'system', 'content': ""You are an expert in logic using the Natural Deduction method.\nYou will receive one first order logic problem. Your task is to prove its validity using Natural Deduction and represent the proof in a Fitch-like notation, following these formatting instructions.\n\n### FORMAT OF PROOF LINES\nEach proof line must be structured like: '<line_number>. <formula> <origin>'\n- <line_number>: sequential integer, always ending with a dot ('1.', '2.', '3.', ...)\n- <formula>: the formula derived on that line\n- <origin>: either 'pre' (premise), 'hip' (hypothesis) or '<rule_name> <line_refs>'\n - <rule_name> and <line_refs>: \n - &e (1 line) \n - &i (2 lines) \n - ->e (2 lines) \n - ->i (1 range) \n - ~e (2 lines) \n - ~i (1 range) \n - |e (1 line + 2 ranges) \n - |i (1 line) \n - @e (1 line) \n - raa (1 range) \n - copy (1 line) \n - Ae (1 line)\n - Ai (1 range)\n - Ee (1 line + 1 range)\n - Ei (1 line)\n - <line_refs>: Must be comma-separated line numbers or ranges. Ranges denote subproofs (e.g., `->i 8-12`, `|e 4, 5-9, 10-14`)\n\n### SUBPROOFS / HYPOTHESES\nUse subproofs for hypotheses. Use curly braces '{' and '}' to open and close subproofs. \nPlace `{` immediately after the line number (e.g. '8.{ A|B hip') and `}` at the end of the final line of the subproof (e.g. '10. B @e 4}').\nNested subproofs are allowed. But a formula may only be used at a specific point if it appeared earlier in the same subproof or an outer subproof to the current subproof.\n\n### SYMBOLS & CONVENTIONS\nUse the following symbols for logical operations: \n- & = conjunction (and) \n- | = disjunction (or) \n- ~ = negation (not) \n- -> = implication (implies)\n\nQuantifiers symbols: \n Ax represents ∀x \n Ex represents ∃x\nSo formulas with ∀x and ∃x will be represented by Ax and Ex (A and E followed by the variable x). For example, Ax (H(x)->M(x)) represents ∀x (H(x)→M(x)).\n\n###CONVENTIONS\nAtoms: only uppercase letters not immediately followed by parentesis (e.g. P, Q, R).\nPredicates: uppercase letters immediately followed by parentesis (e.g. H(x), M(y), Q(a,b) ). All predicates must use parentheses.\nVariables: first letter in lowercase, can be followed by letters and numbers (e.g., x, x0, xP0).\n\n### TO CREATE NEW VARIABLE:\nFor Universal Introduction rule(Ai): open a subproof with a fresh variable not occurring in any open hypothesis.\nCreate new variable like this: '<line_number>. { <new_variable> '\n\nFor Existential Elimination rule(Ee): open a subproof with a fresh witness constant/variable. \nCreate new variable like this: '<line_number>. {<new_variable> φ[<old_variable>/<new_variable>] hip\n  Write only the final proof in <proof>...</proof> tags. Only use <proof>...</proof> tags ONCE. Only use these symbols inside the proof '&' , '->', '~', '|', '@', '(', ')', '{', '}', 'Ax', 'Ex'.\nDo not include explanations, commentary, or extra text inside and outside the <proof>...</proof> tags.\n ""}, {'role': 'user', 'content': ""Prove'Ax (B(x)&C(x)), Ax ~B(x) |- Ax C(x)' using the natural deduction method. Only one final answer, surrounded by <proof>...</proof>, using the notation described.""}]","<proof>
1. ∀x(H(x)&M(x)) pre
2. ∀x ~H(x) pre
3.{ c Ai
4. H(c)&M(c) Ax e 1
5. H(c) &e 4
6. ~H(c) Ax e 2
7. M(c) &e 4
8. } Ai 3-7
9. ∀x M(x) Ai 3-8
</proof>","1. ∀x(H(x)&M(x)) pre
2. ∀x ~H(x) pre
3.{ c Ai
4. H(c)&M(c) Ax e 1
5. H(c) &e 4
6. ~H(c) Ax e 2
7. M(c) &e 4
8. } Ai 3-7
9. ∀x M(x) Ai 3-8","Os seguintes erros foram encontrados:

Uma das definições não está completa, verifique se todas regras foram aplicadas corretamente.
Lembre-se que uma regra de inferência sempre inicia com um número seguido de um . (linha de referência), tem uma fórmula e uma justificativa (premissa, hipóteses ou uma das regras de inferência com suas respectivas referências para fórmulas anteriores).
Erro de sintaxe:
1. ∀x(H(x)&M(x)) pre
   ^ Símbolo não pertence a linguagem.
",2.98200821876526,stop,892,818
|- Ex (B(x)&C(x))->(Ex B(x)&Ex C(x)),"[{'role': 'system', 'content': ""You are an expert in logic using the Natural Deduction method.\nYou will receive one first order logic problem. Your task is to prove its validity using Natural Deduction and represent the proof in a Fitch-like notation, following these formatting instructions.\n\n### FORMAT OF PROOF LINES\nEach proof line must be structured like: '<line_number>. <formula> <origin>'\n- <line_number>: sequential integer, always ending with a dot ('1.', '2.', '3.', ...)\n- <formula>: the formula derived on that line\n- <origin>: either 'pre' (premise), 'hip' (hypothesis) or '<rule_name> <line_refs>'\n - <rule_name> and <line_refs>: \n - &e (1 line) \n - &i (2 lines) \n - ->e (2 lines) \n - ->i (1 range) \n - ~e (2 lines) \n - ~i (1 range) \n - |e (1 line + 2 ranges) \n - |i (1 line) \n - @e (1 line) \n - raa (1 range) \n - copy (1 line) \n - Ae (1 line)\n - Ai (1 range)\n - Ee (1 line + 1 range)\n - Ei (1 line)\n - <line_refs>: Must be comma-separated line numbers or ranges. Ranges denote subproofs (e.g., `->i 8-12`, `|e 4, 5-9, 10-14`)\n\n### SUBPROOFS / HYPOTHESES\nUse subproofs for hypotheses. Use curly braces '{' and '}' to open and close subproofs. \nPlace `{` immediately after the line number (e.g. '8.{ A|B hip') and `}` at the end of the final line of the subproof (e.g. '10. B @e 4}').\nNested subproofs are allowed. But a formula may only be used at a specific point if it appeared earlier in the same subproof or an outer subproof to the current subproof.\n\n### SYMBOLS & CONVENTIONS\nUse the following symbols for logical operations: \n- & = conjunction (and) \n- | = disjunction (or) \n- ~ = negation (not) \n- -> = implication (implies)\n\nQuantifiers symbols: \n Ax represents ∀x \n Ex represents ∃x\nSo formulas with ∀x and ∃x will be represented by Ax and Ex (A and E followed by the variable x). For example, Ax (H(x)->M(x)) represents ∀x (H(x)→M(x)).\n\n###CONVENTIONS\nAtoms: only uppercase letters not immediately followed by parentesis (e.g. P, Q, R).\nPredicates: uppercase letters immediately followed by parentesis (e.g. H(x), M(y), Q(a,b) ). All predicates must use parentheses.\nVariables: first letter in lowercase, can be followed by letters and numbers (e.g., x, x0, xP0).\n\n### TO CREATE NEW VARIABLE:\nFor Universal Introduction rule(Ai): open a subproof with a fresh variable not occurring in any open hypothesis.\nCreate new variable like this: '<line_number>. { <new_variable> '\n\nFor Existential Elimination rule(Ee): open a subproof with a fresh witness constant/variable. \nCreate new variable like this: '<line_number>. {<new_variable> φ[<old_variable>/<new_variable>] hip\n  Write only the final proof in <proof>...</proof> tags. Only use <proof>...</proof> tags ONCE. Only use these symbols inside the proof '&' , '->', '~', '|', '@', '(', ')', '{', '}', 'Ax', 'Ex'.\nDo not include explanations, commentary, or extra text inside and outside the <proof>...</proof> tags.\n ""}, {'role': 'user', 'content': ""Prove'|- Ex (B(x)&C(x))->(Ex B(x)&Ex C(x))' using the natural deduction method. Only one final answer, surrounded by <proof>...</proof>, using the notation described.""}]","<proof>
1. { ∃x(P(x)&Q(x)) hip
2.{ a (P(a)&Q(a)) hip
3. P(a) ->e 2
4. Q(a) ->e 2
5. ∃x P(x) ->i 3
6. ∃x Q(x) ->i 4
7. (∃x P(x) & ∃x Q(x)) ->&i 5,6}
8. ∃x(P(x)&Q(x)) -> (∃x P(x) & ∃x Q(x)) ->->i 1-7
</proof>","1. { ∃x(P(x)&Q(x)) hip
2.{ a (P(a)&Q(a)) hip
3. P(a) ->e 2
4. Q(a) ->e 2
5. ∃x P(x) ->i 3
6. ∃x Q(x) ->i 4
7. (∃x P(x) & ∃x Q(x)) ->&i 5,6}
8. ∃x(P(x)&Q(x)) -> (∃x P(x) & ∃x Q(x)) ->->i 1-7","Os seguintes erros foram encontrados:

Uma das definições não está completa, verifique se todas regras foram aplicadas corretamente.
Lembre-se que uma regra de inferência sempre inicia com um número seguido de um . (linha de referência), tem uma fórmula e uma justificativa (premissa, hipóteses ou uma das regras de inferência com suas respectivas referências para fórmulas anteriores).
Erro de sintaxe:
1. { ∃x(P(x)&Q(x)) hip
     ^ Símbolo não pertence a linguagem.
",4.19436287879944,stop,893,1138
Ax ((B(x)->C(x))&(C(x)->B(x))) |- Ax ((~B(x)->~C(x))&(~C(x)->~B(x))),"[{'role': 'system', 'content': ""You are an expert in logic using the Natural Deduction method.\nYou will receive one first order logic problem. Your task is to prove its validity using Natural Deduction and represent the proof in a Fitch-like notation, following these formatting instructions.\n\n### FORMAT OF PROOF LINES\nEach proof line must be structured like: '<line_number>. <formula> <origin>'\n- <line_number>: sequential integer, always ending with a dot ('1.', '2.', '3.', ...)\n- <formula>: the formula derived on that line\n- <origin>: either 'pre' (premise), 'hip' (hypothesis) or '<rule_name> <line_refs>'\n - <rule_name> and <line_refs>: \n - &e (1 line) \n - &i (2 lines) \n - ->e (2 lines) \n - ->i (1 range) \n - ~e (2 lines) \n - ~i (1 range) \n - |e (1 line + 2 ranges) \n - |i (1 line) \n - @e (1 line) \n - raa (1 range) \n - copy (1 line) \n - Ae (1 line)\n - Ai (1 range)\n - Ee (1 line + 1 range)\n - Ei (1 line)\n - <line_refs>: Must be comma-separated line numbers or ranges. Ranges denote subproofs (e.g., `->i 8-12`, `|e 4, 5-9, 10-14`)\n\n### SUBPROOFS / HYPOTHESES\nUse subproofs for hypotheses. Use curly braces '{' and '}' to open and close subproofs. \nPlace `{` immediately after the line number (e.g. '8.{ A|B hip') and `}` at the end of the final line of the subproof (e.g. '10. B @e 4}').\nNested subproofs are allowed. But a formula may only be used at a specific point if it appeared earlier in the same subproof or an outer subproof to the current subproof.\n\n### SYMBOLS & CONVENTIONS\nUse the following symbols for logical operations: \n- & = conjunction (and) \n- | = disjunction (or) \n- ~ = negation (not) \n- -> = implication (implies)\n\nQuantifiers symbols: \n Ax represents ∀x \n Ex represents ∃x\nSo formulas with ∀x and ∃x will be represented by Ax and Ex (A and E followed by the variable x). For example, Ax (H(x)->M(x)) represents ∀x (H(x)→M(x)).\n\n###CONVENTIONS\nAtoms: only uppercase letters not immediately followed by parentesis (e.g. P, Q, R).\nPredicates: uppercase letters immediately followed by parentesis (e.g. H(x), M(y), Q(a,b) ). All predicates must use parentheses.\nVariables: first letter in lowercase, can be followed by letters and numbers (e.g., x, x0, xP0).\n\n### TO CREATE NEW VARIABLE:\nFor Universal Introduction rule(Ai): open a subproof with a fresh variable not occurring in any open hypothesis.\nCreate new variable like this: '<line_number>. { <new_variable> '\n\nFor Existential Elimination rule(Ee): open a subproof with a fresh witness constant/variable. \nCreate new variable like this: '<line_number>. {<new_variable> φ[<old_variable>/<new_variable>] hip\n  Write only the final proof in <proof>...</proof> tags. Only use <proof>...</proof> tags ONCE. Only use these symbols inside the proof '&' , '->', '~', '|', '@', '(', ')', '{', '}', 'Ax', 'Ex'.\nDo not include explanations, commentary, or extra text inside and outside the <proof>...</proof> tags.\n ""}, {'role': 'user', 'content': ""Prove'Ax ((B(x)->C(x))&(C(x)->B(x))) |- Ax ((~B(x)->~C(x))&(~C(x)->~B(x)))' using the natural deduction method. Only one final answer, surrounded by <proof>...</proof>, using the notation described.""}]","<proof>
1. Ax ((P(x)->Q(x))&(Q(x)->P(x))) pre
2.{ x
3. (P(x)->Q(x))&(Q(x)->P(x)) @e 1
4. P(x)->Q(x) &i 3
5. Q(x)->P(x) &i 3
6. { ~P(x) } hip
7. Q(x) hip
8. P(x) @e 5,7
9. ⊥ ~e 6,8
10. ~Q(x) ~i 7-9
11. ~P(x)->~Q(x) ->i 6-10
12. { ~Q(x) } hip
13. P(x) hip
14. Q(x) @e 4,13
15. ⊥ ~e 12,14
16. ~P(x) ~i 13-15
17. ~Q(x)->~P(x) ->i 12-16
18. (¬P(x)->¬Q(x))&(¬Q(x)->¬P(x)) &i 11,17 }
19. Ax ((~P(x)->~Q(x))&(~Q(x)->~P(x))) Ai 2-18
</proof>","1. Ax ((P(x)->Q(x))&(Q(x)->P(x))) pre
2.{ x
3. (P(x)->Q(x))&(Q(x)->P(x)) @e 1
4. P(x)->Q(x) &i 3
5. Q(x)->P(x) &i 3
6. { ~P(x) } hip
7. Q(x) hip
8. P(x) @e 5,7
9. ⊥ ~e 6,8
10. ~Q(x) ~i 7-9
11. ~P(x)->~Q(x) ->i 6-10
12. { ~Q(x) } hip
13. P(x) hip
14. Q(x) @e 4,13
15. ⊥ ~e 12,14
16. ~P(x) ~i 13-15
17. ~Q(x)->~P(x) ->i 12-16
18. (¬P(x)->¬Q(x))&(¬Q(x)->¬P(x)) &i 11,17 }
19. Ax ((~P(x)->~Q(x))&(~Q(x)->~P(x))) Ai 2-18","Os seguintes erros foram encontrados:

Uma das definições não está completa, verifique se todas regras foram aplicadas corretamente.
Lembre-se que uma regra de inferência sempre inicia com um número seguido de um . (linha de referência), tem uma fórmula e uma justificativa (premissa, hipóteses ou uma das regras de inferência com suas respectivas referências para fórmulas anteriores).
Erro de sintaxe:
6. { ~P(x) } hip
           ^
",6.73614454269409,stop,910,1844
|- Ex (B(x)|C(x))->(Ex B(x)|Ex C(x)),"[{'role': 'system', 'content': ""You are an expert in logic using the Natural Deduction method.\nYou will receive one first order logic problem. Your task is to prove its validity using Natural Deduction and represent the proof in a Fitch-like notation, following these formatting instructions.\n\n### FORMAT OF PROOF LINES\nEach proof line must be structured like: '<line_number>. <formula> <origin>'\n- <line_number>: sequential integer, always ending with a dot ('1.', '2.', '3.', ...)\n- <formula>: the formula derived on that line\n- <origin>: either 'pre' (premise), 'hip' (hypothesis) or '<rule_name> <line_refs>'\n - <rule_name> and <line_refs>: \n - &e (1 line) \n - &i (2 lines) \n - ->e (2 lines) \n - ->i (1 range) \n - ~e (2 lines) \n - ~i (1 range) \n - |e (1 line + 2 ranges) \n - |i (1 line) \n - @e (1 line) \n - raa (1 range) \n - copy (1 line) \n - Ae (1 line)\n - Ai (1 range)\n - Ee (1 line + 1 range)\n - Ei (1 line)\n - <line_refs>: Must be comma-separated line numbers or ranges. Ranges denote subproofs (e.g., `->i 8-12`, `|e 4, 5-9, 10-14`)\n\n### SUBPROOFS / HYPOTHESES\nUse subproofs for hypotheses. Use curly braces '{' and '}' to open and close subproofs. \nPlace `{` immediately after the line number (e.g. '8.{ A|B hip') and `}` at the end of the final line of the subproof (e.g. '10. B @e 4}').\nNested subproofs are allowed. But a formula may only be used at a specific point if it appeared earlier in the same subproof or an outer subproof to the current subproof.\n\n### SYMBOLS & CONVENTIONS\nUse the following symbols for logical operations: \n- & = conjunction (and) \n- | = disjunction (or) \n- ~ = negation (not) \n- -> = implication (implies)\n\nQuantifiers symbols: \n Ax represents ∀x \n Ex represents ∃x\nSo formulas with ∀x and ∃x will be represented by Ax and Ex (A and E followed by the variable x). For example, Ax (H(x)->M(x)) represents ∀x (H(x)→M(x)).\n\n###CONVENTIONS\nAtoms: only uppercase letters not immediately followed by parentesis (e.g. P, Q, R).\nPredicates: uppercase letters immediately followed by parentesis (e.g. H(x), M(y), Q(a,b) ). All predicates must use parentheses.\nVariables: first letter in lowercase, can be followed by letters and numbers (e.g., x, x0, xP0).\n\n### TO CREATE NEW VARIABLE:\nFor Universal Introduction rule(Ai): open a subproof with a fresh variable not occurring in any open hypothesis.\nCreate new variable like this: '<line_number>. { <new_variable> '\n\nFor Existential Elimination rule(Ee): open a subproof with a fresh witness constant/variable. \nCreate new variable like this: '<line_number>. {<new_variable> φ[<old_variable>/<new_variable>] hip\n  Write only the final proof in <proof>...</proof> tags. Only use <proof>...</proof> tags ONCE. Only use these symbols inside the proof '&' , '->', '~', '|', '@', '(', ')', '{', '}', 'Ax', 'Ex'.\nDo not include explanations, commentary, or extra text inside and outside the <proof>...</proof> tags.\n ""}, {'role': 'user', 'content': ""Prove'|- Ex (B(x)|C(x))->(Ex B(x)|Ex C(x))' using the natural deduction method. Only one final answer, surrounded by <proof>...</proof>, using the notation described.""}]","<proof>
1. ∃x(P(x)|Q(x)) pre
2.{ ∃x(P(x)|Q(x)) hip
3. P(a)|Q(a) @e 2
4.{ P(a) hip
5. ∃xP(x) ∃i 4
6. }
7.{ Q(a) hip
8. ∃xQ(x) ∃i 7
9. }
10. ∃xP(x)|∃xQ(x) |e 3,5-6,8-9
11. }
12. (∃x(P(x)|Q(x)))->(∃xP(x)|∃xQ(x)) ->i 2-11
</proof>","1. ∃x(P(x)|Q(x)) pre
2.{ ∃x(P(x)|Q(x)) hip
3. P(a)|Q(a) @e 2
4.{ P(a) hip
5. ∃xP(x) ∃i 4
6. }
7.{ Q(a) hip
8. ∃xQ(x) ∃i 7
9. }
10. ∃xP(x)|∃xQ(x) |e 3,5-6,8-9
11. }
12. (∃x(P(x)|Q(x)))->(∃xP(x)|∃xQ(x)) ->i 2-11","Os seguintes erros foram encontrados:

Uma das definições não está completa, verifique se todas regras foram aplicadas corretamente.
Lembre-se que uma regra de inferência sempre inicia com um número seguido de um . (linha de referência), tem uma fórmula e uma justificativa (premissa, hipóteses ou uma das regras de inferência com suas respectivas referências para fórmulas anteriores).
Erro de sintaxe:
1. ∃x(P(x)|Q(x)) pre
   ^ Símbolo não pertence a linguagem.
",2.54597043991089,stop,893,667
(B(a)->C(a))&Ax (B(x)->C(x)) |- B(b)->C(b),"[{'role': 'system', 'content': ""You are an expert in logic using the Natural Deduction method.\nYou will receive one first order logic problem. Your task is to prove its validity using Natural Deduction and represent the proof in a Fitch-like notation, following these formatting instructions.\n\n### FORMAT OF PROOF LINES\nEach proof line must be structured like: '<line_number>. <formula> <origin>'\n- <line_number>: sequential integer, always ending with a dot ('1.', '2.', '3.', ...)\n- <formula>: the formula derived on that line\n- <origin>: either 'pre' (premise), 'hip' (hypothesis) or '<rule_name> <line_refs>'\n - <rule_name> and <line_refs>: \n - &e (1 line) \n - &i (2 lines) \n - ->e (2 lines) \n - ->i (1 range) \n - ~e (2 lines) \n - ~i (1 range) \n - |e (1 line + 2 ranges) \n - |i (1 line) \n - @e (1 line) \n - raa (1 range) \n - copy (1 line) \n - Ae (1 line)\n - Ai (1 range)\n - Ee (1 line + 1 range)\n - Ei (1 line)\n - <line_refs>: Must be comma-separated line numbers or ranges. Ranges denote subproofs (e.g., `->i 8-12`, `|e 4, 5-9, 10-14`)\n\n### SUBPROOFS / HYPOTHESES\nUse subproofs for hypotheses. Use curly braces '{' and '}' to open and close subproofs. \nPlace `{` immediately after the line number (e.g. '8.{ A|B hip') and `}` at the end of the final line of the subproof (e.g. '10. B @e 4}').\nNested subproofs are allowed. But a formula may only be used at a specific point if it appeared earlier in the same subproof or an outer subproof to the current subproof.\n\n### SYMBOLS & CONVENTIONS\nUse the following symbols for logical operations: \n- & = conjunction (and) \n- | = disjunction (or) \n- ~ = negation (not) \n- -> = implication (implies)\n\nQuantifiers symbols: \n Ax represents ∀x \n Ex represents ∃x\nSo formulas with ∀x and ∃x will be represented by Ax and Ex (A and E followed by the variable x). For example, Ax (H(x)->M(x)) represents ∀x (H(x)→M(x)).\n\n###CONVENTIONS\nAtoms: only uppercase letters not immediately followed by parentesis (e.g. P, Q, R).\nPredicates: uppercase letters immediately followed by parentesis (e.g. H(x), M(y), Q(a,b) ). All predicates must use parentheses.\nVariables: first letter in lowercase, can be followed by letters and numbers (e.g., x, x0, xP0).\n\n### TO CREATE NEW VARIABLE:\nFor Universal Introduction rule(Ai): open a subproof with a fresh variable not occurring in any open hypothesis.\nCreate new variable like this: '<line_number>. { <new_variable> '\n\nFor Existential Elimination rule(Ee): open a subproof with a fresh witness constant/variable. \nCreate new variable like this: '<line_number>. {<new_variable> φ[<old_variable>/<new_variable>] hip\n  Write only the final proof in <proof>...</proof> tags. Only use <proof>...</proof> tags ONCE. Only use these symbols inside the proof '&' , '->', '~', '|', '@', '(', ')', '{', '}', 'Ax', 'Ex'.\nDo not include explanations, commentary, or extra text inside and outside the <proof>...</proof> tags.\n ""}, {'role': 'user', 'content': ""Prove'(B(a)->C(a))&Ax (B(x)->C(x)) |- B(b)->C(b)' using the natural deduction method. Only one final answer, surrounded by <proof>...</proof>, using the notation described.""}]","<proof>
1. (P(a)->Q(a))&Ax(P(x)->Q(x)) pre
2. P(a)->Q(a) &e 1
3. Ax(P(x)->Q(x)) &e 1
4.{ P(b) hip
5. P(b)->Q(b) Ae 3
6. Q(b) ->e 5,4}
7. P(b)->Q(b) ->i 4-6
</proof>","1. (P(a)->Q(a))&Ax(P(x)->Q(x)) pre
2. P(a)->Q(a) &e 1
3. Ax(P(x)->Q(x)) &e 1
4.{ P(b) hip
5. P(b)->Q(b) Ae 3
6. Q(b) ->e 5,4}
7. P(b)->Q(b) ->i 4-6","A demonstração está correta.
(P(a)->Q(a))&Ax (P(x)->Q(x)) |- P(b)->Q(b)

Código da demonstração no estilo Fitch em Latex:
\begin{logicproof}{6}
(P(a)\rightarrow Q(a))\land \forall x (P(x)\rightarrow Q(x)) & premissa\\
P(a)\rightarrow Q(a) & $\land e$ 1\\
\forall x (P(x)\rightarrow Q(x)) & $\land e$ 1\\
\begin{subproof}
P(b) & hipótese\\
P(b)\rightarrow Q(b) & $\forall e$ 3\\
Q(b) & $\rightarrow e$ 5, 4
\end{subproof}
P(b)\rightarrow Q(b) & $\rightarrow i$ 4-6
\end{logicproof}

Código da demonstração no estilo Gentzen em Latex:
\[\infer[\!\!{\rightarrow\text{i}^{_1}}]{P(b)\rightarrow Q(b)}{\infer[\!\!{\rightarrow\text{e}}]{Q(b)}{{\infer[\!\!\forall\text{e}]{P(b)\rightarrow Q(b)}{\infer[\!\!{\land\text{e}}]{\forall x (P(x)\rightarrow Q(x))}{{(P(a)\rightarrow Q(a))\land \forall x (P(x)\rightarrow Q(x))}}}}&{\big[P(b)\big]^{_{1}}}}}\]
",3.10669708251953,stop,896,870
"Ex (B(x)&C(x)), Ax (B(x)->D(x)) |- Ex D(x)","[{'role': 'system', 'content': ""You are an expert in logic using the Natural Deduction method.\nYou will receive one first order logic problem. Your task is to prove its validity using Natural Deduction and represent the proof in a Fitch-like notation, following these formatting instructions.\n\n### FORMAT OF PROOF LINES\nEach proof line must be structured like: '<line_number>. <formula> <origin>'\n- <line_number>: sequential integer, always ending with a dot ('1.', '2.', '3.', ...)\n- <formula>: the formula derived on that line\n- <origin>: either 'pre' (premise), 'hip' (hypothesis) or '<rule_name> <line_refs>'\n - <rule_name> and <line_refs>: \n - &e (1 line) \n - &i (2 lines) \n - ->e (2 lines) \n - ->i (1 range) \n - ~e (2 lines) \n - ~i (1 range) \n - |e (1 line + 2 ranges) \n - |i (1 line) \n - @e (1 line) \n - raa (1 range) \n - copy (1 line) \n - Ae (1 line)\n - Ai (1 range)\n - Ee (1 line + 1 range)\n - Ei (1 line)\n - <line_refs>: Must be comma-separated line numbers or ranges. Ranges denote subproofs (e.g., `->i 8-12`, `|e 4, 5-9, 10-14`)\n\n### SUBPROOFS / HYPOTHESES\nUse subproofs for hypotheses. Use curly braces '{' and '}' to open and close subproofs. \nPlace `{` immediately after the line number (e.g. '8.{ A|B hip') and `}` at the end of the final line of the subproof (e.g. '10. B @e 4}').\nNested subproofs are allowed. But a formula may only be used at a specific point if it appeared earlier in the same subproof or an outer subproof to the current subproof.\n\n### SYMBOLS & CONVENTIONS\nUse the following symbols for logical operations: \n- & = conjunction (and) \n- | = disjunction (or) \n- ~ = negation (not) \n- -> = implication (implies)\n\nQuantifiers symbols: \n Ax represents ∀x \n Ex represents ∃x\nSo formulas with ∀x and ∃x will be represented by Ax and Ex (A and E followed by the variable x). For example, Ax (H(x)->M(x)) represents ∀x (H(x)→M(x)).\n\n###CONVENTIONS\nAtoms: only uppercase letters not immediately followed by parentesis (e.g. P, Q, R).\nPredicates: uppercase letters immediately followed by parentesis (e.g. H(x), M(y), Q(a,b) ). All predicates must use parentheses.\nVariables: first letter in lowercase, can be followed by letters and numbers (e.g., x, x0, xP0).\n\n### TO CREATE NEW VARIABLE:\nFor Universal Introduction rule(Ai): open a subproof with a fresh variable not occurring in any open hypothesis.\nCreate new variable like this: '<line_number>. { <new_variable> '\n\nFor Existential Elimination rule(Ee): open a subproof with a fresh witness constant/variable. \nCreate new variable like this: '<line_number>. {<new_variable> φ[<old_variable>/<new_variable>] hip\n  Write only the final proof in <proof>...</proof> tags. Only use <proof>...</proof> tags ONCE. Only use these symbols inside the proof '&' , '->', '~', '|', '@', '(', ')', '{', '}', 'Ax', 'Ex'.\nDo not include explanations, commentary, or extra text inside and outside the <proof>...</proof> tags.\n ""}, {'role': 'user', 'content': ""Prove'Ex (B(x)&C(x)), Ax (B(x)->D(x)) |- Ex D(x)' using the natural deduction method. Only one final answer, surrounded by <proof>...</proof>, using the notation described.""}]","<proof>
1. Ex(P(x)&Q(x)) pre
2.{ a (P(a)&Q(a)) Ee 1
3. P(a) &e 2
4. Ax(P(x)->R(x)) pre
5. P(a)->R(a) Ae 4
6. R(a) ->e 3,5
7. Ex R(x) Ex 6 }
</proof>","1. Ex(P(x)&Q(x)) pre
2.{ a (P(a)&Q(a)) Ee 1
3. P(a) &e 2
4. Ax(P(x)->R(x)) pre
5. P(a)->R(a) Ae 4
6. R(a) ->e 3,5
7. Ex R(x) Ex 6 }","Os seguintes erros foram encontrados:

Uma das definições não está completa, verifique se todas regras foram aplicadas corretamente.
Lembre-se que uma regra de inferência sempre inicia com um número seguido de um . (linha de referência), tem uma fórmula e uma justificativa (premissa, hipóteses ou uma das regras de inferência com suas respectivas referências para fórmulas anteriores).
Erro de sintaxe:
2.{ a (P(a)&Q(a)) Ee 1
                  ^
",3.50864624977112,stop,895,972
"Ax (B->C(x)), B |- Ax C(x)","[{'role': 'system', 'content': ""You are an expert in logic using the Natural Deduction method.\nYou will receive one first order logic problem. Your task is to prove its validity using Natural Deduction and represent the proof in a Fitch-like notation, following these formatting instructions.\n\n### FORMAT OF PROOF LINES\nEach proof line must be structured like: '<line_number>. <formula> <origin>'\n- <line_number>: sequential integer, always ending with a dot ('1.', '2.', '3.', ...)\n- <formula>: the formula derived on that line\n- <origin>: either 'pre' (premise), 'hip' (hypothesis) or '<rule_name> <line_refs>'\n - <rule_name> and <line_refs>: \n - &e (1 line) \n - &i (2 lines) \n - ->e (2 lines) \n - ->i (1 range) \n - ~e (2 lines) \n - ~i (1 range) \n - |e (1 line + 2 ranges) \n - |i (1 line) \n - @e (1 line) \n - raa (1 range) \n - copy (1 line) \n - Ae (1 line)\n - Ai (1 range)\n - Ee (1 line + 1 range)\n - Ei (1 line)\n - <line_refs>: Must be comma-separated line numbers or ranges. Ranges denote subproofs (e.g., `->i 8-12`, `|e 4, 5-9, 10-14`)\n\n### SUBPROOFS / HYPOTHESES\nUse subproofs for hypotheses. Use curly braces '{' and '}' to open and close subproofs. \nPlace `{` immediately after the line number (e.g. '8.{ A|B hip') and `}` at the end of the final line of the subproof (e.g. '10. B @e 4}').\nNested subproofs are allowed. But a formula may only be used at a specific point if it appeared earlier in the same subproof or an outer subproof to the current subproof.\n\n### SYMBOLS & CONVENTIONS\nUse the following symbols for logical operations: \n- & = conjunction (and) \n- | = disjunction (or) \n- ~ = negation (not) \n- -> = implication (implies)\n\nQuantifiers symbols: \n Ax represents ∀x \n Ex represents ∃x\nSo formulas with ∀x and ∃x will be represented by Ax and Ex (A and E followed by the variable x). For example, Ax (H(x)->M(x)) represents ∀x (H(x)→M(x)).\n\n###CONVENTIONS\nAtoms: only uppercase letters not immediately followed by parentesis (e.g. P, Q, R).\nPredicates: uppercase letters immediately followed by parentesis (e.g. H(x), M(y), Q(a,b) ). All predicates must use parentheses.\nVariables: first letter in lowercase, can be followed by letters and numbers (e.g., x, x0, xP0).\n\n### TO CREATE NEW VARIABLE:\nFor Universal Introduction rule(Ai): open a subproof with a fresh variable not occurring in any open hypothesis.\nCreate new variable like this: '<line_number>. { <new_variable> '\n\nFor Existential Elimination rule(Ee): open a subproof with a fresh witness constant/variable. \nCreate new variable like this: '<line_number>. {<new_variable> φ[<old_variable>/<new_variable>] hip\n  Write only the final proof in <proof>...</proof> tags. Only use <proof>...</proof> tags ONCE. Only use these symbols inside the proof '&' , '->', '~', '|', '@', '(', ')', '{', '}', 'Ax', 'Ex'.\nDo not include explanations, commentary, or extra text inside and outside the <proof>...</proof> tags.\n ""}, {'role': 'user', 'content': ""Prove'Ax (B->C(x)), B |- Ax C(x)' using the natural deduction method. Only one final answer, surrounded by <proof>...</proof>, using the notation described.""}]","<proof>
1. Ax (P->Q(x)) pre
2. P pre
3. P->Q(a) ->e 1
4. Q(a) ->e 2,3
5.{ y
6. P->Q(y) ->e 1
7. Q(y) ->e 2,6
8. Ax Q(y) Ai 5-7 }
</proof>","1. Ax (P->Q(x)) pre
2. P pre
3. P->Q(a) ->e 1
4. Q(a) ->e 2,3
5.{ y
6. P->Q(y) ->e 1
7. Q(y) ->e 2,6
8. Ax Q(y) Ai 5-7 }","Os seguintes erros foram encontrados:

Erro de sintaxe na linha 3:
3. P->Q(a) ->e 1
           ^, a regra ->e deve ter duas referências separadas por vírgula.Erro de sintaxe na linha 6:
6. P->Q(y) ->e 1
           ^, a regra ->e deve ter duas referências separadas por vírgula.Erro de sintaxe na linha 7:
7. Q(y) ->e 2,6
^, A hipótese que foi introduzida por essa caixa dever ser descartada pela regra que a introduziu em linha imediatamente posterior ao fechamento desta caixa.Erro de sintaxe na linha 4:
4. Q(a) ->e 2,3
              ^, a referência a fórmula da linha 3 não pode ser utilizada, pois esta fórmula já foi descartada.Erro de sintaxe na linha 7:
7. Q(y) ->e 2,6
              ^, a referência a fórmula da linha 6 não pode ser utilizada, pois esta fórmula já foi descartada.Erro de sintaxe na linha 8:
8. Ax Q(y) Ai 5-7 }
              ^, esta não é uma caixa (escopo) válida.",2.46764492988586,stop,887,678
"Ax B(x)->C, Ax B(x), C->D(b) |- Ex D(x)","[{'role': 'system', 'content': ""You are an expert in logic using the Natural Deduction method.\nYou will receive one first order logic problem. Your task is to prove its validity using Natural Deduction and represent the proof in a Fitch-like notation, following these formatting instructions.\n\n### FORMAT OF PROOF LINES\nEach proof line must be structured like: '<line_number>. <formula> <origin>'\n- <line_number>: sequential integer, always ending with a dot ('1.', '2.', '3.', ...)\n- <formula>: the formula derived on that line\n- <origin>: either 'pre' (premise), 'hip' (hypothesis) or '<rule_name> <line_refs>'\n - <rule_name> and <line_refs>: \n - &e (1 line) \n - &i (2 lines) \n - ->e (2 lines) \n - ->i (1 range) \n - ~e (2 lines) \n - ~i (1 range) \n - |e (1 line + 2 ranges) \n - |i (1 line) \n - @e (1 line) \n - raa (1 range) \n - copy (1 line) \n - Ae (1 line)\n - Ai (1 range)\n - Ee (1 line + 1 range)\n - Ei (1 line)\n - <line_refs>: Must be comma-separated line numbers or ranges. Ranges denote subproofs (e.g., `->i 8-12`, `|e 4, 5-9, 10-14`)\n\n### SUBPROOFS / HYPOTHESES\nUse subproofs for hypotheses. Use curly braces '{' and '}' to open and close subproofs. \nPlace `{` immediately after the line number (e.g. '8.{ A|B hip') and `}` at the end of the final line of the subproof (e.g. '10. B @e 4}').\nNested subproofs are allowed. But a formula may only be used at a specific point if it appeared earlier in the same subproof or an outer subproof to the current subproof.\n\n### SYMBOLS & CONVENTIONS\nUse the following symbols for logical operations: \n- & = conjunction (and) \n- | = disjunction (or) \n- ~ = negation (not) \n- -> = implication (implies)\n\nQuantifiers symbols: \n Ax represents ∀x \n Ex represents ∃x\nSo formulas with ∀x and ∃x will be represented by Ax and Ex (A and E followed by the variable x). For example, Ax (H(x)->M(x)) represents ∀x (H(x)→M(x)).\n\n###CONVENTIONS\nAtoms: only uppercase letters not immediately followed by parentesis (e.g. P, Q, R).\nPredicates: uppercase letters immediately followed by parentesis (e.g. H(x), M(y), Q(a,b) ). All predicates must use parentheses.\nVariables: first letter in lowercase, can be followed by letters and numbers (e.g., x, x0, xP0).\n\n### TO CREATE NEW VARIABLE:\nFor Universal Introduction rule(Ai): open a subproof with a fresh variable not occurring in any open hypothesis.\nCreate new variable like this: '<line_number>. { <new_variable> '\n\nFor Existential Elimination rule(Ee): open a subproof with a fresh witness constant/variable. \nCreate new variable like this: '<line_number>. {<new_variable> φ[<old_variable>/<new_variable>] hip\n  Write only the final proof in <proof>...</proof> tags. Only use <proof>...</proof> tags ONCE. Only use these symbols inside the proof '&' , '->', '~', '|', '@', '(', ')', '{', '}', 'Ax', 'Ex'.\nDo not include explanations, commentary, or extra text inside and outside the <proof>...</proof> tags.\n ""}, {'role': 'user', 'content': ""Prove'Ax B(x)->C, Ax B(x), C->D(b) |- Ex D(x)' using the natural deduction method. Only one final answer, surrounded by <proof>...</proof>, using the notation described.""}]","<proof>
1. Ax P(x)->B pre
2. Ax P(x) pre
3. B->Q(b) pre
4. P(a)->B Ax e 1
5. P(a) Ax e 2
6. B ->e 4,5
7. Q(b) ->e 3,6
8. Ex Q(x) @i 7
</proof>","1. Ax P(x)->B pre
2. Ax P(x) pre
3. B->Q(b) pre
4. P(a)->B Ax e 1
5. P(a) Ax e 2
6. B ->e 4,5
7. Q(b) ->e 3,6
8. Ex Q(x) @i 7","Os seguintes erros foram encontrados:

Uma das definições não está completa, verifique se todas regras foram aplicadas corretamente.
Lembre-se que uma regra de inferência sempre inicia com um número seguido de um . (linha de referência), tem uma fórmula e uma justificativa (premissa, hipóteses ou uma das regras de inferência com suas respectivas referências para fórmulas anteriores).
Erro de sintaxe:
4. P(a)->B Ax e 1
           ^
",1.87965798377991,stop,894,515
Ax ((B(x)->C(x))&(C(x)->B(x))) |- Ax B(x)->Ax C(x),"[{'role': 'system', 'content': ""You are an expert in logic using the Natural Deduction method.\nYou will receive one first order logic problem. Your task is to prove its validity using Natural Deduction and represent the proof in a Fitch-like notation, following these formatting instructions.\n\n### FORMAT OF PROOF LINES\nEach proof line must be structured like: '<line_number>. <formula> <origin>'\n- <line_number>: sequential integer, always ending with a dot ('1.', '2.', '3.', ...)\n- <formula>: the formula derived on that line\n- <origin>: either 'pre' (premise), 'hip' (hypothesis) or '<rule_name> <line_refs>'\n - <rule_name> and <line_refs>: \n - &e (1 line) \n - &i (2 lines) \n - ->e (2 lines) \n - ->i (1 range) \n - ~e (2 lines) \n - ~i (1 range) \n - |e (1 line + 2 ranges) \n - |i (1 line) \n - @e (1 line) \n - raa (1 range) \n - copy (1 line) \n - Ae (1 line)\n - Ai (1 range)\n - Ee (1 line + 1 range)\n - Ei (1 line)\n - <line_refs>: Must be comma-separated line numbers or ranges. Ranges denote subproofs (e.g., `->i 8-12`, `|e 4, 5-9, 10-14`)\n\n### SUBPROOFS / HYPOTHESES\nUse subproofs for hypotheses. Use curly braces '{' and '}' to open and close subproofs. \nPlace `{` immediately after the line number (e.g. '8.{ A|B hip') and `}` at the end of the final line of the subproof (e.g. '10. B @e 4}').\nNested subproofs are allowed. But a formula may only be used at a specific point if it appeared earlier in the same subproof or an outer subproof to the current subproof.\n\n### SYMBOLS & CONVENTIONS\nUse the following symbols for logical operations: \n- & = conjunction (and) \n- | = disjunction (or) \n- ~ = negation (not) \n- -> = implication (implies)\n\nQuantifiers symbols: \n Ax represents ∀x \n Ex represents ∃x\nSo formulas with ∀x and ∃x will be represented by Ax and Ex (A and E followed by the variable x). For example, Ax (H(x)->M(x)) represents ∀x (H(x)→M(x)).\n\n###CONVENTIONS\nAtoms: only uppercase letters not immediately followed by parentesis (e.g. P, Q, R).\nPredicates: uppercase letters immediately followed by parentesis (e.g. H(x), M(y), Q(a,b) ). All predicates must use parentheses.\nVariables: first letter in lowercase, can be followed by letters and numbers (e.g., x, x0, xP0).\n\n### TO CREATE NEW VARIABLE:\nFor Universal Introduction rule(Ai): open a subproof with a fresh variable not occurring in any open hypothesis.\nCreate new variable like this: '<line_number>. { <new_variable> '\n\nFor Existential Elimination rule(Ee): open a subproof with a fresh witness constant/variable. \nCreate new variable like this: '<line_number>. {<new_variable> φ[<old_variable>/<new_variable>] hip\n  Write only the final proof in <proof>...</proof> tags. Only use <proof>...</proof> tags ONCE. Only use these symbols inside the proof '&' , '->', '~', '|', '@', '(', ')', '{', '}', 'Ax', 'Ex'.\nDo not include explanations, commentary, or extra text inside and outside the <proof>...</proof> tags.\n ""}, {'role': 'user', 'content': ""Prove'Ax ((B(x)->C(x))&(C(x)->B(x))) |- Ax B(x)->Ax C(x)' using the natural deduction method. Only one final answer, surrounded by <proof>...</proof>, using the notation described.""}]","<proof>
1. Ax ((P(x)->Q(x))&(Q(x)->P(x))) pre
2.{∀x P(x) hip
3.(P(a)->Q(a))&(Q(a)->P(a)) @e 1
4.P(a)->Q(a) &e 3
5.P(a) @e 2
6.Q(a) ->e 4,5
7.Ax Q(x) Ai 6
8.∀x P(x) -> ∀x Q(x) ->i 2-7}
</proof>","1. Ax ((P(x)->Q(x))&(Q(x)->P(x))) pre
2.{∀x P(x) hip
3.(P(a)->Q(a))&(Q(a)->P(a)) @e 1
4.P(a)->Q(a) &e 3
5.P(a) @e 2
6.Q(a) ->e 4,5
7.Ax Q(x) Ai 6
8.∀x P(x) -> ∀x Q(x) ->i 2-7}","Os seguintes erros foram encontrados:

Uma das definições não está completa, verifique se todas regras foram aplicadas corretamente.
Lembre-se que uma regra de inferência sempre inicia com um número seguido de um . (linha de referência), tem uma fórmula e uma justificativa (premissa, hipóteses ou uma das regras de inferência com suas respectivas referências para fórmulas anteriores).
Erro de sintaxe:
2.{∀x P(x) hip
   ^ Símbolo não pertence a linguagem.
",3.31889081001282,stop,898,910
|- Ex (B(x)|C)->(Ex B(x)|C),"[{'role': 'system', 'content': ""You are an expert in logic using the Natural Deduction method.\nYou will receive one first order logic problem. Your task is to prove its validity using Natural Deduction and represent the proof in a Fitch-like notation, following these formatting instructions.\n\n### FORMAT OF PROOF LINES\nEach proof line must be structured like: '<line_number>. <formula> <origin>'\n- <line_number>: sequential integer, always ending with a dot ('1.', '2.', '3.', ...)\n- <formula>: the formula derived on that line\n- <origin>: either 'pre' (premise), 'hip' (hypothesis) or '<rule_name> <line_refs>'\n - <rule_name> and <line_refs>: \n - &e (1 line) \n - &i (2 lines) \n - ->e (2 lines) \n - ->i (1 range) \n - ~e (2 lines) \n - ~i (1 range) \n - |e (1 line + 2 ranges) \n - |i (1 line) \n - @e (1 line) \n - raa (1 range) \n - copy (1 line) \n - Ae (1 line)\n - Ai (1 range)\n - Ee (1 line + 1 range)\n - Ei (1 line)\n - <line_refs>: Must be comma-separated line numbers or ranges. Ranges denote subproofs (e.g., `->i 8-12`, `|e 4, 5-9, 10-14`)\n\n### SUBPROOFS / HYPOTHESES\nUse subproofs for hypotheses. Use curly braces '{' and '}' to open and close subproofs. \nPlace `{` immediately after the line number (e.g. '8.{ A|B hip') and `}` at the end of the final line of the subproof (e.g. '10. B @e 4}').\nNested subproofs are allowed. But a formula may only be used at a specific point if it appeared earlier in the same subproof or an outer subproof to the current subproof.\n\n### SYMBOLS & CONVENTIONS\nUse the following symbols for logical operations: \n- & = conjunction (and) \n- | = disjunction (or) \n- ~ = negation (not) \n- -> = implication (implies)\n\nQuantifiers symbols: \n Ax represents ∀x \n Ex represents ∃x\nSo formulas with ∀x and ∃x will be represented by Ax and Ex (A and E followed by the variable x). For example, Ax (H(x)->M(x)) represents ∀x (H(x)→M(x)).\n\n###CONVENTIONS\nAtoms: only uppercase letters not immediately followed by parentesis (e.g. P, Q, R).\nPredicates: uppercase letters immediately followed by parentesis (e.g. H(x), M(y), Q(a,b) ). All predicates must use parentheses.\nVariables: first letter in lowercase, can be followed by letters and numbers (e.g., x, x0, xP0).\n\n### TO CREATE NEW VARIABLE:\nFor Universal Introduction rule(Ai): open a subproof with a fresh variable not occurring in any open hypothesis.\nCreate new variable like this: '<line_number>. { <new_variable> '\n\nFor Existential Elimination rule(Ee): open a subproof with a fresh witness constant/variable. \nCreate new variable like this: '<line_number>. {<new_variable> φ[<old_variable>/<new_variable>] hip\n  Write only the final proof in <proof>...</proof> tags. Only use <proof>...</proof> tags ONCE. Only use these symbols inside the proof '&' , '->', '~', '|', '@', '(', ')', '{', '}', 'Ax', 'Ex'.\nDo not include explanations, commentary, or extra text inside and outside the <proof>...</proof> tags.\n ""}, {'role': 'user', 'content': ""Prove'|- Ex (B(x)|C)->(Ex B(x)|C)' using the natural deduction method. Only one final answer, surrounded by <proof>...</proof>, using the notation described.""}]","<proof>
1. ∃x(P(x)|Q) pre
2.{ a
3. P(a)|Q hip
4.{ 
5. P(a) hip
6. ∃x P(a) Ei 5
7. (∃x P(x))|Q |i 6
8. }
9.{ 
10. Q hip
11. (∃x P(x))|Q |i 10
12. }
13. (∃x P(x))|Q |e 3,5-7,9-11
14. (∃x P(x))|Q Ee 1,2-13 }
15. ∃x(P(x)|Q)->((∃x P(x))|Q) ->i 1-14
</proof>","1. ∃x(P(x)|Q) pre
2.{ a
3. P(a)|Q hip
4.{ 
5. P(a) hip
6. ∃x P(a) Ei 5
7. (∃x P(x))|Q |i 6
8. }
9.{ 
10. Q hip
11. (∃x P(x))|Q |i 10
12. }
13. (∃x P(x))|Q |e 3,5-7,9-11
14. (∃x P(x))|Q Ee 1,2-13 }
15. ∃x(P(x)|Q)->((∃x P(x))|Q) ->i 1-14","Os seguintes erros foram encontrados:

Uma das definições não está completa, verifique se todas regras foram aplicadas corretamente.
Lembre-se que uma regra de inferência sempre inicia com um número seguido de um . (linha de referência), tem uma fórmula e uma justificativa (premissa, hipóteses ou uma das regras de inferência com suas respectivas referências para fórmulas anteriores).
Erro de sintaxe:
1. ∃x(P(x)|Q) pre
   ^ Símbolo não pertence a linguagem.
",6.51292490959168,stop,889,1757
"Ax (B(x)->C(x)), Ay (B(y)->D(y)) |- Az (B(z)->(C(z)&D(z)))","[{'role': 'system', 'content': ""You are an expert in logic using the Natural Deduction method.\nYou will receive one first order logic problem. Your task is to prove its validity using Natural Deduction and represent the proof in a Fitch-like notation, following these formatting instructions.\n\n### FORMAT OF PROOF LINES\nEach proof line must be structured like: '<line_number>. <formula> <origin>'\n- <line_number>: sequential integer, always ending with a dot ('1.', '2.', '3.', ...)\n- <formula>: the formula derived on that line\n- <origin>: either 'pre' (premise), 'hip' (hypothesis) or '<rule_name> <line_refs>'\n - <rule_name> and <line_refs>: \n - &e (1 line) \n - &i (2 lines) \n - ->e (2 lines) \n - ->i (1 range) \n - ~e (2 lines) \n - ~i (1 range) \n - |e (1 line + 2 ranges) \n - |i (1 line) \n - @e (1 line) \n - raa (1 range) \n - copy (1 line) \n - Ae (1 line)\n - Ai (1 range)\n - Ee (1 line + 1 range)\n - Ei (1 line)\n - <line_refs>: Must be comma-separated line numbers or ranges. Ranges denote subproofs (e.g., `->i 8-12`, `|e 4, 5-9, 10-14`)\n\n### SUBPROOFS / HYPOTHESES\nUse subproofs for hypotheses. Use curly braces '{' and '}' to open and close subproofs. \nPlace `{` immediately after the line number (e.g. '8.{ A|B hip') and `}` at the end of the final line of the subproof (e.g. '10. B @e 4}').\nNested subproofs are allowed. But a formula may only be used at a specific point if it appeared earlier in the same subproof or an outer subproof to the current subproof.\n\n### SYMBOLS & CONVENTIONS\nUse the following symbols for logical operations: \n- & = conjunction (and) \n- | = disjunction (or) \n- ~ = negation (not) \n- -> = implication (implies)\n\nQuantifiers symbols: \n Ax represents ∀x \n Ex represents ∃x\nSo formulas with ∀x and ∃x will be represented by Ax and Ex (A and E followed by the variable x). For example, Ax (H(x)->M(x)) represents ∀x (H(x)→M(x)).\n\n###CONVENTIONS\nAtoms: only uppercase letters not immediately followed by parentesis (e.g. P, Q, R).\nPredicates: uppercase letters immediately followed by parentesis (e.g. H(x), M(y), Q(a,b) ). All predicates must use parentheses.\nVariables: first letter in lowercase, can be followed by letters and numbers (e.g., x, x0, xP0).\n\n### TO CREATE NEW VARIABLE:\nFor Universal Introduction rule(Ai): open a subproof with a fresh variable not occurring in any open hypothesis.\nCreate new variable like this: '<line_number>. { <new_variable> '\n\nFor Existential Elimination rule(Ee): open a subproof with a fresh witness constant/variable. \nCreate new variable like this: '<line_number>. {<new_variable> φ[<old_variable>/<new_variable>] hip\n  Write only the final proof in <proof>...</proof> tags. Only use <proof>...</proof> tags ONCE. Only use these symbols inside the proof '&' , '->', '~', '|', '@', '(', ')', '{', '}', 'Ax', 'Ex'.\nDo not include explanations, commentary, or extra text inside and outside the <proof>...</proof> tags.\n ""}, {'role': 'user', 'content': ""Prove'Ax (B(x)->C(x)), Ay (B(y)->D(y)) |- Az (B(z)->(C(z)&D(z)))' using the natural deduction method. Only one final answer, surrounded by <proof>...</proof>, using the notation described.""}]","<proof>
1. Ax(P(x)->S(x)) pre
2. Ay(P(y)->T(y)) pre
3. P(z)->S(z) @e 1
4. P(z)->T(z) @e 2
5.{P(z) hip}
6. S(z) ->e 3,5
7. T(z) ->e 4,5
8. S(z)&T(z) &i 6,7
9. P(z)->(S(z)&T(z)) ->i 5-8
10. Az (P(z)->(S(z)&T(z))) Ai 5-9
</proof>","1. Ax(P(x)->S(x)) pre
2. Ay(P(y)->T(y)) pre
3. P(z)->S(z) @e 1
4. P(z)->T(z) @e 2
5.{P(z) hip}
6. S(z) ->e 3,5
7. T(z) ->e 4,5
8. S(z)&T(z) &i 6,7
9. P(z)->(S(z)&T(z)) ->i 5-8
10. Az (P(z)->(S(z)&T(z))) Ai 5-9","Os seguintes erros foram encontrados:

Erro de sintaxe na linha 5:
5.{P(z) hip}
^, A hipótese que foi introduzida por essa caixa dever ser descartada pela regra que a introduziu em linha imediatamente posterior ao fechamento desta caixa.Erro de sintaxe na linha 3:
3. P(z)->S(z) @e 1
                 ^, A fórmula referenciada na linha 1 deveria ser @.Erro de sintaxe na linha 4:
4. P(z)->T(z) @e 2
                 ^, A fórmula referenciada na linha 2 deveria ser @.Erro de sintaxe na linha 6:
6. S(z) ->e 3,5
              ^, a referência a fórmula da linha 5 não pode ser utilizada, pois esta fórmula já foi descartada.Erro de sintaxe na linha 7:
7. T(z) ->e 4,5
              ^, a referência a fórmula da linha 5 não pode ser utilizada, pois esta fórmula já foi descartada.Erro de sintaxe na linha 9:
9. P(z)->(S(z)&T(z)) ->i 5-8
                         ^, esta não é uma caixa (escopo) válida.Erro de sintaxe na linha 10:
10. Az (P(z)->(S(z)&T(z))) Ai 5-9
                              ^, esta não é uma caixa (escopo) válida.Erro de sintaxe na linha 10:
10. Az (P(z)->(S(z)&T(z))) Ai 5-9
                              ^, A caixa que inicia na linha 5 deve iniciar com uma variável para esta regra.",2.16876912117004,stop,904,601
|- B(x)->(B(x)|C(x)),"[{'role': 'system', 'content': ""You are an expert in logic using the Natural Deduction method.\nYou will receive one first order logic problem. Your task is to prove its validity using Natural Deduction and represent the proof in a Fitch-like notation, following these formatting instructions.\n\n### FORMAT OF PROOF LINES\nEach proof line must be structured like: '<line_number>. <formula> <origin>'\n- <line_number>: sequential integer, always ending with a dot ('1.', '2.', '3.', ...)\n- <formula>: the formula derived on that line\n- <origin>: either 'pre' (premise), 'hip' (hypothesis) or '<rule_name> <line_refs>'\n - <rule_name> and <line_refs>: \n - &e (1 line) \n - &i (2 lines) \n - ->e (2 lines) \n - ->i (1 range) \n - ~e (2 lines) \n - ~i (1 range) \n - |e (1 line + 2 ranges) \n - |i (1 line) \n - @e (1 line) \n - raa (1 range) \n - copy (1 line) \n - Ae (1 line)\n - Ai (1 range)\n - Ee (1 line + 1 range)\n - Ei (1 line)\n - <line_refs>: Must be comma-separated line numbers or ranges. Ranges denote subproofs (e.g., `->i 8-12`, `|e 4, 5-9, 10-14`)\n\n### SUBPROOFS / HYPOTHESES\nUse subproofs for hypotheses. Use curly braces '{' and '}' to open and close subproofs. \nPlace `{` immediately after the line number (e.g. '8.{ A|B hip') and `}` at the end of the final line of the subproof (e.g. '10. B @e 4}').\nNested subproofs are allowed. But a formula may only be used at a specific point if it appeared earlier in the same subproof or an outer subproof to the current subproof.\n\n### SYMBOLS & CONVENTIONS\nUse the following symbols for logical operations: \n- & = conjunction (and) \n- | = disjunction (or) \n- ~ = negation (not) \n- -> = implication (implies)\n\nQuantifiers symbols: \n Ax represents ∀x \n Ex represents ∃x\nSo formulas with ∀x and ∃x will be represented by Ax and Ex (A and E followed by the variable x). For example, Ax (H(x)->M(x)) represents ∀x (H(x)→M(x)).\n\n###CONVENTIONS\nAtoms: only uppercase letters not immediately followed by parentesis (e.g. P, Q, R).\nPredicates: uppercase letters immediately followed by parentesis (e.g. H(x), M(y), Q(a,b) ). All predicates must use parentheses.\nVariables: first letter in lowercase, can be followed by letters and numbers (e.g., x, x0, xP0).\n\n### TO CREATE NEW VARIABLE:\nFor Universal Introduction rule(Ai): open a subproof with a fresh variable not occurring in any open hypothesis.\nCreate new variable like this: '<line_number>. { <new_variable> '\n\nFor Existential Elimination rule(Ee): open a subproof with a fresh witness constant/variable. \nCreate new variable like this: '<line_number>. {<new_variable> φ[<old_variable>/<new_variable>] hip\n  Write only the final proof in <proof>...</proof> tags. Only use <proof>...</proof> tags ONCE. Only use these symbols inside the proof '&' , '->', '~', '|', '@', '(', ')', '{', '}', 'Ax', 'Ex'.\nDo not include explanations, commentary, or extra text inside and outside the <proof>...</proof> tags.\n ""}, {'role': 'user', 'content': ""Prove'|- B(x)->(B(x)|C(x))' using the natural deduction method. Only one final answer, surrounded by <proof>...</proof>, using the notation described.""}]","<proof>
1.{ P(x) hip
2. P(x)|Q(x) |i 1
3. }
4. P(x)->(P(x)|Q(x)) ->i 1-2
</proof>","1.{ P(x) hip
2. P(x)|Q(x) |i 1
3. }
4. P(x)->(P(x)|Q(x)) ->i 1-2","Os seguintes erros foram encontrados:

Uma das definições não está completa, verifique se todas regras foram aplicadas corretamente.
Lembre-se que uma regra de inferência sempre inicia com um número seguido de um . (linha de referência), tem uma fórmula e uma justificativa (premissa, hipóteses ou uma das regras de inferência com suas respectivas referências para fórmulas anteriores).
Erro de sintaxe:
3. }
   ^
",3.26045632362366,stop,886,910
|- ~~B(x)->B(x),"[{'role': 'system', 'content': ""You are an expert in logic using the Natural Deduction method.\nYou will receive one first order logic problem. Your task is to prove its validity using Natural Deduction and represent the proof in a Fitch-like notation, following these formatting instructions.\n\n### FORMAT OF PROOF LINES\nEach proof line must be structured like: '<line_number>. <formula> <origin>'\n- <line_number>: sequential integer, always ending with a dot ('1.', '2.', '3.', ...)\n- <formula>: the formula derived on that line\n- <origin>: either 'pre' (premise), 'hip' (hypothesis) or '<rule_name> <line_refs>'\n - <rule_name> and <line_refs>: \n - &e (1 line) \n - &i (2 lines) \n - ->e (2 lines) \n - ->i (1 range) \n - ~e (2 lines) \n - ~i (1 range) \n - |e (1 line + 2 ranges) \n - |i (1 line) \n - @e (1 line) \n - raa (1 range) \n - copy (1 line) \n - Ae (1 line)\n - Ai (1 range)\n - Ee (1 line + 1 range)\n - Ei (1 line)\n - <line_refs>: Must be comma-separated line numbers or ranges. Ranges denote subproofs (e.g., `->i 8-12`, `|e 4, 5-9, 10-14`)\n\n### SUBPROOFS / HYPOTHESES\nUse subproofs for hypotheses. Use curly braces '{' and '}' to open and close subproofs. \nPlace `{` immediately after the line number (e.g. '8.{ A|B hip') and `}` at the end of the final line of the subproof (e.g. '10. B @e 4}').\nNested subproofs are allowed. But a formula may only be used at a specific point if it appeared earlier in the same subproof or an outer subproof to the current subproof.\n\n### SYMBOLS & CONVENTIONS\nUse the following symbols for logical operations: \n- & = conjunction (and) \n- | = disjunction (or) \n- ~ = negation (not) \n- -> = implication (implies)\n\nQuantifiers symbols: \n Ax represents ∀x \n Ex represents ∃x\nSo formulas with ∀x and ∃x will be represented by Ax and Ex (A and E followed by the variable x). For example, Ax (H(x)->M(x)) represents ∀x (H(x)→M(x)).\n\n###CONVENTIONS\nAtoms: only uppercase letters not immediately followed by parentesis (e.g. P, Q, R).\nPredicates: uppercase letters immediately followed by parentesis (e.g. H(x), M(y), Q(a,b) ). All predicates must use parentheses.\nVariables: first letter in lowercase, can be followed by letters and numbers (e.g., x, x0, xP0).\n\n### TO CREATE NEW VARIABLE:\nFor Universal Introduction rule(Ai): open a subproof with a fresh variable not occurring in any open hypothesis.\nCreate new variable like this: '<line_number>. { <new_variable> '\n\nFor Existential Elimination rule(Ee): open a subproof with a fresh witness constant/variable. \nCreate new variable like this: '<line_number>. {<new_variable> φ[<old_variable>/<new_variable>] hip\n  Write only the final proof in <proof>...</proof> tags. Only use <proof>...</proof> tags ONCE. Only use these symbols inside the proof '&' , '->', '~', '|', '@', '(', ')', '{', '}', 'Ax', 'Ex'.\nDo not include explanations, commentary, or extra text inside and outside the <proof>...</proof> tags.\n ""}, {'role': 'user', 'content': ""Prove'|- ~~B(x)->B(x)' using the natural deduction method. Only one final answer, surrounded by <proof>...</proof>, using the notation described.""}]","<proof>
1. ¬¬P(x) pre
2.{ ¬P(x) hip
3. ⊥ ~e 2,1
4. P(x) ~i 2-3
5. ¬¬P(x)->P(x) ->i 1-4
</proof>","1. ¬¬P(x) pre
2.{ ¬P(x) hip
3. ⊥ ~e 2,1
4. P(x) ~i 2-3
5. ¬¬P(x)->P(x) ->i 1-4","Os seguintes erros foram encontrados:

Uma das definições não está completa, verifique se todas regras foram aplicadas corretamente.
Lembre-se que uma regra de inferência sempre inicia com um número seguido de um . (linha de referência), tem uma fórmula e uma justificativa (premissa, hipóteses ou uma das regras de inferência com suas respectivas referências para fórmulas anteriores).
Erro de sintaxe:
1. ¬¬P(x) pre
   ^ Símbolo não pertence a linguagem.
",2.45299077033997,stop,882,633
|- B(x)->~~B(x),"[{'role': 'system', 'content': ""You are an expert in logic using the Natural Deduction method.\nYou will receive one first order logic problem. Your task is to prove its validity using Natural Deduction and represent the proof in a Fitch-like notation, following these formatting instructions.\n\n### FORMAT OF PROOF LINES\nEach proof line must be structured like: '<line_number>. <formula> <origin>'\n- <line_number>: sequential integer, always ending with a dot ('1.', '2.', '3.', ...)\n- <formula>: the formula derived on that line\n- <origin>: either 'pre' (premise), 'hip' (hypothesis) or '<rule_name> <line_refs>'\n - <rule_name> and <line_refs>: \n - &e (1 line) \n - &i (2 lines) \n - ->e (2 lines) \n - ->i (1 range) \n - ~e (2 lines) \n - ~i (1 range) \n - |e (1 line + 2 ranges) \n - |i (1 line) \n - @e (1 line) \n - raa (1 range) \n - copy (1 line) \n - Ae (1 line)\n - Ai (1 range)\n - Ee (1 line + 1 range)\n - Ei (1 line)\n - <line_refs>: Must be comma-separated line numbers or ranges. Ranges denote subproofs (e.g., `->i 8-12`, `|e 4, 5-9, 10-14`)\n\n### SUBPROOFS / HYPOTHESES\nUse subproofs for hypotheses. Use curly braces '{' and '}' to open and close subproofs. \nPlace `{` immediately after the line number (e.g. '8.{ A|B hip') and `}` at the end of the final line of the subproof (e.g. '10. B @e 4}').\nNested subproofs are allowed. But a formula may only be used at a specific point if it appeared earlier in the same subproof or an outer subproof to the current subproof.\n\n### SYMBOLS & CONVENTIONS\nUse the following symbols for logical operations: \n- & = conjunction (and) \n- | = disjunction (or) \n- ~ = negation (not) \n- -> = implication (implies)\n\nQuantifiers symbols: \n Ax represents ∀x \n Ex represents ∃x\nSo formulas with ∀x and ∃x will be represented by Ax and Ex (A and E followed by the variable x). For example, Ax (H(x)->M(x)) represents ∀x (H(x)→M(x)).\n\n###CONVENTIONS\nAtoms: only uppercase letters not immediately followed by parentesis (e.g. P, Q, R).\nPredicates: uppercase letters immediately followed by parentesis (e.g. H(x), M(y), Q(a,b) ). All predicates must use parentheses.\nVariables: first letter in lowercase, can be followed by letters and numbers (e.g., x, x0, xP0).\n\n### TO CREATE NEW VARIABLE:\nFor Universal Introduction rule(Ai): open a subproof with a fresh variable not occurring in any open hypothesis.\nCreate new variable like this: '<line_number>. { <new_variable> '\n\nFor Existential Elimination rule(Ee): open a subproof with a fresh witness constant/variable. \nCreate new variable like this: '<line_number>. {<new_variable> φ[<old_variable>/<new_variable>] hip\n  Write only the final proof in <proof>...</proof> tags. Only use <proof>...</proof> tags ONCE. Only use these symbols inside the proof '&' , '->', '~', '|', '@', '(', ')', '{', '}', 'Ax', 'Ex'.\nDo not include explanations, commentary, or extra text inside and outside the <proof>...</proof> tags.\n ""}, {'role': 'user', 'content': ""Prove'|- B(x)->~~B(x)' using the natural deduction method. Only one final answer, surrounded by <proof>...</proof>, using the notation described.""}]","<proof>
1. P(x) hip
2.{ ~P(x) hip
3. ⊥ ~e 1,2
4. ~~P(x) ~i 2-3}
5. P(x)->~~P(x) ->i 1-4
</proof>","1. P(x) hip
2.{ ~P(x) hip
3. ⊥ ~e 1,2
4. ~~P(x) ~i 2-3}
5. P(x)->~~P(x) ->i 1-4","Os seguintes erros foram encontrados:

Uma das definições não está completa, verifique se todas regras foram aplicadas corretamente.
Lembre-se que uma regra de inferência sempre inicia com um número seguido de um . (linha de referência), tem uma fórmula e uma justificativa (premissa, hipóteses ou uma das regras de inferência com suas respectivas referências para fórmulas anteriores).
Erro de sintaxe:
3. ⊥ ~e 1,2
   ^ Símbolo não pertence a linguagem.
",1.56768536567688,stop,882,424
|- Ax (B(x)->C(x))->(Ex B(x)->Ex C(x)),"[{'role': 'system', 'content': ""You are an expert in logic using the Natural Deduction method.\nYou will receive one first order logic problem. Your task is to prove its validity using Natural Deduction and represent the proof in a Fitch-like notation, following these formatting instructions.\n\n### FORMAT OF PROOF LINES\nEach proof line must be structured like: '<line_number>. <formula> <origin>'\n- <line_number>: sequential integer, always ending with a dot ('1.', '2.', '3.', ...)\n- <formula>: the formula derived on that line\n- <origin>: either 'pre' (premise), 'hip' (hypothesis) or '<rule_name> <line_refs>'\n - <rule_name> and <line_refs>: \n - &e (1 line) \n - &i (2 lines) \n - ->e (2 lines) \n - ->i (1 range) \n - ~e (2 lines) \n - ~i (1 range) \n - |e (1 line + 2 ranges) \n - |i (1 line) \n - @e (1 line) \n - raa (1 range) \n - copy (1 line) \n - Ae (1 line)\n - Ai (1 range)\n - Ee (1 line + 1 range)\n - Ei (1 line)\n - <line_refs>: Must be comma-separated line numbers or ranges. Ranges denote subproofs (e.g., `->i 8-12`, `|e 4, 5-9, 10-14`)\n\n### SUBPROOFS / HYPOTHESES\nUse subproofs for hypotheses. Use curly braces '{' and '}' to open and close subproofs. \nPlace `{` immediately after the line number (e.g. '8.{ A|B hip') and `}` at the end of the final line of the subproof (e.g. '10. B @e 4}').\nNested subproofs are allowed. But a formula may only be used at a specific point if it appeared earlier in the same subproof or an outer subproof to the current subproof.\n\n### SYMBOLS & CONVENTIONS\nUse the following symbols for logical operations: \n- & = conjunction (and) \n- | = disjunction (or) \n- ~ = negation (not) \n- -> = implication (implies)\n\nQuantifiers symbols: \n Ax represents ∀x \n Ex represents ∃x\nSo formulas with ∀x and ∃x will be represented by Ax and Ex (A and E followed by the variable x). For example, Ax (H(x)->M(x)) represents ∀x (H(x)→M(x)).\n\n###CONVENTIONS\nAtoms: only uppercase letters not immediately followed by parentesis (e.g. P, Q, R).\nPredicates: uppercase letters immediately followed by parentesis (e.g. H(x), M(y), Q(a,b) ). All predicates must use parentheses.\nVariables: first letter in lowercase, can be followed by letters and numbers (e.g., x, x0, xP0).\n\n### TO CREATE NEW VARIABLE:\nFor Universal Introduction rule(Ai): open a subproof with a fresh variable not occurring in any open hypothesis.\nCreate new variable like this: '<line_number>. { <new_variable> '\n\nFor Existential Elimination rule(Ee): open a subproof with a fresh witness constant/variable. \nCreate new variable like this: '<line_number>. {<new_variable> φ[<old_variable>/<new_variable>] hip\n  Write only the final proof in <proof>...</proof> tags. Only use <proof>...</proof> tags ONCE. Only use these symbols inside the proof '&' , '->', '~', '|', '@', '(', ')', '{', '}', 'Ax', 'Ex'.\nDo not include explanations, commentary, or extra text inside and outside the <proof>...</proof> tags.\n ""}, {'role': 'user', 'content': ""Prove'|- Ax (B(x)->C(x))->(Ex B(x)->Ex C(x))' using the natural deduction method. Only one final answer, surrounded by <proof>...</proof>, using the notation described.""}]","<proof>
1. Ax (P(x)->Q(x)) pre
2. { ∃x P(x) hip
3.   { c P(c) hip
4.     Ax (P(x)->Q(x)) 1
5.     Q(c) ->e 3,4
6.     Ex Q(x) @e 5
7.   }
8.   Ex Q(x) Ee 2-6
9. }
10. (∃x P(x)->Ex Q(x)) ->i 2-8
11. Ax (P(x)->Q(x))->(∃x P(x)->∃x Q(x)) ->i 1-10
</proof>","1. Ax (P(x)->Q(x)) pre
2. { ∃x P(x) hip
3.   { c P(c) hip
4.     Ax (P(x)->Q(x)) 1
5.     Q(c) ->e 3,4
6.     Ex Q(x) @e 5
7.   }
8.   Ex Q(x) Ee 2-6
9. }
10. (∃x P(x)->Ex Q(x)) ->i 2-8
11. Ax (P(x)->Q(x))->(∃x P(x)->∃x Q(x)) ->i 1-10","Os seguintes erros foram encontrados:

Uma das definições não está completa, verifique se todas regras foram aplicadas corretamente.
Lembre-se que uma regra de inferência sempre inicia com um número seguido de um . (linha de referência), tem uma fórmula e uma justificativa (premissa, hipóteses ou uma das regras de inferência com suas respectivas referências para fórmulas anteriores).
Erro de sintaxe:
2. { ∃x P(x) hip
     ^ Símbolo não pertence a linguagem.
",3.3264045715332,stop,893,903
|- Ax (B(x)&C(x))->(Ax B(x)&Ax C(x)),"[{'role': 'system', 'content': ""You are an expert in logic using the Natural Deduction method.\nYou will receive one first order logic problem. Your task is to prove its validity using Natural Deduction and represent the proof in a Fitch-like notation, following these formatting instructions.\n\n### FORMAT OF PROOF LINES\nEach proof line must be structured like: '<line_number>. <formula> <origin>'\n- <line_number>: sequential integer, always ending with a dot ('1.', '2.', '3.', ...)\n- <formula>: the formula derived on that line\n- <origin>: either 'pre' (premise), 'hip' (hypothesis) or '<rule_name> <line_refs>'\n - <rule_name> and <line_refs>: \n - &e (1 line) \n - &i (2 lines) \n - ->e (2 lines) \n - ->i (1 range) \n - ~e (2 lines) \n - ~i (1 range) \n - |e (1 line + 2 ranges) \n - |i (1 line) \n - @e (1 line) \n - raa (1 range) \n - copy (1 line) \n - Ae (1 line)\n - Ai (1 range)\n - Ee (1 line + 1 range)\n - Ei (1 line)\n - <line_refs>: Must be comma-separated line numbers or ranges. Ranges denote subproofs (e.g., `->i 8-12`, `|e 4, 5-9, 10-14`)\n\n### SUBPROOFS / HYPOTHESES\nUse subproofs for hypotheses. Use curly braces '{' and '}' to open and close subproofs. \nPlace `{` immediately after the line number (e.g. '8.{ A|B hip') and `}` at the end of the final line of the subproof (e.g. '10. B @e 4}').\nNested subproofs are allowed. But a formula may only be used at a specific point if it appeared earlier in the same subproof or an outer subproof to the current subproof.\n\n### SYMBOLS & CONVENTIONS\nUse the following symbols for logical operations: \n- & = conjunction (and) \n- | = disjunction (or) \n- ~ = negation (not) \n- -> = implication (implies)\n\nQuantifiers symbols: \n Ax represents ∀x \n Ex represents ∃x\nSo formulas with ∀x and ∃x will be represented by Ax and Ex (A and E followed by the variable x). For example, Ax (H(x)->M(x)) represents ∀x (H(x)→M(x)).\n\n###CONVENTIONS\nAtoms: only uppercase letters not immediately followed by parentesis (e.g. P, Q, R).\nPredicates: uppercase letters immediately followed by parentesis (e.g. H(x), M(y), Q(a,b) ). All predicates must use parentheses.\nVariables: first letter in lowercase, can be followed by letters and numbers (e.g., x, x0, xP0).\n\n### TO CREATE NEW VARIABLE:\nFor Universal Introduction rule(Ai): open a subproof with a fresh variable not occurring in any open hypothesis.\nCreate new variable like this: '<line_number>. { <new_variable> '\n\nFor Existential Elimination rule(Ee): open a subproof with a fresh witness constant/variable. \nCreate new variable like this: '<line_number>. {<new_variable> φ[<old_variable>/<new_variable>] hip\n  Write only the final proof in <proof>...</proof> tags. Only use <proof>...</proof> tags ONCE. Only use these symbols inside the proof '&' , '->', '~', '|', '@', '(', ')', '{', '}', 'Ax', 'Ex'.\nDo not include explanations, commentary, or extra text inside and outside the <proof>...</proof> tags.\n ""}, {'role': 'user', 'content': ""Prove'|- Ax (B(x)&C(x))->(Ax B(x)&Ax C(x))' using the natural deduction method. Only one final answer, surrounded by <proof>...</proof>, using the notation described.""}]","<proof>
1. ∀x(P(x)&Q(x)) pre
2. { ∀x(P(x)&Q(x)) hip
3.{ y
4. P(y)&Q(y) 2 AxE
5. P(y) &e 4}
6. ∀xP(x) Ai 3-5
7.{ z
8. P(z)&Q(z) 2 AxE
9. Q(z) &e 8}
10. ∀xQ(x) Ai 7-9
11. (∀xP(x)&∀xQ(x)) &i 6,10
12. ∀x(P(x)&Q(x))->(∀xP(x)&∀xQ(x)) ->i 2-11
</proof>","1. ∀x(P(x)&Q(x)) pre
2. { ∀x(P(x)&Q(x)) hip
3.{ y
4. P(y)&Q(y) 2 AxE
5. P(y) &e 4}
6. ∀xP(x) Ai 3-5
7.{ z
8. P(z)&Q(z) 2 AxE
9. Q(z) &e 8}
10. ∀xQ(x) Ai 7-9
11. (∀xP(x)&∀xQ(x)) &i 6,10
12. ∀x(P(x)&Q(x))->(∀xP(x)&∀xQ(x)) ->i 2-11","Os seguintes erros foram encontrados:

Uma das definições não está completa, verifique se todas regras foram aplicadas corretamente.
Lembre-se que uma regra de inferência sempre inicia com um número seguido de um . (linha de referência), tem uma fórmula e uma justificativa (premissa, hipóteses ou uma das regras de inferência com suas respectivas referências para fórmulas anteriores).
Erro de sintaxe:
1. ∀x(P(x)&Q(x)) pre
   ^ Símbolo não pertence a linguagem.
",4.46700215339661,stop,893,1223
|- ~Ex (B(x)&~B(x)),"[{'role': 'system', 'content': ""You are an expert in logic using the Natural Deduction method.\nYou will receive one first order logic problem. Your task is to prove its validity using Natural Deduction and represent the proof in a Fitch-like notation, following these formatting instructions.\n\n### FORMAT OF PROOF LINES\nEach proof line must be structured like: '<line_number>. <formula> <origin>'\n- <line_number>: sequential integer, always ending with a dot ('1.', '2.', '3.', ...)\n- <formula>: the formula derived on that line\n- <origin>: either 'pre' (premise), 'hip' (hypothesis) or '<rule_name> <line_refs>'\n - <rule_name> and <line_refs>: \n - &e (1 line) \n - &i (2 lines) \n - ->e (2 lines) \n - ->i (1 range) \n - ~e (2 lines) \n - ~i (1 range) \n - |e (1 line + 2 ranges) \n - |i (1 line) \n - @e (1 line) \n - raa (1 range) \n - copy (1 line) \n - Ae (1 line)\n - Ai (1 range)\n - Ee (1 line + 1 range)\n - Ei (1 line)\n - <line_refs>: Must be comma-separated line numbers or ranges. Ranges denote subproofs (e.g., `->i 8-12`, `|e 4, 5-9, 10-14`)\n\n### SUBPROOFS / HYPOTHESES\nUse subproofs for hypotheses. Use curly braces '{' and '}' to open and close subproofs. \nPlace `{` immediately after the line number (e.g. '8.{ A|B hip') and `}` at the end of the final line of the subproof (e.g. '10. B @e 4}').\nNested subproofs are allowed. But a formula may only be used at a specific point if it appeared earlier in the same subproof or an outer subproof to the current subproof.\n\n### SYMBOLS & CONVENTIONS\nUse the following symbols for logical operations: \n- & = conjunction (and) \n- | = disjunction (or) \n- ~ = negation (not) \n- -> = implication (implies)\n\nQuantifiers symbols: \n Ax represents ∀x \n Ex represents ∃x\nSo formulas with ∀x and ∃x will be represented by Ax and Ex (A and E followed by the variable x). For example, Ax (H(x)->M(x)) represents ∀x (H(x)→M(x)).\n\n###CONVENTIONS\nAtoms: only uppercase letters not immediately followed by parentesis (e.g. P, Q, R).\nPredicates: uppercase letters immediately followed by parentesis (e.g. H(x), M(y), Q(a,b) ). All predicates must use parentheses.\nVariables: first letter in lowercase, can be followed by letters and numbers (e.g., x, x0, xP0).\n\n### TO CREATE NEW VARIABLE:\nFor Universal Introduction rule(Ai): open a subproof with a fresh variable not occurring in any open hypothesis.\nCreate new variable like this: '<line_number>. { <new_variable> '\n\nFor Existential Elimination rule(Ee): open a subproof with a fresh witness constant/variable. \nCreate new variable like this: '<line_number>. {<new_variable> φ[<old_variable>/<new_variable>] hip\n  Write only the final proof in <proof>...</proof> tags. Only use <proof>...</proof> tags ONCE. Only use these symbols inside the proof '&' , '->', '~', '|', '@', '(', ')', '{', '}', 'Ax', 'Ex'.\nDo not include explanations, commentary, or extra text inside and outside the <proof>...</proof> tags.\n ""}, {'role': 'user', 'content': ""Prove'|- ~Ex (B(x)&~B(x))' using the natural deduction method. Only one final answer, surrounded by <proof>...</proof>, using the notation described.""}]","<proof>
1. ∃x(P(x)&~P(x)) hip
2.{ P(a)&~P(a) hip
3. P(a) &e 2
4. ~P(a) &e 2
5. ⊥ ~e 3,4
6. }
7. ⊥ Ee 1,2-6
8. ~∃x(P(x)&~P(x)) raa 1-7
</proof>","1. ∃x(P(x)&~P(x)) hip
2.{ P(a)&~P(a) hip
3. P(a) &e 2
4. ~P(a) &e 2
5. ⊥ ~e 3,4
6. }
7. ⊥ Ee 1,2-6
8. ~∃x(P(x)&~P(x)) raa 1-7","Os seguintes erros foram encontrados:

Uma das definições não está completa, verifique se todas regras foram aplicadas corretamente.
Lembre-se que uma regra de inferência sempre inicia com um número seguido de um . (linha de referência), tem uma fórmula e uma justificativa (premissa, hipóteses ou uma das regras de inferência com suas respectivas referências para fórmulas anteriores).
Erro de sintaxe:
1. ∃x(P(x)&~P(x)) hip
   ^ Símbolo não pertence a linguagem.
",3.28941631317139,stop,886,872
|- Ax (B(x)->~C(x))->~Ex (B(x)&C(x)),"[{'role': 'system', 'content': ""You are an expert in logic using the Natural Deduction method.\nYou will receive one first order logic problem. Your task is to prove its validity using Natural Deduction and represent the proof in a Fitch-like notation, following these formatting instructions.\n\n### FORMAT OF PROOF LINES\nEach proof line must be structured like: '<line_number>. <formula> <origin>'\n- <line_number>: sequential integer, always ending with a dot ('1.', '2.', '3.', ...)\n- <formula>: the formula derived on that line\n- <origin>: either 'pre' (premise), 'hip' (hypothesis) or '<rule_name> <line_refs>'\n - <rule_name> and <line_refs>: \n - &e (1 line) \n - &i (2 lines) \n - ->e (2 lines) \n - ->i (1 range) \n - ~e (2 lines) \n - ~i (1 range) \n - |e (1 line + 2 ranges) \n - |i (1 line) \n - @e (1 line) \n - raa (1 range) \n - copy (1 line) \n - Ae (1 line)\n - Ai (1 range)\n - Ee (1 line + 1 range)\n - Ei (1 line)\n - <line_refs>: Must be comma-separated line numbers or ranges. Ranges denote subproofs (e.g., `->i 8-12`, `|e 4, 5-9, 10-14`)\n\n### SUBPROOFS / HYPOTHESES\nUse subproofs for hypotheses. Use curly braces '{' and '}' to open and close subproofs. \nPlace `{` immediately after the line number (e.g. '8.{ A|B hip') and `}` at the end of the final line of the subproof (e.g. '10. B @e 4}').\nNested subproofs are allowed. But a formula may only be used at a specific point if it appeared earlier in the same subproof or an outer subproof to the current subproof.\n\n### SYMBOLS & CONVENTIONS\nUse the following symbols for logical operations: \n- & = conjunction (and) \n- | = disjunction (or) \n- ~ = negation (not) \n- -> = implication (implies)\n\nQuantifiers symbols: \n Ax represents ∀x \n Ex represents ∃x\nSo formulas with ∀x and ∃x will be represented by Ax and Ex (A and E followed by the variable x). For example, Ax (H(x)->M(x)) represents ∀x (H(x)→M(x)).\n\n###CONVENTIONS\nAtoms: only uppercase letters not immediately followed by parentesis (e.g. P, Q, R).\nPredicates: uppercase letters immediately followed by parentesis (e.g. H(x), M(y), Q(a,b) ). All predicates must use parentheses.\nVariables: first letter in lowercase, can be followed by letters and numbers (e.g., x, x0, xP0).\n\n### TO CREATE NEW VARIABLE:\nFor Universal Introduction rule(Ai): open a subproof with a fresh variable not occurring in any open hypothesis.\nCreate new variable like this: '<line_number>. { <new_variable> '\n\nFor Existential Elimination rule(Ee): open a subproof with a fresh witness constant/variable. \nCreate new variable like this: '<line_number>. {<new_variable> φ[<old_variable>/<new_variable>] hip\n  Write only the final proof in <proof>...</proof> tags. Only use <proof>...</proof> tags ONCE. Only use these symbols inside the proof '&' , '->', '~', '|', '@', '(', ')', '{', '}', 'Ax', 'Ex'.\nDo not include explanations, commentary, or extra text inside and outside the <proof>...</proof> tags.\n ""}, {'role': 'user', 'content': ""Prove'|- Ax (B(x)->~C(x))->~Ex (B(x)&C(x))' using the natural deduction method. Only one final answer, surrounded by <proof>...</proof>, using the notation described.""}]","<proof>
1. ∀x(P(x)->~Q(x)) pre
2.{ a P(a)&Q(a) hip
3. P(a) & Q(a) &e 2
4. (P(a)->~Q(a)) Ax 1
5. ~Q(a) ->e 4,3
6. Q(a) &e 2
7. ⊥ ~e 5,6
8. ¬∃x(P(x)&Q(x)) raa 2-7
9. ∀x(P(x)->~Q(x))->¬∃x(P(x)&Q(x)) ->i 1-8
</proof>","1. ∀x(P(x)->~Q(x)) pre
2.{ a P(a)&Q(a) hip
3. P(a) & Q(a) &e 2
4. (P(a)->~Q(a)) Ax 1
5. ~Q(a) ->e 4,3
6. Q(a) &e 2
7. ⊥ ~e 5,6
8. ¬∃x(P(x)&Q(x)) raa 2-7
9. ∀x(P(x)->~Q(x))->¬∃x(P(x)&Q(x)) ->i 1-8","Os seguintes erros foram encontrados:

Uma das definições não está completa, verifique se todas regras foram aplicadas corretamente.
Lembre-se que uma regra de inferência sempre inicia com um número seguido de um . (linha de referência), tem uma fórmula e uma justificativa (premissa, hipóteses ou uma das regras de inferência com suas respectivas referências para fórmulas anteriores).
Erro de sintaxe:
1. ∀x(P(x)->~Q(x)) pre
   ^ Símbolo não pertence a linguagem.
",4.72134709358215,stop,894,1259
|- Ax (B(x)|C(x))->(Ax ~B(x)->Ax C(x)),"[{'role': 'system', 'content': ""You are an expert in logic using the Natural Deduction method.\nYou will receive one first order logic problem. Your task is to prove its validity using Natural Deduction and represent the proof in a Fitch-like notation, following these formatting instructions.\n\n### FORMAT OF PROOF LINES\nEach proof line must be structured like: '<line_number>. <formula> <origin>'\n- <line_number>: sequential integer, always ending with a dot ('1.', '2.', '3.', ...)\n- <formula>: the formula derived on that line\n- <origin>: either 'pre' (premise), 'hip' (hypothesis) or '<rule_name> <line_refs>'\n - <rule_name> and <line_refs>: \n - &e (1 line) \n - &i (2 lines) \n - ->e (2 lines) \n - ->i (1 range) \n - ~e (2 lines) \n - ~i (1 range) \n - |e (1 line + 2 ranges) \n - |i (1 line) \n - @e (1 line) \n - raa (1 range) \n - copy (1 line) \n - Ae (1 line)\n - Ai (1 range)\n - Ee (1 line + 1 range)\n - Ei (1 line)\n - <line_refs>: Must be comma-separated line numbers or ranges. Ranges denote subproofs (e.g., `->i 8-12`, `|e 4, 5-9, 10-14`)\n\n### SUBPROOFS / HYPOTHESES\nUse subproofs for hypotheses. Use curly braces '{' and '}' to open and close subproofs. \nPlace `{` immediately after the line number (e.g. '8.{ A|B hip') and `}` at the end of the final line of the subproof (e.g. '10. B @e 4}').\nNested subproofs are allowed. But a formula may only be used at a specific point if it appeared earlier in the same subproof or an outer subproof to the current subproof.\n\n### SYMBOLS & CONVENTIONS\nUse the following symbols for logical operations: \n- & = conjunction (and) \n- | = disjunction (or) \n- ~ = negation (not) \n- -> = implication (implies)\n\nQuantifiers symbols: \n Ax represents ∀x \n Ex represents ∃x\nSo formulas with ∀x and ∃x will be represented by Ax and Ex (A and E followed by the variable x). For example, Ax (H(x)->M(x)) represents ∀x (H(x)→M(x)).\n\n###CONVENTIONS\nAtoms: only uppercase letters not immediately followed by parentesis (e.g. P, Q, R).\nPredicates: uppercase letters immediately followed by parentesis (e.g. H(x), M(y), Q(a,b) ). All predicates must use parentheses.\nVariables: first letter in lowercase, can be followed by letters and numbers (e.g., x, x0, xP0).\n\n### TO CREATE NEW VARIABLE:\nFor Universal Introduction rule(Ai): open a subproof with a fresh variable not occurring in any open hypothesis.\nCreate new variable like this: '<line_number>. { <new_variable> '\n\nFor Existential Elimination rule(Ee): open a subproof with a fresh witness constant/variable. \nCreate new variable like this: '<line_number>. {<new_variable> φ[<old_variable>/<new_variable>] hip\n  Write only the final proof in <proof>...</proof> tags. Only use <proof>...</proof> tags ONCE. Only use these symbols inside the proof '&' , '->', '~', '|', '@', '(', ')', '{', '}', 'Ax', 'Ex'.\nDo not include explanations, commentary, or extra text inside and outside the <proof>...</proof> tags.\n ""}, {'role': 'user', 'content': ""Prove'|- Ax (B(x)|C(x))->(Ax ~B(x)->Ax C(x))' using the natural deduction method. Only one final answer, surrounded by <proof>...</proof>, using the notation described.""}]","<proof>
1. ∀x (P(x)|Q(x)) pre
2. ∀x ¬P(x) hip
3. P(a)|Q(a) @e 1
4.{ P(a) hip
5. ¬P(a) @e 2
6. ⊥ ~e 4,5
7. Q(a) raa 6-6
8. } 
9.{ Q(a) hip
10. Q(a) |i 9
11. } 
12. Q(a) |e 3,4-7,9-10
13. ∀x Q(x) Ai 12
14. ∀x ¬P(x)->∀x Q(x) ->i 2-13
15. (∀x (P(x)|Q(x)))->(∀x ¬P(x)->∀x Q(x)) ->i 1-14
</proof>","1. ∀x (P(x)|Q(x)) pre
2. ∀x ¬P(x) hip
3. P(a)|Q(a) @e 1
4.{ P(a) hip
5. ¬P(a) @e 2
6. ⊥ ~e 4,5
7. Q(a) raa 6-6
8. } 
9.{ Q(a) hip
10. Q(a) |i 9
11. } 
12. Q(a) |e 3,4-7,9-10
13. ∀x Q(x) Ai 12
14. ∀x ¬P(x)->∀x Q(x) ->i 2-13
15. (∀x (P(x)|Q(x)))->(∀x ¬P(x)->∀x Q(x)) ->i 1-14","Os seguintes erros foram encontrados:

Uma das definições não está completa, verifique se todas regras foram aplicadas corretamente.
Lembre-se que uma regra de inferência sempre inicia com um número seguido de um . (linha de referência), tem uma fórmula e uma justificativa (premissa, hipóteses ou uma das regras de inferência com suas respectivas referências para fórmulas anteriores).
Erro de sintaxe:
1. ∀x (P(x)|Q(x)) pre
   ^ Símbolo não pertence a linguagem.
",4.88045358657837,stop,894,1287
|- Ex (B(x)->Ay C(y))->(Ax B(x)->Ay C(y)),"[{'role': 'system', 'content': ""You are an expert in logic using the Natural Deduction method.\nYou will receive one first order logic problem. Your task is to prove its validity using Natural Deduction and represent the proof in a Fitch-like notation, following these formatting instructions.\n\n### FORMAT OF PROOF LINES\nEach proof line must be structured like: '<line_number>. <formula> <origin>'\n- <line_number>: sequential integer, always ending with a dot ('1.', '2.', '3.', ...)\n- <formula>: the formula derived on that line\n- <origin>: either 'pre' (premise), 'hip' (hypothesis) or '<rule_name> <line_refs>'\n - <rule_name> and <line_refs>: \n - &e (1 line) \n - &i (2 lines) \n - ->e (2 lines) \n - ->i (1 range) \n - ~e (2 lines) \n - ~i (1 range) \n - |e (1 line + 2 ranges) \n - |i (1 line) \n - @e (1 line) \n - raa (1 range) \n - copy (1 line) \n - Ae (1 line)\n - Ai (1 range)\n - Ee (1 line + 1 range)\n - Ei (1 line)\n - <line_refs>: Must be comma-separated line numbers or ranges. Ranges denote subproofs (e.g., `->i 8-12`, `|e 4, 5-9, 10-14`)\n\n### SUBPROOFS / HYPOTHESES\nUse subproofs for hypotheses. Use curly braces '{' and '}' to open and close subproofs. \nPlace `{` immediately after the line number (e.g. '8.{ A|B hip') and `}` at the end of the final line of the subproof (e.g. '10. B @e 4}').\nNested subproofs are allowed. But a formula may only be used at a specific point if it appeared earlier in the same subproof or an outer subproof to the current subproof.\n\n### SYMBOLS & CONVENTIONS\nUse the following symbols for logical operations: \n- & = conjunction (and) \n- | = disjunction (or) \n- ~ = negation (not) \n- -> = implication (implies)\n\nQuantifiers symbols: \n Ax represents ∀x \n Ex represents ∃x\nSo formulas with ∀x and ∃x will be represented by Ax and Ex (A and E followed by the variable x). For example, Ax (H(x)->M(x)) represents ∀x (H(x)→M(x)).\n\n###CONVENTIONS\nAtoms: only uppercase letters not immediately followed by parentesis (e.g. P, Q, R).\nPredicates: uppercase letters immediately followed by parentesis (e.g. H(x), M(y), Q(a,b) ). All predicates must use parentheses.\nVariables: first letter in lowercase, can be followed by letters and numbers (e.g., x, x0, xP0).\n\n### TO CREATE NEW VARIABLE:\nFor Universal Introduction rule(Ai): open a subproof with a fresh variable not occurring in any open hypothesis.\nCreate new variable like this: '<line_number>. { <new_variable> '\n\nFor Existential Elimination rule(Ee): open a subproof with a fresh witness constant/variable. \nCreate new variable like this: '<line_number>. {<new_variable> φ[<old_variable>/<new_variable>] hip\n  Write only the final proof in <proof>...</proof> tags. Only use <proof>...</proof> tags ONCE. Only use these symbols inside the proof '&' , '->', '~', '|', '@', '(', ')', '{', '}', 'Ax', 'Ex'.\nDo not include explanations, commentary, or extra text inside and outside the <proof>...</proof> tags.\n ""}, {'role': 'user', 'content': ""Prove'|- Ex (B(x)->Ay C(y))->(Ax B(x)->Ay C(y))' using the natural deduction method. Only one final answer, surrounded by <proof>...</proof>, using the notation described.""}]","<proof>
1.{ Ex (P(x)->Ay Q(y)) hip
2.   { a
3.     P(a)->Ay Q(y) Ee 1,2-3
4.   }
5.   { ∀x P(x) hip
6.     P(a) Ax 5
7.     Ay Q(y) ->e 3,6
8.   }
9.   (∀x P(x)->Ay Q(y)) ->i 5-8
10.}
11. Ex (P(x)->Ay Q(y))->(∀x P(x)->Ay Q(y)) ->i 1-10
</proof>","1.{ Ex (P(x)->Ay Q(y)) hip
2.   { a
3.     P(a)->Ay Q(y) Ee 1,2-3
4.   }
5.   { ∀x P(x) hip
6.     P(a) Ax 5
7.     Ay Q(y) ->e 3,6
8.   }
9.   (∀x P(x)->Ay Q(y)) ->i 5-8
10.}
11. Ex (P(x)->Ay Q(y))->(∀x P(x)->Ay Q(y)) ->i 1-10","Os seguintes erros foram encontrados:

Uma das definições não está completa, verifique se todas regras foram aplicadas corretamente.
Lembre-se que uma regra de inferência sempre inicia com um número seguido de um . (linha de referência), tem uma fórmula e uma justificativa (premissa, hipóteses ou uma das regras de inferência com suas respectivas referências para fórmulas anteriores).
Erro de sintaxe:
4.   }
     ^
",5.93288326263428,stop,894,1621
|- ~Ex (B(x)&~C(x))->Ax (B(x)->C(x)),"[{'role': 'system', 'content': ""You are an expert in logic using the Natural Deduction method.\nYou will receive one first order logic problem. Your task is to prove its validity using Natural Deduction and represent the proof in a Fitch-like notation, following these formatting instructions.\n\n### FORMAT OF PROOF LINES\nEach proof line must be structured like: '<line_number>. <formula> <origin>'\n- <line_number>: sequential integer, always ending with a dot ('1.', '2.', '3.', ...)\n- <formula>: the formula derived on that line\n- <origin>: either 'pre' (premise), 'hip' (hypothesis) or '<rule_name> <line_refs>'\n - <rule_name> and <line_refs>: \n - &e (1 line) \n - &i (2 lines) \n - ->e (2 lines) \n - ->i (1 range) \n - ~e (2 lines) \n - ~i (1 range) \n - |e (1 line + 2 ranges) \n - |i (1 line) \n - @e (1 line) \n - raa (1 range) \n - copy (1 line) \n - Ae (1 line)\n - Ai (1 range)\n - Ee (1 line + 1 range)\n - Ei (1 line)\n - <line_refs>: Must be comma-separated line numbers or ranges. Ranges denote subproofs (e.g., `->i 8-12`, `|e 4, 5-9, 10-14`)\n\n### SUBPROOFS / HYPOTHESES\nUse subproofs for hypotheses. Use curly braces '{' and '}' to open and close subproofs. \nPlace `{` immediately after the line number (e.g. '8.{ A|B hip') and `}` at the end of the final line of the subproof (e.g. '10. B @e 4}').\nNested subproofs are allowed. But a formula may only be used at a specific point if it appeared earlier in the same subproof or an outer subproof to the current subproof.\n\n### SYMBOLS & CONVENTIONS\nUse the following symbols for logical operations: \n- & = conjunction (and) \n- | = disjunction (or) \n- ~ = negation (not) \n- -> = implication (implies)\n\nQuantifiers symbols: \n Ax represents ∀x \n Ex represents ∃x\nSo formulas with ∀x and ∃x will be represented by Ax and Ex (A and E followed by the variable x). For example, Ax (H(x)->M(x)) represents ∀x (H(x)→M(x)).\n\n###CONVENTIONS\nAtoms: only uppercase letters not immediately followed by parentesis (e.g. P, Q, R).\nPredicates: uppercase letters immediately followed by parentesis (e.g. H(x), M(y), Q(a,b) ). All predicates must use parentheses.\nVariables: first letter in lowercase, can be followed by letters and numbers (e.g., x, x0, xP0).\n\n### TO CREATE NEW VARIABLE:\nFor Universal Introduction rule(Ai): open a subproof with a fresh variable not occurring in any open hypothesis.\nCreate new variable like this: '<line_number>. { <new_variable> '\n\nFor Existential Elimination rule(Ee): open a subproof with a fresh witness constant/variable. \nCreate new variable like this: '<line_number>. {<new_variable> φ[<old_variable>/<new_variable>] hip\n  Write only the final proof in <proof>...</proof> tags. Only use <proof>...</proof> tags ONCE. Only use these symbols inside the proof '&' , '->', '~', '|', '@', '(', ')', '{', '}', 'Ax', 'Ex'.\nDo not include explanations, commentary, or extra text inside and outside the <proof>...</proof> tags.\n ""}, {'role': 'user', 'content': ""Prove'|- ~Ex (B(x)&~C(x))->Ax (B(x)->C(x))' using the natural deduction method. Only one final answer, surrounded by <proof>...</proof>, using the notation described.""}]","<proof>
1. ¬∃x(Px & ~Qx) pre
2. { x } Ai
3.   Px hip
4.   { ~Qx } hip
5.     Px & ~Qx &i 3,4
6.     ∃x(Px & ~Qx) Ex 5
7.     ⊥ ~e 1,6
8.   Qx raa 4-7
9. Px->Qx ->i 3-8
10. ∀x(Px->Qx) Ai 2-9
</proof>","1. ¬∃x(Px & ~Qx) pre
2. { x } Ai
3.   Px hip
4.   { ~Qx } hip
5.     Px & ~Qx &i 3,4
6.     ∃x(Px & ~Qx) Ex 5
7.     ⊥ ~e 1,6
8.   Qx raa 4-7
9. Px->Qx ->i 3-8
10. ∀x(Px->Qx) Ai 2-9","Os seguintes erros foram encontrados:

Uma das definições não está completa, verifique se todas regras foram aplicadas corretamente.
Lembre-se que uma regra de inferência sempre inicia com um número seguido de um . (linha de referência), tem uma fórmula e uma justificativa (premissa, hipóteses ou uma das regras de inferência com suas respectivas referências para fórmulas anteriores).
Erro de sintaxe:
1. ¬∃x(Px & ~Qx) pre
   ^ Símbolo não pertence a linguagem.
",2.28823280334473,stop,894,600
|- Ax (B(x)->(C(x)&D(x)))->(Ax B(x)->Ax C(x)),"[{'role': 'system', 'content': ""You are an expert in logic using the Natural Deduction method.\nYou will receive one first order logic problem. Your task is to prove its validity using Natural Deduction and represent the proof in a Fitch-like notation, following these formatting instructions.\n\n### FORMAT OF PROOF LINES\nEach proof line must be structured like: '<line_number>. <formula> <origin>'\n- <line_number>: sequential integer, always ending with a dot ('1.', '2.', '3.', ...)\n- <formula>: the formula derived on that line\n- <origin>: either 'pre' (premise), 'hip' (hypothesis) or '<rule_name> <line_refs>'\n - <rule_name> and <line_refs>: \n - &e (1 line) \n - &i (2 lines) \n - ->e (2 lines) \n - ->i (1 range) \n - ~e (2 lines) \n - ~i (1 range) \n - |e (1 line + 2 ranges) \n - |i (1 line) \n - @e (1 line) \n - raa (1 range) \n - copy (1 line) \n - Ae (1 line)\n - Ai (1 range)\n - Ee (1 line + 1 range)\n - Ei (1 line)\n - <line_refs>: Must be comma-separated line numbers or ranges. Ranges denote subproofs (e.g., `->i 8-12`, `|e 4, 5-9, 10-14`)\n\n### SUBPROOFS / HYPOTHESES\nUse subproofs for hypotheses. Use curly braces '{' and '}' to open and close subproofs. \nPlace `{` immediately after the line number (e.g. '8.{ A|B hip') and `}` at the end of the final line of the subproof (e.g. '10. B @e 4}').\nNested subproofs are allowed. But a formula may only be used at a specific point if it appeared earlier in the same subproof or an outer subproof to the current subproof.\n\n### SYMBOLS & CONVENTIONS\nUse the following symbols for logical operations: \n- & = conjunction (and) \n- | = disjunction (or) \n- ~ = negation (not) \n- -> = implication (implies)\n\nQuantifiers symbols: \n Ax represents ∀x \n Ex represents ∃x\nSo formulas with ∀x and ∃x will be represented by Ax and Ex (A and E followed by the variable x). For example, Ax (H(x)->M(x)) represents ∀x (H(x)→M(x)).\n\n###CONVENTIONS\nAtoms: only uppercase letters not immediately followed by parentesis (e.g. P, Q, R).\nPredicates: uppercase letters immediately followed by parentesis (e.g. H(x), M(y), Q(a,b) ). All predicates must use parentheses.\nVariables: first letter in lowercase, can be followed by letters and numbers (e.g., x, x0, xP0).\n\n### TO CREATE NEW VARIABLE:\nFor Universal Introduction rule(Ai): open a subproof with a fresh variable not occurring in any open hypothesis.\nCreate new variable like this: '<line_number>. { <new_variable> '\n\nFor Existential Elimination rule(Ee): open a subproof with a fresh witness constant/variable. \nCreate new variable like this: '<line_number>. {<new_variable> φ[<old_variable>/<new_variable>] hip\n  Write only the final proof in <proof>...</proof> tags. Only use <proof>...</proof> tags ONCE. Only use these symbols inside the proof '&' , '->', '~', '|', '@', '(', ')', '{', '}', 'Ax', 'Ex'.\nDo not include explanations, commentary, or extra text inside and outside the <proof>...</proof> tags.\n ""}, {'role': 'user', 'content': ""Prove'|- Ax (B(x)->(C(x)&D(x)))->(Ax B(x)->Ax C(x))' using the natural deduction method. Only one final answer, surrounded by <proof>...</proof>, using the notation described.""}]","<proof>
1. ∀x(P(x)->(Q(x)&R(x))) pre
2.{ ∀x P(x) hip
3.{ a Ai
4. P(a) @e 2
5. (P(a)->(Q(a)&R(a))) @e 1
6. Q(a)&R(a) ->e 4,5
7. Q(a) &e 6
8. ∀x Q(x) Ai 3-7
9. ∀x P(x)->∀x Q(x) ->i 2-8 }
10. (∀x(P(x)->(Q(x)&R(x))))->(∀x P(x)->∀x Q(x)) ->i 1-9
</proof>","1. ∀x(P(x)->(Q(x)&R(x))) pre
2.{ ∀x P(x) hip
3.{ a Ai
4. P(a) @e 2
5. (P(a)->(Q(a)&R(a))) @e 1
6. Q(a)&R(a) ->e 4,5
7. Q(a) &e 6
8. ∀x Q(x) Ai 3-7
9. ∀x P(x)->∀x Q(x) ->i 2-8 }
10. (∀x(P(x)->(Q(x)&R(x))))->(∀x P(x)->∀x Q(x)) ->i 1-9","Os seguintes erros foram encontrados:

Uma das definições não está completa, verifique se todas regras foram aplicadas corretamente.
Lembre-se que uma regra de inferência sempre inicia com um número seguido de um . (linha de referência), tem uma fórmula e uma justificativa (premissa, hipóteses ou uma das regras de inferência com suas respectivas referências para fórmulas anteriores).
Erro de sintaxe:
1. ∀x(P(x)->(Q(x)&R(x))) pre
   ^ Símbolo não pertence a linguagem.
",3.75099897384644,stop,898,1025
|- Ax (Ey B(y)->C(x))->(Ey B(y)->Ax C(x)),"[{'role': 'system', 'content': ""You are an expert in logic using the Natural Deduction method.\nYou will receive one first order logic problem. Your task is to prove its validity using Natural Deduction and represent the proof in a Fitch-like notation, following these formatting instructions.\n\n### FORMAT OF PROOF LINES\nEach proof line must be structured like: '<line_number>. <formula> <origin>'\n- <line_number>: sequential integer, always ending with a dot ('1.', '2.', '3.', ...)\n- <formula>: the formula derived on that line\n- <origin>: either 'pre' (premise), 'hip' (hypothesis) or '<rule_name> <line_refs>'\n - <rule_name> and <line_refs>: \n - &e (1 line) \n - &i (2 lines) \n - ->e (2 lines) \n - ->i (1 range) \n - ~e (2 lines) \n - ~i (1 range) \n - |e (1 line + 2 ranges) \n - |i (1 line) \n - @e (1 line) \n - raa (1 range) \n - copy (1 line) \n - Ae (1 line)\n - Ai (1 range)\n - Ee (1 line + 1 range)\n - Ei (1 line)\n - <line_refs>: Must be comma-separated line numbers or ranges. Ranges denote subproofs (e.g., `->i 8-12`, `|e 4, 5-9, 10-14`)\n\n### SUBPROOFS / HYPOTHESES\nUse subproofs for hypotheses. Use curly braces '{' and '}' to open and close subproofs. \nPlace `{` immediately after the line number (e.g. '8.{ A|B hip') and `}` at the end of the final line of the subproof (e.g. '10. B @e 4}').\nNested subproofs are allowed. But a formula may only be used at a specific point if it appeared earlier in the same subproof or an outer subproof to the current subproof.\n\n### SYMBOLS & CONVENTIONS\nUse the following symbols for logical operations: \n- & = conjunction (and) \n- | = disjunction (or) \n- ~ = negation (not) \n- -> = implication (implies)\n\nQuantifiers symbols: \n Ax represents ∀x \n Ex represents ∃x\nSo formulas with ∀x and ∃x will be represented by Ax and Ex (A and E followed by the variable x). For example, Ax (H(x)->M(x)) represents ∀x (H(x)→M(x)).\n\n###CONVENTIONS\nAtoms: only uppercase letters not immediately followed by parentesis (e.g. P, Q, R).\nPredicates: uppercase letters immediately followed by parentesis (e.g. H(x), M(y), Q(a,b) ). All predicates must use parentheses.\nVariables: first letter in lowercase, can be followed by letters and numbers (e.g., x, x0, xP0).\n\n### TO CREATE NEW VARIABLE:\nFor Universal Introduction rule(Ai): open a subproof with a fresh variable not occurring in any open hypothesis.\nCreate new variable like this: '<line_number>. { <new_variable> '\n\nFor Existential Elimination rule(Ee): open a subproof with a fresh witness constant/variable. \nCreate new variable like this: '<line_number>. {<new_variable> φ[<old_variable>/<new_variable>] hip\n  Write only the final proof in <proof>...</proof> tags. Only use <proof>...</proof> tags ONCE. Only use these symbols inside the proof '&' , '->', '~', '|', '@', '(', ')', '{', '}', 'Ax', 'Ex'.\nDo not include explanations, commentary, or extra text inside and outside the <proof>...</proof> tags.\n ""}, {'role': 'user', 'content': ""Prove'|- Ax (Ey B(y)->C(x))->(Ey B(y)->Ax C(x))' using the natural deduction method. Only one final answer, surrounded by <proof>...</proof>, using the notation described.""}]","<proof>
1. { Ax (Ey P(y)->Q(x))->(Ey P(y)->Ax Q(x)) pre
2. 1.{ x0 
3. 2.{ A: Ey P(y)->Q(x0) hip
4. 3.{ C: Ey P(y) hip
5. 4. Q(x0) ->e 2,3
6. 5. Ax Q(x0) Ai 2-5
7. 6. Ey P(y)->Ax Q(x0) ->i 3-6
8. 7. Ax ((Ey P(y)->Q(x)) -> (Ey P(y)->Ax Q(x))) ->i 2-7
9. } 
10. } 
</proof>","1. { Ax (Ey P(y)->Q(x))->(Ey P(y)->Ax Q(x)) pre
2. 1.{ x0 
3. 2.{ A: Ey P(y)->Q(x0) hip
4. 3.{ C: Ey P(y) hip
5. 4. Q(x0) ->e 2,3
6. 5. Ax Q(x0) Ai 2-5
7. 6. Ey P(y)->Ax Q(x0) ->i 3-6
8. 7. Ax ((Ey P(y)->Q(x)) -> (Ey P(y)->Ax Q(x))) ->i 2-7
9. } 
10. }","Os seguintes erros foram encontrados:

Uma das definições não está completa, verifique se todas regras foram aplicadas corretamente.
Lembre-se que uma regra de inferência sempre inicia com um número seguido de um . (linha de referência), tem uma fórmula e uma justificativa (premissa, hipóteses ou uma das regras de inferência com suas respectivas referências para fórmulas anteriores).
Erro de sintaxe:
1. { Ax (Ey P(y)->Q(x))->(Ey P(y)->Ax Q(x)) pre
                                            ^
",9.01011848449707,stop,894,2394
|- (Ax B(x)|Ax C(x))->Ax (B(x)|C(x)),"[{'role': 'system', 'content': ""You are an expert in logic using the Natural Deduction method.\nYou will receive one first order logic problem. Your task is to prove its validity using Natural Deduction and represent the proof in a Fitch-like notation, following these formatting instructions.\n\n### FORMAT OF PROOF LINES\nEach proof line must be structured like: '<line_number>. <formula> <origin>'\n- <line_number>: sequential integer, always ending with a dot ('1.', '2.', '3.', ...)\n- <formula>: the formula derived on that line\n- <origin>: either 'pre' (premise), 'hip' (hypothesis) or '<rule_name> <line_refs>'\n - <rule_name> and <line_refs>: \n - &e (1 line) \n - &i (2 lines) \n - ->e (2 lines) \n - ->i (1 range) \n - ~e (2 lines) \n - ~i (1 range) \n - |e (1 line + 2 ranges) \n - |i (1 line) \n - @e (1 line) \n - raa (1 range) \n - copy (1 line) \n - Ae (1 line)\n - Ai (1 range)\n - Ee (1 line + 1 range)\n - Ei (1 line)\n - <line_refs>: Must be comma-separated line numbers or ranges. Ranges denote subproofs (e.g., `->i 8-12`, `|e 4, 5-9, 10-14`)\n\n### SUBPROOFS / HYPOTHESES\nUse subproofs for hypotheses. Use curly braces '{' and '}' to open and close subproofs. \nPlace `{` immediately after the line number (e.g. '8.{ A|B hip') and `}` at the end of the final line of the subproof (e.g. '10. B @e 4}').\nNested subproofs are allowed. But a formula may only be used at a specific point if it appeared earlier in the same subproof or an outer subproof to the current subproof.\n\n### SYMBOLS & CONVENTIONS\nUse the following symbols for logical operations: \n- & = conjunction (and) \n- | = disjunction (or) \n- ~ = negation (not) \n- -> = implication (implies)\n\nQuantifiers symbols: \n Ax represents ∀x \n Ex represents ∃x\nSo formulas with ∀x and ∃x will be represented by Ax and Ex (A and E followed by the variable x). For example, Ax (H(x)->M(x)) represents ∀x (H(x)→M(x)).\n\n###CONVENTIONS\nAtoms: only uppercase letters not immediately followed by parentesis (e.g. P, Q, R).\nPredicates: uppercase letters immediately followed by parentesis (e.g. H(x), M(y), Q(a,b) ). All predicates must use parentheses.\nVariables: first letter in lowercase, can be followed by letters and numbers (e.g., x, x0, xP0).\n\n### TO CREATE NEW VARIABLE:\nFor Universal Introduction rule(Ai): open a subproof with a fresh variable not occurring in any open hypothesis.\nCreate new variable like this: '<line_number>. { <new_variable> '\n\nFor Existential Elimination rule(Ee): open a subproof with a fresh witness constant/variable. \nCreate new variable like this: '<line_number>. {<new_variable> φ[<old_variable>/<new_variable>] hip\n  Write only the final proof in <proof>...</proof> tags. Only use <proof>...</proof> tags ONCE. Only use these symbols inside the proof '&' , '->', '~', '|', '@', '(', ')', '{', '}', 'Ax', 'Ex'.\nDo not include explanations, commentary, or extra text inside and outside the <proof>...</proof> tags.\n ""}, {'role': 'user', 'content': ""Prove'|- (Ax B(x)|Ax C(x))->Ax (B(x)|C(x))' using the natural deduction method. Only one final answer, surrounded by <proof>...</proof>, using the notation described.""}]","<proof>
1. (Ax P(x)|Ax Q(x)) pre
2.{ a 
3.{ Ax P(x) hip
4. P(a) Ax 3
5. P(a)|Q(a) |i 4
6. }
7.{ Ax Q(x) hip
8. Q(a) Ax 7
9. P(a)|Q(a) |i 8
10. }
11. P(a)|Q(a) |e 1,3-6,7-10
12. Ax (P(x)|Q(x)) Ai 2-11
13. (Ax P(x)|Ax Q(x))->Ax (P(x)|Q(x)) ->i 1,12
</proof>","1. (Ax P(x)|Ax Q(x)) pre
2.{ a 
3.{ Ax P(x) hip
4. P(a) Ax 3
5. P(a)|Q(a) |i 4
6. }
7.{ Ax Q(x) hip
8. Q(a) Ax 7
9. P(a)|Q(a) |i 8
10. }
11. P(a)|Q(a) |e 1,3-6,7-10
12. Ax (P(x)|Q(x)) Ai 2-11
13. (Ax P(x)|Ax Q(x))->Ax (P(x)|Q(x)) ->i 1,12","Os seguintes erros foram encontrados:

Uma das definições não está completa, verifique se todas regras foram aplicadas corretamente.
Lembre-se que uma regra de inferência sempre inicia com um número seguido de um . (linha de referência), tem uma fórmula e uma justificativa (premissa, hipóteses ou uma das regras de inferência com suas respectivas referências para fórmulas anteriores).
Erro de sintaxe:
4. P(a) Ax 3
        ^
",2.9990758895874,stop,893,819
|- Ex (B(x)&C(x))->Ex B(x),"[{'role': 'system', 'content': ""You are an expert in logic using the Natural Deduction method.\nYou will receive one first order logic problem. Your task is to prove its validity using Natural Deduction and represent the proof in a Fitch-like notation, following these formatting instructions.\n\n### FORMAT OF PROOF LINES\nEach proof line must be structured like: '<line_number>. <formula> <origin>'\n- <line_number>: sequential integer, always ending with a dot ('1.', '2.', '3.', ...)\n- <formula>: the formula derived on that line\n- <origin>: either 'pre' (premise), 'hip' (hypothesis) or '<rule_name> <line_refs>'\n - <rule_name> and <line_refs>: \n - &e (1 line) \n - &i (2 lines) \n - ->e (2 lines) \n - ->i (1 range) \n - ~e (2 lines) \n - ~i (1 range) \n - |e (1 line + 2 ranges) \n - |i (1 line) \n - @e (1 line) \n - raa (1 range) \n - copy (1 line) \n - Ae (1 line)\n - Ai (1 range)\n - Ee (1 line + 1 range)\n - Ei (1 line)\n - <line_refs>: Must be comma-separated line numbers or ranges. Ranges denote subproofs (e.g., `->i 8-12`, `|e 4, 5-9, 10-14`)\n\n### SUBPROOFS / HYPOTHESES\nUse subproofs for hypotheses. Use curly braces '{' and '}' to open and close subproofs. \nPlace `{` immediately after the line number (e.g. '8.{ A|B hip') and `}` at the end of the final line of the subproof (e.g. '10. B @e 4}').\nNested subproofs are allowed. But a formula may only be used at a specific point if it appeared earlier in the same subproof or an outer subproof to the current subproof.\n\n### SYMBOLS & CONVENTIONS\nUse the following symbols for logical operations: \n- & = conjunction (and) \n- | = disjunction (or) \n- ~ = negation (not) \n- -> = implication (implies)\n\nQuantifiers symbols: \n Ax represents ∀x \n Ex represents ∃x\nSo formulas with ∀x and ∃x will be represented by Ax and Ex (A and E followed by the variable x). For example, Ax (H(x)->M(x)) represents ∀x (H(x)→M(x)).\n\n###CONVENTIONS\nAtoms: only uppercase letters not immediately followed by parentesis (e.g. P, Q, R).\nPredicates: uppercase letters immediately followed by parentesis (e.g. H(x), M(y), Q(a,b) ). All predicates must use parentheses.\nVariables: first letter in lowercase, can be followed by letters and numbers (e.g., x, x0, xP0).\n\n### TO CREATE NEW VARIABLE:\nFor Universal Introduction rule(Ai): open a subproof with a fresh variable not occurring in any open hypothesis.\nCreate new variable like this: '<line_number>. { <new_variable> '\n\nFor Existential Elimination rule(Ee): open a subproof with a fresh witness constant/variable. \nCreate new variable like this: '<line_number>. {<new_variable> φ[<old_variable>/<new_variable>] hip\n  Write only the final proof in <proof>...</proof> tags. Only use <proof>...</proof> tags ONCE. Only use these symbols inside the proof '&' , '->', '~', '|', '@', '(', ')', '{', '}', 'Ax', 'Ex'.\nDo not include explanations, commentary, or extra text inside and outside the <proof>...</proof> tags.\n ""}, {'role': 'user', 'content': ""Prove'|- Ex (B(x)&C(x))->Ex B(x)' using the natural deduction method. Only one final answer, surrounded by <proof>...</proof>, using the notation described.""}]","<proof>
1. {∃x(P(x)&Q(x)) hip
2.{c (P(c)&Q(c)) hip
3.   P(c) &e 2
4.   ∃x P(x) Exi 3}
5. ∃x(P(x)&Q(x)) -> ∃x P(x) →i 1-4
</proof>","1. {∃x(P(x)&Q(x)) hip
2.{c (P(c)&Q(c)) hip
3.   P(c) &e 2
4.   ∃x P(x) Exi 3}
5. ∃x(P(x)&Q(x)) -> ∃x P(x) →i 1-4","Os seguintes erros foram encontrados:

Uma das definições não está completa, verifique se todas regras foram aplicadas corretamente.
Lembre-se que uma regra de inferência sempre inicia com um número seguido de um . (linha de referência), tem uma fórmula e uma justificativa (premissa, hipóteses ou uma das regras de inferência com suas respectivas referências para fórmulas anteriores).
Erro de sintaxe:
1. {∃x(P(x)&Q(x)) hip
    ^ Símbolo não pertence a linguagem.
",4.48185420036316,stop,887,1214
"Ax (B(x)->C(x)), Ax B(x) |- Ax C(x)","[{'role': 'system', 'content': ""You are an expert in logic using the Natural Deduction method.\nYou will receive one first order logic problem. Your task is to prove its validity using Natural Deduction and represent the proof in a Fitch-like notation, following these formatting instructions.\n\n### FORMAT OF PROOF LINES\nEach proof line must be structured like: '<line_number>. <formula> <origin>'\n- <line_number>: sequential integer, always ending with a dot ('1.', '2.', '3.', ...)\n- <formula>: the formula derived on that line\n- <origin>: either 'pre' (premise), 'hip' (hypothesis) or '<rule_name> <line_refs>'\n - <rule_name> and <line_refs>: \n - &e (1 line) \n - &i (2 lines) \n - ->e (2 lines) \n - ->i (1 range) \n - ~e (2 lines) \n - ~i (1 range) \n - |e (1 line + 2 ranges) \n - |i (1 line) \n - @e (1 line) \n - raa (1 range) \n - copy (1 line) \n - Ae (1 line)\n - Ai (1 range)\n - Ee (1 line + 1 range)\n - Ei (1 line)\n - <line_refs>: Must be comma-separated line numbers or ranges. Ranges denote subproofs (e.g., `->i 8-12`, `|e 4, 5-9, 10-14`)\n\n### SUBPROOFS / HYPOTHESES\nUse subproofs for hypotheses. Use curly braces '{' and '}' to open and close subproofs. \nPlace `{` immediately after the line number (e.g. '8.{ A|B hip') and `}` at the end of the final line of the subproof (e.g. '10. B @e 4}').\nNested subproofs are allowed. But a formula may only be used at a specific point if it appeared earlier in the same subproof or an outer subproof to the current subproof.\n\n### SYMBOLS & CONVENTIONS\nUse the following symbols for logical operations: \n- & = conjunction (and) \n- | = disjunction (or) \n- ~ = negation (not) \n- -> = implication (implies)\n\nQuantifiers symbols: \n Ax represents ∀x \n Ex represents ∃x\nSo formulas with ∀x and ∃x will be represented by Ax and Ex (A and E followed by the variable x). For example, Ax (H(x)->M(x)) represents ∀x (H(x)→M(x)).\n\n###CONVENTIONS\nAtoms: only uppercase letters not immediately followed by parentesis (e.g. P, Q, R).\nPredicates: uppercase letters immediately followed by parentesis (e.g. H(x), M(y), Q(a,b) ). All predicates must use parentheses.\nVariables: first letter in lowercase, can be followed by letters and numbers (e.g., x, x0, xP0).\n\n### TO CREATE NEW VARIABLE:\nFor Universal Introduction rule(Ai): open a subproof with a fresh variable not occurring in any open hypothesis.\nCreate new variable like this: '<line_number>. { <new_variable> '\n\nFor Existential Elimination rule(Ee): open a subproof with a fresh witness constant/variable. \nCreate new variable like this: '<line_number>. {<new_variable> φ[<old_variable>/<new_variable>] hip\n  Write only the final proof in <proof>...</proof> tags. Only use <proof>...</proof> tags ONCE. Only use these symbols inside the proof '&' , '->', '~', '|', '@', '(', ')', '{', '}', 'Ax', 'Ex'.\nDo not include explanations, commentary, or extra text inside and outside the <proof>...</proof> tags.\n ""}, {'role': 'user', 'content': ""Prove'Ax (B(x)->C(x)), Ax B(x) |- Ax C(x)' using the natural deduction method. Only one final answer, surrounded by <proof>...</proof>, using the notation described.""}]","<proof>
1. Ax (P(x)->Q(x)) pre
2. Ax P(x) pre
3.{ a
4. (P(a)->Q(a)) AxE 1
5. P(a) AxE 2
6. Q(a) ->e 4,5
7. }
8. Ax Q(x) Ai 3-6
</proof>","1. Ax (P(x)->Q(x)) pre
2. Ax P(x) pre
3.{ a
4. (P(a)->Q(a)) AxE 1
5. P(a) AxE 2
6. Q(a) ->e 4,5
7. }
8. Ax Q(x) Ai 3-6","Os seguintes erros foram encontrados:

Uma das definições não está completa, verifique se todas regras foram aplicadas corretamente.
Lembre-se que uma regra de inferência sempre inicia com um número seguido de um . (linha de referência), tem uma fórmula e uma justificativa (premissa, hipóteses ou uma das regras de inferência com suas respectivas referências para fórmulas anteriores).
Erro de sintaxe:
4. (P(a)->Q(a)) AxE 1
                ^
",2.66407895088196,stop,891,739
"Ax (B(x)->C(x)), Ax (C(x)->D(x)) |- Ex (B(x)&F(x))->Ex (D(x)&F(x))","[{'role': 'system', 'content': ""You are an expert in logic using the Natural Deduction method.\nYou will receive one first order logic problem. Your task is to prove its validity using Natural Deduction and represent the proof in a Fitch-like notation, following these formatting instructions.\n\n### FORMAT OF PROOF LINES\nEach proof line must be structured like: '<line_number>. <formula> <origin>'\n- <line_number>: sequential integer, always ending with a dot ('1.', '2.', '3.', ...)\n- <formula>: the formula derived on that line\n- <origin>: either 'pre' (premise), 'hip' (hypothesis) or '<rule_name> <line_refs>'\n - <rule_name> and <line_refs>: \n - &e (1 line) \n - &i (2 lines) \n - ->e (2 lines) \n - ->i (1 range) \n - ~e (2 lines) \n - ~i (1 range) \n - |e (1 line + 2 ranges) \n - |i (1 line) \n - @e (1 line) \n - raa (1 range) \n - copy (1 line) \n - Ae (1 line)\n - Ai (1 range)\n - Ee (1 line + 1 range)\n - Ei (1 line)\n - <line_refs>: Must be comma-separated line numbers or ranges. Ranges denote subproofs (e.g., `->i 8-12`, `|e 4, 5-9, 10-14`)\n\n### SUBPROOFS / HYPOTHESES\nUse subproofs for hypotheses. Use curly braces '{' and '}' to open and close subproofs. \nPlace `{` immediately after the line number (e.g. '8.{ A|B hip') and `}` at the end of the final line of the subproof (e.g. '10. B @e 4}').\nNested subproofs are allowed. But a formula may only be used at a specific point if it appeared earlier in the same subproof or an outer subproof to the current subproof.\n\n### SYMBOLS & CONVENTIONS\nUse the following symbols for logical operations: \n- & = conjunction (and) \n- | = disjunction (or) \n- ~ = negation (not) \n- -> = implication (implies)\n\nQuantifiers symbols: \n Ax represents ∀x \n Ex represents ∃x\nSo formulas with ∀x and ∃x will be represented by Ax and Ex (A and E followed by the variable x). For example, Ax (H(x)->M(x)) represents ∀x (H(x)→M(x)).\n\n###CONVENTIONS\nAtoms: only uppercase letters not immediately followed by parentesis (e.g. P, Q, R).\nPredicates: uppercase letters immediately followed by parentesis (e.g. H(x), M(y), Q(a,b) ). All predicates must use parentheses.\nVariables: first letter in lowercase, can be followed by letters and numbers (e.g., x, x0, xP0).\n\n### TO CREATE NEW VARIABLE:\nFor Universal Introduction rule(Ai): open a subproof with a fresh variable not occurring in any open hypothesis.\nCreate new variable like this: '<line_number>. { <new_variable> '\n\nFor Existential Elimination rule(Ee): open a subproof with a fresh witness constant/variable. \nCreate new variable like this: '<line_number>. {<new_variable> φ[<old_variable>/<new_variable>] hip\n  Write only the final proof in <proof>...</proof> tags. Only use <proof>...</proof> tags ONCE. Only use these symbols inside the proof '&' , '->', '~', '|', '@', '(', ')', '{', '}', 'Ax', 'Ex'.\nDo not include explanations, commentary, or extra text inside and outside the <proof>...</proof> tags.\n ""}, {'role': 'user', 'content': ""Prove'Ax (B(x)->C(x)), Ax (C(x)->D(x)) |- Ex (B(x)&F(x))->Ex (D(x)&F(x))' using the natural deduction method. Only one final answer, surrounded by <proof>...</proof>, using the notation described.""}]","<proof>
1. Ax (P(x)->Q(x)) pre
2. Ax (Q(x)->R(x)) pre
3. { ∃x(P(x)&S(x)) hip
4. { a P(a)&S(a) hip
5. 5. P(a) &e 4
6. 6. Q(a) ->e 1,5
7. 7. R(a) ->e 2,6
8. 8. S(a) &e 4
9. 9. R(a)&S(a) &i 7,8
10. 10. ∃x(R(x)&S(x)) @e 9}
11. 11. ∃x(P(x)&S(x))->∃x(R(x)&S(x)) ->i 3-10
</proof>","1. Ax (P(x)->Q(x)) pre
2. Ax (Q(x)->R(x)) pre
3. { ∃x(P(x)&S(x)) hip
4. { a P(a)&S(a) hip
5. 5. P(a) &e 4
6. 6. Q(a) ->e 1,5
7. 7. R(a) ->e 2,6
8. 8. S(a) &e 4
9. 9. R(a)&S(a) &i 7,8
10. 10. ∃x(R(x)&S(x)) @e 9}
11. 11. ∃x(P(x)&S(x))->∃x(R(x)&S(x)) ->i 3-10","Os seguintes erros foram encontrados:

Uma das definições não está completa, verifique se todas regras foram aplicadas corretamente.
Lembre-se que uma regra de inferência sempre inicia com um número seguido de um . (linha de referência), tem uma fórmula e uma justificativa (premissa, hipóteses ou uma das regras de inferência com suas respectivas referências para fórmulas anteriores).
Erro de sintaxe:
3. { ∃x(P(x)&S(x)) hip
     ^ Símbolo não pertence a linguagem.
",6.82622599601746,stop,908,1844
B->Ax C(x) |- Ax (B->C(x)),"[{'role': 'system', 'content': ""You are an expert in logic using the Natural Deduction method.\nYou will receive one first order logic problem. Your task is to prove its validity using Natural Deduction and represent the proof in a Fitch-like notation, following these formatting instructions.\n\n### FORMAT OF PROOF LINES\nEach proof line must be structured like: '<line_number>. <formula> <origin>'\n- <line_number>: sequential integer, always ending with a dot ('1.', '2.', '3.', ...)\n- <formula>: the formula derived on that line\n- <origin>: either 'pre' (premise), 'hip' (hypothesis) or '<rule_name> <line_refs>'\n - <rule_name> and <line_refs>: \n - &e (1 line) \n - &i (2 lines) \n - ->e (2 lines) \n - ->i (1 range) \n - ~e (2 lines) \n - ~i (1 range) \n - |e (1 line + 2 ranges) \n - |i (1 line) \n - @e (1 line) \n - raa (1 range) \n - copy (1 line) \n - Ae (1 line)\n - Ai (1 range)\n - Ee (1 line + 1 range)\n - Ei (1 line)\n - <line_refs>: Must be comma-separated line numbers or ranges. Ranges denote subproofs (e.g., `->i 8-12`, `|e 4, 5-9, 10-14`)\n\n### SUBPROOFS / HYPOTHESES\nUse subproofs for hypotheses. Use curly braces '{' and '}' to open and close subproofs. \nPlace `{` immediately after the line number (e.g. '8.{ A|B hip') and `}` at the end of the final line of the subproof (e.g. '10. B @e 4}').\nNested subproofs are allowed. But a formula may only be used at a specific point if it appeared earlier in the same subproof or an outer subproof to the current subproof.\n\n### SYMBOLS & CONVENTIONS\nUse the following symbols for logical operations: \n- & = conjunction (and) \n- | = disjunction (or) \n- ~ = negation (not) \n- -> = implication (implies)\n\nQuantifiers symbols: \n Ax represents ∀x \n Ex represents ∃x\nSo formulas with ∀x and ∃x will be represented by Ax and Ex (A and E followed by the variable x). For example, Ax (H(x)->M(x)) represents ∀x (H(x)→M(x)).\n\n###CONVENTIONS\nAtoms: only uppercase letters not immediately followed by parentesis (e.g. P, Q, R).\nPredicates: uppercase letters immediately followed by parentesis (e.g. H(x), M(y), Q(a,b) ). All predicates must use parentheses.\nVariables: first letter in lowercase, can be followed by letters and numbers (e.g., x, x0, xP0).\n\n### TO CREATE NEW VARIABLE:\nFor Universal Introduction rule(Ai): open a subproof with a fresh variable not occurring in any open hypothesis.\nCreate new variable like this: '<line_number>. { <new_variable> '\n\nFor Existential Elimination rule(Ee): open a subproof with a fresh witness constant/variable. \nCreate new variable like this: '<line_number>. {<new_variable> φ[<old_variable>/<new_variable>] hip\n  Write only the final proof in <proof>...</proof> tags. Only use <proof>...</proof> tags ONCE. Only use these symbols inside the proof '&' , '->', '~', '|', '@', '(', ')', '{', '}', 'Ax', 'Ex'.\nDo not include explanations, commentary, or extra text inside and outside the <proof>...</proof> tags.\n ""}, {'role': 'user', 'content': ""Prove'B->Ax C(x) |- Ax (B->C(x))' using the natural deduction method. Only one final answer, surrounded by <proof>...</proof>, using the notation described.""}]","<proof>
1. P -> Ax Q(x) pre
2.{ a 
3.   { P hip
4.     Ax Q(x) 1,3 ->e
5.     Q(a) 4 Ae
6.   }
7.   P->Q(a) 3-5 ->i 3-5
8. }
9. Ax (P->Q(x)) 2-8 Ai 2-8
</proof>","1. P -> Ax Q(x) pre
2.{ a 
3.   { P hip
4.     Ax Q(x) 1,3 ->e
5.     Q(a) 4 Ae
6.   }
7.   P->Q(a) 3-5 ->i 3-5
8. }
9. Ax (P->Q(x)) 2-8 Ai 2-8","Os seguintes erros foram encontrados:

Uma das definições não está completa, verifique se todas regras foram aplicadas corretamente.
Lembre-se que uma regra de inferência sempre inicia com um número seguido de um . (linha de referência), tem uma fórmula e uma justificativa (premissa, hipóteses ou uma das regras de inferência com suas respectivas referências para fórmulas anteriores).
Erro de sintaxe:
4.     Ax Q(x) 1,3 ->e
               ^
",5.84603571891785,stop,889,1615
"Ex (B(x)->C(x)), Ax B(x) |- Ex C(x)","[{'role': 'system', 'content': ""You are an expert in logic using the Natural Deduction method.\nYou will receive one first order logic problem. Your task is to prove its validity using Natural Deduction and represent the proof in a Fitch-like notation, following these formatting instructions.\n\n### FORMAT OF PROOF LINES\nEach proof line must be structured like: '<line_number>. <formula> <origin>'\n- <line_number>: sequential integer, always ending with a dot ('1.', '2.', '3.', ...)\n- <formula>: the formula derived on that line\n- <origin>: either 'pre' (premise), 'hip' (hypothesis) or '<rule_name> <line_refs>'\n - <rule_name> and <line_refs>: \n - &e (1 line) \n - &i (2 lines) \n - ->e (2 lines) \n - ->i (1 range) \n - ~e (2 lines) \n - ~i (1 range) \n - |e (1 line + 2 ranges) \n - |i (1 line) \n - @e (1 line) \n - raa (1 range) \n - copy (1 line) \n - Ae (1 line)\n - Ai (1 range)\n - Ee (1 line + 1 range)\n - Ei (1 line)\n - <line_refs>: Must be comma-separated line numbers or ranges. Ranges denote subproofs (e.g., `->i 8-12`, `|e 4, 5-9, 10-14`)\n\n### SUBPROOFS / HYPOTHESES\nUse subproofs for hypotheses. Use curly braces '{' and '}' to open and close subproofs. \nPlace `{` immediately after the line number (e.g. '8.{ A|B hip') and `}` at the end of the final line of the subproof (e.g. '10. B @e 4}').\nNested subproofs are allowed. But a formula may only be used at a specific point if it appeared earlier in the same subproof or an outer subproof to the current subproof.\n\n### SYMBOLS & CONVENTIONS\nUse the following symbols for logical operations: \n- & = conjunction (and) \n- | = disjunction (or) \n- ~ = negation (not) \n- -> = implication (implies)\n\nQuantifiers symbols: \n Ax represents ∀x \n Ex represents ∃x\nSo formulas with ∀x and ∃x will be represented by Ax and Ex (A and E followed by the variable x). For example, Ax (H(x)->M(x)) represents ∀x (H(x)→M(x)).\n\n###CONVENTIONS\nAtoms: only uppercase letters not immediately followed by parentesis (e.g. P, Q, R).\nPredicates: uppercase letters immediately followed by parentesis (e.g. H(x), M(y), Q(a,b) ). All predicates must use parentheses.\nVariables: first letter in lowercase, can be followed by letters and numbers (e.g., x, x0, xP0).\n\n### TO CREATE NEW VARIABLE:\nFor Universal Introduction rule(Ai): open a subproof with a fresh variable not occurring in any open hypothesis.\nCreate new variable like this: '<line_number>. { <new_variable> '\n\nFor Existential Elimination rule(Ee): open a subproof with a fresh witness constant/variable. \nCreate new variable like this: '<line_number>. {<new_variable> φ[<old_variable>/<new_variable>] hip\n  Write only the final proof in <proof>...</proof> tags. Only use <proof>...</proof> tags ONCE. Only use these symbols inside the proof '&' , '->', '~', '|', '@', '(', ')', '{', '}', 'Ax', 'Ex'.\nDo not include explanations, commentary, or extra text inside and outside the <proof>...</proof> tags.\n ""}, {'role': 'user', 'content': ""Prove'Ex (B(x)->C(x)), Ax B(x) |- Ex C(x)' using the natural deduction method. Only one final answer, surrounded by <proof>...</proof>, using the notation described.""}]","<proof>
1. Ex(P(x)->Q(x)) pre
2. Ax P(x) pre
3.{ a (P(a)->Q(a)) hip
4. P(a) @e 2
5. Q(a) ->e 3,4 }
6. Ex Q(x) Ei 5
</proof>","1. Ex(P(x)->Q(x)) pre
2. Ax P(x) pre
3.{ a (P(a)->Q(a)) hip
4. P(a) @e 2
5. Q(a) ->e 3,4 }
6. Ex Q(x) Ei 5","Os seguintes erros foram encontrados:

Erro de sintaxe na linha 3:
3.{ a (P(a)->Q(a)) hip
^, A hipótese que foi introduzida por essa caixa dever ser descartada pela regra que a introduziu em linha imediatamente posterior ao fechamento desta caixa.Erro de sintaxe na linha 4:
4. P(a) @e 2
           ^, A fórmula referenciada na linha 2 deveria ser @.Erro de sintaxe na linha 6:
6. Ex Q(x) Ei 5
              ^, a referência a fórmula da linha 5 não pode ser utilizada, pois esta fórmula já foi descartada.",3.24426054954529,stop,891,905
~Ex (B(x)&C(x)) |- Ax (B(x)->~C(x)),"[{'role': 'system', 'content': ""You are an expert in logic using the Natural Deduction method.\nYou will receive one first order logic problem. Your task is to prove its validity using Natural Deduction and represent the proof in a Fitch-like notation, following these formatting instructions.\n\n### FORMAT OF PROOF LINES\nEach proof line must be structured like: '<line_number>. <formula> <origin>'\n- <line_number>: sequential integer, always ending with a dot ('1.', '2.', '3.', ...)\n- <formula>: the formula derived on that line\n- <origin>: either 'pre' (premise), 'hip' (hypothesis) or '<rule_name> <line_refs>'\n - <rule_name> and <line_refs>: \n - &e (1 line) \n - &i (2 lines) \n - ->e (2 lines) \n - ->i (1 range) \n - ~e (2 lines) \n - ~i (1 range) \n - |e (1 line + 2 ranges) \n - |i (1 line) \n - @e (1 line) \n - raa (1 range) \n - copy (1 line) \n - Ae (1 line)\n - Ai (1 range)\n - Ee (1 line + 1 range)\n - Ei (1 line)\n - <line_refs>: Must be comma-separated line numbers or ranges. Ranges denote subproofs (e.g., `->i 8-12`, `|e 4, 5-9, 10-14`)\n\n### SUBPROOFS / HYPOTHESES\nUse subproofs for hypotheses. Use curly braces '{' and '}' to open and close subproofs. \nPlace `{` immediately after the line number (e.g. '8.{ A|B hip') and `}` at the end of the final line of the subproof (e.g. '10. B @e 4}').\nNested subproofs are allowed. But a formula may only be used at a specific point if it appeared earlier in the same subproof or an outer subproof to the current subproof.\n\n### SYMBOLS & CONVENTIONS\nUse the following symbols for logical operations: \n- & = conjunction (and) \n- | = disjunction (or) \n- ~ = negation (not) \n- -> = implication (implies)\n\nQuantifiers symbols: \n Ax represents ∀x \n Ex represents ∃x\nSo formulas with ∀x and ∃x will be represented by Ax and Ex (A and E followed by the variable x). For example, Ax (H(x)->M(x)) represents ∀x (H(x)→M(x)).\n\n###CONVENTIONS\nAtoms: only uppercase letters not immediately followed by parentesis (e.g. P, Q, R).\nPredicates: uppercase letters immediately followed by parentesis (e.g. H(x), M(y), Q(a,b) ). All predicates must use parentheses.\nVariables: first letter in lowercase, can be followed by letters and numbers (e.g., x, x0, xP0).\n\n### TO CREATE NEW VARIABLE:\nFor Universal Introduction rule(Ai): open a subproof with a fresh variable not occurring in any open hypothesis.\nCreate new variable like this: '<line_number>. { <new_variable> '\n\nFor Existential Elimination rule(Ee): open a subproof with a fresh witness constant/variable. \nCreate new variable like this: '<line_number>. {<new_variable> φ[<old_variable>/<new_variable>] hip\n  Write only the final proof in <proof>...</proof> tags. Only use <proof>...</proof> tags ONCE. Only use these symbols inside the proof '&' , '->', '~', '|', '@', '(', ')', '{', '}', 'Ax', 'Ex'.\nDo not include explanations, commentary, or extra text inside and outside the <proof>...</proof> tags.\n ""}, {'role': 'user', 'content': ""Prove'~Ex (B(x)&C(x)) |- Ax (B(x)->~C(x))' using the natural deduction method. Only one final answer, surrounded by <proof>...</proof>, using the notation described.""}]","<proof>
1. ~∃x(P(x)&Q(x)) pre
2.{ a
3.{ P(a) hip
4.{ Q(a) hip
5. (P(a)&Q(a)) &i 3,4
6. ∃x(P(x)&Q(x)) Ex 5
7. ⊥ ~e 1,6
8. ~Q(a) ~i 4-7 }
9. P(a)->~Q(a) ->i 3-8 }
10. ∀x(P(x)->~Q(x)) Ai 2-9 }
</proof>","1. ~∃x(P(x)&Q(x)) pre
2.{ a
3.{ P(a) hip
4.{ Q(a) hip
5. (P(a)&Q(a)) &i 3,4
6. ∃x(P(x)&Q(x)) Ex 5
7. ⊥ ~e 1,6
8. ~Q(a) ~i 4-7 }
9. P(a)->~Q(a) ->i 3-8 }
10. ∀x(P(x)->~Q(x)) Ai 2-9 }","Os seguintes erros foram encontrados:

Uma das definições não está completa, verifique se todas regras foram aplicadas corretamente.
Lembre-se que uma regra de inferência sempre inicia com um número seguido de um . (linha de referência), tem uma fórmula e uma justificativa (premissa, hipóteses ou uma das regras de inferência com suas respectivas referências para fórmulas anteriores).
Erro de sintaxe:
1. ~∃x(P(x)&Q(x)) pre
    ^ Símbolo não pertence a linguagem.
",4.71027565002441,stop,894,1276
"Ex B(x), Ax Ay (B(x)->C(y)) |- Ay C(y)","[{'role': 'system', 'content': ""You are an expert in logic using the Natural Deduction method.\nYou will receive one first order logic problem. Your task is to prove its validity using Natural Deduction and represent the proof in a Fitch-like notation, following these formatting instructions.\n\n### FORMAT OF PROOF LINES\nEach proof line must be structured like: '<line_number>. <formula> <origin>'\n- <line_number>: sequential integer, always ending with a dot ('1.', '2.', '3.', ...)\n- <formula>: the formula derived on that line\n- <origin>: either 'pre' (premise), 'hip' (hypothesis) or '<rule_name> <line_refs>'\n - <rule_name> and <line_refs>: \n - &e (1 line) \n - &i (2 lines) \n - ->e (2 lines) \n - ->i (1 range) \n - ~e (2 lines) \n - ~i (1 range) \n - |e (1 line + 2 ranges) \n - |i (1 line) \n - @e (1 line) \n - raa (1 range) \n - copy (1 line) \n - Ae (1 line)\n - Ai (1 range)\n - Ee (1 line + 1 range)\n - Ei (1 line)\n - <line_refs>: Must be comma-separated line numbers or ranges. Ranges denote subproofs (e.g., `->i 8-12`, `|e 4, 5-9, 10-14`)\n\n### SUBPROOFS / HYPOTHESES\nUse subproofs for hypotheses. Use curly braces '{' and '}' to open and close subproofs. \nPlace `{` immediately after the line number (e.g. '8.{ A|B hip') and `}` at the end of the final line of the subproof (e.g. '10. B @e 4}').\nNested subproofs are allowed. But a formula may only be used at a specific point if it appeared earlier in the same subproof or an outer subproof to the current subproof.\n\n### SYMBOLS & CONVENTIONS\nUse the following symbols for logical operations: \n- & = conjunction (and) \n- | = disjunction (or) \n- ~ = negation (not) \n- -> = implication (implies)\n\nQuantifiers symbols: \n Ax represents ∀x \n Ex represents ∃x\nSo formulas with ∀x and ∃x will be represented by Ax and Ex (A and E followed by the variable x). For example, Ax (H(x)->M(x)) represents ∀x (H(x)→M(x)).\n\n###CONVENTIONS\nAtoms: only uppercase letters not immediately followed by parentesis (e.g. P, Q, R).\nPredicates: uppercase letters immediately followed by parentesis (e.g. H(x), M(y), Q(a,b) ). All predicates must use parentheses.\nVariables: first letter in lowercase, can be followed by letters and numbers (e.g., x, x0, xP0).\n\n### TO CREATE NEW VARIABLE:\nFor Universal Introduction rule(Ai): open a subproof with a fresh variable not occurring in any open hypothesis.\nCreate new variable like this: '<line_number>. { <new_variable> '\n\nFor Existential Elimination rule(Ee): open a subproof with a fresh witness constant/variable. \nCreate new variable like this: '<line_number>. {<new_variable> φ[<old_variable>/<new_variable>] hip\n  Write only the final proof in <proof>...</proof> tags. Only use <proof>...</proof> tags ONCE. Only use these symbols inside the proof '&' , '->', '~', '|', '@', '(', ')', '{', '}', 'Ax', 'Ex'.\nDo not include explanations, commentary, or extra text inside and outside the <proof>...</proof> tags.\n ""}, {'role': 'user', 'content': ""Prove'Ex B(x), Ax Ay (B(x)->C(y)) |- Ay C(y)' using the natural deduction method. Only one final answer, surrounded by <proof>...</proof>, using the notation described.""}]","<proof>
1. Ex P(x) pre
2. ∀x∀y (P(x)->Q(y)) pre
3.{ a P(a) hip
4. ∀y (P(a)->Q(y)) Ax 2
5.{ y
6. P(a)->Q(y) Ax 4
7. Q(y) ->e 3,6
8. }
9. ∀y Q(y) Ai 5-7
10. }
11. ∀y Q(y) Ee 1,3-10
</proof>","1. Ex P(x) pre
2. ∀x∀y (P(x)->Q(y)) pre
3.{ a P(a) hip
4. ∀y (P(a)->Q(y)) Ax 2
5.{ y
6. P(a)->Q(y) Ax 4
7. Q(y) ->e 3,6
8. }
9. ∀y Q(y) Ai 5-7
10. }
11. ∀y Q(y) Ee 1,3-10","Os seguintes erros foram encontrados:

Uma das definições não está completa, verifique se todas regras foram aplicadas corretamente.
Lembre-se que uma regra de inferência sempre inicia com um número seguido de um . (linha de referência), tem uma fórmula e uma justificativa (premissa, hipóteses ou uma das regras de inferência com suas respectivas referências para fórmulas anteriores).
Erro de sintaxe:
2. ∀x∀y (P(x)->Q(y)) pre
   ^ Símbolo não pertence a linguagem.
",6.11739039421082,stop,892,1664
"Ex (B(x)&C(x)), Ax (D(x)->~C(x)) |- Ex (B(x)&~D(x))","[{'role': 'system', 'content': ""You are an expert in logic using the Natural Deduction method.\nYou will receive one first order logic problem. Your task is to prove its validity using Natural Deduction and represent the proof in a Fitch-like notation, following these formatting instructions.\n\n### FORMAT OF PROOF LINES\nEach proof line must be structured like: '<line_number>. <formula> <origin>'\n- <line_number>: sequential integer, always ending with a dot ('1.', '2.', '3.', ...)\n- <formula>: the formula derived on that line\n- <origin>: either 'pre' (premise), 'hip' (hypothesis) or '<rule_name> <line_refs>'\n - <rule_name> and <line_refs>: \n - &e (1 line) \n - &i (2 lines) \n - ->e (2 lines) \n - ->i (1 range) \n - ~e (2 lines) \n - ~i (1 range) \n - |e (1 line + 2 ranges) \n - |i (1 line) \n - @e (1 line) \n - raa (1 range) \n - copy (1 line) \n - Ae (1 line)\n - Ai (1 range)\n - Ee (1 line + 1 range)\n - Ei (1 line)\n - <line_refs>: Must be comma-separated line numbers or ranges. Ranges denote subproofs (e.g., `->i 8-12`, `|e 4, 5-9, 10-14`)\n\n### SUBPROOFS / HYPOTHESES\nUse subproofs for hypotheses. Use curly braces '{' and '}' to open and close subproofs. \nPlace `{` immediately after the line number (e.g. '8.{ A|B hip') and `}` at the end of the final line of the subproof (e.g. '10. B @e 4}').\nNested subproofs are allowed. But a formula may only be used at a specific point if it appeared earlier in the same subproof or an outer subproof to the current subproof.\n\n### SYMBOLS & CONVENTIONS\nUse the following symbols for logical operations: \n- & = conjunction (and) \n- | = disjunction (or) \n- ~ = negation (not) \n- -> = implication (implies)\n\nQuantifiers symbols: \n Ax represents ∀x \n Ex represents ∃x\nSo formulas with ∀x and ∃x will be represented by Ax and Ex (A and E followed by the variable x). For example, Ax (H(x)->M(x)) represents ∀x (H(x)→M(x)).\n\n###CONVENTIONS\nAtoms: only uppercase letters not immediately followed by parentesis (e.g. P, Q, R).\nPredicates: uppercase letters immediately followed by parentesis (e.g. H(x), M(y), Q(a,b) ). All predicates must use parentheses.\nVariables: first letter in lowercase, can be followed by letters and numbers (e.g., x, x0, xP0).\n\n### TO CREATE NEW VARIABLE:\nFor Universal Introduction rule(Ai): open a subproof with a fresh variable not occurring in any open hypothesis.\nCreate new variable like this: '<line_number>. { <new_variable> '\n\nFor Existential Elimination rule(Ee): open a subproof with a fresh witness constant/variable. \nCreate new variable like this: '<line_number>. {<new_variable> φ[<old_variable>/<new_variable>] hip\n  Write only the final proof in <proof>...</proof> tags. Only use <proof>...</proof> tags ONCE. Only use these symbols inside the proof '&' , '->', '~', '|', '@', '(', ')', '{', '}', 'Ax', 'Ex'.\nDo not include explanations, commentary, or extra text inside and outside the <proof>...</proof> tags.\n ""}, {'role': 'user', 'content': ""Prove'Ex (B(x)&C(x)), Ax (D(x)->~C(x)) |- Ex (B(x)&~D(x))' using the natural deduction method. Only one final answer, surrounded by <proof>...</proof>, using the notation described.""}]","<proof>
1. ∃x(Fx & Gx) pre
2. Ax(Hx -> ~Gx) pre
3.{ a
4. Fx & Ga hip
5. Fx &e 4
6. Ga &e 4
7. Ha -> ~Ga Ax 2
8.{ Ha hip
9. ~Ga ->e 7,8
10. ⊥ ~e 6,9
11. }
12. ~Ha ~i 8-10
13. Fx & ~Ha &i 5,12
14. ∃x(Fx & ~Hx) Ex 13
15. }
</proof>","1. ∃x(Fx & Gx) pre
2. Ax(Hx -> ~Gx) pre
3.{ a
4. Fx & Ga hip
5. Fx &e 4
6. Ga &e 4
7. Ha -> ~Ga Ax 2
8.{ Ha hip
9. ~Ga ->e 7,8
10. ⊥ ~e 6,9
11. }
12. ~Ha ~i 8-10
13. Fx & ~Ha &i 5,12
14. ∃x(Fx & ~Hx) Ex 13
15. }","Os seguintes erros foram encontrados:

Uma das definições não está completa, verifique se todas regras foram aplicadas corretamente.
Lembre-se que uma regra de inferência sempre inicia com um número seguido de um . (linha de referência), tem uma fórmula e uma justificativa (premissa, hipóteses ou uma das regras de inferência com suas respectivas referências para fórmulas anteriores).
Erro de sintaxe:
1. ∃x(Fx & Gx) pre
   ^ Símbolo não pertence a linguagem.
",4.60348081588745,stop,902,1265
Ex (B(x)&C(x)) |- Ex B(x)&Ex C(x),"[{'role': 'system', 'content': ""You are an expert in logic using the Natural Deduction method.\nYou will receive one first order logic problem. Your task is to prove its validity using Natural Deduction and represent the proof in a Fitch-like notation, following these formatting instructions.\n\n### FORMAT OF PROOF LINES\nEach proof line must be structured like: '<line_number>. <formula> <origin>'\n- <line_number>: sequential integer, always ending with a dot ('1.', '2.', '3.', ...)\n- <formula>: the formula derived on that line\n- <origin>: either 'pre' (premise), 'hip' (hypothesis) or '<rule_name> <line_refs>'\n - <rule_name> and <line_refs>: \n - &e (1 line) \n - &i (2 lines) \n - ->e (2 lines) \n - ->i (1 range) \n - ~e (2 lines) \n - ~i (1 range) \n - |e (1 line + 2 ranges) \n - |i (1 line) \n - @e (1 line) \n - raa (1 range) \n - copy (1 line) \n - Ae (1 line)\n - Ai (1 range)\n - Ee (1 line + 1 range)\n - Ei (1 line)\n - <line_refs>: Must be comma-separated line numbers or ranges. Ranges denote subproofs (e.g., `->i 8-12`, `|e 4, 5-9, 10-14`)\n\n### SUBPROOFS / HYPOTHESES\nUse subproofs for hypotheses. Use curly braces '{' and '}' to open and close subproofs. \nPlace `{` immediately after the line number (e.g. '8.{ A|B hip') and `}` at the end of the final line of the subproof (e.g. '10. B @e 4}').\nNested subproofs are allowed. But a formula may only be used at a specific point if it appeared earlier in the same subproof or an outer subproof to the current subproof.\n\n### SYMBOLS & CONVENTIONS\nUse the following symbols for logical operations: \n- & = conjunction (and) \n- | = disjunction (or) \n- ~ = negation (not) \n- -> = implication (implies)\n\nQuantifiers symbols: \n Ax represents ∀x \n Ex represents ∃x\nSo formulas with ∀x and ∃x will be represented by Ax and Ex (A and E followed by the variable x). For example, Ax (H(x)->M(x)) represents ∀x (H(x)→M(x)).\n\n###CONVENTIONS\nAtoms: only uppercase letters not immediately followed by parentesis (e.g. P, Q, R).\nPredicates: uppercase letters immediately followed by parentesis (e.g. H(x), M(y), Q(a,b) ). All predicates must use parentheses.\nVariables: first letter in lowercase, can be followed by letters and numbers (e.g., x, x0, xP0).\n\n### TO CREATE NEW VARIABLE:\nFor Universal Introduction rule(Ai): open a subproof with a fresh variable not occurring in any open hypothesis.\nCreate new variable like this: '<line_number>. { <new_variable> '\n\nFor Existential Elimination rule(Ee): open a subproof with a fresh witness constant/variable. \nCreate new variable like this: '<line_number>. {<new_variable> φ[<old_variable>/<new_variable>] hip\n  Write only the final proof in <proof>...</proof> tags. Only use <proof>...</proof> tags ONCE. Only use these symbols inside the proof '&' , '->', '~', '|', '@', '(', ')', '{', '}', 'Ax', 'Ex'.\nDo not include explanations, commentary, or extra text inside and outside the <proof>...</proof> tags.\n ""}, {'role': 'user', 'content': ""Prove'Ex (B(x)&C(x)) |- Ex B(x)&Ex C(x)' using the natural deduction method. Only one final answer, surrounded by <proof>...</proof>, using the notation described.""}]","<proof>
1. ∃x (P(x)&Q(x)) pre
2.{ a P(a)&Q(a) hip
3. P(a) &e 2
4. Q(a) &e 2
5. ∃x P(x) @i 3
6. ∃x Q(x) @i 4
7. ∃x P(x) & ∃x Q(x) &i 5,6
}
</proof>","1. ∃x (P(x)&Q(x)) pre
2.{ a P(a)&Q(a) hip
3. P(a) &e 2
4. Q(a) &e 2
5. ∃x P(x) @i 3
6. ∃x Q(x) @i 4
7. ∃x P(x) & ∃x Q(x) &i 5,6
}","Os seguintes erros foram encontrados:

Uma das definições não está completa, verifique se todas regras foram aplicadas corretamente.
Lembre-se que uma regra de inferência sempre inicia com um número seguido de um . (linha de referência), tem uma fórmula e uma justificativa (premissa, hipóteses ou uma das regras de inferência com suas respectivas referências para fórmulas anteriores).
Erro de sintaxe:
1. ∃x (P(x)&Q(x)) pre
   ^ Símbolo não pertence a linguagem.
",4.01155543327332,stop,891,1091
"Ex B(x), Ax (B(x)->C) |- C","[{'role': 'system', 'content': ""You are an expert in logic using the Natural Deduction method.\nYou will receive one first order logic problem. Your task is to prove its validity using Natural Deduction and represent the proof in a Fitch-like notation, following these formatting instructions.\n\n### FORMAT OF PROOF LINES\nEach proof line must be structured like: '<line_number>. <formula> <origin>'\n- <line_number>: sequential integer, always ending with a dot ('1.', '2.', '3.', ...)\n- <formula>: the formula derived on that line\n- <origin>: either 'pre' (premise), 'hip' (hypothesis) or '<rule_name> <line_refs>'\n - <rule_name> and <line_refs>: \n - &e (1 line) \n - &i (2 lines) \n - ->e (2 lines) \n - ->i (1 range) \n - ~e (2 lines) \n - ~i (1 range) \n - |e (1 line + 2 ranges) \n - |i (1 line) \n - @e (1 line) \n - raa (1 range) \n - copy (1 line) \n - Ae (1 line)\n - Ai (1 range)\n - Ee (1 line + 1 range)\n - Ei (1 line)\n - <line_refs>: Must be comma-separated line numbers or ranges. Ranges denote subproofs (e.g., `->i 8-12`, `|e 4, 5-9, 10-14`)\n\n### SUBPROOFS / HYPOTHESES\nUse subproofs for hypotheses. Use curly braces '{' and '}' to open and close subproofs. \nPlace `{` immediately after the line number (e.g. '8.{ A|B hip') and `}` at the end of the final line of the subproof (e.g. '10. B @e 4}').\nNested subproofs are allowed. But a formula may only be used at a specific point if it appeared earlier in the same subproof or an outer subproof to the current subproof.\n\n### SYMBOLS & CONVENTIONS\nUse the following symbols for logical operations: \n- & = conjunction (and) \n- | = disjunction (or) \n- ~ = negation (not) \n- -> = implication (implies)\n\nQuantifiers symbols: \n Ax represents ∀x \n Ex represents ∃x\nSo formulas with ∀x and ∃x will be represented by Ax and Ex (A and E followed by the variable x). For example, Ax (H(x)->M(x)) represents ∀x (H(x)→M(x)).\n\n###CONVENTIONS\nAtoms: only uppercase letters not immediately followed by parentesis (e.g. P, Q, R).\nPredicates: uppercase letters immediately followed by parentesis (e.g. H(x), M(y), Q(a,b) ). All predicates must use parentheses.\nVariables: first letter in lowercase, can be followed by letters and numbers (e.g., x, x0, xP0).\n\n### TO CREATE NEW VARIABLE:\nFor Universal Introduction rule(Ai): open a subproof with a fresh variable not occurring in any open hypothesis.\nCreate new variable like this: '<line_number>. { <new_variable> '\n\nFor Existential Elimination rule(Ee): open a subproof with a fresh witness constant/variable. \nCreate new variable like this: '<line_number>. {<new_variable> φ[<old_variable>/<new_variable>] hip\n  Write only the final proof in <proof>...</proof> tags. Only use <proof>...</proof> tags ONCE. Only use these symbols inside the proof '&' , '->', '~', '|', '@', '(', ')', '{', '}', 'Ax', 'Ex'.\nDo not include explanations, commentary, or extra text inside and outside the <proof>...</proof> tags.\n ""}, {'role': 'user', 'content': ""Prove'Ex B(x), Ax (B(x)->C) |- C' using the natural deduction method. Only one final answer, surrounded by <proof>...</proof>, using the notation described.""}]","<proof>
1. Ex P(x) pre
2. Ax (P(x)->Q) pre
3.{ a P(a) hip
4. P(a)->Q Ae 2
5. Q ->e 3,4}
6. Q Ee 1,3-5
</proof>","1. Ex P(x) pre
2. Ax (P(x)->Q) pre
3.{ a P(a) hip
4. P(a)->Q Ae 2
5. Q ->e 3,4}
6. Q Ee 1,3-5","A demonstração está correta.
Ex P(x), Ax (P(x)->Q) |- Q

Código da demonstração no estilo Fitch em Latex:
\begin{logicproof}{6}
\exists x P(x) & premissa\\
\forall x (P(x)\rightarrow Q) & premissa\\
\begin{subproof}
\llap{$a\quad$}P(a) & hipótese\\
P(a)\rightarrow Q & $\forall e$ 2\\
Q & $\rightarrow e$ 3, 4
\end{subproof}
Q & $\exists e$ 1,3-5
\end{logicproof}

Código da demonstração no estilo Gentzen em Latex:
\[\infer[\!\!{\exists\text{e}^{_1} }]{Q}{{\exists x P(x)} & \infer[\!\!{\rightarrow\text{e}}]{Q}{{\big[P(a)\big]^{_{1}}}&{\infer[\!\!\forall\text{e}]{P(a)\rightarrow Q}{{\forall x (P(x)\rightarrow Q)}}}}}\]
",3.1370747089386,stop,888,876
Ax (B(x)&C(x)) |- Ax C(x),"[{'role': 'system', 'content': ""You are an expert in logic using the Natural Deduction method.\nYou will receive one first order logic problem. Your task is to prove its validity using Natural Deduction and represent the proof in a Fitch-like notation, following these formatting instructions.\n\n### FORMAT OF PROOF LINES\nEach proof line must be structured like: '<line_number>. <formula> <origin>'\n- <line_number>: sequential integer, always ending with a dot ('1.', '2.', '3.', ...)\n- <formula>: the formula derived on that line\n- <origin>: either 'pre' (premise), 'hip' (hypothesis) or '<rule_name> <line_refs>'\n - <rule_name> and <line_refs>: \n - &e (1 line) \n - &i (2 lines) \n - ->e (2 lines) \n - ->i (1 range) \n - ~e (2 lines) \n - ~i (1 range) \n - |e (1 line + 2 ranges) \n - |i (1 line) \n - @e (1 line) \n - raa (1 range) \n - copy (1 line) \n - Ae (1 line)\n - Ai (1 range)\n - Ee (1 line + 1 range)\n - Ei (1 line)\n - <line_refs>: Must be comma-separated line numbers or ranges. Ranges denote subproofs (e.g., `->i 8-12`, `|e 4, 5-9, 10-14`)\n\n### SUBPROOFS / HYPOTHESES\nUse subproofs for hypotheses. Use curly braces '{' and '}' to open and close subproofs. \nPlace `{` immediately after the line number (e.g. '8.{ A|B hip') and `}` at the end of the final line of the subproof (e.g. '10. B @e 4}').\nNested subproofs are allowed. But a formula may only be used at a specific point if it appeared earlier in the same subproof or an outer subproof to the current subproof.\n\n### SYMBOLS & CONVENTIONS\nUse the following symbols for logical operations: \n- & = conjunction (and) \n- | = disjunction (or) \n- ~ = negation (not) \n- -> = implication (implies)\n\nQuantifiers symbols: \n Ax represents ∀x \n Ex represents ∃x\nSo formulas with ∀x and ∃x will be represented by Ax and Ex (A and E followed by the variable x). For example, Ax (H(x)->M(x)) represents ∀x (H(x)→M(x)).\n\n###CONVENTIONS\nAtoms: only uppercase letters not immediately followed by parentesis (e.g. P, Q, R).\nPredicates: uppercase letters immediately followed by parentesis (e.g. H(x), M(y), Q(a,b) ). All predicates must use parentheses.\nVariables: first letter in lowercase, can be followed by letters and numbers (e.g., x, x0, xP0).\n\n### TO CREATE NEW VARIABLE:\nFor Universal Introduction rule(Ai): open a subproof with a fresh variable not occurring in any open hypothesis.\nCreate new variable like this: '<line_number>. { <new_variable> '\n\nFor Existential Elimination rule(Ee): open a subproof with a fresh witness constant/variable. \nCreate new variable like this: '<line_number>. {<new_variable> φ[<old_variable>/<new_variable>] hip\n  Write only the final proof in <proof>...</proof> tags. Only use <proof>...</proof> tags ONCE. Only use these symbols inside the proof '&' , '->', '~', '|', '@', '(', ')', '{', '}', 'Ax', 'Ex'.\nDo not include explanations, commentary, or extra text inside and outside the <proof>...</proof> tags.\n ""}, {'role': 'user', 'content': ""Prove'Ax (B(x)&C(x)) |- Ax C(x)' using the natural deduction method. Only one final answer, surrounded by <proof>...</proof>, using the notation described.""}]","<proof>
1. Ax(P(x)&Q(x)) pre
2. P(a)&Q(a) @e 1
3. Q(a) &e 2
4. ∀x Q(x) Ai 3-3
</proof>","1. Ax(P(x)&Q(x)) pre
2. P(a)&Q(a) @e 1
3. Q(a) &e 2
4. ∀x Q(x) Ai 3-3","Os seguintes erros foram encontrados:

Uma das definições não está completa, verifique se todas regras foram aplicadas corretamente.
Lembre-se que uma regra de inferência sempre inicia com um número seguido de um . (linha de referência), tem uma fórmula e uma justificativa (premissa, hipóteses ou uma das regras de inferência com suas respectivas referências para fórmulas anteriores).
Erro de sintaxe:
4. ∀x Q(x) Ai 3-3
   ^ Símbolo não pertence a linguagem.
",1.92665648460388,stop,887,523
B&Ax C(x) |- Ax (B&C(x)),"[{'role': 'system', 'content': ""You are an expert in logic using the Natural Deduction method.\nYou will receive one first order logic problem. Your task is to prove its validity using Natural Deduction and represent the proof in a Fitch-like notation, following these formatting instructions.\n\n### FORMAT OF PROOF LINES\nEach proof line must be structured like: '<line_number>. <formula> <origin>'\n- <line_number>: sequential integer, always ending with a dot ('1.', '2.', '3.', ...)\n- <formula>: the formula derived on that line\n- <origin>: either 'pre' (premise), 'hip' (hypothesis) or '<rule_name> <line_refs>'\n - <rule_name> and <line_refs>: \n - &e (1 line) \n - &i (2 lines) \n - ->e (2 lines) \n - ->i (1 range) \n - ~e (2 lines) \n - ~i (1 range) \n - |e (1 line + 2 ranges) \n - |i (1 line) \n - @e (1 line) \n - raa (1 range) \n - copy (1 line) \n - Ae (1 line)\n - Ai (1 range)\n - Ee (1 line + 1 range)\n - Ei (1 line)\n - <line_refs>: Must be comma-separated line numbers or ranges. Ranges denote subproofs (e.g., `->i 8-12`, `|e 4, 5-9, 10-14`)\n\n### SUBPROOFS / HYPOTHESES\nUse subproofs for hypotheses. Use curly braces '{' and '}' to open and close subproofs. \nPlace `{` immediately after the line number (e.g. '8.{ A|B hip') and `}` at the end of the final line of the subproof (e.g. '10. B @e 4}').\nNested subproofs are allowed. But a formula may only be used at a specific point if it appeared earlier in the same subproof or an outer subproof to the current subproof.\n\n### SYMBOLS & CONVENTIONS\nUse the following symbols for logical operations: \n- & = conjunction (and) \n- | = disjunction (or) \n- ~ = negation (not) \n- -> = implication (implies)\n\nQuantifiers symbols: \n Ax represents ∀x \n Ex represents ∃x\nSo formulas with ∀x and ∃x will be represented by Ax and Ex (A and E followed by the variable x). For example, Ax (H(x)->M(x)) represents ∀x (H(x)→M(x)).\n\n###CONVENTIONS\nAtoms: only uppercase letters not immediately followed by parentesis (e.g. P, Q, R).\nPredicates: uppercase letters immediately followed by parentesis (e.g. H(x), M(y), Q(a,b) ). All predicates must use parentheses.\nVariables: first letter in lowercase, can be followed by letters and numbers (e.g., x, x0, xP0).\n\n### TO CREATE NEW VARIABLE:\nFor Universal Introduction rule(Ai): open a subproof with a fresh variable not occurring in any open hypothesis.\nCreate new variable like this: '<line_number>. { <new_variable> '\n\nFor Existential Elimination rule(Ee): open a subproof with a fresh witness constant/variable. \nCreate new variable like this: '<line_number>. {<new_variable> φ[<old_variable>/<new_variable>] hip\n  Write only the final proof in <proof>...</proof> tags. Only use <proof>...</proof> tags ONCE. Only use these symbols inside the proof '&' , '->', '~', '|', '@', '(', ')', '{', '}', 'Ax', 'Ex'.\nDo not include explanations, commentary, or extra text inside and outside the <proof>...</proof> tags.\n ""}, {'role': 'user', 'content': ""Prove'B&Ax C(x) |- Ax (B&C(x))' using the natural deduction method. Only one final answer, surrounded by <proof>...</proof>, using the notation described.""}]","<proof>
1. P&Ax Q(x) pre
2. P &e 1
3. Ax Q(x) &e 1
4.{ x0
5. P copie 2
6. Q(x0) Ax e 3
7. P&Q(x0) &i 5,6}
9. ∀x(P&Q(x)) Ai 4-7
</proof>","1. P&Ax Q(x) pre
2. P &e 1
3. Ax Q(x) &e 1
4.{ x0
5. P copie 2
6. Q(x0) Ax e 3
7. P&Q(x0) &i 5,6}
9. ∀x(P&Q(x)) Ai 4-7","Os seguintes erros foram encontrados:

Uma das definições não está completa, verifique se todas regras foram aplicadas corretamente.
Lembre-se que uma regra de inferência sempre inicia com um número seguido de um . (linha de referência), tem uma fórmula e uma justificativa (premissa, hipóteses ou uma das regras de inferência com suas respectivas referências para fórmulas anteriores).
Erro de sintaxe:
6. Q(x0) Ax e 3
         ^
",4.36248850822449,stop,889,1204
Ax (B(x)->C(x))&Ax B(x) |- Ax C(x),"[{'role': 'system', 'content': ""You are an expert in logic using the Natural Deduction method.\nYou will receive one first order logic problem. Your task is to prove its validity using Natural Deduction and represent the proof in a Fitch-like notation, following these formatting instructions.\n\n### FORMAT OF PROOF LINES\nEach proof line must be structured like: '<line_number>. <formula> <origin>'\n- <line_number>: sequential integer, always ending with a dot ('1.', '2.', '3.', ...)\n- <formula>: the formula derived on that line\n- <origin>: either 'pre' (premise), 'hip' (hypothesis) or '<rule_name> <line_refs>'\n - <rule_name> and <line_refs>: \n - &e (1 line) \n - &i (2 lines) \n - ->e (2 lines) \n - ->i (1 range) \n - ~e (2 lines) \n - ~i (1 range) \n - |e (1 line + 2 ranges) \n - |i (1 line) \n - @e (1 line) \n - raa (1 range) \n - copy (1 line) \n - Ae (1 line)\n - Ai (1 range)\n - Ee (1 line + 1 range)\n - Ei (1 line)\n - <line_refs>: Must be comma-separated line numbers or ranges. Ranges denote subproofs (e.g., `->i 8-12`, `|e 4, 5-9, 10-14`)\n\n### SUBPROOFS / HYPOTHESES\nUse subproofs for hypotheses. Use curly braces '{' and '}' to open and close subproofs. \nPlace `{` immediately after the line number (e.g. '8.{ A|B hip') and `}` at the end of the final line of the subproof (e.g. '10. B @e 4}').\nNested subproofs are allowed. But a formula may only be used at a specific point if it appeared earlier in the same subproof or an outer subproof to the current subproof.\n\n### SYMBOLS & CONVENTIONS\nUse the following symbols for logical operations: \n- & = conjunction (and) \n- | = disjunction (or) \n- ~ = negation (not) \n- -> = implication (implies)\n\nQuantifiers symbols: \n Ax represents ∀x \n Ex represents ∃x\nSo formulas with ∀x and ∃x will be represented by Ax and Ex (A and E followed by the variable x). For example, Ax (H(x)->M(x)) represents ∀x (H(x)→M(x)).\n\n###CONVENTIONS\nAtoms: only uppercase letters not immediately followed by parentesis (e.g. P, Q, R).\nPredicates: uppercase letters immediately followed by parentesis (e.g. H(x), M(y), Q(a,b) ). All predicates must use parentheses.\nVariables: first letter in lowercase, can be followed by letters and numbers (e.g., x, x0, xP0).\n\n### TO CREATE NEW VARIABLE:\nFor Universal Introduction rule(Ai): open a subproof with a fresh variable not occurring in any open hypothesis.\nCreate new variable like this: '<line_number>. { <new_variable> '\n\nFor Existential Elimination rule(Ee): open a subproof with a fresh witness constant/variable. \nCreate new variable like this: '<line_number>. {<new_variable> φ[<old_variable>/<new_variable>] hip\n  Write only the final proof in <proof>...</proof> tags. Only use <proof>...</proof> tags ONCE. Only use these symbols inside the proof '&' , '->', '~', '|', '@', '(', ')', '{', '}', 'Ax', 'Ex'.\nDo not include explanations, commentary, or extra text inside and outside the <proof>...</proof> tags.\n ""}, {'role': 'user', 'content': ""Prove'Ax (B(x)->C(x))&Ax B(x) |- Ax C(x)' using the natural deduction method. Only one final answer, surrounded by <proof>...</proof>, using the notation described.""}]","<proof>
1. ∀x(P(x)->Q(x)) pre
2. ∀x P(x) pre
3. P(a)->Q(a) 1Ae
4. P(a) 2Ae
5. Q(a) 3->e 4
6. ∀x Q(x) Ai 5
</proof>","1. ∀x(P(x)->Q(x)) pre
2. ∀x P(x) pre
3. P(a)->Q(a) 1Ae
4. P(a) 2Ae
5. Q(a) 3->e 4
6. ∀x Q(x) Ai 5","Os seguintes erros foram encontrados:

Uma das definições não está completa, verifique se todas regras foram aplicadas corretamente.
Lembre-se que uma regra de inferência sempre inicia com um número seguido de um . (linha de referência), tem uma fórmula e uma justificativa (premissa, hipóteses ou uma das regras de inferência com suas respectivas referências para fórmulas anteriores).
Erro de sintaxe:
1. ∀x(P(x)->Q(x)) pre
   ^ Símbolo não pertence a linguagem.
",2.22235083580017,stop,892,599
Ax B(x) |- Ax (B(x)|C(x)),"[{'role': 'system', 'content': ""You are an expert in logic using the Natural Deduction method.\nYou will receive one first order logic problem. Your task is to prove its validity using Natural Deduction and represent the proof in a Fitch-like notation, following these formatting instructions.\n\n### FORMAT OF PROOF LINES\nEach proof line must be structured like: '<line_number>. <formula> <origin>'\n- <line_number>: sequential integer, always ending with a dot ('1.', '2.', '3.', ...)\n- <formula>: the formula derived on that line\n- <origin>: either 'pre' (premise), 'hip' (hypothesis) or '<rule_name> <line_refs>'\n - <rule_name> and <line_refs>: \n - &e (1 line) \n - &i (2 lines) \n - ->e (2 lines) \n - ->i (1 range) \n - ~e (2 lines) \n - ~i (1 range) \n - |e (1 line + 2 ranges) \n - |i (1 line) \n - @e (1 line) \n - raa (1 range) \n - copy (1 line) \n - Ae (1 line)\n - Ai (1 range)\n - Ee (1 line + 1 range)\n - Ei (1 line)\n - <line_refs>: Must be comma-separated line numbers or ranges. Ranges denote subproofs (e.g., `->i 8-12`, `|e 4, 5-9, 10-14`)\n\n### SUBPROOFS / HYPOTHESES\nUse subproofs for hypotheses. Use curly braces '{' and '}' to open and close subproofs. \nPlace `{` immediately after the line number (e.g. '8.{ A|B hip') and `}` at the end of the final line of the subproof (e.g. '10. B @e 4}').\nNested subproofs are allowed. But a formula may only be used at a specific point if it appeared earlier in the same subproof or an outer subproof to the current subproof.\n\n### SYMBOLS & CONVENTIONS\nUse the following symbols for logical operations: \n- & = conjunction (and) \n- | = disjunction (or) \n- ~ = negation (not) \n- -> = implication (implies)\n\nQuantifiers symbols: \n Ax represents ∀x \n Ex represents ∃x\nSo formulas with ∀x and ∃x will be represented by Ax and Ex (A and E followed by the variable x). For example, Ax (H(x)->M(x)) represents ∀x (H(x)→M(x)).\n\n###CONVENTIONS\nAtoms: only uppercase letters not immediately followed by parentesis (e.g. P, Q, R).\nPredicates: uppercase letters immediately followed by parentesis (e.g. H(x), M(y), Q(a,b) ). All predicates must use parentheses.\nVariables: first letter in lowercase, can be followed by letters and numbers (e.g., x, x0, xP0).\n\n### TO CREATE NEW VARIABLE:\nFor Universal Introduction rule(Ai): open a subproof with a fresh variable not occurring in any open hypothesis.\nCreate new variable like this: '<line_number>. { <new_variable> '\n\nFor Existential Elimination rule(Ee): open a subproof with a fresh witness constant/variable. \nCreate new variable like this: '<line_number>. {<new_variable> φ[<old_variable>/<new_variable>] hip\n  Write only the final proof in <proof>...</proof> tags. Only use <proof>...</proof> tags ONCE. Only use these symbols inside the proof '&' , '->', '~', '|', '@', '(', ')', '{', '}', 'Ax', 'Ex'.\nDo not include explanations, commentary, or extra text inside and outside the <proof>...</proof> tags.\n ""}, {'role': 'user', 'content': ""Prove'Ax B(x) |- Ax (B(x)|C(x))' using the natural deduction method. Only one final answer, surrounded by <proof>...</proof>, using the notation described.""}]","<proof>
1. Ax P(x) pre
2. P(a) Ax e 1
3. P(a)|Q(a) |i 2
4. Ax (P(x)|Q(x)) Ai 3
</proof>","1. Ax P(x) pre
2. P(a) Ax e 1
3. P(a)|Q(a) |i 2
4. Ax (P(x)|Q(x)) Ai 3","Os seguintes erros foram encontrados:

Uma das definições não está completa, verifique se todas regras foram aplicadas corretamente.
Lembre-se que uma regra de inferência sempre inicia com um número seguido de um . (linha de referência), tem uma fórmula e uma justificativa (premissa, hipóteses ou uma das regras de inferência com suas respectivas referências para fórmulas anteriores).
Erro de sintaxe:
2. P(a) Ax e 1
        ^
",1.45503926277161,stop,888,396
Ax (B(x)&C) |- Ax B(x),"[{'role': 'system', 'content': ""You are an expert in logic using the Natural Deduction method.\nYou will receive one first order logic problem. Your task is to prove its validity using Natural Deduction and represent the proof in a Fitch-like notation, following these formatting instructions.\n\n### FORMAT OF PROOF LINES\nEach proof line must be structured like: '<line_number>. <formula> <origin>'\n- <line_number>: sequential integer, always ending with a dot ('1.', '2.', '3.', ...)\n- <formula>: the formula derived on that line\n- <origin>: either 'pre' (premise), 'hip' (hypothesis) or '<rule_name> <line_refs>'\n - <rule_name> and <line_refs>: \n - &e (1 line) \n - &i (2 lines) \n - ->e (2 lines) \n - ->i (1 range) \n - ~e (2 lines) \n - ~i (1 range) \n - |e (1 line + 2 ranges) \n - |i (1 line) \n - @e (1 line) \n - raa (1 range) \n - copy (1 line) \n - Ae (1 line)\n - Ai (1 range)\n - Ee (1 line + 1 range)\n - Ei (1 line)\n - <line_refs>: Must be comma-separated line numbers or ranges. Ranges denote subproofs (e.g., `->i 8-12`, `|e 4, 5-9, 10-14`)\n\n### SUBPROOFS / HYPOTHESES\nUse subproofs for hypotheses. Use curly braces '{' and '}' to open and close subproofs. \nPlace `{` immediately after the line number (e.g. '8.{ A|B hip') and `}` at the end of the final line of the subproof (e.g. '10. B @e 4}').\nNested subproofs are allowed. But a formula may only be used at a specific point if it appeared earlier in the same subproof or an outer subproof to the current subproof.\n\n### SYMBOLS & CONVENTIONS\nUse the following symbols for logical operations: \n- & = conjunction (and) \n- | = disjunction (or) \n- ~ = negation (not) \n- -> = implication (implies)\n\nQuantifiers symbols: \n Ax represents ∀x \n Ex represents ∃x\nSo formulas with ∀x and ∃x will be represented by Ax and Ex (A and E followed by the variable x). For example, Ax (H(x)->M(x)) represents ∀x (H(x)→M(x)).\n\n###CONVENTIONS\nAtoms: only uppercase letters not immediately followed by parentesis (e.g. P, Q, R).\nPredicates: uppercase letters immediately followed by parentesis (e.g. H(x), M(y), Q(a,b) ). All predicates must use parentheses.\nVariables: first letter in lowercase, can be followed by letters and numbers (e.g., x, x0, xP0).\n\n### TO CREATE NEW VARIABLE:\nFor Universal Introduction rule(Ai): open a subproof with a fresh variable not occurring in any open hypothesis.\nCreate new variable like this: '<line_number>. { <new_variable> '\n\nFor Existential Elimination rule(Ee): open a subproof with a fresh witness constant/variable. \nCreate new variable like this: '<line_number>. {<new_variable> φ[<old_variable>/<new_variable>] hip\n  Write only the final proof in <proof>...</proof> tags. Only use <proof>...</proof> tags ONCE. Only use these symbols inside the proof '&' , '->', '~', '|', '@', '(', ')', '{', '}', 'Ax', 'Ex'.\nDo not include explanations, commentary, or extra text inside and outside the <proof>...</proof> tags.\n ""}, {'role': 'user', 'content': ""Prove'Ax (B(x)&C) |- Ax B(x)' using the natural deduction method. Only one final answer, surrounded by <proof>...</proof>, using the notation described.""}]","<proof>
1. Ax(P(x)&Q) pre
2. P(a)&Q ->e 1
3. P(a) &e 2
4. Ax P(x) Ai 3-3
</proof>","1. Ax(P(x)&Q) pre
2. P(a)&Q ->e 1
3. P(a) &e 2
4. Ax P(x) Ai 3-3","Os seguintes erros foram encontrados:

Erro de sintaxe na linha 2:
2. P(a)&Q ->e 1
          ^, a regra ->e deve ter duas referências separadas por vírgula.Erro de sintaxe na linha 3:
3. P(a) &e 2
           ^, a referência a fórmula da linha 2 não pode ser utilizada, pois esta fórmula já foi descartada.Erro de sintaxe na linha 4:
4. Ax P(x) Ai 3-3
              ^, esta não é uma caixa (escopo) válida.Erro de sintaxe na linha 4:
4. Ax P(x) Ai 3-3
              ^, A caixa que inicia na linha 3 deve iniciar com uma variável para esta regra.",1.08405494689941,stop,886,296
Ax (~B(x)|~C(x)) |- ~Ex (B(x)&C(x)),"[{'role': 'system', 'content': ""You are an expert in logic using the Natural Deduction method.\nYou will receive one first order logic problem. Your task is to prove its validity using Natural Deduction and represent the proof in a Fitch-like notation, following these formatting instructions.\n\n### FORMAT OF PROOF LINES\nEach proof line must be structured like: '<line_number>. <formula> <origin>'\n- <line_number>: sequential integer, always ending with a dot ('1.', '2.', '3.', ...)\n- <formula>: the formula derived on that line\n- <origin>: either 'pre' (premise), 'hip' (hypothesis) or '<rule_name> <line_refs>'\n - <rule_name> and <line_refs>: \n - &e (1 line) \n - &i (2 lines) \n - ->e (2 lines) \n - ->i (1 range) \n - ~e (2 lines) \n - ~i (1 range) \n - |e (1 line + 2 ranges) \n - |i (1 line) \n - @e (1 line) \n - raa (1 range) \n - copy (1 line) \n - Ae (1 line)\n - Ai (1 range)\n - Ee (1 line + 1 range)\n - Ei (1 line)\n - <line_refs>: Must be comma-separated line numbers or ranges. Ranges denote subproofs (e.g., `->i 8-12`, `|e 4, 5-9, 10-14`)\n\n### SUBPROOFS / HYPOTHESES\nUse subproofs for hypotheses. Use curly braces '{' and '}' to open and close subproofs. \nPlace `{` immediately after the line number (e.g. '8.{ A|B hip') and `}` at the end of the final line of the subproof (e.g. '10. B @e 4}').\nNested subproofs are allowed. But a formula may only be used at a specific point if it appeared earlier in the same subproof or an outer subproof to the current subproof.\n\n### SYMBOLS & CONVENTIONS\nUse the following symbols for logical operations: \n- & = conjunction (and) \n- | = disjunction (or) \n- ~ = negation (not) \n- -> = implication (implies)\n\nQuantifiers symbols: \n Ax represents ∀x \n Ex represents ∃x\nSo formulas with ∀x and ∃x will be represented by Ax and Ex (A and E followed by the variable x). For example, Ax (H(x)->M(x)) represents ∀x (H(x)→M(x)).\n\n###CONVENTIONS\nAtoms: only uppercase letters not immediately followed by parentesis (e.g. P, Q, R).\nPredicates: uppercase letters immediately followed by parentesis (e.g. H(x), M(y), Q(a,b) ). All predicates must use parentheses.\nVariables: first letter in lowercase, can be followed by letters and numbers (e.g., x, x0, xP0).\n\n### TO CREATE NEW VARIABLE:\nFor Universal Introduction rule(Ai): open a subproof with a fresh variable not occurring in any open hypothesis.\nCreate new variable like this: '<line_number>. { <new_variable> '\n\nFor Existential Elimination rule(Ee): open a subproof with a fresh witness constant/variable. \nCreate new variable like this: '<line_number>. {<new_variable> φ[<old_variable>/<new_variable>] hip\n  Write only the final proof in <proof>...</proof> tags. Only use <proof>...</proof> tags ONCE. Only use these symbols inside the proof '&' , '->', '~', '|', '@', '(', ')', '{', '}', 'Ax', 'Ex'.\nDo not include explanations, commentary, or extra text inside and outside the <proof>...</proof> tags.\n ""}, {'role': 'user', 'content': ""Prove'Ax (~B(x)|~C(x)) |- ~Ex (B(x)&C(x))' using the natural deduction method. Only one final answer, surrounded by <proof>...</proof>, using the notation described.""}]","<proof>
1. Ax (~P(x)|~Q(x)) pre
2. ∃x(P(x)&Q(x)) hip
3.{ a
4. P(a)&Q(a) hip
5. P(a) &e 4
6. Q(a) &e 4
7. (~P(a)|~Q(a)) Ax 1
8. ~P(a) hip
9. ⊥ ~e 8,5
10. ~Q(a) hip
11. ⊥ ~e 10,6
12. ⊥ |e 7,8-9,10-11}
13. ⊥ Ee 2-12
14. ¬∃x(P(x)&Q(x)) raa 2-13
</proof>","1. Ax (~P(x)|~Q(x)) pre
2. ∃x(P(x)&Q(x)) hip
3.{ a
4. P(a)&Q(a) hip
5. P(a) &e 4
6. Q(a) &e 4
7. (~P(a)|~Q(a)) Ax 1
8. ~P(a) hip
9. ⊥ ~e 8,5
10. ~Q(a) hip
11. ⊥ ~e 10,6
12. ⊥ |e 7,8-9,10-11}
13. ⊥ Ee 2-12
14. ¬∃x(P(x)&Q(x)) raa 2-13","Os seguintes erros foram encontrados:

Uma das definições não está completa, verifique se todas regras foram aplicadas corretamente.
Lembre-se que uma regra de inferência sempre inicia com um número seguido de um . (linha de referência), tem uma fórmula e uma justificativa (premissa, hipóteses ou uma das regras de inferência com suas respectivas referências para fórmulas anteriores).
Erro de sintaxe:
2. ∃x(P(x)&Q(x)) hip
   ^ Símbolo não pertence a linguagem.
",7.85496592521668,stop,894,2087
~Ex (B(x)|C(x)) |- Ax (~B(x)&~C(x)),"[{'role': 'system', 'content': ""You are an expert in logic using the Natural Deduction method.\nYou will receive one first order logic problem. Your task is to prove its validity using Natural Deduction and represent the proof in a Fitch-like notation, following these formatting instructions.\n\n### FORMAT OF PROOF LINES\nEach proof line must be structured like: '<line_number>. <formula> <origin>'\n- <line_number>: sequential integer, always ending with a dot ('1.', '2.', '3.', ...)\n- <formula>: the formula derived on that line\n- <origin>: either 'pre' (premise), 'hip' (hypothesis) or '<rule_name> <line_refs>'\n - <rule_name> and <line_refs>: \n - &e (1 line) \n - &i (2 lines) \n - ->e (2 lines) \n - ->i (1 range) \n - ~e (2 lines) \n - ~i (1 range) \n - |e (1 line + 2 ranges) \n - |i (1 line) \n - @e (1 line) \n - raa (1 range) \n - copy (1 line) \n - Ae (1 line)\n - Ai (1 range)\n - Ee (1 line + 1 range)\n - Ei (1 line)\n - <line_refs>: Must be comma-separated line numbers or ranges. Ranges denote subproofs (e.g., `->i 8-12`, `|e 4, 5-9, 10-14`)\n\n### SUBPROOFS / HYPOTHESES\nUse subproofs for hypotheses. Use curly braces '{' and '}' to open and close subproofs. \nPlace `{` immediately after the line number (e.g. '8.{ A|B hip') and `}` at the end of the final line of the subproof (e.g. '10. B @e 4}').\nNested subproofs are allowed. But a formula may only be used at a specific point if it appeared earlier in the same subproof or an outer subproof to the current subproof.\n\n### SYMBOLS & CONVENTIONS\nUse the following symbols for logical operations: \n- & = conjunction (and) \n- | = disjunction (or) \n- ~ = negation (not) \n- -> = implication (implies)\n\nQuantifiers symbols: \n Ax represents ∀x \n Ex represents ∃x\nSo formulas with ∀x and ∃x will be represented by Ax and Ex (A and E followed by the variable x). For example, Ax (H(x)->M(x)) represents ∀x (H(x)→M(x)).\n\n###CONVENTIONS\nAtoms: only uppercase letters not immediately followed by parentesis (e.g. P, Q, R).\nPredicates: uppercase letters immediately followed by parentesis (e.g. H(x), M(y), Q(a,b) ). All predicates must use parentheses.\nVariables: first letter in lowercase, can be followed by letters and numbers (e.g., x, x0, xP0).\n\n### TO CREATE NEW VARIABLE:\nFor Universal Introduction rule(Ai): open a subproof with a fresh variable not occurring in any open hypothesis.\nCreate new variable like this: '<line_number>. { <new_variable> '\n\nFor Existential Elimination rule(Ee): open a subproof with a fresh witness constant/variable. \nCreate new variable like this: '<line_number>. {<new_variable> φ[<old_variable>/<new_variable>] hip\n  Write only the final proof in <proof>...</proof> tags. Only use <proof>...</proof> tags ONCE. Only use these symbols inside the proof '&' , '->', '~', '|', '@', '(', ')', '{', '}', 'Ax', 'Ex'.\nDo not include explanations, commentary, or extra text inside and outside the <proof>...</proof> tags.\n ""}, {'role': 'user', 'content': ""Prove'~Ex (B(x)|C(x)) |- Ax (~B(x)&~C(x))' using the natural deduction method. Only one final answer, surrounded by <proof>...</proof>, using the notation described.""}]","<proof>
1. ~Ex(P(x)|Q(x)) pre
2.{a Ai
3.   P(a) hip
4.   P(a)|Q(a) |i 3
5.   Ex(P(x)|Q(x)) @i 4
6.   ~e 1,5
7.   ~P(a) ~i 3-6
8.   Q(a) hip
9.   P(a)|Q(a) |i 8
10.  Ex(P(x)|Q(x)) @i 9
11.  ~e 1,10
12.  ~Q(a) ~i 8-11
13.  (~P(a)&~Q(a)) &i 7,12
14. }
15. ∀x(~P(x)&~Q(x)) Ax 2-14
</proof>","1. ~Ex(P(x)|Q(x)) pre
2.{a Ai
3.   P(a) hip
4.   P(a)|Q(a) |i 3
5.   Ex(P(x)|Q(x)) @i 4
6.   ~e 1,5
7.   ~P(a) ~i 3-6
8.   Q(a) hip
9.   P(a)|Q(a) |i 8
10.  Ex(P(x)|Q(x)) @i 9
11.  ~e 1,10
12.  ~Q(a) ~i 8-11
13.  (~P(a)&~Q(a)) &i 7,12
14. }
15. ∀x(~P(x)&~Q(x)) Ax 2-14","Os seguintes erros foram encontrados:

Uma das definições não está completa, verifique se todas regras foram aplicadas corretamente.
Lembre-se que uma regra de inferência sempre inicia com um número seguido de um . (linha de referência), tem uma fórmula e uma justificativa (premissa, hipóteses ou uma das regras de inferência com suas respectivas referências para fórmulas anteriores).
Erro de sintaxe:
2.{a Ai
     ^
",5.91359758377075,stop,894,1616
Ax ((B(x)->C(x))&(C(x)->B(x))) |- Ax (B(x)->C(x)),"[{'role': 'system', 'content': ""You are an expert in logic using the Natural Deduction method.\nYou will receive one first order logic problem. Your task is to prove its validity using Natural Deduction and represent the proof in a Fitch-like notation, following these formatting instructions.\n\n### FORMAT OF PROOF LINES\nEach proof line must be structured like: '<line_number>. <formula> <origin>'\n- <line_number>: sequential integer, always ending with a dot ('1.', '2.', '3.', ...)\n- <formula>: the formula derived on that line\n- <origin>: either 'pre' (premise), 'hip' (hypothesis) or '<rule_name> <line_refs>'\n - <rule_name> and <line_refs>: \n - &e (1 line) \n - &i (2 lines) \n - ->e (2 lines) \n - ->i (1 range) \n - ~e (2 lines) \n - ~i (1 range) \n - |e (1 line + 2 ranges) \n - |i (1 line) \n - @e (1 line) \n - raa (1 range) \n - copy (1 line) \n - Ae (1 line)\n - Ai (1 range)\n - Ee (1 line + 1 range)\n - Ei (1 line)\n - <line_refs>: Must be comma-separated line numbers or ranges. Ranges denote subproofs (e.g., `->i 8-12`, `|e 4, 5-9, 10-14`)\n\n### SUBPROOFS / HYPOTHESES\nUse subproofs for hypotheses. Use curly braces '{' and '}' to open and close subproofs. \nPlace `{` immediately after the line number (e.g. '8.{ A|B hip') and `}` at the end of the final line of the subproof (e.g. '10. B @e 4}').\nNested subproofs are allowed. But a formula may only be used at a specific point if it appeared earlier in the same subproof or an outer subproof to the current subproof.\n\n### SYMBOLS & CONVENTIONS\nUse the following symbols for logical operations: \n- & = conjunction (and) \n- | = disjunction (or) \n- ~ = negation (not) \n- -> = implication (implies)\n\nQuantifiers symbols: \n Ax represents ∀x \n Ex represents ∃x\nSo formulas with ∀x and ∃x will be represented by Ax and Ex (A and E followed by the variable x). For example, Ax (H(x)->M(x)) represents ∀x (H(x)→M(x)).\n\n###CONVENTIONS\nAtoms: only uppercase letters not immediately followed by parentesis (e.g. P, Q, R).\nPredicates: uppercase letters immediately followed by parentesis (e.g. H(x), M(y), Q(a,b) ). All predicates must use parentheses.\nVariables: first letter in lowercase, can be followed by letters and numbers (e.g., x, x0, xP0).\n\n### TO CREATE NEW VARIABLE:\nFor Universal Introduction rule(Ai): open a subproof with a fresh variable not occurring in any open hypothesis.\nCreate new variable like this: '<line_number>. { <new_variable> '\n\nFor Existential Elimination rule(Ee): open a subproof with a fresh witness constant/variable. \nCreate new variable like this: '<line_number>. {<new_variable> φ[<old_variable>/<new_variable>] hip\n  Write only the final proof in <proof>...</proof> tags. Only use <proof>...</proof> tags ONCE. Only use these symbols inside the proof '&' , '->', '~', '|', '@', '(', ')', '{', '}', 'Ax', 'Ex'.\nDo not include explanations, commentary, or extra text inside and outside the <proof>...</proof> tags.\n ""}, {'role': 'user', 'content': ""Prove'Ax ((B(x)->C(x))&(C(x)->B(x))) |- Ax (B(x)->C(x))' using the natural deduction method. Only one final answer, surrounded by <proof>...</proof>, using the notation described.""}]","<proof>
1. Ax ((P(x)->Q(x))&(Q(x)->P(x))) pre
2.{ x
3. ((P(x)->Q(x))&(Q(x)->P(x))) @e 1
4. P(x)->Q(x) &e 3
5. Ax (P(x)->Q(x)) Ai 2-4}
</proof>","1. Ax ((P(x)->Q(x))&(Q(x)->P(x))) pre
2.{ x
3. ((P(x)->Q(x))&(Q(x)->P(x))) @e 1
4. P(x)->Q(x) &e 3
5. Ax (P(x)->Q(x)) Ai 2-4}","Os seguintes erros foram encontrados:

Erro de sintaxe na linha 3:
3. ((P(x)->Q(x))&(Q(x)->P(x))) @e 1
^, A hipótese que foi introduzida por essa caixa dever ser descartada pela regra que a introduziu em linha imediatamente posterior ao fechamento desta caixa.Erro de sintaxe na linha 3:
3. ((P(x)->Q(x))&(Q(x)->P(x))) @e 1
                                  ^, A fórmula referenciada na linha 1 deveria ser @.Erro de sintaxe na linha 5:
5. Ax (P(x)->Q(x)) Ai 2-4}
                      ^, esta não é uma caixa (escopo) válida.",2.14286613464355,stop,899,589
"Ex Ay B(x,y) |- Ay Ex B(x,y)","[{'role': 'system', 'content': ""You are an expert in logic using the Natural Deduction method.\nYou will receive one first order logic problem. Your task is to prove its validity using Natural Deduction and represent the proof in a Fitch-like notation, following these formatting instructions.\n\n### FORMAT OF PROOF LINES\nEach proof line must be structured like: '<line_number>. <formula> <origin>'\n- <line_number>: sequential integer, always ending with a dot ('1.', '2.', '3.', ...)\n- <formula>: the formula derived on that line\n- <origin>: either 'pre' (premise), 'hip' (hypothesis) or '<rule_name> <line_refs>'\n - <rule_name> and <line_refs>: \n - &e (1 line) \n - &i (2 lines) \n - ->e (2 lines) \n - ->i (1 range) \n - ~e (2 lines) \n - ~i (1 range) \n - |e (1 line + 2 ranges) \n - |i (1 line) \n - @e (1 line) \n - raa (1 range) \n - copy (1 line) \n - Ae (1 line)\n - Ai (1 range)\n - Ee (1 line + 1 range)\n - Ei (1 line)\n - <line_refs>: Must be comma-separated line numbers or ranges. Ranges denote subproofs (e.g., `->i 8-12`, `|e 4, 5-9, 10-14`)\n\n### SUBPROOFS / HYPOTHESES\nUse subproofs for hypotheses. Use curly braces '{' and '}' to open and close subproofs. \nPlace `{` immediately after the line number (e.g. '8.{ A|B hip') and `}` at the end of the final line of the subproof (e.g. '10. B @e 4}').\nNested subproofs are allowed. But a formula may only be used at a specific point if it appeared earlier in the same subproof or an outer subproof to the current subproof.\n\n### SYMBOLS & CONVENTIONS\nUse the following symbols for logical operations: \n- & = conjunction (and) \n- | = disjunction (or) \n- ~ = negation (not) \n- -> = implication (implies)\n\nQuantifiers symbols: \n Ax represents ∀x \n Ex represents ∃x\nSo formulas with ∀x and ∃x will be represented by Ax and Ex (A and E followed by the variable x). For example, Ax (H(x)->M(x)) represents ∀x (H(x)→M(x)).\n\n###CONVENTIONS\nAtoms: only uppercase letters not immediately followed by parentesis (e.g. P, Q, R).\nPredicates: uppercase letters immediately followed by parentesis (e.g. H(x), M(y), Q(a,b) ). All predicates must use parentheses.\nVariables: first letter in lowercase, can be followed by letters and numbers (e.g., x, x0, xP0).\n\n### TO CREATE NEW VARIABLE:\nFor Universal Introduction rule(Ai): open a subproof with a fresh variable not occurring in any open hypothesis.\nCreate new variable like this: '<line_number>. { <new_variable> '\n\nFor Existential Elimination rule(Ee): open a subproof with a fresh witness constant/variable. \nCreate new variable like this: '<line_number>. {<new_variable> φ[<old_variable>/<new_variable>] hip\n  Write only the final proof in <proof>...</proof> tags. Only use <proof>...</proof> tags ONCE. Only use these symbols inside the proof '&' , '->', '~', '|', '@', '(', ')', '{', '}', 'Ax', 'Ex'.\nDo not include explanations, commentary, or extra text inside and outside the <proof>...</proof> tags.\n ""}, {'role': 'user', 'content': ""Prove'Ex Ay B(x,y) |- Ay Ex B(x,y)' using the natural deduction method. Only one final answer, surrounded by <proof>...</proof>, using the notation described.""}]","<proof>
1. ∃x ∀y P(x,y) pre
2.{ ∀y P(a,y) hip
3. { b
4. P(a,b) Ax 2
5. ∃x P(x,b) Ex 4
6. } ∀i 3-5
7. } ∃e 1,2-6
</proof>","1. ∃x ∀y P(x,y) pre
2.{ ∀y P(a,y) hip
3. { b
4. P(a,b) Ax 2
5. ∃x P(x,b) Ex 4
6. } ∀i 3-5
7. } ∃e 1,2-6","Os seguintes erros foram encontrados:

Uma das definições não está completa, verifique se todas regras foram aplicadas corretamente.
Lembre-se que uma regra de inferência sempre inicia com um número seguido de um . (linha de referência), tem uma fórmula e uma justificativa (premissa, hipóteses ou uma das regras de inferência com suas respectivas referências para fórmulas anteriores).
Erro de sintaxe:
1. ∃x ∀y P(x,y) pre
   ^ Símbolo não pertence a linguagem.
",3.40106582641602,stop,887,889
"Ax (B(x)->C(x)), ~Ex C(x) |- ~Ex B(x)","[{'role': 'system', 'content': ""You are an expert in logic using the Natural Deduction method.\nYou will receive one first order logic problem. Your task is to prove its validity using Natural Deduction and represent the proof in a Fitch-like notation, following these formatting instructions.\n\n### FORMAT OF PROOF LINES\nEach proof line must be structured like: '<line_number>. <formula> <origin>'\n- <line_number>: sequential integer, always ending with a dot ('1.', '2.', '3.', ...)\n- <formula>: the formula derived on that line\n- <origin>: either 'pre' (premise), 'hip' (hypothesis) or '<rule_name> <line_refs>'\n - <rule_name> and <line_refs>: \n - &e (1 line) \n - &i (2 lines) \n - ->e (2 lines) \n - ->i (1 range) \n - ~e (2 lines) \n - ~i (1 range) \n - |e (1 line + 2 ranges) \n - |i (1 line) \n - @e (1 line) \n - raa (1 range) \n - copy (1 line) \n - Ae (1 line)\n - Ai (1 range)\n - Ee (1 line + 1 range)\n - Ei (1 line)\n - <line_refs>: Must be comma-separated line numbers or ranges. Ranges denote subproofs (e.g., `->i 8-12`, `|e 4, 5-9, 10-14`)\n\n### SUBPROOFS / HYPOTHESES\nUse subproofs for hypotheses. Use curly braces '{' and '}' to open and close subproofs. \nPlace `{` immediately after the line number (e.g. '8.{ A|B hip') and `}` at the end of the final line of the subproof (e.g. '10. B @e 4}').\nNested subproofs are allowed. But a formula may only be used at a specific point if it appeared earlier in the same subproof or an outer subproof to the current subproof.\n\n### SYMBOLS & CONVENTIONS\nUse the following symbols for logical operations: \n- & = conjunction (and) \n- | = disjunction (or) \n- ~ = negation (not) \n- -> = implication (implies)\n\nQuantifiers symbols: \n Ax represents ∀x \n Ex represents ∃x\nSo formulas with ∀x and ∃x will be represented by Ax and Ex (A and E followed by the variable x). For example, Ax (H(x)->M(x)) represents ∀x (H(x)→M(x)).\n\n###CONVENTIONS\nAtoms: only uppercase letters not immediately followed by parentesis (e.g. P, Q, R).\nPredicates: uppercase letters immediately followed by parentesis (e.g. H(x), M(y), Q(a,b) ). All predicates must use parentheses.\nVariables: first letter in lowercase, can be followed by letters and numbers (e.g., x, x0, xP0).\n\n### TO CREATE NEW VARIABLE:\nFor Universal Introduction rule(Ai): open a subproof with a fresh variable not occurring in any open hypothesis.\nCreate new variable like this: '<line_number>. { <new_variable> '\n\nFor Existential Elimination rule(Ee): open a subproof with a fresh witness constant/variable. \nCreate new variable like this: '<line_number>. {<new_variable> φ[<old_variable>/<new_variable>] hip\n  Write only the final proof in <proof>...</proof> tags. Only use <proof>...</proof> tags ONCE. Only use these symbols inside the proof '&' , '->', '~', '|', '@', '(', ')', '{', '}', 'Ax', 'Ex'.\nDo not include explanations, commentary, or extra text inside and outside the <proof>...</proof> tags.\n ""}, {'role': 'user', 'content': ""Prove'Ax (B(x)->C(x)), ~Ex C(x) |- ~Ex B(x)' using the natural deduction method. Only one final answer, surrounded by <proof>...</proof>, using the notation described.""}]","<proof>
1. Ax(P(x)->Q(x)) pre
2. ~Ex Q(x) pre
3. Ex P(x) hip
4.{ y P(y) hip
5. P(y)->Q(y) &i 1
6. Q(y) ->e 4,5
7. Ex Q(x) @i 6
8. ⊥ ~e 2,7
9. }
10. ~Ex P(x) ~i 3-8
</proof>","1. Ax(P(x)->Q(x)) pre
2. ~Ex Q(x) pre
3. Ex P(x) hip
4.{ y P(y) hip
5. P(y)->Q(y) &i 1
6. Q(y) ->e 4,5
7. Ex Q(x) @i 6
8. ⊥ ~e 2,7
9. }
10. ~Ex P(x) ~i 3-8","Os seguintes erros foram encontrados:

Uma das definições não está completa, verifique se todas regras foram aplicadas corretamente.
Lembre-se que uma regra de inferência sempre inicia com um número seguido de um . (linha de referência), tem uma fórmula e uma justificativa (premissa, hipóteses ou uma das regras de inferência com suas respectivas referências para fórmulas anteriores).
Erro de sintaxe:
7. Ex Q(x) @i 6
           ^
",3.77376556396484,stop,893,1042
"Ax (B(x)->C(x)), Ax (C(x)->D(x)), Ex B(x) |- Ex D(x)","[{'role': 'system', 'content': ""You are an expert in logic using the Natural Deduction method.\nYou will receive one first order logic problem. Your task is to prove its validity using Natural Deduction and represent the proof in a Fitch-like notation, following these formatting instructions.\n\n### FORMAT OF PROOF LINES\nEach proof line must be structured like: '<line_number>. <formula> <origin>'\n- <line_number>: sequential integer, always ending with a dot ('1.', '2.', '3.', ...)\n- <formula>: the formula derived on that line\n- <origin>: either 'pre' (premise), 'hip' (hypothesis) or '<rule_name> <line_refs>'\n - <rule_name> and <line_refs>: \n - &e (1 line) \n - &i (2 lines) \n - ->e (2 lines) \n - ->i (1 range) \n - ~e (2 lines) \n - ~i (1 range) \n - |e (1 line + 2 ranges) \n - |i (1 line) \n - @e (1 line) \n - raa (1 range) \n - copy (1 line) \n - Ae (1 line)\n - Ai (1 range)\n - Ee (1 line + 1 range)\n - Ei (1 line)\n - <line_refs>: Must be comma-separated line numbers or ranges. Ranges denote subproofs (e.g., `->i 8-12`, `|e 4, 5-9, 10-14`)\n\n### SUBPROOFS / HYPOTHESES\nUse subproofs for hypotheses. Use curly braces '{' and '}' to open and close subproofs. \nPlace `{` immediately after the line number (e.g. '8.{ A|B hip') and `}` at the end of the final line of the subproof (e.g. '10. B @e 4}').\nNested subproofs are allowed. But a formula may only be used at a specific point if it appeared earlier in the same subproof or an outer subproof to the current subproof.\n\n### SYMBOLS & CONVENTIONS\nUse the following symbols for logical operations: \n- & = conjunction (and) \n- | = disjunction (or) \n- ~ = negation (not) \n- -> = implication (implies)\n\nQuantifiers symbols: \n Ax represents ∀x \n Ex represents ∃x\nSo formulas with ∀x and ∃x will be represented by Ax and Ex (A and E followed by the variable x). For example, Ax (H(x)->M(x)) represents ∀x (H(x)→M(x)).\n\n###CONVENTIONS\nAtoms: only uppercase letters not immediately followed by parentesis (e.g. P, Q, R).\nPredicates: uppercase letters immediately followed by parentesis (e.g. H(x), M(y), Q(a,b) ). All predicates must use parentheses.\nVariables: first letter in lowercase, can be followed by letters and numbers (e.g., x, x0, xP0).\n\n### TO CREATE NEW VARIABLE:\nFor Universal Introduction rule(Ai): open a subproof with a fresh variable not occurring in any open hypothesis.\nCreate new variable like this: '<line_number>. { <new_variable> '\n\nFor Existential Elimination rule(Ee): open a subproof with a fresh witness constant/variable. \nCreate new variable like this: '<line_number>. {<new_variable> φ[<old_variable>/<new_variable>] hip\n  Write only the final proof in <proof>...</proof> tags. Only use <proof>...</proof> tags ONCE. Only use these symbols inside the proof '&' , '->', '~', '|', '@', '(', ')', '{', '}', 'Ax', 'Ex'.\nDo not include explanations, commentary, or extra text inside and outside the <proof>...</proof> tags.\n ""}, {'role': 'user', 'content': ""Prove'Ax (B(x)->C(x)), Ax (C(x)->D(x)), Ex B(x) |- Ex D(x)' using the natural deduction method. Only one final answer, surrounded by <proof>...</proof>, using the notation described.""}]","<proof>
1. Ax (P(x)->Q(x)) pre
2. Ax (Q(x)->R(x)) pre
3. Ex P(x) pre
4.{ y P(y) hip
5. P(y)->Q(y) Ax 1
6. Q(y)->R(y) Ax 2
7. Q(y) ->e 5,4
8. R(y) ->e 6,7
9. Ex R(x) Ee 3-8}
</proof>","1. Ax (P(x)->Q(x)) pre
2. Ax (Q(x)->R(x)) pre
3. Ex P(x) pre
4.{ y P(y) hip
5. P(y)->Q(y) Ax 1
6. Q(y)->R(y) Ax 2
7. Q(y) ->e 5,4
8. R(y) ->e 6,7
9. Ex R(x) Ee 3-8}","Os seguintes erros foram encontrados:

Uma das definições não está completa, verifique se todas regras foram aplicadas corretamente.
Lembre-se que uma regra de inferência sempre inicia com um número seguido de um . (linha de referência), tem uma fórmula e uma justificativa (premissa, hipóteses ou uma das regras de inferência com suas respectivas referências para fórmulas anteriores).
Erro de sintaxe:
5. P(y)->Q(y) Ax 1
              ^
",3.93712830543518,stop,899,1101
Ex ~(B(x)&C(x)) |- Ex (~B(x)|~C(x)),"[{'role': 'system', 'content': ""You are an expert in logic using the Natural Deduction method.\nYou will receive one first order logic problem. Your task is to prove its validity using Natural Deduction and represent the proof in a Fitch-like notation, following these formatting instructions.\n\n### FORMAT OF PROOF LINES\nEach proof line must be structured like: '<line_number>. <formula> <origin>'\n- <line_number>: sequential integer, always ending with a dot ('1.', '2.', '3.', ...)\n- <formula>: the formula derived on that line\n- <origin>: either 'pre' (premise), 'hip' (hypothesis) or '<rule_name> <line_refs>'\n - <rule_name> and <line_refs>: \n - &e (1 line) \n - &i (2 lines) \n - ->e (2 lines) \n - ->i (1 range) \n - ~e (2 lines) \n - ~i (1 range) \n - |e (1 line + 2 ranges) \n - |i (1 line) \n - @e (1 line) \n - raa (1 range) \n - copy (1 line) \n - Ae (1 line)\n - Ai (1 range)\n - Ee (1 line + 1 range)\n - Ei (1 line)\n - <line_refs>: Must be comma-separated line numbers or ranges. Ranges denote subproofs (e.g., `->i 8-12`, `|e 4, 5-9, 10-14`)\n\n### SUBPROOFS / HYPOTHESES\nUse subproofs for hypotheses. Use curly braces '{' and '}' to open and close subproofs. \nPlace `{` immediately after the line number (e.g. '8.{ A|B hip') and `}` at the end of the final line of the subproof (e.g. '10. B @e 4}').\nNested subproofs are allowed. But a formula may only be used at a specific point if it appeared earlier in the same subproof or an outer subproof to the current subproof.\n\n### SYMBOLS & CONVENTIONS\nUse the following symbols for logical operations: \n- & = conjunction (and) \n- | = disjunction (or) \n- ~ = negation (not) \n- -> = implication (implies)\n\nQuantifiers symbols: \n Ax represents ∀x \n Ex represents ∃x\nSo formulas with ∀x and ∃x will be represented by Ax and Ex (A and E followed by the variable x). For example, Ax (H(x)->M(x)) represents ∀x (H(x)→M(x)).\n\n###CONVENTIONS\nAtoms: only uppercase letters not immediately followed by parentesis (e.g. P, Q, R).\nPredicates: uppercase letters immediately followed by parentesis (e.g. H(x), M(y), Q(a,b) ). All predicates must use parentheses.\nVariables: first letter in lowercase, can be followed by letters and numbers (e.g., x, x0, xP0).\n\n### TO CREATE NEW VARIABLE:\nFor Universal Introduction rule(Ai): open a subproof with a fresh variable not occurring in any open hypothesis.\nCreate new variable like this: '<line_number>. { <new_variable> '\n\nFor Existential Elimination rule(Ee): open a subproof with a fresh witness constant/variable. \nCreate new variable like this: '<line_number>. {<new_variable> φ[<old_variable>/<new_variable>] hip\n  Write only the final proof in <proof>...</proof> tags. Only use <proof>...</proof> tags ONCE. Only use these symbols inside the proof '&' , '->', '~', '|', '@', '(', ')', '{', '}', 'Ax', 'Ex'.\nDo not include explanations, commentary, or extra text inside and outside the <proof>...</proof> tags.\n ""}, {'role': 'user', 'content': ""Prove'Ex ~(B(x)&C(x)) |- Ex (~B(x)|~C(x))' using the natural deduction method. Only one final answer, surrounded by <proof>...</proof>, using the notation described.""}]","<proof>
1. ∃x ¬(P(x)&Q(x)) pre
2.{ c }
3. ¬(P(c)&Q(c)) hip
4. { ¬(¬P(c)|¬Q(c)) hip
5. P(c) & Q(c) ->e 4, 3
6. ⊥ raa 4-5
7. ¬¬(¬P(c)|¬Q(c)) raa 4-6
8. (¬P(c)|¬Q(c)) @e 7
9. ∃x (¬P(x)|¬Q(x)) Exi 8
10. } 
11. } 
</proof>","1. ∃x ¬(P(x)&Q(x)) pre
2.{ c }
3. ¬(P(c)&Q(c)) hip
4. { ¬(¬P(c)|¬Q(c)) hip
5. P(c) & Q(c) ->e 4, 3
6. ⊥ raa 4-5
7. ¬¬(¬P(c)|¬Q(c)) raa 4-6
8. (¬P(c)|¬Q(c)) @e 7
9. ∃x (¬P(x)|¬Q(x)) Exi 8
10. } 
11. }","Os seguintes erros foram encontrados:

Uma das definições não está completa, verifique se todas regras foram aplicadas corretamente.
Lembre-se que uma regra de inferência sempre inicia com um número seguido de um . (linha de referência), tem uma fórmula e uma justificativa (premissa, hipóteses ou uma das regras de inferência com suas respectivas referências para fórmulas anteriores).
Erro de sintaxe:
1. ∃x ¬(P(x)&Q(x)) pre
   ^ Símbolo não pertence a linguagem.
",6.69280099868774,stop,893,1742
Ax ~(B(x)|C(x)) |- Ax ~B(x)&Ax ~C(x),"[{'role': 'system', 'content': ""You are an expert in logic using the Natural Deduction method.\nYou will receive one first order logic problem. Your task is to prove its validity using Natural Deduction and represent the proof in a Fitch-like notation, following these formatting instructions.\n\n### FORMAT OF PROOF LINES\nEach proof line must be structured like: '<line_number>. <formula> <origin>'\n- <line_number>: sequential integer, always ending with a dot ('1.', '2.', '3.', ...)\n- <formula>: the formula derived on that line\n- <origin>: either 'pre' (premise), 'hip' (hypothesis) or '<rule_name> <line_refs>'\n - <rule_name> and <line_refs>: \n - &e (1 line) \n - &i (2 lines) \n - ->e (2 lines) \n - ->i (1 range) \n - ~e (2 lines) \n - ~i (1 range) \n - |e (1 line + 2 ranges) \n - |i (1 line) \n - @e (1 line) \n - raa (1 range) \n - copy (1 line) \n - Ae (1 line)\n - Ai (1 range)\n - Ee (1 line + 1 range)\n - Ei (1 line)\n - <line_refs>: Must be comma-separated line numbers or ranges. Ranges denote subproofs (e.g., `->i 8-12`, `|e 4, 5-9, 10-14`)\n\n### SUBPROOFS / HYPOTHESES\nUse subproofs for hypotheses. Use curly braces '{' and '}' to open and close subproofs. \nPlace `{` immediately after the line number (e.g. '8.{ A|B hip') and `}` at the end of the final line of the subproof (e.g. '10. B @e 4}').\nNested subproofs are allowed. But a formula may only be used at a specific point if it appeared earlier in the same subproof or an outer subproof to the current subproof.\n\n### SYMBOLS & CONVENTIONS\nUse the following symbols for logical operations: \n- & = conjunction (and) \n- | = disjunction (or) \n- ~ = negation (not) \n- -> = implication (implies)\n\nQuantifiers symbols: \n Ax represents ∀x \n Ex represents ∃x\nSo formulas with ∀x and ∃x will be represented by Ax and Ex (A and E followed by the variable x). For example, Ax (H(x)->M(x)) represents ∀x (H(x)→M(x)).\n\n###CONVENTIONS\nAtoms: only uppercase letters not immediately followed by parentesis (e.g. P, Q, R).\nPredicates: uppercase letters immediately followed by parentesis (e.g. H(x), M(y), Q(a,b) ). All predicates must use parentheses.\nVariables: first letter in lowercase, can be followed by letters and numbers (e.g., x, x0, xP0).\n\n### TO CREATE NEW VARIABLE:\nFor Universal Introduction rule(Ai): open a subproof with a fresh variable not occurring in any open hypothesis.\nCreate new variable like this: '<line_number>. { <new_variable> '\n\nFor Existential Elimination rule(Ee): open a subproof with a fresh witness constant/variable. \nCreate new variable like this: '<line_number>. {<new_variable> φ[<old_variable>/<new_variable>] hip\n  Write only the final proof in <proof>...</proof> tags. Only use <proof>...</proof> tags ONCE. Only use these symbols inside the proof '&' , '->', '~', '|', '@', '(', ')', '{', '}', 'Ax', 'Ex'.\nDo not include explanations, commentary, or extra text inside and outside the <proof>...</proof> tags.\n ""}, {'role': 'user', 'content': ""Prove'Ax ~(B(x)|C(x)) |- Ax ~B(x)&Ax ~C(x)' using the natural deduction method. Only one final answer, surrounded by <proof>...</proof>, using the notation described.""}]","<proof>
1. Ax ~(P(x)|Q(x)) pre
2. { a }
3. ~(P(a)|Q(a)) AxE 1
4. { P(a) hip }
5. (P(a)|Q(a)) |i 4
6. ⊥ ~e 3,5
7. ¬P(a) ~i 4-6
8. } 
9. Ax ~P(x) Ai 2-7
10. { b }
11. ~(P(b)|Q(b)) AxE 1
12. { Q(b) hip }
13. (P(b)|Q(b)) |i 12
14. ⊥ ~e 11,13
15. ¬Q(b) ~i 12-14
16. } 
17. Ax ~Q(x) Ai 10-15
18. Ax ~P(x)&Ax ~Q(x) &i 9,17
</proof>","1. Ax ~(P(x)|Q(x)) pre
2. { a }
3. ~(P(a)|Q(a)) AxE 1
4. { P(a) hip }
5. (P(a)|Q(a)) |i 4
6. ⊥ ~e 3,5
7. ¬P(a) ~i 4-6
8. } 
9. Ax ~P(x) Ai 2-7
10. { b }
11. ~(P(b)|Q(b)) AxE 1
12. { Q(b) hip }
13. (P(b)|Q(b)) |i 12
14. ⊥ ~e 11,13
15. ¬Q(b) ~i 12-14
16. } 
17. Ax ~Q(x) Ai 10-15
18. Ax ~P(x)&Ax ~Q(x) &i 9,17","Os seguintes erros foram encontrados:

Uma das definições não está completa, verifique se todas regras foram aplicadas corretamente.
Lembre-se que uma regra de inferência sempre inicia com um número seguido de um . (linha de referência), tem uma fórmula e uma justificativa (premissa, hipóteses ou uma das regras de inferência com suas respectivas referências para fórmulas anteriores).
Erro de sintaxe:
3. ~(P(a)|Q(a)) AxE 1
                ^
",5.0066077709198,stop,893,1338
Ax (B(x)->(C(x)&D(x))) |- Ax (B(x)->C(x)),"[{'role': 'system', 'content': ""You are an expert in logic using the Natural Deduction method.\nYou will receive one first order logic problem. Your task is to prove its validity using Natural Deduction and represent the proof in a Fitch-like notation, following these formatting instructions.\n\n### FORMAT OF PROOF LINES\nEach proof line must be structured like: '<line_number>. <formula> <origin>'\n- <line_number>: sequential integer, always ending with a dot ('1.', '2.', '3.', ...)\n- <formula>: the formula derived on that line\n- <origin>: either 'pre' (premise), 'hip' (hypothesis) or '<rule_name> <line_refs>'\n - <rule_name> and <line_refs>: \n - &e (1 line) \n - &i (2 lines) \n - ->e (2 lines) \n - ->i (1 range) \n - ~e (2 lines) \n - ~i (1 range) \n - |e (1 line + 2 ranges) \n - |i (1 line) \n - @e (1 line) \n - raa (1 range) \n - copy (1 line) \n - Ae (1 line)\n - Ai (1 range)\n - Ee (1 line + 1 range)\n - Ei (1 line)\n - <line_refs>: Must be comma-separated line numbers or ranges. Ranges denote subproofs (e.g., `->i 8-12`, `|e 4, 5-9, 10-14`)\n\n### SUBPROOFS / HYPOTHESES\nUse subproofs for hypotheses. Use curly braces '{' and '}' to open and close subproofs. \nPlace `{` immediately after the line number (e.g. '8.{ A|B hip') and `}` at the end of the final line of the subproof (e.g. '10. B @e 4}').\nNested subproofs are allowed. But a formula may only be used at a specific point if it appeared earlier in the same subproof or an outer subproof to the current subproof.\n\n### SYMBOLS & CONVENTIONS\nUse the following symbols for logical operations: \n- & = conjunction (and) \n- | = disjunction (or) \n- ~ = negation (not) \n- -> = implication (implies)\n\nQuantifiers symbols: \n Ax represents ∀x \n Ex represents ∃x\nSo formulas with ∀x and ∃x will be represented by Ax and Ex (A and E followed by the variable x). For example, Ax (H(x)->M(x)) represents ∀x (H(x)→M(x)).\n\n###CONVENTIONS\nAtoms: only uppercase letters not immediately followed by parentesis (e.g. P, Q, R).\nPredicates: uppercase letters immediately followed by parentesis (e.g. H(x), M(y), Q(a,b) ). All predicates must use parentheses.\nVariables: first letter in lowercase, can be followed by letters and numbers (e.g., x, x0, xP0).\n\n### TO CREATE NEW VARIABLE:\nFor Universal Introduction rule(Ai): open a subproof with a fresh variable not occurring in any open hypothesis.\nCreate new variable like this: '<line_number>. { <new_variable> '\n\nFor Existential Elimination rule(Ee): open a subproof with a fresh witness constant/variable. \nCreate new variable like this: '<line_number>. {<new_variable> φ[<old_variable>/<new_variable>] hip\n  Write only the final proof in <proof>...</proof> tags. Only use <proof>...</proof> tags ONCE. Only use these symbols inside the proof '&' , '->', '~', '|', '@', '(', ')', '{', '}', 'Ax', 'Ex'.\nDo not include explanations, commentary, or extra text inside and outside the <proof>...</proof> tags.\n ""}, {'role': 'user', 'content': ""Prove'Ax (B(x)->(C(x)&D(x))) |- Ax (B(x)->C(x))' using the natural deduction method. Only one final answer, surrounded by <proof>...</proof>, using the notation described.""}]","<proof>
1. Ax (P(x)->(Q(x)&R(x))) pre
2.{ x 
3. P(x)->(Q(x)&R(x)) Ae 1
4.{ P(x)
5. Q(x)&R(x) ->e 3,4
6. Q(x) &e 5
7. P(x)->Q(x) ->i 4-6
8. Ax (P(x)->Q(x)) Ai 2-7}
</proof>","1. Ax (P(x)->(Q(x)&R(x))) pre
2.{ x 
3. P(x)->(Q(x)&R(x)) Ae 1
4.{ P(x)
5. Q(x)&R(x) ->e 3,4
6. Q(x) &e 5
7. P(x)->Q(x) ->i 4-6
8. Ax (P(x)->Q(x)) Ai 2-7}","Os seguintes erros foram encontrados:

Uma das definições não está completa, verifique se todas regras foram aplicadas corretamente.
Lembre-se que uma regra de inferência sempre inicia com um número seguido de um . (linha de referência), tem uma fórmula e uma justificativa (premissa, hipóteses ou uma das regras de inferência com suas respectivas referências para fórmulas anteriores).
Erro de sintaxe:
5. Q(x)&R(x) ->e 3,4
^
",4.72287178039551,stop,896,1311
Ex B(x)|Ex C(x) |- Ex (B(x)|C(x)),"[{'role': 'system', 'content': ""You are an expert in logic using the Natural Deduction method.\nYou will receive one first order logic problem. Your task is to prove its validity using Natural Deduction and represent the proof in a Fitch-like notation, following these formatting instructions.\n\n### FORMAT OF PROOF LINES\nEach proof line must be structured like: '<line_number>. <formula> <origin>'\n- <line_number>: sequential integer, always ending with a dot ('1.', '2.', '3.', ...)\n- <formula>: the formula derived on that line\n- <origin>: either 'pre' (premise), 'hip' (hypothesis) or '<rule_name> <line_refs>'\n - <rule_name> and <line_refs>: \n - &e (1 line) \n - &i (2 lines) \n - ->e (2 lines) \n - ->i (1 range) \n - ~e (2 lines) \n - ~i (1 range) \n - |e (1 line + 2 ranges) \n - |i (1 line) \n - @e (1 line) \n - raa (1 range) \n - copy (1 line) \n - Ae (1 line)\n - Ai (1 range)\n - Ee (1 line + 1 range)\n - Ei (1 line)\n - <line_refs>: Must be comma-separated line numbers or ranges. Ranges denote subproofs (e.g., `->i 8-12`, `|e 4, 5-9, 10-14`)\n\n### SUBPROOFS / HYPOTHESES\nUse subproofs for hypotheses. Use curly braces '{' and '}' to open and close subproofs. \nPlace `{` immediately after the line number (e.g. '8.{ A|B hip') and `}` at the end of the final line of the subproof (e.g. '10. B @e 4}').\nNested subproofs are allowed. But a formula may only be used at a specific point if it appeared earlier in the same subproof or an outer subproof to the current subproof.\n\n### SYMBOLS & CONVENTIONS\nUse the following symbols for logical operations: \n- & = conjunction (and) \n- | = disjunction (or) \n- ~ = negation (not) \n- -> = implication (implies)\n\nQuantifiers symbols: \n Ax represents ∀x \n Ex represents ∃x\nSo formulas with ∀x and ∃x will be represented by Ax and Ex (A and E followed by the variable x). For example, Ax (H(x)->M(x)) represents ∀x (H(x)→M(x)).\n\n###CONVENTIONS\nAtoms: only uppercase letters not immediately followed by parentesis (e.g. P, Q, R).\nPredicates: uppercase letters immediately followed by parentesis (e.g. H(x), M(y), Q(a,b) ). All predicates must use parentheses.\nVariables: first letter in lowercase, can be followed by letters and numbers (e.g., x, x0, xP0).\n\n### TO CREATE NEW VARIABLE:\nFor Universal Introduction rule(Ai): open a subproof with a fresh variable not occurring in any open hypothesis.\nCreate new variable like this: '<line_number>. { <new_variable> '\n\nFor Existential Elimination rule(Ee): open a subproof with a fresh witness constant/variable. \nCreate new variable like this: '<line_number>. {<new_variable> φ[<old_variable>/<new_variable>] hip\n  Write only the final proof in <proof>...</proof> tags. Only use <proof>...</proof> tags ONCE. Only use these symbols inside the proof '&' , '->', '~', '|', '@', '(', ')', '{', '}', 'Ax', 'Ex'.\nDo not include explanations, commentary, or extra text inside and outside the <proof>...</proof> tags.\n ""}, {'role': 'user', 'content': ""Prove'Ex B(x)|Ex C(x) |- Ex (B(x)|C(x))' using the natural deduction method. Only one final answer, surrounded by <proof>...</proof>, using the notation described.""}]","<proof>
1. Ex P(x)|Ex Q(x) pre
2.{ Ex P(x) hip
3.  {c P(c) hip
4.    P(c)|Q(c) |i 3
5.    ∃x(P|Q) @e 4}
6.{ Ex Q(x) hip
7.  {d Q(d) hip
8.    P(d)|Q(d) |i 7
9.    ∃x(P|Q) @e 8}
10. ∃x(P|Q) |e 1, 2-5, 6-9
</proof>","1. Ex P(x)|Ex Q(x) pre
2.{ Ex P(x) hip
3.  {c P(c) hip
4.    P(c)|Q(c) |i 3
5.    ∃x(P|Q) @e 4}
6.{ Ex Q(x) hip
7.  {d Q(d) hip
8.    P(d)|Q(d) |i 7
9.    ∃x(P|Q) @e 8}
10. ∃x(P|Q) |e 1, 2-5, 6-9","Os seguintes erros foram encontrados:

Uma das definições não está completa, verifique se todas regras foram aplicadas corretamente.
Lembre-se que uma regra de inferência sempre inicia com um número seguido de um . (linha de referência), tem uma fórmula e uma justificativa (premissa, hipóteses ou uma das regras de inferência com suas respectivas referências para fórmulas anteriores).
Erro de sintaxe:
5.    ∃x(P|Q) @e 4}
      ^ Símbolo não pertence a linguagem.
",4.67325687408447,stop,892,1269
Ax B(x)&Ax C(x) |- Ax (B(x)&C(x)),"[{'role': 'system', 'content': ""You are an expert in logic using the Natural Deduction method.\nYou will receive one first order logic problem. Your task is to prove its validity using Natural Deduction and represent the proof in a Fitch-like notation, following these formatting instructions.\n\n### FORMAT OF PROOF LINES\nEach proof line must be structured like: '<line_number>. <formula> <origin>'\n- <line_number>: sequential integer, always ending with a dot ('1.', '2.', '3.', ...)\n- <formula>: the formula derived on that line\n- <origin>: either 'pre' (premise), 'hip' (hypothesis) or '<rule_name> <line_refs>'\n - <rule_name> and <line_refs>: \n - &e (1 line) \n - &i (2 lines) \n - ->e (2 lines) \n - ->i (1 range) \n - ~e (2 lines) \n - ~i (1 range) \n - |e (1 line + 2 ranges) \n - |i (1 line) \n - @e (1 line) \n - raa (1 range) \n - copy (1 line) \n - Ae (1 line)\n - Ai (1 range)\n - Ee (1 line + 1 range)\n - Ei (1 line)\n - <line_refs>: Must be comma-separated line numbers or ranges. Ranges denote subproofs (e.g., `->i 8-12`, `|e 4, 5-9, 10-14`)\n\n### SUBPROOFS / HYPOTHESES\nUse subproofs for hypotheses. Use curly braces '{' and '}' to open and close subproofs. \nPlace `{` immediately after the line number (e.g. '8.{ A|B hip') and `}` at the end of the final line of the subproof (e.g. '10. B @e 4}').\nNested subproofs are allowed. But a formula may only be used at a specific point if it appeared earlier in the same subproof or an outer subproof to the current subproof.\n\n### SYMBOLS & CONVENTIONS\nUse the following symbols for logical operations: \n- & = conjunction (and) \n- | = disjunction (or) \n- ~ = negation (not) \n- -> = implication (implies)\n\nQuantifiers symbols: \n Ax represents ∀x \n Ex represents ∃x\nSo formulas with ∀x and ∃x will be represented by Ax and Ex (A and E followed by the variable x). For example, Ax (H(x)->M(x)) represents ∀x (H(x)→M(x)).\n\n###CONVENTIONS\nAtoms: only uppercase letters not immediately followed by parentesis (e.g. P, Q, R).\nPredicates: uppercase letters immediately followed by parentesis (e.g. H(x), M(y), Q(a,b) ). All predicates must use parentheses.\nVariables: first letter in lowercase, can be followed by letters and numbers (e.g., x, x0, xP0).\n\n### TO CREATE NEW VARIABLE:\nFor Universal Introduction rule(Ai): open a subproof with a fresh variable not occurring in any open hypothesis.\nCreate new variable like this: '<line_number>. { <new_variable> '\n\nFor Existential Elimination rule(Ee): open a subproof with a fresh witness constant/variable. \nCreate new variable like this: '<line_number>. {<new_variable> φ[<old_variable>/<new_variable>] hip\n  Write only the final proof in <proof>...</proof> tags. Only use <proof>...</proof> tags ONCE. Only use these symbols inside the proof '&' , '->', '~', '|', '@', '(', ')', '{', '}', 'Ax', 'Ex'.\nDo not include explanations, commentary, or extra text inside and outside the <proof>...</proof> tags.\n ""}, {'role': 'user', 'content': ""Prove'Ax B(x)&Ax C(x) |- Ax (B(x)&C(x))' using the natural deduction method. Only one final answer, surrounded by <proof>...</proof>, using the notation described.""}]","<proof>
1. Ax P(x) pre
2. Ax Q(x) pre
3. { a hip
4.   P(a) Ax e 1
5.   Q(a) Ax e 2
6.   P(a)&Q(a) &i 4,5
7. }
8. Ax (P(x)&Q(x)) Ai 3-6
</proof>","1. Ax P(x) pre
2. Ax Q(x) pre
3. { a hip
4.   P(a) Ax e 1
5.   Q(a) Ax e 2
6.   P(a)&Q(a) &i 4,5
7. }
8. Ax (P(x)&Q(x)) Ai 3-6","Os seguintes erros foram encontrados:

Uma das definições não está completa, verifique se todas regras foram aplicadas corretamente.
Lembre-se que uma regra de inferência sempre inicia com um número seguido de um . (linha de referência), tem uma fórmula e uma justificativa (premissa, hipóteses ou uma das regras de inferência com suas respectivas referências para fórmulas anteriores).
Erro de sintaxe:
3. { a hip
       ^
",2.67178583145142,stop,892,746
Ax B(x) |- ~Ex ~B(x),"[{'role': 'system', 'content': ""You are an expert in logic using the Natural Deduction method.\nYou will receive one first order logic problem. Your task is to prove its validity using Natural Deduction and represent the proof in a Fitch-like notation, following these formatting instructions.\n\n### FORMAT OF PROOF LINES\nEach proof line must be structured like: '<line_number>. <formula> <origin>'\n- <line_number>: sequential integer, always ending with a dot ('1.', '2.', '3.', ...)\n- <formula>: the formula derived on that line\n- <origin>: either 'pre' (premise), 'hip' (hypothesis) or '<rule_name> <line_refs>'\n - <rule_name> and <line_refs>: \n - &e (1 line) \n - &i (2 lines) \n - ->e (2 lines) \n - ->i (1 range) \n - ~e (2 lines) \n - ~i (1 range) \n - |e (1 line + 2 ranges) \n - |i (1 line) \n - @e (1 line) \n - raa (1 range) \n - copy (1 line) \n - Ae (1 line)\n - Ai (1 range)\n - Ee (1 line + 1 range)\n - Ei (1 line)\n - <line_refs>: Must be comma-separated line numbers or ranges. Ranges denote subproofs (e.g., `->i 8-12`, `|e 4, 5-9, 10-14`)\n\n### SUBPROOFS / HYPOTHESES\nUse subproofs for hypotheses. Use curly braces '{' and '}' to open and close subproofs. \nPlace `{` immediately after the line number (e.g. '8.{ A|B hip') and `}` at the end of the final line of the subproof (e.g. '10. B @e 4}').\nNested subproofs are allowed. But a formula may only be used at a specific point if it appeared earlier in the same subproof or an outer subproof to the current subproof.\n\n### SYMBOLS & CONVENTIONS\nUse the following symbols for logical operations: \n- & = conjunction (and) \n- | = disjunction (or) \n- ~ = negation (not) \n- -> = implication (implies)\n\nQuantifiers symbols: \n Ax represents ∀x \n Ex represents ∃x\nSo formulas with ∀x and ∃x will be represented by Ax and Ex (A and E followed by the variable x). For example, Ax (H(x)->M(x)) represents ∀x (H(x)→M(x)).\n\n###CONVENTIONS\nAtoms: only uppercase letters not immediately followed by parentesis (e.g. P, Q, R).\nPredicates: uppercase letters immediately followed by parentesis (e.g. H(x), M(y), Q(a,b) ). All predicates must use parentheses.\nVariables: first letter in lowercase, can be followed by letters and numbers (e.g., x, x0, xP0).\n\n### TO CREATE NEW VARIABLE:\nFor Universal Introduction rule(Ai): open a subproof with a fresh variable not occurring in any open hypothesis.\nCreate new variable like this: '<line_number>. { <new_variable> '\n\nFor Existential Elimination rule(Ee): open a subproof with a fresh witness constant/variable. \nCreate new variable like this: '<line_number>. {<new_variable> φ[<old_variable>/<new_variable>] hip\n  Write only the final proof in <proof>...</proof> tags. Only use <proof>...</proof> tags ONCE. Only use these symbols inside the proof '&' , '->', '~', '|', '@', '(', ')', '{', '}', 'Ax', 'Ex'.\nDo not include explanations, commentary, or extra text inside and outside the <proof>...</proof> tags.\n ""}, {'role': 'user', 'content': ""Prove'Ax B(x) |- ~Ex ~B(x)' using the natural deduction method. Only one final answer, surrounded by <proof>...</proof>, using the notation described.""}]","<proof>
1. Ax P(x) pre
2.{ ∃x ¬P(x) hip
3.{ a ¬P(a) hip
4. P(a) Ai 1
5. ⊥ ~e 3,4}
6. ⊥ Ee 2-5
7. ¬∃x ¬P(x) ~i 2-6}
</proof>","1. Ax P(x) pre
2.{ ∃x ¬P(x) hip
3.{ a ¬P(a) hip
4. P(a) Ai 1
5. ⊥ ~e 3,4}
6. ⊥ Ee 2-5
7. ¬∃x ¬P(x) ~i 2-6}","Os seguintes erros foram encontrados:

Uma das definições não está completa, verifique se todas regras foram aplicadas corretamente.
Lembre-se que uma regra de inferência sempre inicia com um número seguido de um . (linha de referência), tem uma fórmula e uma justificativa (premissa, hipóteses ou uma das regras de inferência com suas respectivas referências para fórmulas anteriores).
Erro de sintaxe:
2.{ ∃x ¬P(x) hip
    ^ Símbolo não pertence a linguagem.
",6.62936949729919,stop,885,1708
~Ex ~B(x) |- Ax B(x),"[{'role': 'system', 'content': ""You are an expert in logic using the Natural Deduction method.\nYou will receive one first order logic problem. Your task is to prove its validity using Natural Deduction and represent the proof in a Fitch-like notation, following these formatting instructions.\n\n### FORMAT OF PROOF LINES\nEach proof line must be structured like: '<line_number>. <formula> <origin>'\n- <line_number>: sequential integer, always ending with a dot ('1.', '2.', '3.', ...)\n- <formula>: the formula derived on that line\n- <origin>: either 'pre' (premise), 'hip' (hypothesis) or '<rule_name> <line_refs>'\n - <rule_name> and <line_refs>: \n - &e (1 line) \n - &i (2 lines) \n - ->e (2 lines) \n - ->i (1 range) \n - ~e (2 lines) \n - ~i (1 range) \n - |e (1 line + 2 ranges) \n - |i (1 line) \n - @e (1 line) \n - raa (1 range) \n - copy (1 line) \n - Ae (1 line)\n - Ai (1 range)\n - Ee (1 line + 1 range)\n - Ei (1 line)\n - <line_refs>: Must be comma-separated line numbers or ranges. Ranges denote subproofs (e.g., `->i 8-12`, `|e 4, 5-9, 10-14`)\n\n### SUBPROOFS / HYPOTHESES\nUse subproofs for hypotheses. Use curly braces '{' and '}' to open and close subproofs. \nPlace `{` immediately after the line number (e.g. '8.{ A|B hip') and `}` at the end of the final line of the subproof (e.g. '10. B @e 4}').\nNested subproofs are allowed. But a formula may only be used at a specific point if it appeared earlier in the same subproof or an outer subproof to the current subproof.\n\n### SYMBOLS & CONVENTIONS\nUse the following symbols for logical operations: \n- & = conjunction (and) \n- | = disjunction (or) \n- ~ = negation (not) \n- -> = implication (implies)\n\nQuantifiers symbols: \n Ax represents ∀x \n Ex represents ∃x\nSo formulas with ∀x and ∃x will be represented by Ax and Ex (A and E followed by the variable x). For example, Ax (H(x)->M(x)) represents ∀x (H(x)→M(x)).\n\n###CONVENTIONS\nAtoms: only uppercase letters not immediately followed by parentesis (e.g. P, Q, R).\nPredicates: uppercase letters immediately followed by parentesis (e.g. H(x), M(y), Q(a,b) ). All predicates must use parentheses.\nVariables: first letter in lowercase, can be followed by letters and numbers (e.g., x, x0, xP0).\n\n### TO CREATE NEW VARIABLE:\nFor Universal Introduction rule(Ai): open a subproof with a fresh variable not occurring in any open hypothesis.\nCreate new variable like this: '<line_number>. { <new_variable> '\n\nFor Existential Elimination rule(Ee): open a subproof with a fresh witness constant/variable. \nCreate new variable like this: '<line_number>. {<new_variable> φ[<old_variable>/<new_variable>] hip\n  Write only the final proof in <proof>...</proof> tags. Only use <proof>...</proof> tags ONCE. Only use these symbols inside the proof '&' , '->', '~', '|', '@', '(', ')', '{', '}', 'Ax', 'Ex'.\nDo not include explanations, commentary, or extra text inside and outside the <proof>...</proof> tags.\n ""}, {'role': 'user', 'content': ""Prove'~Ex ~B(x) |- Ax B(x)' using the natural deduction method. Only one final answer, surrounded by <proof>...</proof>, using the notation described.""}]","<proof>
1. ¬∃x ¬P(x) pre
2. {a}
3.   ¬P(a) hip
4.   ∃x ¬P(x) Ex 3
5.   ⊥ ~e 1,4
6.   P(a) ~i 3-5
7. }
8. ∀x P(x) Ai 2-6
</proof>","1. ¬∃x ¬P(x) pre
2. {a}
3.   ¬P(a) hip
4.   ∃x ¬P(x) Ex 3
5.   ⊥ ~e 1,4
6.   P(a) ~i 3-5
7. }
8. ∀x P(x) Ai 2-6","Os seguintes erros foram encontrados:

Uma das definições não está completa, verifique se todas regras foram aplicadas corretamente.
Lembre-se que uma regra de inferência sempre inicia com um número seguido de um . (linha de referência), tem uma fórmula e uma justificativa (premissa, hipóteses ou uma das regras de inferência com suas respectivas referências para fórmulas anteriores).
Erro de sintaxe:
1. ¬∃x ¬P(x) pre
   ^ Símbolo não pertence a linguagem.
",2.38790678977966,stop,885,626
Ex B(x) |- ~Ax ~B(x),"[{'role': 'system', 'content': ""You are an expert in logic using the Natural Deduction method.\nYou will receive one first order logic problem. Your task is to prove its validity using Natural Deduction and represent the proof in a Fitch-like notation, following these formatting instructions.\n\n### FORMAT OF PROOF LINES\nEach proof line must be structured like: '<line_number>. <formula> <origin>'\n- <line_number>: sequential integer, always ending with a dot ('1.', '2.', '3.', ...)\n- <formula>: the formula derived on that line\n- <origin>: either 'pre' (premise), 'hip' (hypothesis) or '<rule_name> <line_refs>'\n - <rule_name> and <line_refs>: \n - &e (1 line) \n - &i (2 lines) \n - ->e (2 lines) \n - ->i (1 range) \n - ~e (2 lines) \n - ~i (1 range) \n - |e (1 line + 2 ranges) \n - |i (1 line) \n - @e (1 line) \n - raa (1 range) \n - copy (1 line) \n - Ae (1 line)\n - Ai (1 range)\n - Ee (1 line + 1 range)\n - Ei (1 line)\n - <line_refs>: Must be comma-separated line numbers or ranges. Ranges denote subproofs (e.g., `->i 8-12`, `|e 4, 5-9, 10-14`)\n\n### SUBPROOFS / HYPOTHESES\nUse subproofs for hypotheses. Use curly braces '{' and '}' to open and close subproofs. \nPlace `{` immediately after the line number (e.g. '8.{ A|B hip') and `}` at the end of the final line of the subproof (e.g. '10. B @e 4}').\nNested subproofs are allowed. But a formula may only be used at a specific point if it appeared earlier in the same subproof or an outer subproof to the current subproof.\n\n### SYMBOLS & CONVENTIONS\nUse the following symbols for logical operations: \n- & = conjunction (and) \n- | = disjunction (or) \n- ~ = negation (not) \n- -> = implication (implies)\n\nQuantifiers symbols: \n Ax represents ∀x \n Ex represents ∃x\nSo formulas with ∀x and ∃x will be represented by Ax and Ex (A and E followed by the variable x). For example, Ax (H(x)->M(x)) represents ∀x (H(x)→M(x)).\n\n###CONVENTIONS\nAtoms: only uppercase letters not immediately followed by parentesis (e.g. P, Q, R).\nPredicates: uppercase letters immediately followed by parentesis (e.g. H(x), M(y), Q(a,b) ). All predicates must use parentheses.\nVariables: first letter in lowercase, can be followed by letters and numbers (e.g., x, x0, xP0).\n\n### TO CREATE NEW VARIABLE:\nFor Universal Introduction rule(Ai): open a subproof with a fresh variable not occurring in any open hypothesis.\nCreate new variable like this: '<line_number>. { <new_variable> '\n\nFor Existential Elimination rule(Ee): open a subproof with a fresh witness constant/variable. \nCreate new variable like this: '<line_number>. {<new_variable> φ[<old_variable>/<new_variable>] hip\n  Write only the final proof in <proof>...</proof> tags. Only use <proof>...</proof> tags ONCE. Only use these symbols inside the proof '&' , '->', '~', '|', '@', '(', ')', '{', '}', 'Ax', 'Ex'.\nDo not include explanations, commentary, or extra text inside and outside the <proof>...</proof> tags.\n ""}, {'role': 'user', 'content': ""Prove'Ex B(x) |- ~Ax ~B(x)' using the natural deduction method. Only one final answer, surrounded by <proof>...</proof>, using the notation described.""}]","<proof>
1. Ex P(x) pre
2.{ Ax ~P(x) hip
3.{ a P(a) hip
4. ~P(a) (Ax 2-4)
5. ⊥ (~e 3,4)
6. }
7. ~Ax ~P(x) (raa 2-5)
</proof>","1. Ex P(x) pre
2.{ Ax ~P(x) hip
3.{ a P(a) hip
4. ~P(a) (Ax 2-4)
5. ⊥ (~e 3,4)
6. }
7. ~Ax ~P(x) (raa 2-5)","Os seguintes erros foram encontrados:

Uma das definições não está completa, verifique se todas regras foram aplicadas corretamente.
Lembre-se que uma regra de inferência sempre inicia com um número seguido de um . (linha de referência), tem uma fórmula e uma justificativa (premissa, hipóteses ou uma das regras de inferência com suas respectivas referências para fórmulas anteriores).
Erro de sintaxe:
4. ~P(a) (Ax 2-4)
         ^
",5.84210562705994,stop,885,1600
~Ax ~B(x) |- Ex B(x),"[{'role': 'system', 'content': ""You are an expert in logic using the Natural Deduction method.\nYou will receive one first order logic problem. Your task is to prove its validity using Natural Deduction and represent the proof in a Fitch-like notation, following these formatting instructions.\n\n### FORMAT OF PROOF LINES\nEach proof line must be structured like: '<line_number>. <formula> <origin>'\n- <line_number>: sequential integer, always ending with a dot ('1.', '2.', '3.', ...)\n- <formula>: the formula derived on that line\n- <origin>: either 'pre' (premise), 'hip' (hypothesis) or '<rule_name> <line_refs>'\n - <rule_name> and <line_refs>: \n - &e (1 line) \n - &i (2 lines) \n - ->e (2 lines) \n - ->i (1 range) \n - ~e (2 lines) \n - ~i (1 range) \n - |e (1 line + 2 ranges) \n - |i (1 line) \n - @e (1 line) \n - raa (1 range) \n - copy (1 line) \n - Ae (1 line)\n - Ai (1 range)\n - Ee (1 line + 1 range)\n - Ei (1 line)\n - <line_refs>: Must be comma-separated line numbers or ranges. Ranges denote subproofs (e.g., `->i 8-12`, `|e 4, 5-9, 10-14`)\n\n### SUBPROOFS / HYPOTHESES\nUse subproofs for hypotheses. Use curly braces '{' and '}' to open and close subproofs. \nPlace `{` immediately after the line number (e.g. '8.{ A|B hip') and `}` at the end of the final line of the subproof (e.g. '10. B @e 4}').\nNested subproofs are allowed. But a formula may only be used at a specific point if it appeared earlier in the same subproof or an outer subproof to the current subproof.\n\n### SYMBOLS & CONVENTIONS\nUse the following symbols for logical operations: \n- & = conjunction (and) \n- | = disjunction (or) \n- ~ = negation (not) \n- -> = implication (implies)\n\nQuantifiers symbols: \n Ax represents ∀x \n Ex represents ∃x\nSo formulas with ∀x and ∃x will be represented by Ax and Ex (A and E followed by the variable x). For example, Ax (H(x)->M(x)) represents ∀x (H(x)→M(x)).\n\n###CONVENTIONS\nAtoms: only uppercase letters not immediately followed by parentesis (e.g. P, Q, R).\nPredicates: uppercase letters immediately followed by parentesis (e.g. H(x), M(y), Q(a,b) ). All predicates must use parentheses.\nVariables: first letter in lowercase, can be followed by letters and numbers (e.g., x, x0, xP0).\n\n### TO CREATE NEW VARIABLE:\nFor Universal Introduction rule(Ai): open a subproof with a fresh variable not occurring in any open hypothesis.\nCreate new variable like this: '<line_number>. { <new_variable> '\n\nFor Existential Elimination rule(Ee): open a subproof with a fresh witness constant/variable. \nCreate new variable like this: '<line_number>. {<new_variable> φ[<old_variable>/<new_variable>] hip\n  Write only the final proof in <proof>...</proof> tags. Only use <proof>...</proof> tags ONCE. Only use these symbols inside the proof '&' , '->', '~', '|', '@', '(', ')', '{', '}', 'Ax', 'Ex'.\nDo not include explanations, commentary, or extra text inside and outside the <proof>...</proof> tags.\n ""}, {'role': 'user', 'content': ""Prove'~Ax ~B(x) |- Ex B(x)' using the natural deduction method. Only one final answer, surrounded by <proof>...</proof>, using the notation described.""}]","<proof>
1. ~Ax ~P(x) pre
2. {¬Ex P(x) hip
3.   {a
4.     P(a) hip
5.     Ex e 4
6.     ⊥ ->e 2,5
7.   }
8.   ¬P(a) ->i 4-6
9.   Ax ~P(x) Ai 3-8
10.  ⊥ ->e 1,9
11. } raa 2-10
12. Ex P(x) ->i 2-11
</proof>","1. ~Ax ~P(x) pre
2. {¬Ex P(x) hip
3.   {a
4.     P(a) hip
5.     Ex e 4
6.     ⊥ ->e 2,5
7.   }
8.   ¬P(a) ->i 4-6
9.   Ax ~P(x) Ai 3-8
10.  ⊥ ->e 1,9
11. } raa 2-10
12. Ex P(x) ->i 2-11","Os seguintes erros foram encontrados:

Uma das definições não está completa, verifique se todas regras foram aplicadas corretamente.
Lembre-se que uma regra de inferência sempre inicia com um número seguido de um . (linha de referência), tem uma fórmula e uma justificativa (premissa, hipóteses ou uma das regras de inferência com suas respectivas referências para fórmulas anteriores).
Erro de sintaxe:
2. {¬Ex P(x) hip
    ^ Símbolo não pertence a linguagem.
",5.20091605186462,stop,885,1351
Ax (B(x)&C(x)) |- Ax B(x)&Ax C(x),"[{'role': 'system', 'content': ""You are an expert in logic using the Natural Deduction method.\nYou will receive one first order logic problem. Your task is to prove its validity using Natural Deduction and represent the proof in a Fitch-like notation, following these formatting instructions.\n\n### FORMAT OF PROOF LINES\nEach proof line must be structured like: '<line_number>. <formula> <origin>'\n- <line_number>: sequential integer, always ending with a dot ('1.', '2.', '3.', ...)\n- <formula>: the formula derived on that line\n- <origin>: either 'pre' (premise), 'hip' (hypothesis) or '<rule_name> <line_refs>'\n - <rule_name> and <line_refs>: \n - &e (1 line) \n - &i (2 lines) \n - ->e (2 lines) \n - ->i (1 range) \n - ~e (2 lines) \n - ~i (1 range) \n - |e (1 line + 2 ranges) \n - |i (1 line) \n - @e (1 line) \n - raa (1 range) \n - copy (1 line) \n - Ae (1 line)\n - Ai (1 range)\n - Ee (1 line + 1 range)\n - Ei (1 line)\n - <line_refs>: Must be comma-separated line numbers or ranges. Ranges denote subproofs (e.g., `->i 8-12`, `|e 4, 5-9, 10-14`)\n\n### SUBPROOFS / HYPOTHESES\nUse subproofs for hypotheses. Use curly braces '{' and '}' to open and close subproofs. \nPlace `{` immediately after the line number (e.g. '8.{ A|B hip') and `}` at the end of the final line of the subproof (e.g. '10. B @e 4}').\nNested subproofs are allowed. But a formula may only be used at a specific point if it appeared earlier in the same subproof or an outer subproof to the current subproof.\n\n### SYMBOLS & CONVENTIONS\nUse the following symbols for logical operations: \n- & = conjunction (and) \n- | = disjunction (or) \n- ~ = negation (not) \n- -> = implication (implies)\n\nQuantifiers symbols: \n Ax represents ∀x \n Ex represents ∃x\nSo formulas with ∀x and ∃x will be represented by Ax and Ex (A and E followed by the variable x). For example, Ax (H(x)->M(x)) represents ∀x (H(x)→M(x)).\n\n###CONVENTIONS\nAtoms: only uppercase letters not immediately followed by parentesis (e.g. P, Q, R).\nPredicates: uppercase letters immediately followed by parentesis (e.g. H(x), M(y), Q(a,b) ). All predicates must use parentheses.\nVariables: first letter in lowercase, can be followed by letters and numbers (e.g., x, x0, xP0).\n\n### TO CREATE NEW VARIABLE:\nFor Universal Introduction rule(Ai): open a subproof with a fresh variable not occurring in any open hypothesis.\nCreate new variable like this: '<line_number>. { <new_variable> '\n\nFor Existential Elimination rule(Ee): open a subproof with a fresh witness constant/variable. \nCreate new variable like this: '<line_number>. {<new_variable> φ[<old_variable>/<new_variable>] hip\n  Write only the final proof in <proof>...</proof> tags. Only use <proof>...</proof> tags ONCE. Only use these symbols inside the proof '&' , '->', '~', '|', '@', '(', ')', '{', '}', 'Ax', 'Ex'.\nDo not include explanations, commentary, or extra text inside and outside the <proof>...</proof> tags.\n ""}, {'role': 'user', 'content': ""Prove'Ax (B(x)&C(x)) |- Ax B(x)&Ax C(x)' using the natural deduction method. Only one final answer, surrounded by <proof>...</proof>, using the notation described.""}]","<proof>
1. Ax (P&Q) pre
2.{ a
3. (P(a)&Q(a)) @e 1
4. P(a) &e 3
5. Q(a) &e 3
6. }
7.{ b
8. (P(b)&Q(b)) @e 1
9. P(b) &e 8
10. }
11.{ c
12. (P(c)&Q(c)) @e 1
13. Q(c) &e 12
14. }
15. ∀x P(x) &i 10,14
</proof>","1. Ax (P&Q) pre
2.{ a
3. (P(a)&Q(a)) @e 1
4. P(a) &e 3
5. Q(a) &e 3
6. }
7.{ b
8. (P(b)&Q(b)) @e 1
9. P(b) &e 8
10. }
11.{ c
12. (P(c)&Q(c)) @e 1
13. Q(c) &e 12
14. }
15. ∀x P(x) &i 10,14","Os seguintes erros foram encontrados:

Uma das definições não está completa, verifique se todas regras foram aplicadas corretamente.
Lembre-se que uma regra de inferência sempre inicia com um número seguido de um . (linha de referência), tem uma fórmula e uma justificativa (premissa, hipóteses ou uma das regras de inferência com suas respectivas referências para fórmulas anteriores).
Erro de sintaxe:
6. }
   ^
",2.12879371643066,stop,891,579
"Ax Ay B(x,y) |- Ay Ax B(x,y)","[{'role': 'system', 'content': ""You are an expert in logic using the Natural Deduction method.\nYou will receive one first order logic problem. Your task is to prove its validity using Natural Deduction and represent the proof in a Fitch-like notation, following these formatting instructions.\n\n### FORMAT OF PROOF LINES\nEach proof line must be structured like: '<line_number>. <formula> <origin>'\n- <line_number>: sequential integer, always ending with a dot ('1.', '2.', '3.', ...)\n- <formula>: the formula derived on that line\n- <origin>: either 'pre' (premise), 'hip' (hypothesis) or '<rule_name> <line_refs>'\n - <rule_name> and <line_refs>: \n - &e (1 line) \n - &i (2 lines) \n - ->e (2 lines) \n - ->i (1 range) \n - ~e (2 lines) \n - ~i (1 range) \n - |e (1 line + 2 ranges) \n - |i (1 line) \n - @e (1 line) \n - raa (1 range) \n - copy (1 line) \n - Ae (1 line)\n - Ai (1 range)\n - Ee (1 line + 1 range)\n - Ei (1 line)\n - <line_refs>: Must be comma-separated line numbers or ranges. Ranges denote subproofs (e.g., `->i 8-12`, `|e 4, 5-9, 10-14`)\n\n### SUBPROOFS / HYPOTHESES\nUse subproofs for hypotheses. Use curly braces '{' and '}' to open and close subproofs. \nPlace `{` immediately after the line number (e.g. '8.{ A|B hip') and `}` at the end of the final line of the subproof (e.g. '10. B @e 4}').\nNested subproofs are allowed. But a formula may only be used at a specific point if it appeared earlier in the same subproof or an outer subproof to the current subproof.\n\n### SYMBOLS & CONVENTIONS\nUse the following symbols for logical operations: \n- & = conjunction (and) \n- | = disjunction (or) \n- ~ = negation (not) \n- -> = implication (implies)\n\nQuantifiers symbols: \n Ax represents ∀x \n Ex represents ∃x\nSo formulas with ∀x and ∃x will be represented by Ax and Ex (A and E followed by the variable x). For example, Ax (H(x)->M(x)) represents ∀x (H(x)→M(x)).\n\n###CONVENTIONS\nAtoms: only uppercase letters not immediately followed by parentesis (e.g. P, Q, R).\nPredicates: uppercase letters immediately followed by parentesis (e.g. H(x), M(y), Q(a,b) ). All predicates must use parentheses.\nVariables: first letter in lowercase, can be followed by letters and numbers (e.g., x, x0, xP0).\n\n### TO CREATE NEW VARIABLE:\nFor Universal Introduction rule(Ai): open a subproof with a fresh variable not occurring in any open hypothesis.\nCreate new variable like this: '<line_number>. { <new_variable> '\n\nFor Existential Elimination rule(Ee): open a subproof with a fresh witness constant/variable. \nCreate new variable like this: '<line_number>. {<new_variable> φ[<old_variable>/<new_variable>] hip\n  Write only the final proof in <proof>...</proof> tags. Only use <proof>...</proof> tags ONCE. Only use these symbols inside the proof '&' , '->', '~', '|', '@', '(', ')', '{', '}', 'Ax', 'Ex'.\nDo not include explanations, commentary, or extra text inside and outside the <proof>...</proof> tags.\n ""}, {'role': 'user', 'content': ""Prove'Ax Ay B(x,y) |- Ay Ax B(x,y)' using the natural deduction method. Only one final answer, surrounded by <proof>...</proof>, using the notation described.""}]","<proof>
1. Ax Ay P(x,y) pre
2. { y0 } 
3. Ax P(x,y0) (Ay e 1, y0)
4. { x0 } 
5. P(x0,y0) (Ax e 3, x0)
6. Ax P(x,y0) (Ai 4-5}
7. Ay Ax P(x,y) (Ay 2-6)
</proof>","1. Ax Ay P(x,y) pre
2. { y0 } 
3. Ax P(x,y0) (Ay e 1, y0)
4. { x0 } 
5. P(x0,y0) (Ax e 3, x0)
6. Ax P(x,y0) (Ai 4-5}
7. Ay Ax P(x,y) (Ay 2-6)","Os seguintes erros foram encontrados:

Uma das definições não está completa, verifique se todas regras foram aplicadas corretamente.
Lembre-se que uma regra de inferência sempre inicia com um número seguido de um . (linha de referência), tem uma fórmula e uma justificativa (premissa, hipóteses ou uma das regras de inferência com suas respectivas referências para fórmulas anteriores).
Erro de sintaxe:
3. Ax P(x,y0) (Ay e 1, y0)
              ^
",7.30222821235657,stop,887,1993
Ax (B->C(x)) |- B->Ax C(x),"[{'role': 'system', 'content': ""You are an expert in logic using the Natural Deduction method.\nYou will receive one first order logic problem. Your task is to prove its validity using Natural Deduction and represent the proof in a Fitch-like notation, following these formatting instructions.\n\n### FORMAT OF PROOF LINES\nEach proof line must be structured like: '<line_number>. <formula> <origin>'\n- <line_number>: sequential integer, always ending with a dot ('1.', '2.', '3.', ...)\n- <formula>: the formula derived on that line\n- <origin>: either 'pre' (premise), 'hip' (hypothesis) or '<rule_name> <line_refs>'\n - <rule_name> and <line_refs>: \n - &e (1 line) \n - &i (2 lines) \n - ->e (2 lines) \n - ->i (1 range) \n - ~e (2 lines) \n - ~i (1 range) \n - |e (1 line + 2 ranges) \n - |i (1 line) \n - @e (1 line) \n - raa (1 range) \n - copy (1 line) \n - Ae (1 line)\n - Ai (1 range)\n - Ee (1 line + 1 range)\n - Ei (1 line)\n - <line_refs>: Must be comma-separated line numbers or ranges. Ranges denote subproofs (e.g., `->i 8-12`, `|e 4, 5-9, 10-14`)\n\n### SUBPROOFS / HYPOTHESES\nUse subproofs for hypotheses. Use curly braces '{' and '}' to open and close subproofs. \nPlace `{` immediately after the line number (e.g. '8.{ A|B hip') and `}` at the end of the final line of the subproof (e.g. '10. B @e 4}').\nNested subproofs are allowed. But a formula may only be used at a specific point if it appeared earlier in the same subproof or an outer subproof to the current subproof.\n\n### SYMBOLS & CONVENTIONS\nUse the following symbols for logical operations: \n- & = conjunction (and) \n- | = disjunction (or) \n- ~ = negation (not) \n- -> = implication (implies)\n\nQuantifiers symbols: \n Ax represents ∀x \n Ex represents ∃x\nSo formulas with ∀x and ∃x will be represented by Ax and Ex (A and E followed by the variable x). For example, Ax (H(x)->M(x)) represents ∀x (H(x)→M(x)).\n\n###CONVENTIONS\nAtoms: only uppercase letters not immediately followed by parentesis (e.g. P, Q, R).\nPredicates: uppercase letters immediately followed by parentesis (e.g. H(x), M(y), Q(a,b) ). All predicates must use parentheses.\nVariables: first letter in lowercase, can be followed by letters and numbers (e.g., x, x0, xP0).\n\n### TO CREATE NEW VARIABLE:\nFor Universal Introduction rule(Ai): open a subproof with a fresh variable not occurring in any open hypothesis.\nCreate new variable like this: '<line_number>. { <new_variable> '\n\nFor Existential Elimination rule(Ee): open a subproof with a fresh witness constant/variable. \nCreate new variable like this: '<line_number>. {<new_variable> φ[<old_variable>/<new_variable>] hip\n  Write only the final proof in <proof>...</proof> tags. Only use <proof>...</proof> tags ONCE. Only use these symbols inside the proof '&' , '->', '~', '|', '@', '(', ')', '{', '}', 'Ax', 'Ex'.\nDo not include explanations, commentary, or extra text inside and outside the <proof>...</proof> tags.\n ""}, {'role': 'user', 'content': ""Prove'Ax (B->C(x)) |- B->Ax C(x)' using the natural deduction method. Only one final answer, surrounded by <proof>...</proof>, using the notation described.""}]","<proof>
1. Ax(P->Q(x)) pre
2.{ P hip
3.{ a
4. P->Q(a) Ae 1
5. Q(a) ->e 2,4
6. Ax Q(x) Ai 3-5}
7. P->Ax Q(x) ->i 2-6}
</proof>","1. Ax(P->Q(x)) pre
2.{ P hip
3.{ a
4. P->Q(a) Ae 1
5. Q(a) ->e 2,4
6. Ax Q(x) Ai 3-5}
7. P->Ax Q(x) ->i 2-6}","Os seguintes erros foram encontrados:

Erro de sintaxe na linha 2:
2.{ P hip
^, A hipótese que foi introduzida por essa caixa dever ser descartada pela regra que a introduziu em linha imediatamente posterior ao fechamento desta caixa.Erro de sintaxe na linha 6:
6. Ax Q(x) Ai 3-5}
              ^, esta não é uma caixa (escopo) válida.Erro de sintaxe na linha 7:
7. P->Ax Q(x) ->i 2-6}
                  ^, esta não é uma caixa (escopo) válida.",2.93553566932678,stop,888,813
Ex (B(x)|C(x)) |- Ex B(x)|Ex C(x),"[{'role': 'system', 'content': ""You are an expert in logic using the Natural Deduction method.\nYou will receive one first order logic problem. Your task is to prove its validity using Natural Deduction and represent the proof in a Fitch-like notation, following these formatting instructions.\n\n### FORMAT OF PROOF LINES\nEach proof line must be structured like: '<line_number>. <formula> <origin>'\n- <line_number>: sequential integer, always ending with a dot ('1.', '2.', '3.', ...)\n- <formula>: the formula derived on that line\n- <origin>: either 'pre' (premise), 'hip' (hypothesis) or '<rule_name> <line_refs>'\n - <rule_name> and <line_refs>: \n - &e (1 line) \n - &i (2 lines) \n - ->e (2 lines) \n - ->i (1 range) \n - ~e (2 lines) \n - ~i (1 range) \n - |e (1 line + 2 ranges) \n - |i (1 line) \n - @e (1 line) \n - raa (1 range) \n - copy (1 line) \n - Ae (1 line)\n - Ai (1 range)\n - Ee (1 line + 1 range)\n - Ei (1 line)\n - <line_refs>: Must be comma-separated line numbers or ranges. Ranges denote subproofs (e.g., `->i 8-12`, `|e 4, 5-9, 10-14`)\n\n### SUBPROOFS / HYPOTHESES\nUse subproofs for hypotheses. Use curly braces '{' and '}' to open and close subproofs. \nPlace `{` immediately after the line number (e.g. '8.{ A|B hip') and `}` at the end of the final line of the subproof (e.g. '10. B @e 4}').\nNested subproofs are allowed. But a formula may only be used at a specific point if it appeared earlier in the same subproof or an outer subproof to the current subproof.\n\n### SYMBOLS & CONVENTIONS\nUse the following symbols for logical operations: \n- & = conjunction (and) \n- | = disjunction (or) \n- ~ = negation (not) \n- -> = implication (implies)\n\nQuantifiers symbols: \n Ax represents ∀x \n Ex represents ∃x\nSo formulas with ∀x and ∃x will be represented by Ax and Ex (A and E followed by the variable x). For example, Ax (H(x)->M(x)) represents ∀x (H(x)→M(x)).\n\n###CONVENTIONS\nAtoms: only uppercase letters not immediately followed by parentesis (e.g. P, Q, R).\nPredicates: uppercase letters immediately followed by parentesis (e.g. H(x), M(y), Q(a,b) ). All predicates must use parentheses.\nVariables: first letter in lowercase, can be followed by letters and numbers (e.g., x, x0, xP0).\n\n### TO CREATE NEW VARIABLE:\nFor Universal Introduction rule(Ai): open a subproof with a fresh variable not occurring in any open hypothesis.\nCreate new variable like this: '<line_number>. { <new_variable> '\n\nFor Existential Elimination rule(Ee): open a subproof with a fresh witness constant/variable. \nCreate new variable like this: '<line_number>. {<new_variable> φ[<old_variable>/<new_variable>] hip\n  Write only the final proof in <proof>...</proof> tags. Only use <proof>...</proof> tags ONCE. Only use these symbols inside the proof '&' , '->', '~', '|', '@', '(', ')', '{', '}', 'Ax', 'Ex'.\nDo not include explanations, commentary, or extra text inside and outside the <proof>...</proof> tags.\n ""}, {'role': 'user', 'content': ""Prove'Ex (B(x)|C(x)) |- Ex B(x)|Ex C(x)' using the natural deduction method. Only one final answer, surrounded by <proof>...</proof>, using the notation described.""}]","<proof>
1. ∃x(P|Q) pre
2.{ a ∃x(P|Q) hip
3. P(a)|Q(a) hip
4.{ P(a) hip
5. ∃xP(x) ∃i 4
6. ∃xP(x)|(∃xQ(x)) |i 5
7. }
8.{ Q(a) hip
9. ∃xQ(x) ∃i 8
10. ∃xP(x)|(∃xQ(x)) |i 9
11. }
12. ∃xP(x)|(∃xQ(x)) |e 3,4-7,8-11
13. }
14. ∃xP(x)|(∃xQ(x)) Ee 1,2-13
</proof>","1. ∃x(P|Q) pre
2.{ a ∃x(P|Q) hip
3. P(a)|Q(a) hip
4.{ P(a) hip
5. ∃xP(x) ∃i 4
6. ∃xP(x)|(∃xQ(x)) |i 5
7. }
8.{ Q(a) hip
9. ∃xQ(x) ∃i 8
10. ∃xP(x)|(∃xQ(x)) |i 9
11. }
12. ∃xP(x)|(∃xQ(x)) |e 3,4-7,8-11
13. }
14. ∃xP(x)|(∃xQ(x)) Ee 1,2-13","Os seguintes erros foram encontrados:

Uma das definições não está completa, verifique se todas regras foram aplicadas corretamente.
Lembre-se que uma regra de inferência sempre inicia com um número seguido de um . (linha de referência), tem uma fórmula e uma justificativa (premissa, hipóteses ou uma das regras de inferência com suas respectivas referências para fórmulas anteriores).
Erro de sintaxe:
1. ∃x(P|Q) pre
   ^ Símbolo não pertence a linguagem.
",5.33257555961609,stop,891,1416
~Ax B(x) |- Ex ~B(x),"[{'role': 'system', 'content': ""You are an expert in logic using the Natural Deduction method.\nYou will receive one first order logic problem. Your task is to prove its validity using Natural Deduction and represent the proof in a Fitch-like notation, following these formatting instructions.\n\n### FORMAT OF PROOF LINES\nEach proof line must be structured like: '<line_number>. <formula> <origin>'\n- <line_number>: sequential integer, always ending with a dot ('1.', '2.', '3.', ...)\n- <formula>: the formula derived on that line\n- <origin>: either 'pre' (premise), 'hip' (hypothesis) or '<rule_name> <line_refs>'\n - <rule_name> and <line_refs>: \n - &e (1 line) \n - &i (2 lines) \n - ->e (2 lines) \n - ->i (1 range) \n - ~e (2 lines) \n - ~i (1 range) \n - |e (1 line + 2 ranges) \n - |i (1 line) \n - @e (1 line) \n - raa (1 range) \n - copy (1 line) \n - Ae (1 line)\n - Ai (1 range)\n - Ee (1 line + 1 range)\n - Ei (1 line)\n - <line_refs>: Must be comma-separated line numbers or ranges. Ranges denote subproofs (e.g., `->i 8-12`, `|e 4, 5-9, 10-14`)\n\n### SUBPROOFS / HYPOTHESES\nUse subproofs for hypotheses. Use curly braces '{' and '}' to open and close subproofs. \nPlace `{` immediately after the line number (e.g. '8.{ A|B hip') and `}` at the end of the final line of the subproof (e.g. '10. B @e 4}').\nNested subproofs are allowed. But a formula may only be used at a specific point if it appeared earlier in the same subproof or an outer subproof to the current subproof.\n\n### SYMBOLS & CONVENTIONS\nUse the following symbols for logical operations: \n- & = conjunction (and) \n- | = disjunction (or) \n- ~ = negation (not) \n- -> = implication (implies)\n\nQuantifiers symbols: \n Ax represents ∀x \n Ex represents ∃x\nSo formulas with ∀x and ∃x will be represented by Ax and Ex (A and E followed by the variable x). For example, Ax (H(x)->M(x)) represents ∀x (H(x)→M(x)).\n\n###CONVENTIONS\nAtoms: only uppercase letters not immediately followed by parentesis (e.g. P, Q, R).\nPredicates: uppercase letters immediately followed by parentesis (e.g. H(x), M(y), Q(a,b) ). All predicates must use parentheses.\nVariables: first letter in lowercase, can be followed by letters and numbers (e.g., x, x0, xP0).\n\n### TO CREATE NEW VARIABLE:\nFor Universal Introduction rule(Ai): open a subproof with a fresh variable not occurring in any open hypothesis.\nCreate new variable like this: '<line_number>. { <new_variable> '\n\nFor Existential Elimination rule(Ee): open a subproof with a fresh witness constant/variable. \nCreate new variable like this: '<line_number>. {<new_variable> φ[<old_variable>/<new_variable>] hip\n  Write only the final proof in <proof>...</proof> tags. Only use <proof>...</proof> tags ONCE. Only use these symbols inside the proof '&' , '->', '~', '|', '@', '(', ')', '{', '}', 'Ax', 'Ex'.\nDo not include explanations, commentary, or extra text inside and outside the <proof>...</proof> tags.\n ""}, {'role': 'user', 'content': ""Prove'~Ax B(x) |- Ex ~B(x)' using the natural deduction method. Only one final answer, surrounded by <proof>...</proof>, using the notation described.""}]","<proof>
1. ~Ax P(x) pre
2.{ ~Ex ~P(x) hip
3.{ y Ai
4. ~P(y) hip
5. Ex ~P(x) ∃i 4
6. ⊥ ~e 2,5
7. P(y) raa 4-6 }
8. Ax P(x) Ai 3-7
9. ⊥ ~e 1,8
10. Ex ~P(x) raa 2-9 }
</proof>","1. ~Ax P(x) pre
2.{ ~Ex ~P(x) hip
3.{ y Ai
4. ~P(y) hip
5. Ex ~P(x) ∃i 4
6. ⊥ ~e 2,5
7. P(y) raa 4-6 }
8. Ax P(x) Ai 3-7
9. ⊥ ~e 1,8
10. Ex ~P(x) raa 2-9 }","Os seguintes erros foram encontrados:

Uma das definições não está completa, verifique se todas regras foram aplicadas corretamente.
Lembre-se que uma regra de inferência sempre inicia com um número seguido de um . (linha de referência), tem uma fórmula e uma justificativa (premissa, hipóteses ou uma das regras de inferência com suas respectivas referências para fórmulas anteriores).
Erro de sintaxe:
3.{ y Ai
      ^
",4.48513793945313,stop,885,1198
Ex ~B(x) |- ~Ax B(x),"[{'role': 'system', 'content': ""You are an expert in logic using the Natural Deduction method.\nYou will receive one first order logic problem. Your task is to prove its validity using Natural Deduction and represent the proof in a Fitch-like notation, following these formatting instructions.\n\n### FORMAT OF PROOF LINES\nEach proof line must be structured like: '<line_number>. <formula> <origin>'\n- <line_number>: sequential integer, always ending with a dot ('1.', '2.', '3.', ...)\n- <formula>: the formula derived on that line\n- <origin>: either 'pre' (premise), 'hip' (hypothesis) or '<rule_name> <line_refs>'\n - <rule_name> and <line_refs>: \n - &e (1 line) \n - &i (2 lines) \n - ->e (2 lines) \n - ->i (1 range) \n - ~e (2 lines) \n - ~i (1 range) \n - |e (1 line + 2 ranges) \n - |i (1 line) \n - @e (1 line) \n - raa (1 range) \n - copy (1 line) \n - Ae (1 line)\n - Ai (1 range)\n - Ee (1 line + 1 range)\n - Ei (1 line)\n - <line_refs>: Must be comma-separated line numbers or ranges. Ranges denote subproofs (e.g., `->i 8-12`, `|e 4, 5-9, 10-14`)\n\n### SUBPROOFS / HYPOTHESES\nUse subproofs for hypotheses. Use curly braces '{' and '}' to open and close subproofs. \nPlace `{` immediately after the line number (e.g. '8.{ A|B hip') and `}` at the end of the final line of the subproof (e.g. '10. B @e 4}').\nNested subproofs are allowed. But a formula may only be used at a specific point if it appeared earlier in the same subproof or an outer subproof to the current subproof.\n\n### SYMBOLS & CONVENTIONS\nUse the following symbols for logical operations: \n- & = conjunction (and) \n- | = disjunction (or) \n- ~ = negation (not) \n- -> = implication (implies)\n\nQuantifiers symbols: \n Ax represents ∀x \n Ex represents ∃x\nSo formulas with ∀x and ∃x will be represented by Ax and Ex (A and E followed by the variable x). For example, Ax (H(x)->M(x)) represents ∀x (H(x)→M(x)).\n\n###CONVENTIONS\nAtoms: only uppercase letters not immediately followed by parentesis (e.g. P, Q, R).\nPredicates: uppercase letters immediately followed by parentesis (e.g. H(x), M(y), Q(a,b) ). All predicates must use parentheses.\nVariables: first letter in lowercase, can be followed by letters and numbers (e.g., x, x0, xP0).\n\n### TO CREATE NEW VARIABLE:\nFor Universal Introduction rule(Ai): open a subproof with a fresh variable not occurring in any open hypothesis.\nCreate new variable like this: '<line_number>. { <new_variable> '\n\nFor Existential Elimination rule(Ee): open a subproof with a fresh witness constant/variable. \nCreate new variable like this: '<line_number>. {<new_variable> φ[<old_variable>/<new_variable>] hip\n  Write only the final proof in <proof>...</proof> tags. Only use <proof>...</proof> tags ONCE. Only use these symbols inside the proof '&' , '->', '~', '|', '@', '(', ')', '{', '}', 'Ax', 'Ex'.\nDo not include explanations, commentary, or extra text inside and outside the <proof>...</proof> tags.\n ""}, {'role': 'user', 'content': ""Prove'Ex ~B(x) |- ~Ax B(x)' using the natural deduction method. Only one final answer, surrounded by <proof>...</proof>, using the notation described.""}]","<proof>
1. Ex ~P(x) pre
2. { Ax P(x) hip
3.   { z 
4.     ~P(z) Ee 1
5.     P(z) Ai 2
6.     ⊥ ~e 4,5
7.   }
8.   ~Ax P(x) raa 2-6
9. }
</proof>","1. Ex ~P(x) pre
2. { Ax P(x) hip
3.   { z 
4.     ~P(z) Ee 1
5.     P(z) Ai 2
6.     ⊥ ~e 4,5
7.   }
8.   ~Ax P(x) raa 2-6
9. }","Os seguintes erros foram encontrados:

Uma das definições não está completa, verifique se todas regras foram aplicadas corretamente.
Lembre-se que uma regra de inferência sempre inicia com um número seguido de um . (linha de referência), tem uma fórmula e uma justificativa (premissa, hipóteses ou uma das regras de inferência com suas respectivas referências para fórmulas anteriores).
Erro de sintaxe:
5.     P(z) Ai 2
^
",3.35039019584656,stop,885,930
~Ex B(x) |- Ax ~B(x),"[{'role': 'system', 'content': ""You are an expert in logic using the Natural Deduction method.\nYou will receive one first order logic problem. Your task is to prove its validity using Natural Deduction and represent the proof in a Fitch-like notation, following these formatting instructions.\n\n### FORMAT OF PROOF LINES\nEach proof line must be structured like: '<line_number>. <formula> <origin>'\n- <line_number>: sequential integer, always ending with a dot ('1.', '2.', '3.', ...)\n- <formula>: the formula derived on that line\n- <origin>: either 'pre' (premise), 'hip' (hypothesis) or '<rule_name> <line_refs>'\n - <rule_name> and <line_refs>: \n - &e (1 line) \n - &i (2 lines) \n - ->e (2 lines) \n - ->i (1 range) \n - ~e (2 lines) \n - ~i (1 range) \n - |e (1 line + 2 ranges) \n - |i (1 line) \n - @e (1 line) \n - raa (1 range) \n - copy (1 line) \n - Ae (1 line)\n - Ai (1 range)\n - Ee (1 line + 1 range)\n - Ei (1 line)\n - <line_refs>: Must be comma-separated line numbers or ranges. Ranges denote subproofs (e.g., `->i 8-12`, `|e 4, 5-9, 10-14`)\n\n### SUBPROOFS / HYPOTHESES\nUse subproofs for hypotheses. Use curly braces '{' and '}' to open and close subproofs. \nPlace `{` immediately after the line number (e.g. '8.{ A|B hip') and `}` at the end of the final line of the subproof (e.g. '10. B @e 4}').\nNested subproofs are allowed. But a formula may only be used at a specific point if it appeared earlier in the same subproof or an outer subproof to the current subproof.\n\n### SYMBOLS & CONVENTIONS\nUse the following symbols for logical operations: \n- & = conjunction (and) \n- | = disjunction (or) \n- ~ = negation (not) \n- -> = implication (implies)\n\nQuantifiers symbols: \n Ax represents ∀x \n Ex represents ∃x\nSo formulas with ∀x and ∃x will be represented by Ax and Ex (A and E followed by the variable x). For example, Ax (H(x)->M(x)) represents ∀x (H(x)→M(x)).\n\n###CONVENTIONS\nAtoms: only uppercase letters not immediately followed by parentesis (e.g. P, Q, R).\nPredicates: uppercase letters immediately followed by parentesis (e.g. H(x), M(y), Q(a,b) ). All predicates must use parentheses.\nVariables: first letter in lowercase, can be followed by letters and numbers (e.g., x, x0, xP0).\n\n### TO CREATE NEW VARIABLE:\nFor Universal Introduction rule(Ai): open a subproof with a fresh variable not occurring in any open hypothesis.\nCreate new variable like this: '<line_number>. { <new_variable> '\n\nFor Existential Elimination rule(Ee): open a subproof with a fresh witness constant/variable. \nCreate new variable like this: '<line_number>. {<new_variable> φ[<old_variable>/<new_variable>] hip\n  Write only the final proof in <proof>...</proof> tags. Only use <proof>...</proof> tags ONCE. Only use these symbols inside the proof '&' , '->', '~', '|', '@', '(', ')', '{', '}', 'Ax', 'Ex'.\nDo not include explanations, commentary, or extra text inside and outside the <proof>...</proof> tags.\n ""}, {'role': 'user', 'content': ""Prove'~Ex B(x) |- Ax ~B(x)' using the natural deduction method. Only one final answer, surrounded by <proof>...</proof>, using the notation described.""}]","<proof>
1. ~Ex P(x) pre
2.{ a
3.   P(a) hip
4.   Ex P(x) Exi 3
5.   ⊥ ~e 1,4
6.   ~P(a) ~i 3-5
7. }
8. Ax ~P(x) Ai 2-6
</proof>","1. ~Ex P(x) pre
2.{ a
3.   P(a) hip
4.   Ex P(x) Exi 3
5.   ⊥ ~e 1,4
6.   ~P(a) ~i 3-5
7. }
8. Ax ~P(x) Ai 2-6","Os seguintes erros foram encontrados:

Uma das definições não está completa, verifique se todas regras foram aplicadas corretamente.
Lembre-se que uma regra de inferência sempre inicia com um número seguido de um . (linha de referência), tem uma fórmula e uma justificativa (premissa, hipóteses ou uma das regras de inferência com suas respectivas referências para fórmulas anteriores).
Erro de sintaxe:
4.   Ex P(x) Exi 3
             ^
",2.74458527565002,stop,885,742
Ax ~B(x) |- ~Ex B(x),"[{'role': 'system', 'content': ""You are an expert in logic using the Natural Deduction method.\nYou will receive one first order logic problem. Your task is to prove its validity using Natural Deduction and represent the proof in a Fitch-like notation, following these formatting instructions.\n\n### FORMAT OF PROOF LINES\nEach proof line must be structured like: '<line_number>. <formula> <origin>'\n- <line_number>: sequential integer, always ending with a dot ('1.', '2.', '3.', ...)\n- <formula>: the formula derived on that line\n- <origin>: either 'pre' (premise), 'hip' (hypothesis) or '<rule_name> <line_refs>'\n - <rule_name> and <line_refs>: \n - &e (1 line) \n - &i (2 lines) \n - ->e (2 lines) \n - ->i (1 range) \n - ~e (2 lines) \n - ~i (1 range) \n - |e (1 line + 2 ranges) \n - |i (1 line) \n - @e (1 line) \n - raa (1 range) \n - copy (1 line) \n - Ae (1 line)\n - Ai (1 range)\n - Ee (1 line + 1 range)\n - Ei (1 line)\n - <line_refs>: Must be comma-separated line numbers or ranges. Ranges denote subproofs (e.g., `->i 8-12`, `|e 4, 5-9, 10-14`)\n\n### SUBPROOFS / HYPOTHESES\nUse subproofs for hypotheses. Use curly braces '{' and '}' to open and close subproofs. \nPlace `{` immediately after the line number (e.g. '8.{ A|B hip') and `}` at the end of the final line of the subproof (e.g. '10. B @e 4}').\nNested subproofs are allowed. But a formula may only be used at a specific point if it appeared earlier in the same subproof or an outer subproof to the current subproof.\n\n### SYMBOLS & CONVENTIONS\nUse the following symbols for logical operations: \n- & = conjunction (and) \n- | = disjunction (or) \n- ~ = negation (not) \n- -> = implication (implies)\n\nQuantifiers symbols: \n Ax represents ∀x \n Ex represents ∃x\nSo formulas with ∀x and ∃x will be represented by Ax and Ex (A and E followed by the variable x). For example, Ax (H(x)->M(x)) represents ∀x (H(x)→M(x)).\n\n###CONVENTIONS\nAtoms: only uppercase letters not immediately followed by parentesis (e.g. P, Q, R).\nPredicates: uppercase letters immediately followed by parentesis (e.g. H(x), M(y), Q(a,b) ). All predicates must use parentheses.\nVariables: first letter in lowercase, can be followed by letters and numbers (e.g., x, x0, xP0).\n\n### TO CREATE NEW VARIABLE:\nFor Universal Introduction rule(Ai): open a subproof with a fresh variable not occurring in any open hypothesis.\nCreate new variable like this: '<line_number>. { <new_variable> '\n\nFor Existential Elimination rule(Ee): open a subproof with a fresh witness constant/variable. \nCreate new variable like this: '<line_number>. {<new_variable> φ[<old_variable>/<new_variable>] hip\n  Write only the final proof in <proof>...</proof> tags. Only use <proof>...</proof> tags ONCE. Only use these symbols inside the proof '&' , '->', '~', '|', '@', '(', ')', '{', '}', 'Ax', 'Ex'.\nDo not include explanations, commentary, or extra text inside and outside the <proof>...</proof> tags.\n ""}, {'role': 'user', 'content': ""Prove'Ax ~B(x) |- ~Ex B(x)' using the natural deduction method. Only one final answer, surrounded by <proof>...</proof>, using the notation described.""}]","<proof>
1. Ax ~P(x) pre
2. Ex P(x) hip
3.{ P(a) hip
4. ~P(a) AxE 1
5. ⊥ ~e 3,4 }
6. ~Ex P(x) raa 2-5
</proof>","1. Ax ~P(x) pre
2. Ex P(x) hip
3.{ P(a) hip
4. ~P(a) AxE 1
5. ⊥ ~e 3,4 }
6. ~Ex P(x) raa 2-5","Os seguintes erros foram encontrados:

Uma das definições não está completa, verifique se todas regras foram aplicadas corretamente.
Lembre-se que uma regra de inferência sempre inicia com um número seguido de um . (linha de referência), tem uma fórmula e uma justificativa (premissa, hipóteses ou uma das regras de inferência com suas respectivas referências para fórmulas anteriores).
Erro de sintaxe:
4. ~P(a) AxE 1
         ^
",3.18565988540649,stop,885,863
Ex (B(x)&C) |- Ex B(x)&C,"[{'role': 'system', 'content': ""You are an expert in logic using the Natural Deduction method.\nYou will receive one first order logic problem. Your task is to prove its validity using Natural Deduction and represent the proof in a Fitch-like notation, following these formatting instructions.\n\n### FORMAT OF PROOF LINES\nEach proof line must be structured like: '<line_number>. <formula> <origin>'\n- <line_number>: sequential integer, always ending with a dot ('1.', '2.', '3.', ...)\n- <formula>: the formula derived on that line\n- <origin>: either 'pre' (premise), 'hip' (hypothesis) or '<rule_name> <line_refs>'\n - <rule_name> and <line_refs>: \n - &e (1 line) \n - &i (2 lines) \n - ->e (2 lines) \n - ->i (1 range) \n - ~e (2 lines) \n - ~i (1 range) \n - |e (1 line + 2 ranges) \n - |i (1 line) \n - @e (1 line) \n - raa (1 range) \n - copy (1 line) \n - Ae (1 line)\n - Ai (1 range)\n - Ee (1 line + 1 range)\n - Ei (1 line)\n - <line_refs>: Must be comma-separated line numbers or ranges. Ranges denote subproofs (e.g., `->i 8-12`, `|e 4, 5-9, 10-14`)\n\n### SUBPROOFS / HYPOTHESES\nUse subproofs for hypotheses. Use curly braces '{' and '}' to open and close subproofs. \nPlace `{` immediately after the line number (e.g. '8.{ A|B hip') and `}` at the end of the final line of the subproof (e.g. '10. B @e 4}').\nNested subproofs are allowed. But a formula may only be used at a specific point if it appeared earlier in the same subproof or an outer subproof to the current subproof.\n\n### SYMBOLS & CONVENTIONS\nUse the following symbols for logical operations: \n- & = conjunction (and) \n- | = disjunction (or) \n- ~ = negation (not) \n- -> = implication (implies)\n\nQuantifiers symbols: \n Ax represents ∀x \n Ex represents ∃x\nSo formulas with ∀x and ∃x will be represented by Ax and Ex (A and E followed by the variable x). For example, Ax (H(x)->M(x)) represents ∀x (H(x)→M(x)).\n\n###CONVENTIONS\nAtoms: only uppercase letters not immediately followed by parentesis (e.g. P, Q, R).\nPredicates: uppercase letters immediately followed by parentesis (e.g. H(x), M(y), Q(a,b) ). All predicates must use parentheses.\nVariables: first letter in lowercase, can be followed by letters and numbers (e.g., x, x0, xP0).\n\n### TO CREATE NEW VARIABLE:\nFor Universal Introduction rule(Ai): open a subproof with a fresh variable not occurring in any open hypothesis.\nCreate new variable like this: '<line_number>. { <new_variable> '\n\nFor Existential Elimination rule(Ee): open a subproof with a fresh witness constant/variable. \nCreate new variable like this: '<line_number>. {<new_variable> φ[<old_variable>/<new_variable>] hip\n  Write only the final proof in <proof>...</proof> tags. Only use <proof>...</proof> tags ONCE. Only use these symbols inside the proof '&' , '->', '~', '|', '@', '(', ')', '{', '}', 'Ax', 'Ex'.\nDo not include explanations, commentary, or extra text inside and outside the <proof>...</proof> tags.\n ""}, {'role': 'user', 'content': ""Prove'Ex (B(x)&C) |- Ex B(x)&C' using the natural deduction method. Only one final answer, surrounded by <proof>...</proof>, using the notation described.""}]","<proof>
1. ∃x(P(x)&Q) pre
2.{ a
3.   P(a)&Q hip
4.   ∃x(P(x)&Q) ->i 3-3
5. } raa 2-4
</proof>","1. ∃x(P(x)&Q) pre
2.{ a
3.   P(a)&Q hip
4.   ∃x(P(x)&Q) ->i 3-3
5. } raa 2-4","Os seguintes erros foram encontrados:

Uma das definições não está completa, verifique se todas regras foram aplicadas corretamente.
Lembre-se que uma regra de inferência sempre inicia com um número seguido de um . (linha de referência), tem uma fórmula e uma justificativa (premissa, hipóteses ou uma das regras de inferência com suas respectivas referências para fórmulas anteriores).
Erro de sintaxe:
1. ∃x(P(x)&Q) pre
   ^ Símbolo não pertence a linguagem.
",3.55816006660461,stop,888,966
Ax (B(x)|C) |- Ax B(x)|C,"[{'role': 'system', 'content': ""You are an expert in logic using the Natural Deduction method.\nYou will receive one first order logic problem. Your task is to prove its validity using Natural Deduction and represent the proof in a Fitch-like notation, following these formatting instructions.\n\n### FORMAT OF PROOF LINES\nEach proof line must be structured like: '<line_number>. <formula> <origin>'\n- <line_number>: sequential integer, always ending with a dot ('1.', '2.', '3.', ...)\n- <formula>: the formula derived on that line\n- <origin>: either 'pre' (premise), 'hip' (hypothesis) or '<rule_name> <line_refs>'\n - <rule_name> and <line_refs>: \n - &e (1 line) \n - &i (2 lines) \n - ->e (2 lines) \n - ->i (1 range) \n - ~e (2 lines) \n - ~i (1 range) \n - |e (1 line + 2 ranges) \n - |i (1 line) \n - @e (1 line) \n - raa (1 range) \n - copy (1 line) \n - Ae (1 line)\n - Ai (1 range)\n - Ee (1 line + 1 range)\n - Ei (1 line)\n - <line_refs>: Must be comma-separated line numbers or ranges. Ranges denote subproofs (e.g., `->i 8-12`, `|e 4, 5-9, 10-14`)\n\n### SUBPROOFS / HYPOTHESES\nUse subproofs for hypotheses. Use curly braces '{' and '}' to open and close subproofs. \nPlace `{` immediately after the line number (e.g. '8.{ A|B hip') and `}` at the end of the final line of the subproof (e.g. '10. B @e 4}').\nNested subproofs are allowed. But a formula may only be used at a specific point if it appeared earlier in the same subproof or an outer subproof to the current subproof.\n\n### SYMBOLS & CONVENTIONS\nUse the following symbols for logical operations: \n- & = conjunction (and) \n- | = disjunction (or) \n- ~ = negation (not) \n- -> = implication (implies)\n\nQuantifiers symbols: \n Ax represents ∀x \n Ex represents ∃x\nSo formulas with ∀x and ∃x will be represented by Ax and Ex (A and E followed by the variable x). For example, Ax (H(x)->M(x)) represents ∀x (H(x)→M(x)).\n\n###CONVENTIONS\nAtoms: only uppercase letters not immediately followed by parentesis (e.g. P, Q, R).\nPredicates: uppercase letters immediately followed by parentesis (e.g. H(x), M(y), Q(a,b) ). All predicates must use parentheses.\nVariables: first letter in lowercase, can be followed by letters and numbers (e.g., x, x0, xP0).\n\n### TO CREATE NEW VARIABLE:\nFor Universal Introduction rule(Ai): open a subproof with a fresh variable not occurring in any open hypothesis.\nCreate new variable like this: '<line_number>. { <new_variable> '\n\nFor Existential Elimination rule(Ee): open a subproof with a fresh witness constant/variable. \nCreate new variable like this: '<line_number>. {<new_variable> φ[<old_variable>/<new_variable>] hip\n  Write only the final proof in <proof>...</proof> tags. Only use <proof>...</proof> tags ONCE. Only use these symbols inside the proof '&' , '->', '~', '|', '@', '(', ')', '{', '}', 'Ax', 'Ex'.\nDo not include explanations, commentary, or extra text inside and outside the <proof>...</proof> tags.\n ""}, {'role': 'user', 'content': ""Prove'Ax (B(x)|C) |- Ax B(x)|C' using the natural deduction method. Only one final answer, surrounded by <proof>...</proof>, using the notation described.""}]","<proof>
1. Ax(P(x)|Q) pre
2.{ ¬((∀x P(x))|Q) hip
3.  { Q hip
4.    (∀x P(x))|Q |i 3
5.    ⊥ ~e 2,4
6.  } 
7.  ¬Q ~e 2-6
8.  { ∀x P(x) hip
9.    (∀x P(x))|Q |i 8
10.   ⊥ ~e 2,9
11. } 
12. ¬∀x P(x) ~e 2-11
13.  { ¬P(a) hip
14.    ∃x ¬P(x) Ex 13
15.  }
16.  { ∀x P(x) hip
17.    P(a) Ax e 1
18.    ⊥ ~e 13,17
19.  } 
20.  ∀x P(x) Ai 8-19
21.  (∀x P(x))|Q |i 20
22.  ⊥ ~e 2,21
23. raa 2-22
</proof>","1. Ax(P(x)|Q) pre
2.{ ¬((∀x P(x))|Q) hip
3.  { Q hip
4.    (∀x P(x))|Q |i 3
5.    ⊥ ~e 2,4
6.  } 
7.  ¬Q ~e 2-6
8.  { ∀x P(x) hip
9.    (∀x P(x))|Q |i 8
10.   ⊥ ~e 2,9
11. } 
12. ¬∀x P(x) ~e 2-11
13.  { ¬P(a) hip
14.    ∃x ¬P(x) Ex 13
15.  }
16.  { ∀x P(x) hip
17.    P(a) Ax e 1
18.    ⊥ ~e 13,17
19.  } 
20.  ∀x P(x) Ai 8-19
21.  (∀x P(x))|Q |i 20
22.  ⊥ ~e 2,21
23. raa 2-22","Os seguintes erros foram encontrados:

Uma das definições não está completa, verifique se todas regras foram aplicadas corretamente.
Lembre-se que uma regra de inferência sempre inicia com um número seguido de um . (linha de referência), tem uma fórmula e uma justificativa (premissa, hipóteses ou uma das regras de inferência com suas respectivas referências para fórmulas anteriores).
Erro de sintaxe:
2.{ ¬((∀x P(x))|Q) hip
    ^ Símbolo não pertence a linguagem.
",7.21177935600281,stop,888,1897
Ex (B(x)->C) |- Ax B(x)->C,"[{'role': 'system', 'content': ""You are an expert in logic using the Natural Deduction method.\nYou will receive one first order logic problem. Your task is to prove its validity using Natural Deduction and represent the proof in a Fitch-like notation, following these formatting instructions.\n\n### FORMAT OF PROOF LINES\nEach proof line must be structured like: '<line_number>. <formula> <origin>'\n- <line_number>: sequential integer, always ending with a dot ('1.', '2.', '3.', ...)\n- <formula>: the formula derived on that line\n- <origin>: either 'pre' (premise), 'hip' (hypothesis) or '<rule_name> <line_refs>'\n - <rule_name> and <line_refs>: \n - &e (1 line) \n - &i (2 lines) \n - ->e (2 lines) \n - ->i (1 range) \n - ~e (2 lines) \n - ~i (1 range) \n - |e (1 line + 2 ranges) \n - |i (1 line) \n - @e (1 line) \n - raa (1 range) \n - copy (1 line) \n - Ae (1 line)\n - Ai (1 range)\n - Ee (1 line + 1 range)\n - Ei (1 line)\n - <line_refs>: Must be comma-separated line numbers or ranges. Ranges denote subproofs (e.g., `->i 8-12`, `|e 4, 5-9, 10-14`)\n\n### SUBPROOFS / HYPOTHESES\nUse subproofs for hypotheses. Use curly braces '{' and '}' to open and close subproofs. \nPlace `{` immediately after the line number (e.g. '8.{ A|B hip') and `}` at the end of the final line of the subproof (e.g. '10. B @e 4}').\nNested subproofs are allowed. But a formula may only be used at a specific point if it appeared earlier in the same subproof or an outer subproof to the current subproof.\n\n### SYMBOLS & CONVENTIONS\nUse the following symbols for logical operations: \n- & = conjunction (and) \n- | = disjunction (or) \n- ~ = negation (not) \n- -> = implication (implies)\n\nQuantifiers symbols: \n Ax represents ∀x \n Ex represents ∃x\nSo formulas with ∀x and ∃x will be represented by Ax and Ex (A and E followed by the variable x). For example, Ax (H(x)->M(x)) represents ∀x (H(x)→M(x)).\n\n###CONVENTIONS\nAtoms: only uppercase letters not immediately followed by parentesis (e.g. P, Q, R).\nPredicates: uppercase letters immediately followed by parentesis (e.g. H(x), M(y), Q(a,b) ). All predicates must use parentheses.\nVariables: first letter in lowercase, can be followed by letters and numbers (e.g., x, x0, xP0).\n\n### TO CREATE NEW VARIABLE:\nFor Universal Introduction rule(Ai): open a subproof with a fresh variable not occurring in any open hypothesis.\nCreate new variable like this: '<line_number>. { <new_variable> '\n\nFor Existential Elimination rule(Ee): open a subproof with a fresh witness constant/variable. \nCreate new variable like this: '<line_number>. {<new_variable> φ[<old_variable>/<new_variable>] hip\n  Write only the final proof in <proof>...</proof> tags. Only use <proof>...</proof> tags ONCE. Only use these symbols inside the proof '&' , '->', '~', '|', '@', '(', ')', '{', '}', 'Ax', 'Ex'.\nDo not include explanations, commentary, or extra text inside and outside the <proof>...</proof> tags.\n ""}, {'role': 'user', 'content': ""Prove'Ex (B(x)->C) |- Ax B(x)->C' using the natural deduction method. Only one final answer, surrounded by <proof>...</proof>, using the notation described.""}]","<proof>
1. Ex(P(x)->Q) pre
2.{ y }
3. P(y) hip
4. Q @e 1}
5. P(y)->Q ->i 3-4
6. ∀x (P(y)->Q) Ai 2-5
</proof>","1. Ex(P(x)->Q) pre
2.{ y }
3. P(y) hip
4. Q @e 1}
5. P(y)->Q ->i 3-4
6. ∀x (P(y)->Q) Ai 2-5","Os seguintes erros foram encontrados:

Uma das definições não está completa, verifique se todas regras foram aplicadas corretamente.
Lembre-se que uma regra de inferência sempre inicia com um número seguido de um . (linha de referência), tem uma fórmula e uma justificativa (premissa, hipóteses ou uma das regras de inferência com suas respectivas referências para fórmulas anteriores).
Erro de sintaxe:
6. ∀x (P(y)->Q) Ai 2-5
   ^ Símbolo não pertence a linguagem.
",3.18441200256348,stop,888,875
Ax B(x)->C |- Ex (B(x)->C),"[{'role': 'system', 'content': ""You are an expert in logic using the Natural Deduction method.\nYou will receive one first order logic problem. Your task is to prove its validity using Natural Deduction and represent the proof in a Fitch-like notation, following these formatting instructions.\n\n### FORMAT OF PROOF LINES\nEach proof line must be structured like: '<line_number>. <formula> <origin>'\n- <line_number>: sequential integer, always ending with a dot ('1.', '2.', '3.', ...)\n- <formula>: the formula derived on that line\n- <origin>: either 'pre' (premise), 'hip' (hypothesis) or '<rule_name> <line_refs>'\n - <rule_name> and <line_refs>: \n - &e (1 line) \n - &i (2 lines) \n - ->e (2 lines) \n - ->i (1 range) \n - ~e (2 lines) \n - ~i (1 range) \n - |e (1 line + 2 ranges) \n - |i (1 line) \n - @e (1 line) \n - raa (1 range) \n - copy (1 line) \n - Ae (1 line)\n - Ai (1 range)\n - Ee (1 line + 1 range)\n - Ei (1 line)\n - <line_refs>: Must be comma-separated line numbers or ranges. Ranges denote subproofs (e.g., `->i 8-12`, `|e 4, 5-9, 10-14`)\n\n### SUBPROOFS / HYPOTHESES\nUse subproofs for hypotheses. Use curly braces '{' and '}' to open and close subproofs. \nPlace `{` immediately after the line number (e.g. '8.{ A|B hip') and `}` at the end of the final line of the subproof (e.g. '10. B @e 4}').\nNested subproofs are allowed. But a formula may only be used at a specific point if it appeared earlier in the same subproof or an outer subproof to the current subproof.\n\n### SYMBOLS & CONVENTIONS\nUse the following symbols for logical operations: \n- & = conjunction (and) \n- | = disjunction (or) \n- ~ = negation (not) \n- -> = implication (implies)\n\nQuantifiers symbols: \n Ax represents ∀x \n Ex represents ∃x\nSo formulas with ∀x and ∃x will be represented by Ax and Ex (A and E followed by the variable x). For example, Ax (H(x)->M(x)) represents ∀x (H(x)→M(x)).\n\n###CONVENTIONS\nAtoms: only uppercase letters not immediately followed by parentesis (e.g. P, Q, R).\nPredicates: uppercase letters immediately followed by parentesis (e.g. H(x), M(y), Q(a,b) ). All predicates must use parentheses.\nVariables: first letter in lowercase, can be followed by letters and numbers (e.g., x, x0, xP0).\n\n### TO CREATE NEW VARIABLE:\nFor Universal Introduction rule(Ai): open a subproof with a fresh variable not occurring in any open hypothesis.\nCreate new variable like this: '<line_number>. { <new_variable> '\n\nFor Existential Elimination rule(Ee): open a subproof with a fresh witness constant/variable. \nCreate new variable like this: '<line_number>. {<new_variable> φ[<old_variable>/<new_variable>] hip\n  Write only the final proof in <proof>...</proof> tags. Only use <proof>...</proof> tags ONCE. Only use these symbols inside the proof '&' , '->', '~', '|', '@', '(', ')', '{', '}', 'Ax', 'Ex'.\nDo not include explanations, commentary, or extra text inside and outside the <proof>...</proof> tags.\n ""}, {'role': 'user', 'content': ""Prove'Ax B(x)->C |- Ex (B(x)->C)' using the natural deduction method. Only one final answer, surrounded by <proof>...</proof>, using the notation described.""}]","<proof>
1. Ax P(x)->Q pre
2.{ a
3. P(a)->Q Ae 1
4. Ex (P(x)->Q) Ex i 3
5. }
</proof>","1. Ax P(x)->Q pre
2.{ a
3. P(a)->Q Ae 1
4. Ex (P(x)->Q) Ex i 3
5. }","Os seguintes erros foram encontrados:

Uma das definições não está completa, verifique se todas regras foram aplicadas corretamente.
Lembre-se que uma regra de inferência sempre inicia com um número seguido de um . (linha de referência), tem uma fórmula e uma justificativa (premissa, hipóteses ou uma das regras de inferência com suas respectivas referências para fórmulas anteriores).
Erro de sintaxe:
4. Ex (P(x)->Q) Ex i 3
                ^
",1.83145689964294,stop,887,505
Ex (B->C(x)) |- B->Ex C(x),"[{'role': 'system', 'content': ""You are an expert in logic using the Natural Deduction method.\nYou will receive one first order logic problem. Your task is to prove its validity using Natural Deduction and represent the proof in a Fitch-like notation, following these formatting instructions.\n\n### FORMAT OF PROOF LINES\nEach proof line must be structured like: '<line_number>. <formula> <origin>'\n- <line_number>: sequential integer, always ending with a dot ('1.', '2.', '3.', ...)\n- <formula>: the formula derived on that line\n- <origin>: either 'pre' (premise), 'hip' (hypothesis) or '<rule_name> <line_refs>'\n - <rule_name> and <line_refs>: \n - &e (1 line) \n - &i (2 lines) \n - ->e (2 lines) \n - ->i (1 range) \n - ~e (2 lines) \n - ~i (1 range) \n - |e (1 line + 2 ranges) \n - |i (1 line) \n - @e (1 line) \n - raa (1 range) \n - copy (1 line) \n - Ae (1 line)\n - Ai (1 range)\n - Ee (1 line + 1 range)\n - Ei (1 line)\n - <line_refs>: Must be comma-separated line numbers or ranges. Ranges denote subproofs (e.g., `->i 8-12`, `|e 4, 5-9, 10-14`)\n\n### SUBPROOFS / HYPOTHESES\nUse subproofs for hypotheses. Use curly braces '{' and '}' to open and close subproofs. \nPlace `{` immediately after the line number (e.g. '8.{ A|B hip') and `}` at the end of the final line of the subproof (e.g. '10. B @e 4}').\nNested subproofs are allowed. But a formula may only be used at a specific point if it appeared earlier in the same subproof or an outer subproof to the current subproof.\n\n### SYMBOLS & CONVENTIONS\nUse the following symbols for logical operations: \n- & = conjunction (and) \n- | = disjunction (or) \n- ~ = negation (not) \n- -> = implication (implies)\n\nQuantifiers symbols: \n Ax represents ∀x \n Ex represents ∃x\nSo formulas with ∀x and ∃x will be represented by Ax and Ex (A and E followed by the variable x). For example, Ax (H(x)->M(x)) represents ∀x (H(x)→M(x)).\n\n###CONVENTIONS\nAtoms: only uppercase letters not immediately followed by parentesis (e.g. P, Q, R).\nPredicates: uppercase letters immediately followed by parentesis (e.g. H(x), M(y), Q(a,b) ). All predicates must use parentheses.\nVariables: first letter in lowercase, can be followed by letters and numbers (e.g., x, x0, xP0).\n\n### TO CREATE NEW VARIABLE:\nFor Universal Introduction rule(Ai): open a subproof with a fresh variable not occurring in any open hypothesis.\nCreate new variable like this: '<line_number>. { <new_variable> '\n\nFor Existential Elimination rule(Ee): open a subproof with a fresh witness constant/variable. \nCreate new variable like this: '<line_number>. {<new_variable> φ[<old_variable>/<new_variable>] hip\n  Write only the final proof in <proof>...</proof> tags. Only use <proof>...</proof> tags ONCE. Only use these symbols inside the proof '&' , '->', '~', '|', '@', '(', ')', '{', '}', 'Ax', 'Ex'.\nDo not include explanations, commentary, or extra text inside and outside the <proof>...</proof> tags.\n ""}, {'role': 'user', 'content': ""Prove'Ex (B->C(x)) |- B->Ex C(x)' using the natural deduction method. Only one final answer, surrounded by <proof>...</proof>, using the notation described.""}]","<proof>
1. ∃x (P->Q(x)) pre
2. P hip
3.{ a (P->Q(a)) hip
4. Q(a) ->e 2,3 }
5. Q(a) Ee 1-4
6. ∃x Q(x) @i 5
7. ∃x Q(x) ->i 2-6
</proof>","1. ∃x (P->Q(x)) pre
2. P hip
3.{ a (P->Q(a)) hip
4. Q(a) ->e 2,3 }
5. Q(a) Ee 1-4
6. ∃x Q(x) @i 5
7. ∃x Q(x) ->i 2-6","Os seguintes erros foram encontrados:

Uma das definições não está completa, verifique se todas regras foram aplicadas corretamente.
Lembre-se que uma regra de inferência sempre inicia com um número seguido de um . (linha de referência), tem uma fórmula e uma justificativa (premissa, hipóteses ou uma das regras de inferência com suas respectivas referências para fórmulas anteriores).
Erro de sintaxe:
1. ∃x (P->Q(x)) pre
   ^ Símbolo não pertence a linguagem.
",4.65197443962097,stop,888,1268
B->Ex C(x) |- Ex (B->C(x)),"[{'role': 'system', 'content': ""You are an expert in logic using the Natural Deduction method.\nYou will receive one first order logic problem. Your task is to prove its validity using Natural Deduction and represent the proof in a Fitch-like notation, following these formatting instructions.\n\n### FORMAT OF PROOF LINES\nEach proof line must be structured like: '<line_number>. <formula> <origin>'\n- <line_number>: sequential integer, always ending with a dot ('1.', '2.', '3.', ...)\n- <formula>: the formula derived on that line\n- <origin>: either 'pre' (premise), 'hip' (hypothesis) or '<rule_name> <line_refs>'\n - <rule_name> and <line_refs>: \n - &e (1 line) \n - &i (2 lines) \n - ->e (2 lines) \n - ->i (1 range) \n - ~e (2 lines) \n - ~i (1 range) \n - |e (1 line + 2 ranges) \n - |i (1 line) \n - @e (1 line) \n - raa (1 range) \n - copy (1 line) \n - Ae (1 line)\n - Ai (1 range)\n - Ee (1 line + 1 range)\n - Ei (1 line)\n - <line_refs>: Must be comma-separated line numbers or ranges. Ranges denote subproofs (e.g., `->i 8-12`, `|e 4, 5-9, 10-14`)\n\n### SUBPROOFS / HYPOTHESES\nUse subproofs for hypotheses. Use curly braces '{' and '}' to open and close subproofs. \nPlace `{` immediately after the line number (e.g. '8.{ A|B hip') and `}` at the end of the final line of the subproof (e.g. '10. B @e 4}').\nNested subproofs are allowed. But a formula may only be used at a specific point if it appeared earlier in the same subproof or an outer subproof to the current subproof.\n\n### SYMBOLS & CONVENTIONS\nUse the following symbols for logical operations: \n- & = conjunction (and) \n- | = disjunction (or) \n- ~ = negation (not) \n- -> = implication (implies)\n\nQuantifiers symbols: \n Ax represents ∀x \n Ex represents ∃x\nSo formulas with ∀x and ∃x will be represented by Ax and Ex (A and E followed by the variable x). For example, Ax (H(x)->M(x)) represents ∀x (H(x)→M(x)).\n\n###CONVENTIONS\nAtoms: only uppercase letters not immediately followed by parentesis (e.g. P, Q, R).\nPredicates: uppercase letters immediately followed by parentesis (e.g. H(x), M(y), Q(a,b) ). All predicates must use parentheses.\nVariables: first letter in lowercase, can be followed by letters and numbers (e.g., x, x0, xP0).\n\n### TO CREATE NEW VARIABLE:\nFor Universal Introduction rule(Ai): open a subproof with a fresh variable not occurring in any open hypothesis.\nCreate new variable like this: '<line_number>. { <new_variable> '\n\nFor Existential Elimination rule(Ee): open a subproof with a fresh witness constant/variable. \nCreate new variable like this: '<line_number>. {<new_variable> φ[<old_variable>/<new_variable>] hip\n  Write only the final proof in <proof>...</proof> tags. Only use <proof>...</proof> tags ONCE. Only use these symbols inside the proof '&' , '->', '~', '|', '@', '(', ')', '{', '}', 'Ax', 'Ex'.\nDo not include explanations, commentary, or extra text inside and outside the <proof>...</proof> tags.\n ""}, {'role': 'user', 'content': ""Prove'B->Ex C(x) |- Ex (B->C(x))' using the natural deduction method. Only one final answer, surrounded by <proof>...</proof>, using the notation described.""}]","<proof>
1. P->∃x Q(x) pre
2.{¬∃x(P->Q(x)) hip
3.{P hip
4. ∃x Q(x) ->e 1,3
5.{a Q(a) hip
6. P->Q(a) ->i 3-5
7. ∃x(P->Q(x)) @i 6
8. ⊥ raa 2,7
9. ¬P raa 3-8
10. ∃x(P->Q(x)) @i 9
11. ∃x(P->Q(x)) pre
</proof>","1. P->∃x Q(x) pre
2.{¬∃x(P->Q(x)) hip
3.{P hip
4. ∃x Q(x) ->e 1,3
5.{a Q(a) hip
6. P->Q(a) ->i 3-5
7. ∃x(P->Q(x)) @i 6
8. ⊥ raa 2,7
9. ¬P raa 3-8
10. ∃x(P->Q(x)) @i 9
11. ∃x(P->Q(x)) pre","Os seguintes erros foram encontrados:

Uma das definições não está completa, verifique se todas regras foram aplicadas corretamente.
Lembre-se que uma regra de inferência sempre inicia com um número seguido de um . (linha de referência), tem uma fórmula e uma justificativa (premissa, hipóteses ou uma das regras de inferência com suas respectivas referências para fórmulas anteriores).
Erro de sintaxe:
1. P->∃x Q(x) pre
      ^ Símbolo não pertence a linguagem.
",5.53072023391724,stop,889,1463
