question,input_prompt,whole_response,cut_response,verification,time_seconds_only_request,finish_reason,tokens_input,tokens_in_output
Ax (B(x)|B(x)) |- Ax B(x),"[{'role': 'system', 'content': ""\nYou are an expert in logic using the semantic Tableaux method. \nYou will receive a first order logic formula and must prove its validity using the semantic tableau method, represent the proof in a Fitch-like notation, following these formatting instructions:\n\n### FORMAT OF PROOF LINES: \nExpanding proof line must be structured like: '<line_number>. <T_or_F> <formula> <origin>'\n- <line_number>: sequential integer, always ending with a dot ('1.', '2.', '3.', ...)\n- <T_or_F> → T for true formulas, F for false formulas. \n- <formula>: the formula derived on that line\n- <origin> is exactly one of:\n    pre (for premises)\n    conclusion (for the conclusion)\n    a comma-separated list of line numbers indicating the formula(s) used to derive the current line (e.g. '1', '3', '1,3')\n\n### BRANCHING FORMAT \nUse curly braces { and } to open and close branches. \n{ must appear immediately after the line number that opens a branch (e.g. '8.{ F A|B 3') \n} must appear at the end of the line that closes that branch (e.g. '12. @ 5,7}'). Exception: the main (initial) branch does not require a closing }, since it is not opened by {.\nBranches may be nested. But a formula may only be used at a given point if it appeared earlier in the same branch or an outer (enclosing) branch to the current branch. Formulas from closed branches or sibling branches must not be used.\n\n### SYMBOLS \nUse the following symbols for logical operations: \n & = conjunction (and), \n | = disjunction (or), \n ~ = negation (not), \n -> = implication (implies).\n\nQuantifiers symbols:  \n    Ax represents ∀x  \n    Ex represents ∃x\nSo formulas with ∀x and ∃x will be represented by Ax and Ex (A and E followed by the variable x). For example, Ax (H(x)->M(x)) represents ∀x (H(x)→M(x)).\n\n###CONVENTIONS\nAtoms: only uppercase letters not immediately followed by parentesis (e.g. P, Q, R).\nPredicates: uppercase letters immediately followed by parentesis (e.g. H(x), M(y), Q(a,b) ). All predicates must use parentheses.\nVariables: first letter in lowercase, can be followed by letters and numbers (e.g., x, x0, xP0).\n\nWrite only the final proof in <proof>...</proof> tags. Only use <proof>...</proof> tags ONCE. Omit names of the rules. Only use these symbols inside the proof '&' , '->', '~', '|', '@', '(', ')', '{', '}', 'Ax', 'Ex'.\nDo not include explanations, commentary, or extra text inside and outside the <proof>...</proof> tags.\n""}, {'role': 'user', 'content': ""Prove 'Ex P(x), Ax (P(x)->Q(x)) |- Ex Q(x)', using the analytical tableau method. Final answer using the notation described. ""}, {'role': 'assistant', 'content': ' <proof>\n                        1. T Ex P(x) pre\n                        2. T Ax (P(x)->Q(x)) pre\n                        3. F Ex Q(x) conclusion\n                        4. T P(a) 1 \n                        5. T (P(a)->Q(a)) 2 \n                        6. F Q(a) 3 \n                        7.{ F P(a) 5 \n                        8. @ 4,7}    \n                        9.{ T Q(a) 5 \n                        10. @ 6,9}   \n                    </proof>'}, {'role': 'user', 'content': ""Prove 'Ax (P(x)|P(x)) |- Ax P(x)', using the analytical tableau method. Final answer using the notation described.""}, {'role': 'assistant', 'content': ' <proof>\n                            1. T Ax (P(x)|P(x)) pre \n                            2. F Ax P(x) conclusion\n                            3. F P(a) 2          \n                            4. T (P(a)|P(a)) 1   \n                            5.{ T P(a) 4         \n                            6. @ 3,5}            \n                            7.{ T P(a) 4         \n                            8. @ 3,7}            \n                        </proof>'}, {'role': 'user', 'content': ""Prove '|- Ex (D(x)&K(x))->(Ex D(x)|Ex K(x))', using the analytical tableau method. Final answer using the notation described.""}, {'role': 'assistant', 'content': '<proof>\n                            1. F (Ex (D(x)&K(x)) -> (Ex D(x) | Ex K(x))) conclusion\n                            2. T Ex (D(x)&K(x)) 1 \n                            3. F (Ex D(x) | Ex K(x)) 1\n                            4. T (D(a)&K(a)) 2 \n                            5. T D(a) 4 \n                            6. T K(a) 4 \n                            7. F Ex D(x) 3 \n                            8. F Ex K(x) 3 \n                            9. F D(a) 7 \n                            10. @ 5,9 \n                        </proof>'}, {'role': 'user', 'content': ""Prove 'Ax ~(P(x)&~Q(x)), Ax ~Q(x) |- Ax ~P(x)', using the analytical tableau method. Final answer using the notation described.""}, {'role': 'assistant', 'content': '<proof>\n                        1. T Ax ~(P(x)&~Q(x)) pre \n                        2. T Ax ~Q(x) pre \n                        3. F Ax ~P(x) conclusion \n                        4. F ~P(a) 3         \n                        5. T P(a) 4           \n                        6. T ~(P(a)&~Q(a)) 1  \n                        7. T ~Q(a) 2          \n                        8. F (P(a)&~Q(a)) 6   \n                        9.{ F P(a) 8          \n                        10. @ 5,9}           \n                        11.{ F ~Q(a) 8        \n                        12. @ 7,11} \n                    </proof>'}, {'role': 'user', 'content': ""Prove '|- Ex P(x)->~Ax ~P(x)', using the analytical tableau method. Final answer using the notation described.""}, {'role': 'assistant', 'content': '<proof>\n                        1. T Ex (P(x)&~Q(x)) pre \n                        2. F ~Ax (P(x)->Q(x)) conclusion \n                        3. T (P(a)&~Q(a)) 1 \n                        4. T P(a) 3 \n                        5. T ~Q(a) 3 \n                        6. T Ax (P(x)->Q(x)) 2 \n                        7. T (P(a)->Q(a)) 6 \n                        8.{ F P(a) 7 \n                        9. @ 4,8} \n                        10.{ T Q(a) 7 \n                        11. F Q(a) 5  \n                        12. @ 10,11} \n                    </proof>'}, {'role': 'user', 'content': ""Prove'Ax (B(x)|B(x)) |- Ax B(x)' using the analytical tableau method. Only one final answer, surrounded by <proof>...</proof>, using the notation described.""}]","<proof>
1. T Ax (B(x)|B(x)) pre
2. F Ax B(x) conclusion
3. F B(a) 2
4. T (B(a)|B(a)) 1
5.{ T B(a) 4
6. @ 3,5}
7.{ T B(a) 4
8. @ 3,7}
</proof>","1. T Ax (B(x)|B(x)) pre
2. F Ax B(x) conclusion
3. F B(a) 2
4. T (B(a)|B(a)) 1
5.{ T B(a) 4
6. @ 3,5}
7.{ T B(a) 4
8. @ 3,7}",The proof is valid.,43.5126223564148,stop,1645,1156
"B(a), C(a) |- Ex (B(x)&C(x))","[{'role': 'system', 'content': ""\nYou are an expert in logic using the semantic Tableaux method. \nYou will receive a first order logic formula and must prove its validity using the semantic tableau method, represent the proof in a Fitch-like notation, following these formatting instructions:\n\n### FORMAT OF PROOF LINES: \nExpanding proof line must be structured like: '<line_number>. <T_or_F> <formula> <origin>'\n- <line_number>: sequential integer, always ending with a dot ('1.', '2.', '3.', ...)\n- <T_or_F> → T for true formulas, F for false formulas. \n- <formula>: the formula derived on that line\n- <origin> is exactly one of:\n    pre (for premises)\n    conclusion (for the conclusion)\n    a comma-separated list of line numbers indicating the formula(s) used to derive the current line (e.g. '1', '3', '1,3')\n\n### BRANCHING FORMAT \nUse curly braces { and } to open and close branches. \n{ must appear immediately after the line number that opens a branch (e.g. '8.{ F A|B 3') \n} must appear at the end of the line that closes that branch (e.g. '12. @ 5,7}'). Exception: the main (initial) branch does not require a closing }, since it is not opened by {.\nBranches may be nested. But a formula may only be used at a given point if it appeared earlier in the same branch or an outer (enclosing) branch to the current branch. Formulas from closed branches or sibling branches must not be used.\n\n### SYMBOLS \nUse the following symbols for logical operations: \n & = conjunction (and), \n | = disjunction (or), \n ~ = negation (not), \n -> = implication (implies).\n\nQuantifiers symbols:  \n    Ax represents ∀x  \n    Ex represents ∃x\nSo formulas with ∀x and ∃x will be represented by Ax and Ex (A and E followed by the variable x). For example, Ax (H(x)->M(x)) represents ∀x (H(x)→M(x)).\n\n###CONVENTIONS\nAtoms: only uppercase letters not immediately followed by parentesis (e.g. P, Q, R).\nPredicates: uppercase letters immediately followed by parentesis (e.g. H(x), M(y), Q(a,b) ). All predicates must use parentheses.\nVariables: first letter in lowercase, can be followed by letters and numbers (e.g., x, x0, xP0).\n\nWrite only the final proof in <proof>...</proof> tags. Only use <proof>...</proof> tags ONCE. Omit names of the rules. Only use these symbols inside the proof '&' , '->', '~', '|', '@', '(', ')', '{', '}', 'Ax', 'Ex'.\nDo not include explanations, commentary, or extra text inside and outside the <proof>...</proof> tags.\n""}, {'role': 'user', 'content': ""Prove 'Ex P(x), Ax (P(x)->Q(x)) |- Ex Q(x)', using the analytical tableau method. Final answer using the notation described. ""}, {'role': 'assistant', 'content': ' <proof>\n                        1. T Ex P(x) pre\n                        2. T Ax (P(x)->Q(x)) pre\n                        3. F Ex Q(x) conclusion\n                        4. T P(a) 1 \n                        5. T (P(a)->Q(a)) 2 \n                        6. F Q(a) 3 \n                        7.{ F P(a) 5 \n                        8. @ 4,7}    \n                        9.{ T Q(a) 5 \n                        10. @ 6,9}   \n                    </proof>'}, {'role': 'user', 'content': ""Prove 'Ax (P(x)|P(x)) |- Ax P(x)', using the analytical tableau method. Final answer using the notation described.""}, {'role': 'assistant', 'content': ' <proof>\n                            1. T Ax (P(x)|P(x)) pre \n                            2. F Ax P(x) conclusion\n                            3. F P(a) 2          \n                            4. T (P(a)|P(a)) 1   \n                            5.{ T P(a) 4         \n                            6. @ 3,5}            \n                            7.{ T P(a) 4         \n                            8. @ 3,7}            \n                        </proof>'}, {'role': 'user', 'content': ""Prove '|- Ex (D(x)&K(x))->(Ex D(x)|Ex K(x))', using the analytical tableau method. Final answer using the notation described.""}, {'role': 'assistant', 'content': '<proof>\n                            1. F (Ex (D(x)&K(x)) -> (Ex D(x) | Ex K(x))) conclusion\n                            2. T Ex (D(x)&K(x)) 1 \n                            3. F (Ex D(x) | Ex K(x)) 1\n                            4. T (D(a)&K(a)) 2 \n                            5. T D(a) 4 \n                            6. T K(a) 4 \n                            7. F Ex D(x) 3 \n                            8. F Ex K(x) 3 \n                            9. F D(a) 7 \n                            10. @ 5,9 \n                        </proof>'}, {'role': 'user', 'content': ""Prove 'Ax ~(P(x)&~Q(x)), Ax ~Q(x) |- Ax ~P(x)', using the analytical tableau method. Final answer using the notation described.""}, {'role': 'assistant', 'content': '<proof>\n                        1. T Ax ~(P(x)&~Q(x)) pre \n                        2. T Ax ~Q(x) pre \n                        3. F Ax ~P(x) conclusion \n                        4. F ~P(a) 3         \n                        5. T P(a) 4           \n                        6. T ~(P(a)&~Q(a)) 1  \n                        7. T ~Q(a) 2          \n                        8. F (P(a)&~Q(a)) 6   \n                        9.{ F P(a) 8          \n                        10. @ 5,9}           \n                        11.{ F ~Q(a) 8        \n                        12. @ 7,11} \n                    </proof>'}, {'role': 'user', 'content': ""Prove '|- Ex P(x)->~Ax ~P(x)', using the analytical tableau method. Final answer using the notation described.""}, {'role': 'assistant', 'content': '<proof>\n                        1. T Ex (P(x)&~Q(x)) pre \n                        2. F ~Ax (P(x)->Q(x)) conclusion \n                        3. T (P(a)&~Q(a)) 1 \n                        4. T P(a) 3 \n                        5. T ~Q(a) 3 \n                        6. T Ax (P(x)->Q(x)) 2 \n                        7. T (P(a)->Q(a)) 6 \n                        8.{ F P(a) 7 \n                        9. @ 4,8} \n                        10.{ T Q(a) 7 \n                        11. F Q(a) 5  \n                        12. @ 10,11} \n                    </proof>'}, {'role': 'user', 'content': ""Prove'B(a), C(a) |- Ex (B(x)&C(x))' using the analytical tableau method. Only one final answer, surrounded by <proof>...</proof>, using the notation described.""}]","<proof>
1. T B(a) pre
2. T C(a) pre
3. F Ex (B(x)&C(x)) conclusion
4. F (B(a)&C(a)) 3
5.{ F B(a) 4
6. @ 1,5}
7.{ F C(a) 4
8. @ 2,7}
</proof>","1. T B(a) pre
2. T C(a) pre
3. F Ex (B(x)&C(x)) conclusion
4. F (B(a)&C(a)) 3
5.{ F B(a) 4
6. @ 1,5}
7.{ F C(a) 4
8. @ 2,7}",The proof is valid.,42.02248549461365,stop,1648,1205
"Ax (B(x)->C(x)), B(a) |- C(a)","[{'role': 'system', 'content': ""\nYou are an expert in logic using the semantic Tableaux method. \nYou will receive a first order logic formula and must prove its validity using the semantic tableau method, represent the proof in a Fitch-like notation, following these formatting instructions:\n\n### FORMAT OF PROOF LINES: \nExpanding proof line must be structured like: '<line_number>. <T_or_F> <formula> <origin>'\n- <line_number>: sequential integer, always ending with a dot ('1.', '2.', '3.', ...)\n- <T_or_F> → T for true formulas, F for false formulas. \n- <formula>: the formula derived on that line\n- <origin> is exactly one of:\n    pre (for premises)\n    conclusion (for the conclusion)\n    a comma-separated list of line numbers indicating the formula(s) used to derive the current line (e.g. '1', '3', '1,3')\n\n### BRANCHING FORMAT \nUse curly braces { and } to open and close branches. \n{ must appear immediately after the line number that opens a branch (e.g. '8.{ F A|B 3') \n} must appear at the end of the line that closes that branch (e.g. '12. @ 5,7}'). Exception: the main (initial) branch does not require a closing }, since it is not opened by {.\nBranches may be nested. But a formula may only be used at a given point if it appeared earlier in the same branch or an outer (enclosing) branch to the current branch. Formulas from closed branches or sibling branches must not be used.\n\n### SYMBOLS \nUse the following symbols for logical operations: \n & = conjunction (and), \n | = disjunction (or), \n ~ = negation (not), \n -> = implication (implies).\n\nQuantifiers symbols:  \n    Ax represents ∀x  \n    Ex represents ∃x\nSo formulas with ∀x and ∃x will be represented by Ax and Ex (A and E followed by the variable x). For example, Ax (H(x)->M(x)) represents ∀x (H(x)→M(x)).\n\n###CONVENTIONS\nAtoms: only uppercase letters not immediately followed by parentesis (e.g. P, Q, R).\nPredicates: uppercase letters immediately followed by parentesis (e.g. H(x), M(y), Q(a,b) ). All predicates must use parentheses.\nVariables: first letter in lowercase, can be followed by letters and numbers (e.g., x, x0, xP0).\n\nWrite only the final proof in <proof>...</proof> tags. Only use <proof>...</proof> tags ONCE. Omit names of the rules. Only use these symbols inside the proof '&' , '->', '~', '|', '@', '(', ')', '{', '}', 'Ax', 'Ex'.\nDo not include explanations, commentary, or extra text inside and outside the <proof>...</proof> tags.\n""}, {'role': 'user', 'content': ""Prove 'Ex P(x), Ax (P(x)->Q(x)) |- Ex Q(x)', using the analytical tableau method. Final answer using the notation described. ""}, {'role': 'assistant', 'content': ' <proof>\n                        1. T Ex P(x) pre\n                        2. T Ax (P(x)->Q(x)) pre\n                        3. F Ex Q(x) conclusion\n                        4. T P(a) 1 \n                        5. T (P(a)->Q(a)) 2 \n                        6. F Q(a) 3 \n                        7.{ F P(a) 5 \n                        8. @ 4,7}    \n                        9.{ T Q(a) 5 \n                        10. @ 6,9}   \n                    </proof>'}, {'role': 'user', 'content': ""Prove 'Ax (P(x)|P(x)) |- Ax P(x)', using the analytical tableau method. Final answer using the notation described.""}, {'role': 'assistant', 'content': ' <proof>\n                            1. T Ax (P(x)|P(x)) pre \n                            2. F Ax P(x) conclusion\n                            3. F P(a) 2          \n                            4. T (P(a)|P(a)) 1   \n                            5.{ T P(a) 4         \n                            6. @ 3,5}            \n                            7.{ T P(a) 4         \n                            8. @ 3,7}            \n                        </proof>'}, {'role': 'user', 'content': ""Prove '|- Ex (D(x)&K(x))->(Ex D(x)|Ex K(x))', using the analytical tableau method. Final answer using the notation described.""}, {'role': 'assistant', 'content': '<proof>\n                            1. F (Ex (D(x)&K(x)) -> (Ex D(x) | Ex K(x))) conclusion\n                            2. T Ex (D(x)&K(x)) 1 \n                            3. F (Ex D(x) | Ex K(x)) 1\n                            4. T (D(a)&K(a)) 2 \n                            5. T D(a) 4 \n                            6. T K(a) 4 \n                            7. F Ex D(x) 3 \n                            8. F Ex K(x) 3 \n                            9. F D(a) 7 \n                            10. @ 5,9 \n                        </proof>'}, {'role': 'user', 'content': ""Prove 'Ax ~(P(x)&~Q(x)), Ax ~Q(x) |- Ax ~P(x)', using the analytical tableau method. Final answer using the notation described.""}, {'role': 'assistant', 'content': '<proof>\n                        1. T Ax ~(P(x)&~Q(x)) pre \n                        2. T Ax ~Q(x) pre \n                        3. F Ax ~P(x) conclusion \n                        4. F ~P(a) 3         \n                        5. T P(a) 4           \n                        6. T ~(P(a)&~Q(a)) 1  \n                        7. T ~Q(a) 2          \n                        8. F (P(a)&~Q(a)) 6   \n                        9.{ F P(a) 8          \n                        10. @ 5,9}           \n                        11.{ F ~Q(a) 8        \n                        12. @ 7,11} \n                    </proof>'}, {'role': 'user', 'content': ""Prove '|- Ex P(x)->~Ax ~P(x)', using the analytical tableau method. Final answer using the notation described.""}, {'role': 'assistant', 'content': '<proof>\n                        1. T Ex (P(x)&~Q(x)) pre \n                        2. F ~Ax (P(x)->Q(x)) conclusion \n                        3. T (P(a)&~Q(a)) 1 \n                        4. T P(a) 3 \n                        5. T ~Q(a) 3 \n                        6. T Ax (P(x)->Q(x)) 2 \n                        7. T (P(a)->Q(a)) 6 \n                        8.{ F P(a) 7 \n                        9. @ 4,8} \n                        10.{ T Q(a) 7 \n                        11. F Q(a) 5  \n                        12. @ 10,11} \n                    </proof>'}, {'role': 'user', 'content': ""Prove'Ax (B(x)->C(x)), B(a) |- C(a)' using the analytical tableau method. Only one final answer, surrounded by <proof>...</proof>, using the notation described.""}]","<proof>
1. T Ax (B(x)->C(x)) pre
2. T B(a) pre
3. F C(a) conclusion
4. T (B(a)->C(a)) 1
5.{ F B(a) 4
6. @ 2,5}
7.{ T C(a) 4
8. @ 3,7}
</proof>","1. T Ax (B(x)->C(x)) pre
2. T B(a) pre
3. F C(a) conclusion
4. T (B(a)->C(a)) 1
5.{ F B(a) 4
6. @ 2,5}
7.{ T C(a) 4
8. @ 3,7}",The proof is valid.,28.24431085586548,stop,1647,820
|- Ex (B(x)&C(x))->(Ex B(x)|Ex C(x)),"[{'role': 'system', 'content': ""\nYou are an expert in logic using the semantic Tableaux method. \nYou will receive a first order logic formula and must prove its validity using the semantic tableau method, represent the proof in a Fitch-like notation, following these formatting instructions:\n\n### FORMAT OF PROOF LINES: \nExpanding proof line must be structured like: '<line_number>. <T_or_F> <formula> <origin>'\n- <line_number>: sequential integer, always ending with a dot ('1.', '2.', '3.', ...)\n- <T_or_F> → T for true formulas, F for false formulas. \n- <formula>: the formula derived on that line\n- <origin> is exactly one of:\n    pre (for premises)\n    conclusion (for the conclusion)\n    a comma-separated list of line numbers indicating the formula(s) used to derive the current line (e.g. '1', '3', '1,3')\n\n### BRANCHING FORMAT \nUse curly braces { and } to open and close branches. \n{ must appear immediately after the line number that opens a branch (e.g. '8.{ F A|B 3') \n} must appear at the end of the line that closes that branch (e.g. '12. @ 5,7}'). Exception: the main (initial) branch does not require a closing }, since it is not opened by {.\nBranches may be nested. But a formula may only be used at a given point if it appeared earlier in the same branch or an outer (enclosing) branch to the current branch. Formulas from closed branches or sibling branches must not be used.\n\n### SYMBOLS \nUse the following symbols for logical operations: \n & = conjunction (and), \n | = disjunction (or), \n ~ = negation (not), \n -> = implication (implies).\n\nQuantifiers symbols:  \n    Ax represents ∀x  \n    Ex represents ∃x\nSo formulas with ∀x and ∃x will be represented by Ax and Ex (A and E followed by the variable x). For example, Ax (H(x)->M(x)) represents ∀x (H(x)→M(x)).\n\n###CONVENTIONS\nAtoms: only uppercase letters not immediately followed by parentesis (e.g. P, Q, R).\nPredicates: uppercase letters immediately followed by parentesis (e.g. H(x), M(y), Q(a,b) ). All predicates must use parentheses.\nVariables: first letter in lowercase, can be followed by letters and numbers (e.g., x, x0, xP0).\n\nWrite only the final proof in <proof>...</proof> tags. Only use <proof>...</proof> tags ONCE. Omit names of the rules. Only use these symbols inside the proof '&' , '->', '~', '|', '@', '(', ')', '{', '}', 'Ax', 'Ex'.\nDo not include explanations, commentary, or extra text inside and outside the <proof>...</proof> tags.\n""}, {'role': 'user', 'content': ""Prove 'Ex P(x), Ax (P(x)->Q(x)) |- Ex Q(x)', using the analytical tableau method. Final answer using the notation described. ""}, {'role': 'assistant', 'content': ' <proof>\n                        1. T Ex P(x) pre\n                        2. T Ax (P(x)->Q(x)) pre\n                        3. F Ex Q(x) conclusion\n                        4. T P(a) 1 \n                        5. T (P(a)->Q(a)) 2 \n                        6. F Q(a) 3 \n                        7.{ F P(a) 5 \n                        8. @ 4,7}    \n                        9.{ T Q(a) 5 \n                        10. @ 6,9}   \n                    </proof>'}, {'role': 'user', 'content': ""Prove 'Ax (P(x)|P(x)) |- Ax P(x)', using the analytical tableau method. Final answer using the notation described.""}, {'role': 'assistant', 'content': ' <proof>\n                            1. T Ax (P(x)|P(x)) pre \n                            2. F Ax P(x) conclusion\n                            3. F P(a) 2          \n                            4. T (P(a)|P(a)) 1   \n                            5.{ T P(a) 4         \n                            6. @ 3,5}            \n                            7.{ T P(a) 4         \n                            8. @ 3,7}            \n                        </proof>'}, {'role': 'user', 'content': ""Prove '|- Ex (D(x)&K(x))->(Ex D(x)|Ex K(x))', using the analytical tableau method. Final answer using the notation described.""}, {'role': 'assistant', 'content': '<proof>\n                            1. F (Ex (D(x)&K(x)) -> (Ex D(x) | Ex K(x))) conclusion\n                            2. T Ex (D(x)&K(x)) 1 \n                            3. F (Ex D(x) | Ex K(x)) 1\n                            4. T (D(a)&K(a)) 2 \n                            5. T D(a) 4 \n                            6. T K(a) 4 \n                            7. F Ex D(x) 3 \n                            8. F Ex K(x) 3 \n                            9. F D(a) 7 \n                            10. @ 5,9 \n                        </proof>'}, {'role': 'user', 'content': ""Prove 'Ax ~(P(x)&~Q(x)), Ax ~Q(x) |- Ax ~P(x)', using the analytical tableau method. Final answer using the notation described.""}, {'role': 'assistant', 'content': '<proof>\n                        1. T Ax ~(P(x)&~Q(x)) pre \n                        2. T Ax ~Q(x) pre \n                        3. F Ax ~P(x) conclusion \n                        4. F ~P(a) 3         \n                        5. T P(a) 4           \n                        6. T ~(P(a)&~Q(a)) 1  \n                        7. T ~Q(a) 2          \n                        8. F (P(a)&~Q(a)) 6   \n                        9.{ F P(a) 8          \n                        10. @ 5,9}           \n                        11.{ F ~Q(a) 8        \n                        12. @ 7,11} \n                    </proof>'}, {'role': 'user', 'content': ""Prove '|- Ex P(x)->~Ax ~P(x)', using the analytical tableau method. Final answer using the notation described.""}, {'role': 'assistant', 'content': '<proof>\n                        1. T Ex (P(x)&~Q(x)) pre \n                        2. F ~Ax (P(x)->Q(x)) conclusion \n                        3. T (P(a)&~Q(a)) 1 \n                        4. T P(a) 3 \n                        5. T ~Q(a) 3 \n                        6. T Ax (P(x)->Q(x)) 2 \n                        7. T (P(a)->Q(a)) 6 \n                        8.{ F P(a) 7 \n                        9. @ 4,8} \n                        10.{ T Q(a) 7 \n                        11. F Q(a) 5  \n                        12. @ 10,11} \n                    </proof>'}, {'role': 'user', 'content': ""Prove'|- Ex (B(x)&C(x))->(Ex B(x)|Ex C(x))' using the analytical tableau method. Only one final answer, surrounded by <proof>...</proof>, using the notation described.""}]","<proof>
1. F (Ex (B(x)&C(x)) -> (Ex B(x) | Ex C(x))) conclusion
2. B Ex (B(x)&C(x)) 1
3. F (Ex B(x) | Ex C(x)) 1
4. B (B(a)&C(a)) 2
5. B B(a) 4
6. B C(a) 4
7. F Ex B(x) 3
8. F Ex C(x) 3
9. B Ex B(x) 5
10. @ 9,7
</proof>","1. F (Ex (B(x)&C(x)) -> (Ex B(x) | Ex C(x))) conclusion
2. B Ex (B(x)&C(x)) 1
3. F (Ex B(x) | Ex C(x)) 1
4. B (B(a)&C(a)) 2
5. B B(a) 4
6. B C(a) 4
7. F Ex B(x) 3
8. F Ex C(x) 3
9. B Ex B(x) 5
10. @ 9,7","The following errors were found:

One of definitions are not completed. Please, check whether all rules are correctly written.
Recall that a rule of inference starts with a numeber, followed by . (reference line), the truth value of the formula (T or F), has a formula and the justification (premise, conclusion or one of the inference rules with its formula references).Sintax error:
2. B Ex (B(x)&C(x)) 1
     ^
",55.6164653301239,stop,1651,1605
|- Ax B(x)->(Ax ~C(x)->Ax (B(x)&~C(x))),"[{'role': 'system', 'content': ""\nYou are an expert in logic using the semantic Tableaux method. \nYou will receive a first order logic formula and must prove its validity using the semantic tableau method, represent the proof in a Fitch-like notation, following these formatting instructions:\n\n### FORMAT OF PROOF LINES: \nExpanding proof line must be structured like: '<line_number>. <T_or_F> <formula> <origin>'\n- <line_number>: sequential integer, always ending with a dot ('1.', '2.', '3.', ...)\n- <T_or_F> → T for true formulas, F for false formulas. \n- <formula>: the formula derived on that line\n- <origin> is exactly one of:\n    pre (for premises)\n    conclusion (for the conclusion)\n    a comma-separated list of line numbers indicating the formula(s) used to derive the current line (e.g. '1', '3', '1,3')\n\n### BRANCHING FORMAT \nUse curly braces { and } to open and close branches. \n{ must appear immediately after the line number that opens a branch (e.g. '8.{ F A|B 3') \n} must appear at the end of the line that closes that branch (e.g. '12. @ 5,7}'). Exception: the main (initial) branch does not require a closing }, since it is not opened by {.\nBranches may be nested. But a formula may only be used at a given point if it appeared earlier in the same branch or an outer (enclosing) branch to the current branch. Formulas from closed branches or sibling branches must not be used.\n\n### SYMBOLS \nUse the following symbols for logical operations: \n & = conjunction (and), \n | = disjunction (or), \n ~ = negation (not), \n -> = implication (implies).\n\nQuantifiers symbols:  \n    Ax represents ∀x  \n    Ex represents ∃x\nSo formulas with ∀x and ∃x will be represented by Ax and Ex (A and E followed by the variable x). For example, Ax (H(x)->M(x)) represents ∀x (H(x)→M(x)).\n\n###CONVENTIONS\nAtoms: only uppercase letters not immediately followed by parentesis (e.g. P, Q, R).\nPredicates: uppercase letters immediately followed by parentesis (e.g. H(x), M(y), Q(a,b) ). All predicates must use parentheses.\nVariables: first letter in lowercase, can be followed by letters and numbers (e.g., x, x0, xP0).\n\nWrite only the final proof in <proof>...</proof> tags. Only use <proof>...</proof> tags ONCE. Omit names of the rules. Only use these symbols inside the proof '&' , '->', '~', '|', '@', '(', ')', '{', '}', 'Ax', 'Ex'.\nDo not include explanations, commentary, or extra text inside and outside the <proof>...</proof> tags.\n""}, {'role': 'user', 'content': ""Prove 'Ex P(x), Ax (P(x)->Q(x)) |- Ex Q(x)', using the analytical tableau method. Final answer using the notation described. ""}, {'role': 'assistant', 'content': ' <proof>\n                        1. T Ex P(x) pre\n                        2. T Ax (P(x)->Q(x)) pre\n                        3. F Ex Q(x) conclusion\n                        4. T P(a) 1 \n                        5. T (P(a)->Q(a)) 2 \n                        6. F Q(a) 3 \n                        7.{ F P(a) 5 \n                        8. @ 4,7}    \n                        9.{ T Q(a) 5 \n                        10. @ 6,9}   \n                    </proof>'}, {'role': 'user', 'content': ""Prove 'Ax (P(x)|P(x)) |- Ax P(x)', using the analytical tableau method. Final answer using the notation described.""}, {'role': 'assistant', 'content': ' <proof>\n                            1. T Ax (P(x)|P(x)) pre \n                            2. F Ax P(x) conclusion\n                            3. F P(a) 2          \n                            4. T (P(a)|P(a)) 1   \n                            5.{ T P(a) 4         \n                            6. @ 3,5}            \n                            7.{ T P(a) 4         \n                            8. @ 3,7}            \n                        </proof>'}, {'role': 'user', 'content': ""Prove '|- Ex (D(x)&K(x))->(Ex D(x)|Ex K(x))', using the analytical tableau method. Final answer using the notation described.""}, {'role': 'assistant', 'content': '<proof>\n                            1. F (Ex (D(x)&K(x)) -> (Ex D(x) | Ex K(x))) conclusion\n                            2. T Ex (D(x)&K(x)) 1 \n                            3. F (Ex D(x) | Ex K(x)) 1\n                            4. T (D(a)&K(a)) 2 \n                            5. T D(a) 4 \n                            6. T K(a) 4 \n                            7. F Ex D(x) 3 \n                            8. F Ex K(x) 3 \n                            9. F D(a) 7 \n                            10. @ 5,9 \n                        </proof>'}, {'role': 'user', 'content': ""Prove 'Ax ~(P(x)&~Q(x)), Ax ~Q(x) |- Ax ~P(x)', using the analytical tableau method. Final answer using the notation described.""}, {'role': 'assistant', 'content': '<proof>\n                        1. T Ax ~(P(x)&~Q(x)) pre \n                        2. T Ax ~Q(x) pre \n                        3. F Ax ~P(x) conclusion \n                        4. F ~P(a) 3         \n                        5. T P(a) 4           \n                        6. T ~(P(a)&~Q(a)) 1  \n                        7. T ~Q(a) 2          \n                        8. F (P(a)&~Q(a)) 6   \n                        9.{ F P(a) 8          \n                        10. @ 5,9}           \n                        11.{ F ~Q(a) 8        \n                        12. @ 7,11} \n                    </proof>'}, {'role': 'user', 'content': ""Prove '|- Ex P(x)->~Ax ~P(x)', using the analytical tableau method. Final answer using the notation described.""}, {'role': 'assistant', 'content': '<proof>\n                        1. T Ex (P(x)&~Q(x)) pre \n                        2. F ~Ax (P(x)->Q(x)) conclusion \n                        3. T (P(a)&~Q(a)) 1 \n                        4. T P(a) 3 \n                        5. T ~Q(a) 3 \n                        6. T Ax (P(x)->Q(x)) 2 \n                        7. T (P(a)->Q(a)) 6 \n                        8.{ F P(a) 7 \n                        9. @ 4,8} \n                        10.{ T Q(a) 7 \n                        11. F Q(a) 5  \n                        12. @ 10,11} \n                    </proof>'}, {'role': 'user', 'content': ""Prove'|- Ax B(x)->(Ax ~C(x)->Ax (B(x)&~C(x)))' using the analytical tableau method. Only one final answer, surrounded by <proof>...</proof>, using the notation described.""}]","<proof>
1. F Ax B(x)->(Ax ~C(x)->Ax (B(x)&~C(x))) conclusion
2. T Ax B(x) 1
3. F (Ax ~C(x)->Ax (B(x)&~C(x))) 1
4. T Ax ~C(x) 3
5. F Ax (B(x)&~C(x)) 3
6. F (B(a)&~C(a)) 5
7. T B(a) 2
8. T ~C(a) 4
9.{ F B(a) 6
10. @ 7,9}
11.{ F ~C(a) 6
12. @ 8,11}
</proof>","1. F Ax B(x)->(Ax ~C(x)->Ax (B(x)&~C(x))) conclusion
2. T Ax B(x) 1
3. F (Ax ~C(x)->Ax (B(x)&~C(x))) 1
4. T Ax ~C(x) 3
5. F Ax (B(x)&~C(x)) 3
6. F (B(a)&~C(a)) 5
7. T B(a) 2
8. T ~C(a) 4
9.{ F B(a) 6
10. @ 7,9}
11.{ F ~C(a) 6
12. @ 8,11}",The proof is valid.,53.00568985939026,stop,1653,1536
"Ex B(x), Ax (B(x)->C(x)) |- Ex C(x)","[{'role': 'system', 'content': ""\nYou are an expert in logic using the semantic Tableaux method. \nYou will receive a first order logic formula and must prove its validity using the semantic tableau method, represent the proof in a Fitch-like notation, following these formatting instructions:\n\n### FORMAT OF PROOF LINES: \nExpanding proof line must be structured like: '<line_number>. <T_or_F> <formula> <origin>'\n- <line_number>: sequential integer, always ending with a dot ('1.', '2.', '3.', ...)\n- <T_or_F> → T for true formulas, F for false formulas. \n- <formula>: the formula derived on that line\n- <origin> is exactly one of:\n    pre (for premises)\n    conclusion (for the conclusion)\n    a comma-separated list of line numbers indicating the formula(s) used to derive the current line (e.g. '1', '3', '1,3')\n\n### BRANCHING FORMAT \nUse curly braces { and } to open and close branches. \n{ must appear immediately after the line number that opens a branch (e.g. '8.{ F A|B 3') \n} must appear at the end of the line that closes that branch (e.g. '12. @ 5,7}'). Exception: the main (initial) branch does not require a closing }, since it is not opened by {.\nBranches may be nested. But a formula may only be used at a given point if it appeared earlier in the same branch or an outer (enclosing) branch to the current branch. Formulas from closed branches or sibling branches must not be used.\n\n### SYMBOLS \nUse the following symbols for logical operations: \n & = conjunction (and), \n | = disjunction (or), \n ~ = negation (not), \n -> = implication (implies).\n\nQuantifiers symbols:  \n    Ax represents ∀x  \n    Ex represents ∃x\nSo formulas with ∀x and ∃x will be represented by Ax and Ex (A and E followed by the variable x). For example, Ax (H(x)->M(x)) represents ∀x (H(x)→M(x)).\n\n###CONVENTIONS\nAtoms: only uppercase letters not immediately followed by parentesis (e.g. P, Q, R).\nPredicates: uppercase letters immediately followed by parentesis (e.g. H(x), M(y), Q(a,b) ). All predicates must use parentheses.\nVariables: first letter in lowercase, can be followed by letters and numbers (e.g., x, x0, xP0).\n\nWrite only the final proof in <proof>...</proof> tags. Only use <proof>...</proof> tags ONCE. Omit names of the rules. Only use these symbols inside the proof '&' , '->', '~', '|', '@', '(', ')', '{', '}', 'Ax', 'Ex'.\nDo not include explanations, commentary, or extra text inside and outside the <proof>...</proof> tags.\n""}, {'role': 'user', 'content': ""Prove 'Ex P(x), Ax (P(x)->Q(x)) |- Ex Q(x)', using the analytical tableau method. Final answer using the notation described. ""}, {'role': 'assistant', 'content': ' <proof>\n                        1. T Ex P(x) pre\n                        2. T Ax (P(x)->Q(x)) pre\n                        3. F Ex Q(x) conclusion\n                        4. T P(a) 1 \n                        5. T (P(a)->Q(a)) 2 \n                        6. F Q(a) 3 \n                        7.{ F P(a) 5 \n                        8. @ 4,7}    \n                        9.{ T Q(a) 5 \n                        10. @ 6,9}   \n                    </proof>'}, {'role': 'user', 'content': ""Prove 'Ax (P(x)|P(x)) |- Ax P(x)', using the analytical tableau method. Final answer using the notation described.""}, {'role': 'assistant', 'content': ' <proof>\n                            1. T Ax (P(x)|P(x)) pre \n                            2. F Ax P(x) conclusion\n                            3. F P(a) 2          \n                            4. T (P(a)|P(a)) 1   \n                            5.{ T P(a) 4         \n                            6. @ 3,5}            \n                            7.{ T P(a) 4         \n                            8. @ 3,7}            \n                        </proof>'}, {'role': 'user', 'content': ""Prove '|- Ex (D(x)&K(x))->(Ex D(x)|Ex K(x))', using the analytical tableau method. Final answer using the notation described.""}, {'role': 'assistant', 'content': '<proof>\n                            1. F (Ex (D(x)&K(x)) -> (Ex D(x) | Ex K(x))) conclusion\n                            2. T Ex (D(x)&K(x)) 1 \n                            3. F (Ex D(x) | Ex K(x)) 1\n                            4. T (D(a)&K(a)) 2 \n                            5. T D(a) 4 \n                            6. T K(a) 4 \n                            7. F Ex D(x) 3 \n                            8. F Ex K(x) 3 \n                            9. F D(a) 7 \n                            10. @ 5,9 \n                        </proof>'}, {'role': 'user', 'content': ""Prove 'Ax ~(P(x)&~Q(x)), Ax ~Q(x) |- Ax ~P(x)', using the analytical tableau method. Final answer using the notation described.""}, {'role': 'assistant', 'content': '<proof>\n                        1. T Ax ~(P(x)&~Q(x)) pre \n                        2. T Ax ~Q(x) pre \n                        3. F Ax ~P(x) conclusion \n                        4. F ~P(a) 3         \n                        5. T P(a) 4           \n                        6. T ~(P(a)&~Q(a)) 1  \n                        7. T ~Q(a) 2          \n                        8. F (P(a)&~Q(a)) 6   \n                        9.{ F P(a) 8          \n                        10. @ 5,9}           \n                        11.{ F ~Q(a) 8        \n                        12. @ 7,11} \n                    </proof>'}, {'role': 'user', 'content': ""Prove '|- Ex P(x)->~Ax ~P(x)', using the analytical tableau method. Final answer using the notation described.""}, {'role': 'assistant', 'content': '<proof>\n                        1. T Ex (P(x)&~Q(x)) pre \n                        2. F ~Ax (P(x)->Q(x)) conclusion \n                        3. T (P(a)&~Q(a)) 1 \n                        4. T P(a) 3 \n                        5. T ~Q(a) 3 \n                        6. T Ax (P(x)->Q(x)) 2 \n                        7. T (P(a)->Q(a)) 6 \n                        8.{ F P(a) 7 \n                        9. @ 4,8} \n                        10.{ T Q(a) 7 \n                        11. F Q(a) 5  \n                        12. @ 10,11} \n                    </proof>'}, {'role': 'user', 'content': ""Prove'Ex B(x), Ax (B(x)->C(x)) |- Ex C(x)' using the analytical tableau method. Only one final answer, surrounded by <proof>...</proof>, using the notation described.""}]","<proof>
1. T Ex B(x) pre
2. T Ax (B(x)->C(x)) pre
3. F Ex C(x) conclusion
4. T B(a) 1
5. T (B(a)->C(a)) 2
6. F C(a) 3
7.{ F B(a) 5
8. @ 4,7}
9.{ T C(a) 5
10. @ 6,9}
</proof>","1. T Ex B(x) pre
2. T Ax (B(x)->C(x)) pre
3. F Ex C(x) conclusion
4. T B(a) 1
5. T (B(a)->C(a)) 2
6. F C(a) 3
7.{ F B(a) 5
8. @ 4,7}
9.{ T C(a) 5
10. @ 6,9}",The proof is valid.,30.401906728744507,stop,1649,879
|- Ax (B(x)->C(x))->(Ax B(x)->Ax C(x)),"[{'role': 'system', 'content': ""\nYou are an expert in logic using the semantic Tableaux method. \nYou will receive a first order logic formula and must prove its validity using the semantic tableau method, represent the proof in a Fitch-like notation, following these formatting instructions:\n\n### FORMAT OF PROOF LINES: \nExpanding proof line must be structured like: '<line_number>. <T_or_F> <formula> <origin>'\n- <line_number>: sequential integer, always ending with a dot ('1.', '2.', '3.', ...)\n- <T_or_F> → T for true formulas, F for false formulas. \n- <formula>: the formula derived on that line\n- <origin> is exactly one of:\n    pre (for premises)\n    conclusion (for the conclusion)\n    a comma-separated list of line numbers indicating the formula(s) used to derive the current line (e.g. '1', '3', '1,3')\n\n### BRANCHING FORMAT \nUse curly braces { and } to open and close branches. \n{ must appear immediately after the line number that opens a branch (e.g. '8.{ F A|B 3') \n} must appear at the end of the line that closes that branch (e.g. '12. @ 5,7}'). Exception: the main (initial) branch does not require a closing }, since it is not opened by {.\nBranches may be nested. But a formula may only be used at a given point if it appeared earlier in the same branch or an outer (enclosing) branch to the current branch. Formulas from closed branches or sibling branches must not be used.\n\n### SYMBOLS \nUse the following symbols for logical operations: \n & = conjunction (and), \n | = disjunction (or), \n ~ = negation (not), \n -> = implication (implies).\n\nQuantifiers symbols:  \n    Ax represents ∀x  \n    Ex represents ∃x\nSo formulas with ∀x and ∃x will be represented by Ax and Ex (A and E followed by the variable x). For example, Ax (H(x)->M(x)) represents ∀x (H(x)→M(x)).\n\n###CONVENTIONS\nAtoms: only uppercase letters not immediately followed by parentesis (e.g. P, Q, R).\nPredicates: uppercase letters immediately followed by parentesis (e.g. H(x), M(y), Q(a,b) ). All predicates must use parentheses.\nVariables: first letter in lowercase, can be followed by letters and numbers (e.g., x, x0, xP0).\n\nWrite only the final proof in <proof>...</proof> tags. Only use <proof>...</proof> tags ONCE. Omit names of the rules. Only use these symbols inside the proof '&' , '->', '~', '|', '@', '(', ')', '{', '}', 'Ax', 'Ex'.\nDo not include explanations, commentary, or extra text inside and outside the <proof>...</proof> tags.\n""}, {'role': 'user', 'content': ""Prove 'Ex P(x), Ax (P(x)->Q(x)) |- Ex Q(x)', using the analytical tableau method. Final answer using the notation described. ""}, {'role': 'assistant', 'content': ' <proof>\n                        1. T Ex P(x) pre\n                        2. T Ax (P(x)->Q(x)) pre\n                        3. F Ex Q(x) conclusion\n                        4. T P(a) 1 \n                        5. T (P(a)->Q(a)) 2 \n                        6. F Q(a) 3 \n                        7.{ F P(a) 5 \n                        8. @ 4,7}    \n                        9.{ T Q(a) 5 \n                        10. @ 6,9}   \n                    </proof>'}, {'role': 'user', 'content': ""Prove 'Ax (P(x)|P(x)) |- Ax P(x)', using the analytical tableau method. Final answer using the notation described.""}, {'role': 'assistant', 'content': ' <proof>\n                            1. T Ax (P(x)|P(x)) pre \n                            2. F Ax P(x) conclusion\n                            3. F P(a) 2          \n                            4. T (P(a)|P(a)) 1   \n                            5.{ T P(a) 4         \n                            6. @ 3,5}            \n                            7.{ T P(a) 4         \n                            8. @ 3,7}            \n                        </proof>'}, {'role': 'user', 'content': ""Prove '|- Ex (D(x)&K(x))->(Ex D(x)|Ex K(x))', using the analytical tableau method. Final answer using the notation described.""}, {'role': 'assistant', 'content': '<proof>\n                            1. F (Ex (D(x)&K(x)) -> (Ex D(x) | Ex K(x))) conclusion\n                            2. T Ex (D(x)&K(x)) 1 \n                            3. F (Ex D(x) | Ex K(x)) 1\n                            4. T (D(a)&K(a)) 2 \n                            5. T D(a) 4 \n                            6. T K(a) 4 \n                            7. F Ex D(x) 3 \n                            8. F Ex K(x) 3 \n                            9. F D(a) 7 \n                            10. @ 5,9 \n                        </proof>'}, {'role': 'user', 'content': ""Prove 'Ax ~(P(x)&~Q(x)), Ax ~Q(x) |- Ax ~P(x)', using the analytical tableau method. Final answer using the notation described.""}, {'role': 'assistant', 'content': '<proof>\n                        1. T Ax ~(P(x)&~Q(x)) pre \n                        2. T Ax ~Q(x) pre \n                        3. F Ax ~P(x) conclusion \n                        4. F ~P(a) 3         \n                        5. T P(a) 4           \n                        6. T ~(P(a)&~Q(a)) 1  \n                        7. T ~Q(a) 2          \n                        8. F (P(a)&~Q(a)) 6   \n                        9.{ F P(a) 8          \n                        10. @ 5,9}           \n                        11.{ F ~Q(a) 8        \n                        12. @ 7,11} \n                    </proof>'}, {'role': 'user', 'content': ""Prove '|- Ex P(x)->~Ax ~P(x)', using the analytical tableau method. Final answer using the notation described.""}, {'role': 'assistant', 'content': '<proof>\n                        1. T Ex (P(x)&~Q(x)) pre \n                        2. F ~Ax (P(x)->Q(x)) conclusion \n                        3. T (P(a)&~Q(a)) 1 \n                        4. T P(a) 3 \n                        5. T ~Q(a) 3 \n                        6. T Ax (P(x)->Q(x)) 2 \n                        7. T (P(a)->Q(a)) 6 \n                        8.{ F P(a) 7 \n                        9. @ 4,8} \n                        10.{ T Q(a) 7 \n                        11. F Q(a) 5  \n                        12. @ 10,11} \n                    </proof>'}, {'role': 'user', 'content': ""Prove'|- Ax (B(x)->C(x))->(Ax B(x)->Ax C(x))' using the analytical tableau method. Only one final answer, surrounded by <proof>...</proof>, using the notation described.""}]","<proof>
1. F Ax (B(x)->C(x)) -> (Ax B(x) -> Ax C(x)) conclusion
2. T Ax (B(x)->C(x)) 1
3. F Ax B(x) -> Ax C(x) 1
4. T Ax B(x) 3
5. F Ax C(x) 3
6. T (B(a)->C(a)) 2
7. T B(a) 4
8. F C(c) 5
9.{ F B(a) 6
10. @ 7,9}
11.{ T C(a) 6
12. T (B(c)->C(c)) 2
13. T B(c) 4
14.{ F B(c) 12
15. @ 13,14}
16.{ T C(c) 12
17. @ 8,16}
18. @ 11}
</proof>","1. F Ax (B(x)->C(x)) -> (Ax B(x) -> Ax C(x)) conclusion
2. T Ax (B(x)->C(x)) 1
3. F Ax B(x) -> Ax C(x) 1
4. T Ax B(x) 3
5. F Ax C(x) 3
6. T (B(a)->C(a)) 2
7. T B(a) 4
8. F C(c) 5
9.{ F B(a) 6
10. @ 7,9}
11.{ T C(a) 6
12. T (B(c)->C(c)) 2
13. T B(c) 4
14.{ F B(c) 12
15. @ 13,14}
16.{ T C(c) 12
17. @ 8,16}
18. @ 11}","The following errors were found:

One of definitions are not completed. Please, check whether all rules are correctly written.
Recall that a rule of inference starts with a numeber, followed by . (reference line), the truth value of the formula (T or F), has a formula and the justification (premise, conclusion or one of the inference rules with its formula references).Sintax error:
18. @ 11}
        ^
",83.4513189792633,stop,1651,2409
|- ~Ax ~B(x)->Ex B(x),"[{'role': 'system', 'content': ""\nYou are an expert in logic using the semantic Tableaux method. \nYou will receive a first order logic formula and must prove its validity using the semantic tableau method, represent the proof in a Fitch-like notation, following these formatting instructions:\n\n### FORMAT OF PROOF LINES: \nExpanding proof line must be structured like: '<line_number>. <T_or_F> <formula> <origin>'\n- <line_number>: sequential integer, always ending with a dot ('1.', '2.', '3.', ...)\n- <T_or_F> → T for true formulas, F for false formulas. \n- <formula>: the formula derived on that line\n- <origin> is exactly one of:\n    pre (for premises)\n    conclusion (for the conclusion)\n    a comma-separated list of line numbers indicating the formula(s) used to derive the current line (e.g. '1', '3', '1,3')\n\n### BRANCHING FORMAT \nUse curly braces { and } to open and close branches. \n{ must appear immediately after the line number that opens a branch (e.g. '8.{ F A|B 3') \n} must appear at the end of the line that closes that branch (e.g. '12. @ 5,7}'). Exception: the main (initial) branch does not require a closing }, since it is not opened by {.\nBranches may be nested. But a formula may only be used at a given point if it appeared earlier in the same branch or an outer (enclosing) branch to the current branch. Formulas from closed branches or sibling branches must not be used.\n\n### SYMBOLS \nUse the following symbols for logical operations: \n & = conjunction (and), \n | = disjunction (or), \n ~ = negation (not), \n -> = implication (implies).\n\nQuantifiers symbols:  \n    Ax represents ∀x  \n    Ex represents ∃x\nSo formulas with ∀x and ∃x will be represented by Ax and Ex (A and E followed by the variable x). For example, Ax (H(x)->M(x)) represents ∀x (H(x)→M(x)).\n\n###CONVENTIONS\nAtoms: only uppercase letters not immediately followed by parentesis (e.g. P, Q, R).\nPredicates: uppercase letters immediately followed by parentesis (e.g. H(x), M(y), Q(a,b) ). All predicates must use parentheses.\nVariables: first letter in lowercase, can be followed by letters and numbers (e.g., x, x0, xP0).\n\nWrite only the final proof in <proof>...</proof> tags. Only use <proof>...</proof> tags ONCE. Omit names of the rules. Only use these symbols inside the proof '&' , '->', '~', '|', '@', '(', ')', '{', '}', 'Ax', 'Ex'.\nDo not include explanations, commentary, or extra text inside and outside the <proof>...</proof> tags.\n""}, {'role': 'user', 'content': ""Prove 'Ex P(x), Ax (P(x)->Q(x)) |- Ex Q(x)', using the analytical tableau method. Final answer using the notation described. ""}, {'role': 'assistant', 'content': ' <proof>\n                        1. T Ex P(x) pre\n                        2. T Ax (P(x)->Q(x)) pre\n                        3. F Ex Q(x) conclusion\n                        4. T P(a) 1 \n                        5. T (P(a)->Q(a)) 2 \n                        6. F Q(a) 3 \n                        7.{ F P(a) 5 \n                        8. @ 4,7}    \n                        9.{ T Q(a) 5 \n                        10. @ 6,9}   \n                    </proof>'}, {'role': 'user', 'content': ""Prove 'Ax (P(x)|P(x)) |- Ax P(x)', using the analytical tableau method. Final answer using the notation described.""}, {'role': 'assistant', 'content': ' <proof>\n                            1. T Ax (P(x)|P(x)) pre \n                            2. F Ax P(x) conclusion\n                            3. F P(a) 2          \n                            4. T (P(a)|P(a)) 1   \n                            5.{ T P(a) 4         \n                            6. @ 3,5}            \n                            7.{ T P(a) 4         \n                            8. @ 3,7}            \n                        </proof>'}, {'role': 'user', 'content': ""Prove '|- Ex (D(x)&K(x))->(Ex D(x)|Ex K(x))', using the analytical tableau method. Final answer using the notation described.""}, {'role': 'assistant', 'content': '<proof>\n                            1. F (Ex (D(x)&K(x)) -> (Ex D(x) | Ex K(x))) conclusion\n                            2. T Ex (D(x)&K(x)) 1 \n                            3. F (Ex D(x) | Ex K(x)) 1\n                            4. T (D(a)&K(a)) 2 \n                            5. T D(a) 4 \n                            6. T K(a) 4 \n                            7. F Ex D(x) 3 \n                            8. F Ex K(x) 3 \n                            9. F D(a) 7 \n                            10. @ 5,9 \n                        </proof>'}, {'role': 'user', 'content': ""Prove 'Ax ~(P(x)&~Q(x)), Ax ~Q(x) |- Ax ~P(x)', using the analytical tableau method. Final answer using the notation described.""}, {'role': 'assistant', 'content': '<proof>\n                        1. T Ax ~(P(x)&~Q(x)) pre \n                        2. T Ax ~Q(x) pre \n                        3. F Ax ~P(x) conclusion \n                        4. F ~P(a) 3         \n                        5. T P(a) 4           \n                        6. T ~(P(a)&~Q(a)) 1  \n                        7. T ~Q(a) 2          \n                        8. F (P(a)&~Q(a)) 6   \n                        9.{ F P(a) 8          \n                        10. @ 5,9}           \n                        11.{ F ~Q(a) 8        \n                        12. @ 7,11} \n                    </proof>'}, {'role': 'user', 'content': ""Prove '|- Ex P(x)->~Ax ~P(x)', using the analytical tableau method. Final answer using the notation described.""}, {'role': 'assistant', 'content': '<proof>\n                        1. T Ex (P(x)&~Q(x)) pre \n                        2. F ~Ax (P(x)->Q(x)) conclusion \n                        3. T (P(a)&~Q(a)) 1 \n                        4. T P(a) 3 \n                        5. T ~Q(a) 3 \n                        6. T Ax (P(x)->Q(x)) 2 \n                        7. T (P(a)->Q(a)) 6 \n                        8.{ F P(a) 7 \n                        9. @ 4,8} \n                        10.{ T Q(a) 7 \n                        11. F Q(a) 5  \n                        12. @ 10,11} \n                    </proof>'}, {'role': 'user', 'content': ""Prove'|- ~Ax ~B(x)->Ex B(x)' using the analytical tableau method. Only one final answer, surrounded by <proof>...</proof>, using the notation described.""}]","<proof>
1. F ~Ax~B(x)->Ex B(x) conclusion
2. T ~Ax~B(x) 1
3. F Ex B(x) 1
4. F Ax ~B(x) 2
5. T ~B(a) 4
6. T Ax ~B(x) 3
7. @ 4,6
</proof>","1. F ~Ax~B(x)->Ex B(x) conclusion
2. T ~Ax~B(x) 1
3. F Ex B(x) 1
4. F Ax ~B(x) 2
5. T ~B(a) 4
6. T Ax ~B(x) 3
7. @ 4,6","The following errors were found:

Error in line 5:
5. T ~B(a) 4
   ^, The truth value should be F for this rule.
Error in line 6:
6. T Ax ~B(x) 3
   ^, The truth value should be F for this rule.
Error in line 5:
5. T ~B(a) 4
           ^, Formula referenced in line 4 is not a universal formula with truth-value T.
Error in line 6:
6. T Ax ~B(x) 3
     ^, Formula referenced in line 3 is not a existential formula with truth-value T.
Error in line 6:
6. T Ax ~B(x) 3
     ^, Formula Ax ~B(x) is not a valid substitutuion for the existential formula referenced in the line 3.",35.332119941711426,stop,1643,1013
|- Ex (B(x)->C)->(Ax B(x)->C),"[{'role': 'system', 'content': ""\nYou are an expert in logic using the semantic Tableaux method. \nYou will receive a first order logic formula and must prove its validity using the semantic tableau method, represent the proof in a Fitch-like notation, following these formatting instructions:\n\n### FORMAT OF PROOF LINES: \nExpanding proof line must be structured like: '<line_number>. <T_or_F> <formula> <origin>'\n- <line_number>: sequential integer, always ending with a dot ('1.', '2.', '3.', ...)\n- <T_or_F> → T for true formulas, F for false formulas. \n- <formula>: the formula derived on that line\n- <origin> is exactly one of:\n    pre (for premises)\n    conclusion (for the conclusion)\n    a comma-separated list of line numbers indicating the formula(s) used to derive the current line (e.g. '1', '3', '1,3')\n\n### BRANCHING FORMAT \nUse curly braces { and } to open and close branches. \n{ must appear immediately after the line number that opens a branch (e.g. '8.{ F A|B 3') \n} must appear at the end of the line that closes that branch (e.g. '12. @ 5,7}'). Exception: the main (initial) branch does not require a closing }, since it is not opened by {.\nBranches may be nested. But a formula may only be used at a given point if it appeared earlier in the same branch or an outer (enclosing) branch to the current branch. Formulas from closed branches or sibling branches must not be used.\n\n### SYMBOLS \nUse the following symbols for logical operations: \n & = conjunction (and), \n | = disjunction (or), \n ~ = negation (not), \n -> = implication (implies).\n\nQuantifiers symbols:  \n    Ax represents ∀x  \n    Ex represents ∃x\nSo formulas with ∀x and ∃x will be represented by Ax and Ex (A and E followed by the variable x). For example, Ax (H(x)->M(x)) represents ∀x (H(x)→M(x)).\n\n###CONVENTIONS\nAtoms: only uppercase letters not immediately followed by parentesis (e.g. P, Q, R).\nPredicates: uppercase letters immediately followed by parentesis (e.g. H(x), M(y), Q(a,b) ). All predicates must use parentheses.\nVariables: first letter in lowercase, can be followed by letters and numbers (e.g., x, x0, xP0).\n\nWrite only the final proof in <proof>...</proof> tags. Only use <proof>...</proof> tags ONCE. Omit names of the rules. Only use these symbols inside the proof '&' , '->', '~', '|', '@', '(', ')', '{', '}', 'Ax', 'Ex'.\nDo not include explanations, commentary, or extra text inside and outside the <proof>...</proof> tags.\n""}, {'role': 'user', 'content': ""Prove 'Ex P(x), Ax (P(x)->Q(x)) |- Ex Q(x)', using the analytical tableau method. Final answer using the notation described. ""}, {'role': 'assistant', 'content': ' <proof>\n                        1. T Ex P(x) pre\n                        2. T Ax (P(x)->Q(x)) pre\n                        3. F Ex Q(x) conclusion\n                        4. T P(a) 1 \n                        5. T (P(a)->Q(a)) 2 \n                        6. F Q(a) 3 \n                        7.{ F P(a) 5 \n                        8. @ 4,7}    \n                        9.{ T Q(a) 5 \n                        10. @ 6,9}   \n                    </proof>'}, {'role': 'user', 'content': ""Prove 'Ax (P(x)|P(x)) |- Ax P(x)', using the analytical tableau method. Final answer using the notation described.""}, {'role': 'assistant', 'content': ' <proof>\n                            1. T Ax (P(x)|P(x)) pre \n                            2. F Ax P(x) conclusion\n                            3. F P(a) 2          \n                            4. T (P(a)|P(a)) 1   \n                            5.{ T P(a) 4         \n                            6. @ 3,5}            \n                            7.{ T P(a) 4         \n                            8. @ 3,7}            \n                        </proof>'}, {'role': 'user', 'content': ""Prove '|- Ex (D(x)&K(x))->(Ex D(x)|Ex K(x))', using the analytical tableau method. Final answer using the notation described.""}, {'role': 'assistant', 'content': '<proof>\n                            1. F (Ex (D(x)&K(x)) -> (Ex D(x) | Ex K(x))) conclusion\n                            2. T Ex (D(x)&K(x)) 1 \n                            3. F (Ex D(x) | Ex K(x)) 1\n                            4. T (D(a)&K(a)) 2 \n                            5. T D(a) 4 \n                            6. T K(a) 4 \n                            7. F Ex D(x) 3 \n                            8. F Ex K(x) 3 \n                            9. F D(a) 7 \n                            10. @ 5,9 \n                        </proof>'}, {'role': 'user', 'content': ""Prove 'Ax ~(P(x)&~Q(x)), Ax ~Q(x) |- Ax ~P(x)', using the analytical tableau method. Final answer using the notation described.""}, {'role': 'assistant', 'content': '<proof>\n                        1. T Ax ~(P(x)&~Q(x)) pre \n                        2. T Ax ~Q(x) pre \n                        3. F Ax ~P(x) conclusion \n                        4. F ~P(a) 3         \n                        5. T P(a) 4           \n                        6. T ~(P(a)&~Q(a)) 1  \n                        7. T ~Q(a) 2          \n                        8. F (P(a)&~Q(a)) 6   \n                        9.{ F P(a) 8          \n                        10. @ 5,9}           \n                        11.{ F ~Q(a) 8        \n                        12. @ 7,11} \n                    </proof>'}, {'role': 'user', 'content': ""Prove '|- Ex P(x)->~Ax ~P(x)', using the analytical tableau method. Final answer using the notation described.""}, {'role': 'assistant', 'content': '<proof>\n                        1. T Ex (P(x)&~Q(x)) pre \n                        2. F ~Ax (P(x)->Q(x)) conclusion \n                        3. T (P(a)&~Q(a)) 1 \n                        4. T P(a) 3 \n                        5. T ~Q(a) 3 \n                        6. T Ax (P(x)->Q(x)) 2 \n                        7. T (P(a)->Q(a)) 6 \n                        8.{ F P(a) 7 \n                        9. @ 4,8} \n                        10.{ T Q(a) 7 \n                        11. F Q(a) 5  \n                        12. @ 10,11} \n                    </proof>'}, {'role': 'user', 'content': ""Prove'|- Ex (B(x)->C)->(Ax B(x)->C)' using the analytical tableau method. Only one final answer, surrounded by <proof>...</proof>, using the notation described.""}]","<proof>
1. F Ex (B(x)->C) -> (Ax B(x)->C) conclusion
2. T Ex (B(x)->C) 1
3. F (Ax B(x)->C) 1
4. T Ax B(x) 3
5. F C 3
6. T (B(a)->C) 2
7. T B(a) 4
8.{ F B(a) 6
9. @ 7,8}
10.{ T C 6
11. @ 5,10}
</proof>","1. F Ex (B(x)->C) -> (Ax B(x)->C) conclusion
2. T Ex (B(x)->C) 1
3. F (Ax B(x)->C) 1
4. T Ax B(x) 3
5. F C 3
6. T (B(a)->C) 2
7. T B(a) 4
8.{ F B(a) 6
9. @ 7,8}
10.{ T C 6
11. @ 5,10}",The proof is valid.,29.302117824554443,stop,1647,847
"Ax ~(B(x)&~C(x)), Ax ~C(x) |- Ax ~B(x)","[{'role': 'system', 'content': ""\nYou are an expert in logic using the semantic Tableaux method. \nYou will receive a first order logic formula and must prove its validity using the semantic tableau method, represent the proof in a Fitch-like notation, following these formatting instructions:\n\n### FORMAT OF PROOF LINES: \nExpanding proof line must be structured like: '<line_number>. <T_or_F> <formula> <origin>'\n- <line_number>: sequential integer, always ending with a dot ('1.', '2.', '3.', ...)\n- <T_or_F> → T for true formulas, F for false formulas. \n- <formula>: the formula derived on that line\n- <origin> is exactly one of:\n    pre (for premises)\n    conclusion (for the conclusion)\n    a comma-separated list of line numbers indicating the formula(s) used to derive the current line (e.g. '1', '3', '1,3')\n\n### BRANCHING FORMAT \nUse curly braces { and } to open and close branches. \n{ must appear immediately after the line number that opens a branch (e.g. '8.{ F A|B 3') \n} must appear at the end of the line that closes that branch (e.g. '12. @ 5,7}'). Exception: the main (initial) branch does not require a closing }, since it is not opened by {.\nBranches may be nested. But a formula may only be used at a given point if it appeared earlier in the same branch or an outer (enclosing) branch to the current branch. Formulas from closed branches or sibling branches must not be used.\n\n### SYMBOLS \nUse the following symbols for logical operations: \n & = conjunction (and), \n | = disjunction (or), \n ~ = negation (not), \n -> = implication (implies).\n\nQuantifiers symbols:  \n    Ax represents ∀x  \n    Ex represents ∃x\nSo formulas with ∀x and ∃x will be represented by Ax and Ex (A and E followed by the variable x). For example, Ax (H(x)->M(x)) represents ∀x (H(x)→M(x)).\n\n###CONVENTIONS\nAtoms: only uppercase letters not immediately followed by parentesis (e.g. P, Q, R).\nPredicates: uppercase letters immediately followed by parentesis (e.g. H(x), M(y), Q(a,b) ). All predicates must use parentheses.\nVariables: first letter in lowercase, can be followed by letters and numbers (e.g., x, x0, xP0).\n\nWrite only the final proof in <proof>...</proof> tags. Only use <proof>...</proof> tags ONCE. Omit names of the rules. Only use these symbols inside the proof '&' , '->', '~', '|', '@', '(', ')', '{', '}', 'Ax', 'Ex'.\nDo not include explanations, commentary, or extra text inside and outside the <proof>...</proof> tags.\n""}, {'role': 'user', 'content': ""Prove 'Ex P(x), Ax (P(x)->Q(x)) |- Ex Q(x)', using the analytical tableau method. Final answer using the notation described. ""}, {'role': 'assistant', 'content': ' <proof>\n                        1. T Ex P(x) pre\n                        2. T Ax (P(x)->Q(x)) pre\n                        3. F Ex Q(x) conclusion\n                        4. T P(a) 1 \n                        5. T (P(a)->Q(a)) 2 \n                        6. F Q(a) 3 \n                        7.{ F P(a) 5 \n                        8. @ 4,7}    \n                        9.{ T Q(a) 5 \n                        10. @ 6,9}   \n                    </proof>'}, {'role': 'user', 'content': ""Prove 'Ax (P(x)|P(x)) |- Ax P(x)', using the analytical tableau method. Final answer using the notation described.""}, {'role': 'assistant', 'content': ' <proof>\n                            1. T Ax (P(x)|P(x)) pre \n                            2. F Ax P(x) conclusion\n                            3. F P(a) 2          \n                            4. T (P(a)|P(a)) 1   \n                            5.{ T P(a) 4         \n                            6. @ 3,5}            \n                            7.{ T P(a) 4         \n                            8. @ 3,7}            \n                        </proof>'}, {'role': 'user', 'content': ""Prove '|- Ex (D(x)&K(x))->(Ex D(x)|Ex K(x))', using the analytical tableau method. Final answer using the notation described.""}, {'role': 'assistant', 'content': '<proof>\n                            1. F (Ex (D(x)&K(x)) -> (Ex D(x) | Ex K(x))) conclusion\n                            2. T Ex (D(x)&K(x)) 1 \n                            3. F (Ex D(x) | Ex K(x)) 1\n                            4. T (D(a)&K(a)) 2 \n                            5. T D(a) 4 \n                            6. T K(a) 4 \n                            7. F Ex D(x) 3 \n                            8. F Ex K(x) 3 \n                            9. F D(a) 7 \n                            10. @ 5,9 \n                        </proof>'}, {'role': 'user', 'content': ""Prove 'Ax ~(P(x)&~Q(x)), Ax ~Q(x) |- Ax ~P(x)', using the analytical tableau method. Final answer using the notation described.""}, {'role': 'assistant', 'content': '<proof>\n                        1. T Ax ~(P(x)&~Q(x)) pre \n                        2. T Ax ~Q(x) pre \n                        3. F Ax ~P(x) conclusion \n                        4. F ~P(a) 3         \n                        5. T P(a) 4           \n                        6. T ~(P(a)&~Q(a)) 1  \n                        7. T ~Q(a) 2          \n                        8. F (P(a)&~Q(a)) 6   \n                        9.{ F P(a) 8          \n                        10. @ 5,9}           \n                        11.{ F ~Q(a) 8        \n                        12. @ 7,11} \n                    </proof>'}, {'role': 'user', 'content': ""Prove '|- Ex P(x)->~Ax ~P(x)', using the analytical tableau method. Final answer using the notation described.""}, {'role': 'assistant', 'content': '<proof>\n                        1. T Ex (P(x)&~Q(x)) pre \n                        2. F ~Ax (P(x)->Q(x)) conclusion \n                        3. T (P(a)&~Q(a)) 1 \n                        4. T P(a) 3 \n                        5. T ~Q(a) 3 \n                        6. T Ax (P(x)->Q(x)) 2 \n                        7. T (P(a)->Q(a)) 6 \n                        8.{ F P(a) 7 \n                        9. @ 4,8} \n                        10.{ T Q(a) 7 \n                        11. F Q(a) 5  \n                        12. @ 10,11} \n                    </proof>'}, {'role': 'user', 'content': ""Prove'Ax ~(B(x)&~C(x)), Ax ~C(x) |- Ax ~B(x)' using the analytical tableau method. Only one final answer, surrounded by <proof>...</proof>, using the notation described.""}]","<proof>
1. T Ax ~(B(x)&~C(x)) pre
2. T Ax ~C(x) pre
3. F Ax ~B(x) conclusion
4. F ~B(a) 3
5. T B(a) 4
6. T ~(B(a)&~C(a)) 1
7. T ~C(a) 2
8. F (B(a)&~C(a)) 6
9. T (B(a)&~C(a)) 5,7
10. @ 8,9
</proof>","1. T Ax ~(B(x)&~C(x)) pre
2. T Ax ~C(x) pre
3. F Ax ~B(x) conclusion
4. F ~B(a) 3
5. T B(a) 4
6. T ~(B(a)&~C(a)) 1
7. T ~C(a) 2
8. F (B(a)&~C(a)) 6
9. T (B(a)&~C(a)) 5,7
10. @ 8,9","The following errors were found:

One of definitions are not completed. Please, check whether all rules are correctly written.
Recall that a rule of inference starts with a numeber, followed by . (reference line), the truth value of the formula (T or F), has a formula and the justification (premise, conclusion or one of the inference rules with its formula references).Sintax error:
9. T (B(a)&~C(a)) 5,7
                   ^
",42.18720459938049,stop,1652,1220
"Ax (B(x)->C(x)), Ax ~C(x) |- Ax ~B(x)","[{'role': 'system', 'content': ""\nYou are an expert in logic using the semantic Tableaux method. \nYou will receive a first order logic formula and must prove its validity using the semantic tableau method, represent the proof in a Fitch-like notation, following these formatting instructions:\n\n### FORMAT OF PROOF LINES: \nExpanding proof line must be structured like: '<line_number>. <T_or_F> <formula> <origin>'\n- <line_number>: sequential integer, always ending with a dot ('1.', '2.', '3.', ...)\n- <T_or_F> → T for true formulas, F for false formulas. \n- <formula>: the formula derived on that line\n- <origin> is exactly one of:\n    pre (for premises)\n    conclusion (for the conclusion)\n    a comma-separated list of line numbers indicating the formula(s) used to derive the current line (e.g. '1', '3', '1,3')\n\n### BRANCHING FORMAT \nUse curly braces { and } to open and close branches. \n{ must appear immediately after the line number that opens a branch (e.g. '8.{ F A|B 3') \n} must appear at the end of the line that closes that branch (e.g. '12. @ 5,7}'). Exception: the main (initial) branch does not require a closing }, since it is not opened by {.\nBranches may be nested. But a formula may only be used at a given point if it appeared earlier in the same branch or an outer (enclosing) branch to the current branch. Formulas from closed branches or sibling branches must not be used.\n\n### SYMBOLS \nUse the following symbols for logical operations: \n & = conjunction (and), \n | = disjunction (or), \n ~ = negation (not), \n -> = implication (implies).\n\nQuantifiers symbols:  \n    Ax represents ∀x  \n    Ex represents ∃x\nSo formulas with ∀x and ∃x will be represented by Ax and Ex (A and E followed by the variable x). For example, Ax (H(x)->M(x)) represents ∀x (H(x)→M(x)).\n\n###CONVENTIONS\nAtoms: only uppercase letters not immediately followed by parentesis (e.g. P, Q, R).\nPredicates: uppercase letters immediately followed by parentesis (e.g. H(x), M(y), Q(a,b) ). All predicates must use parentheses.\nVariables: first letter in lowercase, can be followed by letters and numbers (e.g., x, x0, xP0).\n\nWrite only the final proof in <proof>...</proof> tags. Only use <proof>...</proof> tags ONCE. Omit names of the rules. Only use these symbols inside the proof '&' , '->', '~', '|', '@', '(', ')', '{', '}', 'Ax', 'Ex'.\nDo not include explanations, commentary, or extra text inside and outside the <proof>...</proof> tags.\n""}, {'role': 'user', 'content': ""Prove 'Ex P(x), Ax (P(x)->Q(x)) |- Ex Q(x)', using the analytical tableau method. Final answer using the notation described. ""}, {'role': 'assistant', 'content': ' <proof>\n                        1. T Ex P(x) pre\n                        2. T Ax (P(x)->Q(x)) pre\n                        3. F Ex Q(x) conclusion\n                        4. T P(a) 1 \n                        5. T (P(a)->Q(a)) 2 \n                        6. F Q(a) 3 \n                        7.{ F P(a) 5 \n                        8. @ 4,7}    \n                        9.{ T Q(a) 5 \n                        10. @ 6,9}   \n                    </proof>'}, {'role': 'user', 'content': ""Prove 'Ax (P(x)|P(x)) |- Ax P(x)', using the analytical tableau method. Final answer using the notation described.""}, {'role': 'assistant', 'content': ' <proof>\n                            1. T Ax (P(x)|P(x)) pre \n                            2. F Ax P(x) conclusion\n                            3. F P(a) 2          \n                            4. T (P(a)|P(a)) 1   \n                            5.{ T P(a) 4         \n                            6. @ 3,5}            \n                            7.{ T P(a) 4         \n                            8. @ 3,7}            \n                        </proof>'}, {'role': 'user', 'content': ""Prove '|- Ex (D(x)&K(x))->(Ex D(x)|Ex K(x))', using the analytical tableau method. Final answer using the notation described.""}, {'role': 'assistant', 'content': '<proof>\n                            1. F (Ex (D(x)&K(x)) -> (Ex D(x) | Ex K(x))) conclusion\n                            2. T Ex (D(x)&K(x)) 1 \n                            3. F (Ex D(x) | Ex K(x)) 1\n                            4. T (D(a)&K(a)) 2 \n                            5. T D(a) 4 \n                            6. T K(a) 4 \n                            7. F Ex D(x) 3 \n                            8. F Ex K(x) 3 \n                            9. F D(a) 7 \n                            10. @ 5,9 \n                        </proof>'}, {'role': 'user', 'content': ""Prove 'Ax ~(P(x)&~Q(x)), Ax ~Q(x) |- Ax ~P(x)', using the analytical tableau method. Final answer using the notation described.""}, {'role': 'assistant', 'content': '<proof>\n                        1. T Ax ~(P(x)&~Q(x)) pre \n                        2. T Ax ~Q(x) pre \n                        3. F Ax ~P(x) conclusion \n                        4. F ~P(a) 3         \n                        5. T P(a) 4           \n                        6. T ~(P(a)&~Q(a)) 1  \n                        7. T ~Q(a) 2          \n                        8. F (P(a)&~Q(a)) 6   \n                        9.{ F P(a) 8          \n                        10. @ 5,9}           \n                        11.{ F ~Q(a) 8        \n                        12. @ 7,11} \n                    </proof>'}, {'role': 'user', 'content': ""Prove '|- Ex P(x)->~Ax ~P(x)', using the analytical tableau method. Final answer using the notation described.""}, {'role': 'assistant', 'content': '<proof>\n                        1. T Ex (P(x)&~Q(x)) pre \n                        2. F ~Ax (P(x)->Q(x)) conclusion \n                        3. T (P(a)&~Q(a)) 1 \n                        4. T P(a) 3 \n                        5. T ~Q(a) 3 \n                        6. T Ax (P(x)->Q(x)) 2 \n                        7. T (P(a)->Q(a)) 6 \n                        8.{ F P(a) 7 \n                        9. @ 4,8} \n                        10.{ T Q(a) 7 \n                        11. F Q(a) 5  \n                        12. @ 10,11} \n                    </proof>'}, {'role': 'user', 'content': ""Prove'Ax (B(x)->C(x)), Ax ~C(x) |- Ax ~B(x)' using the analytical tableau method. Only one final answer, surrounded by <proof>...</proof>, using the notation described.""}]","<proof>
1. T Ax (B(x)->C(x)) pre
2. T Ax ~C(x) pre
3. F Ax ~B(x) conclusion
4. F ~B(a) 3
5. T B(a) 4
6. T (B(a)->C(a)) 1
7. T ~C(a) 2
8.{ F B(a) 6
9. @ 5,8}
10.{ T C(a) 6
11. @ 7,10}
</proof>","1. T Ax (B(x)->C(x)) pre
2. T Ax ~C(x) pre
3. F Ax ~B(x) conclusion
4. F ~B(a) 3
5. T B(a) 4
6. T (B(a)->C(a)) 1
7. T ~C(a) 2
8.{ F B(a) 6
9. @ 5,8}
10.{ T C(a) 6
11. @ 7,10}","The following errors were found:

Error in line 11:
11. @ 7,10}
      ^, None of the formulas referenced by the lines contradict the other formula.",59.71082448959351,stop,1651,1732
|- Ax B(x)->~Ex ~B(x),"[{'role': 'system', 'content': ""\nYou are an expert in logic using the semantic Tableaux method. \nYou will receive a first order logic formula and must prove its validity using the semantic tableau method, represent the proof in a Fitch-like notation, following these formatting instructions:\n\n### FORMAT OF PROOF LINES: \nExpanding proof line must be structured like: '<line_number>. <T_or_F> <formula> <origin>'\n- <line_number>: sequential integer, always ending with a dot ('1.', '2.', '3.', ...)\n- <T_or_F> → T for true formulas, F for false formulas. \n- <formula>: the formula derived on that line\n- <origin> is exactly one of:\n    pre (for premises)\n    conclusion (for the conclusion)\n    a comma-separated list of line numbers indicating the formula(s) used to derive the current line (e.g. '1', '3', '1,3')\n\n### BRANCHING FORMAT \nUse curly braces { and } to open and close branches. \n{ must appear immediately after the line number that opens a branch (e.g. '8.{ F A|B 3') \n} must appear at the end of the line that closes that branch (e.g. '12. @ 5,7}'). Exception: the main (initial) branch does not require a closing }, since it is not opened by {.\nBranches may be nested. But a formula may only be used at a given point if it appeared earlier in the same branch or an outer (enclosing) branch to the current branch. Formulas from closed branches or sibling branches must not be used.\n\n### SYMBOLS \nUse the following symbols for logical operations: \n & = conjunction (and), \n | = disjunction (or), \n ~ = negation (not), \n -> = implication (implies).\n\nQuantifiers symbols:  \n    Ax represents ∀x  \n    Ex represents ∃x\nSo formulas with ∀x and ∃x will be represented by Ax and Ex (A and E followed by the variable x). For example, Ax (H(x)->M(x)) represents ∀x (H(x)→M(x)).\n\n###CONVENTIONS\nAtoms: only uppercase letters not immediately followed by parentesis (e.g. P, Q, R).\nPredicates: uppercase letters immediately followed by parentesis (e.g. H(x), M(y), Q(a,b) ). All predicates must use parentheses.\nVariables: first letter in lowercase, can be followed by letters and numbers (e.g., x, x0, xP0).\n\nWrite only the final proof in <proof>...</proof> tags. Only use <proof>...</proof> tags ONCE. Omit names of the rules. Only use these symbols inside the proof '&' , '->', '~', '|', '@', '(', ')', '{', '}', 'Ax', 'Ex'.\nDo not include explanations, commentary, or extra text inside and outside the <proof>...</proof> tags.\n""}, {'role': 'user', 'content': ""Prove 'Ex P(x), Ax (P(x)->Q(x)) |- Ex Q(x)', using the analytical tableau method. Final answer using the notation described. ""}, {'role': 'assistant', 'content': ' <proof>\n                        1. T Ex P(x) pre\n                        2. T Ax (P(x)->Q(x)) pre\n                        3. F Ex Q(x) conclusion\n                        4. T P(a) 1 \n                        5. T (P(a)->Q(a)) 2 \n                        6. F Q(a) 3 \n                        7.{ F P(a) 5 \n                        8. @ 4,7}    \n                        9.{ T Q(a) 5 \n                        10. @ 6,9}   \n                    </proof>'}, {'role': 'user', 'content': ""Prove 'Ax (P(x)|P(x)) |- Ax P(x)', using the analytical tableau method. Final answer using the notation described.""}, {'role': 'assistant', 'content': ' <proof>\n                            1. T Ax (P(x)|P(x)) pre \n                            2. F Ax P(x) conclusion\n                            3. F P(a) 2          \n                            4. T (P(a)|P(a)) 1   \n                            5.{ T P(a) 4         \n                            6. @ 3,5}            \n                            7.{ T P(a) 4         \n                            8. @ 3,7}            \n                        </proof>'}, {'role': 'user', 'content': ""Prove '|- Ex (D(x)&K(x))->(Ex D(x)|Ex K(x))', using the analytical tableau method. Final answer using the notation described.""}, {'role': 'assistant', 'content': '<proof>\n                            1. F (Ex (D(x)&K(x)) -> (Ex D(x) | Ex K(x))) conclusion\n                            2. T Ex (D(x)&K(x)) 1 \n                            3. F (Ex D(x) | Ex K(x)) 1\n                            4. T (D(a)&K(a)) 2 \n                            5. T D(a) 4 \n                            6. T K(a) 4 \n                            7. F Ex D(x) 3 \n                            8. F Ex K(x) 3 \n                            9. F D(a) 7 \n                            10. @ 5,9 \n                        </proof>'}, {'role': 'user', 'content': ""Prove 'Ax ~(P(x)&~Q(x)), Ax ~Q(x) |- Ax ~P(x)', using the analytical tableau method. Final answer using the notation described.""}, {'role': 'assistant', 'content': '<proof>\n                        1. T Ax ~(P(x)&~Q(x)) pre \n                        2. T Ax ~Q(x) pre \n                        3. F Ax ~P(x) conclusion \n                        4. F ~P(a) 3         \n                        5. T P(a) 4           \n                        6. T ~(P(a)&~Q(a)) 1  \n                        7. T ~Q(a) 2          \n                        8. F (P(a)&~Q(a)) 6   \n                        9.{ F P(a) 8          \n                        10. @ 5,9}           \n                        11.{ F ~Q(a) 8        \n                        12. @ 7,11} \n                    </proof>'}, {'role': 'user', 'content': ""Prove '|- Ex P(x)->~Ax ~P(x)', using the analytical tableau method. Final answer using the notation described.""}, {'role': 'assistant', 'content': '<proof>\n                        1. T Ex (P(x)&~Q(x)) pre \n                        2. F ~Ax (P(x)->Q(x)) conclusion \n                        3. T (P(a)&~Q(a)) 1 \n                        4. T P(a) 3 \n                        5. T ~Q(a) 3 \n                        6. T Ax (P(x)->Q(x)) 2 \n                        7. T (P(a)->Q(a)) 6 \n                        8.{ F P(a) 7 \n                        9. @ 4,8} \n                        10.{ T Q(a) 7 \n                        11. F Q(a) 5  \n                        12. @ 10,11} \n                    </proof>'}, {'role': 'user', 'content': ""Prove'|- Ax B(x)->~Ex ~B(x)' using the analytical tableau method. Only one final answer, surrounded by <proof>...</proof>, using the notation described.""}]","<proof>
1. F Ax B(x)->~Ex ~B(x) conclusion
2. T Ax B(x) 1
3. F ~Ex ~B(x) 1
4. T Ex ~B(x) 3
5. T B(a) 2
6. T ~B(c) 4
7. T B(c) 2
8. @ 6,7
</proof>","1. F Ax B(x)->~Ex ~B(x) conclusion
2. T Ax B(x) 1
3. F ~Ex ~B(x) 1
4. T Ex ~B(x) 3
5. T B(a) 2
6. T ~B(c) 4
7. T B(c) 2
8. @ 6,7","The following errors were found:

Error in line 8:
8. @ 6,7
     ^, None of the formulas referenced by the lines contradict the other formula.",37.26442980766296,stop,1643,1080
|- ~Ex ~B(x)->Ax B(x),"[{'role': 'system', 'content': ""\nYou are an expert in logic using the semantic Tableaux method. \nYou will receive a first order logic formula and must prove its validity using the semantic tableau method, represent the proof in a Fitch-like notation, following these formatting instructions:\n\n### FORMAT OF PROOF LINES: \nExpanding proof line must be structured like: '<line_number>. <T_or_F> <formula> <origin>'\n- <line_number>: sequential integer, always ending with a dot ('1.', '2.', '3.', ...)\n- <T_or_F> → T for true formulas, F for false formulas. \n- <formula>: the formula derived on that line\n- <origin> is exactly one of:\n    pre (for premises)\n    conclusion (for the conclusion)\n    a comma-separated list of line numbers indicating the formula(s) used to derive the current line (e.g. '1', '3', '1,3')\n\n### BRANCHING FORMAT \nUse curly braces { and } to open and close branches. \n{ must appear immediately after the line number that opens a branch (e.g. '8.{ F A|B 3') \n} must appear at the end of the line that closes that branch (e.g. '12. @ 5,7}'). Exception: the main (initial) branch does not require a closing }, since it is not opened by {.\nBranches may be nested. But a formula may only be used at a given point if it appeared earlier in the same branch or an outer (enclosing) branch to the current branch. Formulas from closed branches or sibling branches must not be used.\n\n### SYMBOLS \nUse the following symbols for logical operations: \n & = conjunction (and), \n | = disjunction (or), \n ~ = negation (not), \n -> = implication (implies).\n\nQuantifiers symbols:  \n    Ax represents ∀x  \n    Ex represents ∃x\nSo formulas with ∀x and ∃x will be represented by Ax and Ex (A and E followed by the variable x). For example, Ax (H(x)->M(x)) represents ∀x (H(x)→M(x)).\n\n###CONVENTIONS\nAtoms: only uppercase letters not immediately followed by parentesis (e.g. P, Q, R).\nPredicates: uppercase letters immediately followed by parentesis (e.g. H(x), M(y), Q(a,b) ). All predicates must use parentheses.\nVariables: first letter in lowercase, can be followed by letters and numbers (e.g., x, x0, xP0).\n\nWrite only the final proof in <proof>...</proof> tags. Only use <proof>...</proof> tags ONCE. Omit names of the rules. Only use these symbols inside the proof '&' , '->', '~', '|', '@', '(', ')', '{', '}', 'Ax', 'Ex'.\nDo not include explanations, commentary, or extra text inside and outside the <proof>...</proof> tags.\n""}, {'role': 'user', 'content': ""Prove 'Ex P(x), Ax (P(x)->Q(x)) |- Ex Q(x)', using the analytical tableau method. Final answer using the notation described. ""}, {'role': 'assistant', 'content': ' <proof>\n                        1. T Ex P(x) pre\n                        2. T Ax (P(x)->Q(x)) pre\n                        3. F Ex Q(x) conclusion\n                        4. T P(a) 1 \n                        5. T (P(a)->Q(a)) 2 \n                        6. F Q(a) 3 \n                        7.{ F P(a) 5 \n                        8. @ 4,7}    \n                        9.{ T Q(a) 5 \n                        10. @ 6,9}   \n                    </proof>'}, {'role': 'user', 'content': ""Prove 'Ax (P(x)|P(x)) |- Ax P(x)', using the analytical tableau method. Final answer using the notation described.""}, {'role': 'assistant', 'content': ' <proof>\n                            1. T Ax (P(x)|P(x)) pre \n                            2. F Ax P(x) conclusion\n                            3. F P(a) 2          \n                            4. T (P(a)|P(a)) 1   \n                            5.{ T P(a) 4         \n                            6. @ 3,5}            \n                            7.{ T P(a) 4         \n                            8. @ 3,7}            \n                        </proof>'}, {'role': 'user', 'content': ""Prove '|- Ex (D(x)&K(x))->(Ex D(x)|Ex K(x))', using the analytical tableau method. Final answer using the notation described.""}, {'role': 'assistant', 'content': '<proof>\n                            1. F (Ex (D(x)&K(x)) -> (Ex D(x) | Ex K(x))) conclusion\n                            2. T Ex (D(x)&K(x)) 1 \n                            3. F (Ex D(x) | Ex K(x)) 1\n                            4. T (D(a)&K(a)) 2 \n                            5. T D(a) 4 \n                            6. T K(a) 4 \n                            7. F Ex D(x) 3 \n                            8. F Ex K(x) 3 \n                            9. F D(a) 7 \n                            10. @ 5,9 \n                        </proof>'}, {'role': 'user', 'content': ""Prove 'Ax ~(P(x)&~Q(x)), Ax ~Q(x) |- Ax ~P(x)', using the analytical tableau method. Final answer using the notation described.""}, {'role': 'assistant', 'content': '<proof>\n                        1. T Ax ~(P(x)&~Q(x)) pre \n                        2. T Ax ~Q(x) pre \n                        3. F Ax ~P(x) conclusion \n                        4. F ~P(a) 3         \n                        5. T P(a) 4           \n                        6. T ~(P(a)&~Q(a)) 1  \n                        7. T ~Q(a) 2          \n                        8. F (P(a)&~Q(a)) 6   \n                        9.{ F P(a) 8          \n                        10. @ 5,9}           \n                        11.{ F ~Q(a) 8        \n                        12. @ 7,11} \n                    </proof>'}, {'role': 'user', 'content': ""Prove '|- Ex P(x)->~Ax ~P(x)', using the analytical tableau method. Final answer using the notation described.""}, {'role': 'assistant', 'content': '<proof>\n                        1. T Ex (P(x)&~Q(x)) pre \n                        2. F ~Ax (P(x)->Q(x)) conclusion \n                        3. T (P(a)&~Q(a)) 1 \n                        4. T P(a) 3 \n                        5. T ~Q(a) 3 \n                        6. T Ax (P(x)->Q(x)) 2 \n                        7. T (P(a)->Q(a)) 6 \n                        8.{ F P(a) 7 \n                        9. @ 4,8} \n                        10.{ T Q(a) 7 \n                        11. F Q(a) 5  \n                        12. @ 10,11} \n                    </proof>'}, {'role': 'user', 'content': ""Prove'|- ~Ex ~B(x)->Ax B(x)' using the analytical tableau method. Only one final answer, surrounded by <proof>...</proof>, using the notation described.""}]","<proof>
1. F (~Ex ~B(x)->Ax B(x)) conclusion
2. T ~Ex ~B(x) 1
3. F Ax B(x) 1
4. F Ex ~B(x) 2
5. T Ax ~~B(x) 4
6. T Ax B(x) 5
7. @ 3,6
</proof>","1. F (~Ex ~B(x)->Ax B(x)) conclusion
2. T ~Ex ~B(x) 1
3. F Ax B(x) 1
4. F Ex ~B(x) 2
5. T Ax ~~B(x) 4
6. T Ax B(x) 5
7. @ 3,6","The following errors were found:

Error in line 5:
5. T Ax ~~B(x) 4
   ^, The truth value should be F for this rule.
Error in line 5:
5. T Ax ~~B(x) 4
     ^, Formula referenced in line 4 is not a existential formula with truth-value T.
Error in line 5:
5. T Ax ~~B(x) 4
     ^, Formula Ax ~~B(x) is not a valid substitutuion for the existential formula referenced in the line 4.
Error in line 6:
6. T Ax B(x) 5
     ^, Formula Ax B(x) is not a valid substitution for the universal formula referenced in line 5.",55.0504412651062,stop,1643,1570
|- Ex B(x)->~Ax ~B(x),"[{'role': 'system', 'content': ""\nYou are an expert in logic using the semantic Tableaux method. \nYou will receive a first order logic formula and must prove its validity using the semantic tableau method, represent the proof in a Fitch-like notation, following these formatting instructions:\n\n### FORMAT OF PROOF LINES: \nExpanding proof line must be structured like: '<line_number>. <T_or_F> <formula> <origin>'\n- <line_number>: sequential integer, always ending with a dot ('1.', '2.', '3.', ...)\n- <T_or_F> → T for true formulas, F for false formulas. \n- <formula>: the formula derived on that line\n- <origin> is exactly one of:\n    pre (for premises)\n    conclusion (for the conclusion)\n    a comma-separated list of line numbers indicating the formula(s) used to derive the current line (e.g. '1', '3', '1,3')\n\n### BRANCHING FORMAT \nUse curly braces { and } to open and close branches. \n{ must appear immediately after the line number that opens a branch (e.g. '8.{ F A|B 3') \n} must appear at the end of the line that closes that branch (e.g. '12. @ 5,7}'). Exception: the main (initial) branch does not require a closing }, since it is not opened by {.\nBranches may be nested. But a formula may only be used at a given point if it appeared earlier in the same branch or an outer (enclosing) branch to the current branch. Formulas from closed branches or sibling branches must not be used.\n\n### SYMBOLS \nUse the following symbols for logical operations: \n & = conjunction (and), \n | = disjunction (or), \n ~ = negation (not), \n -> = implication (implies).\n\nQuantifiers symbols:  \n    Ax represents ∀x  \n    Ex represents ∃x\nSo formulas with ∀x and ∃x will be represented by Ax and Ex (A and E followed by the variable x). For example, Ax (H(x)->M(x)) represents ∀x (H(x)→M(x)).\n\n###CONVENTIONS\nAtoms: only uppercase letters not immediately followed by parentesis (e.g. P, Q, R).\nPredicates: uppercase letters immediately followed by parentesis (e.g. H(x), M(y), Q(a,b) ). All predicates must use parentheses.\nVariables: first letter in lowercase, can be followed by letters and numbers (e.g., x, x0, xP0).\n\nWrite only the final proof in <proof>...</proof> tags. Only use <proof>...</proof> tags ONCE. Omit names of the rules. Only use these symbols inside the proof '&' , '->', '~', '|', '@', '(', ')', '{', '}', 'Ax', 'Ex'.\nDo not include explanations, commentary, or extra text inside and outside the <proof>...</proof> tags.\n""}, {'role': 'user', 'content': ""Prove 'Ex P(x), Ax (P(x)->Q(x)) |- Ex Q(x)', using the analytical tableau method. Final answer using the notation described. ""}, {'role': 'assistant', 'content': ' <proof>\n                        1. T Ex P(x) pre\n                        2. T Ax (P(x)->Q(x)) pre\n                        3. F Ex Q(x) conclusion\n                        4. T P(a) 1 \n                        5. T (P(a)->Q(a)) 2 \n                        6. F Q(a) 3 \n                        7.{ F P(a) 5 \n                        8. @ 4,7}    \n                        9.{ T Q(a) 5 \n                        10. @ 6,9}   \n                    </proof>'}, {'role': 'user', 'content': ""Prove 'Ax (P(x)|P(x)) |- Ax P(x)', using the analytical tableau method. Final answer using the notation described.""}, {'role': 'assistant', 'content': ' <proof>\n                            1. T Ax (P(x)|P(x)) pre \n                            2. F Ax P(x) conclusion\n                            3. F P(a) 2          \n                            4. T (P(a)|P(a)) 1   \n                            5.{ T P(a) 4         \n                            6. @ 3,5}            \n                            7.{ T P(a) 4         \n                            8. @ 3,7}            \n                        </proof>'}, {'role': 'user', 'content': ""Prove '|- Ex (D(x)&K(x))->(Ex D(x)|Ex K(x))', using the analytical tableau method. Final answer using the notation described.""}, {'role': 'assistant', 'content': '<proof>\n                            1. F (Ex (D(x)&K(x)) -> (Ex D(x) | Ex K(x))) conclusion\n                            2. T Ex (D(x)&K(x)) 1 \n                            3. F (Ex D(x) | Ex K(x)) 1\n                            4. T (D(a)&K(a)) 2 \n                            5. T D(a) 4 \n                            6. T K(a) 4 \n                            7. F Ex D(x) 3 \n                            8. F Ex K(x) 3 \n                            9. F D(a) 7 \n                            10. @ 5,9 \n                        </proof>'}, {'role': 'user', 'content': ""Prove 'Ax ~(P(x)&~Q(x)), Ax ~Q(x) |- Ax ~P(x)', using the analytical tableau method. Final answer using the notation described.""}, {'role': 'assistant', 'content': '<proof>\n                        1. T Ax ~(P(x)&~Q(x)) pre \n                        2. T Ax ~Q(x) pre \n                        3. F Ax ~P(x) conclusion \n                        4. F ~P(a) 3         \n                        5. T P(a) 4           \n                        6. T ~(P(a)&~Q(a)) 1  \n                        7. T ~Q(a) 2          \n                        8. F (P(a)&~Q(a)) 6   \n                        9.{ F P(a) 8          \n                        10. @ 5,9}           \n                        11.{ F ~Q(a) 8        \n                        12. @ 7,11} \n                    </proof>'}, {'role': 'user', 'content': ""Prove '|- Ex P(x)->~Ax ~P(x)', using the analytical tableau method. Final answer using the notation described.""}, {'role': 'assistant', 'content': '<proof>\n                        1. T Ex (P(x)&~Q(x)) pre \n                        2. F ~Ax (P(x)->Q(x)) conclusion \n                        3. T (P(a)&~Q(a)) 1 \n                        4. T P(a) 3 \n                        5. T ~Q(a) 3 \n                        6. T Ax (P(x)->Q(x)) 2 \n                        7. T (P(a)->Q(a)) 6 \n                        8.{ F P(a) 7 \n                        9. @ 4,8} \n                        10.{ T Q(a) 7 \n                        11. F Q(a) 5  \n                        12. @ 10,11} \n                    </proof>'}, {'role': 'user', 'content': ""Prove'|- Ex B(x)->~Ax ~B(x)' using the analytical tableau method. Only one final answer, surrounded by <proof>...</proof>, using the notation described.""}]","<proof>
1. F Ex B(x)->~Ax ~B(x) conclusion
2. T Ex B(x) 1
3. F ~Ax ~B(x) 1
4. T Ax ~B(x) 3
5. T B(a) 2
6. T ~B(a) 4
7. @ 5,6
</proof>","1. F Ex B(x)->~Ax ~B(x) conclusion
2. T Ex B(x) 1
3. F ~Ax ~B(x) 1
4. T Ax ~B(x) 3
5. T B(a) 2
6. T ~B(a) 4
7. @ 5,6","The following errors were found:

Error in line 7:
7. @ 5,6
     ^, None of the formulas referenced by the lines contradict the other formula.",39.67794489860535,stop,1643,1150
Ex (B(x)&~C(x)) |- ~Ax (B(x)->C(x)),"[{'role': 'system', 'content': ""\nYou are an expert in logic using the semantic Tableaux method. \nYou will receive a first order logic formula and must prove its validity using the semantic tableau method, represent the proof in a Fitch-like notation, following these formatting instructions:\n\n### FORMAT OF PROOF LINES: \nExpanding proof line must be structured like: '<line_number>. <T_or_F> <formula> <origin>'\n- <line_number>: sequential integer, always ending with a dot ('1.', '2.', '3.', ...)\n- <T_or_F> → T for true formulas, F for false formulas. \n- <formula>: the formula derived on that line\n- <origin> is exactly one of:\n    pre (for premises)\n    conclusion (for the conclusion)\n    a comma-separated list of line numbers indicating the formula(s) used to derive the current line (e.g. '1', '3', '1,3')\n\n### BRANCHING FORMAT \nUse curly braces { and } to open and close branches. \n{ must appear immediately after the line number that opens a branch (e.g. '8.{ F A|B 3') \n} must appear at the end of the line that closes that branch (e.g. '12. @ 5,7}'). Exception: the main (initial) branch does not require a closing }, since it is not opened by {.\nBranches may be nested. But a formula may only be used at a given point if it appeared earlier in the same branch or an outer (enclosing) branch to the current branch. Formulas from closed branches or sibling branches must not be used.\n\n### SYMBOLS \nUse the following symbols for logical operations: \n & = conjunction (and), \n | = disjunction (or), \n ~ = negation (not), \n -> = implication (implies).\n\nQuantifiers symbols:  \n    Ax represents ∀x  \n    Ex represents ∃x\nSo formulas with ∀x and ∃x will be represented by Ax and Ex (A and E followed by the variable x). For example, Ax (H(x)->M(x)) represents ∀x (H(x)→M(x)).\n\n###CONVENTIONS\nAtoms: only uppercase letters not immediately followed by parentesis (e.g. P, Q, R).\nPredicates: uppercase letters immediately followed by parentesis (e.g. H(x), M(y), Q(a,b) ). All predicates must use parentheses.\nVariables: first letter in lowercase, can be followed by letters and numbers (e.g., x, x0, xP0).\n\nWrite only the final proof in <proof>...</proof> tags. Only use <proof>...</proof> tags ONCE. Omit names of the rules. Only use these symbols inside the proof '&' , '->', '~', '|', '@', '(', ')', '{', '}', 'Ax', 'Ex'.\nDo not include explanations, commentary, or extra text inside and outside the <proof>...</proof> tags.\n""}, {'role': 'user', 'content': ""Prove 'Ex P(x), Ax (P(x)->Q(x)) |- Ex Q(x)', using the analytical tableau method. Final answer using the notation described. ""}, {'role': 'assistant', 'content': ' <proof>\n                        1. T Ex P(x) pre\n                        2. T Ax (P(x)->Q(x)) pre\n                        3. F Ex Q(x) conclusion\n                        4. T P(a) 1 \n                        5. T (P(a)->Q(a)) 2 \n                        6. F Q(a) 3 \n                        7.{ F P(a) 5 \n                        8. @ 4,7}    \n                        9.{ T Q(a) 5 \n                        10. @ 6,9}   \n                    </proof>'}, {'role': 'user', 'content': ""Prove 'Ax (P(x)|P(x)) |- Ax P(x)', using the analytical tableau method. Final answer using the notation described.""}, {'role': 'assistant', 'content': ' <proof>\n                            1. T Ax (P(x)|P(x)) pre \n                            2. F Ax P(x) conclusion\n                            3. F P(a) 2          \n                            4. T (P(a)|P(a)) 1   \n                            5.{ T P(a) 4         \n                            6. @ 3,5}            \n                            7.{ T P(a) 4         \n                            8. @ 3,7}            \n                        </proof>'}, {'role': 'user', 'content': ""Prove '|- Ex (D(x)&K(x))->(Ex D(x)|Ex K(x))', using the analytical tableau method. Final answer using the notation described.""}, {'role': 'assistant', 'content': '<proof>\n                            1. F (Ex (D(x)&K(x)) -> (Ex D(x) | Ex K(x))) conclusion\n                            2. T Ex (D(x)&K(x)) 1 \n                            3. F (Ex D(x) | Ex K(x)) 1\n                            4. T (D(a)&K(a)) 2 \n                            5. T D(a) 4 \n                            6. T K(a) 4 \n                            7. F Ex D(x) 3 \n                            8. F Ex K(x) 3 \n                            9. F D(a) 7 \n                            10. @ 5,9 \n                        </proof>'}, {'role': 'user', 'content': ""Prove 'Ax ~(P(x)&~Q(x)), Ax ~Q(x) |- Ax ~P(x)', using the analytical tableau method. Final answer using the notation described.""}, {'role': 'assistant', 'content': '<proof>\n                        1. T Ax ~(P(x)&~Q(x)) pre \n                        2. T Ax ~Q(x) pre \n                        3. F Ax ~P(x) conclusion \n                        4. F ~P(a) 3         \n                        5. T P(a) 4           \n                        6. T ~(P(a)&~Q(a)) 1  \n                        7. T ~Q(a) 2          \n                        8. F (P(a)&~Q(a)) 6   \n                        9.{ F P(a) 8          \n                        10. @ 5,9}           \n                        11.{ F ~Q(a) 8        \n                        12. @ 7,11} \n                    </proof>'}, {'role': 'user', 'content': ""Prove '|- Ex P(x)->~Ax ~P(x)', using the analytical tableau method. Final answer using the notation described.""}, {'role': 'assistant', 'content': '<proof>\n                        1. T Ex (P(x)&~Q(x)) pre \n                        2. F ~Ax (P(x)->Q(x)) conclusion \n                        3. T (P(a)&~Q(a)) 1 \n                        4. T P(a) 3 \n                        5. T ~Q(a) 3 \n                        6. T Ax (P(x)->Q(x)) 2 \n                        7. T (P(a)->Q(a)) 6 \n                        8.{ F P(a) 7 \n                        9. @ 4,8} \n                        10.{ T Q(a) 7 \n                        11. F Q(a) 5  \n                        12. @ 10,11} \n                    </proof>'}, {'role': 'user', 'content': ""Prove'Ex (B(x)&~C(x)) |- ~Ax (B(x)->C(x))' using the analytical tableau method. Only one final answer, surrounded by <proof>...</proof>, using the notation described.""}]","<proof>
1. T Ex (B(x)&~C(x)) pre
2. F ~Ax (B(x)->C(x)) conclusion
3. T Ax (B(x)->C(x)) 2
4. T (B(a)&~C(a)) 1
5. T B(a) 4
6. T ~C(a) 4
7. T (B(a)->C(a)) 3
8.{ F B(a) 7
9. @ 5,8}
10.{ T C(a) 7
11. @ 6,10}
</proof>","1. T Ex (B(x)&~C(x)) pre
2. F ~Ax (B(x)->C(x)) conclusion
3. T Ax (B(x)->C(x)) 2
4. T (B(a)&~C(a)) 1
5. T B(a) 4
6. T ~C(a) 4
7. T (B(a)->C(a)) 3
8.{ F B(a) 7
9. @ 5,8}
10.{ T C(a) 7
11. @ 6,10}","The following errors were found:

Error in line 11:
11. @ 6,10}
      ^, None of the formulas referenced by the lines contradict the other formula.",36.81029915809631,stop,1652,1060
"|- Ax Ay B(x,y)->Ay Ax B(x,y)","[{'role': 'system', 'content': ""\nYou are an expert in logic using the semantic Tableaux method. \nYou will receive a first order logic formula and must prove its validity using the semantic tableau method, represent the proof in a Fitch-like notation, following these formatting instructions:\n\n### FORMAT OF PROOF LINES: \nExpanding proof line must be structured like: '<line_number>. <T_or_F> <formula> <origin>'\n- <line_number>: sequential integer, always ending with a dot ('1.', '2.', '3.', ...)\n- <T_or_F> → T for true formulas, F for false formulas. \n- <formula>: the formula derived on that line\n- <origin> is exactly one of:\n    pre (for premises)\n    conclusion (for the conclusion)\n    a comma-separated list of line numbers indicating the formula(s) used to derive the current line (e.g. '1', '3', '1,3')\n\n### BRANCHING FORMAT \nUse curly braces { and } to open and close branches. \n{ must appear immediately after the line number that opens a branch (e.g. '8.{ F A|B 3') \n} must appear at the end of the line that closes that branch (e.g. '12. @ 5,7}'). Exception: the main (initial) branch does not require a closing }, since it is not opened by {.\nBranches may be nested. But a formula may only be used at a given point if it appeared earlier in the same branch or an outer (enclosing) branch to the current branch. Formulas from closed branches or sibling branches must not be used.\n\n### SYMBOLS \nUse the following symbols for logical operations: \n & = conjunction (and), \n | = disjunction (or), \n ~ = negation (not), \n -> = implication (implies).\n\nQuantifiers symbols:  \n    Ax represents ∀x  \n    Ex represents ∃x\nSo formulas with ∀x and ∃x will be represented by Ax and Ex (A and E followed by the variable x). For example, Ax (H(x)->M(x)) represents ∀x (H(x)→M(x)).\n\n###CONVENTIONS\nAtoms: only uppercase letters not immediately followed by parentesis (e.g. P, Q, R).\nPredicates: uppercase letters immediately followed by parentesis (e.g. H(x), M(y), Q(a,b) ). All predicates must use parentheses.\nVariables: first letter in lowercase, can be followed by letters and numbers (e.g., x, x0, xP0).\n\nWrite only the final proof in <proof>...</proof> tags. Only use <proof>...</proof> tags ONCE. Omit names of the rules. Only use these symbols inside the proof '&' , '->', '~', '|', '@', '(', ')', '{', '}', 'Ax', 'Ex'.\nDo not include explanations, commentary, or extra text inside and outside the <proof>...</proof> tags.\n""}, {'role': 'user', 'content': ""Prove 'Ex P(x), Ax (P(x)->Q(x)) |- Ex Q(x)', using the analytical tableau method. Final answer using the notation described. ""}, {'role': 'assistant', 'content': ' <proof>\n                        1. T Ex P(x) pre\n                        2. T Ax (P(x)->Q(x)) pre\n                        3. F Ex Q(x) conclusion\n                        4. T P(a) 1 \n                        5. T (P(a)->Q(a)) 2 \n                        6. F Q(a) 3 \n                        7.{ F P(a) 5 \n                        8. @ 4,7}    \n                        9.{ T Q(a) 5 \n                        10. @ 6,9}   \n                    </proof>'}, {'role': 'user', 'content': ""Prove 'Ax (P(x)|P(x)) |- Ax P(x)', using the analytical tableau method. Final answer using the notation described.""}, {'role': 'assistant', 'content': ' <proof>\n                            1. T Ax (P(x)|P(x)) pre \n                            2. F Ax P(x) conclusion\n                            3. F P(a) 2          \n                            4. T (P(a)|P(a)) 1   \n                            5.{ T P(a) 4         \n                            6. @ 3,5}            \n                            7.{ T P(a) 4         \n                            8. @ 3,7}            \n                        </proof>'}, {'role': 'user', 'content': ""Prove '|- Ex (D(x)&K(x))->(Ex D(x)|Ex K(x))', using the analytical tableau method. Final answer using the notation described.""}, {'role': 'assistant', 'content': '<proof>\n                            1. F (Ex (D(x)&K(x)) -> (Ex D(x) | Ex K(x))) conclusion\n                            2. T Ex (D(x)&K(x)) 1 \n                            3. F (Ex D(x) | Ex K(x)) 1\n                            4. T (D(a)&K(a)) 2 \n                            5. T D(a) 4 \n                            6. T K(a) 4 \n                            7. F Ex D(x) 3 \n                            8. F Ex K(x) 3 \n                            9. F D(a) 7 \n                            10. @ 5,9 \n                        </proof>'}, {'role': 'user', 'content': ""Prove 'Ax ~(P(x)&~Q(x)), Ax ~Q(x) |- Ax ~P(x)', using the analytical tableau method. Final answer using the notation described.""}, {'role': 'assistant', 'content': '<proof>\n                        1. T Ax ~(P(x)&~Q(x)) pre \n                        2. T Ax ~Q(x) pre \n                        3. F Ax ~P(x) conclusion \n                        4. F ~P(a) 3         \n                        5. T P(a) 4           \n                        6. T ~(P(a)&~Q(a)) 1  \n                        7. T ~Q(a) 2          \n                        8. F (P(a)&~Q(a)) 6   \n                        9.{ F P(a) 8          \n                        10. @ 5,9}           \n                        11.{ F ~Q(a) 8        \n                        12. @ 7,11} \n                    </proof>'}, {'role': 'user', 'content': ""Prove '|- Ex P(x)->~Ax ~P(x)', using the analytical tableau method. Final answer using the notation described.""}, {'role': 'assistant', 'content': '<proof>\n                        1. T Ex (P(x)&~Q(x)) pre \n                        2. F ~Ax (P(x)->Q(x)) conclusion \n                        3. T (P(a)&~Q(a)) 1 \n                        4. T P(a) 3 \n                        5. T ~Q(a) 3 \n                        6. T Ax (P(x)->Q(x)) 2 \n                        7. T (P(a)->Q(a)) 6 \n                        8.{ F P(a) 7 \n                        9. @ 4,8} \n                        10.{ T Q(a) 7 \n                        11. F Q(a) 5  \n                        12. @ 10,11} \n                    </proof>'}, {'role': 'user', 'content': ""Prove'|- Ax Ay B(x,y)->Ay Ax B(x,y)' using the analytical tableau method. Only one final answer, surrounded by <proof>...</proof>, using the notation described.""}]","<proof>
1. F (Ax Ay B(x,y)->Ay Ax B(x,y)) conclusion
2. T Ax Ay B(x,y) 1
3. F Ay Ax B(x,y) 1
4. T Ay B(a,y) 2
5. T B(a,b) 4
6. F Ax B(x,b) 3
7. F B(c,b) 6
8. T Ay B(c,y) 2
9. T B(c,b) 8
10. @ 7,9
</proof>","1. F (Ax Ay B(x,y)->Ay Ax B(x,y)) conclusion
2. T Ax Ay B(x,y) 1
3. F Ay Ax B(x,y) 1
4. T Ay B(a,y) 2
5. T B(a,b) 4
6. F Ax B(x,b) 3
7. F B(c,b) 6
8. T Ay B(c,y) 2
9. T B(c,b) 8
10. @ 7,9","The following errors were found:

Error in line 6:
6. F Ax B(x,b) 3
     ^, The variable used in this formula Ax B(x,b) is not a new variable and therefore cannot be used in this rule.",32.497891664505005,stop,1645,939
|- Ax (B->C(x))->(B->Ax C(x)),"[{'role': 'system', 'content': ""\nYou are an expert in logic using the semantic Tableaux method. \nYou will receive a first order logic formula and must prove its validity using the semantic tableau method, represent the proof in a Fitch-like notation, following these formatting instructions:\n\n### FORMAT OF PROOF LINES: \nExpanding proof line must be structured like: '<line_number>. <T_or_F> <formula> <origin>'\n- <line_number>: sequential integer, always ending with a dot ('1.', '2.', '3.', ...)\n- <T_or_F> → T for true formulas, F for false formulas. \n- <formula>: the formula derived on that line\n- <origin> is exactly one of:\n    pre (for premises)\n    conclusion (for the conclusion)\n    a comma-separated list of line numbers indicating the formula(s) used to derive the current line (e.g. '1', '3', '1,3')\n\n### BRANCHING FORMAT \nUse curly braces { and } to open and close branches. \n{ must appear immediately after the line number that opens a branch (e.g. '8.{ F A|B 3') \n} must appear at the end of the line that closes that branch (e.g. '12. @ 5,7}'). Exception: the main (initial) branch does not require a closing }, since it is not opened by {.\nBranches may be nested. But a formula may only be used at a given point if it appeared earlier in the same branch or an outer (enclosing) branch to the current branch. Formulas from closed branches or sibling branches must not be used.\n\n### SYMBOLS \nUse the following symbols for logical operations: \n & = conjunction (and), \n | = disjunction (or), \n ~ = negation (not), \n -> = implication (implies).\n\nQuantifiers symbols:  \n    Ax represents ∀x  \n    Ex represents ∃x\nSo formulas with ∀x and ∃x will be represented by Ax and Ex (A and E followed by the variable x). For example, Ax (H(x)->M(x)) represents ∀x (H(x)→M(x)).\n\n###CONVENTIONS\nAtoms: only uppercase letters not immediately followed by parentesis (e.g. P, Q, R).\nPredicates: uppercase letters immediately followed by parentesis (e.g. H(x), M(y), Q(a,b) ). All predicates must use parentheses.\nVariables: first letter in lowercase, can be followed by letters and numbers (e.g., x, x0, xP0).\n\nWrite only the final proof in <proof>...</proof> tags. Only use <proof>...</proof> tags ONCE. Omit names of the rules. Only use these symbols inside the proof '&' , '->', '~', '|', '@', '(', ')', '{', '}', 'Ax', 'Ex'.\nDo not include explanations, commentary, or extra text inside and outside the <proof>...</proof> tags.\n""}, {'role': 'user', 'content': ""Prove 'Ex P(x), Ax (P(x)->Q(x)) |- Ex Q(x)', using the analytical tableau method. Final answer using the notation described. ""}, {'role': 'assistant', 'content': ' <proof>\n                        1. T Ex P(x) pre\n                        2. T Ax (P(x)->Q(x)) pre\n                        3. F Ex Q(x) conclusion\n                        4. T P(a) 1 \n                        5. T (P(a)->Q(a)) 2 \n                        6. F Q(a) 3 \n                        7.{ F P(a) 5 \n                        8. @ 4,7}    \n                        9.{ T Q(a) 5 \n                        10. @ 6,9}   \n                    </proof>'}, {'role': 'user', 'content': ""Prove 'Ax (P(x)|P(x)) |- Ax P(x)', using the analytical tableau method. Final answer using the notation described.""}, {'role': 'assistant', 'content': ' <proof>\n                            1. T Ax (P(x)|P(x)) pre \n                            2. F Ax P(x) conclusion\n                            3. F P(a) 2          \n                            4. T (P(a)|P(a)) 1   \n                            5.{ T P(a) 4         \n                            6. @ 3,5}            \n                            7.{ T P(a) 4         \n                            8. @ 3,7}            \n                        </proof>'}, {'role': 'user', 'content': ""Prove '|- Ex (D(x)&K(x))->(Ex D(x)|Ex K(x))', using the analytical tableau method. Final answer using the notation described.""}, {'role': 'assistant', 'content': '<proof>\n                            1. F (Ex (D(x)&K(x)) -> (Ex D(x) | Ex K(x))) conclusion\n                            2. T Ex (D(x)&K(x)) 1 \n                            3. F (Ex D(x) | Ex K(x)) 1\n                            4. T (D(a)&K(a)) 2 \n                            5. T D(a) 4 \n                            6. T K(a) 4 \n                            7. F Ex D(x) 3 \n                            8. F Ex K(x) 3 \n                            9. F D(a) 7 \n                            10. @ 5,9 \n                        </proof>'}, {'role': 'user', 'content': ""Prove 'Ax ~(P(x)&~Q(x)), Ax ~Q(x) |- Ax ~P(x)', using the analytical tableau method. Final answer using the notation described.""}, {'role': 'assistant', 'content': '<proof>\n                        1. T Ax ~(P(x)&~Q(x)) pre \n                        2. T Ax ~Q(x) pre \n                        3. F Ax ~P(x) conclusion \n                        4. F ~P(a) 3         \n                        5. T P(a) 4           \n                        6. T ~(P(a)&~Q(a)) 1  \n                        7. T ~Q(a) 2          \n                        8. F (P(a)&~Q(a)) 6   \n                        9.{ F P(a) 8          \n                        10. @ 5,9}           \n                        11.{ F ~Q(a) 8        \n                        12. @ 7,11} \n                    </proof>'}, {'role': 'user', 'content': ""Prove '|- Ex P(x)->~Ax ~P(x)', using the analytical tableau method. Final answer using the notation described.""}, {'role': 'assistant', 'content': '<proof>\n                        1. T Ex (P(x)&~Q(x)) pre \n                        2. F ~Ax (P(x)->Q(x)) conclusion \n                        3. T (P(a)&~Q(a)) 1 \n                        4. T P(a) 3 \n                        5. T ~Q(a) 3 \n                        6. T Ax (P(x)->Q(x)) 2 \n                        7. T (P(a)->Q(a)) 6 \n                        8.{ F P(a) 7 \n                        9. @ 4,8} \n                        10.{ T Q(a) 7 \n                        11. F Q(a) 5  \n                        12. @ 10,11} \n                    </proof>'}, {'role': 'user', 'content': ""Prove'|- Ax (B->C(x))->(B->Ax C(x))' using the analytical tableau method. Only one final answer, surrounded by <proof>...</proof>, using the notation described.""}]","<proof>
1. F (Ax (B->C(x)) -> (B -> Ax C(x))) conclusion
2. T Ax (B->C(x)) 1
3. F (B -> Ax C(x)) 1
4. T B 3
5. F Ax C(x) 3
6. F C(a) 5
7. T (B->C(a)) 2
8.{ F B 7
9. @ 4,8}
10.{ T C(a) 7
11. @ 6,10}
</proof>","1. F (Ax (B->C(x)) -> (B -> Ax C(x))) conclusion
2. T Ax (B->C(x)) 1
3. F (B -> Ax C(x)) 1
4. T B 3
5. F Ax C(x) 3
6. F C(a) 5
7. T (B->C(a)) 2
8.{ F B 7
9. @ 4,8}
10.{ T C(a) 7
11. @ 6,10}",The proof is valid.,34.241803884506226,stop,1648,993
"Ax ~(B(x)&~C(x)), Ax B(x) |- Ax C(x)","[{'role': 'system', 'content': ""\nYou are an expert in logic using the semantic Tableaux method. \nYou will receive a first order logic formula and must prove its validity using the semantic tableau method, represent the proof in a Fitch-like notation, following these formatting instructions:\n\n### FORMAT OF PROOF LINES: \nExpanding proof line must be structured like: '<line_number>. <T_or_F> <formula> <origin>'\n- <line_number>: sequential integer, always ending with a dot ('1.', '2.', '3.', ...)\n- <T_or_F> → T for true formulas, F for false formulas. \n- <formula>: the formula derived on that line\n- <origin> is exactly one of:\n    pre (for premises)\n    conclusion (for the conclusion)\n    a comma-separated list of line numbers indicating the formula(s) used to derive the current line (e.g. '1', '3', '1,3')\n\n### BRANCHING FORMAT \nUse curly braces { and } to open and close branches. \n{ must appear immediately after the line number that opens a branch (e.g. '8.{ F A|B 3') \n} must appear at the end of the line that closes that branch (e.g. '12. @ 5,7}'). Exception: the main (initial) branch does not require a closing }, since it is not opened by {.\nBranches may be nested. But a formula may only be used at a given point if it appeared earlier in the same branch or an outer (enclosing) branch to the current branch. Formulas from closed branches or sibling branches must not be used.\n\n### SYMBOLS \nUse the following symbols for logical operations: \n & = conjunction (and), \n | = disjunction (or), \n ~ = negation (not), \n -> = implication (implies).\n\nQuantifiers symbols:  \n    Ax represents ∀x  \n    Ex represents ∃x\nSo formulas with ∀x and ∃x will be represented by Ax and Ex (A and E followed by the variable x). For example, Ax (H(x)->M(x)) represents ∀x (H(x)→M(x)).\n\n###CONVENTIONS\nAtoms: only uppercase letters not immediately followed by parentesis (e.g. P, Q, R).\nPredicates: uppercase letters immediately followed by parentesis (e.g. H(x), M(y), Q(a,b) ). All predicates must use parentheses.\nVariables: first letter in lowercase, can be followed by letters and numbers (e.g., x, x0, xP0).\n\nWrite only the final proof in <proof>...</proof> tags. Only use <proof>...</proof> tags ONCE. Omit names of the rules. Only use these symbols inside the proof '&' , '->', '~', '|', '@', '(', ')', '{', '}', 'Ax', 'Ex'.\nDo not include explanations, commentary, or extra text inside and outside the <proof>...</proof> tags.\n""}, {'role': 'user', 'content': ""Prove 'Ex P(x), Ax (P(x)->Q(x)) |- Ex Q(x)', using the analytical tableau method. Final answer using the notation described. ""}, {'role': 'assistant', 'content': ' <proof>\n                        1. T Ex P(x) pre\n                        2. T Ax (P(x)->Q(x)) pre\n                        3. F Ex Q(x) conclusion\n                        4. T P(a) 1 \n                        5. T (P(a)->Q(a)) 2 \n                        6. F Q(a) 3 \n                        7.{ F P(a) 5 \n                        8. @ 4,7}    \n                        9.{ T Q(a) 5 \n                        10. @ 6,9}   \n                    </proof>'}, {'role': 'user', 'content': ""Prove 'Ax (P(x)|P(x)) |- Ax P(x)', using the analytical tableau method. Final answer using the notation described.""}, {'role': 'assistant', 'content': ' <proof>\n                            1. T Ax (P(x)|P(x)) pre \n                            2. F Ax P(x) conclusion\n                            3. F P(a) 2          \n                            4. T (P(a)|P(a)) 1   \n                            5.{ T P(a) 4         \n                            6. @ 3,5}            \n                            7.{ T P(a) 4         \n                            8. @ 3,7}            \n                        </proof>'}, {'role': 'user', 'content': ""Prove '|- Ex (D(x)&K(x))->(Ex D(x)|Ex K(x))', using the analytical tableau method. Final answer using the notation described.""}, {'role': 'assistant', 'content': '<proof>\n                            1. F (Ex (D(x)&K(x)) -> (Ex D(x) | Ex K(x))) conclusion\n                            2. T Ex (D(x)&K(x)) 1 \n                            3. F (Ex D(x) | Ex K(x)) 1\n                            4. T (D(a)&K(a)) 2 \n                            5. T D(a) 4 \n                            6. T K(a) 4 \n                            7. F Ex D(x) 3 \n                            8. F Ex K(x) 3 \n                            9. F D(a) 7 \n                            10. @ 5,9 \n                        </proof>'}, {'role': 'user', 'content': ""Prove 'Ax ~(P(x)&~Q(x)), Ax ~Q(x) |- Ax ~P(x)', using the analytical tableau method. Final answer using the notation described.""}, {'role': 'assistant', 'content': '<proof>\n                        1. T Ax ~(P(x)&~Q(x)) pre \n                        2. T Ax ~Q(x) pre \n                        3. F Ax ~P(x) conclusion \n                        4. F ~P(a) 3         \n                        5. T P(a) 4           \n                        6. T ~(P(a)&~Q(a)) 1  \n                        7. T ~Q(a) 2          \n                        8. F (P(a)&~Q(a)) 6   \n                        9.{ F P(a) 8          \n                        10. @ 5,9}           \n                        11.{ F ~Q(a) 8        \n                        12. @ 7,11} \n                    </proof>'}, {'role': 'user', 'content': ""Prove '|- Ex P(x)->~Ax ~P(x)', using the analytical tableau method. Final answer using the notation described.""}, {'role': 'assistant', 'content': '<proof>\n                        1. T Ex (P(x)&~Q(x)) pre \n                        2. F ~Ax (P(x)->Q(x)) conclusion \n                        3. T (P(a)&~Q(a)) 1 \n                        4. T P(a) 3 \n                        5. T ~Q(a) 3 \n                        6. T Ax (P(x)->Q(x)) 2 \n                        7. T (P(a)->Q(a)) 6 \n                        8.{ F P(a) 7 \n                        9. @ 4,8} \n                        10.{ T Q(a) 7 \n                        11. F Q(a) 5  \n                        12. @ 10,11} \n                    </proof>'}, {'role': 'user', 'content': ""Prove'Ax ~(B(x)&~C(x)), Ax B(x) |- Ax C(x)' using the analytical tableau method. Only one final answer, surrounded by <proof>...</proof>, using the notation described.""}]","<proof>
1. T Ax ~(B(x)&~C(x)) pre
2. T Ax B(x) pre
3. F Ax C(x) conclusion
4. F C(a) 3
5. T ~(B(a)&~C(a)) 1
6. T B(a) 2
7. F (B(a)&~C(a)) 5
8.{ F B(a) 7
9. @ 6,8}
10.{ F ~C(a) 7
11. T C(a) 10
12. @ 4,11}
</proof>","1. T Ax ~(B(x)&~C(x)) pre
2. T Ax B(x) pre
3. F Ax C(x) conclusion
4. F C(a) 3
5. T ~(B(a)&~C(a)) 1
6. T B(a) 2
7. F (B(a)&~C(a)) 5
8.{ F B(a) 7
9. @ 6,8}
10.{ F ~C(a) 7
11. T C(a) 10
12. @ 4,11}",The proof is valid.,44.65820217132568,stop,1650,1292
|- ~Ax B(x)->Ex ~B(x),"[{'role': 'system', 'content': ""\nYou are an expert in logic using the semantic Tableaux method. \nYou will receive a first order logic formula and must prove its validity using the semantic tableau method, represent the proof in a Fitch-like notation, following these formatting instructions:\n\n### FORMAT OF PROOF LINES: \nExpanding proof line must be structured like: '<line_number>. <T_or_F> <formula> <origin>'\n- <line_number>: sequential integer, always ending with a dot ('1.', '2.', '3.', ...)\n- <T_or_F> → T for true formulas, F for false formulas. \n- <formula>: the formula derived on that line\n- <origin> is exactly one of:\n    pre (for premises)\n    conclusion (for the conclusion)\n    a comma-separated list of line numbers indicating the formula(s) used to derive the current line (e.g. '1', '3', '1,3')\n\n### BRANCHING FORMAT \nUse curly braces { and } to open and close branches. \n{ must appear immediately after the line number that opens a branch (e.g. '8.{ F A|B 3') \n} must appear at the end of the line that closes that branch (e.g. '12. @ 5,7}'). Exception: the main (initial) branch does not require a closing }, since it is not opened by {.\nBranches may be nested. But a formula may only be used at a given point if it appeared earlier in the same branch or an outer (enclosing) branch to the current branch. Formulas from closed branches or sibling branches must not be used.\n\n### SYMBOLS \nUse the following symbols for logical operations: \n & = conjunction (and), \n | = disjunction (or), \n ~ = negation (not), \n -> = implication (implies).\n\nQuantifiers symbols:  \n    Ax represents ∀x  \n    Ex represents ∃x\nSo formulas with ∀x and ∃x will be represented by Ax and Ex (A and E followed by the variable x). For example, Ax (H(x)->M(x)) represents ∀x (H(x)→M(x)).\n\n###CONVENTIONS\nAtoms: only uppercase letters not immediately followed by parentesis (e.g. P, Q, R).\nPredicates: uppercase letters immediately followed by parentesis (e.g. H(x), M(y), Q(a,b) ). All predicates must use parentheses.\nVariables: first letter in lowercase, can be followed by letters and numbers (e.g., x, x0, xP0).\n\nWrite only the final proof in <proof>...</proof> tags. Only use <proof>...</proof> tags ONCE. Omit names of the rules. Only use these symbols inside the proof '&' , '->', '~', '|', '@', '(', ')', '{', '}', 'Ax', 'Ex'.\nDo not include explanations, commentary, or extra text inside and outside the <proof>...</proof> tags.\n""}, {'role': 'user', 'content': ""Prove 'Ex P(x), Ax (P(x)->Q(x)) |- Ex Q(x)', using the analytical tableau method. Final answer using the notation described. ""}, {'role': 'assistant', 'content': ' <proof>\n                        1. T Ex P(x) pre\n                        2. T Ax (P(x)->Q(x)) pre\n                        3. F Ex Q(x) conclusion\n                        4. T P(a) 1 \n                        5. T (P(a)->Q(a)) 2 \n                        6. F Q(a) 3 \n                        7.{ F P(a) 5 \n                        8. @ 4,7}    \n                        9.{ T Q(a) 5 \n                        10. @ 6,9}   \n                    </proof>'}, {'role': 'user', 'content': ""Prove 'Ax (P(x)|P(x)) |- Ax P(x)', using the analytical tableau method. Final answer using the notation described.""}, {'role': 'assistant', 'content': ' <proof>\n                            1. T Ax (P(x)|P(x)) pre \n                            2. F Ax P(x) conclusion\n                            3. F P(a) 2          \n                            4. T (P(a)|P(a)) 1   \n                            5.{ T P(a) 4         \n                            6. @ 3,5}            \n                            7.{ T P(a) 4         \n                            8. @ 3,7}            \n                        </proof>'}, {'role': 'user', 'content': ""Prove '|- Ex (D(x)&K(x))->(Ex D(x)|Ex K(x))', using the analytical tableau method. Final answer using the notation described.""}, {'role': 'assistant', 'content': '<proof>\n                            1. F (Ex (D(x)&K(x)) -> (Ex D(x) | Ex K(x))) conclusion\n                            2. T Ex (D(x)&K(x)) 1 \n                            3. F (Ex D(x) | Ex K(x)) 1\n                            4. T (D(a)&K(a)) 2 \n                            5. T D(a) 4 \n                            6. T K(a) 4 \n                            7. F Ex D(x) 3 \n                            8. F Ex K(x) 3 \n                            9. F D(a) 7 \n                            10. @ 5,9 \n                        </proof>'}, {'role': 'user', 'content': ""Prove 'Ax ~(P(x)&~Q(x)), Ax ~Q(x) |- Ax ~P(x)', using the analytical tableau method. Final answer using the notation described.""}, {'role': 'assistant', 'content': '<proof>\n                        1. T Ax ~(P(x)&~Q(x)) pre \n                        2. T Ax ~Q(x) pre \n                        3. F Ax ~P(x) conclusion \n                        4. F ~P(a) 3         \n                        5. T P(a) 4           \n                        6. T ~(P(a)&~Q(a)) 1  \n                        7. T ~Q(a) 2          \n                        8. F (P(a)&~Q(a)) 6   \n                        9.{ F P(a) 8          \n                        10. @ 5,9}           \n                        11.{ F ~Q(a) 8        \n                        12. @ 7,11} \n                    </proof>'}, {'role': 'user', 'content': ""Prove '|- Ex P(x)->~Ax ~P(x)', using the analytical tableau method. Final answer using the notation described.""}, {'role': 'assistant', 'content': '<proof>\n                        1. T Ex (P(x)&~Q(x)) pre \n                        2. F ~Ax (P(x)->Q(x)) conclusion \n                        3. T (P(a)&~Q(a)) 1 \n                        4. T P(a) 3 \n                        5. T ~Q(a) 3 \n                        6. T Ax (P(x)->Q(x)) 2 \n                        7. T (P(a)->Q(a)) 6 \n                        8.{ F P(a) 7 \n                        9. @ 4,8} \n                        10.{ T Q(a) 7 \n                        11. F Q(a) 5  \n                        12. @ 10,11} \n                    </proof>'}, {'role': 'user', 'content': ""Prove'|- ~Ax B(x)->Ex ~B(x)' using the analytical tableau method. Only one final answer, surrounded by <proof>...</proof>, using the notation described.""}]","<proof>
1. F ~Ax B(x)->Ex ~B(x) conclusion
2. T ~Ax B(x) 1
3. F Ex ~B(x) 1
4. F Ax B(x) 2
5. T Ax ~~B(x) 3
6. T ~B(a) 4
7. T ~~B(a) 5
8. F B(a) 6
9. T B(a) 7
</proof>","1. F ~Ax B(x)->Ex ~B(x) conclusion
2. T ~Ax B(x) 1
3. F Ex ~B(x) 1
4. F Ax B(x) 2
5. T Ax ~~B(x) 3
6. T ~B(a) 4
7. T ~~B(a) 5
8. F B(a) 6
9. T B(a) 7","The following errors were found:

Error in line 5:
5. T Ax ~~B(x) 3
   ^, The truth value should be F for this rule.
Error in line 6:
6. T ~B(a) 4
   ^, The truth value should be F for this rule.
Error in line 9:
9. T B(a) 7
   ^, The truth value should be F for this rule.
Error in line 5:
5. T Ax ~~B(x) 3
     ^, Formula referenced in line 3 is not a existential formula with truth-value T.
Error in line 5:
5. T Ax ~~B(x) 3
     ^, Formula Ax ~~B(x) is not a valid substitutuion for the existential formula referenced in the line 3.
Error in line 6:
6. T ~B(a) 4
           ^, Formula referenced in line 4 is not a universal formula with truth-value T.
Error in line 9:
9. T B(a) 7
          ^, Formula B(a) is not a valid result for this rule.",50.99382138252258,stop,1643,1469
|- Ex ~B(x)->~Ax B(x),"[{'role': 'system', 'content': ""\nYou are an expert in logic using the semantic Tableaux method. \nYou will receive a first order logic formula and must prove its validity using the semantic tableau method, represent the proof in a Fitch-like notation, following these formatting instructions:\n\n### FORMAT OF PROOF LINES: \nExpanding proof line must be structured like: '<line_number>. <T_or_F> <formula> <origin>'\n- <line_number>: sequential integer, always ending with a dot ('1.', '2.', '3.', ...)\n- <T_or_F> → T for true formulas, F for false formulas. \n- <formula>: the formula derived on that line\n- <origin> is exactly one of:\n    pre (for premises)\n    conclusion (for the conclusion)\n    a comma-separated list of line numbers indicating the formula(s) used to derive the current line (e.g. '1', '3', '1,3')\n\n### BRANCHING FORMAT \nUse curly braces { and } to open and close branches. \n{ must appear immediately after the line number that opens a branch (e.g. '8.{ F A|B 3') \n} must appear at the end of the line that closes that branch (e.g. '12. @ 5,7}'). Exception: the main (initial) branch does not require a closing }, since it is not opened by {.\nBranches may be nested. But a formula may only be used at a given point if it appeared earlier in the same branch or an outer (enclosing) branch to the current branch. Formulas from closed branches or sibling branches must not be used.\n\n### SYMBOLS \nUse the following symbols for logical operations: \n & = conjunction (and), \n | = disjunction (or), \n ~ = negation (not), \n -> = implication (implies).\n\nQuantifiers symbols:  \n    Ax represents ∀x  \n    Ex represents ∃x\nSo formulas with ∀x and ∃x will be represented by Ax and Ex (A and E followed by the variable x). For example, Ax (H(x)->M(x)) represents ∀x (H(x)→M(x)).\n\n###CONVENTIONS\nAtoms: only uppercase letters not immediately followed by parentesis (e.g. P, Q, R).\nPredicates: uppercase letters immediately followed by parentesis (e.g. H(x), M(y), Q(a,b) ). All predicates must use parentheses.\nVariables: first letter in lowercase, can be followed by letters and numbers (e.g., x, x0, xP0).\n\nWrite only the final proof in <proof>...</proof> tags. Only use <proof>...</proof> tags ONCE. Omit names of the rules. Only use these symbols inside the proof '&' , '->', '~', '|', '@', '(', ')', '{', '}', 'Ax', 'Ex'.\nDo not include explanations, commentary, or extra text inside and outside the <proof>...</proof> tags.\n""}, {'role': 'user', 'content': ""Prove 'Ex P(x), Ax (P(x)->Q(x)) |- Ex Q(x)', using the analytical tableau method. Final answer using the notation described. ""}, {'role': 'assistant', 'content': ' <proof>\n                        1. T Ex P(x) pre\n                        2. T Ax (P(x)->Q(x)) pre\n                        3. F Ex Q(x) conclusion\n                        4. T P(a) 1 \n                        5. T (P(a)->Q(a)) 2 \n                        6. F Q(a) 3 \n                        7.{ F P(a) 5 \n                        8. @ 4,7}    \n                        9.{ T Q(a) 5 \n                        10. @ 6,9}   \n                    </proof>'}, {'role': 'user', 'content': ""Prove 'Ax (P(x)|P(x)) |- Ax P(x)', using the analytical tableau method. Final answer using the notation described.""}, {'role': 'assistant', 'content': ' <proof>\n                            1. T Ax (P(x)|P(x)) pre \n                            2. F Ax P(x) conclusion\n                            3. F P(a) 2          \n                            4. T (P(a)|P(a)) 1   \n                            5.{ T P(a) 4         \n                            6. @ 3,5}            \n                            7.{ T P(a) 4         \n                            8. @ 3,7}            \n                        </proof>'}, {'role': 'user', 'content': ""Prove '|- Ex (D(x)&K(x))->(Ex D(x)|Ex K(x))', using the analytical tableau method. Final answer using the notation described.""}, {'role': 'assistant', 'content': '<proof>\n                            1. F (Ex (D(x)&K(x)) -> (Ex D(x) | Ex K(x))) conclusion\n                            2. T Ex (D(x)&K(x)) 1 \n                            3. F (Ex D(x) | Ex K(x)) 1\n                            4. T (D(a)&K(a)) 2 \n                            5. T D(a) 4 \n                            6. T K(a) 4 \n                            7. F Ex D(x) 3 \n                            8. F Ex K(x) 3 \n                            9. F D(a) 7 \n                            10. @ 5,9 \n                        </proof>'}, {'role': 'user', 'content': ""Prove 'Ax ~(P(x)&~Q(x)), Ax ~Q(x) |- Ax ~P(x)', using the analytical tableau method. Final answer using the notation described.""}, {'role': 'assistant', 'content': '<proof>\n                        1. T Ax ~(P(x)&~Q(x)) pre \n                        2. T Ax ~Q(x) pre \n                        3. F Ax ~P(x) conclusion \n                        4. F ~P(a) 3         \n                        5. T P(a) 4           \n                        6. T ~(P(a)&~Q(a)) 1  \n                        7. T ~Q(a) 2          \n                        8. F (P(a)&~Q(a)) 6   \n                        9.{ F P(a) 8          \n                        10. @ 5,9}           \n                        11.{ F ~Q(a) 8        \n                        12. @ 7,11} \n                    </proof>'}, {'role': 'user', 'content': ""Prove '|- Ex P(x)->~Ax ~P(x)', using the analytical tableau method. Final answer using the notation described.""}, {'role': 'assistant', 'content': '<proof>\n                        1. T Ex (P(x)&~Q(x)) pre \n                        2. F ~Ax (P(x)->Q(x)) conclusion \n                        3. T (P(a)&~Q(a)) 1 \n                        4. T P(a) 3 \n                        5. T ~Q(a) 3 \n                        6. T Ax (P(x)->Q(x)) 2 \n                        7. T (P(a)->Q(a)) 6 \n                        8.{ F P(a) 7 \n                        9. @ 4,8} \n                        10.{ T Q(a) 7 \n                        11. F Q(a) 5  \n                        12. @ 10,11} \n                    </proof>'}, {'role': 'user', 'content': ""Prove'|- Ex ~B(x)->~Ax B(x)' using the analytical tableau method. Only one final answer, surrounded by <proof>...</proof>, using the notation described.""}]","<proof>
1. F (Ex ~B(x) -> ~Ax B(x)) conclusion
2. T Ex ~B(x) 1
3. F ~Ax B(x) 1
4. T ~B(a) 2
5. T Ax B(x) 3
6. T B(a) 5
7. @ 4,6
</proof>","1. F (Ex ~B(x) -> ~Ax B(x)) conclusion
2. T Ex ~B(x) 1
3. F ~Ax B(x) 1
4. T ~B(a) 2
5. T Ax B(x) 3
6. T B(a) 5
7. @ 4,6","The following errors were found:

Error in line 7:
7. @ 4,6
     ^, None of the formulas referenced by the lines contradict the other formula.",28.63321137428284,stop,1643,830
|- ~Ex B(x)->Ax ~B(x),"[{'role': 'system', 'content': ""\nYou are an expert in logic using the semantic Tableaux method. \nYou will receive a first order logic formula and must prove its validity using the semantic tableau method, represent the proof in a Fitch-like notation, following these formatting instructions:\n\n### FORMAT OF PROOF LINES: \nExpanding proof line must be structured like: '<line_number>. <T_or_F> <formula> <origin>'\n- <line_number>: sequential integer, always ending with a dot ('1.', '2.', '3.', ...)\n- <T_or_F> → T for true formulas, F for false formulas. \n- <formula>: the formula derived on that line\n- <origin> is exactly one of:\n    pre (for premises)\n    conclusion (for the conclusion)\n    a comma-separated list of line numbers indicating the formula(s) used to derive the current line (e.g. '1', '3', '1,3')\n\n### BRANCHING FORMAT \nUse curly braces { and } to open and close branches. \n{ must appear immediately after the line number that opens a branch (e.g. '8.{ F A|B 3') \n} must appear at the end of the line that closes that branch (e.g. '12. @ 5,7}'). Exception: the main (initial) branch does not require a closing }, since it is not opened by {.\nBranches may be nested. But a formula may only be used at a given point if it appeared earlier in the same branch or an outer (enclosing) branch to the current branch. Formulas from closed branches or sibling branches must not be used.\n\n### SYMBOLS \nUse the following symbols for logical operations: \n & = conjunction (and), \n | = disjunction (or), \n ~ = negation (not), \n -> = implication (implies).\n\nQuantifiers symbols:  \n    Ax represents ∀x  \n    Ex represents ∃x\nSo formulas with ∀x and ∃x will be represented by Ax and Ex (A and E followed by the variable x). For example, Ax (H(x)->M(x)) represents ∀x (H(x)→M(x)).\n\n###CONVENTIONS\nAtoms: only uppercase letters not immediately followed by parentesis (e.g. P, Q, R).\nPredicates: uppercase letters immediately followed by parentesis (e.g. H(x), M(y), Q(a,b) ). All predicates must use parentheses.\nVariables: first letter in lowercase, can be followed by letters and numbers (e.g., x, x0, xP0).\n\nWrite only the final proof in <proof>...</proof> tags. Only use <proof>...</proof> tags ONCE. Omit names of the rules. Only use these symbols inside the proof '&' , '->', '~', '|', '@', '(', ')', '{', '}', 'Ax', 'Ex'.\nDo not include explanations, commentary, or extra text inside and outside the <proof>...</proof> tags.\n""}, {'role': 'user', 'content': ""Prove 'Ex P(x), Ax (P(x)->Q(x)) |- Ex Q(x)', using the analytical tableau method. Final answer using the notation described. ""}, {'role': 'assistant', 'content': ' <proof>\n                        1. T Ex P(x) pre\n                        2. T Ax (P(x)->Q(x)) pre\n                        3. F Ex Q(x) conclusion\n                        4. T P(a) 1 \n                        5. T (P(a)->Q(a)) 2 \n                        6. F Q(a) 3 \n                        7.{ F P(a) 5 \n                        8. @ 4,7}    \n                        9.{ T Q(a) 5 \n                        10. @ 6,9}   \n                    </proof>'}, {'role': 'user', 'content': ""Prove 'Ax (P(x)|P(x)) |- Ax P(x)', using the analytical tableau method. Final answer using the notation described.""}, {'role': 'assistant', 'content': ' <proof>\n                            1. T Ax (P(x)|P(x)) pre \n                            2. F Ax P(x) conclusion\n                            3. F P(a) 2          \n                            4. T (P(a)|P(a)) 1   \n                            5.{ T P(a) 4         \n                            6. @ 3,5}            \n                            7.{ T P(a) 4         \n                            8. @ 3,7}            \n                        </proof>'}, {'role': 'user', 'content': ""Prove '|- Ex (D(x)&K(x))->(Ex D(x)|Ex K(x))', using the analytical tableau method. Final answer using the notation described.""}, {'role': 'assistant', 'content': '<proof>\n                            1. F (Ex (D(x)&K(x)) -> (Ex D(x) | Ex K(x))) conclusion\n                            2. T Ex (D(x)&K(x)) 1 \n                            3. F (Ex D(x) | Ex K(x)) 1\n                            4. T (D(a)&K(a)) 2 \n                            5. T D(a) 4 \n                            6. T K(a) 4 \n                            7. F Ex D(x) 3 \n                            8. F Ex K(x) 3 \n                            9. F D(a) 7 \n                            10. @ 5,9 \n                        </proof>'}, {'role': 'user', 'content': ""Prove 'Ax ~(P(x)&~Q(x)), Ax ~Q(x) |- Ax ~P(x)', using the analytical tableau method. Final answer using the notation described.""}, {'role': 'assistant', 'content': '<proof>\n                        1. T Ax ~(P(x)&~Q(x)) pre \n                        2. T Ax ~Q(x) pre \n                        3. F Ax ~P(x) conclusion \n                        4. F ~P(a) 3         \n                        5. T P(a) 4           \n                        6. T ~(P(a)&~Q(a)) 1  \n                        7. T ~Q(a) 2          \n                        8. F (P(a)&~Q(a)) 6   \n                        9.{ F P(a) 8          \n                        10. @ 5,9}           \n                        11.{ F ~Q(a) 8        \n                        12. @ 7,11} \n                    </proof>'}, {'role': 'user', 'content': ""Prove '|- Ex P(x)->~Ax ~P(x)', using the analytical tableau method. Final answer using the notation described.""}, {'role': 'assistant', 'content': '<proof>\n                        1. T Ex (P(x)&~Q(x)) pre \n                        2. F ~Ax (P(x)->Q(x)) conclusion \n                        3. T (P(a)&~Q(a)) 1 \n                        4. T P(a) 3 \n                        5. T ~Q(a) 3 \n                        6. T Ax (P(x)->Q(x)) 2 \n                        7. T (P(a)->Q(a)) 6 \n                        8.{ F P(a) 7 \n                        9. @ 4,8} \n                        10.{ T Q(a) 7 \n                        11. F Q(a) 5  \n                        12. @ 10,11} \n                    </proof>'}, {'role': 'user', 'content': ""Prove'|- ~Ex B(x)->Ax ~B(x)' using the analytical tableau method. Only one final answer, surrounded by <proof>...</proof>, using the notation described.""}]","<proof>
1. F (~Ex B(x)->Ax ~B(x)) conclusion
2. T ~Ex B(x) 1
3. F Ax ~B(x) 1
4. T ~B(a) 2
5. T Ex B(x) 3
6. T B(b) 5
7. T ~B(b) 2
8. @ 6,7
</proof>","1. F (~Ex B(x)->Ax ~B(x)) conclusion
2. T ~Ex B(x) 1
3. F Ax ~B(x) 1
4. T ~B(a) 2
5. T Ex B(x) 3
6. T B(b) 5
7. T ~B(b) 2
8. @ 6,7","The following errors were found:

Error in line 4:
4. T ~B(a) 2
   ^, The truth value should be F for this rule.
Error in line 5:
5. T Ex B(x) 3
   ^, The truth value should be F for this rule.
Error in line 7:
7. T ~B(b) 2
   ^, The truth value should be F for this rule.
Error in line 4:
4. T ~B(a) 2
           ^, Formula ~B(a) is not a valid result for this rule.
Error in line 5:
5. T Ex B(x) 3
             ^, Formula referenced in line 3 is not a universal formula with truth-value T.
Error in line 7:
7. T ~B(b) 2
           ^, Formula ~B(b) is not a valid result for this rule.
Error in line 7:
7. T ~B(b) 2
           ^, The reference rule on the 7 line can only be used once in this branch.
Error in line 8:
8. @ 6,7
     ^, None of the formulas referenced by the lines contradict the other formula.",37.23119783401489,stop,1643,1062
|- Ax ~B(x)->~Ex B(x),"[{'role': 'system', 'content': ""\nYou are an expert in logic using the semantic Tableaux method. \nYou will receive a first order logic formula and must prove its validity using the semantic tableau method, represent the proof in a Fitch-like notation, following these formatting instructions:\n\n### FORMAT OF PROOF LINES: \nExpanding proof line must be structured like: '<line_number>. <T_or_F> <formula> <origin>'\n- <line_number>: sequential integer, always ending with a dot ('1.', '2.', '3.', ...)\n- <T_or_F> → T for true formulas, F for false formulas. \n- <formula>: the formula derived on that line\n- <origin> is exactly one of:\n    pre (for premises)\n    conclusion (for the conclusion)\n    a comma-separated list of line numbers indicating the formula(s) used to derive the current line (e.g. '1', '3', '1,3')\n\n### BRANCHING FORMAT \nUse curly braces { and } to open and close branches. \n{ must appear immediately after the line number that opens a branch (e.g. '8.{ F A|B 3') \n} must appear at the end of the line that closes that branch (e.g. '12. @ 5,7}'). Exception: the main (initial) branch does not require a closing }, since it is not opened by {.\nBranches may be nested. But a formula may only be used at a given point if it appeared earlier in the same branch or an outer (enclosing) branch to the current branch. Formulas from closed branches or sibling branches must not be used.\n\n### SYMBOLS \nUse the following symbols for logical operations: \n & = conjunction (and), \n | = disjunction (or), \n ~ = negation (not), \n -> = implication (implies).\n\nQuantifiers symbols:  \n    Ax represents ∀x  \n    Ex represents ∃x\nSo formulas with ∀x and ∃x will be represented by Ax and Ex (A and E followed by the variable x). For example, Ax (H(x)->M(x)) represents ∀x (H(x)→M(x)).\n\n###CONVENTIONS\nAtoms: only uppercase letters not immediately followed by parentesis (e.g. P, Q, R).\nPredicates: uppercase letters immediately followed by parentesis (e.g. H(x), M(y), Q(a,b) ). All predicates must use parentheses.\nVariables: first letter in lowercase, can be followed by letters and numbers (e.g., x, x0, xP0).\n\nWrite only the final proof in <proof>...</proof> tags. Only use <proof>...</proof> tags ONCE. Omit names of the rules. Only use these symbols inside the proof '&' , '->', '~', '|', '@', '(', ')', '{', '}', 'Ax', 'Ex'.\nDo not include explanations, commentary, or extra text inside and outside the <proof>...</proof> tags.\n""}, {'role': 'user', 'content': ""Prove 'Ex P(x), Ax (P(x)->Q(x)) |- Ex Q(x)', using the analytical tableau method. Final answer using the notation described. ""}, {'role': 'assistant', 'content': ' <proof>\n                        1. T Ex P(x) pre\n                        2. T Ax (P(x)->Q(x)) pre\n                        3. F Ex Q(x) conclusion\n                        4. T P(a) 1 \n                        5. T (P(a)->Q(a)) 2 \n                        6. F Q(a) 3 \n                        7.{ F P(a) 5 \n                        8. @ 4,7}    \n                        9.{ T Q(a) 5 \n                        10. @ 6,9}   \n                    </proof>'}, {'role': 'user', 'content': ""Prove 'Ax (P(x)|P(x)) |- Ax P(x)', using the analytical tableau method. Final answer using the notation described.""}, {'role': 'assistant', 'content': ' <proof>\n                            1. T Ax (P(x)|P(x)) pre \n                            2. F Ax P(x) conclusion\n                            3. F P(a) 2          \n                            4. T (P(a)|P(a)) 1   \n                            5.{ T P(a) 4         \n                            6. @ 3,5}            \n                            7.{ T P(a) 4         \n                            8. @ 3,7}            \n                        </proof>'}, {'role': 'user', 'content': ""Prove '|- Ex (D(x)&K(x))->(Ex D(x)|Ex K(x))', using the analytical tableau method. Final answer using the notation described.""}, {'role': 'assistant', 'content': '<proof>\n                            1. F (Ex (D(x)&K(x)) -> (Ex D(x) | Ex K(x))) conclusion\n                            2. T Ex (D(x)&K(x)) 1 \n                            3. F (Ex D(x) | Ex K(x)) 1\n                            4. T (D(a)&K(a)) 2 \n                            5. T D(a) 4 \n                            6. T K(a) 4 \n                            7. F Ex D(x) 3 \n                            8. F Ex K(x) 3 \n                            9. F D(a) 7 \n                            10. @ 5,9 \n                        </proof>'}, {'role': 'user', 'content': ""Prove 'Ax ~(P(x)&~Q(x)), Ax ~Q(x) |- Ax ~P(x)', using the analytical tableau method. Final answer using the notation described.""}, {'role': 'assistant', 'content': '<proof>\n                        1. T Ax ~(P(x)&~Q(x)) pre \n                        2. T Ax ~Q(x) pre \n                        3. F Ax ~P(x) conclusion \n                        4. F ~P(a) 3         \n                        5. T P(a) 4           \n                        6. T ~(P(a)&~Q(a)) 1  \n                        7. T ~Q(a) 2          \n                        8. F (P(a)&~Q(a)) 6   \n                        9.{ F P(a) 8          \n                        10. @ 5,9}           \n                        11.{ F ~Q(a) 8        \n                        12. @ 7,11} \n                    </proof>'}, {'role': 'user', 'content': ""Prove '|- Ex P(x)->~Ax ~P(x)', using the analytical tableau method. Final answer using the notation described.""}, {'role': 'assistant', 'content': '<proof>\n                        1. T Ex (P(x)&~Q(x)) pre \n                        2. F ~Ax (P(x)->Q(x)) conclusion \n                        3. T (P(a)&~Q(a)) 1 \n                        4. T P(a) 3 \n                        5. T ~Q(a) 3 \n                        6. T Ax (P(x)->Q(x)) 2 \n                        7. T (P(a)->Q(a)) 6 \n                        8.{ F P(a) 7 \n                        9. @ 4,8} \n                        10.{ T Q(a) 7 \n                        11. F Q(a) 5  \n                        12. @ 10,11} \n                    </proof>'}, {'role': 'user', 'content': ""Prove'|- Ax ~B(x)->~Ex B(x)' using the analytical tableau method. Only one final answer, surrounded by <proof>...</proof>, using the notation described.""}]","<proof>
1. F (Ax ~B(x) -> ~Ex B(x)) conclusion
2. T Ax ~B(x) 1
3. F ~Ex B(x) 1
4. T Ex B(x) 3
5. T ~B(a) 2
6. T B(a) 4
7. @ 5,6
</proof>","1. F (Ax ~B(x) -> ~Ex B(x)) conclusion
2. T Ax ~B(x) 1
3. F ~Ex B(x) 1
4. T Ex B(x) 3
5. T ~B(a) 2
6. T B(a) 4
7. @ 5,6","The following errors were found:

Error in line 6:
6. T B(a) 4
     ^, The variable used in this formula B(a) is not a new variable and therefore cannot be used in this rule.
Error in line 7:
7. @ 5,6
     ^, None of the formulas referenced by the lines contradict the other formula.",41.676685094833374,stop,1643,1215
|- Ex (B(x)&C)->(Ex B(x)&C),"[{'role': 'system', 'content': ""\nYou are an expert in logic using the semantic Tableaux method. \nYou will receive a first order logic formula and must prove its validity using the semantic tableau method, represent the proof in a Fitch-like notation, following these formatting instructions:\n\n### FORMAT OF PROOF LINES: \nExpanding proof line must be structured like: '<line_number>. <T_or_F> <formula> <origin>'\n- <line_number>: sequential integer, always ending with a dot ('1.', '2.', '3.', ...)\n- <T_or_F> → T for true formulas, F for false formulas. \n- <formula>: the formula derived on that line\n- <origin> is exactly one of:\n    pre (for premises)\n    conclusion (for the conclusion)\n    a comma-separated list of line numbers indicating the formula(s) used to derive the current line (e.g. '1', '3', '1,3')\n\n### BRANCHING FORMAT \nUse curly braces { and } to open and close branches. \n{ must appear immediately after the line number that opens a branch (e.g. '8.{ F A|B 3') \n} must appear at the end of the line that closes that branch (e.g. '12. @ 5,7}'). Exception: the main (initial) branch does not require a closing }, since it is not opened by {.\nBranches may be nested. But a formula may only be used at a given point if it appeared earlier in the same branch or an outer (enclosing) branch to the current branch. Formulas from closed branches or sibling branches must not be used.\n\n### SYMBOLS \nUse the following symbols for logical operations: \n & = conjunction (and), \n | = disjunction (or), \n ~ = negation (not), \n -> = implication (implies).\n\nQuantifiers symbols:  \n    Ax represents ∀x  \n    Ex represents ∃x\nSo formulas with ∀x and ∃x will be represented by Ax and Ex (A and E followed by the variable x). For example, Ax (H(x)->M(x)) represents ∀x (H(x)→M(x)).\n\n###CONVENTIONS\nAtoms: only uppercase letters not immediately followed by parentesis (e.g. P, Q, R).\nPredicates: uppercase letters immediately followed by parentesis (e.g. H(x), M(y), Q(a,b) ). All predicates must use parentheses.\nVariables: first letter in lowercase, can be followed by letters and numbers (e.g., x, x0, xP0).\n\nWrite only the final proof in <proof>...</proof> tags. Only use <proof>...</proof> tags ONCE. Omit names of the rules. Only use these symbols inside the proof '&' , '->', '~', '|', '@', '(', ')', '{', '}', 'Ax', 'Ex'.\nDo not include explanations, commentary, or extra text inside and outside the <proof>...</proof> tags.\n""}, {'role': 'user', 'content': ""Prove 'Ex P(x), Ax (P(x)->Q(x)) |- Ex Q(x)', using the analytical tableau method. Final answer using the notation described. ""}, {'role': 'assistant', 'content': ' <proof>\n                        1. T Ex P(x) pre\n                        2. T Ax (P(x)->Q(x)) pre\n                        3. F Ex Q(x) conclusion\n                        4. T P(a) 1 \n                        5. T (P(a)->Q(a)) 2 \n                        6. F Q(a) 3 \n                        7.{ F P(a) 5 \n                        8. @ 4,7}    \n                        9.{ T Q(a) 5 \n                        10. @ 6,9}   \n                    </proof>'}, {'role': 'user', 'content': ""Prove 'Ax (P(x)|P(x)) |- Ax P(x)', using the analytical tableau method. Final answer using the notation described.""}, {'role': 'assistant', 'content': ' <proof>\n                            1. T Ax (P(x)|P(x)) pre \n                            2. F Ax P(x) conclusion\n                            3. F P(a) 2          \n                            4. T (P(a)|P(a)) 1   \n                            5.{ T P(a) 4         \n                            6. @ 3,5}            \n                            7.{ T P(a) 4         \n                            8. @ 3,7}            \n                        </proof>'}, {'role': 'user', 'content': ""Prove '|- Ex (D(x)&K(x))->(Ex D(x)|Ex K(x))', using the analytical tableau method. Final answer using the notation described.""}, {'role': 'assistant', 'content': '<proof>\n                            1. F (Ex (D(x)&K(x)) -> (Ex D(x) | Ex K(x))) conclusion\n                            2. T Ex (D(x)&K(x)) 1 \n                            3. F (Ex D(x) | Ex K(x)) 1\n                            4. T (D(a)&K(a)) 2 \n                            5. T D(a) 4 \n                            6. T K(a) 4 \n                            7. F Ex D(x) 3 \n                            8. F Ex K(x) 3 \n                            9. F D(a) 7 \n                            10. @ 5,9 \n                        </proof>'}, {'role': 'user', 'content': ""Prove 'Ax ~(P(x)&~Q(x)), Ax ~Q(x) |- Ax ~P(x)', using the analytical tableau method. Final answer using the notation described.""}, {'role': 'assistant', 'content': '<proof>\n                        1. T Ax ~(P(x)&~Q(x)) pre \n                        2. T Ax ~Q(x) pre \n                        3. F Ax ~P(x) conclusion \n                        4. F ~P(a) 3         \n                        5. T P(a) 4           \n                        6. T ~(P(a)&~Q(a)) 1  \n                        7. T ~Q(a) 2          \n                        8. F (P(a)&~Q(a)) 6   \n                        9.{ F P(a) 8          \n                        10. @ 5,9}           \n                        11.{ F ~Q(a) 8        \n                        12. @ 7,11} \n                    </proof>'}, {'role': 'user', 'content': ""Prove '|- Ex P(x)->~Ax ~P(x)', using the analytical tableau method. Final answer using the notation described.""}, {'role': 'assistant', 'content': '<proof>\n                        1. T Ex (P(x)&~Q(x)) pre \n                        2. F ~Ax (P(x)->Q(x)) conclusion \n                        3. T (P(a)&~Q(a)) 1 \n                        4. T P(a) 3 \n                        5. T ~Q(a) 3 \n                        6. T Ax (P(x)->Q(x)) 2 \n                        7. T (P(a)->Q(a)) 6 \n                        8.{ F P(a) 7 \n                        9. @ 4,8} \n                        10.{ T Q(a) 7 \n                        11. F Q(a) 5  \n                        12. @ 10,11} \n                    </proof>'}, {'role': 'user', 'content': ""Prove'|- Ex (B(x)&C)->(Ex B(x)&C)' using the analytical tableau method. Only one final answer, surrounded by <proof>...</proof>, using the notation described.""}]","<proof>
1. F (Ex (B(x)&C) -> (Ex B(x)&C)) conclusion
2. T Ex (B(x)&C) 1
3. F (Ex B(x)&C) 1
4. T (B(a)&C) 2
5. T B(a) 4
6. T C 4
7.{ F Ex B(x) 3
8. T Ax ~B(x) 7
9. T ~B(a) 8
10. @ 5,9}
11.{ F C 3
12. @ 6,11}
</proof>","1. F (Ex (B(x)&C) -> (Ex B(x)&C)) conclusion
2. T Ex (B(x)&C) 1
3. F (Ex B(x)&C) 1
4. T (B(a)&C) 2
5. T B(a) 4
6. T C 4
7.{ F Ex B(x) 3
8. T Ax ~B(x) 7
9. T ~B(a) 8
10. @ 5,9}
11.{ F C 3
12. @ 6,11}","The following errors were found:

Error in line 8:
8. T Ax ~B(x) 7
   ^, The truth value should be F for this rule.
Error in line 8:
8. T Ax ~B(x) 7
     ^, Formula referenced in line 7 is not a existential formula with truth-value T.
Error in line 8:
8. T Ax ~B(x) 7
     ^, Formula Ax ~B(x) is not a valid substitutuion for the existential formula referenced in the line 7.
Error in line 10:
10. @ 5,9}
      ^, None of the formulas referenced by the lines contradict the other formula.",78.13404178619385,stop,1647,2237
|- Ax (B(x)|C)->(Ax B(x)|C),"[{'role': 'system', 'content': ""\nYou are an expert in logic using the semantic Tableaux method. \nYou will receive a first order logic formula and must prove its validity using the semantic tableau method, represent the proof in a Fitch-like notation, following these formatting instructions:\n\n### FORMAT OF PROOF LINES: \nExpanding proof line must be structured like: '<line_number>. <T_or_F> <formula> <origin>'\n- <line_number>: sequential integer, always ending with a dot ('1.', '2.', '3.', ...)\n- <T_or_F> → T for true formulas, F for false formulas. \n- <formula>: the formula derived on that line\n- <origin> is exactly one of:\n    pre (for premises)\n    conclusion (for the conclusion)\n    a comma-separated list of line numbers indicating the formula(s) used to derive the current line (e.g. '1', '3', '1,3')\n\n### BRANCHING FORMAT \nUse curly braces { and } to open and close branches. \n{ must appear immediately after the line number that opens a branch (e.g. '8.{ F A|B 3') \n} must appear at the end of the line that closes that branch (e.g. '12. @ 5,7}'). Exception: the main (initial) branch does not require a closing }, since it is not opened by {.\nBranches may be nested. But a formula may only be used at a given point if it appeared earlier in the same branch or an outer (enclosing) branch to the current branch. Formulas from closed branches or sibling branches must not be used.\n\n### SYMBOLS \nUse the following symbols for logical operations: \n & = conjunction (and), \n | = disjunction (or), \n ~ = negation (not), \n -> = implication (implies).\n\nQuantifiers symbols:  \n    Ax represents ∀x  \n    Ex represents ∃x\nSo formulas with ∀x and ∃x will be represented by Ax and Ex (A and E followed by the variable x). For example, Ax (H(x)->M(x)) represents ∀x (H(x)→M(x)).\n\n###CONVENTIONS\nAtoms: only uppercase letters not immediately followed by parentesis (e.g. P, Q, R).\nPredicates: uppercase letters immediately followed by parentesis (e.g. H(x), M(y), Q(a,b) ). All predicates must use parentheses.\nVariables: first letter in lowercase, can be followed by letters and numbers (e.g., x, x0, xP0).\n\nWrite only the final proof in <proof>...</proof> tags. Only use <proof>...</proof> tags ONCE. Omit names of the rules. Only use these symbols inside the proof '&' , '->', '~', '|', '@', '(', ')', '{', '}', 'Ax', 'Ex'.\nDo not include explanations, commentary, or extra text inside and outside the <proof>...</proof> tags.\n""}, {'role': 'user', 'content': ""Prove 'Ex P(x), Ax (P(x)->Q(x)) |- Ex Q(x)', using the analytical tableau method. Final answer using the notation described. ""}, {'role': 'assistant', 'content': ' <proof>\n                        1. T Ex P(x) pre\n                        2. T Ax (P(x)->Q(x)) pre\n                        3. F Ex Q(x) conclusion\n                        4. T P(a) 1 \n                        5. T (P(a)->Q(a)) 2 \n                        6. F Q(a) 3 \n                        7.{ F P(a) 5 \n                        8. @ 4,7}    \n                        9.{ T Q(a) 5 \n                        10. @ 6,9}   \n                    </proof>'}, {'role': 'user', 'content': ""Prove 'Ax (P(x)|P(x)) |- Ax P(x)', using the analytical tableau method. Final answer using the notation described.""}, {'role': 'assistant', 'content': ' <proof>\n                            1. T Ax (P(x)|P(x)) pre \n                            2. F Ax P(x) conclusion\n                            3. F P(a) 2          \n                            4. T (P(a)|P(a)) 1   \n                            5.{ T P(a) 4         \n                            6. @ 3,5}            \n                            7.{ T P(a) 4         \n                            8. @ 3,7}            \n                        </proof>'}, {'role': 'user', 'content': ""Prove '|- Ex (D(x)&K(x))->(Ex D(x)|Ex K(x))', using the analytical tableau method. Final answer using the notation described.""}, {'role': 'assistant', 'content': '<proof>\n                            1. F (Ex (D(x)&K(x)) -> (Ex D(x) | Ex K(x))) conclusion\n                            2. T Ex (D(x)&K(x)) 1 \n                            3. F (Ex D(x) | Ex K(x)) 1\n                            4. T (D(a)&K(a)) 2 \n                            5. T D(a) 4 \n                            6. T K(a) 4 \n                            7. F Ex D(x) 3 \n                            8. F Ex K(x) 3 \n                            9. F D(a) 7 \n                            10. @ 5,9 \n                        </proof>'}, {'role': 'user', 'content': ""Prove 'Ax ~(P(x)&~Q(x)), Ax ~Q(x) |- Ax ~P(x)', using the analytical tableau method. Final answer using the notation described.""}, {'role': 'assistant', 'content': '<proof>\n                        1. T Ax ~(P(x)&~Q(x)) pre \n                        2. T Ax ~Q(x) pre \n                        3. F Ax ~P(x) conclusion \n                        4. F ~P(a) 3         \n                        5. T P(a) 4           \n                        6. T ~(P(a)&~Q(a)) 1  \n                        7. T ~Q(a) 2          \n                        8. F (P(a)&~Q(a)) 6   \n                        9.{ F P(a) 8          \n                        10. @ 5,9}           \n                        11.{ F ~Q(a) 8        \n                        12. @ 7,11} \n                    </proof>'}, {'role': 'user', 'content': ""Prove '|- Ex P(x)->~Ax ~P(x)', using the analytical tableau method. Final answer using the notation described.""}, {'role': 'assistant', 'content': '<proof>\n                        1. T Ex (P(x)&~Q(x)) pre \n                        2. F ~Ax (P(x)->Q(x)) conclusion \n                        3. T (P(a)&~Q(a)) 1 \n                        4. T P(a) 3 \n                        5. T ~Q(a) 3 \n                        6. T Ax (P(x)->Q(x)) 2 \n                        7. T (P(a)->Q(a)) 6 \n                        8.{ F P(a) 7 \n                        9. @ 4,8} \n                        10.{ T Q(a) 7 \n                        11. F Q(a) 5  \n                        12. @ 10,11} \n                    </proof>'}, {'role': 'user', 'content': ""Prove'|- Ax (B(x)|C)->(Ax B(x)|C)' using the analytical tableau method. Only one final answer, surrounded by <proof>...</proof>, using the notation described.""}]","<proof>
1. F (Ax (B(x)|C) -> (Ax B(x) | C)) conclusion
2. T Ax (B(x)|C) 1
3. F (Ax B(x) | C) 1
4. F Ax B(x) 3
5. F C 3
6. T (B(a)|C) 2
7.{ T B(a) 6
8. F B(b) 4
9. T (B(b)|C) 2
10.{ T C 9
11. @ 5,10}
12.{ T B(b) 9
13. @ 8,12}
14. @ 5,7}
15.{ T C 6
16. @ 5,15}
</proof>","1. F (Ax (B(x)|C) -> (Ax B(x) | C)) conclusion
2. T Ax (B(x)|C) 1
3. F (Ax B(x) | C) 1
4. F Ax B(x) 3
5. F C 3
6. T (B(a)|C) 2
7.{ T B(a) 6
8. F B(b) 4
9. T (B(b)|C) 2
10.{ T C 9
11. @ 5,10}
12.{ T B(b) 9
13. @ 8,12}
14. @ 5,7}
15.{ T C 6
16. @ 5,15}","The following errors were found:

Error in line 10:
10.{ T C 9
^, A beta rule must have exactly two branches.
Error in line 12:
12.{ T B(b) 9
^, A beta rule must have exactly two branches.
Error in line 14:
14. @ 5,7}
      ^, None of the formulas referenced by the lines contradict the other formula.",70.5475742816925,stop,1647,2040
|- (Ax B(x)->C)->Ex (B(x)->C),"[{'role': 'system', 'content': ""\nYou are an expert in logic using the semantic Tableaux method. \nYou will receive a first order logic formula and must prove its validity using the semantic tableau method, represent the proof in a Fitch-like notation, following these formatting instructions:\n\n### FORMAT OF PROOF LINES: \nExpanding proof line must be structured like: '<line_number>. <T_or_F> <formula> <origin>'\n- <line_number>: sequential integer, always ending with a dot ('1.', '2.', '3.', ...)\n- <T_or_F> → T for true formulas, F for false formulas. \n- <formula>: the formula derived on that line\n- <origin> is exactly one of:\n    pre (for premises)\n    conclusion (for the conclusion)\n    a comma-separated list of line numbers indicating the formula(s) used to derive the current line (e.g. '1', '3', '1,3')\n\n### BRANCHING FORMAT \nUse curly braces { and } to open and close branches. \n{ must appear immediately after the line number that opens a branch (e.g. '8.{ F A|B 3') \n} must appear at the end of the line that closes that branch (e.g. '12. @ 5,7}'). Exception: the main (initial) branch does not require a closing }, since it is not opened by {.\nBranches may be nested. But a formula may only be used at a given point if it appeared earlier in the same branch or an outer (enclosing) branch to the current branch. Formulas from closed branches or sibling branches must not be used.\n\n### SYMBOLS \nUse the following symbols for logical operations: \n & = conjunction (and), \n | = disjunction (or), \n ~ = negation (not), \n -> = implication (implies).\n\nQuantifiers symbols:  \n    Ax represents ∀x  \n    Ex represents ∃x\nSo formulas with ∀x and ∃x will be represented by Ax and Ex (A and E followed by the variable x). For example, Ax (H(x)->M(x)) represents ∀x (H(x)→M(x)).\n\n###CONVENTIONS\nAtoms: only uppercase letters not immediately followed by parentesis (e.g. P, Q, R).\nPredicates: uppercase letters immediately followed by parentesis (e.g. H(x), M(y), Q(a,b) ). All predicates must use parentheses.\nVariables: first letter in lowercase, can be followed by letters and numbers (e.g., x, x0, xP0).\n\nWrite only the final proof in <proof>...</proof> tags. Only use <proof>...</proof> tags ONCE. Omit names of the rules. Only use these symbols inside the proof '&' , '->', '~', '|', '@', '(', ')', '{', '}', 'Ax', 'Ex'.\nDo not include explanations, commentary, or extra text inside and outside the <proof>...</proof> tags.\n""}, {'role': 'user', 'content': ""Prove 'Ex P(x), Ax (P(x)->Q(x)) |- Ex Q(x)', using the analytical tableau method. Final answer using the notation described. ""}, {'role': 'assistant', 'content': ' <proof>\n                        1. T Ex P(x) pre\n                        2. T Ax (P(x)->Q(x)) pre\n                        3. F Ex Q(x) conclusion\n                        4. T P(a) 1 \n                        5. T (P(a)->Q(a)) 2 \n                        6. F Q(a) 3 \n                        7.{ F P(a) 5 \n                        8. @ 4,7}    \n                        9.{ T Q(a) 5 \n                        10. @ 6,9}   \n                    </proof>'}, {'role': 'user', 'content': ""Prove 'Ax (P(x)|P(x)) |- Ax P(x)', using the analytical tableau method. Final answer using the notation described.""}, {'role': 'assistant', 'content': ' <proof>\n                            1. T Ax (P(x)|P(x)) pre \n                            2. F Ax P(x) conclusion\n                            3. F P(a) 2          \n                            4. T (P(a)|P(a)) 1   \n                            5.{ T P(a) 4         \n                            6. @ 3,5}            \n                            7.{ T P(a) 4         \n                            8. @ 3,7}            \n                        </proof>'}, {'role': 'user', 'content': ""Prove '|- Ex (D(x)&K(x))->(Ex D(x)|Ex K(x))', using the analytical tableau method. Final answer using the notation described.""}, {'role': 'assistant', 'content': '<proof>\n                            1. F (Ex (D(x)&K(x)) -> (Ex D(x) | Ex K(x))) conclusion\n                            2. T Ex (D(x)&K(x)) 1 \n                            3. F (Ex D(x) | Ex K(x)) 1\n                            4. T (D(a)&K(a)) 2 \n                            5. T D(a) 4 \n                            6. T K(a) 4 \n                            7. F Ex D(x) 3 \n                            8. F Ex K(x) 3 \n                            9. F D(a) 7 \n                            10. @ 5,9 \n                        </proof>'}, {'role': 'user', 'content': ""Prove 'Ax ~(P(x)&~Q(x)), Ax ~Q(x) |- Ax ~P(x)', using the analytical tableau method. Final answer using the notation described.""}, {'role': 'assistant', 'content': '<proof>\n                        1. T Ax ~(P(x)&~Q(x)) pre \n                        2. T Ax ~Q(x) pre \n                        3. F Ax ~P(x) conclusion \n                        4. F ~P(a) 3         \n                        5. T P(a) 4           \n                        6. T ~(P(a)&~Q(a)) 1  \n                        7. T ~Q(a) 2          \n                        8. F (P(a)&~Q(a)) 6   \n                        9.{ F P(a) 8          \n                        10. @ 5,9}           \n                        11.{ F ~Q(a) 8        \n                        12. @ 7,11} \n                    </proof>'}, {'role': 'user', 'content': ""Prove '|- Ex P(x)->~Ax ~P(x)', using the analytical tableau method. Final answer using the notation described.""}, {'role': 'assistant', 'content': '<proof>\n                        1. T Ex (P(x)&~Q(x)) pre \n                        2. F ~Ax (P(x)->Q(x)) conclusion \n                        3. T (P(a)&~Q(a)) 1 \n                        4. T P(a) 3 \n                        5. T ~Q(a) 3 \n                        6. T Ax (P(x)->Q(x)) 2 \n                        7. T (P(a)->Q(a)) 6 \n                        8.{ F P(a) 7 \n                        9. @ 4,8} \n                        10.{ T Q(a) 7 \n                        11. F Q(a) 5  \n                        12. @ 10,11} \n                    </proof>'}, {'role': 'user', 'content': ""Prove'|- (Ax B(x)->C)->Ex (B(x)->C)' using the analytical tableau method. Only one final answer, surrounded by <proof>...</proof>, using the notation described.""}]","<proof>
1. F ((Ax B(x)->C) -> Ex (B(x)->C)) conclusion
2. T Ax (B(x)->C) 1
3. F Ex (B(x)->C) 1
4. F (B(a)->C) 3
5. T (B(a)->C) 2
6.{ @ 4,5}
</proof>","1. F ((Ax B(x)->C) -> Ex (B(x)->C)) conclusion
2. T Ax (B(x)->C) 1
3. F Ex (B(x)->C) 1
4. F (B(a)->C) 3
5. T (B(a)->C) 2
6.{ @ 4,5}","The following errors were found:

One of definitions are not completed. Please, check whether all rules are correctly written.
Recall that a rule of inference starts with a numeber, followed by . (reference line), the truth value of the formula (T or F), has a formula and the justification (premise, conclusion or one of the inference rules with its formula references).Sintax error:
6.{ @ 4,5}
    ^
",104.06812238693236,stop,1647,2980
|- Ex (B->C(x))->(B->Ex C(x)),"[{'role': 'system', 'content': ""\nYou are an expert in logic using the semantic Tableaux method. \nYou will receive a first order logic formula and must prove its validity using the semantic tableau method, represent the proof in a Fitch-like notation, following these formatting instructions:\n\n### FORMAT OF PROOF LINES: \nExpanding proof line must be structured like: '<line_number>. <T_or_F> <formula> <origin>'\n- <line_number>: sequential integer, always ending with a dot ('1.', '2.', '3.', ...)\n- <T_or_F> → T for true formulas, F for false formulas. \n- <formula>: the formula derived on that line\n- <origin> is exactly one of:\n    pre (for premises)\n    conclusion (for the conclusion)\n    a comma-separated list of line numbers indicating the formula(s) used to derive the current line (e.g. '1', '3', '1,3')\n\n### BRANCHING FORMAT \nUse curly braces { and } to open and close branches. \n{ must appear immediately after the line number that opens a branch (e.g. '8.{ F A|B 3') \n} must appear at the end of the line that closes that branch (e.g. '12. @ 5,7}'). Exception: the main (initial) branch does not require a closing }, since it is not opened by {.\nBranches may be nested. But a formula may only be used at a given point if it appeared earlier in the same branch or an outer (enclosing) branch to the current branch. Formulas from closed branches or sibling branches must not be used.\n\n### SYMBOLS \nUse the following symbols for logical operations: \n & = conjunction (and), \n | = disjunction (or), \n ~ = negation (not), \n -> = implication (implies).\n\nQuantifiers symbols:  \n    Ax represents ∀x  \n    Ex represents ∃x\nSo formulas with ∀x and ∃x will be represented by Ax and Ex (A and E followed by the variable x). For example, Ax (H(x)->M(x)) represents ∀x (H(x)→M(x)).\n\n###CONVENTIONS\nAtoms: only uppercase letters not immediately followed by parentesis (e.g. P, Q, R).\nPredicates: uppercase letters immediately followed by parentesis (e.g. H(x), M(y), Q(a,b) ). All predicates must use parentheses.\nVariables: first letter in lowercase, can be followed by letters and numbers (e.g., x, x0, xP0).\n\nWrite only the final proof in <proof>...</proof> tags. Only use <proof>...</proof> tags ONCE. Omit names of the rules. Only use these symbols inside the proof '&' , '->', '~', '|', '@', '(', ')', '{', '}', 'Ax', 'Ex'.\nDo not include explanations, commentary, or extra text inside and outside the <proof>...</proof> tags.\n""}, {'role': 'user', 'content': ""Prove 'Ex P(x), Ax (P(x)->Q(x)) |- Ex Q(x)', using the analytical tableau method. Final answer using the notation described. ""}, {'role': 'assistant', 'content': ' <proof>\n                        1. T Ex P(x) pre\n                        2. T Ax (P(x)->Q(x)) pre\n                        3. F Ex Q(x) conclusion\n                        4. T P(a) 1 \n                        5. T (P(a)->Q(a)) 2 \n                        6. F Q(a) 3 \n                        7.{ F P(a) 5 \n                        8. @ 4,7}    \n                        9.{ T Q(a) 5 \n                        10. @ 6,9}   \n                    </proof>'}, {'role': 'user', 'content': ""Prove 'Ax (P(x)|P(x)) |- Ax P(x)', using the analytical tableau method. Final answer using the notation described.""}, {'role': 'assistant', 'content': ' <proof>\n                            1. T Ax (P(x)|P(x)) pre \n                            2. F Ax P(x) conclusion\n                            3. F P(a) 2          \n                            4. T (P(a)|P(a)) 1   \n                            5.{ T P(a) 4         \n                            6. @ 3,5}            \n                            7.{ T P(a) 4         \n                            8. @ 3,7}            \n                        </proof>'}, {'role': 'user', 'content': ""Prove '|- Ex (D(x)&K(x))->(Ex D(x)|Ex K(x))', using the analytical tableau method. Final answer using the notation described.""}, {'role': 'assistant', 'content': '<proof>\n                            1. F (Ex (D(x)&K(x)) -> (Ex D(x) | Ex K(x))) conclusion\n                            2. T Ex (D(x)&K(x)) 1 \n                            3. F (Ex D(x) | Ex K(x)) 1\n                            4. T (D(a)&K(a)) 2 \n                            5. T D(a) 4 \n                            6. T K(a) 4 \n                            7. F Ex D(x) 3 \n                            8. F Ex K(x) 3 \n                            9. F D(a) 7 \n                            10. @ 5,9 \n                        </proof>'}, {'role': 'user', 'content': ""Prove 'Ax ~(P(x)&~Q(x)), Ax ~Q(x) |- Ax ~P(x)', using the analytical tableau method. Final answer using the notation described.""}, {'role': 'assistant', 'content': '<proof>\n                        1. T Ax ~(P(x)&~Q(x)) pre \n                        2. T Ax ~Q(x) pre \n                        3. F Ax ~P(x) conclusion \n                        4. F ~P(a) 3         \n                        5. T P(a) 4           \n                        6. T ~(P(a)&~Q(a)) 1  \n                        7. T ~Q(a) 2          \n                        8. F (P(a)&~Q(a)) 6   \n                        9.{ F P(a) 8          \n                        10. @ 5,9}           \n                        11.{ F ~Q(a) 8        \n                        12. @ 7,11} \n                    </proof>'}, {'role': 'user', 'content': ""Prove '|- Ex P(x)->~Ax ~P(x)', using the analytical tableau method. Final answer using the notation described.""}, {'role': 'assistant', 'content': '<proof>\n                        1. T Ex (P(x)&~Q(x)) pre \n                        2. F ~Ax (P(x)->Q(x)) conclusion \n                        3. T (P(a)&~Q(a)) 1 \n                        4. T P(a) 3 \n                        5. T ~Q(a) 3 \n                        6. T Ax (P(x)->Q(x)) 2 \n                        7. T (P(a)->Q(a)) 6 \n                        8.{ F P(a) 7 \n                        9. @ 4,8} \n                        10.{ T Q(a) 7 \n                        11. F Q(a) 5  \n                        12. @ 10,11} \n                    </proof>'}, {'role': 'user', 'content': ""Prove'|- Ex (B->C(x))->(B->Ex C(x))' using the analytical tableau method. Only one final answer, surrounded by <proof>...</proof>, using the notation described.""}]","<proof>
1. F (Ex (B->C(x)) -> (B->Ex C(x))) conclusion
2. T Ex (B->C(x)) 1
3. F (B->Ex C(x)) 1
4. T B 3
5. F Ex C(x) 3
6. T (B->C(a)) 2
7.{ F B 6
8. @ 4,7}
9.{ T C(a) 6
10. F C(a) 5
11. @ 9,10}
</proof>","1. F (Ex (B->C(x)) -> (B->Ex C(x))) conclusion
2. T Ex (B->C(x)) 1
3. F (B->Ex C(x)) 1
4. T B 3
5. F Ex C(x) 3
6. T (B->C(a)) 2
7.{ F B 6
8. @ 4,7}
9.{ T C(a) 6
10. F C(a) 5
11. @ 9,10}",The proof is valid.,42.62527060508728,stop,1648,1231
|- (B->Ex C(x))->Ex (B->C(x)),"[{'role': 'system', 'content': ""\nYou are an expert in logic using the semantic Tableaux method. \nYou will receive a first order logic formula and must prove its validity using the semantic tableau method, represent the proof in a Fitch-like notation, following these formatting instructions:\n\n### FORMAT OF PROOF LINES: \nExpanding proof line must be structured like: '<line_number>. <T_or_F> <formula> <origin>'\n- <line_number>: sequential integer, always ending with a dot ('1.', '2.', '3.', ...)\n- <T_or_F> → T for true formulas, F for false formulas. \n- <formula>: the formula derived on that line\n- <origin> is exactly one of:\n    pre (for premises)\n    conclusion (for the conclusion)\n    a comma-separated list of line numbers indicating the formula(s) used to derive the current line (e.g. '1', '3', '1,3')\n\n### BRANCHING FORMAT \nUse curly braces { and } to open and close branches. \n{ must appear immediately after the line number that opens a branch (e.g. '8.{ F A|B 3') \n} must appear at the end of the line that closes that branch (e.g. '12. @ 5,7}'). Exception: the main (initial) branch does not require a closing }, since it is not opened by {.\nBranches may be nested. But a formula may only be used at a given point if it appeared earlier in the same branch or an outer (enclosing) branch to the current branch. Formulas from closed branches or sibling branches must not be used.\n\n### SYMBOLS \nUse the following symbols for logical operations: \n & = conjunction (and), \n | = disjunction (or), \n ~ = negation (not), \n -> = implication (implies).\n\nQuantifiers symbols:  \n    Ax represents ∀x  \n    Ex represents ∃x\nSo formulas with ∀x and ∃x will be represented by Ax and Ex (A and E followed by the variable x). For example, Ax (H(x)->M(x)) represents ∀x (H(x)→M(x)).\n\n###CONVENTIONS\nAtoms: only uppercase letters not immediately followed by parentesis (e.g. P, Q, R).\nPredicates: uppercase letters immediately followed by parentesis (e.g. H(x), M(y), Q(a,b) ). All predicates must use parentheses.\nVariables: first letter in lowercase, can be followed by letters and numbers (e.g., x, x0, xP0).\n\nWrite only the final proof in <proof>...</proof> tags. Only use <proof>...</proof> tags ONCE. Omit names of the rules. Only use these symbols inside the proof '&' , '->', '~', '|', '@', '(', ')', '{', '}', 'Ax', 'Ex'.\nDo not include explanations, commentary, or extra text inside and outside the <proof>...</proof> tags.\n""}, {'role': 'user', 'content': ""Prove 'Ex P(x), Ax (P(x)->Q(x)) |- Ex Q(x)', using the analytical tableau method. Final answer using the notation described. ""}, {'role': 'assistant', 'content': ' <proof>\n                        1. T Ex P(x) pre\n                        2. T Ax (P(x)->Q(x)) pre\n                        3. F Ex Q(x) conclusion\n                        4. T P(a) 1 \n                        5. T (P(a)->Q(a)) 2 \n                        6. F Q(a) 3 \n                        7.{ F P(a) 5 \n                        8. @ 4,7}    \n                        9.{ T Q(a) 5 \n                        10. @ 6,9}   \n                    </proof>'}, {'role': 'user', 'content': ""Prove 'Ax (P(x)|P(x)) |- Ax P(x)', using the analytical tableau method. Final answer using the notation described.""}, {'role': 'assistant', 'content': ' <proof>\n                            1. T Ax (P(x)|P(x)) pre \n                            2. F Ax P(x) conclusion\n                            3. F P(a) 2          \n                            4. T (P(a)|P(a)) 1   \n                            5.{ T P(a) 4         \n                            6. @ 3,5}            \n                            7.{ T P(a) 4         \n                            8. @ 3,7}            \n                        </proof>'}, {'role': 'user', 'content': ""Prove '|- Ex (D(x)&K(x))->(Ex D(x)|Ex K(x))', using the analytical tableau method. Final answer using the notation described.""}, {'role': 'assistant', 'content': '<proof>\n                            1. F (Ex (D(x)&K(x)) -> (Ex D(x) | Ex K(x))) conclusion\n                            2. T Ex (D(x)&K(x)) 1 \n                            3. F (Ex D(x) | Ex K(x)) 1\n                            4. T (D(a)&K(a)) 2 \n                            5. T D(a) 4 \n                            6. T K(a) 4 \n                            7. F Ex D(x) 3 \n                            8. F Ex K(x) 3 \n                            9. F D(a) 7 \n                            10. @ 5,9 \n                        </proof>'}, {'role': 'user', 'content': ""Prove 'Ax ~(P(x)&~Q(x)), Ax ~Q(x) |- Ax ~P(x)', using the analytical tableau method. Final answer using the notation described.""}, {'role': 'assistant', 'content': '<proof>\n                        1. T Ax ~(P(x)&~Q(x)) pre \n                        2. T Ax ~Q(x) pre \n                        3. F Ax ~P(x) conclusion \n                        4. F ~P(a) 3         \n                        5. T P(a) 4           \n                        6. T ~(P(a)&~Q(a)) 1  \n                        7. T ~Q(a) 2          \n                        8. F (P(a)&~Q(a)) 6   \n                        9.{ F P(a) 8          \n                        10. @ 5,9}           \n                        11.{ F ~Q(a) 8        \n                        12. @ 7,11} \n                    </proof>'}, {'role': 'user', 'content': ""Prove '|- Ex P(x)->~Ax ~P(x)', using the analytical tableau method. Final answer using the notation described.""}, {'role': 'assistant', 'content': '<proof>\n                        1. T Ex (P(x)&~Q(x)) pre \n                        2. F ~Ax (P(x)->Q(x)) conclusion \n                        3. T (P(a)&~Q(a)) 1 \n                        4. T P(a) 3 \n                        5. T ~Q(a) 3 \n                        6. T Ax (P(x)->Q(x)) 2 \n                        7. T (P(a)->Q(a)) 6 \n                        8.{ F P(a) 7 \n                        9. @ 4,8} \n                        10.{ T Q(a) 7 \n                        11. F Q(a) 5  \n                        12. @ 10,11} \n                    </proof>'}, {'role': 'user', 'content': ""Prove'|- (B->Ex C(x))->Ex (B->C(x))' using the analytical tableau method. Only one final answer, surrounded by <proof>...</proof>, using the notation described.""}]","<proof>
1. F ((B->Ex C(x))->Ex (B->C(x))) conclusion
2. T B->Ex C(x) 1
3. F Ex (B->C(x)) 1
4. F (B->C(a)) 3
5. T B 4
6. F C(a) 4
7.{ F B 2
8. @ 5,7}
9.{ T Ex C(x) 2
10. T C(a) 9
11. @ 6,10}
</proof>","1. F ((B->Ex C(x))->Ex (B->C(x))) conclusion
2. T B->Ex C(x) 1
3. F Ex (B->C(x)) 1
4. F (B->C(a)) 3
5. T B 4
6. F C(a) 4
7.{ F B 2
8. @ 5,7}
9.{ T Ex C(x) 2
10. T C(a) 9
11. @ 6,10}","The following errors were found:

Error in line 10:
10. T C(a) 9
      ^, The variable used in this formula C(a) is not a new variable and therefore cannot be used in this rule.",136.15789008140564,stop,1648,3840
|- Ex (B(x)->Ax B(x)),"[{'role': 'system', 'content': ""\nYou are an expert in logic using the semantic Tableaux method. \nYou will receive a first order logic formula and must prove its validity using the semantic tableau method, represent the proof in a Fitch-like notation, following these formatting instructions:\n\n### FORMAT OF PROOF LINES: \nExpanding proof line must be structured like: '<line_number>. <T_or_F> <formula> <origin>'\n- <line_number>: sequential integer, always ending with a dot ('1.', '2.', '3.', ...)\n- <T_or_F> → T for true formulas, F for false formulas. \n- <formula>: the formula derived on that line\n- <origin> is exactly one of:\n    pre (for premises)\n    conclusion (for the conclusion)\n    a comma-separated list of line numbers indicating the formula(s) used to derive the current line (e.g. '1', '3', '1,3')\n\n### BRANCHING FORMAT \nUse curly braces { and } to open and close branches. \n{ must appear immediately after the line number that opens a branch (e.g. '8.{ F A|B 3') \n} must appear at the end of the line that closes that branch (e.g. '12. @ 5,7}'). Exception: the main (initial) branch does not require a closing }, since it is not opened by {.\nBranches may be nested. But a formula may only be used at a given point if it appeared earlier in the same branch or an outer (enclosing) branch to the current branch. Formulas from closed branches or sibling branches must not be used.\n\n### SYMBOLS \nUse the following symbols for logical operations: \n & = conjunction (and), \n | = disjunction (or), \n ~ = negation (not), \n -> = implication (implies).\n\nQuantifiers symbols:  \n    Ax represents ∀x  \n    Ex represents ∃x\nSo formulas with ∀x and ∃x will be represented by Ax and Ex (A and E followed by the variable x). For example, Ax (H(x)->M(x)) represents ∀x (H(x)→M(x)).\n\n###CONVENTIONS\nAtoms: only uppercase letters not immediately followed by parentesis (e.g. P, Q, R).\nPredicates: uppercase letters immediately followed by parentesis (e.g. H(x), M(y), Q(a,b) ). All predicates must use parentheses.\nVariables: first letter in lowercase, can be followed by letters and numbers (e.g., x, x0, xP0).\n\nWrite only the final proof in <proof>...</proof> tags. Only use <proof>...</proof> tags ONCE. Omit names of the rules. Only use these symbols inside the proof '&' , '->', '~', '|', '@', '(', ')', '{', '}', 'Ax', 'Ex'.\nDo not include explanations, commentary, or extra text inside and outside the <proof>...</proof> tags.\n""}, {'role': 'user', 'content': ""Prove 'Ex P(x), Ax (P(x)->Q(x)) |- Ex Q(x)', using the analytical tableau method. Final answer using the notation described. ""}, {'role': 'assistant', 'content': ' <proof>\n                        1. T Ex P(x) pre\n                        2. T Ax (P(x)->Q(x)) pre\n                        3. F Ex Q(x) conclusion\n                        4. T P(a) 1 \n                        5. T (P(a)->Q(a)) 2 \n                        6. F Q(a) 3 \n                        7.{ F P(a) 5 \n                        8. @ 4,7}    \n                        9.{ T Q(a) 5 \n                        10. @ 6,9}   \n                    </proof>'}, {'role': 'user', 'content': ""Prove 'Ax (P(x)|P(x)) |- Ax P(x)', using the analytical tableau method. Final answer using the notation described.""}, {'role': 'assistant', 'content': ' <proof>\n                            1. T Ax (P(x)|P(x)) pre \n                            2. F Ax P(x) conclusion\n                            3. F P(a) 2          \n                            4. T (P(a)|P(a)) 1   \n                            5.{ T P(a) 4         \n                            6. @ 3,5}            \n                            7.{ T P(a) 4         \n                            8. @ 3,7}            \n                        </proof>'}, {'role': 'user', 'content': ""Prove '|- Ex (D(x)&K(x))->(Ex D(x)|Ex K(x))', using the analytical tableau method. Final answer using the notation described.""}, {'role': 'assistant', 'content': '<proof>\n                            1. F (Ex (D(x)&K(x)) -> (Ex D(x) | Ex K(x))) conclusion\n                            2. T Ex (D(x)&K(x)) 1 \n                            3. F (Ex D(x) | Ex K(x)) 1\n                            4. T (D(a)&K(a)) 2 \n                            5. T D(a) 4 \n                            6. T K(a) 4 \n                            7. F Ex D(x) 3 \n                            8. F Ex K(x) 3 \n                            9. F D(a) 7 \n                            10. @ 5,9 \n                        </proof>'}, {'role': 'user', 'content': ""Prove 'Ax ~(P(x)&~Q(x)), Ax ~Q(x) |- Ax ~P(x)', using the analytical tableau method. Final answer using the notation described.""}, {'role': 'assistant', 'content': '<proof>\n                        1. T Ax ~(P(x)&~Q(x)) pre \n                        2. T Ax ~Q(x) pre \n                        3. F Ax ~P(x) conclusion \n                        4. F ~P(a) 3         \n                        5. T P(a) 4           \n                        6. T ~(P(a)&~Q(a)) 1  \n                        7. T ~Q(a) 2          \n                        8. F (P(a)&~Q(a)) 6   \n                        9.{ F P(a) 8          \n                        10. @ 5,9}           \n                        11.{ F ~Q(a) 8        \n                        12. @ 7,11} \n                    </proof>'}, {'role': 'user', 'content': ""Prove '|- Ex P(x)->~Ax ~P(x)', using the analytical tableau method. Final answer using the notation described.""}, {'role': 'assistant', 'content': '<proof>\n                        1. T Ex (P(x)&~Q(x)) pre \n                        2. F ~Ax (P(x)->Q(x)) conclusion \n                        3. T (P(a)&~Q(a)) 1 \n                        4. T P(a) 3 \n                        5. T ~Q(a) 3 \n                        6. T Ax (P(x)->Q(x)) 2 \n                        7. T (P(a)->Q(a)) 6 \n                        8.{ F P(a) 7 \n                        9. @ 4,8} \n                        10.{ T Q(a) 7 \n                        11. F Q(a) 5  \n                        12. @ 10,11} \n                    </proof>'}, {'role': 'user', 'content': ""Prove'|- Ex (B(x)->Ax B(x))' using the analytical tableau method. Only one final answer, surrounded by <proof>...</proof>, using the notation described.""}]","<proof>
1. F Ex (B(x)->Ax B(x)) conclusion
2. F (B(a)->Ax B(a)) 1
3. T B(a) 2
4. F Ax B(x) 2
5. F B(a) 4
6. @ 3,5
</proof>","1. F Ex (B(x)->Ax B(x)) conclusion
2. F (B(a)->Ax B(a)) 1
3. T B(a) 2
4. F Ax B(x) 2
5. F B(a) 4
6. @ 3,5","The following errors were found:

Error in line 2:
2. F (B(a)->Ax B(a)) 1
     ^, Formula B(a)->Ax B(a) is not a valid substitutuion for the existential formula referenced in the line 1.
Error in line 3:
3. T B(a) 2
^, The next line should be the rule ->F with the formula Ax B(a).
Error in line 4:
4. F Ax B(x) 2
   ^, Formula Ax B(x) (conclusion of the rule) must be the consequent of the implication of the referenced formula with truth-value T.
Error in line 5:
5. F B(a) 4
     ^, The variable used in this formula B(a) is not a new variable and therefore cannot be used in this rule.",106.03372979164124,stop,1643,2953
|- Ex Ay (B(x)->B(y)),"[{'role': 'system', 'content': ""\nYou are an expert in logic using the semantic Tableaux method. \nYou will receive a first order logic formula and must prove its validity using the semantic tableau method, represent the proof in a Fitch-like notation, following these formatting instructions:\n\n### FORMAT OF PROOF LINES: \nExpanding proof line must be structured like: '<line_number>. <T_or_F> <formula> <origin>'\n- <line_number>: sequential integer, always ending with a dot ('1.', '2.', '3.', ...)\n- <T_or_F> → T for true formulas, F for false formulas. \n- <formula>: the formula derived on that line\n- <origin> is exactly one of:\n    pre (for premises)\n    conclusion (for the conclusion)\n    a comma-separated list of line numbers indicating the formula(s) used to derive the current line (e.g. '1', '3', '1,3')\n\n### BRANCHING FORMAT \nUse curly braces { and } to open and close branches. \n{ must appear immediately after the line number that opens a branch (e.g. '8.{ F A|B 3') \n} must appear at the end of the line that closes that branch (e.g. '12. @ 5,7}'). Exception: the main (initial) branch does not require a closing }, since it is not opened by {.\nBranches may be nested. But a formula may only be used at a given point if it appeared earlier in the same branch or an outer (enclosing) branch to the current branch. Formulas from closed branches or sibling branches must not be used.\n\n### SYMBOLS \nUse the following symbols for logical operations: \n & = conjunction (and), \n | = disjunction (or), \n ~ = negation (not), \n -> = implication (implies).\n\nQuantifiers symbols:  \n    Ax represents ∀x  \n    Ex represents ∃x\nSo formulas with ∀x and ∃x will be represented by Ax and Ex (A and E followed by the variable x). For example, Ax (H(x)->M(x)) represents ∀x (H(x)→M(x)).\n\n###CONVENTIONS\nAtoms: only uppercase letters not immediately followed by parentesis (e.g. P, Q, R).\nPredicates: uppercase letters immediately followed by parentesis (e.g. H(x), M(y), Q(a,b) ). All predicates must use parentheses.\nVariables: first letter in lowercase, can be followed by letters and numbers (e.g., x, x0, xP0).\n\nWrite only the final proof in <proof>...</proof> tags. Only use <proof>...</proof> tags ONCE. Omit names of the rules. Only use these symbols inside the proof '&' , '->', '~', '|', '@', '(', ')', '{', '}', 'Ax', 'Ex'.\nDo not include explanations, commentary, or extra text inside and outside the <proof>...</proof> tags.\n""}, {'role': 'user', 'content': ""Prove 'Ex P(x), Ax (P(x)->Q(x)) |- Ex Q(x)', using the analytical tableau method. Final answer using the notation described. ""}, {'role': 'assistant', 'content': ' <proof>\n                        1. T Ex P(x) pre\n                        2. T Ax (P(x)->Q(x)) pre\n                        3. F Ex Q(x) conclusion\n                        4. T P(a) 1 \n                        5. T (P(a)->Q(a)) 2 \n                        6. F Q(a) 3 \n                        7.{ F P(a) 5 \n                        8. @ 4,7}    \n                        9.{ T Q(a) 5 \n                        10. @ 6,9}   \n                    </proof>'}, {'role': 'user', 'content': ""Prove 'Ax (P(x)|P(x)) |- Ax P(x)', using the analytical tableau method. Final answer using the notation described.""}, {'role': 'assistant', 'content': ' <proof>\n                            1. T Ax (P(x)|P(x)) pre \n                            2. F Ax P(x) conclusion\n                            3. F P(a) 2          \n                            4. T (P(a)|P(a)) 1   \n                            5.{ T P(a) 4         \n                            6. @ 3,5}            \n                            7.{ T P(a) 4         \n                            8. @ 3,7}            \n                        </proof>'}, {'role': 'user', 'content': ""Prove '|- Ex (D(x)&K(x))->(Ex D(x)|Ex K(x))', using the analytical tableau method. Final answer using the notation described.""}, {'role': 'assistant', 'content': '<proof>\n                            1. F (Ex (D(x)&K(x)) -> (Ex D(x) | Ex K(x))) conclusion\n                            2. T Ex (D(x)&K(x)) 1 \n                            3. F (Ex D(x) | Ex K(x)) 1\n                            4. T (D(a)&K(a)) 2 \n                            5. T D(a) 4 \n                            6. T K(a) 4 \n                            7. F Ex D(x) 3 \n                            8. F Ex K(x) 3 \n                            9. F D(a) 7 \n                            10. @ 5,9 \n                        </proof>'}, {'role': 'user', 'content': ""Prove 'Ax ~(P(x)&~Q(x)), Ax ~Q(x) |- Ax ~P(x)', using the analytical tableau method. Final answer using the notation described.""}, {'role': 'assistant', 'content': '<proof>\n                        1. T Ax ~(P(x)&~Q(x)) pre \n                        2. T Ax ~Q(x) pre \n                        3. F Ax ~P(x) conclusion \n                        4. F ~P(a) 3         \n                        5. T P(a) 4           \n                        6. T ~(P(a)&~Q(a)) 1  \n                        7. T ~Q(a) 2          \n                        8. F (P(a)&~Q(a)) 6   \n                        9.{ F P(a) 8          \n                        10. @ 5,9}           \n                        11.{ F ~Q(a) 8        \n                        12. @ 7,11} \n                    </proof>'}, {'role': 'user', 'content': ""Prove '|- Ex P(x)->~Ax ~P(x)', using the analytical tableau method. Final answer using the notation described.""}, {'role': 'assistant', 'content': '<proof>\n                        1. T Ex (P(x)&~Q(x)) pre \n                        2. F ~Ax (P(x)->Q(x)) conclusion \n                        3. T (P(a)&~Q(a)) 1 \n                        4. T P(a) 3 \n                        5. T ~Q(a) 3 \n                        6. T Ax (P(x)->Q(x)) 2 \n                        7. T (P(a)->Q(a)) 6 \n                        8.{ F P(a) 7 \n                        9. @ 4,8} \n                        10.{ T Q(a) 7 \n                        11. F Q(a) 5  \n                        12. @ 10,11} \n                    </proof>'}, {'role': 'user', 'content': ""Prove'|- Ex Ay (B(x)->B(y))' using the analytical tableau method. Only one final answer, surrounded by <proof>...</proof>, using the notation described.""}]","<proof>
1. F Ex Ay (B(x)->B(y)) conclusion
2. T Ay (B(a)->B(y)) 1
3. T (B(a)->B(a)) 2
4.{ F B(a) 3
5. @ 4,6}
6.{ T B(a) 3
7. T (B(a)->B(b)) 2
8.{ F B(a) 7
9. @ 6,8}
10.{ T B(b) 7
11. @ 10,12}
12. F B(b) 2 }
</proof>","1. F Ex Ay (B(x)->B(y)) conclusion
2. T Ay (B(a)->B(y)) 1
3. T (B(a)->B(a)) 2
4.{ F B(a) 3
5. @ 4,6}
6.{ T B(a) 3
7. T (B(a)->B(b)) 2
8.{ F B(a) 7
9. @ 6,8}
10.{ T B(b) 7
11. @ 10,12}
12. F B(b) 2 }","The following errors were found:

Error in line 2:
2. T Ay (B(a)->B(y)) 1
   ^, The truth value should be F for this rule.
Error in line 12:
12. F B(b) 2 }
    ^, The truth value should be T for this rule.
Error in line 2:
2. T Ay (B(a)->B(y)) 1
     ^, Formula referenced in line 1 is not a existential formula with truth-value T.
Error in line 5:
5. @ 4,6}
       ^, The reference to the line formula 6 cannot be used, as all references must occur before this rule.
Error in line 6:
6.{ T B(a) 3
^, Formula B(a) (conclusion of the rule) must be the antecedent of the implication of the referenced formula with truth-value F.
Error in line 8:
8.{ F B(a) 7
^, A beta rule must have exactly two branches.
Error in line 10:
10.{ T B(b) 7
^, A beta rule must have exactly two branches.
Error in line 11:
11. @ 10,12}
         ^, The reference to the line formula 12 cannot be used, as all references must occur before this rule.
Error in line 12:
12. F B(b) 2 }
           ^, Formula referenced in line 2 is not a universal formula with truth-value F.
Error in line 12:
12. F B(b) 2 }
      ^, Formula B(b) is not a valid substitution for the universal formula referenced in line 2.",157.32463788986206,stop,1643,4349
Ex (B(x)->C(x)) |- Ax B(x)->Ex C(x),"[{'role': 'system', 'content': ""\nYou are an expert in logic using the semantic Tableaux method. \nYou will receive a first order logic formula and must prove its validity using the semantic tableau method, represent the proof in a Fitch-like notation, following these formatting instructions:\n\n### FORMAT OF PROOF LINES: \nExpanding proof line must be structured like: '<line_number>. <T_or_F> <formula> <origin>'\n- <line_number>: sequential integer, always ending with a dot ('1.', '2.', '3.', ...)\n- <T_or_F> → T for true formulas, F for false formulas. \n- <formula>: the formula derived on that line\n- <origin> is exactly one of:\n    pre (for premises)\n    conclusion (for the conclusion)\n    a comma-separated list of line numbers indicating the formula(s) used to derive the current line (e.g. '1', '3', '1,3')\n\n### BRANCHING FORMAT \nUse curly braces { and } to open and close branches. \n{ must appear immediately after the line number that opens a branch (e.g. '8.{ F A|B 3') \n} must appear at the end of the line that closes that branch (e.g. '12. @ 5,7}'). Exception: the main (initial) branch does not require a closing }, since it is not opened by {.\nBranches may be nested. But a formula may only be used at a given point if it appeared earlier in the same branch or an outer (enclosing) branch to the current branch. Formulas from closed branches or sibling branches must not be used.\n\n### SYMBOLS \nUse the following symbols for logical operations: \n & = conjunction (and), \n | = disjunction (or), \n ~ = negation (not), \n -> = implication (implies).\n\nQuantifiers symbols:  \n    Ax represents ∀x  \n    Ex represents ∃x\nSo formulas with ∀x and ∃x will be represented by Ax and Ex (A and E followed by the variable x). For example, Ax (H(x)->M(x)) represents ∀x (H(x)→M(x)).\n\n###CONVENTIONS\nAtoms: only uppercase letters not immediately followed by parentesis (e.g. P, Q, R).\nPredicates: uppercase letters immediately followed by parentesis (e.g. H(x), M(y), Q(a,b) ). All predicates must use parentheses.\nVariables: first letter in lowercase, can be followed by letters and numbers (e.g., x, x0, xP0).\n\nWrite only the final proof in <proof>...</proof> tags. Only use <proof>...</proof> tags ONCE. Omit names of the rules. Only use these symbols inside the proof '&' , '->', '~', '|', '@', '(', ')', '{', '}', 'Ax', 'Ex'.\nDo not include explanations, commentary, or extra text inside and outside the <proof>...</proof> tags.\n""}, {'role': 'user', 'content': ""Prove 'Ex P(x), Ax (P(x)->Q(x)) |- Ex Q(x)', using the analytical tableau method. Final answer using the notation described. ""}, {'role': 'assistant', 'content': ' <proof>\n                        1. T Ex P(x) pre\n                        2. T Ax (P(x)->Q(x)) pre\n                        3. F Ex Q(x) conclusion\n                        4. T P(a) 1 \n                        5. T (P(a)->Q(a)) 2 \n                        6. F Q(a) 3 \n                        7.{ F P(a) 5 \n                        8. @ 4,7}    \n                        9.{ T Q(a) 5 \n                        10. @ 6,9}   \n                    </proof>'}, {'role': 'user', 'content': ""Prove 'Ax (P(x)|P(x)) |- Ax P(x)', using the analytical tableau method. Final answer using the notation described.""}, {'role': 'assistant', 'content': ' <proof>\n                            1. T Ax (P(x)|P(x)) pre \n                            2. F Ax P(x) conclusion\n                            3. F P(a) 2          \n                            4. T (P(a)|P(a)) 1   \n                            5.{ T P(a) 4         \n                            6. @ 3,5}            \n                            7.{ T P(a) 4         \n                            8. @ 3,7}            \n                        </proof>'}, {'role': 'user', 'content': ""Prove '|- Ex (D(x)&K(x))->(Ex D(x)|Ex K(x))', using the analytical tableau method. Final answer using the notation described.""}, {'role': 'assistant', 'content': '<proof>\n                            1. F (Ex (D(x)&K(x)) -> (Ex D(x) | Ex K(x))) conclusion\n                            2. T Ex (D(x)&K(x)) 1 \n                            3. F (Ex D(x) | Ex K(x)) 1\n                            4. T (D(a)&K(a)) 2 \n                            5. T D(a) 4 \n                            6. T K(a) 4 \n                            7. F Ex D(x) 3 \n                            8. F Ex K(x) 3 \n                            9. F D(a) 7 \n                            10. @ 5,9 \n                        </proof>'}, {'role': 'user', 'content': ""Prove 'Ax ~(P(x)&~Q(x)), Ax ~Q(x) |- Ax ~P(x)', using the analytical tableau method. Final answer using the notation described.""}, {'role': 'assistant', 'content': '<proof>\n                        1. T Ax ~(P(x)&~Q(x)) pre \n                        2. T Ax ~Q(x) pre \n                        3. F Ax ~P(x) conclusion \n                        4. F ~P(a) 3         \n                        5. T P(a) 4           \n                        6. T ~(P(a)&~Q(a)) 1  \n                        7. T ~Q(a) 2          \n                        8. F (P(a)&~Q(a)) 6   \n                        9.{ F P(a) 8          \n                        10. @ 5,9}           \n                        11.{ F ~Q(a) 8        \n                        12. @ 7,11} \n                    </proof>'}, {'role': 'user', 'content': ""Prove '|- Ex P(x)->~Ax ~P(x)', using the analytical tableau method. Final answer using the notation described.""}, {'role': 'assistant', 'content': '<proof>\n                        1. T Ex (P(x)&~Q(x)) pre \n                        2. F ~Ax (P(x)->Q(x)) conclusion \n                        3. T (P(a)&~Q(a)) 1 \n                        4. T P(a) 3 \n                        5. T ~Q(a) 3 \n                        6. T Ax (P(x)->Q(x)) 2 \n                        7. T (P(a)->Q(a)) 6 \n                        8.{ F P(a) 7 \n                        9. @ 4,8} \n                        10.{ T Q(a) 7 \n                        11. F Q(a) 5  \n                        12. @ 10,11} \n                    </proof>'}, {'role': 'user', 'content': ""Prove'Ex (B(x)->C(x)) |- Ax B(x)->Ex C(x)' using the analytical tableau method. Only one final answer, surrounded by <proof>...</proof>, using the notation described.""}]","<proof>
1. T Ex (B(x)->C(x)) pre
2. F (Ax B(x) -> Ex C(x)) conclusion
3. T Ax B(x) 2
4. F Ex C(x) 2
5. T (B(a)->C(a)) 1
6. T Ax ~C(x) 4
7. T ~C(a) 6
8. T B(a) 3
9.{ F B(a) 5
10. @ 8,9}
11.{ T C(a) 5
12. @ 7,11}
</proof>","1. T Ex (B(x)->C(x)) pre
2. F (Ax B(x) -> Ex C(x)) conclusion
3. T Ax B(x) 2
4. F Ex C(x) 2
5. T (B(a)->C(a)) 1
6. T Ax ~C(x) 4
7. T ~C(a) 6
8. T B(a) 3
9.{ F B(a) 5
10. @ 8,9}
11.{ T C(a) 5
12. @ 7,11}","The following errors were found:

Error in line 6:
6. T Ax ~C(x) 4
   ^, The truth value should be F for this rule.
Error in line 6:
6. T Ax ~C(x) 4
     ^, Formula referenced in line 4 is not a existential formula with truth-value T.
Error in line 6:
6. T Ax ~C(x) 4
     ^, Formula Ax ~C(x) is not a valid substitutuion for the existential formula referenced in the line 4.
Error in line 12:
12. @ 7,11}
      ^, None of the formulas referenced by the lines contradict the other formula.",82.52871441841125,stop,1649,2339
"Ax (B(x)->C(x)), Ex (D(x)&B(x)) |- Ex (D(x)&C(x))","[{'role': 'system', 'content': ""\nYou are an expert in logic using the semantic Tableaux method. \nYou will receive a first order logic formula and must prove its validity using the semantic tableau method, represent the proof in a Fitch-like notation, following these formatting instructions:\n\n### FORMAT OF PROOF LINES: \nExpanding proof line must be structured like: '<line_number>. <T_or_F> <formula> <origin>'\n- <line_number>: sequential integer, always ending with a dot ('1.', '2.', '3.', ...)\n- <T_or_F> → T for true formulas, F for false formulas. \n- <formula>: the formula derived on that line\n- <origin> is exactly one of:\n    pre (for premises)\n    conclusion (for the conclusion)\n    a comma-separated list of line numbers indicating the formula(s) used to derive the current line (e.g. '1', '3', '1,3')\n\n### BRANCHING FORMAT \nUse curly braces { and } to open and close branches. \n{ must appear immediately after the line number that opens a branch (e.g. '8.{ F A|B 3') \n} must appear at the end of the line that closes that branch (e.g. '12. @ 5,7}'). Exception: the main (initial) branch does not require a closing }, since it is not opened by {.\nBranches may be nested. But a formula may only be used at a given point if it appeared earlier in the same branch or an outer (enclosing) branch to the current branch. Formulas from closed branches or sibling branches must not be used.\n\n### SYMBOLS \nUse the following symbols for logical operations: \n & = conjunction (and), \n | = disjunction (or), \n ~ = negation (not), \n -> = implication (implies).\n\nQuantifiers symbols:  \n    Ax represents ∀x  \n    Ex represents ∃x\nSo formulas with ∀x and ∃x will be represented by Ax and Ex (A and E followed by the variable x). For example, Ax (H(x)->M(x)) represents ∀x (H(x)→M(x)).\n\n###CONVENTIONS\nAtoms: only uppercase letters not immediately followed by parentesis (e.g. P, Q, R).\nPredicates: uppercase letters immediately followed by parentesis (e.g. H(x), M(y), Q(a,b) ). All predicates must use parentheses.\nVariables: first letter in lowercase, can be followed by letters and numbers (e.g., x, x0, xP0).\n\nWrite only the final proof in <proof>...</proof> tags. Only use <proof>...</proof> tags ONCE. Omit names of the rules. Only use these symbols inside the proof '&' , '->', '~', '|', '@', '(', ')', '{', '}', 'Ax', 'Ex'.\nDo not include explanations, commentary, or extra text inside and outside the <proof>...</proof> tags.\n""}, {'role': 'user', 'content': ""Prove 'Ex P(x), Ax (P(x)->Q(x)) |- Ex Q(x)', using the analytical tableau method. Final answer using the notation described. ""}, {'role': 'assistant', 'content': ' <proof>\n                        1. T Ex P(x) pre\n                        2. T Ax (P(x)->Q(x)) pre\n                        3. F Ex Q(x) conclusion\n                        4. T P(a) 1 \n                        5. T (P(a)->Q(a)) 2 \n                        6. F Q(a) 3 \n                        7.{ F P(a) 5 \n                        8. @ 4,7}    \n                        9.{ T Q(a) 5 \n                        10. @ 6,9}   \n                    </proof>'}, {'role': 'user', 'content': ""Prove 'Ax (P(x)|P(x)) |- Ax P(x)', using the analytical tableau method. Final answer using the notation described.""}, {'role': 'assistant', 'content': ' <proof>\n                            1. T Ax (P(x)|P(x)) pre \n                            2. F Ax P(x) conclusion\n                            3. F P(a) 2          \n                            4. T (P(a)|P(a)) 1   \n                            5.{ T P(a) 4         \n                            6. @ 3,5}            \n                            7.{ T P(a) 4         \n                            8. @ 3,7}            \n                        </proof>'}, {'role': 'user', 'content': ""Prove '|- Ex (D(x)&K(x))->(Ex D(x)|Ex K(x))', using the analytical tableau method. Final answer using the notation described.""}, {'role': 'assistant', 'content': '<proof>\n                            1. F (Ex (D(x)&K(x)) -> (Ex D(x) | Ex K(x))) conclusion\n                            2. T Ex (D(x)&K(x)) 1 \n                            3. F (Ex D(x) | Ex K(x)) 1\n                            4. T (D(a)&K(a)) 2 \n                            5. T D(a) 4 \n                            6. T K(a) 4 \n                            7. F Ex D(x) 3 \n                            8. F Ex K(x) 3 \n                            9. F D(a) 7 \n                            10. @ 5,9 \n                        </proof>'}, {'role': 'user', 'content': ""Prove 'Ax ~(P(x)&~Q(x)), Ax ~Q(x) |- Ax ~P(x)', using the analytical tableau method. Final answer using the notation described.""}, {'role': 'assistant', 'content': '<proof>\n                        1. T Ax ~(P(x)&~Q(x)) pre \n                        2. T Ax ~Q(x) pre \n                        3. F Ax ~P(x) conclusion \n                        4. F ~P(a) 3         \n                        5. T P(a) 4           \n                        6. T ~(P(a)&~Q(a)) 1  \n                        7. T ~Q(a) 2          \n                        8. F (P(a)&~Q(a)) 6   \n                        9.{ F P(a) 8          \n                        10. @ 5,9}           \n                        11.{ F ~Q(a) 8        \n                        12. @ 7,11} \n                    </proof>'}, {'role': 'user', 'content': ""Prove '|- Ex P(x)->~Ax ~P(x)', using the analytical tableau method. Final answer using the notation described.""}, {'role': 'assistant', 'content': '<proof>\n                        1. T Ex (P(x)&~Q(x)) pre \n                        2. F ~Ax (P(x)->Q(x)) conclusion \n                        3. T (P(a)&~Q(a)) 1 \n                        4. T P(a) 3 \n                        5. T ~Q(a) 3 \n                        6. T Ax (P(x)->Q(x)) 2 \n                        7. T (P(a)->Q(a)) 6 \n                        8.{ F P(a) 7 \n                        9. @ 4,8} \n                        10.{ T Q(a) 7 \n                        11. F Q(a) 5  \n                        12. @ 10,11} \n                    </proof>'}, {'role': 'user', 'content': ""Prove'Ax (B(x)->C(x)), Ex (D(x)&B(x)) |- Ex (D(x)&C(x))' using the analytical tableau method. Only one final answer, surrounded by <proof>...</proof>, using the notation described.""}]","<proof>
1. T Ax (B(x)->C(x)) pre
2. T Ex (D(x)&B(a)) pre
3. F Ex (D(x)&C(x)) conclusion
4. T (D(a)&B(a)) 2
5. T D(a) 4
6. T B(a) 4
7. F (D(a)&C(a)) 3
8.{ F D(a) 7
9. @ 5,8}
10.{ F C(a) 7
11. T (B(a)->C(a)) 1
12.{ F B(a) 11
13. @ 6,12}
14.{ T C(a) 11
15. @ 10,14}
</proof>","1. T Ax (B(x)->C(x)) pre
2. T Ex (D(x)&B(a)) pre
3. F Ex (D(x)&C(x)) conclusion
4. T (D(a)&B(a)) 2
5. T D(a) 4
6. T B(a) 4
7. F (D(a)&C(a)) 3
8.{ F D(a) 7
9. @ 5,8}
10.{ F C(a) 7
11. T (B(a)->C(a)) 1
12.{ F B(a) 11
13. @ 6,12}
14.{ T C(a) 11
15. @ 10,14}","The following errors were found:

Error in line 10:
10.{ F C(a) 7
       ^,The open branch must be closed.
Error in line 4:
4. T (D(a)&B(a)) 2
     ^, The variable used in this formula D(a)&B(a) is not a new variable and therefore cannot be used in this rule.",91.10861849784852,stop,1658,2593
Ax Ey (B(x)|C(y)) |- Ey Ax (B(x)|C(y)),"[{'role': 'system', 'content': ""\nYou are an expert in logic using the semantic Tableaux method. \nYou will receive a first order logic formula and must prove its validity using the semantic tableau method, represent the proof in a Fitch-like notation, following these formatting instructions:\n\n### FORMAT OF PROOF LINES: \nExpanding proof line must be structured like: '<line_number>. <T_or_F> <formula> <origin>'\n- <line_number>: sequential integer, always ending with a dot ('1.', '2.', '3.', ...)\n- <T_or_F> → T for true formulas, F for false formulas. \n- <formula>: the formula derived on that line\n- <origin> is exactly one of:\n    pre (for premises)\n    conclusion (for the conclusion)\n    a comma-separated list of line numbers indicating the formula(s) used to derive the current line (e.g. '1', '3', '1,3')\n\n### BRANCHING FORMAT \nUse curly braces { and } to open and close branches. \n{ must appear immediately after the line number that opens a branch (e.g. '8.{ F A|B 3') \n} must appear at the end of the line that closes that branch (e.g. '12. @ 5,7}'). Exception: the main (initial) branch does not require a closing }, since it is not opened by {.\nBranches may be nested. But a formula may only be used at a given point if it appeared earlier in the same branch or an outer (enclosing) branch to the current branch. Formulas from closed branches or sibling branches must not be used.\n\n### SYMBOLS \nUse the following symbols for logical operations: \n & = conjunction (and), \n | = disjunction (or), \n ~ = negation (not), \n -> = implication (implies).\n\nQuantifiers symbols:  \n    Ax represents ∀x  \n    Ex represents ∃x\nSo formulas with ∀x and ∃x will be represented by Ax and Ex (A and E followed by the variable x). For example, Ax (H(x)->M(x)) represents ∀x (H(x)→M(x)).\n\n###CONVENTIONS\nAtoms: only uppercase letters not immediately followed by parentesis (e.g. P, Q, R).\nPredicates: uppercase letters immediately followed by parentesis (e.g. H(x), M(y), Q(a,b) ). All predicates must use parentheses.\nVariables: first letter in lowercase, can be followed by letters and numbers (e.g., x, x0, xP0).\n\nWrite only the final proof in <proof>...</proof> tags. Only use <proof>...</proof> tags ONCE. Omit names of the rules. Only use these symbols inside the proof '&' , '->', '~', '|', '@', '(', ')', '{', '}', 'Ax', 'Ex'.\nDo not include explanations, commentary, or extra text inside and outside the <proof>...</proof> tags.\n""}, {'role': 'user', 'content': ""Prove 'Ex P(x), Ax (P(x)->Q(x)) |- Ex Q(x)', using the analytical tableau method. Final answer using the notation described. ""}, {'role': 'assistant', 'content': ' <proof>\n                        1. T Ex P(x) pre\n                        2. T Ax (P(x)->Q(x)) pre\n                        3. F Ex Q(x) conclusion\n                        4. T P(a) 1 \n                        5. T (P(a)->Q(a)) 2 \n                        6. F Q(a) 3 \n                        7.{ F P(a) 5 \n                        8. @ 4,7}    \n                        9.{ T Q(a) 5 \n                        10. @ 6,9}   \n                    </proof>'}, {'role': 'user', 'content': ""Prove 'Ax (P(x)|P(x)) |- Ax P(x)', using the analytical tableau method. Final answer using the notation described.""}, {'role': 'assistant', 'content': ' <proof>\n                            1. T Ax (P(x)|P(x)) pre \n                            2. F Ax P(x) conclusion\n                            3. F P(a) 2          \n                            4. T (P(a)|P(a)) 1   \n                            5.{ T P(a) 4         \n                            6. @ 3,5}            \n                            7.{ T P(a) 4         \n                            8. @ 3,7}            \n                        </proof>'}, {'role': 'user', 'content': ""Prove '|- Ex (D(x)&K(x))->(Ex D(x)|Ex K(x))', using the analytical tableau method. Final answer using the notation described.""}, {'role': 'assistant', 'content': '<proof>\n                            1. F (Ex (D(x)&K(x)) -> (Ex D(x) | Ex K(x))) conclusion\n                            2. T Ex (D(x)&K(x)) 1 \n                            3. F (Ex D(x) | Ex K(x)) 1\n                            4. T (D(a)&K(a)) 2 \n                            5. T D(a) 4 \n                            6. T K(a) 4 \n                            7. F Ex D(x) 3 \n                            8. F Ex K(x) 3 \n                            9. F D(a) 7 \n                            10. @ 5,9 \n                        </proof>'}, {'role': 'user', 'content': ""Prove 'Ax ~(P(x)&~Q(x)), Ax ~Q(x) |- Ax ~P(x)', using the analytical tableau method. Final answer using the notation described.""}, {'role': 'assistant', 'content': '<proof>\n                        1. T Ax ~(P(x)&~Q(x)) pre \n                        2. T Ax ~Q(x) pre \n                        3. F Ax ~P(x) conclusion \n                        4. F ~P(a) 3         \n                        5. T P(a) 4           \n                        6. T ~(P(a)&~Q(a)) 1  \n                        7. T ~Q(a) 2          \n                        8. F (P(a)&~Q(a)) 6   \n                        9.{ F P(a) 8          \n                        10. @ 5,9}           \n                        11.{ F ~Q(a) 8        \n                        12. @ 7,11} \n                    </proof>'}, {'role': 'user', 'content': ""Prove '|- Ex P(x)->~Ax ~P(x)', using the analytical tableau method. Final answer using the notation described.""}, {'role': 'assistant', 'content': '<proof>\n                        1. T Ex (P(x)&~Q(x)) pre \n                        2. F ~Ax (P(x)->Q(x)) conclusion \n                        3. T (P(a)&~Q(a)) 1 \n                        4. T P(a) 3 \n                        5. T ~Q(a) 3 \n                        6. T Ax (P(x)->Q(x)) 2 \n                        7. T (P(a)->Q(a)) 6 \n                        8.{ F P(a) 7 \n                        9. @ 4,8} \n                        10.{ T Q(a) 7 \n                        11. F Q(a) 5  \n                        12. @ 10,11} \n                    </proof>'}, {'role': 'user', 'content': ""Prove'Ax Ey (B(x)|C(y)) |- Ey Ax (B(x)|C(y))' using the analytical tableau method. Only one final answer, surrounded by <proof>...</proof>, using the notation described.""}]","<proof>
1. T Ax Ey (B(x)|C(y)) pre
2. F Ey Ax (B(x)|C(y)) conclusion
3. T Ey (B(a)|C(y)) 1
4. T (B(a)|C(b)) 3
5. F Ax (B(x)|C(y)) 2
6. F (B(a)|C(y)) 5
7. F B(a) 6
8. F C(y) 6
9.{ T B(a) 4
10. @ 7,9}
11.{ T C(b) 4
12. @ 8,11}
</proof>","1. T Ax Ey (B(x)|C(y)) pre
2. F Ey Ax (B(x)|C(y)) conclusion
3. T Ey (B(a)|C(y)) 1
4. T (B(a)|C(b)) 3
5. F Ax (B(x)|C(y)) 2
6. F (B(a)|C(y)) 5
7. F B(a) 6
8. F C(y) 6
9.{ T B(a) 4
10. @ 7,9}
11.{ T C(b) 4
12. @ 8,11}","The following errors were found:

Error in line 6:
6. F (B(a)|C(y)) 5
     ^, The variable used in this formula B(a)|C(y) is not a new variable and therefore cannot be used in this rule.
Error in line 12:
12. @ 8,11}
      ^, None of the formulas referenced by the lines contradict the other formula.",93.68011689186096,stop,1652,2652
"Ax (B(x)|C(x)), ~Ex B(x) |- Ax C(x)","[{'role': 'system', 'content': ""\nYou are an expert in logic using the semantic Tableaux method. \nYou will receive a first order logic formula and must prove its validity using the semantic tableau method, represent the proof in a Fitch-like notation, following these formatting instructions:\n\n### FORMAT OF PROOF LINES: \nExpanding proof line must be structured like: '<line_number>. <T_or_F> <formula> <origin>'\n- <line_number>: sequential integer, always ending with a dot ('1.', '2.', '3.', ...)\n- <T_or_F> → T for true formulas, F for false formulas. \n- <formula>: the formula derived on that line\n- <origin> is exactly one of:\n    pre (for premises)\n    conclusion (for the conclusion)\n    a comma-separated list of line numbers indicating the formula(s) used to derive the current line (e.g. '1', '3', '1,3')\n\n### BRANCHING FORMAT \nUse curly braces { and } to open and close branches. \n{ must appear immediately after the line number that opens a branch (e.g. '8.{ F A|B 3') \n} must appear at the end of the line that closes that branch (e.g. '12. @ 5,7}'). Exception: the main (initial) branch does not require a closing }, since it is not opened by {.\nBranches may be nested. But a formula may only be used at a given point if it appeared earlier in the same branch or an outer (enclosing) branch to the current branch. Formulas from closed branches or sibling branches must not be used.\n\n### SYMBOLS \nUse the following symbols for logical operations: \n & = conjunction (and), \n | = disjunction (or), \n ~ = negation (not), \n -> = implication (implies).\n\nQuantifiers symbols:  \n    Ax represents ∀x  \n    Ex represents ∃x\nSo formulas with ∀x and ∃x will be represented by Ax and Ex (A and E followed by the variable x). For example, Ax (H(x)->M(x)) represents ∀x (H(x)→M(x)).\n\n###CONVENTIONS\nAtoms: only uppercase letters not immediately followed by parentesis (e.g. P, Q, R).\nPredicates: uppercase letters immediately followed by parentesis (e.g. H(x), M(y), Q(a,b) ). All predicates must use parentheses.\nVariables: first letter in lowercase, can be followed by letters and numbers (e.g., x, x0, xP0).\n\nWrite only the final proof in <proof>...</proof> tags. Only use <proof>...</proof> tags ONCE. Omit names of the rules. Only use these symbols inside the proof '&' , '->', '~', '|', '@', '(', ')', '{', '}', 'Ax', 'Ex'.\nDo not include explanations, commentary, or extra text inside and outside the <proof>...</proof> tags.\n""}, {'role': 'user', 'content': ""Prove 'Ex P(x), Ax (P(x)->Q(x)) |- Ex Q(x)', using the analytical tableau method. Final answer using the notation described. ""}, {'role': 'assistant', 'content': ' <proof>\n                        1. T Ex P(x) pre\n                        2. T Ax (P(x)->Q(x)) pre\n                        3. F Ex Q(x) conclusion\n                        4. T P(a) 1 \n                        5. T (P(a)->Q(a)) 2 \n                        6. F Q(a) 3 \n                        7.{ F P(a) 5 \n                        8. @ 4,7}    \n                        9.{ T Q(a) 5 \n                        10. @ 6,9}   \n                    </proof>'}, {'role': 'user', 'content': ""Prove 'Ax (P(x)|P(x)) |- Ax P(x)', using the analytical tableau method. Final answer using the notation described.""}, {'role': 'assistant', 'content': ' <proof>\n                            1. T Ax (P(x)|P(x)) pre \n                            2. F Ax P(x) conclusion\n                            3. F P(a) 2          \n                            4. T (P(a)|P(a)) 1   \n                            5.{ T P(a) 4         \n                            6. @ 3,5}            \n                            7.{ T P(a) 4         \n                            8. @ 3,7}            \n                        </proof>'}, {'role': 'user', 'content': ""Prove '|- Ex (D(x)&K(x))->(Ex D(x)|Ex K(x))', using the analytical tableau method. Final answer using the notation described.""}, {'role': 'assistant', 'content': '<proof>\n                            1. F (Ex (D(x)&K(x)) -> (Ex D(x) | Ex K(x))) conclusion\n                            2. T Ex (D(x)&K(x)) 1 \n                            3. F (Ex D(x) | Ex K(x)) 1\n                            4. T (D(a)&K(a)) 2 \n                            5. T D(a) 4 \n                            6. T K(a) 4 \n                            7. F Ex D(x) 3 \n                            8. F Ex K(x) 3 \n                            9. F D(a) 7 \n                            10. @ 5,9 \n                        </proof>'}, {'role': 'user', 'content': ""Prove 'Ax ~(P(x)&~Q(x)), Ax ~Q(x) |- Ax ~P(x)', using the analytical tableau method. Final answer using the notation described.""}, {'role': 'assistant', 'content': '<proof>\n                        1. T Ax ~(P(x)&~Q(x)) pre \n                        2. T Ax ~Q(x) pre \n                        3. F Ax ~P(x) conclusion \n                        4. F ~P(a) 3         \n                        5. T P(a) 4           \n                        6. T ~(P(a)&~Q(a)) 1  \n                        7. T ~Q(a) 2          \n                        8. F (P(a)&~Q(a)) 6   \n                        9.{ F P(a) 8          \n                        10. @ 5,9}           \n                        11.{ F ~Q(a) 8        \n                        12. @ 7,11} \n                    </proof>'}, {'role': 'user', 'content': ""Prove '|- Ex P(x)->~Ax ~P(x)', using the analytical tableau method. Final answer using the notation described.""}, {'role': 'assistant', 'content': '<proof>\n                        1. T Ex (P(x)&~Q(x)) pre \n                        2. F ~Ax (P(x)->Q(x)) conclusion \n                        3. T (P(a)&~Q(a)) 1 \n                        4. T P(a) 3 \n                        5. T ~Q(a) 3 \n                        6. T Ax (P(x)->Q(x)) 2 \n                        7. T (P(a)->Q(a)) 6 \n                        8.{ F P(a) 7 \n                        9. @ 4,8} \n                        10.{ T Q(a) 7 \n                        11. F Q(a) 5  \n                        12. @ 10,11} \n                    </proof>'}, {'role': 'user', 'content': ""Prove'Ax (B(x)|C(x)), ~Ex B(x) |- Ax C(x)' using the analytical tableau method. Only one final answer, surrounded by <proof>...</proof>, using the notation described.""}]","<proof>
1. T Ax (B(x)|C(x)) pre
2. T ~Ex B(x) pre
3. F Ax C(x) conclusion
4. F C(a) 3
5. T ~B(a) 2
6. T (B(a)|C(a)) 1
7.{ T B(a) 6
8. @ 5,7}
9.{ T C(a) 6
10. @ 4,9}
</proof>","1. T Ax (B(x)|C(x)) pre
2. T ~Ex B(x) pre
3. F Ax C(x) conclusion
4. F C(a) 3
5. T ~B(a) 2
6. T (B(a)|C(a)) 1
7.{ T B(a) 6
8. @ 5,7}
9.{ T C(a) 6
10. @ 4,9}","The following errors were found:

Error in line 5:
5. T ~B(a) 2
   ^, The truth value should be F for this rule.
Error in line 5:
5. T ~B(a) 2
           ^, Formula ~B(a) is not a valid result for this rule.
Error in line 8:
8. @ 5,7}
     ^, None of the formulas referenced by the lines contradict the other formula.",51.39209294319153,stop,1650,1483
"Ax (B(x)|C(x)), Ax ~B(x) |- Ax C(x)","[{'role': 'system', 'content': ""\nYou are an expert in logic using the semantic Tableaux method. \nYou will receive a first order logic formula and must prove its validity using the semantic tableau method, represent the proof in a Fitch-like notation, following these formatting instructions:\n\n### FORMAT OF PROOF LINES: \nExpanding proof line must be structured like: '<line_number>. <T_or_F> <formula> <origin>'\n- <line_number>: sequential integer, always ending with a dot ('1.', '2.', '3.', ...)\n- <T_or_F> → T for true formulas, F for false formulas. \n- <formula>: the formula derived on that line\n- <origin> is exactly one of:\n    pre (for premises)\n    conclusion (for the conclusion)\n    a comma-separated list of line numbers indicating the formula(s) used to derive the current line (e.g. '1', '3', '1,3')\n\n### BRANCHING FORMAT \nUse curly braces { and } to open and close branches. \n{ must appear immediately after the line number that opens a branch (e.g. '8.{ F A|B 3') \n} must appear at the end of the line that closes that branch (e.g. '12. @ 5,7}'). Exception: the main (initial) branch does not require a closing }, since it is not opened by {.\nBranches may be nested. But a formula may only be used at a given point if it appeared earlier in the same branch or an outer (enclosing) branch to the current branch. Formulas from closed branches or sibling branches must not be used.\n\n### SYMBOLS \nUse the following symbols for logical operations: \n & = conjunction (and), \n | = disjunction (or), \n ~ = negation (not), \n -> = implication (implies).\n\nQuantifiers symbols:  \n    Ax represents ∀x  \n    Ex represents ∃x\nSo formulas with ∀x and ∃x will be represented by Ax and Ex (A and E followed by the variable x). For example, Ax (H(x)->M(x)) represents ∀x (H(x)→M(x)).\n\n###CONVENTIONS\nAtoms: only uppercase letters not immediately followed by parentesis (e.g. P, Q, R).\nPredicates: uppercase letters immediately followed by parentesis (e.g. H(x), M(y), Q(a,b) ). All predicates must use parentheses.\nVariables: first letter in lowercase, can be followed by letters and numbers (e.g., x, x0, xP0).\n\nWrite only the final proof in <proof>...</proof> tags. Only use <proof>...</proof> tags ONCE. Omit names of the rules. Only use these symbols inside the proof '&' , '->', '~', '|', '@', '(', ')', '{', '}', 'Ax', 'Ex'.\nDo not include explanations, commentary, or extra text inside and outside the <proof>...</proof> tags.\n""}, {'role': 'user', 'content': ""Prove 'Ex P(x), Ax (P(x)->Q(x)) |- Ex Q(x)', using the analytical tableau method. Final answer using the notation described. ""}, {'role': 'assistant', 'content': ' <proof>\n                        1. T Ex P(x) pre\n                        2. T Ax (P(x)->Q(x)) pre\n                        3. F Ex Q(x) conclusion\n                        4. T P(a) 1 \n                        5. T (P(a)->Q(a)) 2 \n                        6. F Q(a) 3 \n                        7.{ F P(a) 5 \n                        8. @ 4,7}    \n                        9.{ T Q(a) 5 \n                        10. @ 6,9}   \n                    </proof>'}, {'role': 'user', 'content': ""Prove 'Ax (P(x)|P(x)) |- Ax P(x)', using the analytical tableau method. Final answer using the notation described.""}, {'role': 'assistant', 'content': ' <proof>\n                            1. T Ax (P(x)|P(x)) pre \n                            2. F Ax P(x) conclusion\n                            3. F P(a) 2          \n                            4. T (P(a)|P(a)) 1   \n                            5.{ T P(a) 4         \n                            6. @ 3,5}            \n                            7.{ T P(a) 4         \n                            8. @ 3,7}            \n                        </proof>'}, {'role': 'user', 'content': ""Prove '|- Ex (D(x)&K(x))->(Ex D(x)|Ex K(x))', using the analytical tableau method. Final answer using the notation described.""}, {'role': 'assistant', 'content': '<proof>\n                            1. F (Ex (D(x)&K(x)) -> (Ex D(x) | Ex K(x))) conclusion\n                            2. T Ex (D(x)&K(x)) 1 \n                            3. F (Ex D(x) | Ex K(x)) 1\n                            4. T (D(a)&K(a)) 2 \n                            5. T D(a) 4 \n                            6. T K(a) 4 \n                            7. F Ex D(x) 3 \n                            8. F Ex K(x) 3 \n                            9. F D(a) 7 \n                            10. @ 5,9 \n                        </proof>'}, {'role': 'user', 'content': ""Prove 'Ax ~(P(x)&~Q(x)), Ax ~Q(x) |- Ax ~P(x)', using the analytical tableau method. Final answer using the notation described.""}, {'role': 'assistant', 'content': '<proof>\n                        1. T Ax ~(P(x)&~Q(x)) pre \n                        2. T Ax ~Q(x) pre \n                        3. F Ax ~P(x) conclusion \n                        4. F ~P(a) 3         \n                        5. T P(a) 4           \n                        6. T ~(P(a)&~Q(a)) 1  \n                        7. T ~Q(a) 2          \n                        8. F (P(a)&~Q(a)) 6   \n                        9.{ F P(a) 8          \n                        10. @ 5,9}           \n                        11.{ F ~Q(a) 8        \n                        12. @ 7,11} \n                    </proof>'}, {'role': 'user', 'content': ""Prove '|- Ex P(x)->~Ax ~P(x)', using the analytical tableau method. Final answer using the notation described.""}, {'role': 'assistant', 'content': '<proof>\n                        1. T Ex (P(x)&~Q(x)) pre \n                        2. F ~Ax (P(x)->Q(x)) conclusion \n                        3. T (P(a)&~Q(a)) 1 \n                        4. T P(a) 3 \n                        5. T ~Q(a) 3 \n                        6. T Ax (P(x)->Q(x)) 2 \n                        7. T (P(a)->Q(a)) 6 \n                        8.{ F P(a) 7 \n                        9. @ 4,8} \n                        10.{ T Q(a) 7 \n                        11. F Q(a) 5  \n                        12. @ 10,11} \n                    </proof>'}, {'role': 'user', 'content': ""Prove'Ax (B(x)|C(x)), Ax ~B(x) |- Ax C(x)' using the analytical tableau method. Only one final answer, surrounded by <proof>...</proof>, using the notation described.""}]","<proof>
1. T Ax (B(x)|C(x)) pre
2. T Ax ~B(x) pre
3. F Ax C(x) conclusion
4. F C(a) 3
5. T (B(a)|C(a)) 1
6. T ~B(a) 2
7.{ T B(a) 5
8. @ 6,7}
9.{ T C(a) 5
10. @ 4,9}
</proof>","1. T Ax (B(x)|C(x)) pre
2. T Ax ~B(x) pre
3. F Ax C(x) conclusion
4. F C(a) 3
5. T (B(a)|C(a)) 1
6. T ~B(a) 2
7.{ T B(a) 5
8. @ 6,7}
9.{ T C(a) 5
10. @ 4,9}","The following errors were found:

Error in line 8:
8. @ 6,7}
     ^, None of the formulas referenced by the lines contradict the other formula.",41.54377102851868,stop,1650,1206
"Ax ~(B(x)&~C(x)), ~Ax C(x) |- ~Ax B(x)","[{'role': 'system', 'content': ""\nYou are an expert in logic using the semantic Tableaux method. \nYou will receive a first order logic formula and must prove its validity using the semantic tableau method, represent the proof in a Fitch-like notation, following these formatting instructions:\n\n### FORMAT OF PROOF LINES: \nExpanding proof line must be structured like: '<line_number>. <T_or_F> <formula> <origin>'\n- <line_number>: sequential integer, always ending with a dot ('1.', '2.', '3.', ...)\n- <T_or_F> → T for true formulas, F for false formulas. \n- <formula>: the formula derived on that line\n- <origin> is exactly one of:\n    pre (for premises)\n    conclusion (for the conclusion)\n    a comma-separated list of line numbers indicating the formula(s) used to derive the current line (e.g. '1', '3', '1,3')\n\n### BRANCHING FORMAT \nUse curly braces { and } to open and close branches. \n{ must appear immediately after the line number that opens a branch (e.g. '8.{ F A|B 3') \n} must appear at the end of the line that closes that branch (e.g. '12. @ 5,7}'). Exception: the main (initial) branch does not require a closing }, since it is not opened by {.\nBranches may be nested. But a formula may only be used at a given point if it appeared earlier in the same branch or an outer (enclosing) branch to the current branch. Formulas from closed branches or sibling branches must not be used.\n\n### SYMBOLS \nUse the following symbols for logical operations: \n & = conjunction (and), \n | = disjunction (or), \n ~ = negation (not), \n -> = implication (implies).\n\nQuantifiers symbols:  \n    Ax represents ∀x  \n    Ex represents ∃x\nSo formulas with ∀x and ∃x will be represented by Ax and Ex (A and E followed by the variable x). For example, Ax (H(x)->M(x)) represents ∀x (H(x)→M(x)).\n\n###CONVENTIONS\nAtoms: only uppercase letters not immediately followed by parentesis (e.g. P, Q, R).\nPredicates: uppercase letters immediately followed by parentesis (e.g. H(x), M(y), Q(a,b) ). All predicates must use parentheses.\nVariables: first letter in lowercase, can be followed by letters and numbers (e.g., x, x0, xP0).\n\nWrite only the final proof in <proof>...</proof> tags. Only use <proof>...</proof> tags ONCE. Omit names of the rules. Only use these symbols inside the proof '&' , '->', '~', '|', '@', '(', ')', '{', '}', 'Ax', 'Ex'.\nDo not include explanations, commentary, or extra text inside and outside the <proof>...</proof> tags.\n""}, {'role': 'user', 'content': ""Prove 'Ex P(x), Ax (P(x)->Q(x)) |- Ex Q(x)', using the analytical tableau method. Final answer using the notation described. ""}, {'role': 'assistant', 'content': ' <proof>\n                        1. T Ex P(x) pre\n                        2. T Ax (P(x)->Q(x)) pre\n                        3. F Ex Q(x) conclusion\n                        4. T P(a) 1 \n                        5. T (P(a)->Q(a)) 2 \n                        6. F Q(a) 3 \n                        7.{ F P(a) 5 \n                        8. @ 4,7}    \n                        9.{ T Q(a) 5 \n                        10. @ 6,9}   \n                    </proof>'}, {'role': 'user', 'content': ""Prove 'Ax (P(x)|P(x)) |- Ax P(x)', using the analytical tableau method. Final answer using the notation described.""}, {'role': 'assistant', 'content': ' <proof>\n                            1. T Ax (P(x)|P(x)) pre \n                            2. F Ax P(x) conclusion\n                            3. F P(a) 2          \n                            4. T (P(a)|P(a)) 1   \n                            5.{ T P(a) 4         \n                            6. @ 3,5}            \n                            7.{ T P(a) 4         \n                            8. @ 3,7}            \n                        </proof>'}, {'role': 'user', 'content': ""Prove '|- Ex (D(x)&K(x))->(Ex D(x)|Ex K(x))', using the analytical tableau method. Final answer using the notation described.""}, {'role': 'assistant', 'content': '<proof>\n                            1. F (Ex (D(x)&K(x)) -> (Ex D(x) | Ex K(x))) conclusion\n                            2. T Ex (D(x)&K(x)) 1 \n                            3. F (Ex D(x) | Ex K(x)) 1\n                            4. T (D(a)&K(a)) 2 \n                            5. T D(a) 4 \n                            6. T K(a) 4 \n                            7. F Ex D(x) 3 \n                            8. F Ex K(x) 3 \n                            9. F D(a) 7 \n                            10. @ 5,9 \n                        </proof>'}, {'role': 'user', 'content': ""Prove 'Ax ~(P(x)&~Q(x)), Ax ~Q(x) |- Ax ~P(x)', using the analytical tableau method. Final answer using the notation described.""}, {'role': 'assistant', 'content': '<proof>\n                        1. T Ax ~(P(x)&~Q(x)) pre \n                        2. T Ax ~Q(x) pre \n                        3. F Ax ~P(x) conclusion \n                        4. F ~P(a) 3         \n                        5. T P(a) 4           \n                        6. T ~(P(a)&~Q(a)) 1  \n                        7. T ~Q(a) 2          \n                        8. F (P(a)&~Q(a)) 6   \n                        9.{ F P(a) 8          \n                        10. @ 5,9}           \n                        11.{ F ~Q(a) 8        \n                        12. @ 7,11} \n                    </proof>'}, {'role': 'user', 'content': ""Prove '|- Ex P(x)->~Ax ~P(x)', using the analytical tableau method. Final answer using the notation described.""}, {'role': 'assistant', 'content': '<proof>\n                        1. T Ex (P(x)&~Q(x)) pre \n                        2. F ~Ax (P(x)->Q(x)) conclusion \n                        3. T (P(a)&~Q(a)) 1 \n                        4. T P(a) 3 \n                        5. T ~Q(a) 3 \n                        6. T Ax (P(x)->Q(x)) 2 \n                        7. T (P(a)->Q(a)) 6 \n                        8.{ F P(a) 7 \n                        9. @ 4,8} \n                        10.{ T Q(a) 7 \n                        11. F Q(a) 5  \n                        12. @ 10,11} \n                    </proof>'}, {'role': 'user', 'content': ""Prove'Ax ~(B(x)&~C(x)), ~Ax C(x) |- ~Ax B(x)' using the analytical tableau method. Only one final answer, surrounded by <proof>...</proof>, using the notation described.""}]","<proof>
1. T Ax ~(B(x)&~C(x)) pre
2. T ~Ax C(x) pre
3. F ~Ax B(x) conclusion
4. T ~(B(a)&~C(a)) 1
5. T ~C(a) 2
6. T Ax B(x) 3
7. T B(a) 6
8. F (B(a)&~C(a)) 4
9.{ F B(a) 8
10. @ 7,9}
11.{ F ~C(a) 8
12. @ 5,11}
</proof>","1. T Ax ~(B(x)&~C(x)) pre
2. T ~Ax C(x) pre
3. F ~Ax B(x) conclusion
4. T ~(B(a)&~C(a)) 1
5. T ~C(a) 2
6. T Ax B(x) 3
7. T B(a) 6
8. F (B(a)&~C(a)) 4
9.{ F B(a) 8
10. @ 7,9}
11.{ F ~C(a) 8
12. @ 5,11}","The following errors were found:

Error in line 5:
5. T ~C(a) 2
   ^, The truth value should be F for this rule.
Error in line 5:
5. T ~C(a) 2
           ^, Formula ~C(a) is not a valid result for this rule.",59.20129942893982,stop,1652,1714
"Ax ~(B(x)&~C(x)), Ex ~C(x) |- ~Ax B(x)","[{'role': 'system', 'content': ""\nYou are an expert in logic using the semantic Tableaux method. \nYou will receive a first order logic formula and must prove its validity using the semantic tableau method, represent the proof in a Fitch-like notation, following these formatting instructions:\n\n### FORMAT OF PROOF LINES: \nExpanding proof line must be structured like: '<line_number>. <T_or_F> <formula> <origin>'\n- <line_number>: sequential integer, always ending with a dot ('1.', '2.', '3.', ...)\n- <T_or_F> → T for true formulas, F for false formulas. \n- <formula>: the formula derived on that line\n- <origin> is exactly one of:\n    pre (for premises)\n    conclusion (for the conclusion)\n    a comma-separated list of line numbers indicating the formula(s) used to derive the current line (e.g. '1', '3', '1,3')\n\n### BRANCHING FORMAT \nUse curly braces { and } to open and close branches. \n{ must appear immediately after the line number that opens a branch (e.g. '8.{ F A|B 3') \n} must appear at the end of the line that closes that branch (e.g. '12. @ 5,7}'). Exception: the main (initial) branch does not require a closing }, since it is not opened by {.\nBranches may be nested. But a formula may only be used at a given point if it appeared earlier in the same branch or an outer (enclosing) branch to the current branch. Formulas from closed branches or sibling branches must not be used.\n\n### SYMBOLS \nUse the following symbols for logical operations: \n & = conjunction (and), \n | = disjunction (or), \n ~ = negation (not), \n -> = implication (implies).\n\nQuantifiers symbols:  \n    Ax represents ∀x  \n    Ex represents ∃x\nSo formulas with ∀x and ∃x will be represented by Ax and Ex (A and E followed by the variable x). For example, Ax (H(x)->M(x)) represents ∀x (H(x)→M(x)).\n\n###CONVENTIONS\nAtoms: only uppercase letters not immediately followed by parentesis (e.g. P, Q, R).\nPredicates: uppercase letters immediately followed by parentesis (e.g. H(x), M(y), Q(a,b) ). All predicates must use parentheses.\nVariables: first letter in lowercase, can be followed by letters and numbers (e.g., x, x0, xP0).\n\nWrite only the final proof in <proof>...</proof> tags. Only use <proof>...</proof> tags ONCE. Omit names of the rules. Only use these symbols inside the proof '&' , '->', '~', '|', '@', '(', ')', '{', '}', 'Ax', 'Ex'.\nDo not include explanations, commentary, or extra text inside and outside the <proof>...</proof> tags.\n""}, {'role': 'user', 'content': ""Prove 'Ex P(x), Ax (P(x)->Q(x)) |- Ex Q(x)', using the analytical tableau method. Final answer using the notation described. ""}, {'role': 'assistant', 'content': ' <proof>\n                        1. T Ex P(x) pre\n                        2. T Ax (P(x)->Q(x)) pre\n                        3. F Ex Q(x) conclusion\n                        4. T P(a) 1 \n                        5. T (P(a)->Q(a)) 2 \n                        6. F Q(a) 3 \n                        7.{ F P(a) 5 \n                        8. @ 4,7}    \n                        9.{ T Q(a) 5 \n                        10. @ 6,9}   \n                    </proof>'}, {'role': 'user', 'content': ""Prove 'Ax (P(x)|P(x)) |- Ax P(x)', using the analytical tableau method. Final answer using the notation described.""}, {'role': 'assistant', 'content': ' <proof>\n                            1. T Ax (P(x)|P(x)) pre \n                            2. F Ax P(x) conclusion\n                            3. F P(a) 2          \n                            4. T (P(a)|P(a)) 1   \n                            5.{ T P(a) 4         \n                            6. @ 3,5}            \n                            7.{ T P(a) 4         \n                            8. @ 3,7}            \n                        </proof>'}, {'role': 'user', 'content': ""Prove '|- Ex (D(x)&K(x))->(Ex D(x)|Ex K(x))', using the analytical tableau method. Final answer using the notation described.""}, {'role': 'assistant', 'content': '<proof>\n                            1. F (Ex (D(x)&K(x)) -> (Ex D(x) | Ex K(x))) conclusion\n                            2. T Ex (D(x)&K(x)) 1 \n                            3. F (Ex D(x) | Ex K(x)) 1\n                            4. T (D(a)&K(a)) 2 \n                            5. T D(a) 4 \n                            6. T K(a) 4 \n                            7. F Ex D(x) 3 \n                            8. F Ex K(x) 3 \n                            9. F D(a) 7 \n                            10. @ 5,9 \n                        </proof>'}, {'role': 'user', 'content': ""Prove 'Ax ~(P(x)&~Q(x)), Ax ~Q(x) |- Ax ~P(x)', using the analytical tableau method. Final answer using the notation described.""}, {'role': 'assistant', 'content': '<proof>\n                        1. T Ax ~(P(x)&~Q(x)) pre \n                        2. T Ax ~Q(x) pre \n                        3. F Ax ~P(x) conclusion \n                        4. F ~P(a) 3         \n                        5. T P(a) 4           \n                        6. T ~(P(a)&~Q(a)) 1  \n                        7. T ~Q(a) 2          \n                        8. F (P(a)&~Q(a)) 6   \n                        9.{ F P(a) 8          \n                        10. @ 5,9}           \n                        11.{ F ~Q(a) 8        \n                        12. @ 7,11} \n                    </proof>'}, {'role': 'user', 'content': ""Prove '|- Ex P(x)->~Ax ~P(x)', using the analytical tableau method. Final answer using the notation described.""}, {'role': 'assistant', 'content': '<proof>\n                        1. T Ex (P(x)&~Q(x)) pre \n                        2. F ~Ax (P(x)->Q(x)) conclusion \n                        3. T (P(a)&~Q(a)) 1 \n                        4. T P(a) 3 \n                        5. T ~Q(a) 3 \n                        6. T Ax (P(x)->Q(x)) 2 \n                        7. T (P(a)->Q(a)) 6 \n                        8.{ F P(a) 7 \n                        9. @ 4,8} \n                        10.{ T Q(a) 7 \n                        11. F Q(a) 5  \n                        12. @ 10,11} \n                    </proof>'}, {'role': 'user', 'content': ""Prove'Ax ~(B(x)&~C(x)), Ex ~C(x) |- ~Ax B(x)' using the analytical tableau method. Only one final answer, surrounded by <proof>...</proof>, using the notation described.""}]","<proof>
1. T Ax ~(B(x)&~C(x)) pre
2. T Ex ~C(x) pre
3. F ~Ax B(x) conclusion
4. T Ax B(x) 3
5. T ~(B(a)&~C(a)) 1
6. T B(a) 4
7. T ~C(a) 2
8. F (B(a)&~C(a)) 5
9.{ F B(a) 8
10. @ 6,9}
11.{ F ~C(a) 8
12. @ 7,11}
</proof>","1. T Ax ~(B(x)&~C(x)) pre
2. T Ex ~C(x) pre
3. F ~Ax B(x) conclusion
4. T Ax B(x) 3
5. T ~(B(a)&~C(a)) 1
6. T B(a) 4
7. T ~C(a) 2
8. F (B(a)&~C(a)) 5
9.{ F B(a) 8
10. @ 6,9}
11.{ F ~C(a) 8
12. @ 7,11}","The following errors were found:

Error in line 7:
7. T ~C(a) 2
     ^, The variable used in this formula ~C(a) is not a new variable and therefore cannot be used in this rule.",49.0653088092804,stop,1652,1427
"Ax ~(B(x)&~C(x)), ~Ax C(x) |- Ex ~B(x)","[{'role': 'system', 'content': ""\nYou are an expert in logic using the semantic Tableaux method. \nYou will receive a first order logic formula and must prove its validity using the semantic tableau method, represent the proof in a Fitch-like notation, following these formatting instructions:\n\n### FORMAT OF PROOF LINES: \nExpanding proof line must be structured like: '<line_number>. <T_or_F> <formula> <origin>'\n- <line_number>: sequential integer, always ending with a dot ('1.', '2.', '3.', ...)\n- <T_or_F> → T for true formulas, F for false formulas. \n- <formula>: the formula derived on that line\n- <origin> is exactly one of:\n    pre (for premises)\n    conclusion (for the conclusion)\n    a comma-separated list of line numbers indicating the formula(s) used to derive the current line (e.g. '1', '3', '1,3')\n\n### BRANCHING FORMAT \nUse curly braces { and } to open and close branches. \n{ must appear immediately after the line number that opens a branch (e.g. '8.{ F A|B 3') \n} must appear at the end of the line that closes that branch (e.g. '12. @ 5,7}'). Exception: the main (initial) branch does not require a closing }, since it is not opened by {.\nBranches may be nested. But a formula may only be used at a given point if it appeared earlier in the same branch or an outer (enclosing) branch to the current branch. Formulas from closed branches or sibling branches must not be used.\n\n### SYMBOLS \nUse the following symbols for logical operations: \n & = conjunction (and), \n | = disjunction (or), \n ~ = negation (not), \n -> = implication (implies).\n\nQuantifiers symbols:  \n    Ax represents ∀x  \n    Ex represents ∃x\nSo formulas with ∀x and ∃x will be represented by Ax and Ex (A and E followed by the variable x). For example, Ax (H(x)->M(x)) represents ∀x (H(x)→M(x)).\n\n###CONVENTIONS\nAtoms: only uppercase letters not immediately followed by parentesis (e.g. P, Q, R).\nPredicates: uppercase letters immediately followed by parentesis (e.g. H(x), M(y), Q(a,b) ). All predicates must use parentheses.\nVariables: first letter in lowercase, can be followed by letters and numbers (e.g., x, x0, xP0).\n\nWrite only the final proof in <proof>...</proof> tags. Only use <proof>...</proof> tags ONCE. Omit names of the rules. Only use these symbols inside the proof '&' , '->', '~', '|', '@', '(', ')', '{', '}', 'Ax', 'Ex'.\nDo not include explanations, commentary, or extra text inside and outside the <proof>...</proof> tags.\n""}, {'role': 'user', 'content': ""Prove 'Ex P(x), Ax (P(x)->Q(x)) |- Ex Q(x)', using the analytical tableau method. Final answer using the notation described. ""}, {'role': 'assistant', 'content': ' <proof>\n                        1. T Ex P(x) pre\n                        2. T Ax (P(x)->Q(x)) pre\n                        3. F Ex Q(x) conclusion\n                        4. T P(a) 1 \n                        5. T (P(a)->Q(a)) 2 \n                        6. F Q(a) 3 \n                        7.{ F P(a) 5 \n                        8. @ 4,7}    \n                        9.{ T Q(a) 5 \n                        10. @ 6,9}   \n                    </proof>'}, {'role': 'user', 'content': ""Prove 'Ax (P(x)|P(x)) |- Ax P(x)', using the analytical tableau method. Final answer using the notation described.""}, {'role': 'assistant', 'content': ' <proof>\n                            1. T Ax (P(x)|P(x)) pre \n                            2. F Ax P(x) conclusion\n                            3. F P(a) 2          \n                            4. T (P(a)|P(a)) 1   \n                            5.{ T P(a) 4         \n                            6. @ 3,5}            \n                            7.{ T P(a) 4         \n                            8. @ 3,7}            \n                        </proof>'}, {'role': 'user', 'content': ""Prove '|- Ex (D(x)&K(x))->(Ex D(x)|Ex K(x))', using the analytical tableau method. Final answer using the notation described.""}, {'role': 'assistant', 'content': '<proof>\n                            1. F (Ex (D(x)&K(x)) -> (Ex D(x) | Ex K(x))) conclusion\n                            2. T Ex (D(x)&K(x)) 1 \n                            3. F (Ex D(x) | Ex K(x)) 1\n                            4. T (D(a)&K(a)) 2 \n                            5. T D(a) 4 \n                            6. T K(a) 4 \n                            7. F Ex D(x) 3 \n                            8. F Ex K(x) 3 \n                            9. F D(a) 7 \n                            10. @ 5,9 \n                        </proof>'}, {'role': 'user', 'content': ""Prove 'Ax ~(P(x)&~Q(x)), Ax ~Q(x) |- Ax ~P(x)', using the analytical tableau method. Final answer using the notation described.""}, {'role': 'assistant', 'content': '<proof>\n                        1. T Ax ~(P(x)&~Q(x)) pre \n                        2. T Ax ~Q(x) pre \n                        3. F Ax ~P(x) conclusion \n                        4. F ~P(a) 3         \n                        5. T P(a) 4           \n                        6. T ~(P(a)&~Q(a)) 1  \n                        7. T ~Q(a) 2          \n                        8. F (P(a)&~Q(a)) 6   \n                        9.{ F P(a) 8          \n                        10. @ 5,9}           \n                        11.{ F ~Q(a) 8        \n                        12. @ 7,11} \n                    </proof>'}, {'role': 'user', 'content': ""Prove '|- Ex P(x)->~Ax ~P(x)', using the analytical tableau method. Final answer using the notation described.""}, {'role': 'assistant', 'content': '<proof>\n                        1. T Ex (P(x)&~Q(x)) pre \n                        2. F ~Ax (P(x)->Q(x)) conclusion \n                        3. T (P(a)&~Q(a)) 1 \n                        4. T P(a) 3 \n                        5. T ~Q(a) 3 \n                        6. T Ax (P(x)->Q(x)) 2 \n                        7. T (P(a)->Q(a)) 6 \n                        8.{ F P(a) 7 \n                        9. @ 4,8} \n                        10.{ T Q(a) 7 \n                        11. F Q(a) 5  \n                        12. @ 10,11} \n                    </proof>'}, {'role': 'user', 'content': ""Prove'Ax ~(B(x)&~C(x)), ~Ax C(x) |- Ex ~B(x)' using the analytical tableau method. Only one final answer, surrounded by <proof>...</proof>, using the notation described.""}]","<proof>
1. T Ax ~(B(x)&~C(x)) pre
2. T ~Ax C(x) pre
3. F Ex ~B(x) conclusion
4. T ~C(a) 2
5. F ~B(a) 3
6. T ~(B(a)&~C(a)) 1
7. F (B(a)&~C(a)) 6
8.{ F B(a) 7
9. T B(a) 5
10. @ 8,9}
11.{ F ~C(a) 7
12. T C(a) 11
13. @ 4,12}
</proof>","1. T Ax ~(B(x)&~C(x)) pre
2. T ~Ax C(x) pre
3. F Ex ~B(x) conclusion
4. T ~C(a) 2
5. F ~B(a) 3
6. T ~(B(a)&~C(a)) 1
7. F (B(a)&~C(a)) 6
8.{ F B(a) 7
9. T B(a) 5
10. @ 8,9}
11.{ F ~C(a) 7
12. T C(a) 11
13. @ 4,12}","The following errors were found:

Error in line 4:
4. T ~C(a) 2
   ^, The truth value should be F for this rule.
Error in line 4:
4. T ~C(a) 2
           ^, Formula ~C(a) is not a valid result for this rule.
Error in line 13:
13. @ 4,12}
      ^, None of the formulas referenced by the lines contradict the other formula.",66.85046339035034,stop,1652,1929
"Ax ~(B(x)&~C(x)), Ex ~C(x) |- Ex ~B(x)","[{'role': 'system', 'content': ""\nYou are an expert in logic using the semantic Tableaux method. \nYou will receive a first order logic formula and must prove its validity using the semantic tableau method, represent the proof in a Fitch-like notation, following these formatting instructions:\n\n### FORMAT OF PROOF LINES: \nExpanding proof line must be structured like: '<line_number>. <T_or_F> <formula> <origin>'\n- <line_number>: sequential integer, always ending with a dot ('1.', '2.', '3.', ...)\n- <T_or_F> → T for true formulas, F for false formulas. \n- <formula>: the formula derived on that line\n- <origin> is exactly one of:\n    pre (for premises)\n    conclusion (for the conclusion)\n    a comma-separated list of line numbers indicating the formula(s) used to derive the current line (e.g. '1', '3', '1,3')\n\n### BRANCHING FORMAT \nUse curly braces { and } to open and close branches. \n{ must appear immediately after the line number that opens a branch (e.g. '8.{ F A|B 3') \n} must appear at the end of the line that closes that branch (e.g. '12. @ 5,7}'). Exception: the main (initial) branch does not require a closing }, since it is not opened by {.\nBranches may be nested. But a formula may only be used at a given point if it appeared earlier in the same branch or an outer (enclosing) branch to the current branch. Formulas from closed branches or sibling branches must not be used.\n\n### SYMBOLS \nUse the following symbols for logical operations: \n & = conjunction (and), \n | = disjunction (or), \n ~ = negation (not), \n -> = implication (implies).\n\nQuantifiers symbols:  \n    Ax represents ∀x  \n    Ex represents ∃x\nSo formulas with ∀x and ∃x will be represented by Ax and Ex (A and E followed by the variable x). For example, Ax (H(x)->M(x)) represents ∀x (H(x)→M(x)).\n\n###CONVENTIONS\nAtoms: only uppercase letters not immediately followed by parentesis (e.g. P, Q, R).\nPredicates: uppercase letters immediately followed by parentesis (e.g. H(x), M(y), Q(a,b) ). All predicates must use parentheses.\nVariables: first letter in lowercase, can be followed by letters and numbers (e.g., x, x0, xP0).\n\nWrite only the final proof in <proof>...</proof> tags. Only use <proof>...</proof> tags ONCE. Omit names of the rules. Only use these symbols inside the proof '&' , '->', '~', '|', '@', '(', ')', '{', '}', 'Ax', 'Ex'.\nDo not include explanations, commentary, or extra text inside and outside the <proof>...</proof> tags.\n""}, {'role': 'user', 'content': ""Prove 'Ex P(x), Ax (P(x)->Q(x)) |- Ex Q(x)', using the analytical tableau method. Final answer using the notation described. ""}, {'role': 'assistant', 'content': ' <proof>\n                        1. T Ex P(x) pre\n                        2. T Ax (P(x)->Q(x)) pre\n                        3. F Ex Q(x) conclusion\n                        4. T P(a) 1 \n                        5. T (P(a)->Q(a)) 2 \n                        6. F Q(a) 3 \n                        7.{ F P(a) 5 \n                        8. @ 4,7}    \n                        9.{ T Q(a) 5 \n                        10. @ 6,9}   \n                    </proof>'}, {'role': 'user', 'content': ""Prove 'Ax (P(x)|P(x)) |- Ax P(x)', using the analytical tableau method. Final answer using the notation described.""}, {'role': 'assistant', 'content': ' <proof>\n                            1. T Ax (P(x)|P(x)) pre \n                            2. F Ax P(x) conclusion\n                            3. F P(a) 2          \n                            4. T (P(a)|P(a)) 1   \n                            5.{ T P(a) 4         \n                            6. @ 3,5}            \n                            7.{ T P(a) 4         \n                            8. @ 3,7}            \n                        </proof>'}, {'role': 'user', 'content': ""Prove '|- Ex (D(x)&K(x))->(Ex D(x)|Ex K(x))', using the analytical tableau method. Final answer using the notation described.""}, {'role': 'assistant', 'content': '<proof>\n                            1. F (Ex (D(x)&K(x)) -> (Ex D(x) | Ex K(x))) conclusion\n                            2. T Ex (D(x)&K(x)) 1 \n                            3. F (Ex D(x) | Ex K(x)) 1\n                            4. T (D(a)&K(a)) 2 \n                            5. T D(a) 4 \n                            6. T K(a) 4 \n                            7. F Ex D(x) 3 \n                            8. F Ex K(x) 3 \n                            9. F D(a) 7 \n                            10. @ 5,9 \n                        </proof>'}, {'role': 'user', 'content': ""Prove 'Ax ~(P(x)&~Q(x)), Ax ~Q(x) |- Ax ~P(x)', using the analytical tableau method. Final answer using the notation described.""}, {'role': 'assistant', 'content': '<proof>\n                        1. T Ax ~(P(x)&~Q(x)) pre \n                        2. T Ax ~Q(x) pre \n                        3. F Ax ~P(x) conclusion \n                        4. F ~P(a) 3         \n                        5. T P(a) 4           \n                        6. T ~(P(a)&~Q(a)) 1  \n                        7. T ~Q(a) 2          \n                        8. F (P(a)&~Q(a)) 6   \n                        9.{ F P(a) 8          \n                        10. @ 5,9}           \n                        11.{ F ~Q(a) 8        \n                        12. @ 7,11} \n                    </proof>'}, {'role': 'user', 'content': ""Prove '|- Ex P(x)->~Ax ~P(x)', using the analytical tableau method. Final answer using the notation described.""}, {'role': 'assistant', 'content': '<proof>\n                        1. T Ex (P(x)&~Q(x)) pre \n                        2. F ~Ax (P(x)->Q(x)) conclusion \n                        3. T (P(a)&~Q(a)) 1 \n                        4. T P(a) 3 \n                        5. T ~Q(a) 3 \n                        6. T Ax (P(x)->Q(x)) 2 \n                        7. T (P(a)->Q(a)) 6 \n                        8.{ F P(a) 7 \n                        9. @ 4,8} \n                        10.{ T Q(a) 7 \n                        11. F Q(a) 5  \n                        12. @ 10,11} \n                    </proof>'}, {'role': 'user', 'content': ""Prove'Ax ~(B(x)&~C(x)), Ex ~C(x) |- Ex ~B(x)' using the analytical tableau method. Only one final answer, surrounded by <proof>...</proof>, using the notation described.""}]","<proof>
1. T Ax ~(B(x)&~C(x)) pre
2. T Ex ~C(x) pre
3. F Ex ~B(x) conclusion
4. T ~C(b) 2
5. T ~(B(b)&~C(b)) 1
6. T Ax ~~B(x) 3
7. T ~~B(b) 6
8. F ~B(b) 7
9. F (B(b)&~C(b)) 5
10.{ F B(b) 9
11. T ~B(b) 10
12. @ 8,11}
13.{ F ~C(b) 9
14. @ 4,13}
</proof>","1. T Ax ~(B(x)&~C(x)) pre
2. T Ex ~C(x) pre
3. F Ex ~B(x) conclusion
4. T ~C(b) 2
5. T ~(B(b)&~C(b)) 1
6. T Ax ~~B(x) 3
7. T ~~B(b) 6
8. F ~B(b) 7
9. F (B(b)&~C(b)) 5
10.{ F B(b) 9
11. T ~B(b) 10
12. @ 8,11}
13.{ F ~C(b) 9
14. @ 4,13}","The following errors were found:

Error in line 6:
6. T Ax ~~B(x) 3
   ^, The truth value should be F for this rule.
Error in line 11:
11. T ~B(b) 10
            ^, Cannot apply rule to an atom or predicate.
Error in line 6:
6. T Ax ~~B(x) 3
     ^, Formula referenced in line 3 is not a existential formula with truth-value T.
Error in line 6:
6. T Ax ~~B(x) 3
     ^, Formula Ax ~~B(x) is not a valid substitutuion for the existential formula referenced in the line 3.",134.35217142105105,stop,1652,3791
"Ax (~B(x)|C(x)), Ex B(x) |- Ex C(x)","[{'role': 'system', 'content': ""\nYou are an expert in logic using the semantic Tableaux method. \nYou will receive a first order logic formula and must prove its validity using the semantic tableau method, represent the proof in a Fitch-like notation, following these formatting instructions:\n\n### FORMAT OF PROOF LINES: \nExpanding proof line must be structured like: '<line_number>. <T_or_F> <formula> <origin>'\n- <line_number>: sequential integer, always ending with a dot ('1.', '2.', '3.', ...)\n- <T_or_F> → T for true formulas, F for false formulas. \n- <formula>: the formula derived on that line\n- <origin> is exactly one of:\n    pre (for premises)\n    conclusion (for the conclusion)\n    a comma-separated list of line numbers indicating the formula(s) used to derive the current line (e.g. '1', '3', '1,3')\n\n### BRANCHING FORMAT \nUse curly braces { and } to open and close branches. \n{ must appear immediately after the line number that opens a branch (e.g. '8.{ F A|B 3') \n} must appear at the end of the line that closes that branch (e.g. '12. @ 5,7}'). Exception: the main (initial) branch does not require a closing }, since it is not opened by {.\nBranches may be nested. But a formula may only be used at a given point if it appeared earlier in the same branch or an outer (enclosing) branch to the current branch. Formulas from closed branches or sibling branches must not be used.\n\n### SYMBOLS \nUse the following symbols for logical operations: \n & = conjunction (and), \n | = disjunction (or), \n ~ = negation (not), \n -> = implication (implies).\n\nQuantifiers symbols:  \n    Ax represents ∀x  \n    Ex represents ∃x\nSo formulas with ∀x and ∃x will be represented by Ax and Ex (A and E followed by the variable x). For example, Ax (H(x)->M(x)) represents ∀x (H(x)→M(x)).\n\n###CONVENTIONS\nAtoms: only uppercase letters not immediately followed by parentesis (e.g. P, Q, R).\nPredicates: uppercase letters immediately followed by parentesis (e.g. H(x), M(y), Q(a,b) ). All predicates must use parentheses.\nVariables: first letter in lowercase, can be followed by letters and numbers (e.g., x, x0, xP0).\n\nWrite only the final proof in <proof>...</proof> tags. Only use <proof>...</proof> tags ONCE. Omit names of the rules. Only use these symbols inside the proof '&' , '->', '~', '|', '@', '(', ')', '{', '}', 'Ax', 'Ex'.\nDo not include explanations, commentary, or extra text inside and outside the <proof>...</proof> tags.\n""}, {'role': 'user', 'content': ""Prove 'Ex P(x), Ax (P(x)->Q(x)) |- Ex Q(x)', using the analytical tableau method. Final answer using the notation described. ""}, {'role': 'assistant', 'content': ' <proof>\n                        1. T Ex P(x) pre\n                        2. T Ax (P(x)->Q(x)) pre\n                        3. F Ex Q(x) conclusion\n                        4. T P(a) 1 \n                        5. T (P(a)->Q(a)) 2 \n                        6. F Q(a) 3 \n                        7.{ F P(a) 5 \n                        8. @ 4,7}    \n                        9.{ T Q(a) 5 \n                        10. @ 6,9}   \n                    </proof>'}, {'role': 'user', 'content': ""Prove 'Ax (P(x)|P(x)) |- Ax P(x)', using the analytical tableau method. Final answer using the notation described.""}, {'role': 'assistant', 'content': ' <proof>\n                            1. T Ax (P(x)|P(x)) pre \n                            2. F Ax P(x) conclusion\n                            3. F P(a) 2          \n                            4. T (P(a)|P(a)) 1   \n                            5.{ T P(a) 4         \n                            6. @ 3,5}            \n                            7.{ T P(a) 4         \n                            8. @ 3,7}            \n                        </proof>'}, {'role': 'user', 'content': ""Prove '|- Ex (D(x)&K(x))->(Ex D(x)|Ex K(x))', using the analytical tableau method. Final answer using the notation described.""}, {'role': 'assistant', 'content': '<proof>\n                            1. F (Ex (D(x)&K(x)) -> (Ex D(x) | Ex K(x))) conclusion\n                            2. T Ex (D(x)&K(x)) 1 \n                            3. F (Ex D(x) | Ex K(x)) 1\n                            4. T (D(a)&K(a)) 2 \n                            5. T D(a) 4 \n                            6. T K(a) 4 \n                            7. F Ex D(x) 3 \n                            8. F Ex K(x) 3 \n                            9. F D(a) 7 \n                            10. @ 5,9 \n                        </proof>'}, {'role': 'user', 'content': ""Prove 'Ax ~(P(x)&~Q(x)), Ax ~Q(x) |- Ax ~P(x)', using the analytical tableau method. Final answer using the notation described.""}, {'role': 'assistant', 'content': '<proof>\n                        1. T Ax ~(P(x)&~Q(x)) pre \n                        2. T Ax ~Q(x) pre \n                        3. F Ax ~P(x) conclusion \n                        4. F ~P(a) 3         \n                        5. T P(a) 4           \n                        6. T ~(P(a)&~Q(a)) 1  \n                        7. T ~Q(a) 2          \n                        8. F (P(a)&~Q(a)) 6   \n                        9.{ F P(a) 8          \n                        10. @ 5,9}           \n                        11.{ F ~Q(a) 8        \n                        12. @ 7,11} \n                    </proof>'}, {'role': 'user', 'content': ""Prove '|- Ex P(x)->~Ax ~P(x)', using the analytical tableau method. Final answer using the notation described.""}, {'role': 'assistant', 'content': '<proof>\n                        1. T Ex (P(x)&~Q(x)) pre \n                        2. F ~Ax (P(x)->Q(x)) conclusion \n                        3. T (P(a)&~Q(a)) 1 \n                        4. T P(a) 3 \n                        5. T ~Q(a) 3 \n                        6. T Ax (P(x)->Q(x)) 2 \n                        7. T (P(a)->Q(a)) 6 \n                        8.{ F P(a) 7 \n                        9. @ 4,8} \n                        10.{ T Q(a) 7 \n                        11. F Q(a) 5  \n                        12. @ 10,11} \n                    </proof>'}, {'role': 'user', 'content': ""Prove'Ax (~B(x)|C(x)), Ex B(x) |- Ex C(x)' using the analytical tableau method. Only one final answer, surrounded by <proof>...</proof>, using the notation described.""}]","<proof>
1. T Ax (~B(x)|C(x)) pre
2. T Ex B(x) pre
3. F Ex C(x) conclusion
4. T B(a) 2
5. T (~B(a)|C(a)) 1
6. F C(a) 3
7.{ T ~B(a) 5
8. @ 4,7}
9.{ T C(a) 5
10. @ 6,9}
</proof>","1. T Ax (~B(x)|C(x)) pre
2. T Ex B(x) pre
3. F Ex C(x) conclusion
4. T B(a) 2
5. T (~B(a)|C(a)) 1
6. F C(a) 3
7.{ T ~B(a) 5
8. @ 4,7}
9.{ T C(a) 5
10. @ 6,9}","The following errors were found:

Error in line 8:
8. @ 4,7}
     ^, None of the formulas referenced by the lines contradict the other formula.",87.95770716667175,stop,1649,2521
"Ax (B(x)|C(x)), Ex ~B(x) |- Ex C(x)","[{'role': 'system', 'content': ""\nYou are an expert in logic using the semantic Tableaux method. \nYou will receive a first order logic formula and must prove its validity using the semantic tableau method, represent the proof in a Fitch-like notation, following these formatting instructions:\n\n### FORMAT OF PROOF LINES: \nExpanding proof line must be structured like: '<line_number>. <T_or_F> <formula> <origin>'\n- <line_number>: sequential integer, always ending with a dot ('1.', '2.', '3.', ...)\n- <T_or_F> → T for true formulas, F for false formulas. \n- <formula>: the formula derived on that line\n- <origin> is exactly one of:\n    pre (for premises)\n    conclusion (for the conclusion)\n    a comma-separated list of line numbers indicating the formula(s) used to derive the current line (e.g. '1', '3', '1,3')\n\n### BRANCHING FORMAT \nUse curly braces { and } to open and close branches. \n{ must appear immediately after the line number that opens a branch (e.g. '8.{ F A|B 3') \n} must appear at the end of the line that closes that branch (e.g. '12. @ 5,7}'). Exception: the main (initial) branch does not require a closing }, since it is not opened by {.\nBranches may be nested. But a formula may only be used at a given point if it appeared earlier in the same branch or an outer (enclosing) branch to the current branch. Formulas from closed branches or sibling branches must not be used.\n\n### SYMBOLS \nUse the following symbols for logical operations: \n & = conjunction (and), \n | = disjunction (or), \n ~ = negation (not), \n -> = implication (implies).\n\nQuantifiers symbols:  \n    Ax represents ∀x  \n    Ex represents ∃x\nSo formulas with ∀x and ∃x will be represented by Ax and Ex (A and E followed by the variable x). For example, Ax (H(x)->M(x)) represents ∀x (H(x)→M(x)).\n\n###CONVENTIONS\nAtoms: only uppercase letters not immediately followed by parentesis (e.g. P, Q, R).\nPredicates: uppercase letters immediately followed by parentesis (e.g. H(x), M(y), Q(a,b) ). All predicates must use parentheses.\nVariables: first letter in lowercase, can be followed by letters and numbers (e.g., x, x0, xP0).\n\nWrite only the final proof in <proof>...</proof> tags. Only use <proof>...</proof> tags ONCE. Omit names of the rules. Only use these symbols inside the proof '&' , '->', '~', '|', '@', '(', ')', '{', '}', 'Ax', 'Ex'.\nDo not include explanations, commentary, or extra text inside and outside the <proof>...</proof> tags.\n""}, {'role': 'user', 'content': ""Prove 'Ex P(x), Ax (P(x)->Q(x)) |- Ex Q(x)', using the analytical tableau method. Final answer using the notation described. ""}, {'role': 'assistant', 'content': ' <proof>\n                        1. T Ex P(x) pre\n                        2. T Ax (P(x)->Q(x)) pre\n                        3. F Ex Q(x) conclusion\n                        4. T P(a) 1 \n                        5. T (P(a)->Q(a)) 2 \n                        6. F Q(a) 3 \n                        7.{ F P(a) 5 \n                        8. @ 4,7}    \n                        9.{ T Q(a) 5 \n                        10. @ 6,9}   \n                    </proof>'}, {'role': 'user', 'content': ""Prove 'Ax (P(x)|P(x)) |- Ax P(x)', using the analytical tableau method. Final answer using the notation described.""}, {'role': 'assistant', 'content': ' <proof>\n                            1. T Ax (P(x)|P(x)) pre \n                            2. F Ax P(x) conclusion\n                            3. F P(a) 2          \n                            4. T (P(a)|P(a)) 1   \n                            5.{ T P(a) 4         \n                            6. @ 3,5}            \n                            7.{ T P(a) 4         \n                            8. @ 3,7}            \n                        </proof>'}, {'role': 'user', 'content': ""Prove '|- Ex (D(x)&K(x))->(Ex D(x)|Ex K(x))', using the analytical tableau method. Final answer using the notation described.""}, {'role': 'assistant', 'content': '<proof>\n                            1. F (Ex (D(x)&K(x)) -> (Ex D(x) | Ex K(x))) conclusion\n                            2. T Ex (D(x)&K(x)) 1 \n                            3. F (Ex D(x) | Ex K(x)) 1\n                            4. T (D(a)&K(a)) 2 \n                            5. T D(a) 4 \n                            6. T K(a) 4 \n                            7. F Ex D(x) 3 \n                            8. F Ex K(x) 3 \n                            9. F D(a) 7 \n                            10. @ 5,9 \n                        </proof>'}, {'role': 'user', 'content': ""Prove 'Ax ~(P(x)&~Q(x)), Ax ~Q(x) |- Ax ~P(x)', using the analytical tableau method. Final answer using the notation described.""}, {'role': 'assistant', 'content': '<proof>\n                        1. T Ax ~(P(x)&~Q(x)) pre \n                        2. T Ax ~Q(x) pre \n                        3. F Ax ~P(x) conclusion \n                        4. F ~P(a) 3         \n                        5. T P(a) 4           \n                        6. T ~(P(a)&~Q(a)) 1  \n                        7. T ~Q(a) 2          \n                        8. F (P(a)&~Q(a)) 6   \n                        9.{ F P(a) 8          \n                        10. @ 5,9}           \n                        11.{ F ~Q(a) 8        \n                        12. @ 7,11} \n                    </proof>'}, {'role': 'user', 'content': ""Prove '|- Ex P(x)->~Ax ~P(x)', using the analytical tableau method. Final answer using the notation described.""}, {'role': 'assistant', 'content': '<proof>\n                        1. T Ex (P(x)&~Q(x)) pre \n                        2. F ~Ax (P(x)->Q(x)) conclusion \n                        3. T (P(a)&~Q(a)) 1 \n                        4. T P(a) 3 \n                        5. T ~Q(a) 3 \n                        6. T Ax (P(x)->Q(x)) 2 \n                        7. T (P(a)->Q(a)) 6 \n                        8.{ F P(a) 7 \n                        9. @ 4,8} \n                        10.{ T Q(a) 7 \n                        11. F Q(a) 5  \n                        12. @ 10,11} \n                    </proof>'}, {'role': 'user', 'content': ""Prove'Ax (B(x)|C(x)), Ex ~B(x) |- Ex C(x)' using the analytical tableau method. Only one final answer, surrounded by <proof>...</proof>, using the notation described.""}]","<proof>
1. T Ax (B(x)|C(x)) pre
2. T Ex ~B(x) pre
3. F Ex C(x) conclusion
4. T ~B(a) 2
5. T (B(a)|C(a)) 1
6. F C(a) 3
7.{ T B(a) 5
8. @ 4,7}
9.{ T C(a) 5
10. @ 6,9}
</proof>","1. T Ax (B(x)|C(x)) pre
2. T Ex ~B(x) pre
3. F Ex C(x) conclusion
4. T ~B(a) 2
5. T (B(a)|C(a)) 1
6. F C(a) 3
7.{ T B(a) 5
8. @ 4,7}
9.{ T C(a) 5
10. @ 6,9}","The following errors were found:

Error in line 8:
8. @ 4,7}
     ^, None of the formulas referenced by the lines contradict the other formula.",160.72224593162537,stop,1650,4456
"Ax (B(x)->C(x)), Ax (C(x)->D(x)) |- Ax (B(x)->D(x))","[{'role': 'system', 'content': ""\nYou are an expert in logic using the semantic Tableaux method. \nYou will receive a first order logic formula and must prove its validity using the semantic tableau method, represent the proof in a Fitch-like notation, following these formatting instructions:\n\n### FORMAT OF PROOF LINES: \nExpanding proof line must be structured like: '<line_number>. <T_or_F> <formula> <origin>'\n- <line_number>: sequential integer, always ending with a dot ('1.', '2.', '3.', ...)\n- <T_or_F> → T for true formulas, F for false formulas. \n- <formula>: the formula derived on that line\n- <origin> is exactly one of:\n    pre (for premises)\n    conclusion (for the conclusion)\n    a comma-separated list of line numbers indicating the formula(s) used to derive the current line (e.g. '1', '3', '1,3')\n\n### BRANCHING FORMAT \nUse curly braces { and } to open and close branches. \n{ must appear immediately after the line number that opens a branch (e.g. '8.{ F A|B 3') \n} must appear at the end of the line that closes that branch (e.g. '12. @ 5,7}'). Exception: the main (initial) branch does not require a closing }, since it is not opened by {.\nBranches may be nested. But a formula may only be used at a given point if it appeared earlier in the same branch or an outer (enclosing) branch to the current branch. Formulas from closed branches or sibling branches must not be used.\n\n### SYMBOLS \nUse the following symbols for logical operations: \n & = conjunction (and), \n | = disjunction (or), \n ~ = negation (not), \n -> = implication (implies).\n\nQuantifiers symbols:  \n    Ax represents ∀x  \n    Ex represents ∃x\nSo formulas with ∀x and ∃x will be represented by Ax and Ex (A and E followed by the variable x). For example, Ax (H(x)->M(x)) represents ∀x (H(x)→M(x)).\n\n###CONVENTIONS\nAtoms: only uppercase letters not immediately followed by parentesis (e.g. P, Q, R).\nPredicates: uppercase letters immediately followed by parentesis (e.g. H(x), M(y), Q(a,b) ). All predicates must use parentheses.\nVariables: first letter in lowercase, can be followed by letters and numbers (e.g., x, x0, xP0).\n\nWrite only the final proof in <proof>...</proof> tags. Only use <proof>...</proof> tags ONCE. Omit names of the rules. Only use these symbols inside the proof '&' , '->', '~', '|', '@', '(', ')', '{', '}', 'Ax', 'Ex'.\nDo not include explanations, commentary, or extra text inside and outside the <proof>...</proof> tags.\n""}, {'role': 'user', 'content': ""Prove 'Ex P(x), Ax (P(x)->Q(x)) |- Ex Q(x)', using the analytical tableau method. Final answer using the notation described. ""}, {'role': 'assistant', 'content': ' <proof>\n                        1. T Ex P(x) pre\n                        2. T Ax (P(x)->Q(x)) pre\n                        3. F Ex Q(x) conclusion\n                        4. T P(a) 1 \n                        5. T (P(a)->Q(a)) 2 \n                        6. F Q(a) 3 \n                        7.{ F P(a) 5 \n                        8. @ 4,7}    \n                        9.{ T Q(a) 5 \n                        10. @ 6,9}   \n                    </proof>'}, {'role': 'user', 'content': ""Prove 'Ax (P(x)|P(x)) |- Ax P(x)', using the analytical tableau method. Final answer using the notation described.""}, {'role': 'assistant', 'content': ' <proof>\n                            1. T Ax (P(x)|P(x)) pre \n                            2. F Ax P(x) conclusion\n                            3. F P(a) 2          \n                            4. T (P(a)|P(a)) 1   \n                            5.{ T P(a) 4         \n                            6. @ 3,5}            \n                            7.{ T P(a) 4         \n                            8. @ 3,7}            \n                        </proof>'}, {'role': 'user', 'content': ""Prove '|- Ex (D(x)&K(x))->(Ex D(x)|Ex K(x))', using the analytical tableau method. Final answer using the notation described.""}, {'role': 'assistant', 'content': '<proof>\n                            1. F (Ex (D(x)&K(x)) -> (Ex D(x) | Ex K(x))) conclusion\n                            2. T Ex (D(x)&K(x)) 1 \n                            3. F (Ex D(x) | Ex K(x)) 1\n                            4. T (D(a)&K(a)) 2 \n                            5. T D(a) 4 \n                            6. T K(a) 4 \n                            7. F Ex D(x) 3 \n                            8. F Ex K(x) 3 \n                            9. F D(a) 7 \n                            10. @ 5,9 \n                        </proof>'}, {'role': 'user', 'content': ""Prove 'Ax ~(P(x)&~Q(x)), Ax ~Q(x) |- Ax ~P(x)', using the analytical tableau method. Final answer using the notation described.""}, {'role': 'assistant', 'content': '<proof>\n                        1. T Ax ~(P(x)&~Q(x)) pre \n                        2. T Ax ~Q(x) pre \n                        3. F Ax ~P(x) conclusion \n                        4. F ~P(a) 3         \n                        5. T P(a) 4           \n                        6. T ~(P(a)&~Q(a)) 1  \n                        7. T ~Q(a) 2          \n                        8. F (P(a)&~Q(a)) 6   \n                        9.{ F P(a) 8          \n                        10. @ 5,9}           \n                        11.{ F ~Q(a) 8        \n                        12. @ 7,11} \n                    </proof>'}, {'role': 'user', 'content': ""Prove '|- Ex P(x)->~Ax ~P(x)', using the analytical tableau method. Final answer using the notation described.""}, {'role': 'assistant', 'content': '<proof>\n                        1. T Ex (P(x)&~Q(x)) pre \n                        2. F ~Ax (P(x)->Q(x)) conclusion \n                        3. T (P(a)&~Q(a)) 1 \n                        4. T P(a) 3 \n                        5. T ~Q(a) 3 \n                        6. T Ax (P(x)->Q(x)) 2 \n                        7. T (P(a)->Q(a)) 6 \n                        8.{ F P(a) 7 \n                        9. @ 4,8} \n                        10.{ T Q(a) 7 \n                        11. F Q(a) 5  \n                        12. @ 10,11} \n                    </proof>'}, {'role': 'user', 'content': ""Prove'Ax (B(x)->C(x)), Ax (C(x)->D(x)) |- Ax (B(x)->D(x))' using the analytical tableau method. Only one final answer, surrounded by <proof>...</proof>, using the notation described.""}]","<proof>
1. T Ax (B(x)->C(x)) pre
2. T Ax (C(x)->D(x)) pre
3. F Ax (B(x)->D(x)) conclusion
4. F (B(a)->D(a)) 3
5. T B(a) 4
6. F D(a) 4
7. T (B(a)->C(a)) 1
8. T (C(a)->D(a)) 2
9.{ F B(a) 7
10. @ 5,9}
11.{ T C(a) 7
12.{ F C(a) 8
13. @ 11,12}
14.{ T D(a) 8
15. @ 6,14}
</proof>","1. T Ax (B(x)->C(x)) pre
2. T Ax (C(x)->D(x)) pre
3. F Ax (B(x)->D(x)) conclusion
4. F (B(a)->D(a)) 3
5. T B(a) 4
6. F D(a) 4
7. T (B(a)->C(a)) 1
8. T (C(a)->D(a)) 2
9.{ F B(a) 7
10. @ 5,9}
11.{ T C(a) 7
12.{ F C(a) 8
13. @ 11,12}
14.{ T D(a) 8
15. @ 6,14}","The following errors were found:

Error in line 11:
11.{ T C(a) 7
       ^,The open branch must be closed.",89.12821364402771,stop,1658,2554
"Ax (B(x)|C(x)), Ax (B(x)->D(x)), Ax (C(x)->D(x)) |- Ax D(x)","[{'role': 'system', 'content': ""\nYou are an expert in logic using the semantic Tableaux method. \nYou will receive a first order logic formula and must prove its validity using the semantic tableau method, represent the proof in a Fitch-like notation, following these formatting instructions:\n\n### FORMAT OF PROOF LINES: \nExpanding proof line must be structured like: '<line_number>. <T_or_F> <formula> <origin>'\n- <line_number>: sequential integer, always ending with a dot ('1.', '2.', '3.', ...)\n- <T_or_F> → T for true formulas, F for false formulas. \n- <formula>: the formula derived on that line\n- <origin> is exactly one of:\n    pre (for premises)\n    conclusion (for the conclusion)\n    a comma-separated list of line numbers indicating the formula(s) used to derive the current line (e.g. '1', '3', '1,3')\n\n### BRANCHING FORMAT \nUse curly braces { and } to open and close branches. \n{ must appear immediately after the line number that opens a branch (e.g. '8.{ F A|B 3') \n} must appear at the end of the line that closes that branch (e.g. '12. @ 5,7}'). Exception: the main (initial) branch does not require a closing }, since it is not opened by {.\nBranches may be nested. But a formula may only be used at a given point if it appeared earlier in the same branch or an outer (enclosing) branch to the current branch. Formulas from closed branches or sibling branches must not be used.\n\n### SYMBOLS \nUse the following symbols for logical operations: \n & = conjunction (and), \n | = disjunction (or), \n ~ = negation (not), \n -> = implication (implies).\n\nQuantifiers symbols:  \n    Ax represents ∀x  \n    Ex represents ∃x\nSo formulas with ∀x and ∃x will be represented by Ax and Ex (A and E followed by the variable x). For example, Ax (H(x)->M(x)) represents ∀x (H(x)→M(x)).\n\n###CONVENTIONS\nAtoms: only uppercase letters not immediately followed by parentesis (e.g. P, Q, R).\nPredicates: uppercase letters immediately followed by parentesis (e.g. H(x), M(y), Q(a,b) ). All predicates must use parentheses.\nVariables: first letter in lowercase, can be followed by letters and numbers (e.g., x, x0, xP0).\n\nWrite only the final proof in <proof>...</proof> tags. Only use <proof>...</proof> tags ONCE. Omit names of the rules. Only use these symbols inside the proof '&' , '->', '~', '|', '@', '(', ')', '{', '}', 'Ax', 'Ex'.\nDo not include explanations, commentary, or extra text inside and outside the <proof>...</proof> tags.\n""}, {'role': 'user', 'content': ""Prove 'Ex P(x), Ax (P(x)->Q(x)) |- Ex Q(x)', using the analytical tableau method. Final answer using the notation described. ""}, {'role': 'assistant', 'content': ' <proof>\n                        1. T Ex P(x) pre\n                        2. T Ax (P(x)->Q(x)) pre\n                        3. F Ex Q(x) conclusion\n                        4. T P(a) 1 \n                        5. T (P(a)->Q(a)) 2 \n                        6. F Q(a) 3 \n                        7.{ F P(a) 5 \n                        8. @ 4,7}    \n                        9.{ T Q(a) 5 \n                        10. @ 6,9}   \n                    </proof>'}, {'role': 'user', 'content': ""Prove 'Ax (P(x)|P(x)) |- Ax P(x)', using the analytical tableau method. Final answer using the notation described.""}, {'role': 'assistant', 'content': ' <proof>\n                            1. T Ax (P(x)|P(x)) pre \n                            2. F Ax P(x) conclusion\n                            3. F P(a) 2          \n                            4. T (P(a)|P(a)) 1   \n                            5.{ T P(a) 4         \n                            6. @ 3,5}            \n                            7.{ T P(a) 4         \n                            8. @ 3,7}            \n                        </proof>'}, {'role': 'user', 'content': ""Prove '|- Ex (D(x)&K(x))->(Ex D(x)|Ex K(x))', using the analytical tableau method. Final answer using the notation described.""}, {'role': 'assistant', 'content': '<proof>\n                            1. F (Ex (D(x)&K(x)) -> (Ex D(x) | Ex K(x))) conclusion\n                            2. T Ex (D(x)&K(x)) 1 \n                            3. F (Ex D(x) | Ex K(x)) 1\n                            4. T (D(a)&K(a)) 2 \n                            5. T D(a) 4 \n                            6. T K(a) 4 \n                            7. F Ex D(x) 3 \n                            8. F Ex K(x) 3 \n                            9. F D(a) 7 \n                            10. @ 5,9 \n                        </proof>'}, {'role': 'user', 'content': ""Prove 'Ax ~(P(x)&~Q(x)), Ax ~Q(x) |- Ax ~P(x)', using the analytical tableau method. Final answer using the notation described.""}, {'role': 'assistant', 'content': '<proof>\n                        1. T Ax ~(P(x)&~Q(x)) pre \n                        2. T Ax ~Q(x) pre \n                        3. F Ax ~P(x) conclusion \n                        4. F ~P(a) 3         \n                        5. T P(a) 4           \n                        6. T ~(P(a)&~Q(a)) 1  \n                        7. T ~Q(a) 2          \n                        8. F (P(a)&~Q(a)) 6   \n                        9.{ F P(a) 8          \n                        10. @ 5,9}           \n                        11.{ F ~Q(a) 8        \n                        12. @ 7,11} \n                    </proof>'}, {'role': 'user', 'content': ""Prove '|- Ex P(x)->~Ax ~P(x)', using the analytical tableau method. Final answer using the notation described.""}, {'role': 'assistant', 'content': '<proof>\n                        1. T Ex (P(x)&~Q(x)) pre \n                        2. F ~Ax (P(x)->Q(x)) conclusion \n                        3. T (P(a)&~Q(a)) 1 \n                        4. T P(a) 3 \n                        5. T ~Q(a) 3 \n                        6. T Ax (P(x)->Q(x)) 2 \n                        7. T (P(a)->Q(a)) 6 \n                        8.{ F P(a) 7 \n                        9. @ 4,8} \n                        10.{ T Q(a) 7 \n                        11. F Q(a) 5  \n                        12. @ 10,11} \n                    </proof>'}, {'role': 'user', 'content': ""Prove'Ax (B(x)|C(x)), Ax (B(x)->D(x)), Ax (C(x)->D(x)) |- Ax D(x)' using the analytical tableau method. Only one final answer, surrounded by <proof>...</proof>, using the notation described.""}]","<proof>
1. T Ax (B(x)|C(x)) pre
2. T Ax (B(x)->D(x)) pre
3. T Ax (C(x)->D(x)) pre
4. F Ax D(x) conclusion
5. T (B(a)|C(a)) 1
6. T (B(a)->D(a)) 2
7. T (C(a)->D(a)) 3
8. F D(a) 4
9.{ T B(a) 5
10.{ F B(a) 6
11. @ 9,10}
12.{ T D(a) 6
13. @ 8,12}
14.{ T C(a) 5
15.{ F C(a) 7
16. @ 14,15}
17.{ T D(a) 7
18. @ 8,17}
</proof>","1. T Ax (B(x)|C(x)) pre
2. T Ax (B(x)->D(x)) pre
3. T Ax (C(x)->D(x)) pre
4. F Ax D(x) conclusion
5. T (B(a)|C(a)) 1
6. T (B(a)->D(a)) 2
7. T (C(a)->D(a)) 3
8. F D(a) 4
9.{ T B(a) 5
10.{ F B(a) 6
11. @ 9,10}
12.{ T D(a) 6
13. @ 8,12}
14.{ T C(a) 5
15.{ F C(a) 7
16. @ 14,15}
17.{ T D(a) 7
18. @ 8,17}","The following errors were found:

Error in line 9:
9.{ T B(a) 5
      ^,The open branch must be closed.
Error in line 14:
14.{ T C(a) 5
       ^,The open branch must be closed.
Error in line 8:
8. F D(a) 4
     ^, The variable used in this formula D(a) is not a new variable and therefore cannot be used in this rule.
Error in line 9:
9.{ T B(a) 5
^, A beta rule must have exactly two branches.
Error in line 10:
10.{ F B(a) 6
^, A beta rule must have exactly two branches.
Error in line 12:
12.{ T D(a) 6
^, A beta rule must have exactly two branches.
Error in line 14:
14.{ T C(a) 5
^, A beta rule must have exactly two branches.
Error in line 14:
14.{ T C(a) 5
            ^, The reference rule on the 14 line can only be used once in this branch.",99.38564348220824,stop,1661,2853
Ax (B(x)->C(x)) |- Ax (~C(x)->~B(x)),"[{'role': 'system', 'content': ""\nYou are an expert in logic using the semantic Tableaux method. \nYou will receive a first order logic formula and must prove its validity using the semantic tableau method, represent the proof in a Fitch-like notation, following these formatting instructions:\n\n### FORMAT OF PROOF LINES: \nExpanding proof line must be structured like: '<line_number>. <T_or_F> <formula> <origin>'\n- <line_number>: sequential integer, always ending with a dot ('1.', '2.', '3.', ...)\n- <T_or_F> → T for true formulas, F for false formulas. \n- <formula>: the formula derived on that line\n- <origin> is exactly one of:\n    pre (for premises)\n    conclusion (for the conclusion)\n    a comma-separated list of line numbers indicating the formula(s) used to derive the current line (e.g. '1', '3', '1,3')\n\n### BRANCHING FORMAT \nUse curly braces { and } to open and close branches. \n{ must appear immediately after the line number that opens a branch (e.g. '8.{ F A|B 3') \n} must appear at the end of the line that closes that branch (e.g. '12. @ 5,7}'). Exception: the main (initial) branch does not require a closing }, since it is not opened by {.\nBranches may be nested. But a formula may only be used at a given point if it appeared earlier in the same branch or an outer (enclosing) branch to the current branch. Formulas from closed branches or sibling branches must not be used.\n\n### SYMBOLS \nUse the following symbols for logical operations: \n & = conjunction (and), \n | = disjunction (or), \n ~ = negation (not), \n -> = implication (implies).\n\nQuantifiers symbols:  \n    Ax represents ∀x  \n    Ex represents ∃x\nSo formulas with ∀x and ∃x will be represented by Ax and Ex (A and E followed by the variable x). For example, Ax (H(x)->M(x)) represents ∀x (H(x)→M(x)).\n\n###CONVENTIONS\nAtoms: only uppercase letters not immediately followed by parentesis (e.g. P, Q, R).\nPredicates: uppercase letters immediately followed by parentesis (e.g. H(x), M(y), Q(a,b) ). All predicates must use parentheses.\nVariables: first letter in lowercase, can be followed by letters and numbers (e.g., x, x0, xP0).\n\nWrite only the final proof in <proof>...</proof> tags. Only use <proof>...</proof> tags ONCE. Omit names of the rules. Only use these symbols inside the proof '&' , '->', '~', '|', '@', '(', ')', '{', '}', 'Ax', 'Ex'.\nDo not include explanations, commentary, or extra text inside and outside the <proof>...</proof> tags.\n""}, {'role': 'user', 'content': ""Prove 'Ex P(x), Ax (P(x)->Q(x)) |- Ex Q(x)', using the analytical tableau method. Final answer using the notation described. ""}, {'role': 'assistant', 'content': ' <proof>\n                        1. T Ex P(x) pre\n                        2. T Ax (P(x)->Q(x)) pre\n                        3. F Ex Q(x) conclusion\n                        4. T P(a) 1 \n                        5. T (P(a)->Q(a)) 2 \n                        6. F Q(a) 3 \n                        7.{ F P(a) 5 \n                        8. @ 4,7}    \n                        9.{ T Q(a) 5 \n                        10. @ 6,9}   \n                    </proof>'}, {'role': 'user', 'content': ""Prove 'Ax (P(x)|P(x)) |- Ax P(x)', using the analytical tableau method. Final answer using the notation described.""}, {'role': 'assistant', 'content': ' <proof>\n                            1. T Ax (P(x)|P(x)) pre \n                            2. F Ax P(x) conclusion\n                            3. F P(a) 2          \n                            4. T (P(a)|P(a)) 1   \n                            5.{ T P(a) 4         \n                            6. @ 3,5}            \n                            7.{ T P(a) 4         \n                            8. @ 3,7}            \n                        </proof>'}, {'role': 'user', 'content': ""Prove '|- Ex (D(x)&K(x))->(Ex D(x)|Ex K(x))', using the analytical tableau method. Final answer using the notation described.""}, {'role': 'assistant', 'content': '<proof>\n                            1. F (Ex (D(x)&K(x)) -> (Ex D(x) | Ex K(x))) conclusion\n                            2. T Ex (D(x)&K(x)) 1 \n                            3. F (Ex D(x) | Ex K(x)) 1\n                            4. T (D(a)&K(a)) 2 \n                            5. T D(a) 4 \n                            6. T K(a) 4 \n                            7. F Ex D(x) 3 \n                            8. F Ex K(x) 3 \n                            9. F D(a) 7 \n                            10. @ 5,9 \n                        </proof>'}, {'role': 'user', 'content': ""Prove 'Ax ~(P(x)&~Q(x)), Ax ~Q(x) |- Ax ~P(x)', using the analytical tableau method. Final answer using the notation described.""}, {'role': 'assistant', 'content': '<proof>\n                        1. T Ax ~(P(x)&~Q(x)) pre \n                        2. T Ax ~Q(x) pre \n                        3. F Ax ~P(x) conclusion \n                        4. F ~P(a) 3         \n                        5. T P(a) 4           \n                        6. T ~(P(a)&~Q(a)) 1  \n                        7. T ~Q(a) 2          \n                        8. F (P(a)&~Q(a)) 6   \n                        9.{ F P(a) 8          \n                        10. @ 5,9}           \n                        11.{ F ~Q(a) 8        \n                        12. @ 7,11} \n                    </proof>'}, {'role': 'user', 'content': ""Prove '|- Ex P(x)->~Ax ~P(x)', using the analytical tableau method. Final answer using the notation described.""}, {'role': 'assistant', 'content': '<proof>\n                        1. T Ex (P(x)&~Q(x)) pre \n                        2. F ~Ax (P(x)->Q(x)) conclusion \n                        3. T (P(a)&~Q(a)) 1 \n                        4. T P(a) 3 \n                        5. T ~Q(a) 3 \n                        6. T Ax (P(x)->Q(x)) 2 \n                        7. T (P(a)->Q(a)) 6 \n                        8.{ F P(a) 7 \n                        9. @ 4,8} \n                        10.{ T Q(a) 7 \n                        11. F Q(a) 5  \n                        12. @ 10,11} \n                    </proof>'}, {'role': 'user', 'content': ""Prove'Ax (B(x)->C(x)) |- Ax (~C(x)->~B(x))' using the analytical tableau method. Only one final answer, surrounded by <proof>...</proof>, using the notation described.""}]","<proof>
1. T Ax (B(x)->C(x)) pre
2. F Ax (~C(x)->~B(x)) conclusion
3. F ~C(a)->~B(a) 2
4. T ~C(a) 3
5. F ~B(a) 3
6. F C(a) 4
7. T B(a) 5
8. T (B(a)->C(a)) 1
9.{ F B(a) 8
10. @ 7,9}
11.{ T C(a) 8
12. @ 6,11}
</proof>","1. T Ax (B(x)->C(x)) pre
2. F Ax (~C(x)->~B(x)) conclusion
3. F ~C(a)->~B(a) 2
4. T ~C(a) 3
5. F ~B(a) 3
6. F C(a) 4
7. T B(a) 5
8. T (B(a)->C(a)) 1
9.{ F B(a) 8
10. @ 7,9}
11.{ T C(a) 8
12. @ 6,11}",The proof is valid.,46.93994760513306,stop,1651,1351
Ax (~B(x)->~C(x)) |- Ax (C(x)->B(x)),"[{'role': 'system', 'content': ""\nYou are an expert in logic using the semantic Tableaux method. \nYou will receive a first order logic formula and must prove its validity using the semantic tableau method, represent the proof in a Fitch-like notation, following these formatting instructions:\n\n### FORMAT OF PROOF LINES: \nExpanding proof line must be structured like: '<line_number>. <T_or_F> <formula> <origin>'\n- <line_number>: sequential integer, always ending with a dot ('1.', '2.', '3.', ...)\n- <T_or_F> → T for true formulas, F for false formulas. \n- <formula>: the formula derived on that line\n- <origin> is exactly one of:\n    pre (for premises)\n    conclusion (for the conclusion)\n    a comma-separated list of line numbers indicating the formula(s) used to derive the current line (e.g. '1', '3', '1,3')\n\n### BRANCHING FORMAT \nUse curly braces { and } to open and close branches. \n{ must appear immediately after the line number that opens a branch (e.g. '8.{ F A|B 3') \n} must appear at the end of the line that closes that branch (e.g. '12. @ 5,7}'). Exception: the main (initial) branch does not require a closing }, since it is not opened by {.\nBranches may be nested. But a formula may only be used at a given point if it appeared earlier in the same branch or an outer (enclosing) branch to the current branch. Formulas from closed branches or sibling branches must not be used.\n\n### SYMBOLS \nUse the following symbols for logical operations: \n & = conjunction (and), \n | = disjunction (or), \n ~ = negation (not), \n -> = implication (implies).\n\nQuantifiers symbols:  \n    Ax represents ∀x  \n    Ex represents ∃x\nSo formulas with ∀x and ∃x will be represented by Ax and Ex (A and E followed by the variable x). For example, Ax (H(x)->M(x)) represents ∀x (H(x)→M(x)).\n\n###CONVENTIONS\nAtoms: only uppercase letters not immediately followed by parentesis (e.g. P, Q, R).\nPredicates: uppercase letters immediately followed by parentesis (e.g. H(x), M(y), Q(a,b) ). All predicates must use parentheses.\nVariables: first letter in lowercase, can be followed by letters and numbers (e.g., x, x0, xP0).\n\nWrite only the final proof in <proof>...</proof> tags. Only use <proof>...</proof> tags ONCE. Omit names of the rules. Only use these symbols inside the proof '&' , '->', '~', '|', '@', '(', ')', '{', '}', 'Ax', 'Ex'.\nDo not include explanations, commentary, or extra text inside and outside the <proof>...</proof> tags.\n""}, {'role': 'user', 'content': ""Prove 'Ex P(x), Ax (P(x)->Q(x)) |- Ex Q(x)', using the analytical tableau method. Final answer using the notation described. ""}, {'role': 'assistant', 'content': ' <proof>\n                        1. T Ex P(x) pre\n                        2. T Ax (P(x)->Q(x)) pre\n                        3. F Ex Q(x) conclusion\n                        4. T P(a) 1 \n                        5. T (P(a)->Q(a)) 2 \n                        6. F Q(a) 3 \n                        7.{ F P(a) 5 \n                        8. @ 4,7}    \n                        9.{ T Q(a) 5 \n                        10. @ 6,9}   \n                    </proof>'}, {'role': 'user', 'content': ""Prove 'Ax (P(x)|P(x)) |- Ax P(x)', using the analytical tableau method. Final answer using the notation described.""}, {'role': 'assistant', 'content': ' <proof>\n                            1. T Ax (P(x)|P(x)) pre \n                            2. F Ax P(x) conclusion\n                            3. F P(a) 2          \n                            4. T (P(a)|P(a)) 1   \n                            5.{ T P(a) 4         \n                            6. @ 3,5}            \n                            7.{ T P(a) 4         \n                            8. @ 3,7}            \n                        </proof>'}, {'role': 'user', 'content': ""Prove '|- Ex (D(x)&K(x))->(Ex D(x)|Ex K(x))', using the analytical tableau method. Final answer using the notation described.""}, {'role': 'assistant', 'content': '<proof>\n                            1. F (Ex (D(x)&K(x)) -> (Ex D(x) | Ex K(x))) conclusion\n                            2. T Ex (D(x)&K(x)) 1 \n                            3. F (Ex D(x) | Ex K(x)) 1\n                            4. T (D(a)&K(a)) 2 \n                            5. T D(a) 4 \n                            6. T K(a) 4 \n                            7. F Ex D(x) 3 \n                            8. F Ex K(x) 3 \n                            9. F D(a) 7 \n                            10. @ 5,9 \n                        </proof>'}, {'role': 'user', 'content': ""Prove 'Ax ~(P(x)&~Q(x)), Ax ~Q(x) |- Ax ~P(x)', using the analytical tableau method. Final answer using the notation described.""}, {'role': 'assistant', 'content': '<proof>\n                        1. T Ax ~(P(x)&~Q(x)) pre \n                        2. T Ax ~Q(x) pre \n                        3. F Ax ~P(x) conclusion \n                        4. F ~P(a) 3         \n                        5. T P(a) 4           \n                        6. T ~(P(a)&~Q(a)) 1  \n                        7. T ~Q(a) 2          \n                        8. F (P(a)&~Q(a)) 6   \n                        9.{ F P(a) 8          \n                        10. @ 5,9}           \n                        11.{ F ~Q(a) 8        \n                        12. @ 7,11} \n                    </proof>'}, {'role': 'user', 'content': ""Prove '|- Ex P(x)->~Ax ~P(x)', using the analytical tableau method. Final answer using the notation described.""}, {'role': 'assistant', 'content': '<proof>\n                        1. T Ex (P(x)&~Q(x)) pre \n                        2. F ~Ax (P(x)->Q(x)) conclusion \n                        3. T (P(a)&~Q(a)) 1 \n                        4. T P(a) 3 \n                        5. T ~Q(a) 3 \n                        6. T Ax (P(x)->Q(x)) 2 \n                        7. T (P(a)->Q(a)) 6 \n                        8.{ F P(a) 7 \n                        9. @ 4,8} \n                        10.{ T Q(a) 7 \n                        11. F Q(a) 5  \n                        12. @ 10,11} \n                    </proof>'}, {'role': 'user', 'content': ""Prove'Ax (~B(x)->~C(x)) |- Ax (C(x)->B(x))' using the analytical tableau method. Only one final answer, surrounded by <proof>...</proof>, using the notation described.""}]","<proof>
1. T Ax (~B(x)->~C(x)) pre
2. F Ax (C(x)->B(x)) conclusion
3. F (C(a)->B(a)) 2
4. T C(a) 3
5. F B(a) 3
6. T (~B(a)->~C(a)) 1
7. T ~B(a) 5
8. T ~C(a) 6,7
9. @ 4,8
</proof>","1. T Ax (~B(x)->~C(x)) pre
2. F Ax (C(x)->B(x)) conclusion
3. F (C(a)->B(a)) 2
4. T C(a) 3
5. F B(a) 3
6. T (~B(a)->~C(a)) 1
7. T ~B(a) 5
8. T ~C(a) 6,7
9. @ 4,8","The following errors were found:

One of definitions are not completed. Please, check whether all rules are correctly written.
Recall that a rule of inference starts with a numeber, followed by . (reference line), the truth value of the formula (T or F), has a formula and the justification (premise, conclusion or one of the inference rules with its formula references).Sintax error:
8. T ~C(a) 6,7
            ^
",29.507052421569824,stop,1651,854
Ax (B(x)->C(x)) |- Ax (~B(x)|C(x)),"[{'role': 'system', 'content': ""\nYou are an expert in logic using the semantic Tableaux method. \nYou will receive a first order logic formula and must prove its validity using the semantic tableau method, represent the proof in a Fitch-like notation, following these formatting instructions:\n\n### FORMAT OF PROOF LINES: \nExpanding proof line must be structured like: '<line_number>. <T_or_F> <formula> <origin>'\n- <line_number>: sequential integer, always ending with a dot ('1.', '2.', '3.', ...)\n- <T_or_F> → T for true formulas, F for false formulas. \n- <formula>: the formula derived on that line\n- <origin> is exactly one of:\n    pre (for premises)\n    conclusion (for the conclusion)\n    a comma-separated list of line numbers indicating the formula(s) used to derive the current line (e.g. '1', '3', '1,3')\n\n### BRANCHING FORMAT \nUse curly braces { and } to open and close branches. \n{ must appear immediately after the line number that opens a branch (e.g. '8.{ F A|B 3') \n} must appear at the end of the line that closes that branch (e.g. '12. @ 5,7}'). Exception: the main (initial) branch does not require a closing }, since it is not opened by {.\nBranches may be nested. But a formula may only be used at a given point if it appeared earlier in the same branch or an outer (enclosing) branch to the current branch. Formulas from closed branches or sibling branches must not be used.\n\n### SYMBOLS \nUse the following symbols for logical operations: \n & = conjunction (and), \n | = disjunction (or), \n ~ = negation (not), \n -> = implication (implies).\n\nQuantifiers symbols:  \n    Ax represents ∀x  \n    Ex represents ∃x\nSo formulas with ∀x and ∃x will be represented by Ax and Ex (A and E followed by the variable x). For example, Ax (H(x)->M(x)) represents ∀x (H(x)→M(x)).\n\n###CONVENTIONS\nAtoms: only uppercase letters not immediately followed by parentesis (e.g. P, Q, R).\nPredicates: uppercase letters immediately followed by parentesis (e.g. H(x), M(y), Q(a,b) ). All predicates must use parentheses.\nVariables: first letter in lowercase, can be followed by letters and numbers (e.g., x, x0, xP0).\n\nWrite only the final proof in <proof>...</proof> tags. Only use <proof>...</proof> tags ONCE. Omit names of the rules. Only use these symbols inside the proof '&' , '->', '~', '|', '@', '(', ')', '{', '}', 'Ax', 'Ex'.\nDo not include explanations, commentary, or extra text inside and outside the <proof>...</proof> tags.\n""}, {'role': 'user', 'content': ""Prove 'Ex P(x), Ax (P(x)->Q(x)) |- Ex Q(x)', using the analytical tableau method. Final answer using the notation described. ""}, {'role': 'assistant', 'content': ' <proof>\n                        1. T Ex P(x) pre\n                        2. T Ax (P(x)->Q(x)) pre\n                        3. F Ex Q(x) conclusion\n                        4. T P(a) 1 \n                        5. T (P(a)->Q(a)) 2 \n                        6. F Q(a) 3 \n                        7.{ F P(a) 5 \n                        8. @ 4,7}    \n                        9.{ T Q(a) 5 \n                        10. @ 6,9}   \n                    </proof>'}, {'role': 'user', 'content': ""Prove 'Ax (P(x)|P(x)) |- Ax P(x)', using the analytical tableau method. Final answer using the notation described.""}, {'role': 'assistant', 'content': ' <proof>\n                            1. T Ax (P(x)|P(x)) pre \n                            2. F Ax P(x) conclusion\n                            3. F P(a) 2          \n                            4. T (P(a)|P(a)) 1   \n                            5.{ T P(a) 4         \n                            6. @ 3,5}            \n                            7.{ T P(a) 4         \n                            8. @ 3,7}            \n                        </proof>'}, {'role': 'user', 'content': ""Prove '|- Ex (D(x)&K(x))->(Ex D(x)|Ex K(x))', using the analytical tableau method. Final answer using the notation described.""}, {'role': 'assistant', 'content': '<proof>\n                            1. F (Ex (D(x)&K(x)) -> (Ex D(x) | Ex K(x))) conclusion\n                            2. T Ex (D(x)&K(x)) 1 \n                            3. F (Ex D(x) | Ex K(x)) 1\n                            4. T (D(a)&K(a)) 2 \n                            5. T D(a) 4 \n                            6. T K(a) 4 \n                            7. F Ex D(x) 3 \n                            8. F Ex K(x) 3 \n                            9. F D(a) 7 \n                            10. @ 5,9 \n                        </proof>'}, {'role': 'user', 'content': ""Prove 'Ax ~(P(x)&~Q(x)), Ax ~Q(x) |- Ax ~P(x)', using the analytical tableau method. Final answer using the notation described.""}, {'role': 'assistant', 'content': '<proof>\n                        1. T Ax ~(P(x)&~Q(x)) pre \n                        2. T Ax ~Q(x) pre \n                        3. F Ax ~P(x) conclusion \n                        4. F ~P(a) 3         \n                        5. T P(a) 4           \n                        6. T ~(P(a)&~Q(a)) 1  \n                        7. T ~Q(a) 2          \n                        8. F (P(a)&~Q(a)) 6   \n                        9.{ F P(a) 8          \n                        10. @ 5,9}           \n                        11.{ F ~Q(a) 8        \n                        12. @ 7,11} \n                    </proof>'}, {'role': 'user', 'content': ""Prove '|- Ex P(x)->~Ax ~P(x)', using the analytical tableau method. Final answer using the notation described.""}, {'role': 'assistant', 'content': '<proof>\n                        1. T Ex (P(x)&~Q(x)) pre \n                        2. F ~Ax (P(x)->Q(x)) conclusion \n                        3. T (P(a)&~Q(a)) 1 \n                        4. T P(a) 3 \n                        5. T ~Q(a) 3 \n                        6. T Ax (P(x)->Q(x)) 2 \n                        7. T (P(a)->Q(a)) 6 \n                        8.{ F P(a) 7 \n                        9. @ 4,8} \n                        10.{ T Q(a) 7 \n                        11. F Q(a) 5  \n                        12. @ 10,11} \n                    </proof>'}, {'role': 'user', 'content': ""Prove'Ax (B(x)->C(x)) |- Ax (~B(x)|C(x))' using the analytical tableau method. Only one final answer, surrounded by <proof>...</proof>, using the notation described.""}]","<proof>
1. T Ax (B(x)->C(x)) pre
2. F Ax (~B(x)|C(x)) conclusion
3. T Ex ~(~B(x)|C(x)) 2
4. T ~(~B(a)|C(a)) 3
5. F (~B(a)|C(a)) 4
6. F ~B(a) 5
7. F C(a) 5
8. T B(a) 6
9. T (B(a)->C(a)) 1
10.{ F B(a) 9
11. @ 8,10}
12.{ T C(a) 9
13. @ 7,12}
</proof>","1. T Ax (B(x)->C(x)) pre
2. F Ax (~B(x)|C(x)) conclusion
3. T Ex ~(~B(x)|C(x)) 2
4. T ~(~B(a)|C(a)) 3
5. F (~B(a)|C(a)) 4
6. F ~B(a) 5
7. F C(a) 5
8. T B(a) 6
9. T (B(a)->C(a)) 1
10.{ F B(a) 9
11. @ 8,10}
12.{ T C(a) 9
13. @ 7,12}","The following errors were found:

Error in line 3:
3. T Ex ~(~B(x)|C(x)) 2
   ^, The truth value should be F for this rule.
Error in line 3:
3. T Ex ~(~B(x)|C(x)) 2
                      ^, Formula referenced in line 2 is not a universal formula with truth-value T.",43.86414480209351,stop,1650,1259
Ax (~B(x)|C(x)) |- Ax (B(x)->C(x)),"[{'role': 'system', 'content': ""\nYou are an expert in logic using the semantic Tableaux method. \nYou will receive a first order logic formula and must prove its validity using the semantic tableau method, represent the proof in a Fitch-like notation, following these formatting instructions:\n\n### FORMAT OF PROOF LINES: \nExpanding proof line must be structured like: '<line_number>. <T_or_F> <formula> <origin>'\n- <line_number>: sequential integer, always ending with a dot ('1.', '2.', '3.', ...)\n- <T_or_F> → T for true formulas, F for false formulas. \n- <formula>: the formula derived on that line\n- <origin> is exactly one of:\n    pre (for premises)\n    conclusion (for the conclusion)\n    a comma-separated list of line numbers indicating the formula(s) used to derive the current line (e.g. '1', '3', '1,3')\n\n### BRANCHING FORMAT \nUse curly braces { and } to open and close branches. \n{ must appear immediately after the line number that opens a branch (e.g. '8.{ F A|B 3') \n} must appear at the end of the line that closes that branch (e.g. '12. @ 5,7}'). Exception: the main (initial) branch does not require a closing }, since it is not opened by {.\nBranches may be nested. But a formula may only be used at a given point if it appeared earlier in the same branch or an outer (enclosing) branch to the current branch. Formulas from closed branches or sibling branches must not be used.\n\n### SYMBOLS \nUse the following symbols for logical operations: \n & = conjunction (and), \n | = disjunction (or), \n ~ = negation (not), \n -> = implication (implies).\n\nQuantifiers symbols:  \n    Ax represents ∀x  \n    Ex represents ∃x\nSo formulas with ∀x and ∃x will be represented by Ax and Ex (A and E followed by the variable x). For example, Ax (H(x)->M(x)) represents ∀x (H(x)→M(x)).\n\n###CONVENTIONS\nAtoms: only uppercase letters not immediately followed by parentesis (e.g. P, Q, R).\nPredicates: uppercase letters immediately followed by parentesis (e.g. H(x), M(y), Q(a,b) ). All predicates must use parentheses.\nVariables: first letter in lowercase, can be followed by letters and numbers (e.g., x, x0, xP0).\n\nWrite only the final proof in <proof>...</proof> tags. Only use <proof>...</proof> tags ONCE. Omit names of the rules. Only use these symbols inside the proof '&' , '->', '~', '|', '@', '(', ')', '{', '}', 'Ax', 'Ex'.\nDo not include explanations, commentary, or extra text inside and outside the <proof>...</proof> tags.\n""}, {'role': 'user', 'content': ""Prove 'Ex P(x), Ax (P(x)->Q(x)) |- Ex Q(x)', using the analytical tableau method. Final answer using the notation described. ""}, {'role': 'assistant', 'content': ' <proof>\n                        1. T Ex P(x) pre\n                        2. T Ax (P(x)->Q(x)) pre\n                        3. F Ex Q(x) conclusion\n                        4. T P(a) 1 \n                        5. T (P(a)->Q(a)) 2 \n                        6. F Q(a) 3 \n                        7.{ F P(a) 5 \n                        8. @ 4,7}    \n                        9.{ T Q(a) 5 \n                        10. @ 6,9}   \n                    </proof>'}, {'role': 'user', 'content': ""Prove 'Ax (P(x)|P(x)) |- Ax P(x)', using the analytical tableau method. Final answer using the notation described.""}, {'role': 'assistant', 'content': ' <proof>\n                            1. T Ax (P(x)|P(x)) pre \n                            2. F Ax P(x) conclusion\n                            3. F P(a) 2          \n                            4. T (P(a)|P(a)) 1   \n                            5.{ T P(a) 4         \n                            6. @ 3,5}            \n                            7.{ T P(a) 4         \n                            8. @ 3,7}            \n                        </proof>'}, {'role': 'user', 'content': ""Prove '|- Ex (D(x)&K(x))->(Ex D(x)|Ex K(x))', using the analytical tableau method. Final answer using the notation described.""}, {'role': 'assistant', 'content': '<proof>\n                            1. F (Ex (D(x)&K(x)) -> (Ex D(x) | Ex K(x))) conclusion\n                            2. T Ex (D(x)&K(x)) 1 \n                            3. F (Ex D(x) | Ex K(x)) 1\n                            4. T (D(a)&K(a)) 2 \n                            5. T D(a) 4 \n                            6. T K(a) 4 \n                            7. F Ex D(x) 3 \n                            8. F Ex K(x) 3 \n                            9. F D(a) 7 \n                            10. @ 5,9 \n                        </proof>'}, {'role': 'user', 'content': ""Prove 'Ax ~(P(x)&~Q(x)), Ax ~Q(x) |- Ax ~P(x)', using the analytical tableau method. Final answer using the notation described.""}, {'role': 'assistant', 'content': '<proof>\n                        1. T Ax ~(P(x)&~Q(x)) pre \n                        2. T Ax ~Q(x) pre \n                        3. F Ax ~P(x) conclusion \n                        4. F ~P(a) 3         \n                        5. T P(a) 4           \n                        6. T ~(P(a)&~Q(a)) 1  \n                        7. T ~Q(a) 2          \n                        8. F (P(a)&~Q(a)) 6   \n                        9.{ F P(a) 8          \n                        10. @ 5,9}           \n                        11.{ F ~Q(a) 8        \n                        12. @ 7,11} \n                    </proof>'}, {'role': 'user', 'content': ""Prove '|- Ex P(x)->~Ax ~P(x)', using the analytical tableau method. Final answer using the notation described.""}, {'role': 'assistant', 'content': '<proof>\n                        1. T Ex (P(x)&~Q(x)) pre \n                        2. F ~Ax (P(x)->Q(x)) conclusion \n                        3. T (P(a)&~Q(a)) 1 \n                        4. T P(a) 3 \n                        5. T ~Q(a) 3 \n                        6. T Ax (P(x)->Q(x)) 2 \n                        7. T (P(a)->Q(a)) 6 \n                        8.{ F P(a) 7 \n                        9. @ 4,8} \n                        10.{ T Q(a) 7 \n                        11. F Q(a) 5  \n                        12. @ 10,11} \n                    </proof>'}, {'role': 'user', 'content': ""Prove'Ax (~B(x)|C(x)) |- Ax (B(x)->C(x))' using the analytical tableau method. Only one final answer, surrounded by <proof>...</proof>, using the notation described.""}]","<proof>
1. T Ax (~B(x)|C(x)) pre
2. F Ax (B(x)->C(x)) conclusion
3. T B(a) 2
4. F C(a) 2
5. T (~B(a)|C(a)) 1
6.{ T ~B(a) 5
7. @ 3,6}
8.{ T C(a) 5
9. @ 4,8}
</proof>","1. T Ax (~B(x)|C(x)) pre
2. F Ax (B(x)->C(x)) conclusion
3. T B(a) 2
4. F C(a) 2
5. T (~B(a)|C(a)) 1
6.{ T ~B(a) 5
7. @ 3,6}
8.{ T C(a) 5
9. @ 4,8}","The following errors were found:

Error in line 3:
3. T B(a) 2
   ^, The truth value should be F for this rule.
Error in line 3:
3. T B(a) 2
          ^, Formula referenced in line 2 is not a universal formula with truth-value T.
Error in line 4:
4. F C(a) 2
     ^, Formula C(a) is not a valid substitution for the universal formula referenced in line 2.
Error in line 7:
7. @ 3,6}
     ^, None of the formulas referenced by the lines contradict the other formula.",34.597744941711426,stop,1650,1004
Ax (~B(x)|C(x)) |- Ax (~C(x)->~B(x)),"[{'role': 'system', 'content': ""\nYou are an expert in logic using the semantic Tableaux method. \nYou will receive a first order logic formula and must prove its validity using the semantic tableau method, represent the proof in a Fitch-like notation, following these formatting instructions:\n\n### FORMAT OF PROOF LINES: \nExpanding proof line must be structured like: '<line_number>. <T_or_F> <formula> <origin>'\n- <line_number>: sequential integer, always ending with a dot ('1.', '2.', '3.', ...)\n- <T_or_F> → T for true formulas, F for false formulas. \n- <formula>: the formula derived on that line\n- <origin> is exactly one of:\n    pre (for premises)\n    conclusion (for the conclusion)\n    a comma-separated list of line numbers indicating the formula(s) used to derive the current line (e.g. '1', '3', '1,3')\n\n### BRANCHING FORMAT \nUse curly braces { and } to open and close branches. \n{ must appear immediately after the line number that opens a branch (e.g. '8.{ F A|B 3') \n} must appear at the end of the line that closes that branch (e.g. '12. @ 5,7}'). Exception: the main (initial) branch does not require a closing }, since it is not opened by {.\nBranches may be nested. But a formula may only be used at a given point if it appeared earlier in the same branch or an outer (enclosing) branch to the current branch. Formulas from closed branches or sibling branches must not be used.\n\n### SYMBOLS \nUse the following symbols for logical operations: \n & = conjunction (and), \n | = disjunction (or), \n ~ = negation (not), \n -> = implication (implies).\n\nQuantifiers symbols:  \n    Ax represents ∀x  \n    Ex represents ∃x\nSo formulas with ∀x and ∃x will be represented by Ax and Ex (A and E followed by the variable x). For example, Ax (H(x)->M(x)) represents ∀x (H(x)→M(x)).\n\n###CONVENTIONS\nAtoms: only uppercase letters not immediately followed by parentesis (e.g. P, Q, R).\nPredicates: uppercase letters immediately followed by parentesis (e.g. H(x), M(y), Q(a,b) ). All predicates must use parentheses.\nVariables: first letter in lowercase, can be followed by letters and numbers (e.g., x, x0, xP0).\n\nWrite only the final proof in <proof>...</proof> tags. Only use <proof>...</proof> tags ONCE. Omit names of the rules. Only use these symbols inside the proof '&' , '->', '~', '|', '@', '(', ')', '{', '}', 'Ax', 'Ex'.\nDo not include explanations, commentary, or extra text inside and outside the <proof>...</proof> tags.\n""}, {'role': 'user', 'content': ""Prove 'Ex P(x), Ax (P(x)->Q(x)) |- Ex Q(x)', using the analytical tableau method. Final answer using the notation described. ""}, {'role': 'assistant', 'content': ' <proof>\n                        1. T Ex P(x) pre\n                        2. T Ax (P(x)->Q(x)) pre\n                        3. F Ex Q(x) conclusion\n                        4. T P(a) 1 \n                        5. T (P(a)->Q(a)) 2 \n                        6. F Q(a) 3 \n                        7.{ F P(a) 5 \n                        8. @ 4,7}    \n                        9.{ T Q(a) 5 \n                        10. @ 6,9}   \n                    </proof>'}, {'role': 'user', 'content': ""Prove 'Ax (P(x)|P(x)) |- Ax P(x)', using the analytical tableau method. Final answer using the notation described.""}, {'role': 'assistant', 'content': ' <proof>\n                            1. T Ax (P(x)|P(x)) pre \n                            2. F Ax P(x) conclusion\n                            3. F P(a) 2          \n                            4. T (P(a)|P(a)) 1   \n                            5.{ T P(a) 4         \n                            6. @ 3,5}            \n                            7.{ T P(a) 4         \n                            8. @ 3,7}            \n                        </proof>'}, {'role': 'user', 'content': ""Prove '|- Ex (D(x)&K(x))->(Ex D(x)|Ex K(x))', using the analytical tableau method. Final answer using the notation described.""}, {'role': 'assistant', 'content': '<proof>\n                            1. F (Ex (D(x)&K(x)) -> (Ex D(x) | Ex K(x))) conclusion\n                            2. T Ex (D(x)&K(x)) 1 \n                            3. F (Ex D(x) | Ex K(x)) 1\n                            4. T (D(a)&K(a)) 2 \n                            5. T D(a) 4 \n                            6. T K(a) 4 \n                            7. F Ex D(x) 3 \n                            8. F Ex K(x) 3 \n                            9. F D(a) 7 \n                            10. @ 5,9 \n                        </proof>'}, {'role': 'user', 'content': ""Prove 'Ax ~(P(x)&~Q(x)), Ax ~Q(x) |- Ax ~P(x)', using the analytical tableau method. Final answer using the notation described.""}, {'role': 'assistant', 'content': '<proof>\n                        1. T Ax ~(P(x)&~Q(x)) pre \n                        2. T Ax ~Q(x) pre \n                        3. F Ax ~P(x) conclusion \n                        4. F ~P(a) 3         \n                        5. T P(a) 4           \n                        6. T ~(P(a)&~Q(a)) 1  \n                        7. T ~Q(a) 2          \n                        8. F (P(a)&~Q(a)) 6   \n                        9.{ F P(a) 8          \n                        10. @ 5,9}           \n                        11.{ F ~Q(a) 8        \n                        12. @ 7,11} \n                    </proof>'}, {'role': 'user', 'content': ""Prove '|- Ex P(x)->~Ax ~P(x)', using the analytical tableau method. Final answer using the notation described.""}, {'role': 'assistant', 'content': '<proof>\n                        1. T Ex (P(x)&~Q(x)) pre \n                        2. F ~Ax (P(x)->Q(x)) conclusion \n                        3. T (P(a)&~Q(a)) 1 \n                        4. T P(a) 3 \n                        5. T ~Q(a) 3 \n                        6. T Ax (P(x)->Q(x)) 2 \n                        7. T (P(a)->Q(a)) 6 \n                        8.{ F P(a) 7 \n                        9. @ 4,8} \n                        10.{ T Q(a) 7 \n                        11. F Q(a) 5  \n                        12. @ 10,11} \n                    </proof>'}, {'role': 'user', 'content': ""Prove'Ax (~B(x)|C(x)) |- Ax (~C(x)->~B(x))' using the analytical tableau method. Only one final answer, surrounded by <proof>...</proof>, using the notation described.""}]","<proof>
1. T Ax (~B(x)|C(x)) pre
2. F Ax (~C(x)->~B(x)) conclusion
3. F (~C(a)->~B(a)) 2
4. T ~C(a) 3
5. F ~B(a) 3
6. T (~B(a)|C(a)) 1
7.{ T ~B(a) 6
8. @ 5,7}
9.{ T C(a) 6
10. @ 4,9}
</proof>","1. T Ax (~B(x)|C(x)) pre
2. F Ax (~C(x)->~B(x)) conclusion
3. F (~C(a)->~B(a)) 2
4. T ~C(a) 3
5. F ~B(a) 3
6. T (~B(a)|C(a)) 1
7.{ T ~B(a) 6
8. @ 5,7}
9.{ T C(a) 6
10. @ 4,9}","The following errors were found:

Error in line 10:
10. @ 4,9}
      ^, None of the formulas referenced by the lines contradict the other formula.",49.668989419937134,stop,1651,1440
Ax (~B(x)->~C(x)) |- Ax (~C(x)|B(x)),"[{'role': 'system', 'content': ""\nYou are an expert in logic using the semantic Tableaux method. \nYou will receive a first order logic formula and must prove its validity using the semantic tableau method, represent the proof in a Fitch-like notation, following these formatting instructions:\n\n### FORMAT OF PROOF LINES: \nExpanding proof line must be structured like: '<line_number>. <T_or_F> <formula> <origin>'\n- <line_number>: sequential integer, always ending with a dot ('1.', '2.', '3.', ...)\n- <T_or_F> → T for true formulas, F for false formulas. \n- <formula>: the formula derived on that line\n- <origin> is exactly one of:\n    pre (for premises)\n    conclusion (for the conclusion)\n    a comma-separated list of line numbers indicating the formula(s) used to derive the current line (e.g. '1', '3', '1,3')\n\n### BRANCHING FORMAT \nUse curly braces { and } to open and close branches. \n{ must appear immediately after the line number that opens a branch (e.g. '8.{ F A|B 3') \n} must appear at the end of the line that closes that branch (e.g. '12. @ 5,7}'). Exception: the main (initial) branch does not require a closing }, since it is not opened by {.\nBranches may be nested. But a formula may only be used at a given point if it appeared earlier in the same branch or an outer (enclosing) branch to the current branch. Formulas from closed branches or sibling branches must not be used.\n\n### SYMBOLS \nUse the following symbols for logical operations: \n & = conjunction (and), \n | = disjunction (or), \n ~ = negation (not), \n -> = implication (implies).\n\nQuantifiers symbols:  \n    Ax represents ∀x  \n    Ex represents ∃x\nSo formulas with ∀x and ∃x will be represented by Ax and Ex (A and E followed by the variable x). For example, Ax (H(x)->M(x)) represents ∀x (H(x)→M(x)).\n\n###CONVENTIONS\nAtoms: only uppercase letters not immediately followed by parentesis (e.g. P, Q, R).\nPredicates: uppercase letters immediately followed by parentesis (e.g. H(x), M(y), Q(a,b) ). All predicates must use parentheses.\nVariables: first letter in lowercase, can be followed by letters and numbers (e.g., x, x0, xP0).\n\nWrite only the final proof in <proof>...</proof> tags. Only use <proof>...</proof> tags ONCE. Omit names of the rules. Only use these symbols inside the proof '&' , '->', '~', '|', '@', '(', ')', '{', '}', 'Ax', 'Ex'.\nDo not include explanations, commentary, or extra text inside and outside the <proof>...</proof> tags.\n""}, {'role': 'user', 'content': ""Prove 'Ex P(x), Ax (P(x)->Q(x)) |- Ex Q(x)', using the analytical tableau method. Final answer using the notation described. ""}, {'role': 'assistant', 'content': ' <proof>\n                        1. T Ex P(x) pre\n                        2. T Ax (P(x)->Q(x)) pre\n                        3. F Ex Q(x) conclusion\n                        4. T P(a) 1 \n                        5. T (P(a)->Q(a)) 2 \n                        6. F Q(a) 3 \n                        7.{ F P(a) 5 \n                        8. @ 4,7}    \n                        9.{ T Q(a) 5 \n                        10. @ 6,9}   \n                    </proof>'}, {'role': 'user', 'content': ""Prove 'Ax (P(x)|P(x)) |- Ax P(x)', using the analytical tableau method. Final answer using the notation described.""}, {'role': 'assistant', 'content': ' <proof>\n                            1. T Ax (P(x)|P(x)) pre \n                            2. F Ax P(x) conclusion\n                            3. F P(a) 2          \n                            4. T (P(a)|P(a)) 1   \n                            5.{ T P(a) 4         \n                            6. @ 3,5}            \n                            7.{ T P(a) 4         \n                            8. @ 3,7}            \n                        </proof>'}, {'role': 'user', 'content': ""Prove '|- Ex (D(x)&K(x))->(Ex D(x)|Ex K(x))', using the analytical tableau method. Final answer using the notation described.""}, {'role': 'assistant', 'content': '<proof>\n                            1. F (Ex (D(x)&K(x)) -> (Ex D(x) | Ex K(x))) conclusion\n                            2. T Ex (D(x)&K(x)) 1 \n                            3. F (Ex D(x) | Ex K(x)) 1\n                            4. T (D(a)&K(a)) 2 \n                            5. T D(a) 4 \n                            6. T K(a) 4 \n                            7. F Ex D(x) 3 \n                            8. F Ex K(x) 3 \n                            9. F D(a) 7 \n                            10. @ 5,9 \n                        </proof>'}, {'role': 'user', 'content': ""Prove 'Ax ~(P(x)&~Q(x)), Ax ~Q(x) |- Ax ~P(x)', using the analytical tableau method. Final answer using the notation described.""}, {'role': 'assistant', 'content': '<proof>\n                        1. T Ax ~(P(x)&~Q(x)) pre \n                        2. T Ax ~Q(x) pre \n                        3. F Ax ~P(x) conclusion \n                        4. F ~P(a) 3         \n                        5. T P(a) 4           \n                        6. T ~(P(a)&~Q(a)) 1  \n                        7. T ~Q(a) 2          \n                        8. F (P(a)&~Q(a)) 6   \n                        9.{ F P(a) 8          \n                        10. @ 5,9}           \n                        11.{ F ~Q(a) 8        \n                        12. @ 7,11} \n                    </proof>'}, {'role': 'user', 'content': ""Prove '|- Ex P(x)->~Ax ~P(x)', using the analytical tableau method. Final answer using the notation described.""}, {'role': 'assistant', 'content': '<proof>\n                        1. T Ex (P(x)&~Q(x)) pre \n                        2. F ~Ax (P(x)->Q(x)) conclusion \n                        3. T (P(a)&~Q(a)) 1 \n                        4. T P(a) 3 \n                        5. T ~Q(a) 3 \n                        6. T Ax (P(x)->Q(x)) 2 \n                        7. T (P(a)->Q(a)) 6 \n                        8.{ F P(a) 7 \n                        9. @ 4,8} \n                        10.{ T Q(a) 7 \n                        11. F Q(a) 5  \n                        12. @ 10,11} \n                    </proof>'}, {'role': 'user', 'content': ""Prove'Ax (~B(x)->~C(x)) |- Ax (~C(x)|B(x))' using the analytical tableau method. Only one final answer, surrounded by <proof>...</proof>, using the notation described.""}]","<proof>
1. T Ax (~B(x)->~C(x)) pre
2. F Ax (~C(x)|B(x)) conclusion
3. F (~C(a)|B(a)) 2
4. F ~C(a) 3
5. F B(a) 3
6. T (~B(a)->~C(a)) 1
7.{ F ~B(a) 6
8. @ 5,7}
9.{ T ~C(a) 6
10. @ 4,9}
</proof>","1. T Ax (~B(x)->~C(x)) pre
2. F Ax (~C(x)|B(x)) conclusion
3. F (~C(a)|B(a)) 2
4. F ~C(a) 3
5. F B(a) 3
6. T (~B(a)->~C(a)) 1
7.{ F ~B(a) 6
8. @ 5,7}
9.{ T ~C(a) 6
10. @ 4,9}","The following errors were found:

Error in line 8:
8. @ 5,7}
     ^, None of the formulas referenced by the lines contradict the other formula.",60.06160378456116,stop,1651,1738
"Ax (B(x)&C(x)), ~Ex ~B(x) |- Ax C(x)","[{'role': 'system', 'content': ""\nYou are an expert in logic using the semantic Tableaux method. \nYou will receive a first order logic formula and must prove its validity using the semantic tableau method, represent the proof in a Fitch-like notation, following these formatting instructions:\n\n### FORMAT OF PROOF LINES: \nExpanding proof line must be structured like: '<line_number>. <T_or_F> <formula> <origin>'\n- <line_number>: sequential integer, always ending with a dot ('1.', '2.', '3.', ...)\n- <T_or_F> → T for true formulas, F for false formulas. \n- <formula>: the formula derived on that line\n- <origin> is exactly one of:\n    pre (for premises)\n    conclusion (for the conclusion)\n    a comma-separated list of line numbers indicating the formula(s) used to derive the current line (e.g. '1', '3', '1,3')\n\n### BRANCHING FORMAT \nUse curly braces { and } to open and close branches. \n{ must appear immediately after the line number that opens a branch (e.g. '8.{ F A|B 3') \n} must appear at the end of the line that closes that branch (e.g. '12. @ 5,7}'). Exception: the main (initial) branch does not require a closing }, since it is not opened by {.\nBranches may be nested. But a formula may only be used at a given point if it appeared earlier in the same branch or an outer (enclosing) branch to the current branch. Formulas from closed branches or sibling branches must not be used.\n\n### SYMBOLS \nUse the following symbols for logical operations: \n & = conjunction (and), \n | = disjunction (or), \n ~ = negation (not), \n -> = implication (implies).\n\nQuantifiers symbols:  \n    Ax represents ∀x  \n    Ex represents ∃x\nSo formulas with ∀x and ∃x will be represented by Ax and Ex (A and E followed by the variable x). For example, Ax (H(x)->M(x)) represents ∀x (H(x)→M(x)).\n\n###CONVENTIONS\nAtoms: only uppercase letters not immediately followed by parentesis (e.g. P, Q, R).\nPredicates: uppercase letters immediately followed by parentesis (e.g. H(x), M(y), Q(a,b) ). All predicates must use parentheses.\nVariables: first letter in lowercase, can be followed by letters and numbers (e.g., x, x0, xP0).\n\nWrite only the final proof in <proof>...</proof> tags. Only use <proof>...</proof> tags ONCE. Omit names of the rules. Only use these symbols inside the proof '&' , '->', '~', '|', '@', '(', ')', '{', '}', 'Ax', 'Ex'.\nDo not include explanations, commentary, or extra text inside and outside the <proof>...</proof> tags.\n""}, {'role': 'user', 'content': ""Prove 'Ex P(x), Ax (P(x)->Q(x)) |- Ex Q(x)', using the analytical tableau method. Final answer using the notation described. ""}, {'role': 'assistant', 'content': ' <proof>\n                        1. T Ex P(x) pre\n                        2. T Ax (P(x)->Q(x)) pre\n                        3. F Ex Q(x) conclusion\n                        4. T P(a) 1 \n                        5. T (P(a)->Q(a)) 2 \n                        6. F Q(a) 3 \n                        7.{ F P(a) 5 \n                        8. @ 4,7}    \n                        9.{ T Q(a) 5 \n                        10. @ 6,9}   \n                    </proof>'}, {'role': 'user', 'content': ""Prove 'Ax (P(x)|P(x)) |- Ax P(x)', using the analytical tableau method. Final answer using the notation described.""}, {'role': 'assistant', 'content': ' <proof>\n                            1. T Ax (P(x)|P(x)) pre \n                            2. F Ax P(x) conclusion\n                            3. F P(a) 2          \n                            4. T (P(a)|P(a)) 1   \n                            5.{ T P(a) 4         \n                            6. @ 3,5}            \n                            7.{ T P(a) 4         \n                            8. @ 3,7}            \n                        </proof>'}, {'role': 'user', 'content': ""Prove '|- Ex (D(x)&K(x))->(Ex D(x)|Ex K(x))', using the analytical tableau method. Final answer using the notation described.""}, {'role': 'assistant', 'content': '<proof>\n                            1. F (Ex (D(x)&K(x)) -> (Ex D(x) | Ex K(x))) conclusion\n                            2. T Ex (D(x)&K(x)) 1 \n                            3. F (Ex D(x) | Ex K(x)) 1\n                            4. T (D(a)&K(a)) 2 \n                            5. T D(a) 4 \n                            6. T K(a) 4 \n                            7. F Ex D(x) 3 \n                            8. F Ex K(x) 3 \n                            9. F D(a) 7 \n                            10. @ 5,9 \n                        </proof>'}, {'role': 'user', 'content': ""Prove 'Ax ~(P(x)&~Q(x)), Ax ~Q(x) |- Ax ~P(x)', using the analytical tableau method. Final answer using the notation described.""}, {'role': 'assistant', 'content': '<proof>\n                        1. T Ax ~(P(x)&~Q(x)) pre \n                        2. T Ax ~Q(x) pre \n                        3. F Ax ~P(x) conclusion \n                        4. F ~P(a) 3         \n                        5. T P(a) 4           \n                        6. T ~(P(a)&~Q(a)) 1  \n                        7. T ~Q(a) 2          \n                        8. F (P(a)&~Q(a)) 6   \n                        9.{ F P(a) 8          \n                        10. @ 5,9}           \n                        11.{ F ~Q(a) 8        \n                        12. @ 7,11} \n                    </proof>'}, {'role': 'user', 'content': ""Prove '|- Ex P(x)->~Ax ~P(x)', using the analytical tableau method. Final answer using the notation described.""}, {'role': 'assistant', 'content': '<proof>\n                        1. T Ex (P(x)&~Q(x)) pre \n                        2. F ~Ax (P(x)->Q(x)) conclusion \n                        3. T (P(a)&~Q(a)) 1 \n                        4. T P(a) 3 \n                        5. T ~Q(a) 3 \n                        6. T Ax (P(x)->Q(x)) 2 \n                        7. T (P(a)->Q(a)) 6 \n                        8.{ F P(a) 7 \n                        9. @ 4,8} \n                        10.{ T Q(a) 7 \n                        11. F Q(a) 5  \n                        12. @ 10,11} \n                    </proof>'}, {'role': 'user', 'content': ""Prove'Ax (B(x)&C(x)), ~Ex ~B(x) |- Ax C(x)' using the analytical tableau method. Only one final answer, surrounded by <proof>...</proof>, using the notation described.""}]","<proof>
1. T Ax (B(x)&C(x)) pre
2. T ~Ex ~B(x) pre
3. F Ax C(x) conclusion
4. T (B(a)&C(a)) 1
5. T B(a) 4
6. T C(a) 4
7. T Ax B(x) 2
8. T B(b) 7
9. T Ex ~C(x) 3
10. T ~C(b) 9
11. T (B(b)&C(b)) 1
12. T C(b) 11
13. @ 10,12
</proof>","1. T Ax (B(x)&C(x)) pre
2. T ~Ex ~B(x) pre
3. F Ax C(x) conclusion
4. T (B(a)&C(a)) 1
5. T B(a) 4
6. T C(a) 4
7. T Ax B(x) 2
8. T B(b) 7
9. T Ex ~C(x) 3
10. T ~C(b) 9
11. T (B(b)&C(b)) 1
12. T C(b) 11
13. @ 10,12","The following errors were found:

Error in line 7:
7. T Ax B(x) 2
   ^, The truth value should be F for this rule.
Error in line 9:
9. T Ex ~C(x) 3
   ^, The truth value should be F for this rule.
Error in line 7:
7. T Ax B(x) 2
             ^, Formula Ax B(x) is not a valid result for this rule.
Error in line 9:
9. T Ex ~C(x) 3
              ^, Formula referenced in line 3 is not a universal formula with truth-value T.
Error in line 10:
10. T ~C(b) 9
      ^, The variable used in this formula ~C(b) is not a new variable and therefore cannot be used in this rule.
Error in line 12:
12. T C(b) 11
^, The previous line should be the &T rule with the formula B(b).
Error in line 13:
13. @ 10,12
      ^, None of the formulas referenced by the lines contradict the other formula.",46.8914852142334,stop,1651,1346
"Ax (B(x)&C(x)), Ax ~B(x) |- Ax C(x)","[{'role': 'system', 'content': ""\nYou are an expert in logic using the semantic Tableaux method. \nYou will receive a first order logic formula and must prove its validity using the semantic tableau method, represent the proof in a Fitch-like notation, following these formatting instructions:\n\n### FORMAT OF PROOF LINES: \nExpanding proof line must be structured like: '<line_number>. <T_or_F> <formula> <origin>'\n- <line_number>: sequential integer, always ending with a dot ('1.', '2.', '3.', ...)\n- <T_or_F> → T for true formulas, F for false formulas. \n- <formula>: the formula derived on that line\n- <origin> is exactly one of:\n    pre (for premises)\n    conclusion (for the conclusion)\n    a comma-separated list of line numbers indicating the formula(s) used to derive the current line (e.g. '1', '3', '1,3')\n\n### BRANCHING FORMAT \nUse curly braces { and } to open and close branches. \n{ must appear immediately after the line number that opens a branch (e.g. '8.{ F A|B 3') \n} must appear at the end of the line that closes that branch (e.g. '12. @ 5,7}'). Exception: the main (initial) branch does not require a closing }, since it is not opened by {.\nBranches may be nested. But a formula may only be used at a given point if it appeared earlier in the same branch or an outer (enclosing) branch to the current branch. Formulas from closed branches or sibling branches must not be used.\n\n### SYMBOLS \nUse the following symbols for logical operations: \n & = conjunction (and), \n | = disjunction (or), \n ~ = negation (not), \n -> = implication (implies).\n\nQuantifiers symbols:  \n    Ax represents ∀x  \n    Ex represents ∃x\nSo formulas with ∀x and ∃x will be represented by Ax and Ex (A and E followed by the variable x). For example, Ax (H(x)->M(x)) represents ∀x (H(x)→M(x)).\n\n###CONVENTIONS\nAtoms: only uppercase letters not immediately followed by parentesis (e.g. P, Q, R).\nPredicates: uppercase letters immediately followed by parentesis (e.g. H(x), M(y), Q(a,b) ). All predicates must use parentheses.\nVariables: first letter in lowercase, can be followed by letters and numbers (e.g., x, x0, xP0).\n\nWrite only the final proof in <proof>...</proof> tags. Only use <proof>...</proof> tags ONCE. Omit names of the rules. Only use these symbols inside the proof '&' , '->', '~', '|', '@', '(', ')', '{', '}', 'Ax', 'Ex'.\nDo not include explanations, commentary, or extra text inside and outside the <proof>...</proof> tags.\n""}, {'role': 'user', 'content': ""Prove 'Ex P(x), Ax (P(x)->Q(x)) |- Ex Q(x)', using the analytical tableau method. Final answer using the notation described. ""}, {'role': 'assistant', 'content': ' <proof>\n                        1. T Ex P(x) pre\n                        2. T Ax (P(x)->Q(x)) pre\n                        3. F Ex Q(x) conclusion\n                        4. T P(a) 1 \n                        5. T (P(a)->Q(a)) 2 \n                        6. F Q(a) 3 \n                        7.{ F P(a) 5 \n                        8. @ 4,7}    \n                        9.{ T Q(a) 5 \n                        10. @ 6,9}   \n                    </proof>'}, {'role': 'user', 'content': ""Prove 'Ax (P(x)|P(x)) |- Ax P(x)', using the analytical tableau method. Final answer using the notation described.""}, {'role': 'assistant', 'content': ' <proof>\n                            1. T Ax (P(x)|P(x)) pre \n                            2. F Ax P(x) conclusion\n                            3. F P(a) 2          \n                            4. T (P(a)|P(a)) 1   \n                            5.{ T P(a) 4         \n                            6. @ 3,5}            \n                            7.{ T P(a) 4         \n                            8. @ 3,7}            \n                        </proof>'}, {'role': 'user', 'content': ""Prove '|- Ex (D(x)&K(x))->(Ex D(x)|Ex K(x))', using the analytical tableau method. Final answer using the notation described.""}, {'role': 'assistant', 'content': '<proof>\n                            1. F (Ex (D(x)&K(x)) -> (Ex D(x) | Ex K(x))) conclusion\n                            2. T Ex (D(x)&K(x)) 1 \n                            3. F (Ex D(x) | Ex K(x)) 1\n                            4. T (D(a)&K(a)) 2 \n                            5. T D(a) 4 \n                            6. T K(a) 4 \n                            7. F Ex D(x) 3 \n                            8. F Ex K(x) 3 \n                            9. F D(a) 7 \n                            10. @ 5,9 \n                        </proof>'}, {'role': 'user', 'content': ""Prove 'Ax ~(P(x)&~Q(x)), Ax ~Q(x) |- Ax ~P(x)', using the analytical tableau method. Final answer using the notation described.""}, {'role': 'assistant', 'content': '<proof>\n                        1. T Ax ~(P(x)&~Q(x)) pre \n                        2. T Ax ~Q(x) pre \n                        3. F Ax ~P(x) conclusion \n                        4. F ~P(a) 3         \n                        5. T P(a) 4           \n                        6. T ~(P(a)&~Q(a)) 1  \n                        7. T ~Q(a) 2          \n                        8. F (P(a)&~Q(a)) 6   \n                        9.{ F P(a) 8          \n                        10. @ 5,9}           \n                        11.{ F ~Q(a) 8        \n                        12. @ 7,11} \n                    </proof>'}, {'role': 'user', 'content': ""Prove '|- Ex P(x)->~Ax ~P(x)', using the analytical tableau method. Final answer using the notation described.""}, {'role': 'assistant', 'content': '<proof>\n                        1. T Ex (P(x)&~Q(x)) pre \n                        2. F ~Ax (P(x)->Q(x)) conclusion \n                        3. T (P(a)&~Q(a)) 1 \n                        4. T P(a) 3 \n                        5. T ~Q(a) 3 \n                        6. T Ax (P(x)->Q(x)) 2 \n                        7. T (P(a)->Q(a)) 6 \n                        8.{ F P(a) 7 \n                        9. @ 4,8} \n                        10.{ T Q(a) 7 \n                        11. F Q(a) 5  \n                        12. @ 10,11} \n                    </proof>'}, {'role': 'user', 'content': ""Prove'Ax (B(x)&C(x)), Ax ~B(x) |- Ax C(x)' using the analytical tableau method. Only one final answer, surrounded by <proof>...</proof>, using the notation described.""}]","<proof>
1. T Ax (B(x)&C(x)) pre
2. T Ax ~B(x) pre
3. F Ax C(x) conclusion
4. F C(a) 3
5. T (B(a)&C(a)) 1
6. T ~B(a) 2
7. T B(a) 5
8. T C(a) 5
9. @ 4,8
</proof>","1. T Ax (B(x)&C(x)) pre
2. T Ax ~B(x) pre
3. F Ax C(x) conclusion
4. F C(a) 3
5. T (B(a)&C(a)) 1
6. T ~B(a) 2
7. T B(a) 5
8. T C(a) 5
9. @ 4,8",The proof is valid.,26.256345748901367,stop,1650,757
|- Ex (B(x)&C(x))->(Ex B(x)&Ex C(x)),"[{'role': 'system', 'content': ""\nYou are an expert in logic using the semantic Tableaux method. \nYou will receive a first order logic formula and must prove its validity using the semantic tableau method, represent the proof in a Fitch-like notation, following these formatting instructions:\n\n### FORMAT OF PROOF LINES: \nExpanding proof line must be structured like: '<line_number>. <T_or_F> <formula> <origin>'\n- <line_number>: sequential integer, always ending with a dot ('1.', '2.', '3.', ...)\n- <T_or_F> → T for true formulas, F for false formulas. \n- <formula>: the formula derived on that line\n- <origin> is exactly one of:\n    pre (for premises)\n    conclusion (for the conclusion)\n    a comma-separated list of line numbers indicating the formula(s) used to derive the current line (e.g. '1', '3', '1,3')\n\n### BRANCHING FORMAT \nUse curly braces { and } to open and close branches. \n{ must appear immediately after the line number that opens a branch (e.g. '8.{ F A|B 3') \n} must appear at the end of the line that closes that branch (e.g. '12. @ 5,7}'). Exception: the main (initial) branch does not require a closing }, since it is not opened by {.\nBranches may be nested. But a formula may only be used at a given point if it appeared earlier in the same branch or an outer (enclosing) branch to the current branch. Formulas from closed branches or sibling branches must not be used.\n\n### SYMBOLS \nUse the following symbols for logical operations: \n & = conjunction (and), \n | = disjunction (or), \n ~ = negation (not), \n -> = implication (implies).\n\nQuantifiers symbols:  \n    Ax represents ∀x  \n    Ex represents ∃x\nSo formulas with ∀x and ∃x will be represented by Ax and Ex (A and E followed by the variable x). For example, Ax (H(x)->M(x)) represents ∀x (H(x)→M(x)).\n\n###CONVENTIONS\nAtoms: only uppercase letters not immediately followed by parentesis (e.g. P, Q, R).\nPredicates: uppercase letters immediately followed by parentesis (e.g. H(x), M(y), Q(a,b) ). All predicates must use parentheses.\nVariables: first letter in lowercase, can be followed by letters and numbers (e.g., x, x0, xP0).\n\nWrite only the final proof in <proof>...</proof> tags. Only use <proof>...</proof> tags ONCE. Omit names of the rules. Only use these symbols inside the proof '&' , '->', '~', '|', '@', '(', ')', '{', '}', 'Ax', 'Ex'.\nDo not include explanations, commentary, or extra text inside and outside the <proof>...</proof> tags.\n""}, {'role': 'user', 'content': ""Prove 'Ex P(x), Ax (P(x)->Q(x)) |- Ex Q(x)', using the analytical tableau method. Final answer using the notation described. ""}, {'role': 'assistant', 'content': ' <proof>\n                        1. T Ex P(x) pre\n                        2. T Ax (P(x)->Q(x)) pre\n                        3. F Ex Q(x) conclusion\n                        4. T P(a) 1 \n                        5. T (P(a)->Q(a)) 2 \n                        6. F Q(a) 3 \n                        7.{ F P(a) 5 \n                        8. @ 4,7}    \n                        9.{ T Q(a) 5 \n                        10. @ 6,9}   \n                    </proof>'}, {'role': 'user', 'content': ""Prove 'Ax (P(x)|P(x)) |- Ax P(x)', using the analytical tableau method. Final answer using the notation described.""}, {'role': 'assistant', 'content': ' <proof>\n                            1. T Ax (P(x)|P(x)) pre \n                            2. F Ax P(x) conclusion\n                            3. F P(a) 2          \n                            4. T (P(a)|P(a)) 1   \n                            5.{ T P(a) 4         \n                            6. @ 3,5}            \n                            7.{ T P(a) 4         \n                            8. @ 3,7}            \n                        </proof>'}, {'role': 'user', 'content': ""Prove '|- Ex (D(x)&K(x))->(Ex D(x)|Ex K(x))', using the analytical tableau method. Final answer using the notation described.""}, {'role': 'assistant', 'content': '<proof>\n                            1. F (Ex (D(x)&K(x)) -> (Ex D(x) | Ex K(x))) conclusion\n                            2. T Ex (D(x)&K(x)) 1 \n                            3. F (Ex D(x) | Ex K(x)) 1\n                            4. T (D(a)&K(a)) 2 \n                            5. T D(a) 4 \n                            6. T K(a) 4 \n                            7. F Ex D(x) 3 \n                            8. F Ex K(x) 3 \n                            9. F D(a) 7 \n                            10. @ 5,9 \n                        </proof>'}, {'role': 'user', 'content': ""Prove 'Ax ~(P(x)&~Q(x)), Ax ~Q(x) |- Ax ~P(x)', using the analytical tableau method. Final answer using the notation described.""}, {'role': 'assistant', 'content': '<proof>\n                        1. T Ax ~(P(x)&~Q(x)) pre \n                        2. T Ax ~Q(x) pre \n                        3. F Ax ~P(x) conclusion \n                        4. F ~P(a) 3         \n                        5. T P(a) 4           \n                        6. T ~(P(a)&~Q(a)) 1  \n                        7. T ~Q(a) 2          \n                        8. F (P(a)&~Q(a)) 6   \n                        9.{ F P(a) 8          \n                        10. @ 5,9}           \n                        11.{ F ~Q(a) 8        \n                        12. @ 7,11} \n                    </proof>'}, {'role': 'user', 'content': ""Prove '|- Ex P(x)->~Ax ~P(x)', using the analytical tableau method. Final answer using the notation described.""}, {'role': 'assistant', 'content': '<proof>\n                        1. T Ex (P(x)&~Q(x)) pre \n                        2. F ~Ax (P(x)->Q(x)) conclusion \n                        3. T (P(a)&~Q(a)) 1 \n                        4. T P(a) 3 \n                        5. T ~Q(a) 3 \n                        6. T Ax (P(x)->Q(x)) 2 \n                        7. T (P(a)->Q(a)) 6 \n                        8.{ F P(a) 7 \n                        9. @ 4,8} \n                        10.{ T Q(a) 7 \n                        11. F Q(a) 5  \n                        12. @ 10,11} \n                    </proof>'}, {'role': 'user', 'content': ""Prove'|- Ex (B(x)&C(x))->(Ex B(x)&Ex C(x))' using the analytical tableau method. Only one final answer, surrounded by <proof>...</proof>, using the notation described.""}]","<proof>
1. F (Ex (B(x)&C(x)) -> (Ex B(x)&Ex C(x))) conclusion
2. T Ex (B(x)&C(x)) 1
3. F (Ex B(x)&Ex C(x)) 1
4. T (B(a)&C(a)) 2
5. T B(a) 4
6. T C(a) 4
7.{ F Ex B(x) 3
8. F B(a) 7
9. @ 5,8}
10.{ F Ex C(x) 3
11. F C(a) 10
12. @ 6,11}
</proof>","1. F (Ex (B(x)&C(x)) -> (Ex B(x)&Ex C(x))) conclusion
2. T Ex (B(x)&C(x)) 1
3. F (Ex B(x)&Ex C(x)) 1
4. T (B(a)&C(a)) 2
5. T B(a) 4
6. T C(a) 4
7.{ F Ex B(x) 3
8. F B(a) 7
9. @ 5,8}
10.{ F Ex C(x) 3
11. F C(a) 10
12. @ 6,11}",The proof is valid.,37.81782793998718,stop,1651,1090
Ax ((B(x)->C(x))&(C(x)->B(x))) |- Ax ((~B(x)->~C(x))&(~C(x)->~B(x))),"[{'role': 'system', 'content': ""\nYou are an expert in logic using the semantic Tableaux method. \nYou will receive a first order logic formula and must prove its validity using the semantic tableau method, represent the proof in a Fitch-like notation, following these formatting instructions:\n\n### FORMAT OF PROOF LINES: \nExpanding proof line must be structured like: '<line_number>. <T_or_F> <formula> <origin>'\n- <line_number>: sequential integer, always ending with a dot ('1.', '2.', '3.', ...)\n- <T_or_F> → T for true formulas, F for false formulas. \n- <formula>: the formula derived on that line\n- <origin> is exactly one of:\n    pre (for premises)\n    conclusion (for the conclusion)\n    a comma-separated list of line numbers indicating the formula(s) used to derive the current line (e.g. '1', '3', '1,3')\n\n### BRANCHING FORMAT \nUse curly braces { and } to open and close branches. \n{ must appear immediately after the line number that opens a branch (e.g. '8.{ F A|B 3') \n} must appear at the end of the line that closes that branch (e.g. '12. @ 5,7}'). Exception: the main (initial) branch does not require a closing }, since it is not opened by {.\nBranches may be nested. But a formula may only be used at a given point if it appeared earlier in the same branch or an outer (enclosing) branch to the current branch. Formulas from closed branches or sibling branches must not be used.\n\n### SYMBOLS \nUse the following symbols for logical operations: \n & = conjunction (and), \n | = disjunction (or), \n ~ = negation (not), \n -> = implication (implies).\n\nQuantifiers symbols:  \n    Ax represents ∀x  \n    Ex represents ∃x\nSo formulas with ∀x and ∃x will be represented by Ax and Ex (A and E followed by the variable x). For example, Ax (H(x)->M(x)) represents ∀x (H(x)→M(x)).\n\n###CONVENTIONS\nAtoms: only uppercase letters not immediately followed by parentesis (e.g. P, Q, R).\nPredicates: uppercase letters immediately followed by parentesis (e.g. H(x), M(y), Q(a,b) ). All predicates must use parentheses.\nVariables: first letter in lowercase, can be followed by letters and numbers (e.g., x, x0, xP0).\n\nWrite only the final proof in <proof>...</proof> tags. Only use <proof>...</proof> tags ONCE. Omit names of the rules. Only use these symbols inside the proof '&' , '->', '~', '|', '@', '(', ')', '{', '}', 'Ax', 'Ex'.\nDo not include explanations, commentary, or extra text inside and outside the <proof>...</proof> tags.\n""}, {'role': 'user', 'content': ""Prove 'Ex P(x), Ax (P(x)->Q(x)) |- Ex Q(x)', using the analytical tableau method. Final answer using the notation described. ""}, {'role': 'assistant', 'content': ' <proof>\n                        1. T Ex P(x) pre\n                        2. T Ax (P(x)->Q(x)) pre\n                        3. F Ex Q(x) conclusion\n                        4. T P(a) 1 \n                        5. T (P(a)->Q(a)) 2 \n                        6. F Q(a) 3 \n                        7.{ F P(a) 5 \n                        8. @ 4,7}    \n                        9.{ T Q(a) 5 \n                        10. @ 6,9}   \n                    </proof>'}, {'role': 'user', 'content': ""Prove 'Ax (P(x)|P(x)) |- Ax P(x)', using the analytical tableau method. Final answer using the notation described.""}, {'role': 'assistant', 'content': ' <proof>\n                            1. T Ax (P(x)|P(x)) pre \n                            2. F Ax P(x) conclusion\n                            3. F P(a) 2          \n                            4. T (P(a)|P(a)) 1   \n                            5.{ T P(a) 4         \n                            6. @ 3,5}            \n                            7.{ T P(a) 4         \n                            8. @ 3,7}            \n                        </proof>'}, {'role': 'user', 'content': ""Prove '|- Ex (D(x)&K(x))->(Ex D(x)|Ex K(x))', using the analytical tableau method. Final answer using the notation described.""}, {'role': 'assistant', 'content': '<proof>\n                            1. F (Ex (D(x)&K(x)) -> (Ex D(x) | Ex K(x))) conclusion\n                            2. T Ex (D(x)&K(x)) 1 \n                            3. F (Ex D(x) | Ex K(x)) 1\n                            4. T (D(a)&K(a)) 2 \n                            5. T D(a) 4 \n                            6. T K(a) 4 \n                            7. F Ex D(x) 3 \n                            8. F Ex K(x) 3 \n                            9. F D(a) 7 \n                            10. @ 5,9 \n                        </proof>'}, {'role': 'user', 'content': ""Prove 'Ax ~(P(x)&~Q(x)), Ax ~Q(x) |- Ax ~P(x)', using the analytical tableau method. Final answer using the notation described.""}, {'role': 'assistant', 'content': '<proof>\n                        1. T Ax ~(P(x)&~Q(x)) pre \n                        2. T Ax ~Q(x) pre \n                        3. F Ax ~P(x) conclusion \n                        4. F ~P(a) 3         \n                        5. T P(a) 4           \n                        6. T ~(P(a)&~Q(a)) 1  \n                        7. T ~Q(a) 2          \n                        8. F (P(a)&~Q(a)) 6   \n                        9.{ F P(a) 8          \n                        10. @ 5,9}           \n                        11.{ F ~Q(a) 8        \n                        12. @ 7,11} \n                    </proof>'}, {'role': 'user', 'content': ""Prove '|- Ex P(x)->~Ax ~P(x)', using the analytical tableau method. Final answer using the notation described.""}, {'role': 'assistant', 'content': '<proof>\n                        1. T Ex (P(x)&~Q(x)) pre \n                        2. F ~Ax (P(x)->Q(x)) conclusion \n                        3. T (P(a)&~Q(a)) 1 \n                        4. T P(a) 3 \n                        5. T ~Q(a) 3 \n                        6. T Ax (P(x)->Q(x)) 2 \n                        7. T (P(a)->Q(a)) 6 \n                        8.{ F P(a) 7 \n                        9. @ 4,8} \n                        10.{ T Q(a) 7 \n                        11. F Q(a) 5  \n                        12. @ 10,11} \n                    </proof>'}, {'role': 'user', 'content': ""Prove'Ax ((B(x)->C(x))&(C(x)->B(x))) |- Ax ((~B(x)->~C(x))&(~C(x)->~B(x)))' using the analytical tableau method. Only one final answer, surrounded by <proof>...</proof>, using the notation described.""}]","<proof>
1. T Ax ((B(x)->C(x))&(C(x)->B(x))) pre
2. F Ax ((~B(x)->~C(x))&(~C(x)->~B(x))) conclusion
3. F ((~B(a)->~C(a))&(~C(a)->~B(a))) 2
4. T ((B(a)->C(a))&(C(a)->B(a))) 1
5. T (B(a)->C(a)) 4
6. T (C(a)->B(a)) 4
7.{ F (~B(a)->~C(a)) 3
8. T ~B(a) 7
9. F ~C(a) 7
10. F B(a) 8
11. T C(a) 9
12.{ F C(a) 6
13. @ 11,12}
14.{ T B(a) 6
15. @ 10,14}
16. @ 10,14}
17.{ F (~C(a)->~B(a)) 3
18. T ~C(a) 17
19. F ~B(a) 17
20. F C(a) 18
21. T B(a) 19
22.{ F B(a) 5
23. @ 21,22}
24.{ T C(a) 5
25. @ 20,24}
26. @ 20,24}
</proof>","1. T Ax ((B(x)->C(x))&(C(x)->B(x))) pre
2. F Ax ((~B(x)->~C(x))&(~C(x)->~B(x))) conclusion
3. F ((~B(a)->~C(a))&(~C(a)->~B(a))) 2
4. T ((B(a)->C(a))&(C(a)->B(a))) 1
5. T (B(a)->C(a)) 4
6. T (C(a)->B(a)) 4
7.{ F (~B(a)->~C(a)) 3
8. T ~B(a) 7
9. F ~C(a) 7
10. F B(a) 8
11. T C(a) 9
12.{ F C(a) 6
13. @ 11,12}
14.{ T B(a) 6
15. @ 10,14}
16. @ 10,14}
17.{ F (~C(a)->~B(a)) 3
18. T ~C(a) 17
19. F ~B(a) 17
20. F C(a) 18
21. T B(a) 19
22.{ F B(a) 5
23. @ 21,22}
24.{ T C(a) 5
25. @ 20,24}
26. @ 20,24}","The following errors were found:

Error in line 12:
12.{ F C(a) 6
^, A beta rule must have exactly two branches.
Error in line 14:
14.{ T B(a) 6
^, A beta rule must have exactly two branches.
Error in line 16:
16. @ 10,14}
         ^, The reference to the line formula 14 cannot be used, as this formula does not belong to this branch.
Error in line 22:
22.{ F B(a) 5
^, A beta rule must have exactly two branches.
Error in line 24:
24.{ T C(a) 5
^, A beta rule must have exactly two branches.
Error in line 26:
26. @ 20,24}
         ^, The reference to the line formula 24 cannot be used, as this formula does not belong to this branch.",158.29791522026062,stop,1668,4460
|- Ex (B(x)|C(x))->(Ex B(x)|Ex C(x)),"[{'role': 'system', 'content': ""\nYou are an expert in logic using the semantic Tableaux method. \nYou will receive a first order logic formula and must prove its validity using the semantic tableau method, represent the proof in a Fitch-like notation, following these formatting instructions:\n\n### FORMAT OF PROOF LINES: \nExpanding proof line must be structured like: '<line_number>. <T_or_F> <formula> <origin>'\n- <line_number>: sequential integer, always ending with a dot ('1.', '2.', '3.', ...)\n- <T_or_F> → T for true formulas, F for false formulas. \n- <formula>: the formula derived on that line\n- <origin> is exactly one of:\n    pre (for premises)\n    conclusion (for the conclusion)\n    a comma-separated list of line numbers indicating the formula(s) used to derive the current line (e.g. '1', '3', '1,3')\n\n### BRANCHING FORMAT \nUse curly braces { and } to open and close branches. \n{ must appear immediately after the line number that opens a branch (e.g. '8.{ F A|B 3') \n} must appear at the end of the line that closes that branch (e.g. '12. @ 5,7}'). Exception: the main (initial) branch does not require a closing }, since it is not opened by {.\nBranches may be nested. But a formula may only be used at a given point if it appeared earlier in the same branch or an outer (enclosing) branch to the current branch. Formulas from closed branches or sibling branches must not be used.\n\n### SYMBOLS \nUse the following symbols for logical operations: \n & = conjunction (and), \n | = disjunction (or), \n ~ = negation (not), \n -> = implication (implies).\n\nQuantifiers symbols:  \n    Ax represents ∀x  \n    Ex represents ∃x\nSo formulas with ∀x and ∃x will be represented by Ax and Ex (A and E followed by the variable x). For example, Ax (H(x)->M(x)) represents ∀x (H(x)→M(x)).\n\n###CONVENTIONS\nAtoms: only uppercase letters not immediately followed by parentesis (e.g. P, Q, R).\nPredicates: uppercase letters immediately followed by parentesis (e.g. H(x), M(y), Q(a,b) ). All predicates must use parentheses.\nVariables: first letter in lowercase, can be followed by letters and numbers (e.g., x, x0, xP0).\n\nWrite only the final proof in <proof>...</proof> tags. Only use <proof>...</proof> tags ONCE. Omit names of the rules. Only use these symbols inside the proof '&' , '->', '~', '|', '@', '(', ')', '{', '}', 'Ax', 'Ex'.\nDo not include explanations, commentary, or extra text inside and outside the <proof>...</proof> tags.\n""}, {'role': 'user', 'content': ""Prove 'Ex P(x), Ax (P(x)->Q(x)) |- Ex Q(x)', using the analytical tableau method. Final answer using the notation described. ""}, {'role': 'assistant', 'content': ' <proof>\n                        1. T Ex P(x) pre\n                        2. T Ax (P(x)->Q(x)) pre\n                        3. F Ex Q(x) conclusion\n                        4. T P(a) 1 \n                        5. T (P(a)->Q(a)) 2 \n                        6. F Q(a) 3 \n                        7.{ F P(a) 5 \n                        8. @ 4,7}    \n                        9.{ T Q(a) 5 \n                        10. @ 6,9}   \n                    </proof>'}, {'role': 'user', 'content': ""Prove 'Ax (P(x)|P(x)) |- Ax P(x)', using the analytical tableau method. Final answer using the notation described.""}, {'role': 'assistant', 'content': ' <proof>\n                            1. T Ax (P(x)|P(x)) pre \n                            2. F Ax P(x) conclusion\n                            3. F P(a) 2          \n                            4. T (P(a)|P(a)) 1   \n                            5.{ T P(a) 4         \n                            6. @ 3,5}            \n                            7.{ T P(a) 4         \n                            8. @ 3,7}            \n                        </proof>'}, {'role': 'user', 'content': ""Prove '|- Ex (D(x)&K(x))->(Ex D(x)|Ex K(x))', using the analytical tableau method. Final answer using the notation described.""}, {'role': 'assistant', 'content': '<proof>\n                            1. F (Ex (D(x)&K(x)) -> (Ex D(x) | Ex K(x))) conclusion\n                            2. T Ex (D(x)&K(x)) 1 \n                            3. F (Ex D(x) | Ex K(x)) 1\n                            4. T (D(a)&K(a)) 2 \n                            5. T D(a) 4 \n                            6. T K(a) 4 \n                            7. F Ex D(x) 3 \n                            8. F Ex K(x) 3 \n                            9. F D(a) 7 \n                            10. @ 5,9 \n                        </proof>'}, {'role': 'user', 'content': ""Prove 'Ax ~(P(x)&~Q(x)), Ax ~Q(x) |- Ax ~P(x)', using the analytical tableau method. Final answer using the notation described.""}, {'role': 'assistant', 'content': '<proof>\n                        1. T Ax ~(P(x)&~Q(x)) pre \n                        2. T Ax ~Q(x) pre \n                        3. F Ax ~P(x) conclusion \n                        4. F ~P(a) 3         \n                        5. T P(a) 4           \n                        6. T ~(P(a)&~Q(a)) 1  \n                        7. T ~Q(a) 2          \n                        8. F (P(a)&~Q(a)) 6   \n                        9.{ F P(a) 8          \n                        10. @ 5,9}           \n                        11.{ F ~Q(a) 8        \n                        12. @ 7,11} \n                    </proof>'}, {'role': 'user', 'content': ""Prove '|- Ex P(x)->~Ax ~P(x)', using the analytical tableau method. Final answer using the notation described.""}, {'role': 'assistant', 'content': '<proof>\n                        1. T Ex (P(x)&~Q(x)) pre \n                        2. F ~Ax (P(x)->Q(x)) conclusion \n                        3. T (P(a)&~Q(a)) 1 \n                        4. T P(a) 3 \n                        5. T ~Q(a) 3 \n                        6. T Ax (P(x)->Q(x)) 2 \n                        7. T (P(a)->Q(a)) 6 \n                        8.{ F P(a) 7 \n                        9. @ 4,8} \n                        10.{ T Q(a) 7 \n                        11. F Q(a) 5  \n                        12. @ 10,11} \n                    </proof>'}, {'role': 'user', 'content': ""Prove'|- Ex (B(x)|C(x))->(Ex B(x)|Ex C(x))' using the analytical tableau method. Only one final answer, surrounded by <proof>...</proof>, using the notation described.""}]","<proof>
1. F (Ex (B(x)|C(x)) -> (Ex B(x)|Ex C(x))) conclusion
2. T Ex (B(x)|C(x)) 1
3. F (Ex B(x) | Ex C(x)) 1
4. T (B(a)|C(a)) 2
5. F Ex B(x) 3
6. F Ex C(x) 3
7. F B(a) 5
8. F C(a) 6
9.{ T B(a) 4
10. @ 7,9}
11.{ T C(a) 4
12. @ 8,11}
</proof>","1. F (Ex (B(x)|C(x)) -> (Ex B(x)|Ex C(x))) conclusion
2. T Ex (B(x)|C(x)) 1
3. F (Ex B(x) | Ex C(x)) 1
4. T (B(a)|C(a)) 2
5. F Ex B(x) 3
6. F Ex C(x) 3
7. F B(a) 5
8. F C(a) 6
9.{ T B(a) 4
10. @ 7,9}
11.{ T C(a) 4
12. @ 8,11}",The proof is valid.,59.64334750175476,stop,1651,1712
(B(a)->C(a))&Ax (B(x)->C(x)) |- B(b)->C(b),"[{'role': 'system', 'content': ""\nYou are an expert in logic using the semantic Tableaux method. \nYou will receive a first order logic formula and must prove its validity using the semantic tableau method, represent the proof in a Fitch-like notation, following these formatting instructions:\n\n### FORMAT OF PROOF LINES: \nExpanding proof line must be structured like: '<line_number>. <T_or_F> <formula> <origin>'\n- <line_number>: sequential integer, always ending with a dot ('1.', '2.', '3.', ...)\n- <T_or_F> → T for true formulas, F for false formulas. \n- <formula>: the formula derived on that line\n- <origin> is exactly one of:\n    pre (for premises)\n    conclusion (for the conclusion)\n    a comma-separated list of line numbers indicating the formula(s) used to derive the current line (e.g. '1', '3', '1,3')\n\n### BRANCHING FORMAT \nUse curly braces { and } to open and close branches. \n{ must appear immediately after the line number that opens a branch (e.g. '8.{ F A|B 3') \n} must appear at the end of the line that closes that branch (e.g. '12. @ 5,7}'). Exception: the main (initial) branch does not require a closing }, since it is not opened by {.\nBranches may be nested. But a formula may only be used at a given point if it appeared earlier in the same branch or an outer (enclosing) branch to the current branch. Formulas from closed branches or sibling branches must not be used.\n\n### SYMBOLS \nUse the following symbols for logical operations: \n & = conjunction (and), \n | = disjunction (or), \n ~ = negation (not), \n -> = implication (implies).\n\nQuantifiers symbols:  \n    Ax represents ∀x  \n    Ex represents ∃x\nSo formulas with ∀x and ∃x will be represented by Ax and Ex (A and E followed by the variable x). For example, Ax (H(x)->M(x)) represents ∀x (H(x)→M(x)).\n\n###CONVENTIONS\nAtoms: only uppercase letters not immediately followed by parentesis (e.g. P, Q, R).\nPredicates: uppercase letters immediately followed by parentesis (e.g. H(x), M(y), Q(a,b) ). All predicates must use parentheses.\nVariables: first letter in lowercase, can be followed by letters and numbers (e.g., x, x0, xP0).\n\nWrite only the final proof in <proof>...</proof> tags. Only use <proof>...</proof> tags ONCE. Omit names of the rules. Only use these symbols inside the proof '&' , '->', '~', '|', '@', '(', ')', '{', '}', 'Ax', 'Ex'.\nDo not include explanations, commentary, or extra text inside and outside the <proof>...</proof> tags.\n""}, {'role': 'user', 'content': ""Prove 'Ex P(x), Ax (P(x)->Q(x)) |- Ex Q(x)', using the analytical tableau method. Final answer using the notation described. ""}, {'role': 'assistant', 'content': ' <proof>\n                        1. T Ex P(x) pre\n                        2. T Ax (P(x)->Q(x)) pre\n                        3. F Ex Q(x) conclusion\n                        4. T P(a) 1 \n                        5. T (P(a)->Q(a)) 2 \n                        6. F Q(a) 3 \n                        7.{ F P(a) 5 \n                        8. @ 4,7}    \n                        9.{ T Q(a) 5 \n                        10. @ 6,9}   \n                    </proof>'}, {'role': 'user', 'content': ""Prove 'Ax (P(x)|P(x)) |- Ax P(x)', using the analytical tableau method. Final answer using the notation described.""}, {'role': 'assistant', 'content': ' <proof>\n                            1. T Ax (P(x)|P(x)) pre \n                            2. F Ax P(x) conclusion\n                            3. F P(a) 2          \n                            4. T (P(a)|P(a)) 1   \n                            5.{ T P(a) 4         \n                            6. @ 3,5}            \n                            7.{ T P(a) 4         \n                            8. @ 3,7}            \n                        </proof>'}, {'role': 'user', 'content': ""Prove '|- Ex (D(x)&K(x))->(Ex D(x)|Ex K(x))', using the analytical tableau method. Final answer using the notation described.""}, {'role': 'assistant', 'content': '<proof>\n                            1. F (Ex (D(x)&K(x)) -> (Ex D(x) | Ex K(x))) conclusion\n                            2. T Ex (D(x)&K(x)) 1 \n                            3. F (Ex D(x) | Ex K(x)) 1\n                            4. T (D(a)&K(a)) 2 \n                            5. T D(a) 4 \n                            6. T K(a) 4 \n                            7. F Ex D(x) 3 \n                            8. F Ex K(x) 3 \n                            9. F D(a) 7 \n                            10. @ 5,9 \n                        </proof>'}, {'role': 'user', 'content': ""Prove 'Ax ~(P(x)&~Q(x)), Ax ~Q(x) |- Ax ~P(x)', using the analytical tableau method. Final answer using the notation described.""}, {'role': 'assistant', 'content': '<proof>\n                        1. T Ax ~(P(x)&~Q(x)) pre \n                        2. T Ax ~Q(x) pre \n                        3. F Ax ~P(x) conclusion \n                        4. F ~P(a) 3         \n                        5. T P(a) 4           \n                        6. T ~(P(a)&~Q(a)) 1  \n                        7. T ~Q(a) 2          \n                        8. F (P(a)&~Q(a)) 6   \n                        9.{ F P(a) 8          \n                        10. @ 5,9}           \n                        11.{ F ~Q(a) 8        \n                        12. @ 7,11} \n                    </proof>'}, {'role': 'user', 'content': ""Prove '|- Ex P(x)->~Ax ~P(x)', using the analytical tableau method. Final answer using the notation described.""}, {'role': 'assistant', 'content': '<proof>\n                        1. T Ex (P(x)&~Q(x)) pre \n                        2. F ~Ax (P(x)->Q(x)) conclusion \n                        3. T (P(a)&~Q(a)) 1 \n                        4. T P(a) 3 \n                        5. T ~Q(a) 3 \n                        6. T Ax (P(x)->Q(x)) 2 \n                        7. T (P(a)->Q(a)) 6 \n                        8.{ F P(a) 7 \n                        9. @ 4,8} \n                        10.{ T Q(a) 7 \n                        11. F Q(a) 5  \n                        12. @ 10,11} \n                    </proof>'}, {'role': 'user', 'content': ""Prove'(B(a)->C(a))&Ax (B(x)->C(x)) |- B(b)->C(b)' using the analytical tableau method. Only one final answer, surrounded by <proof>...</proof>, using the notation described.""}]","<proof>
1. T ((B(a)->C(a))&Ax (B(x)->C(x))) pre
2. T (B(a)->C(a)) 1
3. T Ax (B(x)->C(x)) 1
4. F B(b)->C(b) conclusion
5. T B(b) 4
6. F C(b) 4
7. T (B(b)->C(b)) 3
8.{ F B(b) 7
9. @ 5,8}
10.{ T C(b) 7
11. @ 6,10}
</proof>","1. T ((B(a)->C(a))&Ax (B(x)->C(x))) pre
2. T (B(a)->C(a)) 1
3. T Ax (B(x)->C(x)) 1
4. F B(b)->C(b) conclusion
5. T B(b) 4
6. F C(b) 4
7. T (B(b)->C(b)) 3
8.{ F B(b) 7
9. @ 5,8}
10.{ T C(b) 7
11. @ 6,10}",The proof is valid.,30.463707208633423,stop,1654,884
"Ex (B(x)&C(x)), Ax (B(x)->D(x)) |- Ex D(x)","[{'role': 'system', 'content': ""\nYou are an expert in logic using the semantic Tableaux method. \nYou will receive a first order logic formula and must prove its validity using the semantic tableau method, represent the proof in a Fitch-like notation, following these formatting instructions:\n\n### FORMAT OF PROOF LINES: \nExpanding proof line must be structured like: '<line_number>. <T_or_F> <formula> <origin>'\n- <line_number>: sequential integer, always ending with a dot ('1.', '2.', '3.', ...)\n- <T_or_F> → T for true formulas, F for false formulas. \n- <formula>: the formula derived on that line\n- <origin> is exactly one of:\n    pre (for premises)\n    conclusion (for the conclusion)\n    a comma-separated list of line numbers indicating the formula(s) used to derive the current line (e.g. '1', '3', '1,3')\n\n### BRANCHING FORMAT \nUse curly braces { and } to open and close branches. \n{ must appear immediately after the line number that opens a branch (e.g. '8.{ F A|B 3') \n} must appear at the end of the line that closes that branch (e.g. '12. @ 5,7}'). Exception: the main (initial) branch does not require a closing }, since it is not opened by {.\nBranches may be nested. But a formula may only be used at a given point if it appeared earlier in the same branch or an outer (enclosing) branch to the current branch. Formulas from closed branches or sibling branches must not be used.\n\n### SYMBOLS \nUse the following symbols for logical operations: \n & = conjunction (and), \n | = disjunction (or), \n ~ = negation (not), \n -> = implication (implies).\n\nQuantifiers symbols:  \n    Ax represents ∀x  \n    Ex represents ∃x\nSo formulas with ∀x and ∃x will be represented by Ax and Ex (A and E followed by the variable x). For example, Ax (H(x)->M(x)) represents ∀x (H(x)→M(x)).\n\n###CONVENTIONS\nAtoms: only uppercase letters not immediately followed by parentesis (e.g. P, Q, R).\nPredicates: uppercase letters immediately followed by parentesis (e.g. H(x), M(y), Q(a,b) ). All predicates must use parentheses.\nVariables: first letter in lowercase, can be followed by letters and numbers (e.g., x, x0, xP0).\n\nWrite only the final proof in <proof>...</proof> tags. Only use <proof>...</proof> tags ONCE. Omit names of the rules. Only use these symbols inside the proof '&' , '->', '~', '|', '@', '(', ')', '{', '}', 'Ax', 'Ex'.\nDo not include explanations, commentary, or extra text inside and outside the <proof>...</proof> tags.\n""}, {'role': 'user', 'content': ""Prove 'Ex P(x), Ax (P(x)->Q(x)) |- Ex Q(x)', using the analytical tableau method. Final answer using the notation described. ""}, {'role': 'assistant', 'content': ' <proof>\n                        1. T Ex P(x) pre\n                        2. T Ax (P(x)->Q(x)) pre\n                        3. F Ex Q(x) conclusion\n                        4. T P(a) 1 \n                        5. T (P(a)->Q(a)) 2 \n                        6. F Q(a) 3 \n                        7.{ F P(a) 5 \n                        8. @ 4,7}    \n                        9.{ T Q(a) 5 \n                        10. @ 6,9}   \n                    </proof>'}, {'role': 'user', 'content': ""Prove 'Ax (P(x)|P(x)) |- Ax P(x)', using the analytical tableau method. Final answer using the notation described.""}, {'role': 'assistant', 'content': ' <proof>\n                            1. T Ax (P(x)|P(x)) pre \n                            2. F Ax P(x) conclusion\n                            3. F P(a) 2          \n                            4. T (P(a)|P(a)) 1   \n                            5.{ T P(a) 4         \n                            6. @ 3,5}            \n                            7.{ T P(a) 4         \n                            8. @ 3,7}            \n                        </proof>'}, {'role': 'user', 'content': ""Prove '|- Ex (D(x)&K(x))->(Ex D(x)|Ex K(x))', using the analytical tableau method. Final answer using the notation described.""}, {'role': 'assistant', 'content': '<proof>\n                            1. F (Ex (D(x)&K(x)) -> (Ex D(x) | Ex K(x))) conclusion\n                            2. T Ex (D(x)&K(x)) 1 \n                            3. F (Ex D(x) | Ex K(x)) 1\n                            4. T (D(a)&K(a)) 2 \n                            5. T D(a) 4 \n                            6. T K(a) 4 \n                            7. F Ex D(x) 3 \n                            8. F Ex K(x) 3 \n                            9. F D(a) 7 \n                            10. @ 5,9 \n                        </proof>'}, {'role': 'user', 'content': ""Prove 'Ax ~(P(x)&~Q(x)), Ax ~Q(x) |- Ax ~P(x)', using the analytical tableau method. Final answer using the notation described.""}, {'role': 'assistant', 'content': '<proof>\n                        1. T Ax ~(P(x)&~Q(x)) pre \n                        2. T Ax ~Q(x) pre \n                        3. F Ax ~P(x) conclusion \n                        4. F ~P(a) 3         \n                        5. T P(a) 4           \n                        6. T ~(P(a)&~Q(a)) 1  \n                        7. T ~Q(a) 2          \n                        8. F (P(a)&~Q(a)) 6   \n                        9.{ F P(a) 8          \n                        10. @ 5,9}           \n                        11.{ F ~Q(a) 8        \n                        12. @ 7,11} \n                    </proof>'}, {'role': 'user', 'content': ""Prove '|- Ex P(x)->~Ax ~P(x)', using the analytical tableau method. Final answer using the notation described.""}, {'role': 'assistant', 'content': '<proof>\n                        1. T Ex (P(x)&~Q(x)) pre \n                        2. F ~Ax (P(x)->Q(x)) conclusion \n                        3. T (P(a)&~Q(a)) 1 \n                        4. T P(a) 3 \n                        5. T ~Q(a) 3 \n                        6. T Ax (P(x)->Q(x)) 2 \n                        7. T (P(a)->Q(a)) 6 \n                        8.{ F P(a) 7 \n                        9. @ 4,8} \n                        10.{ T Q(a) 7 \n                        11. F Q(a) 5  \n                        12. @ 10,11} \n                    </proof>'}, {'role': 'user', 'content': ""Prove'Ex (B(x)&C(x)), Ax (B(x)->D(x)) |- Ex D(x)' using the analytical tableau method. Only one final answer, surrounded by <proof>...</proof>, using the notation described.""}]","<proof>
1. T Ex (B(x)&C(x)) pre
2. T Ax (B(x)->D(x)) pre
3. F Ex D(x) conclusion
4. T (B(a)&C(a)) 1
5. T B(a) 4
6. T C(a) 4
7. T (B(a)->D(a)) 2
8. F D(a) 3
9.{ F B(a) 7
10. @ 5,9}
11.{ T D(a) 7
12. @ 8,11}
</proof>","1. T Ex (B(x)&C(x)) pre
2. T Ax (B(x)->D(x)) pre
3. F Ex D(x) conclusion
4. T (B(a)&C(a)) 1
5. T B(a) 4
6. T C(a) 4
7. T (B(a)->D(a)) 2
8. F D(a) 3
9.{ F B(a) 7
10. @ 5,9}
11.{ T D(a) 7
12. @ 8,11}",The proof is valid.,29.68730521202088,stop,1653,853
"Ax (B->C(x)), B |- Ax C(x)","[{'role': 'system', 'content': ""\nYou are an expert in logic using the semantic Tableaux method. \nYou will receive a first order logic formula and must prove its validity using the semantic tableau method, represent the proof in a Fitch-like notation, following these formatting instructions:\n\n### FORMAT OF PROOF LINES: \nExpanding proof line must be structured like: '<line_number>. <T_or_F> <formula> <origin>'\n- <line_number>: sequential integer, always ending with a dot ('1.', '2.', '3.', ...)\n- <T_or_F> → T for true formulas, F for false formulas. \n- <formula>: the formula derived on that line\n- <origin> is exactly one of:\n    pre (for premises)\n    conclusion (for the conclusion)\n    a comma-separated list of line numbers indicating the formula(s) used to derive the current line (e.g. '1', '3', '1,3')\n\n### BRANCHING FORMAT \nUse curly braces { and } to open and close branches. \n{ must appear immediately after the line number that opens a branch (e.g. '8.{ F A|B 3') \n} must appear at the end of the line that closes that branch (e.g. '12. @ 5,7}'). Exception: the main (initial) branch does not require a closing }, since it is not opened by {.\nBranches may be nested. But a formula may only be used at a given point if it appeared earlier in the same branch or an outer (enclosing) branch to the current branch. Formulas from closed branches or sibling branches must not be used.\n\n### SYMBOLS \nUse the following symbols for logical operations: \n & = conjunction (and), \n | = disjunction (or), \n ~ = negation (not), \n -> = implication (implies).\n\nQuantifiers symbols:  \n    Ax represents ∀x  \n    Ex represents ∃x\nSo formulas with ∀x and ∃x will be represented by Ax and Ex (A and E followed by the variable x). For example, Ax (H(x)->M(x)) represents ∀x (H(x)→M(x)).\n\n###CONVENTIONS\nAtoms: only uppercase letters not immediately followed by parentesis (e.g. P, Q, R).\nPredicates: uppercase letters immediately followed by parentesis (e.g. H(x), M(y), Q(a,b) ). All predicates must use parentheses.\nVariables: first letter in lowercase, can be followed by letters and numbers (e.g., x, x0, xP0).\n\nWrite only the final proof in <proof>...</proof> tags. Only use <proof>...</proof> tags ONCE. Omit names of the rules. Only use these symbols inside the proof '&' , '->', '~', '|', '@', '(', ')', '{', '}', 'Ax', 'Ex'.\nDo not include explanations, commentary, or extra text inside and outside the <proof>...</proof> tags.\n""}, {'role': 'user', 'content': ""Prove 'Ex P(x), Ax (P(x)->Q(x)) |- Ex Q(x)', using the analytical tableau method. Final answer using the notation described. ""}, {'role': 'assistant', 'content': ' <proof>\n                        1. T Ex P(x) pre\n                        2. T Ax (P(x)->Q(x)) pre\n                        3. F Ex Q(x) conclusion\n                        4. T P(a) 1 \n                        5. T (P(a)->Q(a)) 2 \n                        6. F Q(a) 3 \n                        7.{ F P(a) 5 \n                        8. @ 4,7}    \n                        9.{ T Q(a) 5 \n                        10. @ 6,9}   \n                    </proof>'}, {'role': 'user', 'content': ""Prove 'Ax (P(x)|P(x)) |- Ax P(x)', using the analytical tableau method. Final answer using the notation described.""}, {'role': 'assistant', 'content': ' <proof>\n                            1. T Ax (P(x)|P(x)) pre \n                            2. F Ax P(x) conclusion\n                            3. F P(a) 2          \n                            4. T (P(a)|P(a)) 1   \n                            5.{ T P(a) 4         \n                            6. @ 3,5}            \n                            7.{ T P(a) 4         \n                            8. @ 3,7}            \n                        </proof>'}, {'role': 'user', 'content': ""Prove '|- Ex (D(x)&K(x))->(Ex D(x)|Ex K(x))', using the analytical tableau method. Final answer using the notation described.""}, {'role': 'assistant', 'content': '<proof>\n                            1. F (Ex (D(x)&K(x)) -> (Ex D(x) | Ex K(x))) conclusion\n                            2. T Ex (D(x)&K(x)) 1 \n                            3. F (Ex D(x) | Ex K(x)) 1\n                            4. T (D(a)&K(a)) 2 \n                            5. T D(a) 4 \n                            6. T K(a) 4 \n                            7. F Ex D(x) 3 \n                            8. F Ex K(x) 3 \n                            9. F D(a) 7 \n                            10. @ 5,9 \n                        </proof>'}, {'role': 'user', 'content': ""Prove 'Ax ~(P(x)&~Q(x)), Ax ~Q(x) |- Ax ~P(x)', using the analytical tableau method. Final answer using the notation described.""}, {'role': 'assistant', 'content': '<proof>\n                        1. T Ax ~(P(x)&~Q(x)) pre \n                        2. T Ax ~Q(x) pre \n                        3. F Ax ~P(x) conclusion \n                        4. F ~P(a) 3         \n                        5. T P(a) 4           \n                        6. T ~(P(a)&~Q(a)) 1  \n                        7. T ~Q(a) 2          \n                        8. F (P(a)&~Q(a)) 6   \n                        9.{ F P(a) 8          \n                        10. @ 5,9}           \n                        11.{ F ~Q(a) 8        \n                        12. @ 7,11} \n                    </proof>'}, {'role': 'user', 'content': ""Prove '|- Ex P(x)->~Ax ~P(x)', using the analytical tableau method. Final answer using the notation described.""}, {'role': 'assistant', 'content': '<proof>\n                        1. T Ex (P(x)&~Q(x)) pre \n                        2. F ~Ax (P(x)->Q(x)) conclusion \n                        3. T (P(a)&~Q(a)) 1 \n                        4. T P(a) 3 \n                        5. T ~Q(a) 3 \n                        6. T Ax (P(x)->Q(x)) 2 \n                        7. T (P(a)->Q(a)) 6 \n                        8.{ F P(a) 7 \n                        9. @ 4,8} \n                        10.{ T Q(a) 7 \n                        11. F Q(a) 5  \n                        12. @ 10,11} \n                    </proof>'}, {'role': 'user', 'content': ""Prove'Ax (B->C(x)), B |- Ax C(x)' using the analytical tableau method. Only one final answer, surrounded by <proof>...</proof>, using the notation described.""}]","<proof>
1. T Ax (B->C(x)) pre
2. T B pre
3. F Ax C(x) conclusion
4. F C(a) 3
5. T (B->C(a)) 1
6.{ F B 5
7. @ 2,6}
8.{ T C(a) 5
9. @ 4,8}
</proof>","1. T Ax (B->C(x)) pre
2. T B pre
3. F Ax C(x) conclusion
4. F C(a) 3
5. T (B->C(a)) 1
6.{ F B 5
7. @ 2,6}
8.{ T C(a) 5
9. @ 4,8}",The proof is valid.,45.84450006484985,stop,1645,1334
"Ax B(x)->C, Ax B(x), C->D(b) |- Ex D(x)","[{'role': 'system', 'content': ""\nYou are an expert in logic using the semantic Tableaux method. \nYou will receive a first order logic formula and must prove its validity using the semantic tableau method, represent the proof in a Fitch-like notation, following these formatting instructions:\n\n### FORMAT OF PROOF LINES: \nExpanding proof line must be structured like: '<line_number>. <T_or_F> <formula> <origin>'\n- <line_number>: sequential integer, always ending with a dot ('1.', '2.', '3.', ...)\n- <T_or_F> → T for true formulas, F for false formulas. \n- <formula>: the formula derived on that line\n- <origin> is exactly one of:\n    pre (for premises)\n    conclusion (for the conclusion)\n    a comma-separated list of line numbers indicating the formula(s) used to derive the current line (e.g. '1', '3', '1,3')\n\n### BRANCHING FORMAT \nUse curly braces { and } to open and close branches. \n{ must appear immediately after the line number that opens a branch (e.g. '8.{ F A|B 3') \n} must appear at the end of the line that closes that branch (e.g. '12. @ 5,7}'). Exception: the main (initial) branch does not require a closing }, since it is not opened by {.\nBranches may be nested. But a formula may only be used at a given point if it appeared earlier in the same branch or an outer (enclosing) branch to the current branch. Formulas from closed branches or sibling branches must not be used.\n\n### SYMBOLS \nUse the following symbols for logical operations: \n & = conjunction (and), \n | = disjunction (or), \n ~ = negation (not), \n -> = implication (implies).\n\nQuantifiers symbols:  \n    Ax represents ∀x  \n    Ex represents ∃x\nSo formulas with ∀x and ∃x will be represented by Ax and Ex (A and E followed by the variable x). For example, Ax (H(x)->M(x)) represents ∀x (H(x)→M(x)).\n\n###CONVENTIONS\nAtoms: only uppercase letters not immediately followed by parentesis (e.g. P, Q, R).\nPredicates: uppercase letters immediately followed by parentesis (e.g. H(x), M(y), Q(a,b) ). All predicates must use parentheses.\nVariables: first letter in lowercase, can be followed by letters and numbers (e.g., x, x0, xP0).\n\nWrite only the final proof in <proof>...</proof> tags. Only use <proof>...</proof> tags ONCE. Omit names of the rules. Only use these symbols inside the proof '&' , '->', '~', '|', '@', '(', ')', '{', '}', 'Ax', 'Ex'.\nDo not include explanations, commentary, or extra text inside and outside the <proof>...</proof> tags.\n""}, {'role': 'user', 'content': ""Prove 'Ex P(x), Ax (P(x)->Q(x)) |- Ex Q(x)', using the analytical tableau method. Final answer using the notation described. ""}, {'role': 'assistant', 'content': ' <proof>\n                        1. T Ex P(x) pre\n                        2. T Ax (P(x)->Q(x)) pre\n                        3. F Ex Q(x) conclusion\n                        4. T P(a) 1 \n                        5. T (P(a)->Q(a)) 2 \n                        6. F Q(a) 3 \n                        7.{ F P(a) 5 \n                        8. @ 4,7}    \n                        9.{ T Q(a) 5 \n                        10. @ 6,9}   \n                    </proof>'}, {'role': 'user', 'content': ""Prove 'Ax (P(x)|P(x)) |- Ax P(x)', using the analytical tableau method. Final answer using the notation described.""}, {'role': 'assistant', 'content': ' <proof>\n                            1. T Ax (P(x)|P(x)) pre \n                            2. F Ax P(x) conclusion\n                            3. F P(a) 2          \n                            4. T (P(a)|P(a)) 1   \n                            5.{ T P(a) 4         \n                            6. @ 3,5}            \n                            7.{ T P(a) 4         \n                            8. @ 3,7}            \n                        </proof>'}, {'role': 'user', 'content': ""Prove '|- Ex (D(x)&K(x))->(Ex D(x)|Ex K(x))', using the analytical tableau method. Final answer using the notation described.""}, {'role': 'assistant', 'content': '<proof>\n                            1. F (Ex (D(x)&K(x)) -> (Ex D(x) | Ex K(x))) conclusion\n                            2. T Ex (D(x)&K(x)) 1 \n                            3. F (Ex D(x) | Ex K(x)) 1\n                            4. T (D(a)&K(a)) 2 \n                            5. T D(a) 4 \n                            6. T K(a) 4 \n                            7. F Ex D(x) 3 \n                            8. F Ex K(x) 3 \n                            9. F D(a) 7 \n                            10. @ 5,9 \n                        </proof>'}, {'role': 'user', 'content': ""Prove 'Ax ~(P(x)&~Q(x)), Ax ~Q(x) |- Ax ~P(x)', using the analytical tableau method. Final answer using the notation described.""}, {'role': 'assistant', 'content': '<proof>\n                        1. T Ax ~(P(x)&~Q(x)) pre \n                        2. T Ax ~Q(x) pre \n                        3. F Ax ~P(x) conclusion \n                        4. F ~P(a) 3         \n                        5. T P(a) 4           \n                        6. T ~(P(a)&~Q(a)) 1  \n                        7. T ~Q(a) 2          \n                        8. F (P(a)&~Q(a)) 6   \n                        9.{ F P(a) 8          \n                        10. @ 5,9}           \n                        11.{ F ~Q(a) 8        \n                        12. @ 7,11} \n                    </proof>'}, {'role': 'user', 'content': ""Prove '|- Ex P(x)->~Ax ~P(x)', using the analytical tableau method. Final answer using the notation described.""}, {'role': 'assistant', 'content': '<proof>\n                        1. T Ex (P(x)&~Q(x)) pre \n                        2. F ~Ax (P(x)->Q(x)) conclusion \n                        3. T (P(a)&~Q(a)) 1 \n                        4. T P(a) 3 \n                        5. T ~Q(a) 3 \n                        6. T Ax (P(x)->Q(x)) 2 \n                        7. T (P(a)->Q(a)) 6 \n                        8.{ F P(a) 7 \n                        9. @ 4,8} \n                        10.{ T Q(a) 7 \n                        11. F Q(a) 5  \n                        12. @ 10,11} \n                    </proof>'}, {'role': 'user', 'content': ""Prove'Ax B(x)->C, Ax B(x), C->D(b) |- Ex D(x)' using the analytical tableau method. Only one final answer, surrounded by <proof>...</proof>, using the notation described.""}]","<proof>
1. T (Ax B(x)->C) pre
2. T Ax B(x) pre
3. T (C->D(b)) pre
4. F Ex D(x) conclusion
5. F D(b) 4
6.{ F C 3
7.{ F Ax B(x) 1
8.@ 2,7}
9.{ T C 1
10.@ 6,9}
11.{ T D(b) 3
12.@ 5,11}
</proof>","1. T (Ax B(x)->C) pre
2. T Ax B(x) pre
3. T (C->D(b)) pre
4. F Ex D(x) conclusion
5. F D(b) 4
6.{ F C 3
7.{ F Ax B(x) 1
8.@ 2,7}
9.{ T C 1
10.@ 6,9}
11.{ T D(b) 3
12.@ 5,11}","The following errors were found:

Error in line 6:
6.{ F C 3
      ^,The open branch must be closed.
Error in line 6:
6.{ F C 3
^, A beta rule must have exactly two branches.
Error in line 7:
7.{ F Ax B(x) 1
^, A beta rule must have exactly two branches.
Error in line 9:
9.{ T C 1
^, A beta rule must have exactly two branches.
Error in line 11:
11.{ T D(b) 3
^, A beta rule must have exactly two branches.
Error in line 11:
11.{ T D(b) 3
            ^, The reference rule on the 11 line can only be used once in this branch.",140.6924912929535,stop,1652,3933
Ax ((B(x)->C(x))&(C(x)->B(x))) |- Ax B(x)->Ax C(x),"[{'role': 'system', 'content': ""\nYou are an expert in logic using the semantic Tableaux method. \nYou will receive a first order logic formula and must prove its validity using the semantic tableau method, represent the proof in a Fitch-like notation, following these formatting instructions:\n\n### FORMAT OF PROOF LINES: \nExpanding proof line must be structured like: '<line_number>. <T_or_F> <formula> <origin>'\n- <line_number>: sequential integer, always ending with a dot ('1.', '2.', '3.', ...)\n- <T_or_F> → T for true formulas, F for false formulas. \n- <formula>: the formula derived on that line\n- <origin> is exactly one of:\n    pre (for premises)\n    conclusion (for the conclusion)\n    a comma-separated list of line numbers indicating the formula(s) used to derive the current line (e.g. '1', '3', '1,3')\n\n### BRANCHING FORMAT \nUse curly braces { and } to open and close branches. \n{ must appear immediately after the line number that opens a branch (e.g. '8.{ F A|B 3') \n} must appear at the end of the line that closes that branch (e.g. '12. @ 5,7}'). Exception: the main (initial) branch does not require a closing }, since it is not opened by {.\nBranches may be nested. But a formula may only be used at a given point if it appeared earlier in the same branch or an outer (enclosing) branch to the current branch. Formulas from closed branches or sibling branches must not be used.\n\n### SYMBOLS \nUse the following symbols for logical operations: \n & = conjunction (and), \n | = disjunction (or), \n ~ = negation (not), \n -> = implication (implies).\n\nQuantifiers symbols:  \n    Ax represents ∀x  \n    Ex represents ∃x\nSo formulas with ∀x and ∃x will be represented by Ax and Ex (A and E followed by the variable x). For example, Ax (H(x)->M(x)) represents ∀x (H(x)→M(x)).\n\n###CONVENTIONS\nAtoms: only uppercase letters not immediately followed by parentesis (e.g. P, Q, R).\nPredicates: uppercase letters immediately followed by parentesis (e.g. H(x), M(y), Q(a,b) ). All predicates must use parentheses.\nVariables: first letter in lowercase, can be followed by letters and numbers (e.g., x, x0, xP0).\n\nWrite only the final proof in <proof>...</proof> tags. Only use <proof>...</proof> tags ONCE. Omit names of the rules. Only use these symbols inside the proof '&' , '->', '~', '|', '@', '(', ')', '{', '}', 'Ax', 'Ex'.\nDo not include explanations, commentary, or extra text inside and outside the <proof>...</proof> tags.\n""}, {'role': 'user', 'content': ""Prove 'Ex P(x), Ax (P(x)->Q(x)) |- Ex Q(x)', using the analytical tableau method. Final answer using the notation described. ""}, {'role': 'assistant', 'content': ' <proof>\n                        1. T Ex P(x) pre\n                        2. T Ax (P(x)->Q(x)) pre\n                        3. F Ex Q(x) conclusion\n                        4. T P(a) 1 \n                        5. T (P(a)->Q(a)) 2 \n                        6. F Q(a) 3 \n                        7.{ F P(a) 5 \n                        8. @ 4,7}    \n                        9.{ T Q(a) 5 \n                        10. @ 6,9}   \n                    </proof>'}, {'role': 'user', 'content': ""Prove 'Ax (P(x)|P(x)) |- Ax P(x)', using the analytical tableau method. Final answer using the notation described.""}, {'role': 'assistant', 'content': ' <proof>\n                            1. T Ax (P(x)|P(x)) pre \n                            2. F Ax P(x) conclusion\n                            3. F P(a) 2          \n                            4. T (P(a)|P(a)) 1   \n                            5.{ T P(a) 4         \n                            6. @ 3,5}            \n                            7.{ T P(a) 4         \n                            8. @ 3,7}            \n                        </proof>'}, {'role': 'user', 'content': ""Prove '|- Ex (D(x)&K(x))->(Ex D(x)|Ex K(x))', using the analytical tableau method. Final answer using the notation described.""}, {'role': 'assistant', 'content': '<proof>\n                            1. F (Ex (D(x)&K(x)) -> (Ex D(x) | Ex K(x))) conclusion\n                            2. T Ex (D(x)&K(x)) 1 \n                            3. F (Ex D(x) | Ex K(x)) 1\n                            4. T (D(a)&K(a)) 2 \n                            5. T D(a) 4 \n                            6. T K(a) 4 \n                            7. F Ex D(x) 3 \n                            8. F Ex K(x) 3 \n                            9. F D(a) 7 \n                            10. @ 5,9 \n                        </proof>'}, {'role': 'user', 'content': ""Prove 'Ax ~(P(x)&~Q(x)), Ax ~Q(x) |- Ax ~P(x)', using the analytical tableau method. Final answer using the notation described.""}, {'role': 'assistant', 'content': '<proof>\n                        1. T Ax ~(P(x)&~Q(x)) pre \n                        2. T Ax ~Q(x) pre \n                        3. F Ax ~P(x) conclusion \n                        4. F ~P(a) 3         \n                        5. T P(a) 4           \n                        6. T ~(P(a)&~Q(a)) 1  \n                        7. T ~Q(a) 2          \n                        8. F (P(a)&~Q(a)) 6   \n                        9.{ F P(a) 8          \n                        10. @ 5,9}           \n                        11.{ F ~Q(a) 8        \n                        12. @ 7,11} \n                    </proof>'}, {'role': 'user', 'content': ""Prove '|- Ex P(x)->~Ax ~P(x)', using the analytical tableau method. Final answer using the notation described.""}, {'role': 'assistant', 'content': '<proof>\n                        1. T Ex (P(x)&~Q(x)) pre \n                        2. F ~Ax (P(x)->Q(x)) conclusion \n                        3. T (P(a)&~Q(a)) 1 \n                        4. T P(a) 3 \n                        5. T ~Q(a) 3 \n                        6. T Ax (P(x)->Q(x)) 2 \n                        7. T (P(a)->Q(a)) 6 \n                        8.{ F P(a) 7 \n                        9. @ 4,8} \n                        10.{ T Q(a) 7 \n                        11. F Q(a) 5  \n                        12. @ 10,11} \n                    </proof>'}, {'role': 'user', 'content': ""Prove'Ax ((B(x)->C(x))&(C(x)->B(x))) |- Ax B(x)->Ax C(x)' using the analytical tableau method. Only one final answer, surrounded by <proof>...</proof>, using the notation described.""}]","<proof>
1. T Ax ((B(x)->C(x))&(C(x)->B(x))) pre
2. F (Ax B(x) -> Ax C(x)) conclusion
3. T Ax B(x) 2
4. F Ax C(x) 2
5. T ((B(a)->C(a))&(C(a)->B(a))) 1
6. T (B(a)->C(a)) 5
7. T (C(a)->B(a)) 5
8. T B(a) 3
9. F C(b) 4
10. T ((B(b)->C(b))&(C(b)->B(b))) 1
11. T (B(b)->C(b)) 10
12. T (C(b)->B(b)) 10
13. T B(b) 3
14.{ F B(b) 11 
15. @ 13,14}
16.{ T C(b) 11 
17. @ 9,16}
</proof>","1. T Ax ((B(x)->C(x))&(C(x)->B(x))) pre
2. F (Ax B(x) -> Ax C(x)) conclusion
3. T Ax B(x) 2
4. F Ax C(x) 2
5. T ((B(a)->C(a))&(C(a)->B(a))) 1
6. T (B(a)->C(a)) 5
7. T (C(a)->B(a)) 5
8. T B(a) 3
9. F C(b) 4
10. T ((B(b)->C(b))&(C(b)->B(b))) 1
11. T (B(b)->C(b)) 10
12. T (C(b)->B(b)) 10
13. T B(b) 3
14.{ F B(b) 11 
15. @ 13,14}
16.{ T C(b) 11 
17. @ 9,16}",The proof is valid.,63.48216199874878,stop,1656,1837
|- Ex (B(x)|C)->(Ex B(x)|C),"[{'role': 'system', 'content': ""\nYou are an expert in logic using the semantic Tableaux method. \nYou will receive a first order logic formula and must prove its validity using the semantic tableau method, represent the proof in a Fitch-like notation, following these formatting instructions:\n\n### FORMAT OF PROOF LINES: \nExpanding proof line must be structured like: '<line_number>. <T_or_F> <formula> <origin>'\n- <line_number>: sequential integer, always ending with a dot ('1.', '2.', '3.', ...)\n- <T_or_F> → T for true formulas, F for false formulas. \n- <formula>: the formula derived on that line\n- <origin> is exactly one of:\n    pre (for premises)\n    conclusion (for the conclusion)\n    a comma-separated list of line numbers indicating the formula(s) used to derive the current line (e.g. '1', '3', '1,3')\n\n### BRANCHING FORMAT \nUse curly braces { and } to open and close branches. \n{ must appear immediately after the line number that opens a branch (e.g. '8.{ F A|B 3') \n} must appear at the end of the line that closes that branch (e.g. '12. @ 5,7}'). Exception: the main (initial) branch does not require a closing }, since it is not opened by {.\nBranches may be nested. But a formula may only be used at a given point if it appeared earlier in the same branch or an outer (enclosing) branch to the current branch. Formulas from closed branches or sibling branches must not be used.\n\n### SYMBOLS \nUse the following symbols for logical operations: \n & = conjunction (and), \n | = disjunction (or), \n ~ = negation (not), \n -> = implication (implies).\n\nQuantifiers symbols:  \n    Ax represents ∀x  \n    Ex represents ∃x\nSo formulas with ∀x and ∃x will be represented by Ax and Ex (A and E followed by the variable x). For example, Ax (H(x)->M(x)) represents ∀x (H(x)→M(x)).\n\n###CONVENTIONS\nAtoms: only uppercase letters not immediately followed by parentesis (e.g. P, Q, R).\nPredicates: uppercase letters immediately followed by parentesis (e.g. H(x), M(y), Q(a,b) ). All predicates must use parentheses.\nVariables: first letter in lowercase, can be followed by letters and numbers (e.g., x, x0, xP0).\n\nWrite only the final proof in <proof>...</proof> tags. Only use <proof>...</proof> tags ONCE. Omit names of the rules. Only use these symbols inside the proof '&' , '->', '~', '|', '@', '(', ')', '{', '}', 'Ax', 'Ex'.\nDo not include explanations, commentary, or extra text inside and outside the <proof>...</proof> tags.\n""}, {'role': 'user', 'content': ""Prove 'Ex P(x), Ax (P(x)->Q(x)) |- Ex Q(x)', using the analytical tableau method. Final answer using the notation described. ""}, {'role': 'assistant', 'content': ' <proof>\n                        1. T Ex P(x) pre\n                        2. T Ax (P(x)->Q(x)) pre\n                        3. F Ex Q(x) conclusion\n                        4. T P(a) 1 \n                        5. T (P(a)->Q(a)) 2 \n                        6. F Q(a) 3 \n                        7.{ F P(a) 5 \n                        8. @ 4,7}    \n                        9.{ T Q(a) 5 \n                        10. @ 6,9}   \n                    </proof>'}, {'role': 'user', 'content': ""Prove 'Ax (P(x)|P(x)) |- Ax P(x)', using the analytical tableau method. Final answer using the notation described.""}, {'role': 'assistant', 'content': ' <proof>\n                            1. T Ax (P(x)|P(x)) pre \n                            2. F Ax P(x) conclusion\n                            3. F P(a) 2          \n                            4. T (P(a)|P(a)) 1   \n                            5.{ T P(a) 4         \n                            6. @ 3,5}            \n                            7.{ T P(a) 4         \n                            8. @ 3,7}            \n                        </proof>'}, {'role': 'user', 'content': ""Prove '|- Ex (D(x)&K(x))->(Ex D(x)|Ex K(x))', using the analytical tableau method. Final answer using the notation described.""}, {'role': 'assistant', 'content': '<proof>\n                            1. F (Ex (D(x)&K(x)) -> (Ex D(x) | Ex K(x))) conclusion\n                            2. T Ex (D(x)&K(x)) 1 \n                            3. F (Ex D(x) | Ex K(x)) 1\n                            4. T (D(a)&K(a)) 2 \n                            5. T D(a) 4 \n                            6. T K(a) 4 \n                            7. F Ex D(x) 3 \n                            8. F Ex K(x) 3 \n                            9. F D(a) 7 \n                            10. @ 5,9 \n                        </proof>'}, {'role': 'user', 'content': ""Prove 'Ax ~(P(x)&~Q(x)), Ax ~Q(x) |- Ax ~P(x)', using the analytical tableau method. Final answer using the notation described.""}, {'role': 'assistant', 'content': '<proof>\n                        1. T Ax ~(P(x)&~Q(x)) pre \n                        2. T Ax ~Q(x) pre \n                        3. F Ax ~P(x) conclusion \n                        4. F ~P(a) 3         \n                        5. T P(a) 4           \n                        6. T ~(P(a)&~Q(a)) 1  \n                        7. T ~Q(a) 2          \n                        8. F (P(a)&~Q(a)) 6   \n                        9.{ F P(a) 8          \n                        10. @ 5,9}           \n                        11.{ F ~Q(a) 8        \n                        12. @ 7,11} \n                    </proof>'}, {'role': 'user', 'content': ""Prove '|- Ex P(x)->~Ax ~P(x)', using the analytical tableau method. Final answer using the notation described.""}, {'role': 'assistant', 'content': '<proof>\n                        1. T Ex (P(x)&~Q(x)) pre \n                        2. F ~Ax (P(x)->Q(x)) conclusion \n                        3. T (P(a)&~Q(a)) 1 \n                        4. T P(a) 3 \n                        5. T ~Q(a) 3 \n                        6. T Ax (P(x)->Q(x)) 2 \n                        7. T (P(a)->Q(a)) 6 \n                        8.{ F P(a) 7 \n                        9. @ 4,8} \n                        10.{ T Q(a) 7 \n                        11. F Q(a) 5  \n                        12. @ 10,11} \n                    </proof>'}, {'role': 'user', 'content': ""Prove'|- Ex (B(x)|C)->(Ex B(x)|C)' using the analytical tableau method. Only one final answer, surrounded by <proof>...</proof>, using the notation described.""}]","<proof>
1. F (Ex (B(x)|C) -> (Ex B(x) | C)) conclusion
2. T Ex (B(x)|C) 1
3. F (Ex B(x) | C) 1
4. T (B(a)|C) 2
5. F Ex B(x) 3
6. F C 3
7. T Ax ~B(x) 5
8. T ~B(a) 7
9.{ T B(a) 4
10. @ 8,9}
11.{ T C 4
12. @ 6,11}
</proof>","1. F (Ex (B(x)|C) -> (Ex B(x) | C)) conclusion
2. T Ex (B(x)|C) 1
3. F (Ex B(x) | C) 1
4. T (B(a)|C) 2
5. F Ex B(x) 3
6. F C 3
7. T Ax ~B(x) 5
8. T ~B(a) 7
9.{ T B(a) 4
10. @ 8,9}
11.{ T C 4
12. @ 6,11}","The following errors were found:

Error in line 7:
7. T Ax ~B(x) 5
   ^, The truth value should be F for this rule.
Error in line 7:
7. T Ax ~B(x) 5
     ^, Formula referenced in line 5 is not a existential formula with truth-value T.
Error in line 7:
7. T Ax ~B(x) 5
     ^, Formula Ax ~B(x) is not a valid substitutuion for the existential formula referenced in the line 5.
Error in line 10:
10. @ 8,9}
      ^, None of the formulas referenced by the lines contradict the other formula.",66.74226641654968,stop,1647,1908
"Ax (B(x)->C(x)), Ay (B(y)->D(y)) |- Az (B(z)->(C(z)&D(z)))","[{'role': 'system', 'content': ""\nYou are an expert in logic using the semantic Tableaux method. \nYou will receive a first order logic formula and must prove its validity using the semantic tableau method, represent the proof in a Fitch-like notation, following these formatting instructions:\n\n### FORMAT OF PROOF LINES: \nExpanding proof line must be structured like: '<line_number>. <T_or_F> <formula> <origin>'\n- <line_number>: sequential integer, always ending with a dot ('1.', '2.', '3.', ...)\n- <T_or_F> → T for true formulas, F for false formulas. \n- <formula>: the formula derived on that line\n- <origin> is exactly one of:\n    pre (for premises)\n    conclusion (for the conclusion)\n    a comma-separated list of line numbers indicating the formula(s) used to derive the current line (e.g. '1', '3', '1,3')\n\n### BRANCHING FORMAT \nUse curly braces { and } to open and close branches. \n{ must appear immediately after the line number that opens a branch (e.g. '8.{ F A|B 3') \n} must appear at the end of the line that closes that branch (e.g. '12. @ 5,7}'). Exception: the main (initial) branch does not require a closing }, since it is not opened by {.\nBranches may be nested. But a formula may only be used at a given point if it appeared earlier in the same branch or an outer (enclosing) branch to the current branch. Formulas from closed branches or sibling branches must not be used.\n\n### SYMBOLS \nUse the following symbols for logical operations: \n & = conjunction (and), \n | = disjunction (or), \n ~ = negation (not), \n -> = implication (implies).\n\nQuantifiers symbols:  \n    Ax represents ∀x  \n    Ex represents ∃x\nSo formulas with ∀x and ∃x will be represented by Ax and Ex (A and E followed by the variable x). For example, Ax (H(x)->M(x)) represents ∀x (H(x)→M(x)).\n\n###CONVENTIONS\nAtoms: only uppercase letters not immediately followed by parentesis (e.g. P, Q, R).\nPredicates: uppercase letters immediately followed by parentesis (e.g. H(x), M(y), Q(a,b) ). All predicates must use parentheses.\nVariables: first letter in lowercase, can be followed by letters and numbers (e.g., x, x0, xP0).\n\nWrite only the final proof in <proof>...</proof> tags. Only use <proof>...</proof> tags ONCE. Omit names of the rules. Only use these symbols inside the proof '&' , '->', '~', '|', '@', '(', ')', '{', '}', 'Ax', 'Ex'.\nDo not include explanations, commentary, or extra text inside and outside the <proof>...</proof> tags.\n""}, {'role': 'user', 'content': ""Prove 'Ex P(x), Ax (P(x)->Q(x)) |- Ex Q(x)', using the analytical tableau method. Final answer using the notation described. ""}, {'role': 'assistant', 'content': ' <proof>\n                        1. T Ex P(x) pre\n                        2. T Ax (P(x)->Q(x)) pre\n                        3. F Ex Q(x) conclusion\n                        4. T P(a) 1 \n                        5. T (P(a)->Q(a)) 2 \n                        6. F Q(a) 3 \n                        7.{ F P(a) 5 \n                        8. @ 4,7}    \n                        9.{ T Q(a) 5 \n                        10. @ 6,9}   \n                    </proof>'}, {'role': 'user', 'content': ""Prove 'Ax (P(x)|P(x)) |- Ax P(x)', using the analytical tableau method. Final answer using the notation described.""}, {'role': 'assistant', 'content': ' <proof>\n                            1. T Ax (P(x)|P(x)) pre \n                            2. F Ax P(x) conclusion\n                            3. F P(a) 2          \n                            4. T (P(a)|P(a)) 1   \n                            5.{ T P(a) 4         \n                            6. @ 3,5}            \n                            7.{ T P(a) 4         \n                            8. @ 3,7}            \n                        </proof>'}, {'role': 'user', 'content': ""Prove '|- Ex (D(x)&K(x))->(Ex D(x)|Ex K(x))', using the analytical tableau method. Final answer using the notation described.""}, {'role': 'assistant', 'content': '<proof>\n                            1. F (Ex (D(x)&K(x)) -> (Ex D(x) | Ex K(x))) conclusion\n                            2. T Ex (D(x)&K(x)) 1 \n                            3. F (Ex D(x) | Ex K(x)) 1\n                            4. T (D(a)&K(a)) 2 \n                            5. T D(a) 4 \n                            6. T K(a) 4 \n                            7. F Ex D(x) 3 \n                            8. F Ex K(x) 3 \n                            9. F D(a) 7 \n                            10. @ 5,9 \n                        </proof>'}, {'role': 'user', 'content': ""Prove 'Ax ~(P(x)&~Q(x)), Ax ~Q(x) |- Ax ~P(x)', using the analytical tableau method. Final answer using the notation described.""}, {'role': 'assistant', 'content': '<proof>\n                        1. T Ax ~(P(x)&~Q(x)) pre \n                        2. T Ax ~Q(x) pre \n                        3. F Ax ~P(x) conclusion \n                        4. F ~P(a) 3         \n                        5. T P(a) 4           \n                        6. T ~(P(a)&~Q(a)) 1  \n                        7. T ~Q(a) 2          \n                        8. F (P(a)&~Q(a)) 6   \n                        9.{ F P(a) 8          \n                        10. @ 5,9}           \n                        11.{ F ~Q(a) 8        \n                        12. @ 7,11} \n                    </proof>'}, {'role': 'user', 'content': ""Prove '|- Ex P(x)->~Ax ~P(x)', using the analytical tableau method. Final answer using the notation described.""}, {'role': 'assistant', 'content': '<proof>\n                        1. T Ex (P(x)&~Q(x)) pre \n                        2. F ~Ax (P(x)->Q(x)) conclusion \n                        3. T (P(a)&~Q(a)) 1 \n                        4. T P(a) 3 \n                        5. T ~Q(a) 3 \n                        6. T Ax (P(x)->Q(x)) 2 \n                        7. T (P(a)->Q(a)) 6 \n                        8.{ F P(a) 7 \n                        9. @ 4,8} \n                        10.{ T Q(a) 7 \n                        11. F Q(a) 5  \n                        12. @ 10,11} \n                    </proof>'}, {'role': 'user', 'content': ""Prove'Ax (B(x)->C(x)), Ay (B(y)->D(y)) |- Az (B(z)->(C(z)&D(z)))' using the analytical tableau method. Only one final answer, surrounded by <proof>...</proof>, using the notation described.""}]","<proof>
1. D Ax (B(x)->C(x)) pre
2. D Ay (B(y)->D(y)) pre
3. F Az (B(z)->(C(z)&D(z))) conclusion
4. D B(a) 3
5. F (C(a)&D(a)) 3
6.{ F C(a) 5
7. D (B(a)->C(a)) 1
8. D C(a) 4,7
9. @ 6,8}
10.{ F D(a) 5
11. D (B(a)->D(a)) 2
12. D D(a) 4,11
13. @ 10,12}
</proof>","1. D Ax (B(x)->C(x)) pre
2. D Ay (B(y)->D(y)) pre
3. F Az (B(z)->(C(z)&D(z))) conclusion
4. D B(a) 3
5. F (C(a)&D(a)) 3
6.{ F C(a) 5
7. D (B(a)->C(a)) 1
8. D C(a) 4,7
9. @ 6,8}
10.{ F D(a) 5
11. D (B(a)->D(a)) 2
12. D D(a) 4,11
13. @ 10,12}","The following errors were found:

One of definitions are not completed. Please, check whether all rules are correctly written.
Recall that a rule of inference starts with a numeber, followed by . (reference line), the truth value of the formula (T or F), has a formula and the justification (premise, conclusion or one of the inference rules with its formula references).Sintax error:
1. D Ax (B(x)->C(x)) pre
     ^
",40.194788694381714,stop,1662,1164
|- B(x)->(B(x)|C(x)),"[{'role': 'system', 'content': ""\nYou are an expert in logic using the semantic Tableaux method. \nYou will receive a first order logic formula and must prove its validity using the semantic tableau method, represent the proof in a Fitch-like notation, following these formatting instructions:\n\n### FORMAT OF PROOF LINES: \nExpanding proof line must be structured like: '<line_number>. <T_or_F> <formula> <origin>'\n- <line_number>: sequential integer, always ending with a dot ('1.', '2.', '3.', ...)\n- <T_or_F> → T for true formulas, F for false formulas. \n- <formula>: the formula derived on that line\n- <origin> is exactly one of:\n    pre (for premises)\n    conclusion (for the conclusion)\n    a comma-separated list of line numbers indicating the formula(s) used to derive the current line (e.g. '1', '3', '1,3')\n\n### BRANCHING FORMAT \nUse curly braces { and } to open and close branches. \n{ must appear immediately after the line number that opens a branch (e.g. '8.{ F A|B 3') \n} must appear at the end of the line that closes that branch (e.g. '12. @ 5,7}'). Exception: the main (initial) branch does not require a closing }, since it is not opened by {.\nBranches may be nested. But a formula may only be used at a given point if it appeared earlier in the same branch or an outer (enclosing) branch to the current branch. Formulas from closed branches or sibling branches must not be used.\n\n### SYMBOLS \nUse the following symbols for logical operations: \n & = conjunction (and), \n | = disjunction (or), \n ~ = negation (not), \n -> = implication (implies).\n\nQuantifiers symbols:  \n    Ax represents ∀x  \n    Ex represents ∃x\nSo formulas with ∀x and ∃x will be represented by Ax and Ex (A and E followed by the variable x). For example, Ax (H(x)->M(x)) represents ∀x (H(x)→M(x)).\n\n###CONVENTIONS\nAtoms: only uppercase letters not immediately followed by parentesis (e.g. P, Q, R).\nPredicates: uppercase letters immediately followed by parentesis (e.g. H(x), M(y), Q(a,b) ). All predicates must use parentheses.\nVariables: first letter in lowercase, can be followed by letters and numbers (e.g., x, x0, xP0).\n\nWrite only the final proof in <proof>...</proof> tags. Only use <proof>...</proof> tags ONCE. Omit names of the rules. Only use these symbols inside the proof '&' , '->', '~', '|', '@', '(', ')', '{', '}', 'Ax', 'Ex'.\nDo not include explanations, commentary, or extra text inside and outside the <proof>...</proof> tags.\n""}, {'role': 'user', 'content': ""Prove 'Ex P(x), Ax (P(x)->Q(x)) |- Ex Q(x)', using the analytical tableau method. Final answer using the notation described. ""}, {'role': 'assistant', 'content': ' <proof>\n                        1. T Ex P(x) pre\n                        2. T Ax (P(x)->Q(x)) pre\n                        3. F Ex Q(x) conclusion\n                        4. T P(a) 1 \n                        5. T (P(a)->Q(a)) 2 \n                        6. F Q(a) 3 \n                        7.{ F P(a) 5 \n                        8. @ 4,7}    \n                        9.{ T Q(a) 5 \n                        10. @ 6,9}   \n                    </proof>'}, {'role': 'user', 'content': ""Prove 'Ax (P(x)|P(x)) |- Ax P(x)', using the analytical tableau method. Final answer using the notation described.""}, {'role': 'assistant', 'content': ' <proof>\n                            1. T Ax (P(x)|P(x)) pre \n                            2. F Ax P(x) conclusion\n                            3. F P(a) 2          \n                            4. T (P(a)|P(a)) 1   \n                            5.{ T P(a) 4         \n                            6. @ 3,5}            \n                            7.{ T P(a) 4         \n                            8. @ 3,7}            \n                        </proof>'}, {'role': 'user', 'content': ""Prove '|- Ex (D(x)&K(x))->(Ex D(x)|Ex K(x))', using the analytical tableau method. Final answer using the notation described.""}, {'role': 'assistant', 'content': '<proof>\n                            1. F (Ex (D(x)&K(x)) -> (Ex D(x) | Ex K(x))) conclusion\n                            2. T Ex (D(x)&K(x)) 1 \n                            3. F (Ex D(x) | Ex K(x)) 1\n                            4. T (D(a)&K(a)) 2 \n                            5. T D(a) 4 \n                            6. T K(a) 4 \n                            7. F Ex D(x) 3 \n                            8. F Ex K(x) 3 \n                            9. F D(a) 7 \n                            10. @ 5,9 \n                        </proof>'}, {'role': 'user', 'content': ""Prove 'Ax ~(P(x)&~Q(x)), Ax ~Q(x) |- Ax ~P(x)', using the analytical tableau method. Final answer using the notation described.""}, {'role': 'assistant', 'content': '<proof>\n                        1. T Ax ~(P(x)&~Q(x)) pre \n                        2. T Ax ~Q(x) pre \n                        3. F Ax ~P(x) conclusion \n                        4. F ~P(a) 3         \n                        5. T P(a) 4           \n                        6. T ~(P(a)&~Q(a)) 1  \n                        7. T ~Q(a) 2          \n                        8. F (P(a)&~Q(a)) 6   \n                        9.{ F P(a) 8          \n                        10. @ 5,9}           \n                        11.{ F ~Q(a) 8        \n                        12. @ 7,11} \n                    </proof>'}, {'role': 'user', 'content': ""Prove '|- Ex P(x)->~Ax ~P(x)', using the analytical tableau method. Final answer using the notation described.""}, {'role': 'assistant', 'content': '<proof>\n                        1. T Ex (P(x)&~Q(x)) pre \n                        2. F ~Ax (P(x)->Q(x)) conclusion \n                        3. T (P(a)&~Q(a)) 1 \n                        4. T P(a) 3 \n                        5. T ~Q(a) 3 \n                        6. T Ax (P(x)->Q(x)) 2 \n                        7. T (P(a)->Q(a)) 6 \n                        8.{ F P(a) 7 \n                        9. @ 4,8} \n                        10.{ T Q(a) 7 \n                        11. F Q(a) 5  \n                        12. @ 10,11} \n                    </proof>'}, {'role': 'user', 'content': ""Prove'|- B(x)->(B(x)|C(x))' using the analytical tableau method. Only one final answer, surrounded by <proof>...</proof>, using the notation described.""}]","<proof>
1. F B(x)->(B(x)|C(x)) conclusion
2. T B(x) 1
3. F (B(x)|C(x)) 1
4. F B(x) 3
5. F C(x) 3
6. @ 2,4
</proof>","1. F B(x)->(B(x)|C(x)) conclusion
2. T B(x) 1
3. F (B(x)|C(x)) 1
4. F B(x) 3
5. F C(x) 3
6. @ 2,4",The proof is valid.,30.63358354568481,stop,1644,890
|- ~~B(x)->B(x),"[{'role': 'system', 'content': ""\nYou are an expert in logic using the semantic Tableaux method. \nYou will receive a first order logic formula and must prove its validity using the semantic tableau method, represent the proof in a Fitch-like notation, following these formatting instructions:\n\n### FORMAT OF PROOF LINES: \nExpanding proof line must be structured like: '<line_number>. <T_or_F> <formula> <origin>'\n- <line_number>: sequential integer, always ending with a dot ('1.', '2.', '3.', ...)\n- <T_or_F> → T for true formulas, F for false formulas. \n- <formula>: the formula derived on that line\n- <origin> is exactly one of:\n    pre (for premises)\n    conclusion (for the conclusion)\n    a comma-separated list of line numbers indicating the formula(s) used to derive the current line (e.g. '1', '3', '1,3')\n\n### BRANCHING FORMAT \nUse curly braces { and } to open and close branches. \n{ must appear immediately after the line number that opens a branch (e.g. '8.{ F A|B 3') \n} must appear at the end of the line that closes that branch (e.g. '12. @ 5,7}'). Exception: the main (initial) branch does not require a closing }, since it is not opened by {.\nBranches may be nested. But a formula may only be used at a given point if it appeared earlier in the same branch or an outer (enclosing) branch to the current branch. Formulas from closed branches or sibling branches must not be used.\n\n### SYMBOLS \nUse the following symbols for logical operations: \n & = conjunction (and), \n | = disjunction (or), \n ~ = negation (not), \n -> = implication (implies).\n\nQuantifiers symbols:  \n    Ax represents ∀x  \n    Ex represents ∃x\nSo formulas with ∀x and ∃x will be represented by Ax and Ex (A and E followed by the variable x). For example, Ax (H(x)->M(x)) represents ∀x (H(x)→M(x)).\n\n###CONVENTIONS\nAtoms: only uppercase letters not immediately followed by parentesis (e.g. P, Q, R).\nPredicates: uppercase letters immediately followed by parentesis (e.g. H(x), M(y), Q(a,b) ). All predicates must use parentheses.\nVariables: first letter in lowercase, can be followed by letters and numbers (e.g., x, x0, xP0).\n\nWrite only the final proof in <proof>...</proof> tags. Only use <proof>...</proof> tags ONCE. Omit names of the rules. Only use these symbols inside the proof '&' , '->', '~', '|', '@', '(', ')', '{', '}', 'Ax', 'Ex'.\nDo not include explanations, commentary, or extra text inside and outside the <proof>...</proof> tags.\n""}, {'role': 'user', 'content': ""Prove 'Ex P(x), Ax (P(x)->Q(x)) |- Ex Q(x)', using the analytical tableau method. Final answer using the notation described. ""}, {'role': 'assistant', 'content': ' <proof>\n                        1. T Ex P(x) pre\n                        2. T Ax (P(x)->Q(x)) pre\n                        3. F Ex Q(x) conclusion\n                        4. T P(a) 1 \n                        5. T (P(a)->Q(a)) 2 \n                        6. F Q(a) 3 \n                        7.{ F P(a) 5 \n                        8. @ 4,7}    \n                        9.{ T Q(a) 5 \n                        10. @ 6,9}   \n                    </proof>'}, {'role': 'user', 'content': ""Prove 'Ax (P(x)|P(x)) |- Ax P(x)', using the analytical tableau method. Final answer using the notation described.""}, {'role': 'assistant', 'content': ' <proof>\n                            1. T Ax (P(x)|P(x)) pre \n                            2. F Ax P(x) conclusion\n                            3. F P(a) 2          \n                            4. T (P(a)|P(a)) 1   \n                            5.{ T P(a) 4         \n                            6. @ 3,5}            \n                            7.{ T P(a) 4         \n                            8. @ 3,7}            \n                        </proof>'}, {'role': 'user', 'content': ""Prove '|- Ex (D(x)&K(x))->(Ex D(x)|Ex K(x))', using the analytical tableau method. Final answer using the notation described.""}, {'role': 'assistant', 'content': '<proof>\n                            1. F (Ex (D(x)&K(x)) -> (Ex D(x) | Ex K(x))) conclusion\n                            2. T Ex (D(x)&K(x)) 1 \n                            3. F (Ex D(x) | Ex K(x)) 1\n                            4. T (D(a)&K(a)) 2 \n                            5. T D(a) 4 \n                            6. T K(a) 4 \n                            7. F Ex D(x) 3 \n                            8. F Ex K(x) 3 \n                            9. F D(a) 7 \n                            10. @ 5,9 \n                        </proof>'}, {'role': 'user', 'content': ""Prove 'Ax ~(P(x)&~Q(x)), Ax ~Q(x) |- Ax ~P(x)', using the analytical tableau method. Final answer using the notation described.""}, {'role': 'assistant', 'content': '<proof>\n                        1. T Ax ~(P(x)&~Q(x)) pre \n                        2. T Ax ~Q(x) pre \n                        3. F Ax ~P(x) conclusion \n                        4. F ~P(a) 3         \n                        5. T P(a) 4           \n                        6. T ~(P(a)&~Q(a)) 1  \n                        7. T ~Q(a) 2          \n                        8. F (P(a)&~Q(a)) 6   \n                        9.{ F P(a) 8          \n                        10. @ 5,9}           \n                        11.{ F ~Q(a) 8        \n                        12. @ 7,11} \n                    </proof>'}, {'role': 'user', 'content': ""Prove '|- Ex P(x)->~Ax ~P(x)', using the analytical tableau method. Final answer using the notation described.""}, {'role': 'assistant', 'content': '<proof>\n                        1. T Ex (P(x)&~Q(x)) pre \n                        2. F ~Ax (P(x)->Q(x)) conclusion \n                        3. T (P(a)&~Q(a)) 1 \n                        4. T P(a) 3 \n                        5. T ~Q(a) 3 \n                        6. T Ax (P(x)->Q(x)) 2 \n                        7. T (P(a)->Q(a)) 6 \n                        8.{ F P(a) 7 \n                        9. @ 4,8} \n                        10.{ T Q(a) 7 \n                        11. F Q(a) 5  \n                        12. @ 10,11} \n                    </proof>'}, {'role': 'user', 'content': ""Prove'|- ~~B(x)->B(x)' using the analytical tableau method. Only one final answer, surrounded by <proof>...</proof>, using the notation described.""}]","<proof>
1. F ~~B(x)->B(x) conclusion
2. T ~~B(x) 1
3. F B(x) 1
4. F ~B(x) 2
5. T B(x) 4
6. @ 3,5
</proof>","1. F ~~B(x)->B(x) conclusion
2. T ~~B(x) 1
3. F B(x) 1
4. F ~B(x) 2
5. T B(x) 4
6. @ 3,5",The proof is valid.,22.886772871017456,stop,1640,662
|- B(x)->~~B(x),"[{'role': 'system', 'content': ""\nYou are an expert in logic using the semantic Tableaux method. \nYou will receive a first order logic formula and must prove its validity using the semantic tableau method, represent the proof in a Fitch-like notation, following these formatting instructions:\n\n### FORMAT OF PROOF LINES: \nExpanding proof line must be structured like: '<line_number>. <T_or_F> <formula> <origin>'\n- <line_number>: sequential integer, always ending with a dot ('1.', '2.', '3.', ...)\n- <T_or_F> → T for true formulas, F for false formulas. \n- <formula>: the formula derived on that line\n- <origin> is exactly one of:\n    pre (for premises)\n    conclusion (for the conclusion)\n    a comma-separated list of line numbers indicating the formula(s) used to derive the current line (e.g. '1', '3', '1,3')\n\n### BRANCHING FORMAT \nUse curly braces { and } to open and close branches. \n{ must appear immediately after the line number that opens a branch (e.g. '8.{ F A|B 3') \n} must appear at the end of the line that closes that branch (e.g. '12. @ 5,7}'). Exception: the main (initial) branch does not require a closing }, since it is not opened by {.\nBranches may be nested. But a formula may only be used at a given point if it appeared earlier in the same branch or an outer (enclosing) branch to the current branch. Formulas from closed branches or sibling branches must not be used.\n\n### SYMBOLS \nUse the following symbols for logical operations: \n & = conjunction (and), \n | = disjunction (or), \n ~ = negation (not), \n -> = implication (implies).\n\nQuantifiers symbols:  \n    Ax represents ∀x  \n    Ex represents ∃x\nSo formulas with ∀x and ∃x will be represented by Ax and Ex (A and E followed by the variable x). For example, Ax (H(x)->M(x)) represents ∀x (H(x)→M(x)).\n\n###CONVENTIONS\nAtoms: only uppercase letters not immediately followed by parentesis (e.g. P, Q, R).\nPredicates: uppercase letters immediately followed by parentesis (e.g. H(x), M(y), Q(a,b) ). All predicates must use parentheses.\nVariables: first letter in lowercase, can be followed by letters and numbers (e.g., x, x0, xP0).\n\nWrite only the final proof in <proof>...</proof> tags. Only use <proof>...</proof> tags ONCE. Omit names of the rules. Only use these symbols inside the proof '&' , '->', '~', '|', '@', '(', ')', '{', '}', 'Ax', 'Ex'.\nDo not include explanations, commentary, or extra text inside and outside the <proof>...</proof> tags.\n""}, {'role': 'user', 'content': ""Prove 'Ex P(x), Ax (P(x)->Q(x)) |- Ex Q(x)', using the analytical tableau method. Final answer using the notation described. ""}, {'role': 'assistant', 'content': ' <proof>\n                        1. T Ex P(x) pre\n                        2. T Ax (P(x)->Q(x)) pre\n                        3. F Ex Q(x) conclusion\n                        4. T P(a) 1 \n                        5. T (P(a)->Q(a)) 2 \n                        6. F Q(a) 3 \n                        7.{ F P(a) 5 \n                        8. @ 4,7}    \n                        9.{ T Q(a) 5 \n                        10. @ 6,9}   \n                    </proof>'}, {'role': 'user', 'content': ""Prove 'Ax (P(x)|P(x)) |- Ax P(x)', using the analytical tableau method. Final answer using the notation described.""}, {'role': 'assistant', 'content': ' <proof>\n                            1. T Ax (P(x)|P(x)) pre \n                            2. F Ax P(x) conclusion\n                            3. F P(a) 2          \n                            4. T (P(a)|P(a)) 1   \n                            5.{ T P(a) 4         \n                            6. @ 3,5}            \n                            7.{ T P(a) 4         \n                            8. @ 3,7}            \n                        </proof>'}, {'role': 'user', 'content': ""Prove '|- Ex (D(x)&K(x))->(Ex D(x)|Ex K(x))', using the analytical tableau method. Final answer using the notation described.""}, {'role': 'assistant', 'content': '<proof>\n                            1. F (Ex (D(x)&K(x)) -> (Ex D(x) | Ex K(x))) conclusion\n                            2. T Ex (D(x)&K(x)) 1 \n                            3. F (Ex D(x) | Ex K(x)) 1\n                            4. T (D(a)&K(a)) 2 \n                            5. T D(a) 4 \n                            6. T K(a) 4 \n                            7. F Ex D(x) 3 \n                            8. F Ex K(x) 3 \n                            9. F D(a) 7 \n                            10. @ 5,9 \n                        </proof>'}, {'role': 'user', 'content': ""Prove 'Ax ~(P(x)&~Q(x)), Ax ~Q(x) |- Ax ~P(x)', using the analytical tableau method. Final answer using the notation described.""}, {'role': 'assistant', 'content': '<proof>\n                        1. T Ax ~(P(x)&~Q(x)) pre \n                        2. T Ax ~Q(x) pre \n                        3. F Ax ~P(x) conclusion \n                        4. F ~P(a) 3         \n                        5. T P(a) 4           \n                        6. T ~(P(a)&~Q(a)) 1  \n                        7. T ~Q(a) 2          \n                        8. F (P(a)&~Q(a)) 6   \n                        9.{ F P(a) 8          \n                        10. @ 5,9}           \n                        11.{ F ~Q(a) 8        \n                        12. @ 7,11} \n                    </proof>'}, {'role': 'user', 'content': ""Prove '|- Ex P(x)->~Ax ~P(x)', using the analytical tableau method. Final answer using the notation described.""}, {'role': 'assistant', 'content': '<proof>\n                        1. T Ex (P(x)&~Q(x)) pre \n                        2. F ~Ax (P(x)->Q(x)) conclusion \n                        3. T (P(a)&~Q(a)) 1 \n                        4. T P(a) 3 \n                        5. T ~Q(a) 3 \n                        6. T Ax (P(x)->Q(x)) 2 \n                        7. T (P(a)->Q(a)) 6 \n                        8.{ F P(a) 7 \n                        9. @ 4,8} \n                        10.{ T Q(a) 7 \n                        11. F Q(a) 5  \n                        12. @ 10,11} \n                    </proof>'}, {'role': 'user', 'content': ""Prove'|- B(x)->~~B(x)' using the analytical tableau method. Only one final answer, surrounded by <proof>...</proof>, using the notation described.""}]","<proof>
1. F (B(x)->~~B(x)) conclusion
2. T B(a) 1
3. F ~~B(a) 1
4. T ~B(a) 3
5.@ 2,4
</proof>","1. F (B(x)->~~B(x)) conclusion
2. T B(a) 1
3. F ~~B(a) 1
4. T ~B(a) 3
5.@ 2,4","The following errors were found:

Error in line 2:
2. T B(a) 1
^, Formula B(a) (conclusion of the rule) must be the antecedent of the implication of the referenced formula with truth-value F.
Error in line 3:
3. F ~~B(a) 1
   ^, Formula ~~B(a) (conclusion of the rule) must be the consequent of the implication of the referenced formula with truth-value T.
Error in line 5:
5.@ 2,4
    ^, None of the formulas referenced by the lines contradict the other formula.",19.86896824836731,stop,1640,575
|- Ax (B(x)->C(x))->(Ex B(x)->Ex C(x)),"[{'role': 'system', 'content': ""\nYou are an expert in logic using the semantic Tableaux method. \nYou will receive a first order logic formula and must prove its validity using the semantic tableau method, represent the proof in a Fitch-like notation, following these formatting instructions:\n\n### FORMAT OF PROOF LINES: \nExpanding proof line must be structured like: '<line_number>. <T_or_F> <formula> <origin>'\n- <line_number>: sequential integer, always ending with a dot ('1.', '2.', '3.', ...)\n- <T_or_F> → T for true formulas, F for false formulas. \n- <formula>: the formula derived on that line\n- <origin> is exactly one of:\n    pre (for premises)\n    conclusion (for the conclusion)\n    a comma-separated list of line numbers indicating the formula(s) used to derive the current line (e.g. '1', '3', '1,3')\n\n### BRANCHING FORMAT \nUse curly braces { and } to open and close branches. \n{ must appear immediately after the line number that opens a branch (e.g. '8.{ F A|B 3') \n} must appear at the end of the line that closes that branch (e.g. '12. @ 5,7}'). Exception: the main (initial) branch does not require a closing }, since it is not opened by {.\nBranches may be nested. But a formula may only be used at a given point if it appeared earlier in the same branch or an outer (enclosing) branch to the current branch. Formulas from closed branches or sibling branches must not be used.\n\n### SYMBOLS \nUse the following symbols for logical operations: \n & = conjunction (and), \n | = disjunction (or), \n ~ = negation (not), \n -> = implication (implies).\n\nQuantifiers symbols:  \n    Ax represents ∀x  \n    Ex represents ∃x\nSo formulas with ∀x and ∃x will be represented by Ax and Ex (A and E followed by the variable x). For example, Ax (H(x)->M(x)) represents ∀x (H(x)→M(x)).\n\n###CONVENTIONS\nAtoms: only uppercase letters not immediately followed by parentesis (e.g. P, Q, R).\nPredicates: uppercase letters immediately followed by parentesis (e.g. H(x), M(y), Q(a,b) ). All predicates must use parentheses.\nVariables: first letter in lowercase, can be followed by letters and numbers (e.g., x, x0, xP0).\n\nWrite only the final proof in <proof>...</proof> tags. Only use <proof>...</proof> tags ONCE. Omit names of the rules. Only use these symbols inside the proof '&' , '->', '~', '|', '@', '(', ')', '{', '}', 'Ax', 'Ex'.\nDo not include explanations, commentary, or extra text inside and outside the <proof>...</proof> tags.\n""}, {'role': 'user', 'content': ""Prove 'Ex P(x), Ax (P(x)->Q(x)) |- Ex Q(x)', using the analytical tableau method. Final answer using the notation described. ""}, {'role': 'assistant', 'content': ' <proof>\n                        1. T Ex P(x) pre\n                        2. T Ax (P(x)->Q(x)) pre\n                        3. F Ex Q(x) conclusion\n                        4. T P(a) 1 \n                        5. T (P(a)->Q(a)) 2 \n                        6. F Q(a) 3 \n                        7.{ F P(a) 5 \n                        8. @ 4,7}    \n                        9.{ T Q(a) 5 \n                        10. @ 6,9}   \n                    </proof>'}, {'role': 'user', 'content': ""Prove 'Ax (P(x)|P(x)) |- Ax P(x)', using the analytical tableau method. Final answer using the notation described.""}, {'role': 'assistant', 'content': ' <proof>\n                            1. T Ax (P(x)|P(x)) pre \n                            2. F Ax P(x) conclusion\n                            3. F P(a) 2          \n                            4. T (P(a)|P(a)) 1   \n                            5.{ T P(a) 4         \n                            6. @ 3,5}            \n                            7.{ T P(a) 4         \n                            8. @ 3,7}            \n                        </proof>'}, {'role': 'user', 'content': ""Prove '|- Ex (D(x)&K(x))->(Ex D(x)|Ex K(x))', using the analytical tableau method. Final answer using the notation described.""}, {'role': 'assistant', 'content': '<proof>\n                            1. F (Ex (D(x)&K(x)) -> (Ex D(x) | Ex K(x))) conclusion\n                            2. T Ex (D(x)&K(x)) 1 \n                            3. F (Ex D(x) | Ex K(x)) 1\n                            4. T (D(a)&K(a)) 2 \n                            5. T D(a) 4 \n                            6. T K(a) 4 \n                            7. F Ex D(x) 3 \n                            8. F Ex K(x) 3 \n                            9. F D(a) 7 \n                            10. @ 5,9 \n                        </proof>'}, {'role': 'user', 'content': ""Prove 'Ax ~(P(x)&~Q(x)), Ax ~Q(x) |- Ax ~P(x)', using the analytical tableau method. Final answer using the notation described.""}, {'role': 'assistant', 'content': '<proof>\n                        1. T Ax ~(P(x)&~Q(x)) pre \n                        2. T Ax ~Q(x) pre \n                        3. F Ax ~P(x) conclusion \n                        4. F ~P(a) 3         \n                        5. T P(a) 4           \n                        6. T ~(P(a)&~Q(a)) 1  \n                        7. T ~Q(a) 2          \n                        8. F (P(a)&~Q(a)) 6   \n                        9.{ F P(a) 8          \n                        10. @ 5,9}           \n                        11.{ F ~Q(a) 8        \n                        12. @ 7,11} \n                    </proof>'}, {'role': 'user', 'content': ""Prove '|- Ex P(x)->~Ax ~P(x)', using the analytical tableau method. Final answer using the notation described.""}, {'role': 'assistant', 'content': '<proof>\n                        1. T Ex (P(x)&~Q(x)) pre \n                        2. F ~Ax (P(x)->Q(x)) conclusion \n                        3. T (P(a)&~Q(a)) 1 \n                        4. T P(a) 3 \n                        5. T ~Q(a) 3 \n                        6. T Ax (P(x)->Q(x)) 2 \n                        7. T (P(a)->Q(a)) 6 \n                        8.{ F P(a) 7 \n                        9. @ 4,8} \n                        10.{ T Q(a) 7 \n                        11. F Q(a) 5  \n                        12. @ 10,11} \n                    </proof>'}, {'role': 'user', 'content': ""Prove'|- Ax (B(x)->C(x))->(Ex B(x)->Ex C(x))' using the analytical tableau method. Only one final answer, surrounded by <proof>...</proof>, using the notation described.""}]","<proof>
1. F Ax (B(x)->C(x)) -> (Ex B(x)->Ex C(x)) conclusion
2. T Ax (B(x)->C(x)) 1
3. F (Ex B(x) -> Ex C(x)) 1
4. T Ex B(x) 3
5. F Ex C(x) 3
6. T B(a) 4
7. F C(a) 5
8. T (B(a)->C(a)) 2
9.{ F B(a) 8
10. @ 6,9}
11.{ T C(a) 8
12. @ 7,11}
</proof>","1. F Ax (B(x)->C(x)) -> (Ex B(x)->Ex C(x)) conclusion
2. T Ax (B(x)->C(x)) 1
3. F (Ex B(x) -> Ex C(x)) 1
4. T Ex B(x) 3
5. F Ex C(x) 3
6. T B(a) 4
7. F C(a) 5
8. T (B(a)->C(a)) 2
9.{ F B(a) 8
10. @ 6,9}
11.{ T C(a) 8
12. @ 7,11}",The proof is valid.,64.91431760787964,stop,1651,1876
|- Ax (B(x)&C(x))->(Ax B(x)&Ax C(x)),"[{'role': 'system', 'content': ""\nYou are an expert in logic using the semantic Tableaux method. \nYou will receive a first order logic formula and must prove its validity using the semantic tableau method, represent the proof in a Fitch-like notation, following these formatting instructions:\n\n### FORMAT OF PROOF LINES: \nExpanding proof line must be structured like: '<line_number>. <T_or_F> <formula> <origin>'\n- <line_number>: sequential integer, always ending with a dot ('1.', '2.', '3.', ...)\n- <T_or_F> → T for true formulas, F for false formulas. \n- <formula>: the formula derived on that line\n- <origin> is exactly one of:\n    pre (for premises)\n    conclusion (for the conclusion)\n    a comma-separated list of line numbers indicating the formula(s) used to derive the current line (e.g. '1', '3', '1,3')\n\n### BRANCHING FORMAT \nUse curly braces { and } to open and close branches. \n{ must appear immediately after the line number that opens a branch (e.g. '8.{ F A|B 3') \n} must appear at the end of the line that closes that branch (e.g. '12. @ 5,7}'). Exception: the main (initial) branch does not require a closing }, since it is not opened by {.\nBranches may be nested. But a formula may only be used at a given point if it appeared earlier in the same branch or an outer (enclosing) branch to the current branch. Formulas from closed branches or sibling branches must not be used.\n\n### SYMBOLS \nUse the following symbols for logical operations: \n & = conjunction (and), \n | = disjunction (or), \n ~ = negation (not), \n -> = implication (implies).\n\nQuantifiers symbols:  \n    Ax represents ∀x  \n    Ex represents ∃x\nSo formulas with ∀x and ∃x will be represented by Ax and Ex (A and E followed by the variable x). For example, Ax (H(x)->M(x)) represents ∀x (H(x)→M(x)).\n\n###CONVENTIONS\nAtoms: only uppercase letters not immediately followed by parentesis (e.g. P, Q, R).\nPredicates: uppercase letters immediately followed by parentesis (e.g. H(x), M(y), Q(a,b) ). All predicates must use parentheses.\nVariables: first letter in lowercase, can be followed by letters and numbers (e.g., x, x0, xP0).\n\nWrite only the final proof in <proof>...</proof> tags. Only use <proof>...</proof> tags ONCE. Omit names of the rules. Only use these symbols inside the proof '&' , '->', '~', '|', '@', '(', ')', '{', '}', 'Ax', 'Ex'.\nDo not include explanations, commentary, or extra text inside and outside the <proof>...</proof> tags.\n""}, {'role': 'user', 'content': ""Prove 'Ex P(x), Ax (P(x)->Q(x)) |- Ex Q(x)', using the analytical tableau method. Final answer using the notation described. ""}, {'role': 'assistant', 'content': ' <proof>\n                        1. T Ex P(x) pre\n                        2. T Ax (P(x)->Q(x)) pre\n                        3. F Ex Q(x) conclusion\n                        4. T P(a) 1 \n                        5. T (P(a)->Q(a)) 2 \n                        6. F Q(a) 3 \n                        7.{ F P(a) 5 \n                        8. @ 4,7}    \n                        9.{ T Q(a) 5 \n                        10. @ 6,9}   \n                    </proof>'}, {'role': 'user', 'content': ""Prove 'Ax (P(x)|P(x)) |- Ax P(x)', using the analytical tableau method. Final answer using the notation described.""}, {'role': 'assistant', 'content': ' <proof>\n                            1. T Ax (P(x)|P(x)) pre \n                            2. F Ax P(x) conclusion\n                            3. F P(a) 2          \n                            4. T (P(a)|P(a)) 1   \n                            5.{ T P(a) 4         \n                            6. @ 3,5}            \n                            7.{ T P(a) 4         \n                            8. @ 3,7}            \n                        </proof>'}, {'role': 'user', 'content': ""Prove '|- Ex (D(x)&K(x))->(Ex D(x)|Ex K(x))', using the analytical tableau method. Final answer using the notation described.""}, {'role': 'assistant', 'content': '<proof>\n                            1. F (Ex (D(x)&K(x)) -> (Ex D(x) | Ex K(x))) conclusion\n                            2. T Ex (D(x)&K(x)) 1 \n                            3. F (Ex D(x) | Ex K(x)) 1\n                            4. T (D(a)&K(a)) 2 \n                            5. T D(a) 4 \n                            6. T K(a) 4 \n                            7. F Ex D(x) 3 \n                            8. F Ex K(x) 3 \n                            9. F D(a) 7 \n                            10. @ 5,9 \n                        </proof>'}, {'role': 'user', 'content': ""Prove 'Ax ~(P(x)&~Q(x)), Ax ~Q(x) |- Ax ~P(x)', using the analytical tableau method. Final answer using the notation described.""}, {'role': 'assistant', 'content': '<proof>\n                        1. T Ax ~(P(x)&~Q(x)) pre \n                        2. T Ax ~Q(x) pre \n                        3. F Ax ~P(x) conclusion \n                        4. F ~P(a) 3         \n                        5. T P(a) 4           \n                        6. T ~(P(a)&~Q(a)) 1  \n                        7. T ~Q(a) 2          \n                        8. F (P(a)&~Q(a)) 6   \n                        9.{ F P(a) 8          \n                        10. @ 5,9}           \n                        11.{ F ~Q(a) 8        \n                        12. @ 7,11} \n                    </proof>'}, {'role': 'user', 'content': ""Prove '|- Ex P(x)->~Ax ~P(x)', using the analytical tableau method. Final answer using the notation described.""}, {'role': 'assistant', 'content': '<proof>\n                        1. T Ex (P(x)&~Q(x)) pre \n                        2. F ~Ax (P(x)->Q(x)) conclusion \n                        3. T (P(a)&~Q(a)) 1 \n                        4. T P(a) 3 \n                        5. T ~Q(a) 3 \n                        6. T Ax (P(x)->Q(x)) 2 \n                        7. T (P(a)->Q(a)) 6 \n                        8.{ F P(a) 7 \n                        9. @ 4,8} \n                        10.{ T Q(a) 7 \n                        11. F Q(a) 5  \n                        12. @ 10,11} \n                    </proof>'}, {'role': 'user', 'content': ""Prove'|- Ax (B(x)&C(x))->(Ax B(x)&Ax C(x))' using the analytical tableau method. Only one final answer, surrounded by <proof>...</proof>, using the notation described.""}]","<proof>
1. F (Ax (B(x)&C(x)) -> (Ax B(x)&Ax C(x))) conclusion
2. T Ax (B(x)&C(x)) 1
3. F (Ax B(x)&Ax C(x)) 1
4.{ F Ax B(x) 3
5.   T (B(a)&C(a)) 2
6.   T B(a) 5
7.   T C(a) 5
8.   F B(b) 4
9.   T (B(b)&C(b)) 2
10.  T B(b) 9
11.  @ 8,10}
12.{ F Ax C(x) 3
13.   F C(c) 12
14.   T (B(c)&C(c)) 2
15.   T C(c) 14
16.   @ 13,15}
</proof>","1. F (Ax (B(x)&C(x)) -> (Ax B(x)&Ax C(x))) conclusion
2. T Ax (B(x)&C(x)) 1
3. F (Ax B(x)&Ax C(x)) 1
4.{ F Ax B(x) 3
5.   T (B(a)&C(a)) 2
6.   T B(a) 5
7.   T C(a) 5
8.   F B(b) 4
9.   T (B(b)&C(b)) 2
10.  T B(b) 9
11.  @ 8,10}
12.{ F Ax C(x) 3
13.   F C(c) 12
14.   T (B(c)&C(c)) 2
15.   T C(c) 14
16.   @ 13,15}","The following errors were found:

Error in line 10:
10.  T B(b) 9
^, The next line should be the &T rule with the formula C(b).
Error in line 15:
15.   T C(c) 14
^, The previous line should be the &T rule with the formula B(c).",56.74647378921509,stop,1651,1645
|- ~Ex (B(x)&~B(x)),"[{'role': 'system', 'content': ""\nYou are an expert in logic using the semantic Tableaux method. \nYou will receive a first order logic formula and must prove its validity using the semantic tableau method, represent the proof in a Fitch-like notation, following these formatting instructions:\n\n### FORMAT OF PROOF LINES: \nExpanding proof line must be structured like: '<line_number>. <T_or_F> <formula> <origin>'\n- <line_number>: sequential integer, always ending with a dot ('1.', '2.', '3.', ...)\n- <T_or_F> → T for true formulas, F for false formulas. \n- <formula>: the formula derived on that line\n- <origin> is exactly one of:\n    pre (for premises)\n    conclusion (for the conclusion)\n    a comma-separated list of line numbers indicating the formula(s) used to derive the current line (e.g. '1', '3', '1,3')\n\n### BRANCHING FORMAT \nUse curly braces { and } to open and close branches. \n{ must appear immediately after the line number that opens a branch (e.g. '8.{ F A|B 3') \n} must appear at the end of the line that closes that branch (e.g. '12. @ 5,7}'). Exception: the main (initial) branch does not require a closing }, since it is not opened by {.\nBranches may be nested. But a formula may only be used at a given point if it appeared earlier in the same branch or an outer (enclosing) branch to the current branch. Formulas from closed branches or sibling branches must not be used.\n\n### SYMBOLS \nUse the following symbols for logical operations: \n & = conjunction (and), \n | = disjunction (or), \n ~ = negation (not), \n -> = implication (implies).\n\nQuantifiers symbols:  \n    Ax represents ∀x  \n    Ex represents ∃x\nSo formulas with ∀x and ∃x will be represented by Ax and Ex (A and E followed by the variable x). For example, Ax (H(x)->M(x)) represents ∀x (H(x)→M(x)).\n\n###CONVENTIONS\nAtoms: only uppercase letters not immediately followed by parentesis (e.g. P, Q, R).\nPredicates: uppercase letters immediately followed by parentesis (e.g. H(x), M(y), Q(a,b) ). All predicates must use parentheses.\nVariables: first letter in lowercase, can be followed by letters and numbers (e.g., x, x0, xP0).\n\nWrite only the final proof in <proof>...</proof> tags. Only use <proof>...</proof> tags ONCE. Omit names of the rules. Only use these symbols inside the proof '&' , '->', '~', '|', '@', '(', ')', '{', '}', 'Ax', 'Ex'.\nDo not include explanations, commentary, or extra text inside and outside the <proof>...</proof> tags.\n""}, {'role': 'user', 'content': ""Prove 'Ex P(x), Ax (P(x)->Q(x)) |- Ex Q(x)', using the analytical tableau method. Final answer using the notation described. ""}, {'role': 'assistant', 'content': ' <proof>\n                        1. T Ex P(x) pre\n                        2. T Ax (P(x)->Q(x)) pre\n                        3. F Ex Q(x) conclusion\n                        4. T P(a) 1 \n                        5. T (P(a)->Q(a)) 2 \n                        6. F Q(a) 3 \n                        7.{ F P(a) 5 \n                        8. @ 4,7}    \n                        9.{ T Q(a) 5 \n                        10. @ 6,9}   \n                    </proof>'}, {'role': 'user', 'content': ""Prove 'Ax (P(x)|P(x)) |- Ax P(x)', using the analytical tableau method. Final answer using the notation described.""}, {'role': 'assistant', 'content': ' <proof>\n                            1. T Ax (P(x)|P(x)) pre \n                            2. F Ax P(x) conclusion\n                            3. F P(a) 2          \n                            4. T (P(a)|P(a)) 1   \n                            5.{ T P(a) 4         \n                            6. @ 3,5}            \n                            7.{ T P(a) 4         \n                            8. @ 3,7}            \n                        </proof>'}, {'role': 'user', 'content': ""Prove '|- Ex (D(x)&K(x))->(Ex D(x)|Ex K(x))', using the analytical tableau method. Final answer using the notation described.""}, {'role': 'assistant', 'content': '<proof>\n                            1. F (Ex (D(x)&K(x)) -> (Ex D(x) | Ex K(x))) conclusion\n                            2. T Ex (D(x)&K(x)) 1 \n                            3. F (Ex D(x) | Ex K(x)) 1\n                            4. T (D(a)&K(a)) 2 \n                            5. T D(a) 4 \n                            6. T K(a) 4 \n                            7. F Ex D(x) 3 \n                            8. F Ex K(x) 3 \n                            9. F D(a) 7 \n                            10. @ 5,9 \n                        </proof>'}, {'role': 'user', 'content': ""Prove 'Ax ~(P(x)&~Q(x)), Ax ~Q(x) |- Ax ~P(x)', using the analytical tableau method. Final answer using the notation described.""}, {'role': 'assistant', 'content': '<proof>\n                        1. T Ax ~(P(x)&~Q(x)) pre \n                        2. T Ax ~Q(x) pre \n                        3. F Ax ~P(x) conclusion \n                        4. F ~P(a) 3         \n                        5. T P(a) 4           \n                        6. T ~(P(a)&~Q(a)) 1  \n                        7. T ~Q(a) 2          \n                        8. F (P(a)&~Q(a)) 6   \n                        9.{ F P(a) 8          \n                        10. @ 5,9}           \n                        11.{ F ~Q(a) 8        \n                        12. @ 7,11} \n                    </proof>'}, {'role': 'user', 'content': ""Prove '|- Ex P(x)->~Ax ~P(x)', using the analytical tableau method. Final answer using the notation described.""}, {'role': 'assistant', 'content': '<proof>\n                        1. T Ex (P(x)&~Q(x)) pre \n                        2. F ~Ax (P(x)->Q(x)) conclusion \n                        3. T (P(a)&~Q(a)) 1 \n                        4. T P(a) 3 \n                        5. T ~Q(a) 3 \n                        6. T Ax (P(x)->Q(x)) 2 \n                        7. T (P(a)->Q(a)) 6 \n                        8.{ F P(a) 7 \n                        9. @ 4,8} \n                        10.{ T Q(a) 7 \n                        11. F Q(a) 5  \n                        12. @ 10,11} \n                    </proof>'}, {'role': 'user', 'content': ""Prove'|- ~Ex (B(x)&~B(x))' using the analytical tableau method. Only one final answer, surrounded by <proof>...</proof>, using the notation described.""}]","<proof>
1. F ~Ex (B(x)&~B(x)) conclusion
2. T Ex (B(x)&~B(x)) 1
3. T (B(a)&~B(a)) 2
4. T B(a) 3
5. T ~B(a) 3
6. F B(a) 5
7. @ 4,6
</proof>","1. F ~Ex (B(x)&~B(x)) conclusion
2. T Ex (B(x)&~B(x)) 1
3. T (B(a)&~B(a)) 2
4. T B(a) 3
5. T ~B(a) 3
6. F B(a) 5
7. @ 4,6",The proof is valid.,44.99641275405884,stop,1644,1306
|- Ax (B(x)->~C(x))->~Ex (B(x)&C(x)),"[{'role': 'system', 'content': ""\nYou are an expert in logic using the semantic Tableaux method. \nYou will receive a first order logic formula and must prove its validity using the semantic tableau method, represent the proof in a Fitch-like notation, following these formatting instructions:\n\n### FORMAT OF PROOF LINES: \nExpanding proof line must be structured like: '<line_number>. <T_or_F> <formula> <origin>'\n- <line_number>: sequential integer, always ending with a dot ('1.', '2.', '3.', ...)\n- <T_or_F> → T for true formulas, F for false formulas. \n- <formula>: the formula derived on that line\n- <origin> is exactly one of:\n    pre (for premises)\n    conclusion (for the conclusion)\n    a comma-separated list of line numbers indicating the formula(s) used to derive the current line (e.g. '1', '3', '1,3')\n\n### BRANCHING FORMAT \nUse curly braces { and } to open and close branches. \n{ must appear immediately after the line number that opens a branch (e.g. '8.{ F A|B 3') \n} must appear at the end of the line that closes that branch (e.g. '12. @ 5,7}'). Exception: the main (initial) branch does not require a closing }, since it is not opened by {.\nBranches may be nested. But a formula may only be used at a given point if it appeared earlier in the same branch or an outer (enclosing) branch to the current branch. Formulas from closed branches or sibling branches must not be used.\n\n### SYMBOLS \nUse the following symbols for logical operations: \n & = conjunction (and), \n | = disjunction (or), \n ~ = negation (not), \n -> = implication (implies).\n\nQuantifiers symbols:  \n    Ax represents ∀x  \n    Ex represents ∃x\nSo formulas with ∀x and ∃x will be represented by Ax and Ex (A and E followed by the variable x). For example, Ax (H(x)->M(x)) represents ∀x (H(x)→M(x)).\n\n###CONVENTIONS\nAtoms: only uppercase letters not immediately followed by parentesis (e.g. P, Q, R).\nPredicates: uppercase letters immediately followed by parentesis (e.g. H(x), M(y), Q(a,b) ). All predicates must use parentheses.\nVariables: first letter in lowercase, can be followed by letters and numbers (e.g., x, x0, xP0).\n\nWrite only the final proof in <proof>...</proof> tags. Only use <proof>...</proof> tags ONCE. Omit names of the rules. Only use these symbols inside the proof '&' , '->', '~', '|', '@', '(', ')', '{', '}', 'Ax', 'Ex'.\nDo not include explanations, commentary, or extra text inside and outside the <proof>...</proof> tags.\n""}, {'role': 'user', 'content': ""Prove 'Ex P(x), Ax (P(x)->Q(x)) |- Ex Q(x)', using the analytical tableau method. Final answer using the notation described. ""}, {'role': 'assistant', 'content': ' <proof>\n                        1. T Ex P(x) pre\n                        2. T Ax (P(x)->Q(x)) pre\n                        3. F Ex Q(x) conclusion\n                        4. T P(a) 1 \n                        5. T (P(a)->Q(a)) 2 \n                        6. F Q(a) 3 \n                        7.{ F P(a) 5 \n                        8. @ 4,7}    \n                        9.{ T Q(a) 5 \n                        10. @ 6,9}   \n                    </proof>'}, {'role': 'user', 'content': ""Prove 'Ax (P(x)|P(x)) |- Ax P(x)', using the analytical tableau method. Final answer using the notation described.""}, {'role': 'assistant', 'content': ' <proof>\n                            1. T Ax (P(x)|P(x)) pre \n                            2. F Ax P(x) conclusion\n                            3. F P(a) 2          \n                            4. T (P(a)|P(a)) 1   \n                            5.{ T P(a) 4         \n                            6. @ 3,5}            \n                            7.{ T P(a) 4         \n                            8. @ 3,7}            \n                        </proof>'}, {'role': 'user', 'content': ""Prove '|- Ex (D(x)&K(x))->(Ex D(x)|Ex K(x))', using the analytical tableau method. Final answer using the notation described.""}, {'role': 'assistant', 'content': '<proof>\n                            1. F (Ex (D(x)&K(x)) -> (Ex D(x) | Ex K(x))) conclusion\n                            2. T Ex (D(x)&K(x)) 1 \n                            3. F (Ex D(x) | Ex K(x)) 1\n                            4. T (D(a)&K(a)) 2 \n                            5. T D(a) 4 \n                            6. T K(a) 4 \n                            7. F Ex D(x) 3 \n                            8. F Ex K(x) 3 \n                            9. F D(a) 7 \n                            10. @ 5,9 \n                        </proof>'}, {'role': 'user', 'content': ""Prove 'Ax ~(P(x)&~Q(x)), Ax ~Q(x) |- Ax ~P(x)', using the analytical tableau method. Final answer using the notation described.""}, {'role': 'assistant', 'content': '<proof>\n                        1. T Ax ~(P(x)&~Q(x)) pre \n                        2. T Ax ~Q(x) pre \n                        3. F Ax ~P(x) conclusion \n                        4. F ~P(a) 3         \n                        5. T P(a) 4           \n                        6. T ~(P(a)&~Q(a)) 1  \n                        7. T ~Q(a) 2          \n                        8. F (P(a)&~Q(a)) 6   \n                        9.{ F P(a) 8          \n                        10. @ 5,9}           \n                        11.{ F ~Q(a) 8        \n                        12. @ 7,11} \n                    </proof>'}, {'role': 'user', 'content': ""Prove '|- Ex P(x)->~Ax ~P(x)', using the analytical tableau method. Final answer using the notation described.""}, {'role': 'assistant', 'content': '<proof>\n                        1. T Ex (P(x)&~Q(x)) pre \n                        2. F ~Ax (P(x)->Q(x)) conclusion \n                        3. T (P(a)&~Q(a)) 1 \n                        4. T P(a) 3 \n                        5. T ~Q(a) 3 \n                        6. T Ax (P(x)->Q(x)) 2 \n                        7. T (P(a)->Q(a)) 6 \n                        8.{ F P(a) 7 \n                        9. @ 4,8} \n                        10.{ T Q(a) 7 \n                        11. F Q(a) 5  \n                        12. @ 10,11} \n                    </proof>'}, {'role': 'user', 'content': ""Prove'|- Ax (B(x)->~C(x))->~Ex (B(x)&C(x))' using the analytical tableau method. Only one final answer, surrounded by <proof>...</proof>, using the notation described.""}]","<proof>
1. F Ax (B(x)->~C(x)) -> ~Ex (B(x)&C(x)) conclusion
2. T Ax (B(x)->~C(x)) 1
3. F ~Ex (B(x)&C(x)) 1
4. T Ex (B(x)&C(x)) 3
5. T (B(b)->~C(b)) 2
6. T (B(b)&C(b)) 4
7. T B(b) 6
8. T C(b) 6
9.{ F B(b) 5
10. @ 7,9}
11.{ T ~C(b) 5
12. F C(b) 11
13. @ 8,12}
</proof>","1. F Ax (B(x)->~C(x)) -> ~Ex (B(x)&C(x)) conclusion
2. T Ax (B(x)->~C(x)) 1
3. F ~Ex (B(x)&C(x)) 1
4. T Ex (B(x)&C(x)) 3
5. T (B(b)->~C(b)) 2
6. T (B(b)&C(b)) 4
7. T B(b) 6
8. T C(b) 6
9.{ F B(b) 5
10. @ 7,9}
11.{ T ~C(b) 5
12. F C(b) 11
13. @ 8,12}","The following errors were found:

Error in line 6:
6. T (B(b)&C(b)) 4
     ^, The variable used in this formula B(b)&C(b) is not a new variable and therefore cannot be used in this rule.",72.042635679245,stop,1652,2088
|- Ax (B(x)|C(x))->(Ax ~B(x)->Ax C(x)),"[{'role': 'system', 'content': ""\nYou are an expert in logic using the semantic Tableaux method. \nYou will receive a first order logic formula and must prove its validity using the semantic tableau method, represent the proof in a Fitch-like notation, following these formatting instructions:\n\n### FORMAT OF PROOF LINES: \nExpanding proof line must be structured like: '<line_number>. <T_or_F> <formula> <origin>'\n- <line_number>: sequential integer, always ending with a dot ('1.', '2.', '3.', ...)\n- <T_or_F> → T for true formulas, F for false formulas. \n- <formula>: the formula derived on that line\n- <origin> is exactly one of:\n    pre (for premises)\n    conclusion (for the conclusion)\n    a comma-separated list of line numbers indicating the formula(s) used to derive the current line (e.g. '1', '3', '1,3')\n\n### BRANCHING FORMAT \nUse curly braces { and } to open and close branches. \n{ must appear immediately after the line number that opens a branch (e.g. '8.{ F A|B 3') \n} must appear at the end of the line that closes that branch (e.g. '12. @ 5,7}'). Exception: the main (initial) branch does not require a closing }, since it is not opened by {.\nBranches may be nested. But a formula may only be used at a given point if it appeared earlier in the same branch or an outer (enclosing) branch to the current branch. Formulas from closed branches or sibling branches must not be used.\n\n### SYMBOLS \nUse the following symbols for logical operations: \n & = conjunction (and), \n | = disjunction (or), \n ~ = negation (not), \n -> = implication (implies).\n\nQuantifiers symbols:  \n    Ax represents ∀x  \n    Ex represents ∃x\nSo formulas with ∀x and ∃x will be represented by Ax and Ex (A and E followed by the variable x). For example, Ax (H(x)->M(x)) represents ∀x (H(x)→M(x)).\n\n###CONVENTIONS\nAtoms: only uppercase letters not immediately followed by parentesis (e.g. P, Q, R).\nPredicates: uppercase letters immediately followed by parentesis (e.g. H(x), M(y), Q(a,b) ). All predicates must use parentheses.\nVariables: first letter in lowercase, can be followed by letters and numbers (e.g., x, x0, xP0).\n\nWrite only the final proof in <proof>...</proof> tags. Only use <proof>...</proof> tags ONCE. Omit names of the rules. Only use these symbols inside the proof '&' , '->', '~', '|', '@', '(', ')', '{', '}', 'Ax', 'Ex'.\nDo not include explanations, commentary, or extra text inside and outside the <proof>...</proof> tags.\n""}, {'role': 'user', 'content': ""Prove 'Ex P(x), Ax (P(x)->Q(x)) |- Ex Q(x)', using the analytical tableau method. Final answer using the notation described. ""}, {'role': 'assistant', 'content': ' <proof>\n                        1. T Ex P(x) pre\n                        2. T Ax (P(x)->Q(x)) pre\n                        3. F Ex Q(x) conclusion\n                        4. T P(a) 1 \n                        5. T (P(a)->Q(a)) 2 \n                        6. F Q(a) 3 \n                        7.{ F P(a) 5 \n                        8. @ 4,7}    \n                        9.{ T Q(a) 5 \n                        10. @ 6,9}   \n                    </proof>'}, {'role': 'user', 'content': ""Prove 'Ax (P(x)|P(x)) |- Ax P(x)', using the analytical tableau method. Final answer using the notation described.""}, {'role': 'assistant', 'content': ' <proof>\n                            1. T Ax (P(x)|P(x)) pre \n                            2. F Ax P(x) conclusion\n                            3. F P(a) 2          \n                            4. T (P(a)|P(a)) 1   \n                            5.{ T P(a) 4         \n                            6. @ 3,5}            \n                            7.{ T P(a) 4         \n                            8. @ 3,7}            \n                        </proof>'}, {'role': 'user', 'content': ""Prove '|- Ex (D(x)&K(x))->(Ex D(x)|Ex K(x))', using the analytical tableau method. Final answer using the notation described.""}, {'role': 'assistant', 'content': '<proof>\n                            1. F (Ex (D(x)&K(x)) -> (Ex D(x) | Ex K(x))) conclusion\n                            2. T Ex (D(x)&K(x)) 1 \n                            3. F (Ex D(x) | Ex K(x)) 1\n                            4. T (D(a)&K(a)) 2 \n                            5. T D(a) 4 \n                            6. T K(a) 4 \n                            7. F Ex D(x) 3 \n                            8. F Ex K(x) 3 \n                            9. F D(a) 7 \n                            10. @ 5,9 \n                        </proof>'}, {'role': 'user', 'content': ""Prove 'Ax ~(P(x)&~Q(x)), Ax ~Q(x) |- Ax ~P(x)', using the analytical tableau method. Final answer using the notation described.""}, {'role': 'assistant', 'content': '<proof>\n                        1. T Ax ~(P(x)&~Q(x)) pre \n                        2. T Ax ~Q(x) pre \n                        3. F Ax ~P(x) conclusion \n                        4. F ~P(a) 3         \n                        5. T P(a) 4           \n                        6. T ~(P(a)&~Q(a)) 1  \n                        7. T ~Q(a) 2          \n                        8. F (P(a)&~Q(a)) 6   \n                        9.{ F P(a) 8          \n                        10. @ 5,9}           \n                        11.{ F ~Q(a) 8        \n                        12. @ 7,11} \n                    </proof>'}, {'role': 'user', 'content': ""Prove '|- Ex P(x)->~Ax ~P(x)', using the analytical tableau method. Final answer using the notation described.""}, {'role': 'assistant', 'content': '<proof>\n                        1. T Ex (P(x)&~Q(x)) pre \n                        2. F ~Ax (P(x)->Q(x)) conclusion \n                        3. T (P(a)&~Q(a)) 1 \n                        4. T P(a) 3 \n                        5. T ~Q(a) 3 \n                        6. T Ax (P(x)->Q(x)) 2 \n                        7. T (P(a)->Q(a)) 6 \n                        8.{ F P(a) 7 \n                        9. @ 4,8} \n                        10.{ T Q(a) 7 \n                        11. F Q(a) 5  \n                        12. @ 10,11} \n                    </proof>'}, {'role': 'user', 'content': ""Prove'|- Ax (B(x)|C(x))->(Ax ~B(x)->Ax C(x))' using the analytical tableau method. Only one final answer, surrounded by <proof>...</proof>, using the notation described.""}]","<proof>
1. F Ax (B(x)|C(x))->(Ax ~B(x)->Ax C(x)) conclusion
2. T Ax (B(x)|C(x)) 1
3. F (Ax ~B(x)->Ax C(x)) 1
4. T Ax ~B(x) 3
5. F Ax C(x) 3
6. T (B(a)|C(a)) 2
7. T ~B(a) 4
8. F C(c) 5
9. T (B(c)|C(c)) 2
10. T ~B(c) 4
11.{ T B(a) 6
12. @ 7,11}
13.{ T C(a) 6
14.   { T B(c) 9
15.     @ 10,14}
16.   { T C(c) 9
17.     @ 8,16}}
</proof>","1. F Ax (B(x)|C(x))->(Ax ~B(x)->Ax C(x)) conclusion
2. T Ax (B(x)|C(x)) 1
3. F (Ax ~B(x)->Ax C(x)) 1
4. T Ax ~B(x) 3
5. F Ax C(x) 3
6. T (B(a)|C(a)) 2
7. T ~B(a) 4
8. F C(c) 5
9. T (B(c)|C(c)) 2
10. T ~B(c) 4
11.{ T B(a) 6
12. @ 7,11}
13.{ T C(a) 6
14.   { T B(c) 9
15.     @ 10,14}
16.   { T C(c) 9
17.     @ 8,16}}","The following errors were found:

Error in line 12:
12. @ 7,11}
      ^, None of the formulas referenced by the lines contradict the other formula.
Error in line 15:
15.     @ 10,14}
          ^, None of the formulas referenced by the lines contradict the other formula.",154.21212100982666,stop,1652,4353
|- Ex (B(x)->Ay C(y))->(Ax B(x)->Ay C(y)),"[{'role': 'system', 'content': ""\nYou are an expert in logic using the semantic Tableaux method. \nYou will receive a first order logic formula and must prove its validity using the semantic tableau method, represent the proof in a Fitch-like notation, following these formatting instructions:\n\n### FORMAT OF PROOF LINES: \nExpanding proof line must be structured like: '<line_number>. <T_or_F> <formula> <origin>'\n- <line_number>: sequential integer, always ending with a dot ('1.', '2.', '3.', ...)\n- <T_or_F> → T for true formulas, F for false formulas. \n- <formula>: the formula derived on that line\n- <origin> is exactly one of:\n    pre (for premises)\n    conclusion (for the conclusion)\n    a comma-separated list of line numbers indicating the formula(s) used to derive the current line (e.g. '1', '3', '1,3')\n\n### BRANCHING FORMAT \nUse curly braces { and } to open and close branches. \n{ must appear immediately after the line number that opens a branch (e.g. '8.{ F A|B 3') \n} must appear at the end of the line that closes that branch (e.g. '12. @ 5,7}'). Exception: the main (initial) branch does not require a closing }, since it is not opened by {.\nBranches may be nested. But a formula may only be used at a given point if it appeared earlier in the same branch or an outer (enclosing) branch to the current branch. Formulas from closed branches or sibling branches must not be used.\n\n### SYMBOLS \nUse the following symbols for logical operations: \n & = conjunction (and), \n | = disjunction (or), \n ~ = negation (not), \n -> = implication (implies).\n\nQuantifiers symbols:  \n    Ax represents ∀x  \n    Ex represents ∃x\nSo formulas with ∀x and ∃x will be represented by Ax and Ex (A and E followed by the variable x). For example, Ax (H(x)->M(x)) represents ∀x (H(x)→M(x)).\n\n###CONVENTIONS\nAtoms: only uppercase letters not immediately followed by parentesis (e.g. P, Q, R).\nPredicates: uppercase letters immediately followed by parentesis (e.g. H(x), M(y), Q(a,b) ). All predicates must use parentheses.\nVariables: first letter in lowercase, can be followed by letters and numbers (e.g., x, x0, xP0).\n\nWrite only the final proof in <proof>...</proof> tags. Only use <proof>...</proof> tags ONCE. Omit names of the rules. Only use these symbols inside the proof '&' , '->', '~', '|', '@', '(', ')', '{', '}', 'Ax', 'Ex'.\nDo not include explanations, commentary, or extra text inside and outside the <proof>...</proof> tags.\n""}, {'role': 'user', 'content': ""Prove 'Ex P(x), Ax (P(x)->Q(x)) |- Ex Q(x)', using the analytical tableau method. Final answer using the notation described. ""}, {'role': 'assistant', 'content': ' <proof>\n                        1. T Ex P(x) pre\n                        2. T Ax (P(x)->Q(x)) pre\n                        3. F Ex Q(x) conclusion\n                        4. T P(a) 1 \n                        5. T (P(a)->Q(a)) 2 \n                        6. F Q(a) 3 \n                        7.{ F P(a) 5 \n                        8. @ 4,7}    \n                        9.{ T Q(a) 5 \n                        10. @ 6,9}   \n                    </proof>'}, {'role': 'user', 'content': ""Prove 'Ax (P(x)|P(x)) |- Ax P(x)', using the analytical tableau method. Final answer using the notation described.""}, {'role': 'assistant', 'content': ' <proof>\n                            1. T Ax (P(x)|P(x)) pre \n                            2. F Ax P(x) conclusion\n                            3. F P(a) 2          \n                            4. T (P(a)|P(a)) 1   \n                            5.{ T P(a) 4         \n                            6. @ 3,5}            \n                            7.{ T P(a) 4         \n                            8. @ 3,7}            \n                        </proof>'}, {'role': 'user', 'content': ""Prove '|- Ex (D(x)&K(x))->(Ex D(x)|Ex K(x))', using the analytical tableau method. Final answer using the notation described.""}, {'role': 'assistant', 'content': '<proof>\n                            1. F (Ex (D(x)&K(x)) -> (Ex D(x) | Ex K(x))) conclusion\n                            2. T Ex (D(x)&K(x)) 1 \n                            3. F (Ex D(x) | Ex K(x)) 1\n                            4. T (D(a)&K(a)) 2 \n                            5. T D(a) 4 \n                            6. T K(a) 4 \n                            7. F Ex D(x) 3 \n                            8. F Ex K(x) 3 \n                            9. F D(a) 7 \n                            10. @ 5,9 \n                        </proof>'}, {'role': 'user', 'content': ""Prove 'Ax ~(P(x)&~Q(x)), Ax ~Q(x) |- Ax ~P(x)', using the analytical tableau method. Final answer using the notation described.""}, {'role': 'assistant', 'content': '<proof>\n                        1. T Ax ~(P(x)&~Q(x)) pre \n                        2. T Ax ~Q(x) pre \n                        3. F Ax ~P(x) conclusion \n                        4. F ~P(a) 3         \n                        5. T P(a) 4           \n                        6. T ~(P(a)&~Q(a)) 1  \n                        7. T ~Q(a) 2          \n                        8. F (P(a)&~Q(a)) 6   \n                        9.{ F P(a) 8          \n                        10. @ 5,9}           \n                        11.{ F ~Q(a) 8        \n                        12. @ 7,11} \n                    </proof>'}, {'role': 'user', 'content': ""Prove '|- Ex P(x)->~Ax ~P(x)', using the analytical tableau method. Final answer using the notation described.""}, {'role': 'assistant', 'content': '<proof>\n                        1. T Ex (P(x)&~Q(x)) pre \n                        2. F ~Ax (P(x)->Q(x)) conclusion \n                        3. T (P(a)&~Q(a)) 1 \n                        4. T P(a) 3 \n                        5. T ~Q(a) 3 \n                        6. T Ax (P(x)->Q(x)) 2 \n                        7. T (P(a)->Q(a)) 6 \n                        8.{ F P(a) 7 \n                        9. @ 4,8} \n                        10.{ T Q(a) 7 \n                        11. F Q(a) 5  \n                        12. @ 10,11} \n                    </proof>'}, {'role': 'user', 'content': ""Prove'|- Ex (B(x)->Ay C(y))->(Ax B(x)->Ay C(y))' using the analytical tableau method. Only one final answer, surrounded by <proof>...</proof>, using the notation described.""}]","<proof>
1. F (Ex (B(x)->Ay C(y)) -> (Ax B(x) -> Ay C(y))) conclusion
2. T Ex (B(x)->Ay C(y)) 1
3. F (Ax B(x) -> Ay C(y)) 1
4. T Ax B(x) 3
5. F Ay C(y) 3
6. T (B(a)->Ay C(y)) 2
7. T B(a) 4
8. F C(b) 5
9.{ F B(a) 6
10. @ 7,9}
11.{ T Ay C(y) 6
12. T C(b) 11
13. @ 8,12}
</proof>","1. F (Ex (B(x)->Ay C(y)) -> (Ax B(x) -> Ay C(y))) conclusion
2. T Ex (B(x)->Ay C(y)) 1
3. F (Ax B(x) -> Ay C(y)) 1
4. T Ax B(x) 3
5. F Ay C(y) 3
6. T (B(a)->Ay C(y)) 2
7. T B(a) 4
8. F C(b) 5
9.{ F B(a) 6
10. @ 7,9}
11.{ T Ay C(y) 6
12. T C(b) 11
13. @ 8,12}",The proof is valid.,41.71769118309021,stop,1652,1199
|- ~Ex (B(x)&~C(x))->Ax (B(x)->C(x)),"[{'role': 'system', 'content': ""\nYou are an expert in logic using the semantic Tableaux method. \nYou will receive a first order logic formula and must prove its validity using the semantic tableau method, represent the proof in a Fitch-like notation, following these formatting instructions:\n\n### FORMAT OF PROOF LINES: \nExpanding proof line must be structured like: '<line_number>. <T_or_F> <formula> <origin>'\n- <line_number>: sequential integer, always ending with a dot ('1.', '2.', '3.', ...)\n- <T_or_F> → T for true formulas, F for false formulas. \n- <formula>: the formula derived on that line\n- <origin> is exactly one of:\n    pre (for premises)\n    conclusion (for the conclusion)\n    a comma-separated list of line numbers indicating the formula(s) used to derive the current line (e.g. '1', '3', '1,3')\n\n### BRANCHING FORMAT \nUse curly braces { and } to open and close branches. \n{ must appear immediately after the line number that opens a branch (e.g. '8.{ F A|B 3') \n} must appear at the end of the line that closes that branch (e.g. '12. @ 5,7}'). Exception: the main (initial) branch does not require a closing }, since it is not opened by {.\nBranches may be nested. But a formula may only be used at a given point if it appeared earlier in the same branch or an outer (enclosing) branch to the current branch. Formulas from closed branches or sibling branches must not be used.\n\n### SYMBOLS \nUse the following symbols for logical operations: \n & = conjunction (and), \n | = disjunction (or), \n ~ = negation (not), \n -> = implication (implies).\n\nQuantifiers symbols:  \n    Ax represents ∀x  \n    Ex represents ∃x\nSo formulas with ∀x and ∃x will be represented by Ax and Ex (A and E followed by the variable x). For example, Ax (H(x)->M(x)) represents ∀x (H(x)→M(x)).\n\n###CONVENTIONS\nAtoms: only uppercase letters not immediately followed by parentesis (e.g. P, Q, R).\nPredicates: uppercase letters immediately followed by parentesis (e.g. H(x), M(y), Q(a,b) ). All predicates must use parentheses.\nVariables: first letter in lowercase, can be followed by letters and numbers (e.g., x, x0, xP0).\n\nWrite only the final proof in <proof>...</proof> tags. Only use <proof>...</proof> tags ONCE. Omit names of the rules. Only use these symbols inside the proof '&' , '->', '~', '|', '@', '(', ')', '{', '}', 'Ax', 'Ex'.\nDo not include explanations, commentary, or extra text inside and outside the <proof>...</proof> tags.\n""}, {'role': 'user', 'content': ""Prove 'Ex P(x), Ax (P(x)->Q(x)) |- Ex Q(x)', using the analytical tableau method. Final answer using the notation described. ""}, {'role': 'assistant', 'content': ' <proof>\n                        1. T Ex P(x) pre\n                        2. T Ax (P(x)->Q(x)) pre\n                        3. F Ex Q(x) conclusion\n                        4. T P(a) 1 \n                        5. T (P(a)->Q(a)) 2 \n                        6. F Q(a) 3 \n                        7.{ F P(a) 5 \n                        8. @ 4,7}    \n                        9.{ T Q(a) 5 \n                        10. @ 6,9}   \n                    </proof>'}, {'role': 'user', 'content': ""Prove 'Ax (P(x)|P(x)) |- Ax P(x)', using the analytical tableau method. Final answer using the notation described.""}, {'role': 'assistant', 'content': ' <proof>\n                            1. T Ax (P(x)|P(x)) pre \n                            2. F Ax P(x) conclusion\n                            3. F P(a) 2          \n                            4. T (P(a)|P(a)) 1   \n                            5.{ T P(a) 4         \n                            6. @ 3,5}            \n                            7.{ T P(a) 4         \n                            8. @ 3,7}            \n                        </proof>'}, {'role': 'user', 'content': ""Prove '|- Ex (D(x)&K(x))->(Ex D(x)|Ex K(x))', using the analytical tableau method. Final answer using the notation described.""}, {'role': 'assistant', 'content': '<proof>\n                            1. F (Ex (D(x)&K(x)) -> (Ex D(x) | Ex K(x))) conclusion\n                            2. T Ex (D(x)&K(x)) 1 \n                            3. F (Ex D(x) | Ex K(x)) 1\n                            4. T (D(a)&K(a)) 2 \n                            5. T D(a) 4 \n                            6. T K(a) 4 \n                            7. F Ex D(x) 3 \n                            8. F Ex K(x) 3 \n                            9. F D(a) 7 \n                            10. @ 5,9 \n                        </proof>'}, {'role': 'user', 'content': ""Prove 'Ax ~(P(x)&~Q(x)), Ax ~Q(x) |- Ax ~P(x)', using the analytical tableau method. Final answer using the notation described.""}, {'role': 'assistant', 'content': '<proof>\n                        1. T Ax ~(P(x)&~Q(x)) pre \n                        2. T Ax ~Q(x) pre \n                        3. F Ax ~P(x) conclusion \n                        4. F ~P(a) 3         \n                        5. T P(a) 4           \n                        6. T ~(P(a)&~Q(a)) 1  \n                        7. T ~Q(a) 2          \n                        8. F (P(a)&~Q(a)) 6   \n                        9.{ F P(a) 8          \n                        10. @ 5,9}           \n                        11.{ F ~Q(a) 8        \n                        12. @ 7,11} \n                    </proof>'}, {'role': 'user', 'content': ""Prove '|- Ex P(x)->~Ax ~P(x)', using the analytical tableau method. Final answer using the notation described.""}, {'role': 'assistant', 'content': '<proof>\n                        1. T Ex (P(x)&~Q(x)) pre \n                        2. F ~Ax (P(x)->Q(x)) conclusion \n                        3. T (P(a)&~Q(a)) 1 \n                        4. T P(a) 3 \n                        5. T ~Q(a) 3 \n                        6. T Ax (P(x)->Q(x)) 2 \n                        7. T (P(a)->Q(a)) 6 \n                        8.{ F P(a) 7 \n                        9. @ 4,8} \n                        10.{ T Q(a) 7 \n                        11. F Q(a) 5  \n                        12. @ 10,11} \n                    </proof>'}, {'role': 'user', 'content': ""Prove'|- ~Ex (B(x)&~C(x))->Ax (B(x)->C(x))' using the analytical tableau method. Only one final answer, surrounded by <proof>...</proof>, using the notation described.""}]","<proof>
1. F (~Ex (B(x)&~C(x)) -> Ax (B(x)->C(x))) conclusion
2. T ~Ex (B(x)&~C(x)) 1
3. F Ax (B(x)->C(x)) 1
4. F Ex (B(x)&~C(x)) 2
5. F (B(a)->C(a)) 3
6. T B(a) 5
7. F C(a) 5
8. F (B(a)&~C(a)) 4
9.{ F B(a) 8
10. @ 6,9}
11.{ F ~C(a) 8
12. T C(a) 11
13. @ 7,12}
</proof>","1. F (~Ex (B(x)&~C(x)) -> Ax (B(x)->C(x))) conclusion
2. T ~Ex (B(x)&~C(x)) 1
3. F Ax (B(x)->C(x)) 1
4. F Ex (B(x)&~C(x)) 2
5. F (B(a)->C(a)) 3
6. T B(a) 5
7. F C(a) 5
8. F (B(a)&~C(a)) 4
9.{ F B(a) 8
10. @ 6,9}
11.{ F ~C(a) 8
12. T C(a) 11
13. @ 7,12}",The proof is valid.,46.68472838401794,stop,1652,1351
|- Ax (B(x)->(C(x)&D(x)))->(Ax B(x)->Ax C(x)),"[{'role': 'system', 'content': ""\nYou are an expert in logic using the semantic Tableaux method. \nYou will receive a first order logic formula and must prove its validity using the semantic tableau method, represent the proof in a Fitch-like notation, following these formatting instructions:\n\n### FORMAT OF PROOF LINES: \nExpanding proof line must be structured like: '<line_number>. <T_or_F> <formula> <origin>'\n- <line_number>: sequential integer, always ending with a dot ('1.', '2.', '3.', ...)\n- <T_or_F> → T for true formulas, F for false formulas. \n- <formula>: the formula derived on that line\n- <origin> is exactly one of:\n    pre (for premises)\n    conclusion (for the conclusion)\n    a comma-separated list of line numbers indicating the formula(s) used to derive the current line (e.g. '1', '3', '1,3')\n\n### BRANCHING FORMAT \nUse curly braces { and } to open and close branches. \n{ must appear immediately after the line number that opens a branch (e.g. '8.{ F A|B 3') \n} must appear at the end of the line that closes that branch (e.g. '12. @ 5,7}'). Exception: the main (initial) branch does not require a closing }, since it is not opened by {.\nBranches may be nested. But a formula may only be used at a given point if it appeared earlier in the same branch or an outer (enclosing) branch to the current branch. Formulas from closed branches or sibling branches must not be used.\n\n### SYMBOLS \nUse the following symbols for logical operations: \n & = conjunction (and), \n | = disjunction (or), \n ~ = negation (not), \n -> = implication (implies).\n\nQuantifiers symbols:  \n    Ax represents ∀x  \n    Ex represents ∃x\nSo formulas with ∀x and ∃x will be represented by Ax and Ex (A and E followed by the variable x). For example, Ax (H(x)->M(x)) represents ∀x (H(x)→M(x)).\n\n###CONVENTIONS\nAtoms: only uppercase letters not immediately followed by parentesis (e.g. P, Q, R).\nPredicates: uppercase letters immediately followed by parentesis (e.g. H(x), M(y), Q(a,b) ). All predicates must use parentheses.\nVariables: first letter in lowercase, can be followed by letters and numbers (e.g., x, x0, xP0).\n\nWrite only the final proof in <proof>...</proof> tags. Only use <proof>...</proof> tags ONCE. Omit names of the rules. Only use these symbols inside the proof '&' , '->', '~', '|', '@', '(', ')', '{', '}', 'Ax', 'Ex'.\nDo not include explanations, commentary, or extra text inside and outside the <proof>...</proof> tags.\n""}, {'role': 'user', 'content': ""Prove 'Ex P(x), Ax (P(x)->Q(x)) |- Ex Q(x)', using the analytical tableau method. Final answer using the notation described. ""}, {'role': 'assistant', 'content': ' <proof>\n                        1. T Ex P(x) pre\n                        2. T Ax (P(x)->Q(x)) pre\n                        3. F Ex Q(x) conclusion\n                        4. T P(a) 1 \n                        5. T (P(a)->Q(a)) 2 \n                        6. F Q(a) 3 \n                        7.{ F P(a) 5 \n                        8. @ 4,7}    \n                        9.{ T Q(a) 5 \n                        10. @ 6,9}   \n                    </proof>'}, {'role': 'user', 'content': ""Prove 'Ax (P(x)|P(x)) |- Ax P(x)', using the analytical tableau method. Final answer using the notation described.""}, {'role': 'assistant', 'content': ' <proof>\n                            1. T Ax (P(x)|P(x)) pre \n                            2. F Ax P(x) conclusion\n                            3. F P(a) 2          \n                            4. T (P(a)|P(a)) 1   \n                            5.{ T P(a) 4         \n                            6. @ 3,5}            \n                            7.{ T P(a) 4         \n                            8. @ 3,7}            \n                        </proof>'}, {'role': 'user', 'content': ""Prove '|- Ex (D(x)&K(x))->(Ex D(x)|Ex K(x))', using the analytical tableau method. Final answer using the notation described.""}, {'role': 'assistant', 'content': '<proof>\n                            1. F (Ex (D(x)&K(x)) -> (Ex D(x) | Ex K(x))) conclusion\n                            2. T Ex (D(x)&K(x)) 1 \n                            3. F (Ex D(x) | Ex K(x)) 1\n                            4. T (D(a)&K(a)) 2 \n                            5. T D(a) 4 \n                            6. T K(a) 4 \n                            7. F Ex D(x) 3 \n                            8. F Ex K(x) 3 \n                            9. F D(a) 7 \n                            10. @ 5,9 \n                        </proof>'}, {'role': 'user', 'content': ""Prove 'Ax ~(P(x)&~Q(x)), Ax ~Q(x) |- Ax ~P(x)', using the analytical tableau method. Final answer using the notation described.""}, {'role': 'assistant', 'content': '<proof>\n                        1. T Ax ~(P(x)&~Q(x)) pre \n                        2. T Ax ~Q(x) pre \n                        3. F Ax ~P(x) conclusion \n                        4. F ~P(a) 3         \n                        5. T P(a) 4           \n                        6. T ~(P(a)&~Q(a)) 1  \n                        7. T ~Q(a) 2          \n                        8. F (P(a)&~Q(a)) 6   \n                        9.{ F P(a) 8          \n                        10. @ 5,9}           \n                        11.{ F ~Q(a) 8        \n                        12. @ 7,11} \n                    </proof>'}, {'role': 'user', 'content': ""Prove '|- Ex P(x)->~Ax ~P(x)', using the analytical tableau method. Final answer using the notation described.""}, {'role': 'assistant', 'content': '<proof>\n                        1. T Ex (P(x)&~Q(x)) pre \n                        2. F ~Ax (P(x)->Q(x)) conclusion \n                        3. T (P(a)&~Q(a)) 1 \n                        4. T P(a) 3 \n                        5. T ~Q(a) 3 \n                        6. T Ax (P(x)->Q(x)) 2 \n                        7. T (P(a)->Q(a)) 6 \n                        8.{ F P(a) 7 \n                        9. @ 4,8} \n                        10.{ T Q(a) 7 \n                        11. F Q(a) 5  \n                        12. @ 10,11} \n                    </proof>'}, {'role': 'user', 'content': ""Prove'|- Ax (B(x)->(C(x)&D(x)))->(Ax B(x)->Ax C(x))' using the analytical tableau method. Only one final answer, surrounded by <proof>...</proof>, using the notation described.""}]","<proof>
1. F (Ax (B(x)->(C(x)&D(x))) -> (Ax B(x) -> Ax C(x))) conclusion
2. T Ax (B(x)->(C(x)&D(x))) 1
3. F (Ax B(x) -> Ax C(x)) 1
4. T Ax B(x) 3
5. F Ax C(x) 3
6. T B(a) 2
7. T (B(a)->(C(a)&D(a))) 2
8. F C(b) 5
9. T B(b) 4
10.{ F B(a) 7
11. @ 6,10}
12. T (C(a)&D(a)) 7
13. T C(a) 12
14. T D(a) 12
15. T (B(b)->(C(b)&D(b))) 2
16.{ F B(b) 15
17. @ 9,16}
18.{ T (C(b)&D(b)) 15
19. T C(b) 18
20. T D(b) 18
21. @ 8,19}
</proof>","1. F (Ax (B(x)->(C(x)&D(x))) -> (Ax B(x) -> Ax C(x))) conclusion
2. T Ax (B(x)->(C(x)&D(x))) 1
3. F (Ax B(x) -> Ax C(x)) 1
4. T Ax B(x) 3
5. F Ax C(x) 3
6. T B(a) 2
7. T (B(a)->(C(a)&D(a))) 2
8. F C(b) 5
9. T B(b) 4
10.{ F B(a) 7
11. @ 6,10}
12. T (C(a)&D(a)) 7
13. T C(a) 12
14. T D(a) 12
15. T (B(b)->(C(b)&D(b))) 2
16.{ F B(b) 15
17. @ 9,16}
18.{ T (C(b)&D(b)) 15
19. T C(b) 18
20. T D(b) 18
21. @ 8,19}","The following errors were found:

Error in line 12:
12. T (C(a)&D(a)) 7
                  ^, The rule must be a beta-rule.
Error in line 6:
6. T B(a) 2
     ^, Formula B(a) is not a valid substitution for the universal formula referenced in line 2.
Error in line 10:
10.{ F B(a) 7
^, A beta rule must have exactly two branches.
Error in line 16:
16.{ F B(b) 15
^, A beta rule must have exactly two branches.
Error in line 18:
18.{ T (C(b)&D(b)) 15
^, A beta rule must have exactly two branches.",138.07224941253662,stop,1656,3918
|- Ax (Ey B(y)->C(x))->(Ey B(y)->Ax C(x)),"[{'role': 'system', 'content': ""\nYou are an expert in logic using the semantic Tableaux method. \nYou will receive a first order logic formula and must prove its validity using the semantic tableau method, represent the proof in a Fitch-like notation, following these formatting instructions:\n\n### FORMAT OF PROOF LINES: \nExpanding proof line must be structured like: '<line_number>. <T_or_F> <formula> <origin>'\n- <line_number>: sequential integer, always ending with a dot ('1.', '2.', '3.', ...)\n- <T_or_F> → T for true formulas, F for false formulas. \n- <formula>: the formula derived on that line\n- <origin> is exactly one of:\n    pre (for premises)\n    conclusion (for the conclusion)\n    a comma-separated list of line numbers indicating the formula(s) used to derive the current line (e.g. '1', '3', '1,3')\n\n### BRANCHING FORMAT \nUse curly braces { and } to open and close branches. \n{ must appear immediately after the line number that opens a branch (e.g. '8.{ F A|B 3') \n} must appear at the end of the line that closes that branch (e.g. '12. @ 5,7}'). Exception: the main (initial) branch does not require a closing }, since it is not opened by {.\nBranches may be nested. But a formula may only be used at a given point if it appeared earlier in the same branch or an outer (enclosing) branch to the current branch. Formulas from closed branches or sibling branches must not be used.\n\n### SYMBOLS \nUse the following symbols for logical operations: \n & = conjunction (and), \n | = disjunction (or), \n ~ = negation (not), \n -> = implication (implies).\n\nQuantifiers symbols:  \n    Ax represents ∀x  \n    Ex represents ∃x\nSo formulas with ∀x and ∃x will be represented by Ax and Ex (A and E followed by the variable x). For example, Ax (H(x)->M(x)) represents ∀x (H(x)→M(x)).\n\n###CONVENTIONS\nAtoms: only uppercase letters not immediately followed by parentesis (e.g. P, Q, R).\nPredicates: uppercase letters immediately followed by parentesis (e.g. H(x), M(y), Q(a,b) ). All predicates must use parentheses.\nVariables: first letter in lowercase, can be followed by letters and numbers (e.g., x, x0, xP0).\n\nWrite only the final proof in <proof>...</proof> tags. Only use <proof>...</proof> tags ONCE. Omit names of the rules. Only use these symbols inside the proof '&' , '->', '~', '|', '@', '(', ')', '{', '}', 'Ax', 'Ex'.\nDo not include explanations, commentary, or extra text inside and outside the <proof>...</proof> tags.\n""}, {'role': 'user', 'content': ""Prove 'Ex P(x), Ax (P(x)->Q(x)) |- Ex Q(x)', using the analytical tableau method. Final answer using the notation described. ""}, {'role': 'assistant', 'content': ' <proof>\n                        1. T Ex P(x) pre\n                        2. T Ax (P(x)->Q(x)) pre\n                        3. F Ex Q(x) conclusion\n                        4. T P(a) 1 \n                        5. T (P(a)->Q(a)) 2 \n                        6. F Q(a) 3 \n                        7.{ F P(a) 5 \n                        8. @ 4,7}    \n                        9.{ T Q(a) 5 \n                        10. @ 6,9}   \n                    </proof>'}, {'role': 'user', 'content': ""Prove 'Ax (P(x)|P(x)) |- Ax P(x)', using the analytical tableau method. Final answer using the notation described.""}, {'role': 'assistant', 'content': ' <proof>\n                            1. T Ax (P(x)|P(x)) pre \n                            2. F Ax P(x) conclusion\n                            3. F P(a) 2          \n                            4. T (P(a)|P(a)) 1   \n                            5.{ T P(a) 4         \n                            6. @ 3,5}            \n                            7.{ T P(a) 4         \n                            8. @ 3,7}            \n                        </proof>'}, {'role': 'user', 'content': ""Prove '|- Ex (D(x)&K(x))->(Ex D(x)|Ex K(x))', using the analytical tableau method. Final answer using the notation described.""}, {'role': 'assistant', 'content': '<proof>\n                            1. F (Ex (D(x)&K(x)) -> (Ex D(x) | Ex K(x))) conclusion\n                            2. T Ex (D(x)&K(x)) 1 \n                            3. F (Ex D(x) | Ex K(x)) 1\n                            4. T (D(a)&K(a)) 2 \n                            5. T D(a) 4 \n                            6. T K(a) 4 \n                            7. F Ex D(x) 3 \n                            8. F Ex K(x) 3 \n                            9. F D(a) 7 \n                            10. @ 5,9 \n                        </proof>'}, {'role': 'user', 'content': ""Prove 'Ax ~(P(x)&~Q(x)), Ax ~Q(x) |- Ax ~P(x)', using the analytical tableau method. Final answer using the notation described.""}, {'role': 'assistant', 'content': '<proof>\n                        1. T Ax ~(P(x)&~Q(x)) pre \n                        2. T Ax ~Q(x) pre \n                        3. F Ax ~P(x) conclusion \n                        4. F ~P(a) 3         \n                        5. T P(a) 4           \n                        6. T ~(P(a)&~Q(a)) 1  \n                        7. T ~Q(a) 2          \n                        8. F (P(a)&~Q(a)) 6   \n                        9.{ F P(a) 8          \n                        10. @ 5,9}           \n                        11.{ F ~Q(a) 8        \n                        12. @ 7,11} \n                    </proof>'}, {'role': 'user', 'content': ""Prove '|- Ex P(x)->~Ax ~P(x)', using the analytical tableau method. Final answer using the notation described.""}, {'role': 'assistant', 'content': '<proof>\n                        1. T Ex (P(x)&~Q(x)) pre \n                        2. F ~Ax (P(x)->Q(x)) conclusion \n                        3. T (P(a)&~Q(a)) 1 \n                        4. T P(a) 3 \n                        5. T ~Q(a) 3 \n                        6. T Ax (P(x)->Q(x)) 2 \n                        7. T (P(a)->Q(a)) 6 \n                        8.{ F P(a) 7 \n                        9. @ 4,8} \n                        10.{ T Q(a) 7 \n                        11. F Q(a) 5  \n                        12. @ 10,11} \n                    </proof>'}, {'role': 'user', 'content': ""Prove'|- Ax (Ey B(y)->C(x))->(Ey B(y)->Ax C(x))' using the analytical tableau method. Only one final answer, surrounded by <proof>...</proof>, using the notation described.""}]","<proof>
1. F Ax (Ey B(y)->C(x)) -> (Ey B(y) -> Ax C(x)) conclusion
2. T Ax (Ey B(y)->C(x)) 1
3. F (Ey B(y) -> Ax C(x)) 1
4. T (Ey B(y) -> C(a)) 2
5. T Ey B(y) 3
6. F Ax C(x) 3
7. F C(b) 6
8.{ F Ey B(y) 4
9. @ 5,8}
10.{ T C(a) 4
11. T (Ey B(y) -> C(b)) 2
12.{ F Ey B(y) 11
13. @ 5,12}
14.{ T C(b) 11
15. @ 7,14}}
</proof>","1. F Ax (Ey B(y)->C(x)) -> (Ey B(y) -> Ax C(x)) conclusion
2. T Ax (Ey B(y)->C(x)) 1
3. F (Ey B(y) -> Ax C(x)) 1
4. T (Ey B(y) -> C(a)) 2
5. T Ey B(y) 3
6. F Ax C(x) 3
7. F C(b) 6
8.{ F Ey B(y) 4
9. @ 5,8}
10.{ T C(a) 4
11. T (Ey B(y) -> C(b)) 2
12.{ F Ey B(y) 11
13. @ 5,12}
14.{ T C(b) 11
15. @ 7,14}}",The proof is valid.,83.74809646606445,stop,1652,2313
|- (Ax B(x)|Ax C(x))->Ax (B(x)|C(x)),"[{'role': 'system', 'content': ""\nYou are an expert in logic using the semantic Tableaux method. \nYou will receive a first order logic formula and must prove its validity using the semantic tableau method, represent the proof in a Fitch-like notation, following these formatting instructions:\n\n### FORMAT OF PROOF LINES: \nExpanding proof line must be structured like: '<line_number>. <T_or_F> <formula> <origin>'\n- <line_number>: sequential integer, always ending with a dot ('1.', '2.', '3.', ...)\n- <T_or_F> → T for true formulas, F for false formulas. \n- <formula>: the formula derived on that line\n- <origin> is exactly one of:\n    pre (for premises)\n    conclusion (for the conclusion)\n    a comma-separated list of line numbers indicating the formula(s) used to derive the current line (e.g. '1', '3', '1,3')\n\n### BRANCHING FORMAT \nUse curly braces { and } to open and close branches. \n{ must appear immediately after the line number that opens a branch (e.g. '8.{ F A|B 3') \n} must appear at the end of the line that closes that branch (e.g. '12. @ 5,7}'). Exception: the main (initial) branch does not require a closing }, since it is not opened by {.\nBranches may be nested. But a formula may only be used at a given point if it appeared earlier in the same branch or an outer (enclosing) branch to the current branch. Formulas from closed branches or sibling branches must not be used.\n\n### SYMBOLS \nUse the following symbols for logical operations: \n & = conjunction (and), \n | = disjunction (or), \n ~ = negation (not), \n -> = implication (implies).\n\nQuantifiers symbols:  \n    Ax represents ∀x  \n    Ex represents ∃x\nSo formulas with ∀x and ∃x will be represented by Ax and Ex (A and E followed by the variable x). For example, Ax (H(x)->M(x)) represents ∀x (H(x)→M(x)).\n\n###CONVENTIONS\nAtoms: only uppercase letters not immediately followed by parentesis (e.g. P, Q, R).\nPredicates: uppercase letters immediately followed by parentesis (e.g. H(x), M(y), Q(a,b) ). All predicates must use parentheses.\nVariables: first letter in lowercase, can be followed by letters and numbers (e.g., x, x0, xP0).\n\nWrite only the final proof in <proof>...</proof> tags. Only use <proof>...</proof> tags ONCE. Omit names of the rules. Only use these symbols inside the proof '&' , '->', '~', '|', '@', '(', ')', '{', '}', 'Ax', 'Ex'.\nDo not include explanations, commentary, or extra text inside and outside the <proof>...</proof> tags.\n""}, {'role': 'user', 'content': ""Prove 'Ex P(x), Ax (P(x)->Q(x)) |- Ex Q(x)', using the analytical tableau method. Final answer using the notation described. ""}, {'role': 'assistant', 'content': ' <proof>\n                        1. T Ex P(x) pre\n                        2. T Ax (P(x)->Q(x)) pre\n                        3. F Ex Q(x) conclusion\n                        4. T P(a) 1 \n                        5. T (P(a)->Q(a)) 2 \n                        6. F Q(a) 3 \n                        7.{ F P(a) 5 \n                        8. @ 4,7}    \n                        9.{ T Q(a) 5 \n                        10. @ 6,9}   \n                    </proof>'}, {'role': 'user', 'content': ""Prove 'Ax (P(x)|P(x)) |- Ax P(x)', using the analytical tableau method. Final answer using the notation described.""}, {'role': 'assistant', 'content': ' <proof>\n                            1. T Ax (P(x)|P(x)) pre \n                            2. F Ax P(x) conclusion\n                            3. F P(a) 2          \n                            4. T (P(a)|P(a)) 1   \n                            5.{ T P(a) 4         \n                            6. @ 3,5}            \n                            7.{ T P(a) 4         \n                            8. @ 3,7}            \n                        </proof>'}, {'role': 'user', 'content': ""Prove '|- Ex (D(x)&K(x))->(Ex D(x)|Ex K(x))', using the analytical tableau method. Final answer using the notation described.""}, {'role': 'assistant', 'content': '<proof>\n                            1. F (Ex (D(x)&K(x)) -> (Ex D(x) | Ex K(x))) conclusion\n                            2. T Ex (D(x)&K(x)) 1 \n                            3. F (Ex D(x) | Ex K(x)) 1\n                            4. T (D(a)&K(a)) 2 \n                            5. T D(a) 4 \n                            6. T K(a) 4 \n                            7. F Ex D(x) 3 \n                            8. F Ex K(x) 3 \n                            9. F D(a) 7 \n                            10. @ 5,9 \n                        </proof>'}, {'role': 'user', 'content': ""Prove 'Ax ~(P(x)&~Q(x)), Ax ~Q(x) |- Ax ~P(x)', using the analytical tableau method. Final answer using the notation described.""}, {'role': 'assistant', 'content': '<proof>\n                        1. T Ax ~(P(x)&~Q(x)) pre \n                        2. T Ax ~Q(x) pre \n                        3. F Ax ~P(x) conclusion \n                        4. F ~P(a) 3         \n                        5. T P(a) 4           \n                        6. T ~(P(a)&~Q(a)) 1  \n                        7. T ~Q(a) 2          \n                        8. F (P(a)&~Q(a)) 6   \n                        9.{ F P(a) 8          \n                        10. @ 5,9}           \n                        11.{ F ~Q(a) 8        \n                        12. @ 7,11} \n                    </proof>'}, {'role': 'user', 'content': ""Prove '|- Ex P(x)->~Ax ~P(x)', using the analytical tableau method. Final answer using the notation described.""}, {'role': 'assistant', 'content': '<proof>\n                        1. T Ex (P(x)&~Q(x)) pre \n                        2. F ~Ax (P(x)->Q(x)) conclusion \n                        3. T (P(a)&~Q(a)) 1 \n                        4. T P(a) 3 \n                        5. T ~Q(a) 3 \n                        6. T Ax (P(x)->Q(x)) 2 \n                        7. T (P(a)->Q(a)) 6 \n                        8.{ F P(a) 7 \n                        9. @ 4,8} \n                        10.{ T Q(a) 7 \n                        11. F Q(a) 5  \n                        12. @ 10,11} \n                    </proof>'}, {'role': 'user', 'content': ""Prove'|- (Ax B(x)|Ax C(x))->Ax (B(x)|C(x))' using the analytical tableau method. Only one final answer, surrounded by <proof>...</proof>, using the notation described.""}]","<proof>
1. F (Ax B(x)|Ax C(x))->Ax (B(x)|C(x)) conclusion
2. T (Ax B(x)|Ax C(x)) 1
3. F Ax (B(x)|C(x)) 1
4. F (B(a)|C(a)) 3
5.{ T Ax B(x) 2
6. T B(a) 5
7. F B(a) 4
8. @ 6,7}
9.{ T Ax C(x) 2
10. T C(a) 9
11. F C(a) 4
12. @ 10,11}
</proof>","1. F (Ax B(x)|Ax C(x))->Ax (B(x)|C(x)) conclusion
2. T (Ax B(x)|Ax C(x)) 1
3. F Ax (B(x)|C(x)) 1
4. F (B(a)|C(a)) 3
5.{ T Ax B(x) 2
6. T B(a) 5
7. F B(a) 4
8. @ 6,7}
9.{ T Ax C(x) 2
10. T C(a) 9
11. F C(a) 4
12. @ 10,11}","The following errors were found:

Error in line 7:
7. F B(a) 4
^, The next line should be the rule |F with the formula C(a).
Error in line 11:
11. F C(a) 4
^, The previous line should be the |F rule with the formula B(a).",39.34936785697937,stop,1651,1146
|- Ex (B(x)&C(x))->Ex B(x),"[{'role': 'system', 'content': ""\nYou are an expert in logic using the semantic Tableaux method. \nYou will receive a first order logic formula and must prove its validity using the semantic tableau method, represent the proof in a Fitch-like notation, following these formatting instructions:\n\n### FORMAT OF PROOF LINES: \nExpanding proof line must be structured like: '<line_number>. <T_or_F> <formula> <origin>'\n- <line_number>: sequential integer, always ending with a dot ('1.', '2.', '3.', ...)\n- <T_or_F> → T for true formulas, F for false formulas. \n- <formula>: the formula derived on that line\n- <origin> is exactly one of:\n    pre (for premises)\n    conclusion (for the conclusion)\n    a comma-separated list of line numbers indicating the formula(s) used to derive the current line (e.g. '1', '3', '1,3')\n\n### BRANCHING FORMAT \nUse curly braces { and } to open and close branches. \n{ must appear immediately after the line number that opens a branch (e.g. '8.{ F A|B 3') \n} must appear at the end of the line that closes that branch (e.g. '12. @ 5,7}'). Exception: the main (initial) branch does not require a closing }, since it is not opened by {.\nBranches may be nested. But a formula may only be used at a given point if it appeared earlier in the same branch or an outer (enclosing) branch to the current branch. Formulas from closed branches or sibling branches must not be used.\n\n### SYMBOLS \nUse the following symbols for logical operations: \n & = conjunction (and), \n | = disjunction (or), \n ~ = negation (not), \n -> = implication (implies).\n\nQuantifiers symbols:  \n    Ax represents ∀x  \n    Ex represents ∃x\nSo formulas with ∀x and ∃x will be represented by Ax and Ex (A and E followed by the variable x). For example, Ax (H(x)->M(x)) represents ∀x (H(x)→M(x)).\n\n###CONVENTIONS\nAtoms: only uppercase letters not immediately followed by parentesis (e.g. P, Q, R).\nPredicates: uppercase letters immediately followed by parentesis (e.g. H(x), M(y), Q(a,b) ). All predicates must use parentheses.\nVariables: first letter in lowercase, can be followed by letters and numbers (e.g., x, x0, xP0).\n\nWrite only the final proof in <proof>...</proof> tags. Only use <proof>...</proof> tags ONCE. Omit names of the rules. Only use these symbols inside the proof '&' , '->', '~', '|', '@', '(', ')', '{', '}', 'Ax', 'Ex'.\nDo not include explanations, commentary, or extra text inside and outside the <proof>...</proof> tags.\n""}, {'role': 'user', 'content': ""Prove 'Ex P(x), Ax (P(x)->Q(x)) |- Ex Q(x)', using the analytical tableau method. Final answer using the notation described. ""}, {'role': 'assistant', 'content': ' <proof>\n                        1. T Ex P(x) pre\n                        2. T Ax (P(x)->Q(x)) pre\n                        3. F Ex Q(x) conclusion\n                        4. T P(a) 1 \n                        5. T (P(a)->Q(a)) 2 \n                        6. F Q(a) 3 \n                        7.{ F P(a) 5 \n                        8. @ 4,7}    \n                        9.{ T Q(a) 5 \n                        10. @ 6,9}   \n                    </proof>'}, {'role': 'user', 'content': ""Prove 'Ax (P(x)|P(x)) |- Ax P(x)', using the analytical tableau method. Final answer using the notation described.""}, {'role': 'assistant', 'content': ' <proof>\n                            1. T Ax (P(x)|P(x)) pre \n                            2. F Ax P(x) conclusion\n                            3. F P(a) 2          \n                            4. T (P(a)|P(a)) 1   \n                            5.{ T P(a) 4         \n                            6. @ 3,5}            \n                            7.{ T P(a) 4         \n                            8. @ 3,7}            \n                        </proof>'}, {'role': 'user', 'content': ""Prove '|- Ex (D(x)&K(x))->(Ex D(x)|Ex K(x))', using the analytical tableau method. Final answer using the notation described.""}, {'role': 'assistant', 'content': '<proof>\n                            1. F (Ex (D(x)&K(x)) -> (Ex D(x) | Ex K(x))) conclusion\n                            2. T Ex (D(x)&K(x)) 1 \n                            3. F (Ex D(x) | Ex K(x)) 1\n                            4. T (D(a)&K(a)) 2 \n                            5. T D(a) 4 \n                            6. T K(a) 4 \n                            7. F Ex D(x) 3 \n                            8. F Ex K(x) 3 \n                            9. F D(a) 7 \n                            10. @ 5,9 \n                        </proof>'}, {'role': 'user', 'content': ""Prove 'Ax ~(P(x)&~Q(x)), Ax ~Q(x) |- Ax ~P(x)', using the analytical tableau method. Final answer using the notation described.""}, {'role': 'assistant', 'content': '<proof>\n                        1. T Ax ~(P(x)&~Q(x)) pre \n                        2. T Ax ~Q(x) pre \n                        3. F Ax ~P(x) conclusion \n                        4. F ~P(a) 3         \n                        5. T P(a) 4           \n                        6. T ~(P(a)&~Q(a)) 1  \n                        7. T ~Q(a) 2          \n                        8. F (P(a)&~Q(a)) 6   \n                        9.{ F P(a) 8          \n                        10. @ 5,9}           \n                        11.{ F ~Q(a) 8        \n                        12. @ 7,11} \n                    </proof>'}, {'role': 'user', 'content': ""Prove '|- Ex P(x)->~Ax ~P(x)', using the analytical tableau method. Final answer using the notation described.""}, {'role': 'assistant', 'content': '<proof>\n                        1. T Ex (P(x)&~Q(x)) pre \n                        2. F ~Ax (P(x)->Q(x)) conclusion \n                        3. T (P(a)&~Q(a)) 1 \n                        4. T P(a) 3 \n                        5. T ~Q(a) 3 \n                        6. T Ax (P(x)->Q(x)) 2 \n                        7. T (P(a)->Q(a)) 6 \n                        8.{ F P(a) 7 \n                        9. @ 4,8} \n                        10.{ T Q(a) 7 \n                        11. F Q(a) 5  \n                        12. @ 10,11} \n                    </proof>'}, {'role': 'user', 'content': ""Prove'|- Ex (B(x)&C(x))->Ex B(x)' using the analytical tableau method. Only one final answer, surrounded by <proof>...</proof>, using the notation described.""}]","<proof>
1. F (Ex (B(x)&C(x)) -> Ex B(x)) conclusion
2. T Ex (B(x)&C(x)) 1
3. F Ex B(x) 1
4. T (B(a)&C(a)) 2
5. T B(a) 4
6. T C(a) 4
7. F B(a) 3
8. @ 5,7
</proof>","1. F (Ex (B(x)&C(x)) -> Ex B(x)) conclusion
2. T Ex (B(x)&C(x)) 1
3. F Ex B(x) 1
4. T (B(a)&C(a)) 2
5. T B(a) 4
6. T C(a) 4
7. F B(a) 3
8. @ 5,7",The proof is valid.,39.92241621017456,stop,1645,1146
"Ax (B(x)->C(x)), Ax B(x) |- Ax C(x)","[{'role': 'system', 'content': ""\nYou are an expert in logic using the semantic Tableaux method. \nYou will receive a first order logic formula and must prove its validity using the semantic tableau method, represent the proof in a Fitch-like notation, following these formatting instructions:\n\n### FORMAT OF PROOF LINES: \nExpanding proof line must be structured like: '<line_number>. <T_or_F> <formula> <origin>'\n- <line_number>: sequential integer, always ending with a dot ('1.', '2.', '3.', ...)\n- <T_or_F> → T for true formulas, F for false formulas. \n- <formula>: the formula derived on that line\n- <origin> is exactly one of:\n    pre (for premises)\n    conclusion (for the conclusion)\n    a comma-separated list of line numbers indicating the formula(s) used to derive the current line (e.g. '1', '3', '1,3')\n\n### BRANCHING FORMAT \nUse curly braces { and } to open and close branches. \n{ must appear immediately after the line number that opens a branch (e.g. '8.{ F A|B 3') \n} must appear at the end of the line that closes that branch (e.g. '12. @ 5,7}'). Exception: the main (initial) branch does not require a closing }, since it is not opened by {.\nBranches may be nested. But a formula may only be used at a given point if it appeared earlier in the same branch or an outer (enclosing) branch to the current branch. Formulas from closed branches or sibling branches must not be used.\n\n### SYMBOLS \nUse the following symbols for logical operations: \n & = conjunction (and), \n | = disjunction (or), \n ~ = negation (not), \n -> = implication (implies).\n\nQuantifiers symbols:  \n    Ax represents ∀x  \n    Ex represents ∃x\nSo formulas with ∀x and ∃x will be represented by Ax and Ex (A and E followed by the variable x). For example, Ax (H(x)->M(x)) represents ∀x (H(x)→M(x)).\n\n###CONVENTIONS\nAtoms: only uppercase letters not immediately followed by parentesis (e.g. P, Q, R).\nPredicates: uppercase letters immediately followed by parentesis (e.g. H(x), M(y), Q(a,b) ). All predicates must use parentheses.\nVariables: first letter in lowercase, can be followed by letters and numbers (e.g., x, x0, xP0).\n\nWrite only the final proof in <proof>...</proof> tags. Only use <proof>...</proof> tags ONCE. Omit names of the rules. Only use these symbols inside the proof '&' , '->', '~', '|', '@', '(', ')', '{', '}', 'Ax', 'Ex'.\nDo not include explanations, commentary, or extra text inside and outside the <proof>...</proof> tags.\n""}, {'role': 'user', 'content': ""Prove 'Ex P(x), Ax (P(x)->Q(x)) |- Ex Q(x)', using the analytical tableau method. Final answer using the notation described. ""}, {'role': 'assistant', 'content': ' <proof>\n                        1. T Ex P(x) pre\n                        2. T Ax (P(x)->Q(x)) pre\n                        3. F Ex Q(x) conclusion\n                        4. T P(a) 1 \n                        5. T (P(a)->Q(a)) 2 \n                        6. F Q(a) 3 \n                        7.{ F P(a) 5 \n                        8. @ 4,7}    \n                        9.{ T Q(a) 5 \n                        10. @ 6,9}   \n                    </proof>'}, {'role': 'user', 'content': ""Prove 'Ax (P(x)|P(x)) |- Ax P(x)', using the analytical tableau method. Final answer using the notation described.""}, {'role': 'assistant', 'content': ' <proof>\n                            1. T Ax (P(x)|P(x)) pre \n                            2. F Ax P(x) conclusion\n                            3. F P(a) 2          \n                            4. T (P(a)|P(a)) 1   \n                            5.{ T P(a) 4         \n                            6. @ 3,5}            \n                            7.{ T P(a) 4         \n                            8. @ 3,7}            \n                        </proof>'}, {'role': 'user', 'content': ""Prove '|- Ex (D(x)&K(x))->(Ex D(x)|Ex K(x))', using the analytical tableau method. Final answer using the notation described.""}, {'role': 'assistant', 'content': '<proof>\n                            1. F (Ex (D(x)&K(x)) -> (Ex D(x) | Ex K(x))) conclusion\n                            2. T Ex (D(x)&K(x)) 1 \n                            3. F (Ex D(x) | Ex K(x)) 1\n                            4. T (D(a)&K(a)) 2 \n                            5. T D(a) 4 \n                            6. T K(a) 4 \n                            7. F Ex D(x) 3 \n                            8. F Ex K(x) 3 \n                            9. F D(a) 7 \n                            10. @ 5,9 \n                        </proof>'}, {'role': 'user', 'content': ""Prove 'Ax ~(P(x)&~Q(x)), Ax ~Q(x) |- Ax ~P(x)', using the analytical tableau method. Final answer using the notation described.""}, {'role': 'assistant', 'content': '<proof>\n                        1. T Ax ~(P(x)&~Q(x)) pre \n                        2. T Ax ~Q(x) pre \n                        3. F Ax ~P(x) conclusion \n                        4. F ~P(a) 3         \n                        5. T P(a) 4           \n                        6. T ~(P(a)&~Q(a)) 1  \n                        7. T ~Q(a) 2          \n                        8. F (P(a)&~Q(a)) 6   \n                        9.{ F P(a) 8          \n                        10. @ 5,9}           \n                        11.{ F ~Q(a) 8        \n                        12. @ 7,11} \n                    </proof>'}, {'role': 'user', 'content': ""Prove '|- Ex P(x)->~Ax ~P(x)', using the analytical tableau method. Final answer using the notation described.""}, {'role': 'assistant', 'content': '<proof>\n                        1. T Ex (P(x)&~Q(x)) pre \n                        2. F ~Ax (P(x)->Q(x)) conclusion \n                        3. T (P(a)&~Q(a)) 1 \n                        4. T P(a) 3 \n                        5. T ~Q(a) 3 \n                        6. T Ax (P(x)->Q(x)) 2 \n                        7. T (P(a)->Q(a)) 6 \n                        8.{ F P(a) 7 \n                        9. @ 4,8} \n                        10.{ T Q(a) 7 \n                        11. F Q(a) 5  \n                        12. @ 10,11} \n                    </proof>'}, {'role': 'user', 'content': ""Prove'Ax (B(x)->C(x)), Ax B(x) |- Ax C(x)' using the analytical tableau method. Only one final answer, surrounded by <proof>...</proof>, using the notation described.""}]","<proof>
1. T Ax (B(x)->C(x)) pre
2. T Ax B(x) pre
3. F Ax C(x) conclusion
4. F C(a) 3
5. T B(a) 2
6. T (B(a)->C(a)) 1
7.{ F B(a) 6
8. @ 5,7}
9.{ T C(a) 6
10. @ 4,9}
</proof>","1. T Ax (B(x)->C(x)) pre
2. T Ax B(x) pre
3. F Ax C(x) conclusion
4. F C(a) 3
5. T B(a) 2
6. T (B(a)->C(a)) 1
7.{ F B(a) 6
8. @ 5,7}
9.{ T C(a) 6
10. @ 4,9}",The proof is valid.,33.316537380218506,stop,1649,970
"Ax (B(x)->C(x)), Ax (C(x)->D(x)) |- Ex (B(x)&F(x))->Ex (D(x)&F(x))","[{'role': 'system', 'content': ""\nYou are an expert in logic using the semantic Tableaux method. \nYou will receive a first order logic formula and must prove its validity using the semantic tableau method, represent the proof in a Fitch-like notation, following these formatting instructions:\n\n### FORMAT OF PROOF LINES: \nExpanding proof line must be structured like: '<line_number>. <T_or_F> <formula> <origin>'\n- <line_number>: sequential integer, always ending with a dot ('1.', '2.', '3.', ...)\n- <T_or_F> → T for true formulas, F for false formulas. \n- <formula>: the formula derived on that line\n- <origin> is exactly one of:\n    pre (for premises)\n    conclusion (for the conclusion)\n    a comma-separated list of line numbers indicating the formula(s) used to derive the current line (e.g. '1', '3', '1,3')\n\n### BRANCHING FORMAT \nUse curly braces { and } to open and close branches. \n{ must appear immediately after the line number that opens a branch (e.g. '8.{ F A|B 3') \n} must appear at the end of the line that closes that branch (e.g. '12. @ 5,7}'). Exception: the main (initial) branch does not require a closing }, since it is not opened by {.\nBranches may be nested. But a formula may only be used at a given point if it appeared earlier in the same branch or an outer (enclosing) branch to the current branch. Formulas from closed branches or sibling branches must not be used.\n\n### SYMBOLS \nUse the following symbols for logical operations: \n & = conjunction (and), \n | = disjunction (or), \n ~ = negation (not), \n -> = implication (implies).\n\nQuantifiers symbols:  \n    Ax represents ∀x  \n    Ex represents ∃x\nSo formulas with ∀x and ∃x will be represented by Ax and Ex (A and E followed by the variable x). For example, Ax (H(x)->M(x)) represents ∀x (H(x)→M(x)).\n\n###CONVENTIONS\nAtoms: only uppercase letters not immediately followed by parentesis (e.g. P, Q, R).\nPredicates: uppercase letters immediately followed by parentesis (e.g. H(x), M(y), Q(a,b) ). All predicates must use parentheses.\nVariables: first letter in lowercase, can be followed by letters and numbers (e.g., x, x0, xP0).\n\nWrite only the final proof in <proof>...</proof> tags. Only use <proof>...</proof> tags ONCE. Omit names of the rules. Only use these symbols inside the proof '&' , '->', '~', '|', '@', '(', ')', '{', '}', 'Ax', 'Ex'.\nDo not include explanations, commentary, or extra text inside and outside the <proof>...</proof> tags.\n""}, {'role': 'user', 'content': ""Prove 'Ex P(x), Ax (P(x)->Q(x)) |- Ex Q(x)', using the analytical tableau method. Final answer using the notation described. ""}, {'role': 'assistant', 'content': ' <proof>\n                        1. T Ex P(x) pre\n                        2. T Ax (P(x)->Q(x)) pre\n                        3. F Ex Q(x) conclusion\n                        4. T P(a) 1 \n                        5. T (P(a)->Q(a)) 2 \n                        6. F Q(a) 3 \n                        7.{ F P(a) 5 \n                        8. @ 4,7}    \n                        9.{ T Q(a) 5 \n                        10. @ 6,9}   \n                    </proof>'}, {'role': 'user', 'content': ""Prove 'Ax (P(x)|P(x)) |- Ax P(x)', using the analytical tableau method. Final answer using the notation described.""}, {'role': 'assistant', 'content': ' <proof>\n                            1. T Ax (P(x)|P(x)) pre \n                            2. F Ax P(x) conclusion\n                            3. F P(a) 2          \n                            4. T (P(a)|P(a)) 1   \n                            5.{ T P(a) 4         \n                            6. @ 3,5}            \n                            7.{ T P(a) 4         \n                            8. @ 3,7}            \n                        </proof>'}, {'role': 'user', 'content': ""Prove '|- Ex (D(x)&K(x))->(Ex D(x)|Ex K(x))', using the analytical tableau method. Final answer using the notation described.""}, {'role': 'assistant', 'content': '<proof>\n                            1. F (Ex (D(x)&K(x)) -> (Ex D(x) | Ex K(x))) conclusion\n                            2. T Ex (D(x)&K(x)) 1 \n                            3. F (Ex D(x) | Ex K(x)) 1\n                            4. T (D(a)&K(a)) 2 \n                            5. T D(a) 4 \n                            6. T K(a) 4 \n                            7. F Ex D(x) 3 \n                            8. F Ex K(x) 3 \n                            9. F D(a) 7 \n                            10. @ 5,9 \n                        </proof>'}, {'role': 'user', 'content': ""Prove 'Ax ~(P(x)&~Q(x)), Ax ~Q(x) |- Ax ~P(x)', using the analytical tableau method. Final answer using the notation described.""}, {'role': 'assistant', 'content': '<proof>\n                        1. T Ax ~(P(x)&~Q(x)) pre \n                        2. T Ax ~Q(x) pre \n                        3. F Ax ~P(x) conclusion \n                        4. F ~P(a) 3         \n                        5. T P(a) 4           \n                        6. T ~(P(a)&~Q(a)) 1  \n                        7. T ~Q(a) 2          \n                        8. F (P(a)&~Q(a)) 6   \n                        9.{ F P(a) 8          \n                        10. @ 5,9}           \n                        11.{ F ~Q(a) 8        \n                        12. @ 7,11} \n                    </proof>'}, {'role': 'user', 'content': ""Prove '|- Ex P(x)->~Ax ~P(x)', using the analytical tableau method. Final answer using the notation described.""}, {'role': 'assistant', 'content': '<proof>\n                        1. T Ex (P(x)&~Q(x)) pre \n                        2. F ~Ax (P(x)->Q(x)) conclusion \n                        3. T (P(a)&~Q(a)) 1 \n                        4. T P(a) 3 \n                        5. T ~Q(a) 3 \n                        6. T Ax (P(x)->Q(x)) 2 \n                        7. T (P(a)->Q(a)) 6 \n                        8.{ F P(a) 7 \n                        9. @ 4,8} \n                        10.{ T Q(a) 7 \n                        11. F Q(a) 5  \n                        12. @ 10,11} \n                    </proof>'}, {'role': 'user', 'content': ""Prove'Ax (B(x)->C(x)), Ax (C(x)->D(x)) |- Ex (B(x)&F(x))->Ex (D(x)&F(x))' using the analytical tableau method. Only one final answer, surrounded by <proof>...</proof>, using the notation described.""}]","<proof>
1. T Ax (B(x)->C(x)) pre
2. T Ax (C(x)->D(x)) pre
3. F (Ex (B(x)&F(x)) -> Ex (D(x)&F(x))) conclusion
4. T Ex (B(x)&F(x)) 3
5. F Ex (D(x)&F(x)) 3
6. T (B(a)&F(a)) 4
7. T B(a) 6
8. T F(a) 6
9. F (D(a)&F(a)) 5
10. T (B(a)->C(a)) 1
11. T (C(a)->D(a)) 2
12.{ F D(a) 9
13.{ F B(a) 10
14. @ 7,13}
15.{ T C(a) 10
16.{ F C(a) 11
17. @ 15,16}
18.{ T D(a) 11
19. @ 18,12}
20.{ F F(a) 9
21. @ 8,20}
</proof>","1. T Ax (B(x)->C(x)) pre
2. T Ax (C(x)->D(x)) pre
3. F (Ex (B(x)&F(x)) -> Ex (D(x)&F(x))) conclusion
4. T Ex (B(x)&F(x)) 3
5. F Ex (D(x)&F(x)) 3
6. T (B(a)&F(a)) 4
7. T B(a) 6
8. T F(a) 6
9. F (D(a)&F(a)) 5
10. T (B(a)->C(a)) 1
11. T (C(a)->D(a)) 2
12.{ F D(a) 9
13.{ F B(a) 10
14. @ 7,13}
15.{ T C(a) 10
16.{ F C(a) 11
17. @ 15,16}
18.{ T D(a) 11
19. @ 18,12}
20.{ F F(a) 9
21. @ 8,20}","The following errors were found:

One of definitions are not completed. Please, check whether all rules are correctly written.
Recall that a rule of inference starts with a numeber, followed by . (reference line), the truth value of the formula (T or F), has a formula and the justification (premise, conclusion or one of the inference rules with its formula references).Sintax error:
3. F (Ex (B(x)&F(x)) -> Ex (D(x)&F(x))) conclusion
              ^
",193.3737685680389,stop,1666,5343
B->Ax C(x) |- Ax (B->C(x)),"[{'role': 'system', 'content': ""\nYou are an expert in logic using the semantic Tableaux method. \nYou will receive a first order logic formula and must prove its validity using the semantic tableau method, represent the proof in a Fitch-like notation, following these formatting instructions:\n\n### FORMAT OF PROOF LINES: \nExpanding proof line must be structured like: '<line_number>. <T_or_F> <formula> <origin>'\n- <line_number>: sequential integer, always ending with a dot ('1.', '2.', '3.', ...)\n- <T_or_F> → T for true formulas, F for false formulas. \n- <formula>: the formula derived on that line\n- <origin> is exactly one of:\n    pre (for premises)\n    conclusion (for the conclusion)\n    a comma-separated list of line numbers indicating the formula(s) used to derive the current line (e.g. '1', '3', '1,3')\n\n### BRANCHING FORMAT \nUse curly braces { and } to open and close branches. \n{ must appear immediately after the line number that opens a branch (e.g. '8.{ F A|B 3') \n} must appear at the end of the line that closes that branch (e.g. '12. @ 5,7}'). Exception: the main (initial) branch does not require a closing }, since it is not opened by {.\nBranches may be nested. But a formula may only be used at a given point if it appeared earlier in the same branch or an outer (enclosing) branch to the current branch. Formulas from closed branches or sibling branches must not be used.\n\n### SYMBOLS \nUse the following symbols for logical operations: \n & = conjunction (and), \n | = disjunction (or), \n ~ = negation (not), \n -> = implication (implies).\n\nQuantifiers symbols:  \n    Ax represents ∀x  \n    Ex represents ∃x\nSo formulas with ∀x and ∃x will be represented by Ax and Ex (A and E followed by the variable x). For example, Ax (H(x)->M(x)) represents ∀x (H(x)→M(x)).\n\n###CONVENTIONS\nAtoms: only uppercase letters not immediately followed by parentesis (e.g. P, Q, R).\nPredicates: uppercase letters immediately followed by parentesis (e.g. H(x), M(y), Q(a,b) ). All predicates must use parentheses.\nVariables: first letter in lowercase, can be followed by letters and numbers (e.g., x, x0, xP0).\n\nWrite only the final proof in <proof>...</proof> tags. Only use <proof>...</proof> tags ONCE. Omit names of the rules. Only use these symbols inside the proof '&' , '->', '~', '|', '@', '(', ')', '{', '}', 'Ax', 'Ex'.\nDo not include explanations, commentary, or extra text inside and outside the <proof>...</proof> tags.\n""}, {'role': 'user', 'content': ""Prove 'Ex P(x), Ax (P(x)->Q(x)) |- Ex Q(x)', using the analytical tableau method. Final answer using the notation described. ""}, {'role': 'assistant', 'content': ' <proof>\n                        1. T Ex P(x) pre\n                        2. T Ax (P(x)->Q(x)) pre\n                        3. F Ex Q(x) conclusion\n                        4. T P(a) 1 \n                        5. T (P(a)->Q(a)) 2 \n                        6. F Q(a) 3 \n                        7.{ F P(a) 5 \n                        8. @ 4,7}    \n                        9.{ T Q(a) 5 \n                        10. @ 6,9}   \n                    </proof>'}, {'role': 'user', 'content': ""Prove 'Ax (P(x)|P(x)) |- Ax P(x)', using the analytical tableau method. Final answer using the notation described.""}, {'role': 'assistant', 'content': ' <proof>\n                            1. T Ax (P(x)|P(x)) pre \n                            2. F Ax P(x) conclusion\n                            3. F P(a) 2          \n                            4. T (P(a)|P(a)) 1   \n                            5.{ T P(a) 4         \n                            6. @ 3,5}            \n                            7.{ T P(a) 4         \n                            8. @ 3,7}            \n                        </proof>'}, {'role': 'user', 'content': ""Prove '|- Ex (D(x)&K(x))->(Ex D(x)|Ex K(x))', using the analytical tableau method. Final answer using the notation described.""}, {'role': 'assistant', 'content': '<proof>\n                            1. F (Ex (D(x)&K(x)) -> (Ex D(x) | Ex K(x))) conclusion\n                            2. T Ex (D(x)&K(x)) 1 \n                            3. F (Ex D(x) | Ex K(x)) 1\n                            4. T (D(a)&K(a)) 2 \n                            5. T D(a) 4 \n                            6. T K(a) 4 \n                            7. F Ex D(x) 3 \n                            8. F Ex K(x) 3 \n                            9. F D(a) 7 \n                            10. @ 5,9 \n                        </proof>'}, {'role': 'user', 'content': ""Prove 'Ax ~(P(x)&~Q(x)), Ax ~Q(x) |- Ax ~P(x)', using the analytical tableau method. Final answer using the notation described.""}, {'role': 'assistant', 'content': '<proof>\n                        1. T Ax ~(P(x)&~Q(x)) pre \n                        2. T Ax ~Q(x) pre \n                        3. F Ax ~P(x) conclusion \n                        4. F ~P(a) 3         \n                        5. T P(a) 4           \n                        6. T ~(P(a)&~Q(a)) 1  \n                        7. T ~Q(a) 2          \n                        8. F (P(a)&~Q(a)) 6   \n                        9.{ F P(a) 8          \n                        10. @ 5,9}           \n                        11.{ F ~Q(a) 8        \n                        12. @ 7,11} \n                    </proof>'}, {'role': 'user', 'content': ""Prove '|- Ex P(x)->~Ax ~P(x)', using the analytical tableau method. Final answer using the notation described.""}, {'role': 'assistant', 'content': '<proof>\n                        1. T Ex (P(x)&~Q(x)) pre \n                        2. F ~Ax (P(x)->Q(x)) conclusion \n                        3. T (P(a)&~Q(a)) 1 \n                        4. T P(a) 3 \n                        5. T ~Q(a) 3 \n                        6. T Ax (P(x)->Q(x)) 2 \n                        7. T (P(a)->Q(a)) 6 \n                        8.{ F P(a) 7 \n                        9. @ 4,8} \n                        10.{ T Q(a) 7 \n                        11. F Q(a) 5  \n                        12. @ 10,11} \n                    </proof>'}, {'role': 'user', 'content': ""Prove'B->Ax C(x) |- Ax (B->C(x))' using the analytical tableau method. Only one final answer, surrounded by <proof>...</proof>, using the notation described.""}]","<proof>
1. T (B->Ax C(x)) pre
2. F Ax (B->C(x)) conclusion
3. F (B->C(a)) 2
4. T B 3
5. F C(a) 3
6.{ F B 1
7. @ 4,6}
8.{ T Ax C(x) 1
9. T C(a) 8
10. @ 5,9}
</proof>","1. T (B->Ax C(x)) pre
2. F Ax (B->C(x)) conclusion
3. F (B->C(a)) 2
4. T B 3
5. F C(a) 3
6.{ F B 1
7. @ 4,6}
8.{ T Ax C(x) 1
9. T C(a) 8
10. @ 5,9}",The proof is valid.,30.85645079612732,stop,1647,887
"Ex (B(x)->C(x)), Ax B(x) |- Ex C(x)","[{'role': 'system', 'content': ""\nYou are an expert in logic using the semantic Tableaux method. \nYou will receive a first order logic formula and must prove its validity using the semantic tableau method, represent the proof in a Fitch-like notation, following these formatting instructions:\n\n### FORMAT OF PROOF LINES: \nExpanding proof line must be structured like: '<line_number>. <T_or_F> <formula> <origin>'\n- <line_number>: sequential integer, always ending with a dot ('1.', '2.', '3.', ...)\n- <T_or_F> → T for true formulas, F for false formulas. \n- <formula>: the formula derived on that line\n- <origin> is exactly one of:\n    pre (for premises)\n    conclusion (for the conclusion)\n    a comma-separated list of line numbers indicating the formula(s) used to derive the current line (e.g. '1', '3', '1,3')\n\n### BRANCHING FORMAT \nUse curly braces { and } to open and close branches. \n{ must appear immediately after the line number that opens a branch (e.g. '8.{ F A|B 3') \n} must appear at the end of the line that closes that branch (e.g. '12. @ 5,7}'). Exception: the main (initial) branch does not require a closing }, since it is not opened by {.\nBranches may be nested. But a formula may only be used at a given point if it appeared earlier in the same branch or an outer (enclosing) branch to the current branch. Formulas from closed branches or sibling branches must not be used.\n\n### SYMBOLS \nUse the following symbols for logical operations: \n & = conjunction (and), \n | = disjunction (or), \n ~ = negation (not), \n -> = implication (implies).\n\nQuantifiers symbols:  \n    Ax represents ∀x  \n    Ex represents ∃x\nSo formulas with ∀x and ∃x will be represented by Ax and Ex (A and E followed by the variable x). For example, Ax (H(x)->M(x)) represents ∀x (H(x)→M(x)).\n\n###CONVENTIONS\nAtoms: only uppercase letters not immediately followed by parentesis (e.g. P, Q, R).\nPredicates: uppercase letters immediately followed by parentesis (e.g. H(x), M(y), Q(a,b) ). All predicates must use parentheses.\nVariables: first letter in lowercase, can be followed by letters and numbers (e.g., x, x0, xP0).\n\nWrite only the final proof in <proof>...</proof> tags. Only use <proof>...</proof> tags ONCE. Omit names of the rules. Only use these symbols inside the proof '&' , '->', '~', '|', '@', '(', ')', '{', '}', 'Ax', 'Ex'.\nDo not include explanations, commentary, or extra text inside and outside the <proof>...</proof> tags.\n""}, {'role': 'user', 'content': ""Prove 'Ex P(x), Ax (P(x)->Q(x)) |- Ex Q(x)', using the analytical tableau method. Final answer using the notation described. ""}, {'role': 'assistant', 'content': ' <proof>\n                        1. T Ex P(x) pre\n                        2. T Ax (P(x)->Q(x)) pre\n                        3. F Ex Q(x) conclusion\n                        4. T P(a) 1 \n                        5. T (P(a)->Q(a)) 2 \n                        6. F Q(a) 3 \n                        7.{ F P(a) 5 \n                        8. @ 4,7}    \n                        9.{ T Q(a) 5 \n                        10. @ 6,9}   \n                    </proof>'}, {'role': 'user', 'content': ""Prove 'Ax (P(x)|P(x)) |- Ax P(x)', using the analytical tableau method. Final answer using the notation described.""}, {'role': 'assistant', 'content': ' <proof>\n                            1. T Ax (P(x)|P(x)) pre \n                            2. F Ax P(x) conclusion\n                            3. F P(a) 2          \n                            4. T (P(a)|P(a)) 1   \n                            5.{ T P(a) 4         \n                            6. @ 3,5}            \n                            7.{ T P(a) 4         \n                            8. @ 3,7}            \n                        </proof>'}, {'role': 'user', 'content': ""Prove '|- Ex (D(x)&K(x))->(Ex D(x)|Ex K(x))', using the analytical tableau method. Final answer using the notation described.""}, {'role': 'assistant', 'content': '<proof>\n                            1. F (Ex (D(x)&K(x)) -> (Ex D(x) | Ex K(x))) conclusion\n                            2. T Ex (D(x)&K(x)) 1 \n                            3. F (Ex D(x) | Ex K(x)) 1\n                            4. T (D(a)&K(a)) 2 \n                            5. T D(a) 4 \n                            6. T K(a) 4 \n                            7. F Ex D(x) 3 \n                            8. F Ex K(x) 3 \n                            9. F D(a) 7 \n                            10. @ 5,9 \n                        </proof>'}, {'role': 'user', 'content': ""Prove 'Ax ~(P(x)&~Q(x)), Ax ~Q(x) |- Ax ~P(x)', using the analytical tableau method. Final answer using the notation described.""}, {'role': 'assistant', 'content': '<proof>\n                        1. T Ax ~(P(x)&~Q(x)) pre \n                        2. T Ax ~Q(x) pre \n                        3. F Ax ~P(x) conclusion \n                        4. F ~P(a) 3         \n                        5. T P(a) 4           \n                        6. T ~(P(a)&~Q(a)) 1  \n                        7. T ~Q(a) 2          \n                        8. F (P(a)&~Q(a)) 6   \n                        9.{ F P(a) 8          \n                        10. @ 5,9}           \n                        11.{ F ~Q(a) 8        \n                        12. @ 7,11} \n                    </proof>'}, {'role': 'user', 'content': ""Prove '|- Ex P(x)->~Ax ~P(x)', using the analytical tableau method. Final answer using the notation described.""}, {'role': 'assistant', 'content': '<proof>\n                        1. T Ex (P(x)&~Q(x)) pre \n                        2. F ~Ax (P(x)->Q(x)) conclusion \n                        3. T (P(a)&~Q(a)) 1 \n                        4. T P(a) 3 \n                        5. T ~Q(a) 3 \n                        6. T Ax (P(x)->Q(x)) 2 \n                        7. T (P(a)->Q(a)) 6 \n                        8.{ F P(a) 7 \n                        9. @ 4,8} \n                        10.{ T Q(a) 7 \n                        11. F Q(a) 5  \n                        12. @ 10,11} \n                    </proof>'}, {'role': 'user', 'content': ""Prove'Ex (B(x)->C(x)), Ax B(x) |- Ex C(x)' using the analytical tableau method. Only one final answer, surrounded by <proof>...</proof>, using the notation described.""}]","<proof>
1. T Ex (B(x)->C(x)) pre
2. T Ax B(x) pre
3. F Ex C(x) conclusion
4. T (B(a)->C(a)) 1
5. T B(a) 2
6.{ F B(a) 4
7. @ 5,6}
8.{ T C(a) 4
9. T Ex C(x) 8
10. @ 3,9}
</proof>","1. T Ex (B(x)->C(x)) pre
2. T Ax B(x) pre
3. F Ex C(x) conclusion
4. T (B(a)->C(a)) 1
5. T B(a) 2
6.{ F B(a) 4
7. @ 5,6}
8.{ T C(a) 4
9. T Ex C(x) 8
10. @ 3,9}","The following errors were found:

Error in line 9:
9. T Ex C(x) 8
             ^, Cannot apply rule to an atom or predicate.",124.27710819244383,stop,1649,3481
~Ex (B(x)&C(x)) |- Ax (B(x)->~C(x)),"[{'role': 'system', 'content': ""\nYou are an expert in logic using the semantic Tableaux method. \nYou will receive a first order logic formula and must prove its validity using the semantic tableau method, represent the proof in a Fitch-like notation, following these formatting instructions:\n\n### FORMAT OF PROOF LINES: \nExpanding proof line must be structured like: '<line_number>. <T_or_F> <formula> <origin>'\n- <line_number>: sequential integer, always ending with a dot ('1.', '2.', '3.', ...)\n- <T_or_F> → T for true formulas, F for false formulas. \n- <formula>: the formula derived on that line\n- <origin> is exactly one of:\n    pre (for premises)\n    conclusion (for the conclusion)\n    a comma-separated list of line numbers indicating the formula(s) used to derive the current line (e.g. '1', '3', '1,3')\n\n### BRANCHING FORMAT \nUse curly braces { and } to open and close branches. \n{ must appear immediately after the line number that opens a branch (e.g. '8.{ F A|B 3') \n} must appear at the end of the line that closes that branch (e.g. '12. @ 5,7}'). Exception: the main (initial) branch does not require a closing }, since it is not opened by {.\nBranches may be nested. But a formula may only be used at a given point if it appeared earlier in the same branch or an outer (enclosing) branch to the current branch. Formulas from closed branches or sibling branches must not be used.\n\n### SYMBOLS \nUse the following symbols for logical operations: \n & = conjunction (and), \n | = disjunction (or), \n ~ = negation (not), \n -> = implication (implies).\n\nQuantifiers symbols:  \n    Ax represents ∀x  \n    Ex represents ∃x\nSo formulas with ∀x and ∃x will be represented by Ax and Ex (A and E followed by the variable x). For example, Ax (H(x)->M(x)) represents ∀x (H(x)→M(x)).\n\n###CONVENTIONS\nAtoms: only uppercase letters not immediately followed by parentesis (e.g. P, Q, R).\nPredicates: uppercase letters immediately followed by parentesis (e.g. H(x), M(y), Q(a,b) ). All predicates must use parentheses.\nVariables: first letter in lowercase, can be followed by letters and numbers (e.g., x, x0, xP0).\n\nWrite only the final proof in <proof>...</proof> tags. Only use <proof>...</proof> tags ONCE. Omit names of the rules. Only use these symbols inside the proof '&' , '->', '~', '|', '@', '(', ')', '{', '}', 'Ax', 'Ex'.\nDo not include explanations, commentary, or extra text inside and outside the <proof>...</proof> tags.\n""}, {'role': 'user', 'content': ""Prove 'Ex P(x), Ax (P(x)->Q(x)) |- Ex Q(x)', using the analytical tableau method. Final answer using the notation described. ""}, {'role': 'assistant', 'content': ' <proof>\n                        1. T Ex P(x) pre\n                        2. T Ax (P(x)->Q(x)) pre\n                        3. F Ex Q(x) conclusion\n                        4. T P(a) 1 \n                        5. T (P(a)->Q(a)) 2 \n                        6. F Q(a) 3 \n                        7.{ F P(a) 5 \n                        8. @ 4,7}    \n                        9.{ T Q(a) 5 \n                        10. @ 6,9}   \n                    </proof>'}, {'role': 'user', 'content': ""Prove 'Ax (P(x)|P(x)) |- Ax P(x)', using the analytical tableau method. Final answer using the notation described.""}, {'role': 'assistant', 'content': ' <proof>\n                            1. T Ax (P(x)|P(x)) pre \n                            2. F Ax P(x) conclusion\n                            3. F P(a) 2          \n                            4. T (P(a)|P(a)) 1   \n                            5.{ T P(a) 4         \n                            6. @ 3,5}            \n                            7.{ T P(a) 4         \n                            8. @ 3,7}            \n                        </proof>'}, {'role': 'user', 'content': ""Prove '|- Ex (D(x)&K(x))->(Ex D(x)|Ex K(x))', using the analytical tableau method. Final answer using the notation described.""}, {'role': 'assistant', 'content': '<proof>\n                            1. F (Ex (D(x)&K(x)) -> (Ex D(x) | Ex K(x))) conclusion\n                            2. T Ex (D(x)&K(x)) 1 \n                            3. F (Ex D(x) | Ex K(x)) 1\n                            4. T (D(a)&K(a)) 2 \n                            5. T D(a) 4 \n                            6. T K(a) 4 \n                            7. F Ex D(x) 3 \n                            8. F Ex K(x) 3 \n                            9. F D(a) 7 \n                            10. @ 5,9 \n                        </proof>'}, {'role': 'user', 'content': ""Prove 'Ax ~(P(x)&~Q(x)), Ax ~Q(x) |- Ax ~P(x)', using the analytical tableau method. Final answer using the notation described.""}, {'role': 'assistant', 'content': '<proof>\n                        1. T Ax ~(P(x)&~Q(x)) pre \n                        2. T Ax ~Q(x) pre \n                        3. F Ax ~P(x) conclusion \n                        4. F ~P(a) 3         \n                        5. T P(a) 4           \n                        6. T ~(P(a)&~Q(a)) 1  \n                        7. T ~Q(a) 2          \n                        8. F (P(a)&~Q(a)) 6   \n                        9.{ F P(a) 8          \n                        10. @ 5,9}           \n                        11.{ F ~Q(a) 8        \n                        12. @ 7,11} \n                    </proof>'}, {'role': 'user', 'content': ""Prove '|- Ex P(x)->~Ax ~P(x)', using the analytical tableau method. Final answer using the notation described.""}, {'role': 'assistant', 'content': '<proof>\n                        1. T Ex (P(x)&~Q(x)) pre \n                        2. F ~Ax (P(x)->Q(x)) conclusion \n                        3. T (P(a)&~Q(a)) 1 \n                        4. T P(a) 3 \n                        5. T ~Q(a) 3 \n                        6. T Ax (P(x)->Q(x)) 2 \n                        7. T (P(a)->Q(a)) 6 \n                        8.{ F P(a) 7 \n                        9. @ 4,8} \n                        10.{ T Q(a) 7 \n                        11. F Q(a) 5  \n                        12. @ 10,11} \n                    </proof>'}, {'role': 'user', 'content': ""Prove'~Ex (B(x)&C(x)) |- Ax (B(x)->~C(x))' using the analytical tableau method. Only one final answer, surrounded by <proof>...</proof>, using the notation described.""}]","<proof>
1. T ~Ex (B(x)&C(x)) pre
2. F Ax (B(x)->~C(x)) conclusion
3. F (B(a)->~C(a)) 2
4. T B(a) 3
5. F ~C(a) 3
6. T C(a) 5
7. T ~(B(a)&C(a)) 1
8. F (B(a)&C(a)) 7
9.{ F B(a) 8
10. @ 4,9}
11.{ F C(a) 8
12. @ 6,11}
</proof>","1. T ~Ex (B(x)&C(x)) pre
2. F Ax (B(x)->~C(x)) conclusion
3. F (B(a)->~C(a)) 2
4. T B(a) 3
5. F ~C(a) 3
6. T C(a) 5
7. T ~(B(a)&C(a)) 1
8. F (B(a)&C(a)) 7
9.{ F B(a) 8
10. @ 4,9}
11.{ F C(a) 8
12. @ 6,11}","The following errors were found:

Error in line 7:
7. T ~(B(a)&C(a)) 1
   ^, The truth value should be F for this rule.
Error in line 7:
7. T ~(B(a)&C(a)) 1
                  ^, Formula ~(B(a)&C(a)) is not a valid result for this rule.",36.04194736480713,stop,1652,1034
"Ex B(x), Ax Ay (B(x)->C(y)) |- Ay C(y)","[{'role': 'system', 'content': ""\nYou are an expert in logic using the semantic Tableaux method. \nYou will receive a first order logic formula and must prove its validity using the semantic tableau method, represent the proof in a Fitch-like notation, following these formatting instructions:\n\n### FORMAT OF PROOF LINES: \nExpanding proof line must be structured like: '<line_number>. <T_or_F> <formula> <origin>'\n- <line_number>: sequential integer, always ending with a dot ('1.', '2.', '3.', ...)\n- <T_or_F> → T for true formulas, F for false formulas. \n- <formula>: the formula derived on that line\n- <origin> is exactly one of:\n    pre (for premises)\n    conclusion (for the conclusion)\n    a comma-separated list of line numbers indicating the formula(s) used to derive the current line (e.g. '1', '3', '1,3')\n\n### BRANCHING FORMAT \nUse curly braces { and } to open and close branches. \n{ must appear immediately after the line number that opens a branch (e.g. '8.{ F A|B 3') \n} must appear at the end of the line that closes that branch (e.g. '12. @ 5,7}'). Exception: the main (initial) branch does not require a closing }, since it is not opened by {.\nBranches may be nested. But a formula may only be used at a given point if it appeared earlier in the same branch or an outer (enclosing) branch to the current branch. Formulas from closed branches or sibling branches must not be used.\n\n### SYMBOLS \nUse the following symbols for logical operations: \n & = conjunction (and), \n | = disjunction (or), \n ~ = negation (not), \n -> = implication (implies).\n\nQuantifiers symbols:  \n    Ax represents ∀x  \n    Ex represents ∃x\nSo formulas with ∀x and ∃x will be represented by Ax and Ex (A and E followed by the variable x). For example, Ax (H(x)->M(x)) represents ∀x (H(x)→M(x)).\n\n###CONVENTIONS\nAtoms: only uppercase letters not immediately followed by parentesis (e.g. P, Q, R).\nPredicates: uppercase letters immediately followed by parentesis (e.g. H(x), M(y), Q(a,b) ). All predicates must use parentheses.\nVariables: first letter in lowercase, can be followed by letters and numbers (e.g., x, x0, xP0).\n\nWrite only the final proof in <proof>...</proof> tags. Only use <proof>...</proof> tags ONCE. Omit names of the rules. Only use these symbols inside the proof '&' , '->', '~', '|', '@', '(', ')', '{', '}', 'Ax', 'Ex'.\nDo not include explanations, commentary, or extra text inside and outside the <proof>...</proof> tags.\n""}, {'role': 'user', 'content': ""Prove 'Ex P(x), Ax (P(x)->Q(x)) |- Ex Q(x)', using the analytical tableau method. Final answer using the notation described. ""}, {'role': 'assistant', 'content': ' <proof>\n                        1. T Ex P(x) pre\n                        2. T Ax (P(x)->Q(x)) pre\n                        3. F Ex Q(x) conclusion\n                        4. T P(a) 1 \n                        5. T (P(a)->Q(a)) 2 \n                        6. F Q(a) 3 \n                        7.{ F P(a) 5 \n                        8. @ 4,7}    \n                        9.{ T Q(a) 5 \n                        10. @ 6,9}   \n                    </proof>'}, {'role': 'user', 'content': ""Prove 'Ax (P(x)|P(x)) |- Ax P(x)', using the analytical tableau method. Final answer using the notation described.""}, {'role': 'assistant', 'content': ' <proof>\n                            1. T Ax (P(x)|P(x)) pre \n                            2. F Ax P(x) conclusion\n                            3. F P(a) 2          \n                            4. T (P(a)|P(a)) 1   \n                            5.{ T P(a) 4         \n                            6. @ 3,5}            \n                            7.{ T P(a) 4         \n                            8. @ 3,7}            \n                        </proof>'}, {'role': 'user', 'content': ""Prove '|- Ex (D(x)&K(x))->(Ex D(x)|Ex K(x))', using the analytical tableau method. Final answer using the notation described.""}, {'role': 'assistant', 'content': '<proof>\n                            1. F (Ex (D(x)&K(x)) -> (Ex D(x) | Ex K(x))) conclusion\n                            2. T Ex (D(x)&K(x)) 1 \n                            3. F (Ex D(x) | Ex K(x)) 1\n                            4. T (D(a)&K(a)) 2 \n                            5. T D(a) 4 \n                            6. T K(a) 4 \n                            7. F Ex D(x) 3 \n                            8. F Ex K(x) 3 \n                            9. F D(a) 7 \n                            10. @ 5,9 \n                        </proof>'}, {'role': 'user', 'content': ""Prove 'Ax ~(P(x)&~Q(x)), Ax ~Q(x) |- Ax ~P(x)', using the analytical tableau method. Final answer using the notation described.""}, {'role': 'assistant', 'content': '<proof>\n                        1. T Ax ~(P(x)&~Q(x)) pre \n                        2. T Ax ~Q(x) pre \n                        3. F Ax ~P(x) conclusion \n                        4. F ~P(a) 3         \n                        5. T P(a) 4           \n                        6. T ~(P(a)&~Q(a)) 1  \n                        7. T ~Q(a) 2          \n                        8. F (P(a)&~Q(a)) 6   \n                        9.{ F P(a) 8          \n                        10. @ 5,9}           \n                        11.{ F ~Q(a) 8        \n                        12. @ 7,11} \n                    </proof>'}, {'role': 'user', 'content': ""Prove '|- Ex P(x)->~Ax ~P(x)', using the analytical tableau method. Final answer using the notation described.""}, {'role': 'assistant', 'content': '<proof>\n                        1. T Ex (P(x)&~Q(x)) pre \n                        2. F ~Ax (P(x)->Q(x)) conclusion \n                        3. T (P(a)&~Q(a)) 1 \n                        4. T P(a) 3 \n                        5. T ~Q(a) 3 \n                        6. T Ax (P(x)->Q(x)) 2 \n                        7. T (P(a)->Q(a)) 6 \n                        8.{ F P(a) 7 \n                        9. @ 4,8} \n                        10.{ T Q(a) 7 \n                        11. F Q(a) 5  \n                        12. @ 10,11} \n                    </proof>'}, {'role': 'user', 'content': ""Prove'Ex B(x), Ax Ay (B(x)->C(y)) |- Ay C(y)' using the analytical tableau method. Only one final answer, surrounded by <proof>...</proof>, using the notation described.""}]","<proof>
1. T Ex B(x) pre
2. T Ax Ay (B(x)->C(y)) pre
3. F Ay C(y) conclusion
4. F C(a) 3
5. T B(b) 1
6. T (B(b)->C(a)) 2
7.{ F B(b) 6
8. @ 5,7}
9.{ T C(a) 6
10. @ 4,9}
</proof>","1. T Ex B(x) pre
2. T Ax Ay (B(x)->C(y)) pre
3. F Ay C(y) conclusion
4. F C(a) 3
5. T B(b) 1
6. T (B(b)->C(a)) 2
7.{ F B(b) 6
8. @ 5,7}
9.{ T C(a) 6
10. @ 4,9}","The following errors were found:

Error in line 6:
6. T (B(b)->C(a)) 2
     ^, Formula B(b)->C(a) is not a valid substitution for the universal formula referenced in line 2.",40.77217125892639,stop,1650,1179
"Ex (B(x)&C(x)), Ax (D(x)->~C(x)) |- Ex (B(x)&~D(x))","[{'role': 'system', 'content': ""\nYou are an expert in logic using the semantic Tableaux method. \nYou will receive a first order logic formula and must prove its validity using the semantic tableau method, represent the proof in a Fitch-like notation, following these formatting instructions:\n\n### FORMAT OF PROOF LINES: \nExpanding proof line must be structured like: '<line_number>. <T_or_F> <formula> <origin>'\n- <line_number>: sequential integer, always ending with a dot ('1.', '2.', '3.', ...)\n- <T_or_F> → T for true formulas, F for false formulas. \n- <formula>: the formula derived on that line\n- <origin> is exactly one of:\n    pre (for premises)\n    conclusion (for the conclusion)\n    a comma-separated list of line numbers indicating the formula(s) used to derive the current line (e.g. '1', '3', '1,3')\n\n### BRANCHING FORMAT \nUse curly braces { and } to open and close branches. \n{ must appear immediately after the line number that opens a branch (e.g. '8.{ F A|B 3') \n} must appear at the end of the line that closes that branch (e.g. '12. @ 5,7}'). Exception: the main (initial) branch does not require a closing }, since it is not opened by {.\nBranches may be nested. But a formula may only be used at a given point if it appeared earlier in the same branch or an outer (enclosing) branch to the current branch. Formulas from closed branches or sibling branches must not be used.\n\n### SYMBOLS \nUse the following symbols for logical operations: \n & = conjunction (and), \n | = disjunction (or), \n ~ = negation (not), \n -> = implication (implies).\n\nQuantifiers symbols:  \n    Ax represents ∀x  \n    Ex represents ∃x\nSo formulas with ∀x and ∃x will be represented by Ax and Ex (A and E followed by the variable x). For example, Ax (H(x)->M(x)) represents ∀x (H(x)→M(x)).\n\n###CONVENTIONS\nAtoms: only uppercase letters not immediately followed by parentesis (e.g. P, Q, R).\nPredicates: uppercase letters immediately followed by parentesis (e.g. H(x), M(y), Q(a,b) ). All predicates must use parentheses.\nVariables: first letter in lowercase, can be followed by letters and numbers (e.g., x, x0, xP0).\n\nWrite only the final proof in <proof>...</proof> tags. Only use <proof>...</proof> tags ONCE. Omit names of the rules. Only use these symbols inside the proof '&' , '->', '~', '|', '@', '(', ')', '{', '}', 'Ax', 'Ex'.\nDo not include explanations, commentary, or extra text inside and outside the <proof>...</proof> tags.\n""}, {'role': 'user', 'content': ""Prove 'Ex P(x), Ax (P(x)->Q(x)) |- Ex Q(x)', using the analytical tableau method. Final answer using the notation described. ""}, {'role': 'assistant', 'content': ' <proof>\n                        1. T Ex P(x) pre\n                        2. T Ax (P(x)->Q(x)) pre\n                        3. F Ex Q(x) conclusion\n                        4. T P(a) 1 \n                        5. T (P(a)->Q(a)) 2 \n                        6. F Q(a) 3 \n                        7.{ F P(a) 5 \n                        8. @ 4,7}    \n                        9.{ T Q(a) 5 \n                        10. @ 6,9}   \n                    </proof>'}, {'role': 'user', 'content': ""Prove 'Ax (P(x)|P(x)) |- Ax P(x)', using the analytical tableau method. Final answer using the notation described.""}, {'role': 'assistant', 'content': ' <proof>\n                            1. T Ax (P(x)|P(x)) pre \n                            2. F Ax P(x) conclusion\n                            3. F P(a) 2          \n                            4. T (P(a)|P(a)) 1   \n                            5.{ T P(a) 4         \n                            6. @ 3,5}            \n                            7.{ T P(a) 4         \n                            8. @ 3,7}            \n                        </proof>'}, {'role': 'user', 'content': ""Prove '|- Ex (D(x)&K(x))->(Ex D(x)|Ex K(x))', using the analytical tableau method. Final answer using the notation described.""}, {'role': 'assistant', 'content': '<proof>\n                            1. F (Ex (D(x)&K(x)) -> (Ex D(x) | Ex K(x))) conclusion\n                            2. T Ex (D(x)&K(x)) 1 \n                            3. F (Ex D(x) | Ex K(x)) 1\n                            4. T (D(a)&K(a)) 2 \n                            5. T D(a) 4 \n                            6. T K(a) 4 \n                            7. F Ex D(x) 3 \n                            8. F Ex K(x) 3 \n                            9. F D(a) 7 \n                            10. @ 5,9 \n                        </proof>'}, {'role': 'user', 'content': ""Prove 'Ax ~(P(x)&~Q(x)), Ax ~Q(x) |- Ax ~P(x)', using the analytical tableau method. Final answer using the notation described.""}, {'role': 'assistant', 'content': '<proof>\n                        1. T Ax ~(P(x)&~Q(x)) pre \n                        2. T Ax ~Q(x) pre \n                        3. F Ax ~P(x) conclusion \n                        4. F ~P(a) 3         \n                        5. T P(a) 4           \n                        6. T ~(P(a)&~Q(a)) 1  \n                        7. T ~Q(a) 2          \n                        8. F (P(a)&~Q(a)) 6   \n                        9.{ F P(a) 8          \n                        10. @ 5,9}           \n                        11.{ F ~Q(a) 8        \n                        12. @ 7,11} \n                    </proof>'}, {'role': 'user', 'content': ""Prove '|- Ex P(x)->~Ax ~P(x)', using the analytical tableau method. Final answer using the notation described.""}, {'role': 'assistant', 'content': '<proof>\n                        1. T Ex (P(x)&~Q(x)) pre \n                        2. F ~Ax (P(x)->Q(x)) conclusion \n                        3. T (P(a)&~Q(a)) 1 \n                        4. T P(a) 3 \n                        5. T ~Q(a) 3 \n                        6. T Ax (P(x)->Q(x)) 2 \n                        7. T (P(a)->Q(a)) 6 \n                        8.{ F P(a) 7 \n                        9. @ 4,8} \n                        10.{ T Q(a) 7 \n                        11. F Q(a) 5  \n                        12. @ 10,11} \n                    </proof>'}, {'role': 'user', 'content': ""Prove'Ex (B(x)&C(x)), Ax (D(x)->~C(x)) |- Ex (B(x)&~D(x))' using the analytical tableau method. Only one final answer, surrounded by <proof>...</proof>, using the notation described.""}]","<proof>
1. T Ex(B(x)&C(x)) pre
2. T Ax(D(x)->~C(x)) pre
3. B Ex(B(x)&~D(x)) conclusion
4. T (B(a)&C(a)) 1
5. T B(a) 4
6. T C(a) 4
7. T (D(a)->~C(a)) 2
8.{ B D(a) 7
9. @ 6,8}
10.{ T ~C(a) 7
11. B C(a) 10
12. @ 6,11}
13.{ B B(b) 3
14. @ 5,13}
15.{ T D(b) 3
16. T (D(b)->~C(b)) 2
17.{ B D(b) 16
18. @ 15,17}
19.{ T ~C(b) 16
20. B C(b) 19
21. @ 6,20}
</proof>","1. T Ex(B(x)&C(x)) pre
2. T Ax(D(x)->~C(x)) pre
3. B Ex(B(x)&~D(x)) conclusion
4. T (B(a)&C(a)) 1
5. T B(a) 4
6. T C(a) 4
7. T (D(a)->~C(a)) 2
8.{ B D(a) 7
9. @ 6,8}
10.{ T ~C(a) 7
11. B C(a) 10
12. @ 6,11}
13.{ B B(b) 3
14. @ 5,13}
15.{ T D(b) 3
16. T (D(b)->~C(b)) 2
17.{ B D(b) 16
18. @ 15,17}
19.{ T ~C(b) 16
20. B C(b) 19
21. @ 6,20}","The following errors were found:

One of definitions are not completed. Please, check whether all rules are correctly written.
Recall that a rule of inference starts with a numeber, followed by . (reference line), the truth value of the formula (T or F), has a formula and the justification (premise, conclusion or one of the inference rules with its formula references).Sintax error:
3. B Ex(B(x)&~D(x)) conclusion
     ^
",214.1763401031494,stop,1660,5901
Ex (B(x)&C(x)) |- Ex B(x)&Ex C(x),"[{'role': 'system', 'content': ""\nYou are an expert in logic using the semantic Tableaux method. \nYou will receive a first order logic formula and must prove its validity using the semantic tableau method, represent the proof in a Fitch-like notation, following these formatting instructions:\n\n### FORMAT OF PROOF LINES: \nExpanding proof line must be structured like: '<line_number>. <T_or_F> <formula> <origin>'\n- <line_number>: sequential integer, always ending with a dot ('1.', '2.', '3.', ...)\n- <T_or_F> → T for true formulas, F for false formulas. \n- <formula>: the formula derived on that line\n- <origin> is exactly one of:\n    pre (for premises)\n    conclusion (for the conclusion)\n    a comma-separated list of line numbers indicating the formula(s) used to derive the current line (e.g. '1', '3', '1,3')\n\n### BRANCHING FORMAT \nUse curly braces { and } to open and close branches. \n{ must appear immediately after the line number that opens a branch (e.g. '8.{ F A|B 3') \n} must appear at the end of the line that closes that branch (e.g. '12. @ 5,7}'). Exception: the main (initial) branch does not require a closing }, since it is not opened by {.\nBranches may be nested. But a formula may only be used at a given point if it appeared earlier in the same branch or an outer (enclosing) branch to the current branch. Formulas from closed branches or sibling branches must not be used.\n\n### SYMBOLS \nUse the following symbols for logical operations: \n & = conjunction (and), \n | = disjunction (or), \n ~ = negation (not), \n -> = implication (implies).\n\nQuantifiers symbols:  \n    Ax represents ∀x  \n    Ex represents ∃x\nSo formulas with ∀x and ∃x will be represented by Ax and Ex (A and E followed by the variable x). For example, Ax (H(x)->M(x)) represents ∀x (H(x)→M(x)).\n\n###CONVENTIONS\nAtoms: only uppercase letters not immediately followed by parentesis (e.g. P, Q, R).\nPredicates: uppercase letters immediately followed by parentesis (e.g. H(x), M(y), Q(a,b) ). All predicates must use parentheses.\nVariables: first letter in lowercase, can be followed by letters and numbers (e.g., x, x0, xP0).\n\nWrite only the final proof in <proof>...</proof> tags. Only use <proof>...</proof> tags ONCE. Omit names of the rules. Only use these symbols inside the proof '&' , '->', '~', '|', '@', '(', ')', '{', '}', 'Ax', 'Ex'.\nDo not include explanations, commentary, or extra text inside and outside the <proof>...</proof> tags.\n""}, {'role': 'user', 'content': ""Prove 'Ex P(x), Ax (P(x)->Q(x)) |- Ex Q(x)', using the analytical tableau method. Final answer using the notation described. ""}, {'role': 'assistant', 'content': ' <proof>\n                        1. T Ex P(x) pre\n                        2. T Ax (P(x)->Q(x)) pre\n                        3. F Ex Q(x) conclusion\n                        4. T P(a) 1 \n                        5. T (P(a)->Q(a)) 2 \n                        6. F Q(a) 3 \n                        7.{ F P(a) 5 \n                        8. @ 4,7}    \n                        9.{ T Q(a) 5 \n                        10. @ 6,9}   \n                    </proof>'}, {'role': 'user', 'content': ""Prove 'Ax (P(x)|P(x)) |- Ax P(x)', using the analytical tableau method. Final answer using the notation described.""}, {'role': 'assistant', 'content': ' <proof>\n                            1. T Ax (P(x)|P(x)) pre \n                            2. F Ax P(x) conclusion\n                            3. F P(a) 2          \n                            4. T (P(a)|P(a)) 1   \n                            5.{ T P(a) 4         \n                            6. @ 3,5}            \n                            7.{ T P(a) 4         \n                            8. @ 3,7}            \n                        </proof>'}, {'role': 'user', 'content': ""Prove '|- Ex (D(x)&K(x))->(Ex D(x)|Ex K(x))', using the analytical tableau method. Final answer using the notation described.""}, {'role': 'assistant', 'content': '<proof>\n                            1. F (Ex (D(x)&K(x)) -> (Ex D(x) | Ex K(x))) conclusion\n                            2. T Ex (D(x)&K(x)) 1 \n                            3. F (Ex D(x) | Ex K(x)) 1\n                            4. T (D(a)&K(a)) 2 \n                            5. T D(a) 4 \n                            6. T K(a) 4 \n                            7. F Ex D(x) 3 \n                            8. F Ex K(x) 3 \n                            9. F D(a) 7 \n                            10. @ 5,9 \n                        </proof>'}, {'role': 'user', 'content': ""Prove 'Ax ~(P(x)&~Q(x)), Ax ~Q(x) |- Ax ~P(x)', using the analytical tableau method. Final answer using the notation described.""}, {'role': 'assistant', 'content': '<proof>\n                        1. T Ax ~(P(x)&~Q(x)) pre \n                        2. T Ax ~Q(x) pre \n                        3. F Ax ~P(x) conclusion \n                        4. F ~P(a) 3         \n                        5. T P(a) 4           \n                        6. T ~(P(a)&~Q(a)) 1  \n                        7. T ~Q(a) 2          \n                        8. F (P(a)&~Q(a)) 6   \n                        9.{ F P(a) 8          \n                        10. @ 5,9}           \n                        11.{ F ~Q(a) 8        \n                        12. @ 7,11} \n                    </proof>'}, {'role': 'user', 'content': ""Prove '|- Ex P(x)->~Ax ~P(x)', using the analytical tableau method. Final answer using the notation described.""}, {'role': 'assistant', 'content': '<proof>\n                        1. T Ex (P(x)&~Q(x)) pre \n                        2. F ~Ax (P(x)->Q(x)) conclusion \n                        3. T (P(a)&~Q(a)) 1 \n                        4. T P(a) 3 \n                        5. T ~Q(a) 3 \n                        6. T Ax (P(x)->Q(x)) 2 \n                        7. T (P(a)->Q(a)) 6 \n                        8.{ F P(a) 7 \n                        9. @ 4,8} \n                        10.{ T Q(a) 7 \n                        11. F Q(a) 5  \n                        12. @ 10,11} \n                    </proof>'}, {'role': 'user', 'content': ""Prove'Ex (B(x)&C(x)) |- Ex B(x)&Ex C(x)' using the analytical tableau method. Only one final answer, surrounded by <proof>...</proof>, using the notation described.""}]","<proof>
1. T Ex (B(x)&C(x)) pre
2. F (Ex B(x) & Ex C(x)) conclusion
3. T (B(a)&C(a)) 1
4. T B(a) 3
5. T C(a) 3
6.{ F Ex B(x) 2
7. F B(a) 6
8. @ 4,7}
9.{ F Ex C(x) 2
10. F C(a) 9
11. @ 5,10}
</proof>","1. T Ex (B(x)&C(x)) pre
2. F (Ex B(x) & Ex C(x)) conclusion
3. T (B(a)&C(a)) 1
4. T B(a) 3
5. T C(a) 3
6.{ F Ex B(x) 2
7. F B(a) 6
8. @ 4,7}
9.{ F Ex C(x) 2
10. F C(a) 9
11. @ 5,10}",The proof is valid.,97.11504125595091,stop,1649,2747
"Ex B(x), Ax (B(x)->C) |- C","[{'role': 'system', 'content': ""\nYou are an expert in logic using the semantic Tableaux method. \nYou will receive a first order logic formula and must prove its validity using the semantic tableau method, represent the proof in a Fitch-like notation, following these formatting instructions:\n\n### FORMAT OF PROOF LINES: \nExpanding proof line must be structured like: '<line_number>. <T_or_F> <formula> <origin>'\n- <line_number>: sequential integer, always ending with a dot ('1.', '2.', '3.', ...)\n- <T_or_F> → T for true formulas, F for false formulas. \n- <formula>: the formula derived on that line\n- <origin> is exactly one of:\n    pre (for premises)\n    conclusion (for the conclusion)\n    a comma-separated list of line numbers indicating the formula(s) used to derive the current line (e.g. '1', '3', '1,3')\n\n### BRANCHING FORMAT \nUse curly braces { and } to open and close branches. \n{ must appear immediately after the line number that opens a branch (e.g. '8.{ F A|B 3') \n} must appear at the end of the line that closes that branch (e.g. '12. @ 5,7}'). Exception: the main (initial) branch does not require a closing }, since it is not opened by {.\nBranches may be nested. But a formula may only be used at a given point if it appeared earlier in the same branch or an outer (enclosing) branch to the current branch. Formulas from closed branches or sibling branches must not be used.\n\n### SYMBOLS \nUse the following symbols for logical operations: \n & = conjunction (and), \n | = disjunction (or), \n ~ = negation (not), \n -> = implication (implies).\n\nQuantifiers symbols:  \n    Ax represents ∀x  \n    Ex represents ∃x\nSo formulas with ∀x and ∃x will be represented by Ax and Ex (A and E followed by the variable x). For example, Ax (H(x)->M(x)) represents ∀x (H(x)→M(x)).\n\n###CONVENTIONS\nAtoms: only uppercase letters not immediately followed by parentesis (e.g. P, Q, R).\nPredicates: uppercase letters immediately followed by parentesis (e.g. H(x), M(y), Q(a,b) ). All predicates must use parentheses.\nVariables: first letter in lowercase, can be followed by letters and numbers (e.g., x, x0, xP0).\n\nWrite only the final proof in <proof>...</proof> tags. Only use <proof>...</proof> tags ONCE. Omit names of the rules. Only use these symbols inside the proof '&' , '->', '~', '|', '@', '(', ')', '{', '}', 'Ax', 'Ex'.\nDo not include explanations, commentary, or extra text inside and outside the <proof>...</proof> tags.\n""}, {'role': 'user', 'content': ""Prove 'Ex P(x), Ax (P(x)->Q(x)) |- Ex Q(x)', using the analytical tableau method. Final answer using the notation described. ""}, {'role': 'assistant', 'content': ' <proof>\n                        1. T Ex P(x) pre\n                        2. T Ax (P(x)->Q(x)) pre\n                        3. F Ex Q(x) conclusion\n                        4. T P(a) 1 \n                        5. T (P(a)->Q(a)) 2 \n                        6. F Q(a) 3 \n                        7.{ F P(a) 5 \n                        8. @ 4,7}    \n                        9.{ T Q(a) 5 \n                        10. @ 6,9}   \n                    </proof>'}, {'role': 'user', 'content': ""Prove 'Ax (P(x)|P(x)) |- Ax P(x)', using the analytical tableau method. Final answer using the notation described.""}, {'role': 'assistant', 'content': ' <proof>\n                            1. T Ax (P(x)|P(x)) pre \n                            2. F Ax P(x) conclusion\n                            3. F P(a) 2          \n                            4. T (P(a)|P(a)) 1   \n                            5.{ T P(a) 4         \n                            6. @ 3,5}            \n                            7.{ T P(a) 4         \n                            8. @ 3,7}            \n                        </proof>'}, {'role': 'user', 'content': ""Prove '|- Ex (D(x)&K(x))->(Ex D(x)|Ex K(x))', using the analytical tableau method. Final answer using the notation described.""}, {'role': 'assistant', 'content': '<proof>\n                            1. F (Ex (D(x)&K(x)) -> (Ex D(x) | Ex K(x))) conclusion\n                            2. T Ex (D(x)&K(x)) 1 \n                            3. F (Ex D(x) | Ex K(x)) 1\n                            4. T (D(a)&K(a)) 2 \n                            5. T D(a) 4 \n                            6. T K(a) 4 \n                            7. F Ex D(x) 3 \n                            8. F Ex K(x) 3 \n                            9. F D(a) 7 \n                            10. @ 5,9 \n                        </proof>'}, {'role': 'user', 'content': ""Prove 'Ax ~(P(x)&~Q(x)), Ax ~Q(x) |- Ax ~P(x)', using the analytical tableau method. Final answer using the notation described.""}, {'role': 'assistant', 'content': '<proof>\n                        1. T Ax ~(P(x)&~Q(x)) pre \n                        2. T Ax ~Q(x) pre \n                        3. F Ax ~P(x) conclusion \n                        4. F ~P(a) 3         \n                        5. T P(a) 4           \n                        6. T ~(P(a)&~Q(a)) 1  \n                        7. T ~Q(a) 2          \n                        8. F (P(a)&~Q(a)) 6   \n                        9.{ F P(a) 8          \n                        10. @ 5,9}           \n                        11.{ F ~Q(a) 8        \n                        12. @ 7,11} \n                    </proof>'}, {'role': 'user', 'content': ""Prove '|- Ex P(x)->~Ax ~P(x)', using the analytical tableau method. Final answer using the notation described.""}, {'role': 'assistant', 'content': '<proof>\n                        1. T Ex (P(x)&~Q(x)) pre \n                        2. F ~Ax (P(x)->Q(x)) conclusion \n                        3. T (P(a)&~Q(a)) 1 \n                        4. T P(a) 3 \n                        5. T ~Q(a) 3 \n                        6. T Ax (P(x)->Q(x)) 2 \n                        7. T (P(a)->Q(a)) 6 \n                        8.{ F P(a) 7 \n                        9. @ 4,8} \n                        10.{ T Q(a) 7 \n                        11. F Q(a) 5  \n                        12. @ 10,11} \n                    </proof>'}, {'role': 'user', 'content': ""Prove'Ex B(x), Ax (B(x)->C) |- C' using the analytical tableau method. Only one final answer, surrounded by <proof>...</proof>, using the notation described.""}]","<proof>
1. T Ex B(x) pre
2. T Ax (B(x)->C) pre
3. F C conclusion
4. T B(a) 1
5. T (B(a)->C) 2
6.{ F B(a) 5
7. @ 4,6}
8.{ T C 5
9. @ 3,8}
</proof>","1. T Ex B(x) pre
2. T Ax (B(x)->C) pre
3. F C conclusion
4. T B(a) 1
5. T (B(a)->C) 2
6.{ F B(a) 5
7. @ 4,6}
8.{ T C 5
9. @ 3,8}",The proof is valid.,21.239458322525024,stop,1646,616
Ax (B(x)&C(x)) |- Ax C(x),"[{'role': 'system', 'content': ""\nYou are an expert in logic using the semantic Tableaux method. \nYou will receive a first order logic formula and must prove its validity using the semantic tableau method, represent the proof in a Fitch-like notation, following these formatting instructions:\n\n### FORMAT OF PROOF LINES: \nExpanding proof line must be structured like: '<line_number>. <T_or_F> <formula> <origin>'\n- <line_number>: sequential integer, always ending with a dot ('1.', '2.', '3.', ...)\n- <T_or_F> → T for true formulas, F for false formulas. \n- <formula>: the formula derived on that line\n- <origin> is exactly one of:\n    pre (for premises)\n    conclusion (for the conclusion)\n    a comma-separated list of line numbers indicating the formula(s) used to derive the current line (e.g. '1', '3', '1,3')\n\n### BRANCHING FORMAT \nUse curly braces { and } to open and close branches. \n{ must appear immediately after the line number that opens a branch (e.g. '8.{ F A|B 3') \n} must appear at the end of the line that closes that branch (e.g. '12. @ 5,7}'). Exception: the main (initial) branch does not require a closing }, since it is not opened by {.\nBranches may be nested. But a formula may only be used at a given point if it appeared earlier in the same branch or an outer (enclosing) branch to the current branch. Formulas from closed branches or sibling branches must not be used.\n\n### SYMBOLS \nUse the following symbols for logical operations: \n & = conjunction (and), \n | = disjunction (or), \n ~ = negation (not), \n -> = implication (implies).\n\nQuantifiers symbols:  \n    Ax represents ∀x  \n    Ex represents ∃x\nSo formulas with ∀x and ∃x will be represented by Ax and Ex (A and E followed by the variable x). For example, Ax (H(x)->M(x)) represents ∀x (H(x)→M(x)).\n\n###CONVENTIONS\nAtoms: only uppercase letters not immediately followed by parentesis (e.g. P, Q, R).\nPredicates: uppercase letters immediately followed by parentesis (e.g. H(x), M(y), Q(a,b) ). All predicates must use parentheses.\nVariables: first letter in lowercase, can be followed by letters and numbers (e.g., x, x0, xP0).\n\nWrite only the final proof in <proof>...</proof> tags. Only use <proof>...</proof> tags ONCE. Omit names of the rules. Only use these symbols inside the proof '&' , '->', '~', '|', '@', '(', ')', '{', '}', 'Ax', 'Ex'.\nDo not include explanations, commentary, or extra text inside and outside the <proof>...</proof> tags.\n""}, {'role': 'user', 'content': ""Prove 'Ex P(x), Ax (P(x)->Q(x)) |- Ex Q(x)', using the analytical tableau method. Final answer using the notation described. ""}, {'role': 'assistant', 'content': ' <proof>\n                        1. T Ex P(x) pre\n                        2. T Ax (P(x)->Q(x)) pre\n                        3. F Ex Q(x) conclusion\n                        4. T P(a) 1 \n                        5. T (P(a)->Q(a)) 2 \n                        6. F Q(a) 3 \n                        7.{ F P(a) 5 \n                        8. @ 4,7}    \n                        9.{ T Q(a) 5 \n                        10. @ 6,9}   \n                    </proof>'}, {'role': 'user', 'content': ""Prove 'Ax (P(x)|P(x)) |- Ax P(x)', using the analytical tableau method. Final answer using the notation described.""}, {'role': 'assistant', 'content': ' <proof>\n                            1. T Ax (P(x)|P(x)) pre \n                            2. F Ax P(x) conclusion\n                            3. F P(a) 2          \n                            4. T (P(a)|P(a)) 1   \n                            5.{ T P(a) 4         \n                            6. @ 3,5}            \n                            7.{ T P(a) 4         \n                            8. @ 3,7}            \n                        </proof>'}, {'role': 'user', 'content': ""Prove '|- Ex (D(x)&K(x))->(Ex D(x)|Ex K(x))', using the analytical tableau method. Final answer using the notation described.""}, {'role': 'assistant', 'content': '<proof>\n                            1. F (Ex (D(x)&K(x)) -> (Ex D(x) | Ex K(x))) conclusion\n                            2. T Ex (D(x)&K(x)) 1 \n                            3. F (Ex D(x) | Ex K(x)) 1\n                            4. T (D(a)&K(a)) 2 \n                            5. T D(a) 4 \n                            6. T K(a) 4 \n                            7. F Ex D(x) 3 \n                            8. F Ex K(x) 3 \n                            9. F D(a) 7 \n                            10. @ 5,9 \n                        </proof>'}, {'role': 'user', 'content': ""Prove 'Ax ~(P(x)&~Q(x)), Ax ~Q(x) |- Ax ~P(x)', using the analytical tableau method. Final answer using the notation described.""}, {'role': 'assistant', 'content': '<proof>\n                        1. T Ax ~(P(x)&~Q(x)) pre \n                        2. T Ax ~Q(x) pre \n                        3. F Ax ~P(x) conclusion \n                        4. F ~P(a) 3         \n                        5. T P(a) 4           \n                        6. T ~(P(a)&~Q(a)) 1  \n                        7. T ~Q(a) 2          \n                        8. F (P(a)&~Q(a)) 6   \n                        9.{ F P(a) 8          \n                        10. @ 5,9}           \n                        11.{ F ~Q(a) 8        \n                        12. @ 7,11} \n                    </proof>'}, {'role': 'user', 'content': ""Prove '|- Ex P(x)->~Ax ~P(x)', using the analytical tableau method. Final answer using the notation described.""}, {'role': 'assistant', 'content': '<proof>\n                        1. T Ex (P(x)&~Q(x)) pre \n                        2. F ~Ax (P(x)->Q(x)) conclusion \n                        3. T (P(a)&~Q(a)) 1 \n                        4. T P(a) 3 \n                        5. T ~Q(a) 3 \n                        6. T Ax (P(x)->Q(x)) 2 \n                        7. T (P(a)->Q(a)) 6 \n                        8.{ F P(a) 7 \n                        9. @ 4,8} \n                        10.{ T Q(a) 7 \n                        11. F Q(a) 5  \n                        12. @ 10,11} \n                    </proof>'}, {'role': 'user', 'content': ""Prove'Ax (B(x)&C(x)) |- Ax C(x)' using the analytical tableau method. Only one final answer, surrounded by <proof>...</proof>, using the notation described.""}]","<proof>
1. T Ax (B(x)&C(x)) pre
2. F Ax C(x) conclusion
3. F C(a) 2
4. T (B(a)&C(a)) 1
5. T B(a) 4
6. T C(a) 4
7. @ 3,6
</proof>","1. T Ax (B(x)&C(x)) pre
2. F Ax C(x) conclusion
3. F C(a) 2
4. T (B(a)&C(a)) 1
5. T B(a) 4
6. T C(a) 4
7. @ 3,6",The proof is valid.,24.508546113967896,stop,1645,704
B&Ax C(x) |- Ax (B&C(x)),"[{'role': 'system', 'content': ""\nYou are an expert in logic using the semantic Tableaux method. \nYou will receive a first order logic formula and must prove its validity using the semantic tableau method, represent the proof in a Fitch-like notation, following these formatting instructions:\n\n### FORMAT OF PROOF LINES: \nExpanding proof line must be structured like: '<line_number>. <T_or_F> <formula> <origin>'\n- <line_number>: sequential integer, always ending with a dot ('1.', '2.', '3.', ...)\n- <T_or_F> → T for true formulas, F for false formulas. \n- <formula>: the formula derived on that line\n- <origin> is exactly one of:\n    pre (for premises)\n    conclusion (for the conclusion)\n    a comma-separated list of line numbers indicating the formula(s) used to derive the current line (e.g. '1', '3', '1,3')\n\n### BRANCHING FORMAT \nUse curly braces { and } to open and close branches. \n{ must appear immediately after the line number that opens a branch (e.g. '8.{ F A|B 3') \n} must appear at the end of the line that closes that branch (e.g. '12. @ 5,7}'). Exception: the main (initial) branch does not require a closing }, since it is not opened by {.\nBranches may be nested. But a formula may only be used at a given point if it appeared earlier in the same branch or an outer (enclosing) branch to the current branch. Formulas from closed branches or sibling branches must not be used.\n\n### SYMBOLS \nUse the following symbols for logical operations: \n & = conjunction (and), \n | = disjunction (or), \n ~ = negation (not), \n -> = implication (implies).\n\nQuantifiers symbols:  \n    Ax represents ∀x  \n    Ex represents ∃x\nSo formulas with ∀x and ∃x will be represented by Ax and Ex (A and E followed by the variable x). For example, Ax (H(x)->M(x)) represents ∀x (H(x)→M(x)).\n\n###CONVENTIONS\nAtoms: only uppercase letters not immediately followed by parentesis (e.g. P, Q, R).\nPredicates: uppercase letters immediately followed by parentesis (e.g. H(x), M(y), Q(a,b) ). All predicates must use parentheses.\nVariables: first letter in lowercase, can be followed by letters and numbers (e.g., x, x0, xP0).\n\nWrite only the final proof in <proof>...</proof> tags. Only use <proof>...</proof> tags ONCE. Omit names of the rules. Only use these symbols inside the proof '&' , '->', '~', '|', '@', '(', ')', '{', '}', 'Ax', 'Ex'.\nDo not include explanations, commentary, or extra text inside and outside the <proof>...</proof> tags.\n""}, {'role': 'user', 'content': ""Prove 'Ex P(x), Ax (P(x)->Q(x)) |- Ex Q(x)', using the analytical tableau method. Final answer using the notation described. ""}, {'role': 'assistant', 'content': ' <proof>\n                        1. T Ex P(x) pre\n                        2. T Ax (P(x)->Q(x)) pre\n                        3. F Ex Q(x) conclusion\n                        4. T P(a) 1 \n                        5. T (P(a)->Q(a)) 2 \n                        6. F Q(a) 3 \n                        7.{ F P(a) 5 \n                        8. @ 4,7}    \n                        9.{ T Q(a) 5 \n                        10. @ 6,9}   \n                    </proof>'}, {'role': 'user', 'content': ""Prove 'Ax (P(x)|P(x)) |- Ax P(x)', using the analytical tableau method. Final answer using the notation described.""}, {'role': 'assistant', 'content': ' <proof>\n                            1. T Ax (P(x)|P(x)) pre \n                            2. F Ax P(x) conclusion\n                            3. F P(a) 2          \n                            4. T (P(a)|P(a)) 1   \n                            5.{ T P(a) 4         \n                            6. @ 3,5}            \n                            7.{ T P(a) 4         \n                            8. @ 3,7}            \n                        </proof>'}, {'role': 'user', 'content': ""Prove '|- Ex (D(x)&K(x))->(Ex D(x)|Ex K(x))', using the analytical tableau method. Final answer using the notation described.""}, {'role': 'assistant', 'content': '<proof>\n                            1. F (Ex (D(x)&K(x)) -> (Ex D(x) | Ex K(x))) conclusion\n                            2. T Ex (D(x)&K(x)) 1 \n                            3. F (Ex D(x) | Ex K(x)) 1\n                            4. T (D(a)&K(a)) 2 \n                            5. T D(a) 4 \n                            6. T K(a) 4 \n                            7. F Ex D(x) 3 \n                            8. F Ex K(x) 3 \n                            9. F D(a) 7 \n                            10. @ 5,9 \n                        </proof>'}, {'role': 'user', 'content': ""Prove 'Ax ~(P(x)&~Q(x)), Ax ~Q(x) |- Ax ~P(x)', using the analytical tableau method. Final answer using the notation described.""}, {'role': 'assistant', 'content': '<proof>\n                        1. T Ax ~(P(x)&~Q(x)) pre \n                        2. T Ax ~Q(x) pre \n                        3. F Ax ~P(x) conclusion \n                        4. F ~P(a) 3         \n                        5. T P(a) 4           \n                        6. T ~(P(a)&~Q(a)) 1  \n                        7. T ~Q(a) 2          \n                        8. F (P(a)&~Q(a)) 6   \n                        9.{ F P(a) 8          \n                        10. @ 5,9}           \n                        11.{ F ~Q(a) 8        \n                        12. @ 7,11} \n                    </proof>'}, {'role': 'user', 'content': ""Prove '|- Ex P(x)->~Ax ~P(x)', using the analytical tableau method. Final answer using the notation described.""}, {'role': 'assistant', 'content': '<proof>\n                        1. T Ex (P(x)&~Q(x)) pre \n                        2. F ~Ax (P(x)->Q(x)) conclusion \n                        3. T (P(a)&~Q(a)) 1 \n                        4. T P(a) 3 \n                        5. T ~Q(a) 3 \n                        6. T Ax (P(x)->Q(x)) 2 \n                        7. T (P(a)->Q(a)) 6 \n                        8.{ F P(a) 7 \n                        9. @ 4,8} \n                        10.{ T Q(a) 7 \n                        11. F Q(a) 5  \n                        12. @ 10,11} \n                    </proof>'}, {'role': 'user', 'content': ""Prove'B&Ax C(x) |- Ax (B&C(x))' using the analytical tableau method. Only one final answer, surrounded by <proof>...</proof>, using the notation described.""}]","<proof>
1. T (B&Ax C(x)) pre
2. F Ax (B&C(x)) conclusion
3. T B 1
4. T Ax C(x) 1
5. F (B&C(a)) 2
6.{ F B 5
7. @ 3,6}
8.{ F C(a) 5
9. T C(a) 4
10. @ 8,9}
</proof>","1. T (B&Ax C(x)) pre
2. F Ax (B&C(x)) conclusion
3. T B 1
4. T Ax C(x) 1
5. F (B&C(a)) 2
6.{ F B 5
7. @ 3,6}
8.{ F C(a) 5
9. T C(a) 4
10. @ 8,9}",The proof is valid.,26.662956476211548,stop,1647,766
Ax (B(x)->C(x))&Ax B(x) |- Ax C(x),"[{'role': 'system', 'content': ""\nYou are an expert in logic using the semantic Tableaux method. \nYou will receive a first order logic formula and must prove its validity using the semantic tableau method, represent the proof in a Fitch-like notation, following these formatting instructions:\n\n### FORMAT OF PROOF LINES: \nExpanding proof line must be structured like: '<line_number>. <T_or_F> <formula> <origin>'\n- <line_number>: sequential integer, always ending with a dot ('1.', '2.', '3.', ...)\n- <T_or_F> → T for true formulas, F for false formulas. \n- <formula>: the formula derived on that line\n- <origin> is exactly one of:\n    pre (for premises)\n    conclusion (for the conclusion)\n    a comma-separated list of line numbers indicating the formula(s) used to derive the current line (e.g. '1', '3', '1,3')\n\n### BRANCHING FORMAT \nUse curly braces { and } to open and close branches. \n{ must appear immediately after the line number that opens a branch (e.g. '8.{ F A|B 3') \n} must appear at the end of the line that closes that branch (e.g. '12. @ 5,7}'). Exception: the main (initial) branch does not require a closing }, since it is not opened by {.\nBranches may be nested. But a formula may only be used at a given point if it appeared earlier in the same branch or an outer (enclosing) branch to the current branch. Formulas from closed branches or sibling branches must not be used.\n\n### SYMBOLS \nUse the following symbols for logical operations: \n & = conjunction (and), \n | = disjunction (or), \n ~ = negation (not), \n -> = implication (implies).\n\nQuantifiers symbols:  \n    Ax represents ∀x  \n    Ex represents ∃x\nSo formulas with ∀x and ∃x will be represented by Ax and Ex (A and E followed by the variable x). For example, Ax (H(x)->M(x)) represents ∀x (H(x)→M(x)).\n\n###CONVENTIONS\nAtoms: only uppercase letters not immediately followed by parentesis (e.g. P, Q, R).\nPredicates: uppercase letters immediately followed by parentesis (e.g. H(x), M(y), Q(a,b) ). All predicates must use parentheses.\nVariables: first letter in lowercase, can be followed by letters and numbers (e.g., x, x0, xP0).\n\nWrite only the final proof in <proof>...</proof> tags. Only use <proof>...</proof> tags ONCE. Omit names of the rules. Only use these symbols inside the proof '&' , '->', '~', '|', '@', '(', ')', '{', '}', 'Ax', 'Ex'.\nDo not include explanations, commentary, or extra text inside and outside the <proof>...</proof> tags.\n""}, {'role': 'user', 'content': ""Prove 'Ex P(x), Ax (P(x)->Q(x)) |- Ex Q(x)', using the analytical tableau method. Final answer using the notation described. ""}, {'role': 'assistant', 'content': ' <proof>\n                        1. T Ex P(x) pre\n                        2. T Ax (P(x)->Q(x)) pre\n                        3. F Ex Q(x) conclusion\n                        4. T P(a) 1 \n                        5. T (P(a)->Q(a)) 2 \n                        6. F Q(a) 3 \n                        7.{ F P(a) 5 \n                        8. @ 4,7}    \n                        9.{ T Q(a) 5 \n                        10. @ 6,9}   \n                    </proof>'}, {'role': 'user', 'content': ""Prove 'Ax (P(x)|P(x)) |- Ax P(x)', using the analytical tableau method. Final answer using the notation described.""}, {'role': 'assistant', 'content': ' <proof>\n                            1. T Ax (P(x)|P(x)) pre \n                            2. F Ax P(x) conclusion\n                            3. F P(a) 2          \n                            4. T (P(a)|P(a)) 1   \n                            5.{ T P(a) 4         \n                            6. @ 3,5}            \n                            7.{ T P(a) 4         \n                            8. @ 3,7}            \n                        </proof>'}, {'role': 'user', 'content': ""Prove '|- Ex (D(x)&K(x))->(Ex D(x)|Ex K(x))', using the analytical tableau method. Final answer using the notation described.""}, {'role': 'assistant', 'content': '<proof>\n                            1. F (Ex (D(x)&K(x)) -> (Ex D(x) | Ex K(x))) conclusion\n                            2. T Ex (D(x)&K(x)) 1 \n                            3. F (Ex D(x) | Ex K(x)) 1\n                            4. T (D(a)&K(a)) 2 \n                            5. T D(a) 4 \n                            6. T K(a) 4 \n                            7. F Ex D(x) 3 \n                            8. F Ex K(x) 3 \n                            9. F D(a) 7 \n                            10. @ 5,9 \n                        </proof>'}, {'role': 'user', 'content': ""Prove 'Ax ~(P(x)&~Q(x)), Ax ~Q(x) |- Ax ~P(x)', using the analytical tableau method. Final answer using the notation described.""}, {'role': 'assistant', 'content': '<proof>\n                        1. T Ax ~(P(x)&~Q(x)) pre \n                        2. T Ax ~Q(x) pre \n                        3. F Ax ~P(x) conclusion \n                        4. F ~P(a) 3         \n                        5. T P(a) 4           \n                        6. T ~(P(a)&~Q(a)) 1  \n                        7. T ~Q(a) 2          \n                        8. F (P(a)&~Q(a)) 6   \n                        9.{ F P(a) 8          \n                        10. @ 5,9}           \n                        11.{ F ~Q(a) 8        \n                        12. @ 7,11} \n                    </proof>'}, {'role': 'user', 'content': ""Prove '|- Ex P(x)->~Ax ~P(x)', using the analytical tableau method. Final answer using the notation described.""}, {'role': 'assistant', 'content': '<proof>\n                        1. T Ex (P(x)&~Q(x)) pre \n                        2. F ~Ax (P(x)->Q(x)) conclusion \n                        3. T (P(a)&~Q(a)) 1 \n                        4. T P(a) 3 \n                        5. T ~Q(a) 3 \n                        6. T Ax (P(x)->Q(x)) 2 \n                        7. T (P(a)->Q(a)) 6 \n                        8.{ F P(a) 7 \n                        9. @ 4,8} \n                        10.{ T Q(a) 7 \n                        11. F Q(a) 5  \n                        12. @ 10,11} \n                    </proof>'}, {'role': 'user', 'content': ""Prove'Ax (B(x)->C(x))&Ax B(x) |- Ax C(x)' using the analytical tableau method. Only one final answer, surrounded by <proof>...</proof>, using the notation described.""}]","<proof>
1. T Ax (B(x)->C(x))&Ax B(x) pre
2. T Ax (B(x)->C(x)) 1
3. T Ax B(x) 1
4. F Ax C(x) conclusion
5. F C(a) 4
6. T (B(a)->C(a)) 2
7. T B(a) 3
8.{ F B(a) 6
9. @ 7,8}
10.{ T C(a) 6
11. @ 5,10}
</proof>","1. T Ax (B(x)->C(x))&Ax B(x) pre
2. T Ax (B(x)->C(x)) 1
3. T Ax B(x) 1
4. F Ax C(x) conclusion
5. F C(a) 4
6. T (B(a)->C(a)) 2
7. T B(a) 3
8.{ F B(a) 6
9. @ 7,8}
10.{ T C(a) 6
11. @ 5,10}",The proof is valid.,63.56503677368164,stop,1650,1833
Ax B(x) |- Ax (B(x)|C(x)),"[{'role': 'system', 'content': ""\nYou are an expert in logic using the semantic Tableaux method. \nYou will receive a first order logic formula and must prove its validity using the semantic tableau method, represent the proof in a Fitch-like notation, following these formatting instructions:\n\n### FORMAT OF PROOF LINES: \nExpanding proof line must be structured like: '<line_number>. <T_or_F> <formula> <origin>'\n- <line_number>: sequential integer, always ending with a dot ('1.', '2.', '3.', ...)\n- <T_or_F> → T for true formulas, F for false formulas. \n- <formula>: the formula derived on that line\n- <origin> is exactly one of:\n    pre (for premises)\n    conclusion (for the conclusion)\n    a comma-separated list of line numbers indicating the formula(s) used to derive the current line (e.g. '1', '3', '1,3')\n\n### BRANCHING FORMAT \nUse curly braces { and } to open and close branches. \n{ must appear immediately after the line number that opens a branch (e.g. '8.{ F A|B 3') \n} must appear at the end of the line that closes that branch (e.g. '12. @ 5,7}'). Exception: the main (initial) branch does not require a closing }, since it is not opened by {.\nBranches may be nested. But a formula may only be used at a given point if it appeared earlier in the same branch or an outer (enclosing) branch to the current branch. Formulas from closed branches or sibling branches must not be used.\n\n### SYMBOLS \nUse the following symbols for logical operations: \n & = conjunction (and), \n | = disjunction (or), \n ~ = negation (not), \n -> = implication (implies).\n\nQuantifiers symbols:  \n    Ax represents ∀x  \n    Ex represents ∃x\nSo formulas with ∀x and ∃x will be represented by Ax and Ex (A and E followed by the variable x). For example, Ax (H(x)->M(x)) represents ∀x (H(x)→M(x)).\n\n###CONVENTIONS\nAtoms: only uppercase letters not immediately followed by parentesis (e.g. P, Q, R).\nPredicates: uppercase letters immediately followed by parentesis (e.g. H(x), M(y), Q(a,b) ). All predicates must use parentheses.\nVariables: first letter in lowercase, can be followed by letters and numbers (e.g., x, x0, xP0).\n\nWrite only the final proof in <proof>...</proof> tags. Only use <proof>...</proof> tags ONCE. Omit names of the rules. Only use these symbols inside the proof '&' , '->', '~', '|', '@', '(', ')', '{', '}', 'Ax', 'Ex'.\nDo not include explanations, commentary, or extra text inside and outside the <proof>...</proof> tags.\n""}, {'role': 'user', 'content': ""Prove 'Ex P(x), Ax (P(x)->Q(x)) |- Ex Q(x)', using the analytical tableau method. Final answer using the notation described. ""}, {'role': 'assistant', 'content': ' <proof>\n                        1. T Ex P(x) pre\n                        2. T Ax (P(x)->Q(x)) pre\n                        3. F Ex Q(x) conclusion\n                        4. T P(a) 1 \n                        5. T (P(a)->Q(a)) 2 \n                        6. F Q(a) 3 \n                        7.{ F P(a) 5 \n                        8. @ 4,7}    \n                        9.{ T Q(a) 5 \n                        10. @ 6,9}   \n                    </proof>'}, {'role': 'user', 'content': ""Prove 'Ax (P(x)|P(x)) |- Ax P(x)', using the analytical tableau method. Final answer using the notation described.""}, {'role': 'assistant', 'content': ' <proof>\n                            1. T Ax (P(x)|P(x)) pre \n                            2. F Ax P(x) conclusion\n                            3. F P(a) 2          \n                            4. T (P(a)|P(a)) 1   \n                            5.{ T P(a) 4         \n                            6. @ 3,5}            \n                            7.{ T P(a) 4         \n                            8. @ 3,7}            \n                        </proof>'}, {'role': 'user', 'content': ""Prove '|- Ex (D(x)&K(x))->(Ex D(x)|Ex K(x))', using the analytical tableau method. Final answer using the notation described.""}, {'role': 'assistant', 'content': '<proof>\n                            1. F (Ex (D(x)&K(x)) -> (Ex D(x) | Ex K(x))) conclusion\n                            2. T Ex (D(x)&K(x)) 1 \n                            3. F (Ex D(x) | Ex K(x)) 1\n                            4. T (D(a)&K(a)) 2 \n                            5. T D(a) 4 \n                            6. T K(a) 4 \n                            7. F Ex D(x) 3 \n                            8. F Ex K(x) 3 \n                            9. F D(a) 7 \n                            10. @ 5,9 \n                        </proof>'}, {'role': 'user', 'content': ""Prove 'Ax ~(P(x)&~Q(x)), Ax ~Q(x) |- Ax ~P(x)', using the analytical tableau method. Final answer using the notation described.""}, {'role': 'assistant', 'content': '<proof>\n                        1. T Ax ~(P(x)&~Q(x)) pre \n                        2. T Ax ~Q(x) pre \n                        3. F Ax ~P(x) conclusion \n                        4. F ~P(a) 3         \n                        5. T P(a) 4           \n                        6. T ~(P(a)&~Q(a)) 1  \n                        7. T ~Q(a) 2          \n                        8. F (P(a)&~Q(a)) 6   \n                        9.{ F P(a) 8          \n                        10. @ 5,9}           \n                        11.{ F ~Q(a) 8        \n                        12. @ 7,11} \n                    </proof>'}, {'role': 'user', 'content': ""Prove '|- Ex P(x)->~Ax ~P(x)', using the analytical tableau method. Final answer using the notation described.""}, {'role': 'assistant', 'content': '<proof>\n                        1. T Ex (P(x)&~Q(x)) pre \n                        2. F ~Ax (P(x)->Q(x)) conclusion \n                        3. T (P(a)&~Q(a)) 1 \n                        4. T P(a) 3 \n                        5. T ~Q(a) 3 \n                        6. T Ax (P(x)->Q(x)) 2 \n                        7. T (P(a)->Q(a)) 6 \n                        8.{ F P(a) 7 \n                        9. @ 4,8} \n                        10.{ T Q(a) 7 \n                        11. F Q(a) 5  \n                        12. @ 10,11} \n                    </proof>'}, {'role': 'user', 'content': ""Prove'Ax B(x) |- Ax (B(x)|C(x))' using the analytical tableau method. Only one final answer, surrounded by <proof>...</proof>, using the notation described.""}]","<proof>
1. T Ax B(x) pre
2. F Ax (B(x)|C(x)) conclusion
3. T B(a) 1
4. F (B(a)|C(a)) 2
5. F B(a) 4
6. @ 3,5
</proof>","1. T Ax B(x) pre
2. F Ax (B(x)|C(x)) conclusion
3. T B(a) 1
4. F (B(a)|C(a)) 2
5. F B(a) 4
6. @ 3,5","The following errors were found:

Error in line 4:
4. F (B(a)|C(a)) 2
     ^, The variable used in this formula B(a)|C(a) is not a new variable and therefore cannot be used in this rule.
Error in line 5:
5. F B(a) 4
^, The next line should be the rule |F with the formula C(a).",24.689106941223145,stop,1646,708
Ax (B(x)&C) |- Ax B(x),"[{'role': 'system', 'content': ""\nYou are an expert in logic using the semantic Tableaux method. \nYou will receive a first order logic formula and must prove its validity using the semantic tableau method, represent the proof in a Fitch-like notation, following these formatting instructions:\n\n### FORMAT OF PROOF LINES: \nExpanding proof line must be structured like: '<line_number>. <T_or_F> <formula> <origin>'\n- <line_number>: sequential integer, always ending with a dot ('1.', '2.', '3.', ...)\n- <T_or_F> → T for true formulas, F for false formulas. \n- <formula>: the formula derived on that line\n- <origin> is exactly one of:\n    pre (for premises)\n    conclusion (for the conclusion)\n    a comma-separated list of line numbers indicating the formula(s) used to derive the current line (e.g. '1', '3', '1,3')\n\n### BRANCHING FORMAT \nUse curly braces { and } to open and close branches. \n{ must appear immediately after the line number that opens a branch (e.g. '8.{ F A|B 3') \n} must appear at the end of the line that closes that branch (e.g. '12. @ 5,7}'). Exception: the main (initial) branch does not require a closing }, since it is not opened by {.\nBranches may be nested. But a formula may only be used at a given point if it appeared earlier in the same branch or an outer (enclosing) branch to the current branch. Formulas from closed branches or sibling branches must not be used.\n\n### SYMBOLS \nUse the following symbols for logical operations: \n & = conjunction (and), \n | = disjunction (or), \n ~ = negation (not), \n -> = implication (implies).\n\nQuantifiers symbols:  \n    Ax represents ∀x  \n    Ex represents ∃x\nSo formulas with ∀x and ∃x will be represented by Ax and Ex (A and E followed by the variable x). For example, Ax (H(x)->M(x)) represents ∀x (H(x)→M(x)).\n\n###CONVENTIONS\nAtoms: only uppercase letters not immediately followed by parentesis (e.g. P, Q, R).\nPredicates: uppercase letters immediately followed by parentesis (e.g. H(x), M(y), Q(a,b) ). All predicates must use parentheses.\nVariables: first letter in lowercase, can be followed by letters and numbers (e.g., x, x0, xP0).\n\nWrite only the final proof in <proof>...</proof> tags. Only use <proof>...</proof> tags ONCE. Omit names of the rules. Only use these symbols inside the proof '&' , '->', '~', '|', '@', '(', ')', '{', '}', 'Ax', 'Ex'.\nDo not include explanations, commentary, or extra text inside and outside the <proof>...</proof> tags.\n""}, {'role': 'user', 'content': ""Prove 'Ex P(x), Ax (P(x)->Q(x)) |- Ex Q(x)', using the analytical tableau method. Final answer using the notation described. ""}, {'role': 'assistant', 'content': ' <proof>\n                        1. T Ex P(x) pre\n                        2. T Ax (P(x)->Q(x)) pre\n                        3. F Ex Q(x) conclusion\n                        4. T P(a) 1 \n                        5. T (P(a)->Q(a)) 2 \n                        6. F Q(a) 3 \n                        7.{ F P(a) 5 \n                        8. @ 4,7}    \n                        9.{ T Q(a) 5 \n                        10. @ 6,9}   \n                    </proof>'}, {'role': 'user', 'content': ""Prove 'Ax (P(x)|P(x)) |- Ax P(x)', using the analytical tableau method. Final answer using the notation described.""}, {'role': 'assistant', 'content': ' <proof>\n                            1. T Ax (P(x)|P(x)) pre \n                            2. F Ax P(x) conclusion\n                            3. F P(a) 2          \n                            4. T (P(a)|P(a)) 1   \n                            5.{ T P(a) 4         \n                            6. @ 3,5}            \n                            7.{ T P(a) 4         \n                            8. @ 3,7}            \n                        </proof>'}, {'role': 'user', 'content': ""Prove '|- Ex (D(x)&K(x))->(Ex D(x)|Ex K(x))', using the analytical tableau method. Final answer using the notation described.""}, {'role': 'assistant', 'content': '<proof>\n                            1. F (Ex (D(x)&K(x)) -> (Ex D(x) | Ex K(x))) conclusion\n                            2. T Ex (D(x)&K(x)) 1 \n                            3. F (Ex D(x) | Ex K(x)) 1\n                            4. T (D(a)&K(a)) 2 \n                            5. T D(a) 4 \n                            6. T K(a) 4 \n                            7. F Ex D(x) 3 \n                            8. F Ex K(x) 3 \n                            9. F D(a) 7 \n                            10. @ 5,9 \n                        </proof>'}, {'role': 'user', 'content': ""Prove 'Ax ~(P(x)&~Q(x)), Ax ~Q(x) |- Ax ~P(x)', using the analytical tableau method. Final answer using the notation described.""}, {'role': 'assistant', 'content': '<proof>\n                        1. T Ax ~(P(x)&~Q(x)) pre \n                        2. T Ax ~Q(x) pre \n                        3. F Ax ~P(x) conclusion \n                        4. F ~P(a) 3         \n                        5. T P(a) 4           \n                        6. T ~(P(a)&~Q(a)) 1  \n                        7. T ~Q(a) 2          \n                        8. F (P(a)&~Q(a)) 6   \n                        9.{ F P(a) 8          \n                        10. @ 5,9}           \n                        11.{ F ~Q(a) 8        \n                        12. @ 7,11} \n                    </proof>'}, {'role': 'user', 'content': ""Prove '|- Ex P(x)->~Ax ~P(x)', using the analytical tableau method. Final answer using the notation described.""}, {'role': 'assistant', 'content': '<proof>\n                        1. T Ex (P(x)&~Q(x)) pre \n                        2. F ~Ax (P(x)->Q(x)) conclusion \n                        3. T (P(a)&~Q(a)) 1 \n                        4. T P(a) 3 \n                        5. T ~Q(a) 3 \n                        6. T Ax (P(x)->Q(x)) 2 \n                        7. T (P(a)->Q(a)) 6 \n                        8.{ F P(a) 7 \n                        9. @ 4,8} \n                        10.{ T Q(a) 7 \n                        11. F Q(a) 5  \n                        12. @ 10,11} \n                    </proof>'}, {'role': 'user', 'content': ""Prove'Ax (B(x)&C) |- Ax B(x)' using the analytical tableau method. Only one final answer, surrounded by <proof>...</proof>, using the notation described.""}]","<proof>
1. T Ax (B(x)&C) pre
2. F Ax B(x) conclusion
3. F B(a) 2
4. T (B(a)&C) 1
5. T B(a) 4
6. T C 4
7. @ 3,5
</proof>","1. T Ax (B(x)&C) pre
2. F Ax B(x) conclusion
3. F B(a) 2
4. T (B(a)&C) 1
5. T B(a) 4
6. T C 4
7. @ 3,5",The proof is valid.,25.22578763961792,stop,1644,721
Ax (~B(x)|~C(x)) |- ~Ex (B(x)&C(x)),"[{'role': 'system', 'content': ""\nYou are an expert in logic using the semantic Tableaux method. \nYou will receive a first order logic formula and must prove its validity using the semantic tableau method, represent the proof in a Fitch-like notation, following these formatting instructions:\n\n### FORMAT OF PROOF LINES: \nExpanding proof line must be structured like: '<line_number>. <T_or_F> <formula> <origin>'\n- <line_number>: sequential integer, always ending with a dot ('1.', '2.', '3.', ...)\n- <T_or_F> → T for true formulas, F for false formulas. \n- <formula>: the formula derived on that line\n- <origin> is exactly one of:\n    pre (for premises)\n    conclusion (for the conclusion)\n    a comma-separated list of line numbers indicating the formula(s) used to derive the current line (e.g. '1', '3', '1,3')\n\n### BRANCHING FORMAT \nUse curly braces { and } to open and close branches. \n{ must appear immediately after the line number that opens a branch (e.g. '8.{ F A|B 3') \n} must appear at the end of the line that closes that branch (e.g. '12. @ 5,7}'). Exception: the main (initial) branch does not require a closing }, since it is not opened by {.\nBranches may be nested. But a formula may only be used at a given point if it appeared earlier in the same branch or an outer (enclosing) branch to the current branch. Formulas from closed branches or sibling branches must not be used.\n\n### SYMBOLS \nUse the following symbols for logical operations: \n & = conjunction (and), \n | = disjunction (or), \n ~ = negation (not), \n -> = implication (implies).\n\nQuantifiers symbols:  \n    Ax represents ∀x  \n    Ex represents ∃x\nSo formulas with ∀x and ∃x will be represented by Ax and Ex (A and E followed by the variable x). For example, Ax (H(x)->M(x)) represents ∀x (H(x)→M(x)).\n\n###CONVENTIONS\nAtoms: only uppercase letters not immediately followed by parentesis (e.g. P, Q, R).\nPredicates: uppercase letters immediately followed by parentesis (e.g. H(x), M(y), Q(a,b) ). All predicates must use parentheses.\nVariables: first letter in lowercase, can be followed by letters and numbers (e.g., x, x0, xP0).\n\nWrite only the final proof in <proof>...</proof> tags. Only use <proof>...</proof> tags ONCE. Omit names of the rules. Only use these symbols inside the proof '&' , '->', '~', '|', '@', '(', ')', '{', '}', 'Ax', 'Ex'.\nDo not include explanations, commentary, or extra text inside and outside the <proof>...</proof> tags.\n""}, {'role': 'user', 'content': ""Prove 'Ex P(x), Ax (P(x)->Q(x)) |- Ex Q(x)', using the analytical tableau method. Final answer using the notation described. ""}, {'role': 'assistant', 'content': ' <proof>\n                        1. T Ex P(x) pre\n                        2. T Ax (P(x)->Q(x)) pre\n                        3. F Ex Q(x) conclusion\n                        4. T P(a) 1 \n                        5. T (P(a)->Q(a)) 2 \n                        6. F Q(a) 3 \n                        7.{ F P(a) 5 \n                        8. @ 4,7}    \n                        9.{ T Q(a) 5 \n                        10. @ 6,9}   \n                    </proof>'}, {'role': 'user', 'content': ""Prove 'Ax (P(x)|P(x)) |- Ax P(x)', using the analytical tableau method. Final answer using the notation described.""}, {'role': 'assistant', 'content': ' <proof>\n                            1. T Ax (P(x)|P(x)) pre \n                            2. F Ax P(x) conclusion\n                            3. F P(a) 2          \n                            4. T (P(a)|P(a)) 1   \n                            5.{ T P(a) 4         \n                            6. @ 3,5}            \n                            7.{ T P(a) 4         \n                            8. @ 3,7}            \n                        </proof>'}, {'role': 'user', 'content': ""Prove '|- Ex (D(x)&K(x))->(Ex D(x)|Ex K(x))', using the analytical tableau method. Final answer using the notation described.""}, {'role': 'assistant', 'content': '<proof>\n                            1. F (Ex (D(x)&K(x)) -> (Ex D(x) | Ex K(x))) conclusion\n                            2. T Ex (D(x)&K(x)) 1 \n                            3. F (Ex D(x) | Ex K(x)) 1\n                            4. T (D(a)&K(a)) 2 \n                            5. T D(a) 4 \n                            6. T K(a) 4 \n                            7. F Ex D(x) 3 \n                            8. F Ex K(x) 3 \n                            9. F D(a) 7 \n                            10. @ 5,9 \n                        </proof>'}, {'role': 'user', 'content': ""Prove 'Ax ~(P(x)&~Q(x)), Ax ~Q(x) |- Ax ~P(x)', using the analytical tableau method. Final answer using the notation described.""}, {'role': 'assistant', 'content': '<proof>\n                        1. T Ax ~(P(x)&~Q(x)) pre \n                        2. T Ax ~Q(x) pre \n                        3. F Ax ~P(x) conclusion \n                        4. F ~P(a) 3         \n                        5. T P(a) 4           \n                        6. T ~(P(a)&~Q(a)) 1  \n                        7. T ~Q(a) 2          \n                        8. F (P(a)&~Q(a)) 6   \n                        9.{ F P(a) 8          \n                        10. @ 5,9}           \n                        11.{ F ~Q(a) 8        \n                        12. @ 7,11} \n                    </proof>'}, {'role': 'user', 'content': ""Prove '|- Ex P(x)->~Ax ~P(x)', using the analytical tableau method. Final answer using the notation described.""}, {'role': 'assistant', 'content': '<proof>\n                        1. T Ex (P(x)&~Q(x)) pre \n                        2. F ~Ax (P(x)->Q(x)) conclusion \n                        3. T (P(a)&~Q(a)) 1 \n                        4. T P(a) 3 \n                        5. T ~Q(a) 3 \n                        6. T Ax (P(x)->Q(x)) 2 \n                        7. T (P(a)->Q(a)) 6 \n                        8.{ F P(a) 7 \n                        9. @ 4,8} \n                        10.{ T Q(a) 7 \n                        11. F Q(a) 5  \n                        12. @ 10,11} \n                    </proof>'}, {'role': 'user', 'content': ""Prove'Ax (~B(x)|~C(x)) |- ~Ex (B(x)&C(x))' using the analytical tableau method. Only one final answer, surrounded by <proof>...</proof>, using the notation described.""}]","<proof>
1. T Ax (~B(x)|~C(x)) pre
2. T Ex (B(x)&C(x)) conclusion
3. T (B(a)&C(a)) 2
4. T B(a) 3
5. T C(a) 3
6. T (~B(a)|~C(a)) 1
7.{ T ~B(a) 6
8. @ 4,7}
9.{ T ~C(a) 6
10. @ 5,9}
</proof>","1. T Ax (~B(x)|~C(x)) pre
2. T Ex (B(x)&C(x)) conclusion
3. T (B(a)&C(a)) 2
4. T B(a) 3
5. T C(a) 3
6. T (~B(a)|~C(a)) 1
7.{ T ~B(a) 6
8. @ 4,7}
9.{ T ~C(a) 6
10. @ 5,9}","The following errors were found:

Error in line 2:
2. T Ex (B(x)&C(x)) conclusion
   ^, The conclusion must have a truth value F.
Error in line 8:
8. @ 4,7}
     ^, None of the formulas referenced by the lines contradict the other formula.
Error in line 10:
10. @ 5,9}
      ^, None of the formulas referenced by the lines contradict the other formula.",40.39592957496643,stop,1652,1167
~Ex (B(x)|C(x)) |- Ax (~B(x)&~C(x)),"[{'role': 'system', 'content': ""\nYou are an expert in logic using the semantic Tableaux method. \nYou will receive a first order logic formula and must prove its validity using the semantic tableau method, represent the proof in a Fitch-like notation, following these formatting instructions:\n\n### FORMAT OF PROOF LINES: \nExpanding proof line must be structured like: '<line_number>. <T_or_F> <formula> <origin>'\n- <line_number>: sequential integer, always ending with a dot ('1.', '2.', '3.', ...)\n- <T_or_F> → T for true formulas, F for false formulas. \n- <formula>: the formula derived on that line\n- <origin> is exactly one of:\n    pre (for premises)\n    conclusion (for the conclusion)\n    a comma-separated list of line numbers indicating the formula(s) used to derive the current line (e.g. '1', '3', '1,3')\n\n### BRANCHING FORMAT \nUse curly braces { and } to open and close branches. \n{ must appear immediately after the line number that opens a branch (e.g. '8.{ F A|B 3') \n} must appear at the end of the line that closes that branch (e.g. '12. @ 5,7}'). Exception: the main (initial) branch does not require a closing }, since it is not opened by {.\nBranches may be nested. But a formula may only be used at a given point if it appeared earlier in the same branch or an outer (enclosing) branch to the current branch. Formulas from closed branches or sibling branches must not be used.\n\n### SYMBOLS \nUse the following symbols for logical operations: \n & = conjunction (and), \n | = disjunction (or), \n ~ = negation (not), \n -> = implication (implies).\n\nQuantifiers symbols:  \n    Ax represents ∀x  \n    Ex represents ∃x\nSo formulas with ∀x and ∃x will be represented by Ax and Ex (A and E followed by the variable x). For example, Ax (H(x)->M(x)) represents ∀x (H(x)→M(x)).\n\n###CONVENTIONS\nAtoms: only uppercase letters not immediately followed by parentesis (e.g. P, Q, R).\nPredicates: uppercase letters immediately followed by parentesis (e.g. H(x), M(y), Q(a,b) ). All predicates must use parentheses.\nVariables: first letter in lowercase, can be followed by letters and numbers (e.g., x, x0, xP0).\n\nWrite only the final proof in <proof>...</proof> tags. Only use <proof>...</proof> tags ONCE. Omit names of the rules. Only use these symbols inside the proof '&' , '->', '~', '|', '@', '(', ')', '{', '}', 'Ax', 'Ex'.\nDo not include explanations, commentary, or extra text inside and outside the <proof>...</proof> tags.\n""}, {'role': 'user', 'content': ""Prove 'Ex P(x), Ax (P(x)->Q(x)) |- Ex Q(x)', using the analytical tableau method. Final answer using the notation described. ""}, {'role': 'assistant', 'content': ' <proof>\n                        1. T Ex P(x) pre\n                        2. T Ax (P(x)->Q(x)) pre\n                        3. F Ex Q(x) conclusion\n                        4. T P(a) 1 \n                        5. T (P(a)->Q(a)) 2 \n                        6. F Q(a) 3 \n                        7.{ F P(a) 5 \n                        8. @ 4,7}    \n                        9.{ T Q(a) 5 \n                        10. @ 6,9}   \n                    </proof>'}, {'role': 'user', 'content': ""Prove 'Ax (P(x)|P(x)) |- Ax P(x)', using the analytical tableau method. Final answer using the notation described.""}, {'role': 'assistant', 'content': ' <proof>\n                            1. T Ax (P(x)|P(x)) pre \n                            2. F Ax P(x) conclusion\n                            3. F P(a) 2          \n                            4. T (P(a)|P(a)) 1   \n                            5.{ T P(a) 4         \n                            6. @ 3,5}            \n                            7.{ T P(a) 4         \n                            8. @ 3,7}            \n                        </proof>'}, {'role': 'user', 'content': ""Prove '|- Ex (D(x)&K(x))->(Ex D(x)|Ex K(x))', using the analytical tableau method. Final answer using the notation described.""}, {'role': 'assistant', 'content': '<proof>\n                            1. F (Ex (D(x)&K(x)) -> (Ex D(x) | Ex K(x))) conclusion\n                            2. T Ex (D(x)&K(x)) 1 \n                            3. F (Ex D(x) | Ex K(x)) 1\n                            4. T (D(a)&K(a)) 2 \n                            5. T D(a) 4 \n                            6. T K(a) 4 \n                            7. F Ex D(x) 3 \n                            8. F Ex K(x) 3 \n                            9. F D(a) 7 \n                            10. @ 5,9 \n                        </proof>'}, {'role': 'user', 'content': ""Prove 'Ax ~(P(x)&~Q(x)), Ax ~Q(x) |- Ax ~P(x)', using the analytical tableau method. Final answer using the notation described.""}, {'role': 'assistant', 'content': '<proof>\n                        1. T Ax ~(P(x)&~Q(x)) pre \n                        2. T Ax ~Q(x) pre \n                        3. F Ax ~P(x) conclusion \n                        4. F ~P(a) 3         \n                        5. T P(a) 4           \n                        6. T ~(P(a)&~Q(a)) 1  \n                        7. T ~Q(a) 2          \n                        8. F (P(a)&~Q(a)) 6   \n                        9.{ F P(a) 8          \n                        10. @ 5,9}           \n                        11.{ F ~Q(a) 8        \n                        12. @ 7,11} \n                    </proof>'}, {'role': 'user', 'content': ""Prove '|- Ex P(x)->~Ax ~P(x)', using the analytical tableau method. Final answer using the notation described.""}, {'role': 'assistant', 'content': '<proof>\n                        1. T Ex (P(x)&~Q(x)) pre \n                        2. F ~Ax (P(x)->Q(x)) conclusion \n                        3. T (P(a)&~Q(a)) 1 \n                        4. T P(a) 3 \n                        5. T ~Q(a) 3 \n                        6. T Ax (P(x)->Q(x)) 2 \n                        7. T (P(a)->Q(a)) 6 \n                        8.{ F P(a) 7 \n                        9. @ 4,8} \n                        10.{ T Q(a) 7 \n                        11. F Q(a) 5  \n                        12. @ 10,11} \n                    </proof>'}, {'role': 'user', 'content': ""Prove'~Ex (B(x)|C(x)) |- Ax (~B(x)&~C(x))' using the analytical tableau method. Only one final answer, surrounded by <proof>...</proof>, using the notation described.""}]","<proof>
1. T ~Ex (B(x)|C(x)) pre
2. F Ax (~B(x)&~C(x)) conclusion
3. T Ax ~(B(x)|C(x)) 1
4. T ~(B(a)|C(a)) 3
5. F B(a) 4
6. F C(a) 4
7. F (~B(a)&~C(a)) 2
8.{ F ~B(a) 7
9. T B(a) 8
10. @ 5,9}
11.{ F ~C(a) 7
12. T C(a) 11
13. @ 6,12}
</proof>","1. T ~Ex (B(x)|C(x)) pre
2. F Ax (~B(x)&~C(x)) conclusion
3. T Ax ~(B(x)|C(x)) 1
4. T ~(B(a)|C(a)) 3
5. F B(a) 4
6. F C(a) 4
7. F (~B(a)&~C(a)) 2
8.{ F ~B(a) 7
9. T B(a) 8
10. @ 5,9}
11.{ F ~C(a) 7
12. T C(a) 11
13. @ 6,12}","The following errors were found:

Error in line 3:
3. T Ax ~(B(x)|C(x)) 1
   ^, The truth value should be F for this rule.
Error in line 3:
3. T Ax ~(B(x)|C(x)) 1
                     ^, Formula Ax ~(B(x)|C(x)) is not a valid result for this rule.
Error in line 5:
5. F B(a) 4
          ^, Formula B(a) is not a valid result for this rule.
Error in line 6:
6. F C(a) 4
          ^, Formula C(a) is not a valid result for this rule.
Error in line 6:
6. F C(a) 4
          ^, The reference rule on the 6 line can only be used once in this branch.
Error in line 7:
7. F (~B(a)&~C(a)) 2
     ^, The variable used in this formula ~B(a)&~C(a) is not a new variable and therefore cannot be used in this rule.",75.07820963859558,stop,1652,2128
Ax ((B(x)->C(x))&(C(x)->B(x))) |- Ax (B(x)->C(x)),"[{'role': 'system', 'content': ""\nYou are an expert in logic using the semantic Tableaux method. \nYou will receive a first order logic formula and must prove its validity using the semantic tableau method, represent the proof in a Fitch-like notation, following these formatting instructions:\n\n### FORMAT OF PROOF LINES: \nExpanding proof line must be structured like: '<line_number>. <T_or_F> <formula> <origin>'\n- <line_number>: sequential integer, always ending with a dot ('1.', '2.', '3.', ...)\n- <T_or_F> → T for true formulas, F for false formulas. \n- <formula>: the formula derived on that line\n- <origin> is exactly one of:\n    pre (for premises)\n    conclusion (for the conclusion)\n    a comma-separated list of line numbers indicating the formula(s) used to derive the current line (e.g. '1', '3', '1,3')\n\n### BRANCHING FORMAT \nUse curly braces { and } to open and close branches. \n{ must appear immediately after the line number that opens a branch (e.g. '8.{ F A|B 3') \n} must appear at the end of the line that closes that branch (e.g. '12. @ 5,7}'). Exception: the main (initial) branch does not require a closing }, since it is not opened by {.\nBranches may be nested. But a formula may only be used at a given point if it appeared earlier in the same branch or an outer (enclosing) branch to the current branch. Formulas from closed branches or sibling branches must not be used.\n\n### SYMBOLS \nUse the following symbols for logical operations: \n & = conjunction (and), \n | = disjunction (or), \n ~ = negation (not), \n -> = implication (implies).\n\nQuantifiers symbols:  \n    Ax represents ∀x  \n    Ex represents ∃x\nSo formulas with ∀x and ∃x will be represented by Ax and Ex (A and E followed by the variable x). For example, Ax (H(x)->M(x)) represents ∀x (H(x)→M(x)).\n\n###CONVENTIONS\nAtoms: only uppercase letters not immediately followed by parentesis (e.g. P, Q, R).\nPredicates: uppercase letters immediately followed by parentesis (e.g. H(x), M(y), Q(a,b) ). All predicates must use parentheses.\nVariables: first letter in lowercase, can be followed by letters and numbers (e.g., x, x0, xP0).\n\nWrite only the final proof in <proof>...</proof> tags. Only use <proof>...</proof> tags ONCE. Omit names of the rules. Only use these symbols inside the proof '&' , '->', '~', '|', '@', '(', ')', '{', '}', 'Ax', 'Ex'.\nDo not include explanations, commentary, or extra text inside and outside the <proof>...</proof> tags.\n""}, {'role': 'user', 'content': ""Prove 'Ex P(x), Ax (P(x)->Q(x)) |- Ex Q(x)', using the analytical tableau method. Final answer using the notation described. ""}, {'role': 'assistant', 'content': ' <proof>\n                        1. T Ex P(x) pre\n                        2. T Ax (P(x)->Q(x)) pre\n                        3. F Ex Q(x) conclusion\n                        4. T P(a) 1 \n                        5. T (P(a)->Q(a)) 2 \n                        6. F Q(a) 3 \n                        7.{ F P(a) 5 \n                        8. @ 4,7}    \n                        9.{ T Q(a) 5 \n                        10. @ 6,9}   \n                    </proof>'}, {'role': 'user', 'content': ""Prove 'Ax (P(x)|P(x)) |- Ax P(x)', using the analytical tableau method. Final answer using the notation described.""}, {'role': 'assistant', 'content': ' <proof>\n                            1. T Ax (P(x)|P(x)) pre \n                            2. F Ax P(x) conclusion\n                            3. F P(a) 2          \n                            4. T (P(a)|P(a)) 1   \n                            5.{ T P(a) 4         \n                            6. @ 3,5}            \n                            7.{ T P(a) 4         \n                            8. @ 3,7}            \n                        </proof>'}, {'role': 'user', 'content': ""Prove '|- Ex (D(x)&K(x))->(Ex D(x)|Ex K(x))', using the analytical tableau method. Final answer using the notation described.""}, {'role': 'assistant', 'content': '<proof>\n                            1. F (Ex (D(x)&K(x)) -> (Ex D(x) | Ex K(x))) conclusion\n                            2. T Ex (D(x)&K(x)) 1 \n                            3. F (Ex D(x) | Ex K(x)) 1\n                            4. T (D(a)&K(a)) 2 \n                            5. T D(a) 4 \n                            6. T K(a) 4 \n                            7. F Ex D(x) 3 \n                            8. F Ex K(x) 3 \n                            9. F D(a) 7 \n                            10. @ 5,9 \n                        </proof>'}, {'role': 'user', 'content': ""Prove 'Ax ~(P(x)&~Q(x)), Ax ~Q(x) |- Ax ~P(x)', using the analytical tableau method. Final answer using the notation described.""}, {'role': 'assistant', 'content': '<proof>\n                        1. T Ax ~(P(x)&~Q(x)) pre \n                        2. T Ax ~Q(x) pre \n                        3. F Ax ~P(x) conclusion \n                        4. F ~P(a) 3         \n                        5. T P(a) 4           \n                        6. T ~(P(a)&~Q(a)) 1  \n                        7. T ~Q(a) 2          \n                        8. F (P(a)&~Q(a)) 6   \n                        9.{ F P(a) 8          \n                        10. @ 5,9}           \n                        11.{ F ~Q(a) 8        \n                        12. @ 7,11} \n                    </proof>'}, {'role': 'user', 'content': ""Prove '|- Ex P(x)->~Ax ~P(x)', using the analytical tableau method. Final answer using the notation described.""}, {'role': 'assistant', 'content': '<proof>\n                        1. T Ex (P(x)&~Q(x)) pre \n                        2. F ~Ax (P(x)->Q(x)) conclusion \n                        3. T (P(a)&~Q(a)) 1 \n                        4. T P(a) 3 \n                        5. T ~Q(a) 3 \n                        6. T Ax (P(x)->Q(x)) 2 \n                        7. T (P(a)->Q(a)) 6 \n                        8.{ F P(a) 7 \n                        9. @ 4,8} \n                        10.{ T Q(a) 7 \n                        11. F Q(a) 5  \n                        12. @ 10,11} \n                    </proof>'}, {'role': 'user', 'content': ""Prove'Ax ((B(x)->C(x))&(C(x)->B(x))) |- Ax (B(x)->C(x))' using the analytical tableau method. Only one final answer, surrounded by <proof>...</proof>, using the notation described.""}]","<proof>
1. T Ax ((B(x)->C(x))&(C(x)->B(x))) pre
2. F Ax (B(x)->C(x)) conclusion
3. F (B(a)->C(a)) 2
4. T B(a) 3
5. F C(a) 3
6. T ((B(a)->C(a))&(C(a)->B(a))) 1
7. T (B(a)->C(a)) 6
8. T (C(a)->B(a)) 6
9. @ 3,7
</proof>","1. T Ax ((B(x)->C(x))&(C(x)->B(x))) pre
2. F Ax (B(x)->C(x)) conclusion
3. F (B(a)->C(a)) 2
4. T B(a) 3
5. F C(a) 3
6. T ((B(a)->C(a))&(C(a)->B(a))) 1
7. T (B(a)->C(a)) 6
8. T (C(a)->B(a)) 6
9. @ 3,7",The proof is valid.,26.713721990585327,stop,1657,768
"Ex Ay B(x,y) |- Ay Ex B(x,y)","[{'role': 'system', 'content': ""\nYou are an expert in logic using the semantic Tableaux method. \nYou will receive a first order logic formula and must prove its validity using the semantic tableau method, represent the proof in a Fitch-like notation, following these formatting instructions:\n\n### FORMAT OF PROOF LINES: \nExpanding proof line must be structured like: '<line_number>. <T_or_F> <formula> <origin>'\n- <line_number>: sequential integer, always ending with a dot ('1.', '2.', '3.', ...)\n- <T_or_F> → T for true formulas, F for false formulas. \n- <formula>: the formula derived on that line\n- <origin> is exactly one of:\n    pre (for premises)\n    conclusion (for the conclusion)\n    a comma-separated list of line numbers indicating the formula(s) used to derive the current line (e.g. '1', '3', '1,3')\n\n### BRANCHING FORMAT \nUse curly braces { and } to open and close branches. \n{ must appear immediately after the line number that opens a branch (e.g. '8.{ F A|B 3') \n} must appear at the end of the line that closes that branch (e.g. '12. @ 5,7}'). Exception: the main (initial) branch does not require a closing }, since it is not opened by {.\nBranches may be nested. But a formula may only be used at a given point if it appeared earlier in the same branch or an outer (enclosing) branch to the current branch. Formulas from closed branches or sibling branches must not be used.\n\n### SYMBOLS \nUse the following symbols for logical operations: \n & = conjunction (and), \n | = disjunction (or), \n ~ = negation (not), \n -> = implication (implies).\n\nQuantifiers symbols:  \n    Ax represents ∀x  \n    Ex represents ∃x\nSo formulas with ∀x and ∃x will be represented by Ax and Ex (A and E followed by the variable x). For example, Ax (H(x)->M(x)) represents ∀x (H(x)→M(x)).\n\n###CONVENTIONS\nAtoms: only uppercase letters not immediately followed by parentesis (e.g. P, Q, R).\nPredicates: uppercase letters immediately followed by parentesis (e.g. H(x), M(y), Q(a,b) ). All predicates must use parentheses.\nVariables: first letter in lowercase, can be followed by letters and numbers (e.g., x, x0, xP0).\n\nWrite only the final proof in <proof>...</proof> tags. Only use <proof>...</proof> tags ONCE. Omit names of the rules. Only use these symbols inside the proof '&' , '->', '~', '|', '@', '(', ')', '{', '}', 'Ax', 'Ex'.\nDo not include explanations, commentary, or extra text inside and outside the <proof>...</proof> tags.\n""}, {'role': 'user', 'content': ""Prove 'Ex P(x), Ax (P(x)->Q(x)) |- Ex Q(x)', using the analytical tableau method. Final answer using the notation described. ""}, {'role': 'assistant', 'content': ' <proof>\n                        1. T Ex P(x) pre\n                        2. T Ax (P(x)->Q(x)) pre\n                        3. F Ex Q(x) conclusion\n                        4. T P(a) 1 \n                        5. T (P(a)->Q(a)) 2 \n                        6. F Q(a) 3 \n                        7.{ F P(a) 5 \n                        8. @ 4,7}    \n                        9.{ T Q(a) 5 \n                        10. @ 6,9}   \n                    </proof>'}, {'role': 'user', 'content': ""Prove 'Ax (P(x)|P(x)) |- Ax P(x)', using the analytical tableau method. Final answer using the notation described.""}, {'role': 'assistant', 'content': ' <proof>\n                            1. T Ax (P(x)|P(x)) pre \n                            2. F Ax P(x) conclusion\n                            3. F P(a) 2          \n                            4. T (P(a)|P(a)) 1   \n                            5.{ T P(a) 4         \n                            6. @ 3,5}            \n                            7.{ T P(a) 4         \n                            8. @ 3,7}            \n                        </proof>'}, {'role': 'user', 'content': ""Prove '|- Ex (D(x)&K(x))->(Ex D(x)|Ex K(x))', using the analytical tableau method. Final answer using the notation described.""}, {'role': 'assistant', 'content': '<proof>\n                            1. F (Ex (D(x)&K(x)) -> (Ex D(x) | Ex K(x))) conclusion\n                            2. T Ex (D(x)&K(x)) 1 \n                            3. F (Ex D(x) | Ex K(x)) 1\n                            4. T (D(a)&K(a)) 2 \n                            5. T D(a) 4 \n                            6. T K(a) 4 \n                            7. F Ex D(x) 3 \n                            8. F Ex K(x) 3 \n                            9. F D(a) 7 \n                            10. @ 5,9 \n                        </proof>'}, {'role': 'user', 'content': ""Prove 'Ax ~(P(x)&~Q(x)), Ax ~Q(x) |- Ax ~P(x)', using the analytical tableau method. Final answer using the notation described.""}, {'role': 'assistant', 'content': '<proof>\n                        1. T Ax ~(P(x)&~Q(x)) pre \n                        2. T Ax ~Q(x) pre \n                        3. F Ax ~P(x) conclusion \n                        4. F ~P(a) 3         \n                        5. T P(a) 4           \n                        6. T ~(P(a)&~Q(a)) 1  \n                        7. T ~Q(a) 2          \n                        8. F (P(a)&~Q(a)) 6   \n                        9.{ F P(a) 8          \n                        10. @ 5,9}           \n                        11.{ F ~Q(a) 8        \n                        12. @ 7,11} \n                    </proof>'}, {'role': 'user', 'content': ""Prove '|- Ex P(x)->~Ax ~P(x)', using the analytical tableau method. Final answer using the notation described.""}, {'role': 'assistant', 'content': '<proof>\n                        1. T Ex (P(x)&~Q(x)) pre \n                        2. F ~Ax (P(x)->Q(x)) conclusion \n                        3. T (P(a)&~Q(a)) 1 \n                        4. T P(a) 3 \n                        5. T ~Q(a) 3 \n                        6. T Ax (P(x)->Q(x)) 2 \n                        7. T (P(a)->Q(a)) 6 \n                        8.{ F P(a) 7 \n                        9. @ 4,8} \n                        10.{ T Q(a) 7 \n                        11. F Q(a) 5  \n                        12. @ 10,11} \n                    </proof>'}, {'role': 'user', 'content': ""Prove'Ex Ay B(x,y) |- Ay Ex B(x,y)' using the analytical tableau method. Only one final answer, surrounded by <proof>...</proof>, using the notation described.""}]","<proof>
1. T Ex Ay B(x,y) pre
2. F Ay Ex B(x,y) conclusion
3. T Ay B(a,y) 1
4. F Ex B(x,b) 2
5. T B(a,b) 3
6. F B(a,b) 4
7. @ 5,6
</proof>","1. T Ex Ay B(x,y) pre
2. F Ay Ex B(x,y) conclusion
3. T Ay B(a,y) 1
4. F Ex B(x,b) 2
5. T B(a,b) 3
6. F B(a,b) 4
7. @ 5,6",The proof is valid.,77.39335441589355,stop,1645,2182
"Ax (B(x)->C(x)), ~Ex C(x) |- ~Ex B(x)","[{'role': 'system', 'content': ""\nYou are an expert in logic using the semantic Tableaux method. \nYou will receive a first order logic formula and must prove its validity using the semantic tableau method, represent the proof in a Fitch-like notation, following these formatting instructions:\n\n### FORMAT OF PROOF LINES: \nExpanding proof line must be structured like: '<line_number>. <T_or_F> <formula> <origin>'\n- <line_number>: sequential integer, always ending with a dot ('1.', '2.', '3.', ...)\n- <T_or_F> → T for true formulas, F for false formulas. \n- <formula>: the formula derived on that line\n- <origin> is exactly one of:\n    pre (for premises)\n    conclusion (for the conclusion)\n    a comma-separated list of line numbers indicating the formula(s) used to derive the current line (e.g. '1', '3', '1,3')\n\n### BRANCHING FORMAT \nUse curly braces { and } to open and close branches. \n{ must appear immediately after the line number that opens a branch (e.g. '8.{ F A|B 3') \n} must appear at the end of the line that closes that branch (e.g. '12. @ 5,7}'). Exception: the main (initial) branch does not require a closing }, since it is not opened by {.\nBranches may be nested. But a formula may only be used at a given point if it appeared earlier in the same branch or an outer (enclosing) branch to the current branch. Formulas from closed branches or sibling branches must not be used.\n\n### SYMBOLS \nUse the following symbols for logical operations: \n & = conjunction (and), \n | = disjunction (or), \n ~ = negation (not), \n -> = implication (implies).\n\nQuantifiers symbols:  \n    Ax represents ∀x  \n    Ex represents ∃x\nSo formulas with ∀x and ∃x will be represented by Ax and Ex (A and E followed by the variable x). For example, Ax (H(x)->M(x)) represents ∀x (H(x)→M(x)).\n\n###CONVENTIONS\nAtoms: only uppercase letters not immediately followed by parentesis (e.g. P, Q, R).\nPredicates: uppercase letters immediately followed by parentesis (e.g. H(x), M(y), Q(a,b) ). All predicates must use parentheses.\nVariables: first letter in lowercase, can be followed by letters and numbers (e.g., x, x0, xP0).\n\nWrite only the final proof in <proof>...</proof> tags. Only use <proof>...</proof> tags ONCE. Omit names of the rules. Only use these symbols inside the proof '&' , '->', '~', '|', '@', '(', ')', '{', '}', 'Ax', 'Ex'.\nDo not include explanations, commentary, or extra text inside and outside the <proof>...</proof> tags.\n""}, {'role': 'user', 'content': ""Prove 'Ex P(x), Ax (P(x)->Q(x)) |- Ex Q(x)', using the analytical tableau method. Final answer using the notation described. ""}, {'role': 'assistant', 'content': ' <proof>\n                        1. T Ex P(x) pre\n                        2. T Ax (P(x)->Q(x)) pre\n                        3. F Ex Q(x) conclusion\n                        4. T P(a) 1 \n                        5. T (P(a)->Q(a)) 2 \n                        6. F Q(a) 3 \n                        7.{ F P(a) 5 \n                        8. @ 4,7}    \n                        9.{ T Q(a) 5 \n                        10. @ 6,9}   \n                    </proof>'}, {'role': 'user', 'content': ""Prove 'Ax (P(x)|P(x)) |- Ax P(x)', using the analytical tableau method. Final answer using the notation described.""}, {'role': 'assistant', 'content': ' <proof>\n                            1. T Ax (P(x)|P(x)) pre \n                            2. F Ax P(x) conclusion\n                            3. F P(a) 2          \n                            4. T (P(a)|P(a)) 1   \n                            5.{ T P(a) 4         \n                            6. @ 3,5}            \n                            7.{ T P(a) 4         \n                            8. @ 3,7}            \n                        </proof>'}, {'role': 'user', 'content': ""Prove '|- Ex (D(x)&K(x))->(Ex D(x)|Ex K(x))', using the analytical tableau method. Final answer using the notation described.""}, {'role': 'assistant', 'content': '<proof>\n                            1. F (Ex (D(x)&K(x)) -> (Ex D(x) | Ex K(x))) conclusion\n                            2. T Ex (D(x)&K(x)) 1 \n                            3. F (Ex D(x) | Ex K(x)) 1\n                            4. T (D(a)&K(a)) 2 \n                            5. T D(a) 4 \n                            6. T K(a) 4 \n                            7. F Ex D(x) 3 \n                            8. F Ex K(x) 3 \n                            9. F D(a) 7 \n                            10. @ 5,9 \n                        </proof>'}, {'role': 'user', 'content': ""Prove 'Ax ~(P(x)&~Q(x)), Ax ~Q(x) |- Ax ~P(x)', using the analytical tableau method. Final answer using the notation described.""}, {'role': 'assistant', 'content': '<proof>\n                        1. T Ax ~(P(x)&~Q(x)) pre \n                        2. T Ax ~Q(x) pre \n                        3. F Ax ~P(x) conclusion \n                        4. F ~P(a) 3         \n                        5. T P(a) 4           \n                        6. T ~(P(a)&~Q(a)) 1  \n                        7. T ~Q(a) 2          \n                        8. F (P(a)&~Q(a)) 6   \n                        9.{ F P(a) 8          \n                        10. @ 5,9}           \n                        11.{ F ~Q(a) 8        \n                        12. @ 7,11} \n                    </proof>'}, {'role': 'user', 'content': ""Prove '|- Ex P(x)->~Ax ~P(x)', using the analytical tableau method. Final answer using the notation described.""}, {'role': 'assistant', 'content': '<proof>\n                        1. T Ex (P(x)&~Q(x)) pre \n                        2. F ~Ax (P(x)->Q(x)) conclusion \n                        3. T (P(a)&~Q(a)) 1 \n                        4. T P(a) 3 \n                        5. T ~Q(a) 3 \n                        6. T Ax (P(x)->Q(x)) 2 \n                        7. T (P(a)->Q(a)) 6 \n                        8.{ F P(a) 7 \n                        9. @ 4,8} \n                        10.{ T Q(a) 7 \n                        11. F Q(a) 5  \n                        12. @ 10,11} \n                    </proof>'}, {'role': 'user', 'content': ""Prove'Ax (B(x)->C(x)), ~Ex C(x) |- ~Ex B(x)' using the analytical tableau method. Only one final answer, surrounded by <proof>...</proof>, using the notation described.""}]","<proof>
1. T Ax (B(x)->C(x)) pre
2. T ~Ex C(x) pre
3. F ~Ex B(x) conclusion
4. T Ax ~C(x) 2
5. T Ex B(x) 3
6. T (B(a)->C(a)) 1
7. T ~C(a) 4
8. T B(a) 5
9.{ F B(a) 6
10. @ 8,9}
11.{ T C(a) 6
12. @ 7,11}
</proof>","1. T Ax (B(x)->C(x)) pre
2. T ~Ex C(x) pre
3. F ~Ex B(x) conclusion
4. T Ax ~C(x) 2
5. T Ex B(x) 3
6. T (B(a)->C(a)) 1
7. T ~C(a) 4
8. T B(a) 5
9.{ F B(a) 6
10. @ 8,9}
11.{ T C(a) 6
12. @ 7,11}","The following errors were found:

Error in line 4:
4. T Ax ~C(x) 2
   ^, The truth value should be F for this rule.
Error in line 4:
4. T Ax ~C(x) 2
              ^, Formula Ax ~C(x) is not a valid result for this rule.
Error in line 8:
8. T B(a) 5
     ^, The variable used in this formula B(a) is not a new variable and therefore cannot be used in this rule.
Error in line 12:
12. @ 7,11}
      ^, None of the formulas referenced by the lines contradict the other formula.",31.22503161430359,stop,1651,895
"Ax (B(x)->C(x)), Ax (C(x)->D(x)), Ex B(x) |- Ex D(x)","[{'role': 'system', 'content': ""\nYou are an expert in logic using the semantic Tableaux method. \nYou will receive a first order logic formula and must prove its validity using the semantic tableau method, represent the proof in a Fitch-like notation, following these formatting instructions:\n\n### FORMAT OF PROOF LINES: \nExpanding proof line must be structured like: '<line_number>. <T_or_F> <formula> <origin>'\n- <line_number>: sequential integer, always ending with a dot ('1.', '2.', '3.', ...)\n- <T_or_F> → T for true formulas, F for false formulas. \n- <formula>: the formula derived on that line\n- <origin> is exactly one of:\n    pre (for premises)\n    conclusion (for the conclusion)\n    a comma-separated list of line numbers indicating the formula(s) used to derive the current line (e.g. '1', '3', '1,3')\n\n### BRANCHING FORMAT \nUse curly braces { and } to open and close branches. \n{ must appear immediately after the line number that opens a branch (e.g. '8.{ F A|B 3') \n} must appear at the end of the line that closes that branch (e.g. '12. @ 5,7}'). Exception: the main (initial) branch does not require a closing }, since it is not opened by {.\nBranches may be nested. But a formula may only be used at a given point if it appeared earlier in the same branch or an outer (enclosing) branch to the current branch. Formulas from closed branches or sibling branches must not be used.\n\n### SYMBOLS \nUse the following symbols for logical operations: \n & = conjunction (and), \n | = disjunction (or), \n ~ = negation (not), \n -> = implication (implies).\n\nQuantifiers symbols:  \n    Ax represents ∀x  \n    Ex represents ∃x\nSo formulas with ∀x and ∃x will be represented by Ax and Ex (A and E followed by the variable x). For example, Ax (H(x)->M(x)) represents ∀x (H(x)→M(x)).\n\n###CONVENTIONS\nAtoms: only uppercase letters not immediately followed by parentesis (e.g. P, Q, R).\nPredicates: uppercase letters immediately followed by parentesis (e.g. H(x), M(y), Q(a,b) ). All predicates must use parentheses.\nVariables: first letter in lowercase, can be followed by letters and numbers (e.g., x, x0, xP0).\n\nWrite only the final proof in <proof>...</proof> tags. Only use <proof>...</proof> tags ONCE. Omit names of the rules. Only use these symbols inside the proof '&' , '->', '~', '|', '@', '(', ')', '{', '}', 'Ax', 'Ex'.\nDo not include explanations, commentary, or extra text inside and outside the <proof>...</proof> tags.\n""}, {'role': 'user', 'content': ""Prove 'Ex P(x), Ax (P(x)->Q(x)) |- Ex Q(x)', using the analytical tableau method. Final answer using the notation described. ""}, {'role': 'assistant', 'content': ' <proof>\n                        1. T Ex P(x) pre\n                        2. T Ax (P(x)->Q(x)) pre\n                        3. F Ex Q(x) conclusion\n                        4. T P(a) 1 \n                        5. T (P(a)->Q(a)) 2 \n                        6. F Q(a) 3 \n                        7.{ F P(a) 5 \n                        8. @ 4,7}    \n                        9.{ T Q(a) 5 \n                        10. @ 6,9}   \n                    </proof>'}, {'role': 'user', 'content': ""Prove 'Ax (P(x)|P(x)) |- Ax P(x)', using the analytical tableau method. Final answer using the notation described.""}, {'role': 'assistant', 'content': ' <proof>\n                            1. T Ax (P(x)|P(x)) pre \n                            2. F Ax P(x) conclusion\n                            3. F P(a) 2          \n                            4. T (P(a)|P(a)) 1   \n                            5.{ T P(a) 4         \n                            6. @ 3,5}            \n                            7.{ T P(a) 4         \n                            8. @ 3,7}            \n                        </proof>'}, {'role': 'user', 'content': ""Prove '|- Ex (D(x)&K(x))->(Ex D(x)|Ex K(x))', using the analytical tableau method. Final answer using the notation described.""}, {'role': 'assistant', 'content': '<proof>\n                            1. F (Ex (D(x)&K(x)) -> (Ex D(x) | Ex K(x))) conclusion\n                            2. T Ex (D(x)&K(x)) 1 \n                            3. F (Ex D(x) | Ex K(x)) 1\n                            4. T (D(a)&K(a)) 2 \n                            5. T D(a) 4 \n                            6. T K(a) 4 \n                            7. F Ex D(x) 3 \n                            8. F Ex K(x) 3 \n                            9. F D(a) 7 \n                            10. @ 5,9 \n                        </proof>'}, {'role': 'user', 'content': ""Prove 'Ax ~(P(x)&~Q(x)), Ax ~Q(x) |- Ax ~P(x)', using the analytical tableau method. Final answer using the notation described.""}, {'role': 'assistant', 'content': '<proof>\n                        1. T Ax ~(P(x)&~Q(x)) pre \n                        2. T Ax ~Q(x) pre \n                        3. F Ax ~P(x) conclusion \n                        4. F ~P(a) 3         \n                        5. T P(a) 4           \n                        6. T ~(P(a)&~Q(a)) 1  \n                        7. T ~Q(a) 2          \n                        8. F (P(a)&~Q(a)) 6   \n                        9.{ F P(a) 8          \n                        10. @ 5,9}           \n                        11.{ F ~Q(a) 8        \n                        12. @ 7,11} \n                    </proof>'}, {'role': 'user', 'content': ""Prove '|- Ex P(x)->~Ax ~P(x)', using the analytical tableau method. Final answer using the notation described.""}, {'role': 'assistant', 'content': '<proof>\n                        1. T Ex (P(x)&~Q(x)) pre \n                        2. F ~Ax (P(x)->Q(x)) conclusion \n                        3. T (P(a)&~Q(a)) 1 \n                        4. T P(a) 3 \n                        5. T ~Q(a) 3 \n                        6. T Ax (P(x)->Q(x)) 2 \n                        7. T (P(a)->Q(a)) 6 \n                        8.{ F P(a) 7 \n                        9. @ 4,8} \n                        10.{ T Q(a) 7 \n                        11. F Q(a) 5  \n                        12. @ 10,11} \n                    </proof>'}, {'role': 'user', 'content': ""Prove'Ax (B(x)->C(x)), Ax (C(x)->D(x)), Ex B(x) |- Ex D(x)' using the analytical tableau method. Only one final answer, surrounded by <proof>...</proof>, using the notation described.""}]","<proof>
1. T Ax (B(x)->C(x)) pre
2. T Ax (C(x)->D(x)) pre
3. T Ex B(x) pre
4. F Ex D(x) conclusion
5. F D(a) 4
6. T B(a) 3
7. T (B(a)->C(a)) 1
8.{ F B(a) 7
9. @ 6,8}
10.{ T C(a) 7
11. T (C(a)->D(a)) 2
12.{ F C(a) 11
13. @ 10,12}
14.{ T D(a) 11
15. @ 5,14}
</proof>","1. T Ax (B(x)->C(x)) pre
2. T Ax (C(x)->D(x)) pre
3. T Ex B(x) pre
4. F Ex D(x) conclusion
5. F D(a) 4
6. T B(a) 3
7. T (B(a)->C(a)) 1
8.{ F B(a) 7
9. @ 6,8}
10.{ T C(a) 7
11. T (C(a)->D(a)) 2
12.{ F C(a) 11
13. @ 10,12}
14.{ T D(a) 11
15. @ 5,14}","The following errors were found:

Error in line 10:
10.{ T C(a) 7
       ^,The open branch must be closed.
Error in line 6:
6. T B(a) 3
     ^, The variable used in this formula B(a) is not a new variable and therefore cannot be used in this rule.",61.092751264572144,stop,1657,1763
Ex ~(B(x)&C(x)) |- Ex (~B(x)|~C(x)),"[{'role': 'system', 'content': ""\nYou are an expert in logic using the semantic Tableaux method. \nYou will receive a first order logic formula and must prove its validity using the semantic tableau method, represent the proof in a Fitch-like notation, following these formatting instructions:\n\n### FORMAT OF PROOF LINES: \nExpanding proof line must be structured like: '<line_number>. <T_or_F> <formula> <origin>'\n- <line_number>: sequential integer, always ending with a dot ('1.', '2.', '3.', ...)\n- <T_or_F> → T for true formulas, F for false formulas. \n- <formula>: the formula derived on that line\n- <origin> is exactly one of:\n    pre (for premises)\n    conclusion (for the conclusion)\n    a comma-separated list of line numbers indicating the formula(s) used to derive the current line (e.g. '1', '3', '1,3')\n\n### BRANCHING FORMAT \nUse curly braces { and } to open and close branches. \n{ must appear immediately after the line number that opens a branch (e.g. '8.{ F A|B 3') \n} must appear at the end of the line that closes that branch (e.g. '12. @ 5,7}'). Exception: the main (initial) branch does not require a closing }, since it is not opened by {.\nBranches may be nested. But a formula may only be used at a given point if it appeared earlier in the same branch or an outer (enclosing) branch to the current branch. Formulas from closed branches or sibling branches must not be used.\n\n### SYMBOLS \nUse the following symbols for logical operations: \n & = conjunction (and), \n | = disjunction (or), \n ~ = negation (not), \n -> = implication (implies).\n\nQuantifiers symbols:  \n    Ax represents ∀x  \n    Ex represents ∃x\nSo formulas with ∀x and ∃x will be represented by Ax and Ex (A and E followed by the variable x). For example, Ax (H(x)->M(x)) represents ∀x (H(x)→M(x)).\n\n###CONVENTIONS\nAtoms: only uppercase letters not immediately followed by parentesis (e.g. P, Q, R).\nPredicates: uppercase letters immediately followed by parentesis (e.g. H(x), M(y), Q(a,b) ). All predicates must use parentheses.\nVariables: first letter in lowercase, can be followed by letters and numbers (e.g., x, x0, xP0).\n\nWrite only the final proof in <proof>...</proof> tags. Only use <proof>...</proof> tags ONCE. Omit names of the rules. Only use these symbols inside the proof '&' , '->', '~', '|', '@', '(', ')', '{', '}', 'Ax', 'Ex'.\nDo not include explanations, commentary, or extra text inside and outside the <proof>...</proof> tags.\n""}, {'role': 'user', 'content': ""Prove 'Ex P(x), Ax (P(x)->Q(x)) |- Ex Q(x)', using the analytical tableau method. Final answer using the notation described. ""}, {'role': 'assistant', 'content': ' <proof>\n                        1. T Ex P(x) pre\n                        2. T Ax (P(x)->Q(x)) pre\n                        3. F Ex Q(x) conclusion\n                        4. T P(a) 1 \n                        5. T (P(a)->Q(a)) 2 \n                        6. F Q(a) 3 \n                        7.{ F P(a) 5 \n                        8. @ 4,7}    \n                        9.{ T Q(a) 5 \n                        10. @ 6,9}   \n                    </proof>'}, {'role': 'user', 'content': ""Prove 'Ax (P(x)|P(x)) |- Ax P(x)', using the analytical tableau method. Final answer using the notation described.""}, {'role': 'assistant', 'content': ' <proof>\n                            1. T Ax (P(x)|P(x)) pre \n                            2. F Ax P(x) conclusion\n                            3. F P(a) 2          \n                            4. T (P(a)|P(a)) 1   \n                            5.{ T P(a) 4         \n                            6. @ 3,5}            \n                            7.{ T P(a) 4         \n                            8. @ 3,7}            \n                        </proof>'}, {'role': 'user', 'content': ""Prove '|- Ex (D(x)&K(x))->(Ex D(x)|Ex K(x))', using the analytical tableau method. Final answer using the notation described.""}, {'role': 'assistant', 'content': '<proof>\n                            1. F (Ex (D(x)&K(x)) -> (Ex D(x) | Ex K(x))) conclusion\n                            2. T Ex (D(x)&K(x)) 1 \n                            3. F (Ex D(x) | Ex K(x)) 1\n                            4. T (D(a)&K(a)) 2 \n                            5. T D(a) 4 \n                            6. T K(a) 4 \n                            7. F Ex D(x) 3 \n                            8. F Ex K(x) 3 \n                            9. F D(a) 7 \n                            10. @ 5,9 \n                        </proof>'}, {'role': 'user', 'content': ""Prove 'Ax ~(P(x)&~Q(x)), Ax ~Q(x) |- Ax ~P(x)', using the analytical tableau method. Final answer using the notation described.""}, {'role': 'assistant', 'content': '<proof>\n                        1. T Ax ~(P(x)&~Q(x)) pre \n                        2. T Ax ~Q(x) pre \n                        3. F Ax ~P(x) conclusion \n                        4. F ~P(a) 3         \n                        5. T P(a) 4           \n                        6. T ~(P(a)&~Q(a)) 1  \n                        7. T ~Q(a) 2          \n                        8. F (P(a)&~Q(a)) 6   \n                        9.{ F P(a) 8          \n                        10. @ 5,9}           \n                        11.{ F ~Q(a) 8        \n                        12. @ 7,11} \n                    </proof>'}, {'role': 'user', 'content': ""Prove '|- Ex P(x)->~Ax ~P(x)', using the analytical tableau method. Final answer using the notation described.""}, {'role': 'assistant', 'content': '<proof>\n                        1. T Ex (P(x)&~Q(x)) pre \n                        2. F ~Ax (P(x)->Q(x)) conclusion \n                        3. T (P(a)&~Q(a)) 1 \n                        4. T P(a) 3 \n                        5. T ~Q(a) 3 \n                        6. T Ax (P(x)->Q(x)) 2 \n                        7. T (P(a)->Q(a)) 6 \n                        8.{ F P(a) 7 \n                        9. @ 4,8} \n                        10.{ T Q(a) 7 \n                        11. F Q(a) 5  \n                        12. @ 10,11} \n                    </proof>'}, {'role': 'user', 'content': ""Prove'Ex ~(B(x)&C(x)) |- Ex (~B(x)|~C(x))' using the analytical tableau method. Only one final answer, surrounded by <proof>...</proof>, using the notation described.""}]","<proof>
1. T Ex ~(B(x)&C(x)) pre
2. F Ex (~B(x)|~C(x)) conclusion
3. T Ax ~(~B(x)|~C(x)) 2
4. T ~(~B(a)|~C(a)) 3
5. T ~(B(a)&C(a)) 1
6. F (B(a)&C(a)) 5
7. F (~B(a) | ~C(a)) 4
8. F ~B(a) 7
9. T B(a) 8
10. F ~C(a) 7
11. T C(a) 10
12.{ F B(a) 6
13. @ 9,12}
14.{ F C(a) 6
15. @ 11,14}
</proof>","1. T Ex ~(B(x)&C(x)) pre
2. F Ex (~B(x)|~C(x)) conclusion
3. T Ax ~(~B(x)|~C(x)) 2
4. T ~(~B(a)|~C(a)) 3
5. T ~(B(a)&C(a)) 1
6. F (B(a)&C(a)) 5
7. F (~B(a) | ~C(a)) 4
8. F ~B(a) 7
9. T B(a) 8
10. F ~C(a) 7
11. T C(a) 10
12.{ F B(a) 6
13. @ 9,12}
14.{ F C(a) 6
15. @ 11,14}","The following errors were found:

Error in line 3:
3. T Ax ~(~B(x)|~C(x)) 2
   ^, The truth value should be F for this rule.
Error in line 3:
3. T Ax ~(~B(x)|~C(x)) 2
     ^, Formula referenced in line 2 is not a existential formula with truth-value T.
Error in line 3:
3. T Ax ~(~B(x)|~C(x)) 2
     ^, Formula Ax ~(~B(x)|~C(x)) is not a valid substitutuion for the existential formula referenced in the line 2.
Error in line 5:
5. T ~(B(a)&C(a)) 1
     ^, The variable used in this formula ~(B(a)&C(a)) is not a new variable and therefore cannot be used in this rule.
Error in line 8:
8. F ~B(a) 7
^, The next line should be the rule |F with the formula ~C(a).
Error in line 10:
10. F ~C(a) 7
^, The previous line should be the |F rule with the formula ~B(a).",112.02617907524107,stop,1651,3170
Ax ~(B(x)|C(x)) |- Ax ~B(x)&Ax ~C(x),"[{'role': 'system', 'content': ""\nYou are an expert in logic using the semantic Tableaux method. \nYou will receive a first order logic formula and must prove its validity using the semantic tableau method, represent the proof in a Fitch-like notation, following these formatting instructions:\n\n### FORMAT OF PROOF LINES: \nExpanding proof line must be structured like: '<line_number>. <T_or_F> <formula> <origin>'\n- <line_number>: sequential integer, always ending with a dot ('1.', '2.', '3.', ...)\n- <T_or_F> → T for true formulas, F for false formulas. \n- <formula>: the formula derived on that line\n- <origin> is exactly one of:\n    pre (for premises)\n    conclusion (for the conclusion)\n    a comma-separated list of line numbers indicating the formula(s) used to derive the current line (e.g. '1', '3', '1,3')\n\n### BRANCHING FORMAT \nUse curly braces { and } to open and close branches. \n{ must appear immediately after the line number that opens a branch (e.g. '8.{ F A|B 3') \n} must appear at the end of the line that closes that branch (e.g. '12. @ 5,7}'). Exception: the main (initial) branch does not require a closing }, since it is not opened by {.\nBranches may be nested. But a formula may only be used at a given point if it appeared earlier in the same branch or an outer (enclosing) branch to the current branch. Formulas from closed branches or sibling branches must not be used.\n\n### SYMBOLS \nUse the following symbols for logical operations: \n & = conjunction (and), \n | = disjunction (or), \n ~ = negation (not), \n -> = implication (implies).\n\nQuantifiers symbols:  \n    Ax represents ∀x  \n    Ex represents ∃x\nSo formulas with ∀x and ∃x will be represented by Ax and Ex (A and E followed by the variable x). For example, Ax (H(x)->M(x)) represents ∀x (H(x)→M(x)).\n\n###CONVENTIONS\nAtoms: only uppercase letters not immediately followed by parentesis (e.g. P, Q, R).\nPredicates: uppercase letters immediately followed by parentesis (e.g. H(x), M(y), Q(a,b) ). All predicates must use parentheses.\nVariables: first letter in lowercase, can be followed by letters and numbers (e.g., x, x0, xP0).\n\nWrite only the final proof in <proof>...</proof> tags. Only use <proof>...</proof> tags ONCE. Omit names of the rules. Only use these symbols inside the proof '&' , '->', '~', '|', '@', '(', ')', '{', '}', 'Ax', 'Ex'.\nDo not include explanations, commentary, or extra text inside and outside the <proof>...</proof> tags.\n""}, {'role': 'user', 'content': ""Prove 'Ex P(x), Ax (P(x)->Q(x)) |- Ex Q(x)', using the analytical tableau method. Final answer using the notation described. ""}, {'role': 'assistant', 'content': ' <proof>\n                        1. T Ex P(x) pre\n                        2. T Ax (P(x)->Q(x)) pre\n                        3. F Ex Q(x) conclusion\n                        4. T P(a) 1 \n                        5. T (P(a)->Q(a)) 2 \n                        6. F Q(a) 3 \n                        7.{ F P(a) 5 \n                        8. @ 4,7}    \n                        9.{ T Q(a) 5 \n                        10. @ 6,9}   \n                    </proof>'}, {'role': 'user', 'content': ""Prove 'Ax (P(x)|P(x)) |- Ax P(x)', using the analytical tableau method. Final answer using the notation described.""}, {'role': 'assistant', 'content': ' <proof>\n                            1. T Ax (P(x)|P(x)) pre \n                            2. F Ax P(x) conclusion\n                            3. F P(a) 2          \n                            4. T (P(a)|P(a)) 1   \n                            5.{ T P(a) 4         \n                            6. @ 3,5}            \n                            7.{ T P(a) 4         \n                            8. @ 3,7}            \n                        </proof>'}, {'role': 'user', 'content': ""Prove '|- Ex (D(x)&K(x))->(Ex D(x)|Ex K(x))', using the analytical tableau method. Final answer using the notation described.""}, {'role': 'assistant', 'content': '<proof>\n                            1. F (Ex (D(x)&K(x)) -> (Ex D(x) | Ex K(x))) conclusion\n                            2. T Ex (D(x)&K(x)) 1 \n                            3. F (Ex D(x) | Ex K(x)) 1\n                            4. T (D(a)&K(a)) 2 \n                            5. T D(a) 4 \n                            6. T K(a) 4 \n                            7. F Ex D(x) 3 \n                            8. F Ex K(x) 3 \n                            9. F D(a) 7 \n                            10. @ 5,9 \n                        </proof>'}, {'role': 'user', 'content': ""Prove 'Ax ~(P(x)&~Q(x)), Ax ~Q(x) |- Ax ~P(x)', using the analytical tableau method. Final answer using the notation described.""}, {'role': 'assistant', 'content': '<proof>\n                        1. T Ax ~(P(x)&~Q(x)) pre \n                        2. T Ax ~Q(x) pre \n                        3. F Ax ~P(x) conclusion \n                        4. F ~P(a) 3         \n                        5. T P(a) 4           \n                        6. T ~(P(a)&~Q(a)) 1  \n                        7. T ~Q(a) 2          \n                        8. F (P(a)&~Q(a)) 6   \n                        9.{ F P(a) 8          \n                        10. @ 5,9}           \n                        11.{ F ~Q(a) 8        \n                        12. @ 7,11} \n                    </proof>'}, {'role': 'user', 'content': ""Prove '|- Ex P(x)->~Ax ~P(x)', using the analytical tableau method. Final answer using the notation described.""}, {'role': 'assistant', 'content': '<proof>\n                        1. T Ex (P(x)&~Q(x)) pre \n                        2. F ~Ax (P(x)->Q(x)) conclusion \n                        3. T (P(a)&~Q(a)) 1 \n                        4. T P(a) 3 \n                        5. T ~Q(a) 3 \n                        6. T Ax (P(x)->Q(x)) 2 \n                        7. T (P(a)->Q(a)) 6 \n                        8.{ F P(a) 7 \n                        9. @ 4,8} \n                        10.{ T Q(a) 7 \n                        11. F Q(a) 5  \n                        12. @ 10,11} \n                    </proof>'}, {'role': 'user', 'content': ""Prove'Ax ~(B(x)|C(x)) |- Ax ~B(x)&Ax ~C(x)' using the analytical tableau method. Only one final answer, surrounded by <proof>...</proof>, using the notation described.""}]","<proof>
1. T Ax ~(B(x)|C(x)) pre
2. F Ax ~B(x)&Ax ~C(x) conclusion
3. T ~(B(a)|C(a)) 1
4. F (B(a)|C(a)) 3
5. F B(a) 4
6. F C(a) 4
7.{ F Ax ~B(x) 2
8. F ~B(a) 7
9. T B(a) 8
10. @ 9,5}
11.{ F Ax ~C(x) 2
12. F ~C(a) 11
13. T C(a) 12
14. @ 13,6}
</proof>","1. T Ax ~(B(x)|C(x)) pre
2. F Ax ~B(x)&Ax ~C(x) conclusion
3. T ~(B(a)|C(a)) 1
4. F (B(a)|C(a)) 3
5. F B(a) 4
6. F C(a) 4
7.{ F Ax ~B(x) 2
8. F ~B(a) 7
9. T B(a) 8
10. @ 9,5}
11.{ F Ax ~C(x) 2
12. F ~C(a) 11
13. T C(a) 12
14. @ 13,6}","The following errors were found:

Error in line 8:
8. F ~B(a) 7
     ^, The variable used in this formula ~B(a) is not a new variable and therefore cannot be used in this rule.
Error in line 12:
12. F ~C(a) 11
      ^, The variable used in this formula ~C(a) is not a new variable and therefore cannot be used in this rule.",84.53120160102844,stop,1651,2425
Ax (B(x)->(C(x)&D(x))) |- Ax (B(x)->C(x)),"[{'role': 'system', 'content': ""\nYou are an expert in logic using the semantic Tableaux method. \nYou will receive a first order logic formula and must prove its validity using the semantic tableau method, represent the proof in a Fitch-like notation, following these formatting instructions:\n\n### FORMAT OF PROOF LINES: \nExpanding proof line must be structured like: '<line_number>. <T_or_F> <formula> <origin>'\n- <line_number>: sequential integer, always ending with a dot ('1.', '2.', '3.', ...)\n- <T_or_F> → T for true formulas, F for false formulas. \n- <formula>: the formula derived on that line\n- <origin> is exactly one of:\n    pre (for premises)\n    conclusion (for the conclusion)\n    a comma-separated list of line numbers indicating the formula(s) used to derive the current line (e.g. '1', '3', '1,3')\n\n### BRANCHING FORMAT \nUse curly braces { and } to open and close branches. \n{ must appear immediately after the line number that opens a branch (e.g. '8.{ F A|B 3') \n} must appear at the end of the line that closes that branch (e.g. '12. @ 5,7}'). Exception: the main (initial) branch does not require a closing }, since it is not opened by {.\nBranches may be nested. But a formula may only be used at a given point if it appeared earlier in the same branch or an outer (enclosing) branch to the current branch. Formulas from closed branches or sibling branches must not be used.\n\n### SYMBOLS \nUse the following symbols for logical operations: \n & = conjunction (and), \n | = disjunction (or), \n ~ = negation (not), \n -> = implication (implies).\n\nQuantifiers symbols:  \n    Ax represents ∀x  \n    Ex represents ∃x\nSo formulas with ∀x and ∃x will be represented by Ax and Ex (A and E followed by the variable x). For example, Ax (H(x)->M(x)) represents ∀x (H(x)→M(x)).\n\n###CONVENTIONS\nAtoms: only uppercase letters not immediately followed by parentesis (e.g. P, Q, R).\nPredicates: uppercase letters immediately followed by parentesis (e.g. H(x), M(y), Q(a,b) ). All predicates must use parentheses.\nVariables: first letter in lowercase, can be followed by letters and numbers (e.g., x, x0, xP0).\n\nWrite only the final proof in <proof>...</proof> tags. Only use <proof>...</proof> tags ONCE. Omit names of the rules. Only use these symbols inside the proof '&' , '->', '~', '|', '@', '(', ')', '{', '}', 'Ax', 'Ex'.\nDo not include explanations, commentary, or extra text inside and outside the <proof>...</proof> tags.\n""}, {'role': 'user', 'content': ""Prove 'Ex P(x), Ax (P(x)->Q(x)) |- Ex Q(x)', using the analytical tableau method. Final answer using the notation described. ""}, {'role': 'assistant', 'content': ' <proof>\n                        1. T Ex P(x) pre\n                        2. T Ax (P(x)->Q(x)) pre\n                        3. F Ex Q(x) conclusion\n                        4. T P(a) 1 \n                        5. T (P(a)->Q(a)) 2 \n                        6. F Q(a) 3 \n                        7.{ F P(a) 5 \n                        8. @ 4,7}    \n                        9.{ T Q(a) 5 \n                        10. @ 6,9}   \n                    </proof>'}, {'role': 'user', 'content': ""Prove 'Ax (P(x)|P(x)) |- Ax P(x)', using the analytical tableau method. Final answer using the notation described.""}, {'role': 'assistant', 'content': ' <proof>\n                            1. T Ax (P(x)|P(x)) pre \n                            2. F Ax P(x) conclusion\n                            3. F P(a) 2          \n                            4. T (P(a)|P(a)) 1   \n                            5.{ T P(a) 4         \n                            6. @ 3,5}            \n                            7.{ T P(a) 4         \n                            8. @ 3,7}            \n                        </proof>'}, {'role': 'user', 'content': ""Prove '|- Ex (D(x)&K(x))->(Ex D(x)|Ex K(x))', using the analytical tableau method. Final answer using the notation described.""}, {'role': 'assistant', 'content': '<proof>\n                            1. F (Ex (D(x)&K(x)) -> (Ex D(x) | Ex K(x))) conclusion\n                            2. T Ex (D(x)&K(x)) 1 \n                            3. F (Ex D(x) | Ex K(x)) 1\n                            4. T (D(a)&K(a)) 2 \n                            5. T D(a) 4 \n                            6. T K(a) 4 \n                            7. F Ex D(x) 3 \n                            8. F Ex K(x) 3 \n                            9. F D(a) 7 \n                            10. @ 5,9 \n                        </proof>'}, {'role': 'user', 'content': ""Prove 'Ax ~(P(x)&~Q(x)), Ax ~Q(x) |- Ax ~P(x)', using the analytical tableau method. Final answer using the notation described.""}, {'role': 'assistant', 'content': '<proof>\n                        1. T Ax ~(P(x)&~Q(x)) pre \n                        2. T Ax ~Q(x) pre \n                        3. F Ax ~P(x) conclusion \n                        4. F ~P(a) 3         \n                        5. T P(a) 4           \n                        6. T ~(P(a)&~Q(a)) 1  \n                        7. T ~Q(a) 2          \n                        8. F (P(a)&~Q(a)) 6   \n                        9.{ F P(a) 8          \n                        10. @ 5,9}           \n                        11.{ F ~Q(a) 8        \n                        12. @ 7,11} \n                    </proof>'}, {'role': 'user', 'content': ""Prove '|- Ex P(x)->~Ax ~P(x)', using the analytical tableau method. Final answer using the notation described.""}, {'role': 'assistant', 'content': '<proof>\n                        1. T Ex (P(x)&~Q(x)) pre \n                        2. F ~Ax (P(x)->Q(x)) conclusion \n                        3. T (P(a)&~Q(a)) 1 \n                        4. T P(a) 3 \n                        5. T ~Q(a) 3 \n                        6. T Ax (P(x)->Q(x)) 2 \n                        7. T (P(a)->Q(a)) 6 \n                        8.{ F P(a) 7 \n                        9. @ 4,8} \n                        10.{ T Q(a) 7 \n                        11. F Q(a) 5  \n                        12. @ 10,11} \n                    </proof>'}, {'role': 'user', 'content': ""Prove'Ax (B(x)->(C(x)&D(x))) |- Ax (B(x)->C(x))' using the analytical tableau method. Only one final answer, surrounded by <proof>...</proof>, using the notation described.""}]","<proof>
1. T Ax (B(x)->(C(x)&D(x))) pre
2. F Ax (B(x)->C(x)) conclusion
3. F (B(a)->C(a)) 2
4. T B(a) 3
5. F C(a) 3
6. T (B(a)->(C(a)&D(a))) 1
7.{ F B(a) 6
8. @ 4,7}
9.{ T (C(a)&D(a)) 6
10. T C(a) 9
11. T D(a) 9
12. @ 5,10}
</proof>","1. T Ax (B(x)->(C(x)&D(x))) pre
2. F Ax (B(x)->C(x)) conclusion
3. F (B(a)->C(a)) 2
4. T B(a) 3
5. F C(a) 3
6. T (B(a)->(C(a)&D(a))) 1
7.{ F B(a) 6
8. @ 4,7}
9.{ T (C(a)&D(a)) 6
10. T C(a) 9
11. T D(a) 9
12. @ 5,10}",The proof is valid.,40.88699698448181,stop,1654,1185
Ex B(x)|Ex C(x) |- Ex (B(x)|C(x)),"[{'role': 'system', 'content': ""\nYou are an expert in logic using the semantic Tableaux method. \nYou will receive a first order logic formula and must prove its validity using the semantic tableau method, represent the proof in a Fitch-like notation, following these formatting instructions:\n\n### FORMAT OF PROOF LINES: \nExpanding proof line must be structured like: '<line_number>. <T_or_F> <formula> <origin>'\n- <line_number>: sequential integer, always ending with a dot ('1.', '2.', '3.', ...)\n- <T_or_F> → T for true formulas, F for false formulas. \n- <formula>: the formula derived on that line\n- <origin> is exactly one of:\n    pre (for premises)\n    conclusion (for the conclusion)\n    a comma-separated list of line numbers indicating the formula(s) used to derive the current line (e.g. '1', '3', '1,3')\n\n### BRANCHING FORMAT \nUse curly braces { and } to open and close branches. \n{ must appear immediately after the line number that opens a branch (e.g. '8.{ F A|B 3') \n} must appear at the end of the line that closes that branch (e.g. '12. @ 5,7}'). Exception: the main (initial) branch does not require a closing }, since it is not opened by {.\nBranches may be nested. But a formula may only be used at a given point if it appeared earlier in the same branch or an outer (enclosing) branch to the current branch. Formulas from closed branches or sibling branches must not be used.\n\n### SYMBOLS \nUse the following symbols for logical operations: \n & = conjunction (and), \n | = disjunction (or), \n ~ = negation (not), \n -> = implication (implies).\n\nQuantifiers symbols:  \n    Ax represents ∀x  \n    Ex represents ∃x\nSo formulas with ∀x and ∃x will be represented by Ax and Ex (A and E followed by the variable x). For example, Ax (H(x)->M(x)) represents ∀x (H(x)→M(x)).\n\n###CONVENTIONS\nAtoms: only uppercase letters not immediately followed by parentesis (e.g. P, Q, R).\nPredicates: uppercase letters immediately followed by parentesis (e.g. H(x), M(y), Q(a,b) ). All predicates must use parentheses.\nVariables: first letter in lowercase, can be followed by letters and numbers (e.g., x, x0, xP0).\n\nWrite only the final proof in <proof>...</proof> tags. Only use <proof>...</proof> tags ONCE. Omit names of the rules. Only use these symbols inside the proof '&' , '->', '~', '|', '@', '(', ')', '{', '}', 'Ax', 'Ex'.\nDo not include explanations, commentary, or extra text inside and outside the <proof>...</proof> tags.\n""}, {'role': 'user', 'content': ""Prove 'Ex P(x), Ax (P(x)->Q(x)) |- Ex Q(x)', using the analytical tableau method. Final answer using the notation described. ""}, {'role': 'assistant', 'content': ' <proof>\n                        1. T Ex P(x) pre\n                        2. T Ax (P(x)->Q(x)) pre\n                        3. F Ex Q(x) conclusion\n                        4. T P(a) 1 \n                        5. T (P(a)->Q(a)) 2 \n                        6. F Q(a) 3 \n                        7.{ F P(a) 5 \n                        8. @ 4,7}    \n                        9.{ T Q(a) 5 \n                        10. @ 6,9}   \n                    </proof>'}, {'role': 'user', 'content': ""Prove 'Ax (P(x)|P(x)) |- Ax P(x)', using the analytical tableau method. Final answer using the notation described.""}, {'role': 'assistant', 'content': ' <proof>\n                            1. T Ax (P(x)|P(x)) pre \n                            2. F Ax P(x) conclusion\n                            3. F P(a) 2          \n                            4. T (P(a)|P(a)) 1   \n                            5.{ T P(a) 4         \n                            6. @ 3,5}            \n                            7.{ T P(a) 4         \n                            8. @ 3,7}            \n                        </proof>'}, {'role': 'user', 'content': ""Prove '|- Ex (D(x)&K(x))->(Ex D(x)|Ex K(x))', using the analytical tableau method. Final answer using the notation described.""}, {'role': 'assistant', 'content': '<proof>\n                            1. F (Ex (D(x)&K(x)) -> (Ex D(x) | Ex K(x))) conclusion\n                            2. T Ex (D(x)&K(x)) 1 \n                            3. F (Ex D(x) | Ex K(x)) 1\n                            4. T (D(a)&K(a)) 2 \n                            5. T D(a) 4 \n                            6. T K(a) 4 \n                            7. F Ex D(x) 3 \n                            8. F Ex K(x) 3 \n                            9. F D(a) 7 \n                            10. @ 5,9 \n                        </proof>'}, {'role': 'user', 'content': ""Prove 'Ax ~(P(x)&~Q(x)), Ax ~Q(x) |- Ax ~P(x)', using the analytical tableau method. Final answer using the notation described.""}, {'role': 'assistant', 'content': '<proof>\n                        1. T Ax ~(P(x)&~Q(x)) pre \n                        2. T Ax ~Q(x) pre \n                        3. F Ax ~P(x) conclusion \n                        4. F ~P(a) 3         \n                        5. T P(a) 4           \n                        6. T ~(P(a)&~Q(a)) 1  \n                        7. T ~Q(a) 2          \n                        8. F (P(a)&~Q(a)) 6   \n                        9.{ F P(a) 8          \n                        10. @ 5,9}           \n                        11.{ F ~Q(a) 8        \n                        12. @ 7,11} \n                    </proof>'}, {'role': 'user', 'content': ""Prove '|- Ex P(x)->~Ax ~P(x)', using the analytical tableau method. Final answer using the notation described.""}, {'role': 'assistant', 'content': '<proof>\n                        1. T Ex (P(x)&~Q(x)) pre \n                        2. F ~Ax (P(x)->Q(x)) conclusion \n                        3. T (P(a)&~Q(a)) 1 \n                        4. T P(a) 3 \n                        5. T ~Q(a) 3 \n                        6. T Ax (P(x)->Q(x)) 2 \n                        7. T (P(a)->Q(a)) 6 \n                        8.{ F P(a) 7 \n                        9. @ 4,8} \n                        10.{ T Q(a) 7 \n                        11. F Q(a) 5  \n                        12. @ 10,11} \n                    </proof>'}, {'role': 'user', 'content': ""Prove'Ex B(x)|Ex C(x) |- Ex (B(x)|C(x))' using the analytical tableau method. Only one final answer, surrounded by <proof>...</proof>, using the notation described.""}]","<proof>
1. T (Ex B(x)|Ex C(x)) pre
2. F Ex (B(x)|C(x)) conclusion
3.{ T Ex B(x) 1
4.   T B(a) 3
5.   F (B(a)|C(a)) 2
6.   F B(a) 5
7.   @ 4,6}
8.{ T Ex C(x) 1
9.   T C(a) 8
10.  F (B(a)|C(a)) 2
11.  F C(a) 10
12.  @ 9,11}
</proof>","1. T (Ex B(x)|Ex C(x)) pre
2. F Ex (B(x)|C(x)) conclusion
3.{ T Ex B(x) 1
4.   T B(a) 3
5.   F (B(a)|C(a)) 2
6.   F B(a) 5
7.   @ 4,6}
8.{ T Ex C(x) 1
9.   T C(a) 8
10.  F (B(a)|C(a)) 2
11.  F C(a) 10
12.  @ 9,11}","The following errors were found:

Error in line 6:
6.   F B(a) 5
^, The next line should be the rule |F with the formula C(a).
Error in line 11:
11.  F C(a) 10
^, The previous line should be the |F rule with the formula B(a).",62.26082944869995,stop,1650,1798
Ax B(x)&Ax C(x) |- Ax (B(x)&C(x)),"[{'role': 'system', 'content': ""\nYou are an expert in logic using the semantic Tableaux method. \nYou will receive a first order logic formula and must prove its validity using the semantic tableau method, represent the proof in a Fitch-like notation, following these formatting instructions:\n\n### FORMAT OF PROOF LINES: \nExpanding proof line must be structured like: '<line_number>. <T_or_F> <formula> <origin>'\n- <line_number>: sequential integer, always ending with a dot ('1.', '2.', '3.', ...)\n- <T_or_F> → T for true formulas, F for false formulas. \n- <formula>: the formula derived on that line\n- <origin> is exactly one of:\n    pre (for premises)\n    conclusion (for the conclusion)\n    a comma-separated list of line numbers indicating the formula(s) used to derive the current line (e.g. '1', '3', '1,3')\n\n### BRANCHING FORMAT \nUse curly braces { and } to open and close branches. \n{ must appear immediately after the line number that opens a branch (e.g. '8.{ F A|B 3') \n} must appear at the end of the line that closes that branch (e.g. '12. @ 5,7}'). Exception: the main (initial) branch does not require a closing }, since it is not opened by {.\nBranches may be nested. But a formula may only be used at a given point if it appeared earlier in the same branch or an outer (enclosing) branch to the current branch. Formulas from closed branches or sibling branches must not be used.\n\n### SYMBOLS \nUse the following symbols for logical operations: \n & = conjunction (and), \n | = disjunction (or), \n ~ = negation (not), \n -> = implication (implies).\n\nQuantifiers symbols:  \n    Ax represents ∀x  \n    Ex represents ∃x\nSo formulas with ∀x and ∃x will be represented by Ax and Ex (A and E followed by the variable x). For example, Ax (H(x)->M(x)) represents ∀x (H(x)→M(x)).\n\n###CONVENTIONS\nAtoms: only uppercase letters not immediately followed by parentesis (e.g. P, Q, R).\nPredicates: uppercase letters immediately followed by parentesis (e.g. H(x), M(y), Q(a,b) ). All predicates must use parentheses.\nVariables: first letter in lowercase, can be followed by letters and numbers (e.g., x, x0, xP0).\n\nWrite only the final proof in <proof>...</proof> tags. Only use <proof>...</proof> tags ONCE. Omit names of the rules. Only use these symbols inside the proof '&' , '->', '~', '|', '@', '(', ')', '{', '}', 'Ax', 'Ex'.\nDo not include explanations, commentary, or extra text inside and outside the <proof>...</proof> tags.\n""}, {'role': 'user', 'content': ""Prove 'Ex P(x), Ax (P(x)->Q(x)) |- Ex Q(x)', using the analytical tableau method. Final answer using the notation described. ""}, {'role': 'assistant', 'content': ' <proof>\n                        1. T Ex P(x) pre\n                        2. T Ax (P(x)->Q(x)) pre\n                        3. F Ex Q(x) conclusion\n                        4. T P(a) 1 \n                        5. T (P(a)->Q(a)) 2 \n                        6. F Q(a) 3 \n                        7.{ F P(a) 5 \n                        8. @ 4,7}    \n                        9.{ T Q(a) 5 \n                        10. @ 6,9}   \n                    </proof>'}, {'role': 'user', 'content': ""Prove 'Ax (P(x)|P(x)) |- Ax P(x)', using the analytical tableau method. Final answer using the notation described.""}, {'role': 'assistant', 'content': ' <proof>\n                            1. T Ax (P(x)|P(x)) pre \n                            2. F Ax P(x) conclusion\n                            3. F P(a) 2          \n                            4. T (P(a)|P(a)) 1   \n                            5.{ T P(a) 4         \n                            6. @ 3,5}            \n                            7.{ T P(a) 4         \n                            8. @ 3,7}            \n                        </proof>'}, {'role': 'user', 'content': ""Prove '|- Ex (D(x)&K(x))->(Ex D(x)|Ex K(x))', using the analytical tableau method. Final answer using the notation described.""}, {'role': 'assistant', 'content': '<proof>\n                            1. F (Ex (D(x)&K(x)) -> (Ex D(x) | Ex K(x))) conclusion\n                            2. T Ex (D(x)&K(x)) 1 \n                            3. F (Ex D(x) | Ex K(x)) 1\n                            4. T (D(a)&K(a)) 2 \n                            5. T D(a) 4 \n                            6. T K(a) 4 \n                            7. F Ex D(x) 3 \n                            8. F Ex K(x) 3 \n                            9. F D(a) 7 \n                            10. @ 5,9 \n                        </proof>'}, {'role': 'user', 'content': ""Prove 'Ax ~(P(x)&~Q(x)), Ax ~Q(x) |- Ax ~P(x)', using the analytical tableau method. Final answer using the notation described.""}, {'role': 'assistant', 'content': '<proof>\n                        1. T Ax ~(P(x)&~Q(x)) pre \n                        2. T Ax ~Q(x) pre \n                        3. F Ax ~P(x) conclusion \n                        4. F ~P(a) 3         \n                        5. T P(a) 4           \n                        6. T ~(P(a)&~Q(a)) 1  \n                        7. T ~Q(a) 2          \n                        8. F (P(a)&~Q(a)) 6   \n                        9.{ F P(a) 8          \n                        10. @ 5,9}           \n                        11.{ F ~Q(a) 8        \n                        12. @ 7,11} \n                    </proof>'}, {'role': 'user', 'content': ""Prove '|- Ex P(x)->~Ax ~P(x)', using the analytical tableau method. Final answer using the notation described.""}, {'role': 'assistant', 'content': '<proof>\n                        1. T Ex (P(x)&~Q(x)) pre \n                        2. F ~Ax (P(x)->Q(x)) conclusion \n                        3. T (P(a)&~Q(a)) 1 \n                        4. T P(a) 3 \n                        5. T ~Q(a) 3 \n                        6. T Ax (P(x)->Q(x)) 2 \n                        7. T (P(a)->Q(a)) 6 \n                        8.{ F P(a) 7 \n                        9. @ 4,8} \n                        10.{ T Q(a) 7 \n                        11. F Q(a) 5  \n                        12. @ 10,11} \n                    </proof>'}, {'role': 'user', 'content': ""Prove'Ax B(x)&Ax C(x) |- Ax (B(x)&C(x))' using the analytical tableau method. Only one final answer, surrounded by <proof>...</proof>, using the notation described.""}]","<proof>
1. T (Ax B(x)&Ax C(x)) pre
2. T Ax B(x) 1
3. T Ax C(x) 1
4. F Ax (B(x)&C(x)) conclusion
5. F (B(a)&C(a)) 4
6.{ F B(a) 5
7. T B(a) 2
8. @ 6,7}
9.{ F C(a) 5
10. T C(a) 3
11. @ 9,10}
</proof>","1. T (Ax B(x)&Ax C(x)) pre
2. T Ax B(x) 1
3. T Ax C(x) 1
4. F Ax (B(x)&C(x)) conclusion
5. F (B(a)&C(a)) 4
6.{ F B(a) 5
7. T B(a) 2
8. @ 6,7}
9.{ F C(a) 5
10. T C(a) 3
11. @ 9,10}",The proof is valid.,37.157994747161865,stop,1650,1078
Ax B(x) |- ~Ex ~B(x),"[{'role': 'system', 'content': ""\nYou are an expert in logic using the semantic Tableaux method. \nYou will receive a first order logic formula and must prove its validity using the semantic tableau method, represent the proof in a Fitch-like notation, following these formatting instructions:\n\n### FORMAT OF PROOF LINES: \nExpanding proof line must be structured like: '<line_number>. <T_or_F> <formula> <origin>'\n- <line_number>: sequential integer, always ending with a dot ('1.', '2.', '3.', ...)\n- <T_or_F> → T for true formulas, F for false formulas. \n- <formula>: the formula derived on that line\n- <origin> is exactly one of:\n    pre (for premises)\n    conclusion (for the conclusion)\n    a comma-separated list of line numbers indicating the formula(s) used to derive the current line (e.g. '1', '3', '1,3')\n\n### BRANCHING FORMAT \nUse curly braces { and } to open and close branches. \n{ must appear immediately after the line number that opens a branch (e.g. '8.{ F A|B 3') \n} must appear at the end of the line that closes that branch (e.g. '12. @ 5,7}'). Exception: the main (initial) branch does not require a closing }, since it is not opened by {.\nBranches may be nested. But a formula may only be used at a given point if it appeared earlier in the same branch or an outer (enclosing) branch to the current branch. Formulas from closed branches or sibling branches must not be used.\n\n### SYMBOLS \nUse the following symbols for logical operations: \n & = conjunction (and), \n | = disjunction (or), \n ~ = negation (not), \n -> = implication (implies).\n\nQuantifiers symbols:  \n    Ax represents ∀x  \n    Ex represents ∃x\nSo formulas with ∀x and ∃x will be represented by Ax and Ex (A and E followed by the variable x). For example, Ax (H(x)->M(x)) represents ∀x (H(x)→M(x)).\n\n###CONVENTIONS\nAtoms: only uppercase letters not immediately followed by parentesis (e.g. P, Q, R).\nPredicates: uppercase letters immediately followed by parentesis (e.g. H(x), M(y), Q(a,b) ). All predicates must use parentheses.\nVariables: first letter in lowercase, can be followed by letters and numbers (e.g., x, x0, xP0).\n\nWrite only the final proof in <proof>...</proof> tags. Only use <proof>...</proof> tags ONCE. Omit names of the rules. Only use these symbols inside the proof '&' , '->', '~', '|', '@', '(', ')', '{', '}', 'Ax', 'Ex'.\nDo not include explanations, commentary, or extra text inside and outside the <proof>...</proof> tags.\n""}, {'role': 'user', 'content': ""Prove 'Ex P(x), Ax (P(x)->Q(x)) |- Ex Q(x)', using the analytical tableau method. Final answer using the notation described. ""}, {'role': 'assistant', 'content': ' <proof>\n                        1. T Ex P(x) pre\n                        2. T Ax (P(x)->Q(x)) pre\n                        3. F Ex Q(x) conclusion\n                        4. T P(a) 1 \n                        5. T (P(a)->Q(a)) 2 \n                        6. F Q(a) 3 \n                        7.{ F P(a) 5 \n                        8. @ 4,7}    \n                        9.{ T Q(a) 5 \n                        10. @ 6,9}   \n                    </proof>'}, {'role': 'user', 'content': ""Prove 'Ax (P(x)|P(x)) |- Ax P(x)', using the analytical tableau method. Final answer using the notation described.""}, {'role': 'assistant', 'content': ' <proof>\n                            1. T Ax (P(x)|P(x)) pre \n                            2. F Ax P(x) conclusion\n                            3. F P(a) 2          \n                            4. T (P(a)|P(a)) 1   \n                            5.{ T P(a) 4         \n                            6. @ 3,5}            \n                            7.{ T P(a) 4         \n                            8. @ 3,7}            \n                        </proof>'}, {'role': 'user', 'content': ""Prove '|- Ex (D(x)&K(x))->(Ex D(x)|Ex K(x))', using the analytical tableau method. Final answer using the notation described.""}, {'role': 'assistant', 'content': '<proof>\n                            1. F (Ex (D(x)&K(x)) -> (Ex D(x) | Ex K(x))) conclusion\n                            2. T Ex (D(x)&K(x)) 1 \n                            3. F (Ex D(x) | Ex K(x)) 1\n                            4. T (D(a)&K(a)) 2 \n                            5. T D(a) 4 \n                            6. T K(a) 4 \n                            7. F Ex D(x) 3 \n                            8. F Ex K(x) 3 \n                            9. F D(a) 7 \n                            10. @ 5,9 \n                        </proof>'}, {'role': 'user', 'content': ""Prove 'Ax ~(P(x)&~Q(x)), Ax ~Q(x) |- Ax ~P(x)', using the analytical tableau method. Final answer using the notation described.""}, {'role': 'assistant', 'content': '<proof>\n                        1. T Ax ~(P(x)&~Q(x)) pre \n                        2. T Ax ~Q(x) pre \n                        3. F Ax ~P(x) conclusion \n                        4. F ~P(a) 3         \n                        5. T P(a) 4           \n                        6. T ~(P(a)&~Q(a)) 1  \n                        7. T ~Q(a) 2          \n                        8. F (P(a)&~Q(a)) 6   \n                        9.{ F P(a) 8          \n                        10. @ 5,9}           \n                        11.{ F ~Q(a) 8        \n                        12. @ 7,11} \n                    </proof>'}, {'role': 'user', 'content': ""Prove '|- Ex P(x)->~Ax ~P(x)', using the analytical tableau method. Final answer using the notation described.""}, {'role': 'assistant', 'content': '<proof>\n                        1. T Ex (P(x)&~Q(x)) pre \n                        2. F ~Ax (P(x)->Q(x)) conclusion \n                        3. T (P(a)&~Q(a)) 1 \n                        4. T P(a) 3 \n                        5. T ~Q(a) 3 \n                        6. T Ax (P(x)->Q(x)) 2 \n                        7. T (P(a)->Q(a)) 6 \n                        8.{ F P(a) 7 \n                        9. @ 4,8} \n                        10.{ T Q(a) 7 \n                        11. F Q(a) 5  \n                        12. @ 10,11} \n                    </proof>'}, {'role': 'user', 'content': ""Prove'Ax B(x) |- ~Ex ~B(x)' using the analytical tableau method. Only one final answer, surrounded by <proof>...</proof>, using the notation described.""}]","<proof>
1. T Ax B(x) pre
2. F ~Ex ~B(x) conclusion
3. T Ex ~B(x) 2
4. T ~B(a) 3
5. F B(a) 4
6. T B(a) 1
7. @ 5,6
</proof>","1. T Ax B(x) pre
2. F ~Ex ~B(x) conclusion
3. T Ex ~B(x) 2
4. T ~B(a) 3
5. F B(a) 4
6. T B(a) 1
7. @ 5,6",The proof is valid.,34.87904596328735,stop,1643,1015
~Ex ~B(x) |- Ax B(x),"[{'role': 'system', 'content': ""\nYou are an expert in logic using the semantic Tableaux method. \nYou will receive a first order logic formula and must prove its validity using the semantic tableau method, represent the proof in a Fitch-like notation, following these formatting instructions:\n\n### FORMAT OF PROOF LINES: \nExpanding proof line must be structured like: '<line_number>. <T_or_F> <formula> <origin>'\n- <line_number>: sequential integer, always ending with a dot ('1.', '2.', '3.', ...)\n- <T_or_F> → T for true formulas, F for false formulas. \n- <formula>: the formula derived on that line\n- <origin> is exactly one of:\n    pre (for premises)\n    conclusion (for the conclusion)\n    a comma-separated list of line numbers indicating the formula(s) used to derive the current line (e.g. '1', '3', '1,3')\n\n### BRANCHING FORMAT \nUse curly braces { and } to open and close branches. \n{ must appear immediately after the line number that opens a branch (e.g. '8.{ F A|B 3') \n} must appear at the end of the line that closes that branch (e.g. '12. @ 5,7}'). Exception: the main (initial) branch does not require a closing }, since it is not opened by {.\nBranches may be nested. But a formula may only be used at a given point if it appeared earlier in the same branch or an outer (enclosing) branch to the current branch. Formulas from closed branches or sibling branches must not be used.\n\n### SYMBOLS \nUse the following symbols for logical operations: \n & = conjunction (and), \n | = disjunction (or), \n ~ = negation (not), \n -> = implication (implies).\n\nQuantifiers symbols:  \n    Ax represents ∀x  \n    Ex represents ∃x\nSo formulas with ∀x and ∃x will be represented by Ax and Ex (A and E followed by the variable x). For example, Ax (H(x)->M(x)) represents ∀x (H(x)→M(x)).\n\n###CONVENTIONS\nAtoms: only uppercase letters not immediately followed by parentesis (e.g. P, Q, R).\nPredicates: uppercase letters immediately followed by parentesis (e.g. H(x), M(y), Q(a,b) ). All predicates must use parentheses.\nVariables: first letter in lowercase, can be followed by letters and numbers (e.g., x, x0, xP0).\n\nWrite only the final proof in <proof>...</proof> tags. Only use <proof>...</proof> tags ONCE. Omit names of the rules. Only use these symbols inside the proof '&' , '->', '~', '|', '@', '(', ')', '{', '}', 'Ax', 'Ex'.\nDo not include explanations, commentary, or extra text inside and outside the <proof>...</proof> tags.\n""}, {'role': 'user', 'content': ""Prove 'Ex P(x), Ax (P(x)->Q(x)) |- Ex Q(x)', using the analytical tableau method. Final answer using the notation described. ""}, {'role': 'assistant', 'content': ' <proof>\n                        1. T Ex P(x) pre\n                        2. T Ax (P(x)->Q(x)) pre\n                        3. F Ex Q(x) conclusion\n                        4. T P(a) 1 \n                        5. T (P(a)->Q(a)) 2 \n                        6. F Q(a) 3 \n                        7.{ F P(a) 5 \n                        8. @ 4,7}    \n                        9.{ T Q(a) 5 \n                        10. @ 6,9}   \n                    </proof>'}, {'role': 'user', 'content': ""Prove 'Ax (P(x)|P(x)) |- Ax P(x)', using the analytical tableau method. Final answer using the notation described.""}, {'role': 'assistant', 'content': ' <proof>\n                            1. T Ax (P(x)|P(x)) pre \n                            2. F Ax P(x) conclusion\n                            3. F P(a) 2          \n                            4. T (P(a)|P(a)) 1   \n                            5.{ T P(a) 4         \n                            6. @ 3,5}            \n                            7.{ T P(a) 4         \n                            8. @ 3,7}            \n                        </proof>'}, {'role': 'user', 'content': ""Prove '|- Ex (D(x)&K(x))->(Ex D(x)|Ex K(x))', using the analytical tableau method. Final answer using the notation described.""}, {'role': 'assistant', 'content': '<proof>\n                            1. F (Ex (D(x)&K(x)) -> (Ex D(x) | Ex K(x))) conclusion\n                            2. T Ex (D(x)&K(x)) 1 \n                            3. F (Ex D(x) | Ex K(x)) 1\n                            4. T (D(a)&K(a)) 2 \n                            5. T D(a) 4 \n                            6. T K(a) 4 \n                            7. F Ex D(x) 3 \n                            8. F Ex K(x) 3 \n                            9. F D(a) 7 \n                            10. @ 5,9 \n                        </proof>'}, {'role': 'user', 'content': ""Prove 'Ax ~(P(x)&~Q(x)), Ax ~Q(x) |- Ax ~P(x)', using the analytical tableau method. Final answer using the notation described.""}, {'role': 'assistant', 'content': '<proof>\n                        1. T Ax ~(P(x)&~Q(x)) pre \n                        2. T Ax ~Q(x) pre \n                        3. F Ax ~P(x) conclusion \n                        4. F ~P(a) 3         \n                        5. T P(a) 4           \n                        6. T ~(P(a)&~Q(a)) 1  \n                        7. T ~Q(a) 2          \n                        8. F (P(a)&~Q(a)) 6   \n                        9.{ F P(a) 8          \n                        10. @ 5,9}           \n                        11.{ F ~Q(a) 8        \n                        12. @ 7,11} \n                    </proof>'}, {'role': 'user', 'content': ""Prove '|- Ex P(x)->~Ax ~P(x)', using the analytical tableau method. Final answer using the notation described.""}, {'role': 'assistant', 'content': '<proof>\n                        1. T Ex (P(x)&~Q(x)) pre \n                        2. F ~Ax (P(x)->Q(x)) conclusion \n                        3. T (P(a)&~Q(a)) 1 \n                        4. T P(a) 3 \n                        5. T ~Q(a) 3 \n                        6. T Ax (P(x)->Q(x)) 2 \n                        7. T (P(a)->Q(a)) 6 \n                        8.{ F P(a) 7 \n                        9. @ 4,8} \n                        10.{ T Q(a) 7 \n                        11. F Q(a) 5  \n                        12. @ 10,11} \n                    </proof>'}, {'role': 'user', 'content': ""Prove'~Ex ~B(x) |- Ax B(x)' using the analytical tableau method. Only one final answer, surrounded by <proof>...</proof>, using the notation described.""}]","<proof>
1. T ~Ex ~B(x) pre
2. F Ax B(x) conclusion
3. F Ex ~B(x) 1
4. F B(a) 2
5. F ~B(a) 3
6. T B(a) 5
7. @ 4,6
</proof>","1. T ~Ex ~B(x) pre
2. F Ax B(x) conclusion
3. F Ex ~B(x) 1
4. F B(a) 2
5. F ~B(a) 3
6. T B(a) 5
7. @ 4,6",The proof is valid.,34.408180475234985,stop,1643,996
Ex B(x) |- ~Ax ~B(x),"[{'role': 'system', 'content': ""\nYou are an expert in logic using the semantic Tableaux method. \nYou will receive a first order logic formula and must prove its validity using the semantic tableau method, represent the proof in a Fitch-like notation, following these formatting instructions:\n\n### FORMAT OF PROOF LINES: \nExpanding proof line must be structured like: '<line_number>. <T_or_F> <formula> <origin>'\n- <line_number>: sequential integer, always ending with a dot ('1.', '2.', '3.', ...)\n- <T_or_F> → T for true formulas, F for false formulas. \n- <formula>: the formula derived on that line\n- <origin> is exactly one of:\n    pre (for premises)\n    conclusion (for the conclusion)\n    a comma-separated list of line numbers indicating the formula(s) used to derive the current line (e.g. '1', '3', '1,3')\n\n### BRANCHING FORMAT \nUse curly braces { and } to open and close branches. \n{ must appear immediately after the line number that opens a branch (e.g. '8.{ F A|B 3') \n} must appear at the end of the line that closes that branch (e.g. '12. @ 5,7}'). Exception: the main (initial) branch does not require a closing }, since it is not opened by {.\nBranches may be nested. But a formula may only be used at a given point if it appeared earlier in the same branch or an outer (enclosing) branch to the current branch. Formulas from closed branches or sibling branches must not be used.\n\n### SYMBOLS \nUse the following symbols for logical operations: \n & = conjunction (and), \n | = disjunction (or), \n ~ = negation (not), \n -> = implication (implies).\n\nQuantifiers symbols:  \n    Ax represents ∀x  \n    Ex represents ∃x\nSo formulas with ∀x and ∃x will be represented by Ax and Ex (A and E followed by the variable x). For example, Ax (H(x)->M(x)) represents ∀x (H(x)→M(x)).\n\n###CONVENTIONS\nAtoms: only uppercase letters not immediately followed by parentesis (e.g. P, Q, R).\nPredicates: uppercase letters immediately followed by parentesis (e.g. H(x), M(y), Q(a,b) ). All predicates must use parentheses.\nVariables: first letter in lowercase, can be followed by letters and numbers (e.g., x, x0, xP0).\n\nWrite only the final proof in <proof>...</proof> tags. Only use <proof>...</proof> tags ONCE. Omit names of the rules. Only use these symbols inside the proof '&' , '->', '~', '|', '@', '(', ')', '{', '}', 'Ax', 'Ex'.\nDo not include explanations, commentary, or extra text inside and outside the <proof>...</proof> tags.\n""}, {'role': 'user', 'content': ""Prove 'Ex P(x), Ax (P(x)->Q(x)) |- Ex Q(x)', using the analytical tableau method. Final answer using the notation described. ""}, {'role': 'assistant', 'content': ' <proof>\n                        1. T Ex P(x) pre\n                        2. T Ax (P(x)->Q(x)) pre\n                        3. F Ex Q(x) conclusion\n                        4. T P(a) 1 \n                        5. T (P(a)->Q(a)) 2 \n                        6. F Q(a) 3 \n                        7.{ F P(a) 5 \n                        8. @ 4,7}    \n                        9.{ T Q(a) 5 \n                        10. @ 6,9}   \n                    </proof>'}, {'role': 'user', 'content': ""Prove 'Ax (P(x)|P(x)) |- Ax P(x)', using the analytical tableau method. Final answer using the notation described.""}, {'role': 'assistant', 'content': ' <proof>\n                            1. T Ax (P(x)|P(x)) pre \n                            2. F Ax P(x) conclusion\n                            3. F P(a) 2          \n                            4. T (P(a)|P(a)) 1   \n                            5.{ T P(a) 4         \n                            6. @ 3,5}            \n                            7.{ T P(a) 4         \n                            8. @ 3,7}            \n                        </proof>'}, {'role': 'user', 'content': ""Prove '|- Ex (D(x)&K(x))->(Ex D(x)|Ex K(x))', using the analytical tableau method. Final answer using the notation described.""}, {'role': 'assistant', 'content': '<proof>\n                            1. F (Ex (D(x)&K(x)) -> (Ex D(x) | Ex K(x))) conclusion\n                            2. T Ex (D(x)&K(x)) 1 \n                            3. F (Ex D(x) | Ex K(x)) 1\n                            4. T (D(a)&K(a)) 2 \n                            5. T D(a) 4 \n                            6. T K(a) 4 \n                            7. F Ex D(x) 3 \n                            8. F Ex K(x) 3 \n                            9. F D(a) 7 \n                            10. @ 5,9 \n                        </proof>'}, {'role': 'user', 'content': ""Prove 'Ax ~(P(x)&~Q(x)), Ax ~Q(x) |- Ax ~P(x)', using the analytical tableau method. Final answer using the notation described.""}, {'role': 'assistant', 'content': '<proof>\n                        1. T Ax ~(P(x)&~Q(x)) pre \n                        2. T Ax ~Q(x) pre \n                        3. F Ax ~P(x) conclusion \n                        4. F ~P(a) 3         \n                        5. T P(a) 4           \n                        6. T ~(P(a)&~Q(a)) 1  \n                        7. T ~Q(a) 2          \n                        8. F (P(a)&~Q(a)) 6   \n                        9.{ F P(a) 8          \n                        10. @ 5,9}           \n                        11.{ F ~Q(a) 8        \n                        12. @ 7,11} \n                    </proof>'}, {'role': 'user', 'content': ""Prove '|- Ex P(x)->~Ax ~P(x)', using the analytical tableau method. Final answer using the notation described.""}, {'role': 'assistant', 'content': '<proof>\n                        1. T Ex (P(x)&~Q(x)) pre \n                        2. F ~Ax (P(x)->Q(x)) conclusion \n                        3. T (P(a)&~Q(a)) 1 \n                        4. T P(a) 3 \n                        5. T ~Q(a) 3 \n                        6. T Ax (P(x)->Q(x)) 2 \n                        7. T (P(a)->Q(a)) 6 \n                        8.{ F P(a) 7 \n                        9. @ 4,8} \n                        10.{ T Q(a) 7 \n                        11. F Q(a) 5  \n                        12. @ 10,11} \n                    </proof>'}, {'role': 'user', 'content': ""Prove'Ex B(x) |- ~Ax ~B(x)' using the analytical tableau method. Only one final answer, surrounded by <proof>...</proof>, using the notation described.""}]","<proof>
1. T Ex B(x) pre
2. F ~Ax ~B(x) conclusion
3. T Ax ~B(x) 2
4. T ~B(a) 3
5. F B(a) 4
6. T B(a) 1
7. @ 5,6
</proof>","1. T Ex B(x) pre
2. F ~Ax ~B(x) conclusion
3. T Ax ~B(x) 2
4. T ~B(a) 3
5. F B(a) 4
6. T B(a) 1
7. @ 5,6","The following errors were found:

Error in line 6:
6. T B(a) 1
     ^, The variable used in this formula B(a) is not a new variable and therefore cannot be used in this rule.",44.99401593208313,stop,1643,1312
~Ax ~B(x) |- Ex B(x),"[{'role': 'system', 'content': ""\nYou are an expert in logic using the semantic Tableaux method. \nYou will receive a first order logic formula and must prove its validity using the semantic tableau method, represent the proof in a Fitch-like notation, following these formatting instructions:\n\n### FORMAT OF PROOF LINES: \nExpanding proof line must be structured like: '<line_number>. <T_or_F> <formula> <origin>'\n- <line_number>: sequential integer, always ending with a dot ('1.', '2.', '3.', ...)\n- <T_or_F> → T for true formulas, F for false formulas. \n- <formula>: the formula derived on that line\n- <origin> is exactly one of:\n    pre (for premises)\n    conclusion (for the conclusion)\n    a comma-separated list of line numbers indicating the formula(s) used to derive the current line (e.g. '1', '3', '1,3')\n\n### BRANCHING FORMAT \nUse curly braces { and } to open and close branches. \n{ must appear immediately after the line number that opens a branch (e.g. '8.{ F A|B 3') \n} must appear at the end of the line that closes that branch (e.g. '12. @ 5,7}'). Exception: the main (initial) branch does not require a closing }, since it is not opened by {.\nBranches may be nested. But a formula may only be used at a given point if it appeared earlier in the same branch or an outer (enclosing) branch to the current branch. Formulas from closed branches or sibling branches must not be used.\n\n### SYMBOLS \nUse the following symbols for logical operations: \n & = conjunction (and), \n | = disjunction (or), \n ~ = negation (not), \n -> = implication (implies).\n\nQuantifiers symbols:  \n    Ax represents ∀x  \n    Ex represents ∃x\nSo formulas with ∀x and ∃x will be represented by Ax and Ex (A and E followed by the variable x). For example, Ax (H(x)->M(x)) represents ∀x (H(x)→M(x)).\n\n###CONVENTIONS\nAtoms: only uppercase letters not immediately followed by parentesis (e.g. P, Q, R).\nPredicates: uppercase letters immediately followed by parentesis (e.g. H(x), M(y), Q(a,b) ). All predicates must use parentheses.\nVariables: first letter in lowercase, can be followed by letters and numbers (e.g., x, x0, xP0).\n\nWrite only the final proof in <proof>...</proof> tags. Only use <proof>...</proof> tags ONCE. Omit names of the rules. Only use these symbols inside the proof '&' , '->', '~', '|', '@', '(', ')', '{', '}', 'Ax', 'Ex'.\nDo not include explanations, commentary, or extra text inside and outside the <proof>...</proof> tags.\n""}, {'role': 'user', 'content': ""Prove 'Ex P(x), Ax (P(x)->Q(x)) |- Ex Q(x)', using the analytical tableau method. Final answer using the notation described. ""}, {'role': 'assistant', 'content': ' <proof>\n                        1. T Ex P(x) pre\n                        2. T Ax (P(x)->Q(x)) pre\n                        3. F Ex Q(x) conclusion\n                        4. T P(a) 1 \n                        5. T (P(a)->Q(a)) 2 \n                        6. F Q(a) 3 \n                        7.{ F P(a) 5 \n                        8. @ 4,7}    \n                        9.{ T Q(a) 5 \n                        10. @ 6,9}   \n                    </proof>'}, {'role': 'user', 'content': ""Prove 'Ax (P(x)|P(x)) |- Ax P(x)', using the analytical tableau method. Final answer using the notation described.""}, {'role': 'assistant', 'content': ' <proof>\n                            1. T Ax (P(x)|P(x)) pre \n                            2. F Ax P(x) conclusion\n                            3. F P(a) 2          \n                            4. T (P(a)|P(a)) 1   \n                            5.{ T P(a) 4         \n                            6. @ 3,5}            \n                            7.{ T P(a) 4         \n                            8. @ 3,7}            \n                        </proof>'}, {'role': 'user', 'content': ""Prove '|- Ex (D(x)&K(x))->(Ex D(x)|Ex K(x))', using the analytical tableau method. Final answer using the notation described.""}, {'role': 'assistant', 'content': '<proof>\n                            1. F (Ex (D(x)&K(x)) -> (Ex D(x) | Ex K(x))) conclusion\n                            2. T Ex (D(x)&K(x)) 1 \n                            3. F (Ex D(x) | Ex K(x)) 1\n                            4. T (D(a)&K(a)) 2 \n                            5. T D(a) 4 \n                            6. T K(a) 4 \n                            7. F Ex D(x) 3 \n                            8. F Ex K(x) 3 \n                            9. F D(a) 7 \n                            10. @ 5,9 \n                        </proof>'}, {'role': 'user', 'content': ""Prove 'Ax ~(P(x)&~Q(x)), Ax ~Q(x) |- Ax ~P(x)', using the analytical tableau method. Final answer using the notation described.""}, {'role': 'assistant', 'content': '<proof>\n                        1. T Ax ~(P(x)&~Q(x)) pre \n                        2. T Ax ~Q(x) pre \n                        3. F Ax ~P(x) conclusion \n                        4. F ~P(a) 3         \n                        5. T P(a) 4           \n                        6. T ~(P(a)&~Q(a)) 1  \n                        7. T ~Q(a) 2          \n                        8. F (P(a)&~Q(a)) 6   \n                        9.{ F P(a) 8          \n                        10. @ 5,9}           \n                        11.{ F ~Q(a) 8        \n                        12. @ 7,11} \n                    </proof>'}, {'role': 'user', 'content': ""Prove '|- Ex P(x)->~Ax ~P(x)', using the analytical tableau method. Final answer using the notation described.""}, {'role': 'assistant', 'content': '<proof>\n                        1. T Ex (P(x)&~Q(x)) pre \n                        2. F ~Ax (P(x)->Q(x)) conclusion \n                        3. T (P(a)&~Q(a)) 1 \n                        4. T P(a) 3 \n                        5. T ~Q(a) 3 \n                        6. T Ax (P(x)->Q(x)) 2 \n                        7. T (P(a)->Q(a)) 6 \n                        8.{ F P(a) 7 \n                        9. @ 4,8} \n                        10.{ T Q(a) 7 \n                        11. F Q(a) 5  \n                        12. @ 10,11} \n                    </proof>'}, {'role': 'user', 'content': ""Prove'~Ax ~B(x) |- Ex B(x)' using the analytical tableau method. Only one final answer, surrounded by <proof>...</proof>, using the notation described.""}]","<proof>
1. T ~Ax ~B(x) pre
2. F Ex B(x) conclusion
3. T Ex B(x) 1
4. T B(a) 3
5. F B(a) 2
6. @ 4,5
</proof>","1. T ~Ax ~B(x) pre
2. F Ex B(x) conclusion
3. T Ex B(x) 1
4. T B(a) 3
5. F B(a) 2
6. @ 4,5","The following errors were found:

Error in line 3:
3. T Ex B(x) 1
   ^, The truth value should be F for this rule.
Error in line 3:
3. T Ex B(x) 1
             ^, Formula Ex B(x) is not a valid result for this rule.",38.20943331718445,stop,1643,1049
Ax (B(x)&C(x)) |- Ax B(x)&Ax C(x),"[{'role': 'system', 'content': ""\nYou are an expert in logic using the semantic Tableaux method. \nYou will receive a first order logic formula and must prove its validity using the semantic tableau method, represent the proof in a Fitch-like notation, following these formatting instructions:\n\n### FORMAT OF PROOF LINES: \nExpanding proof line must be structured like: '<line_number>. <T_or_F> <formula> <origin>'\n- <line_number>: sequential integer, always ending with a dot ('1.', '2.', '3.', ...)\n- <T_or_F> → T for true formulas, F for false formulas. \n- <formula>: the formula derived on that line\n- <origin> is exactly one of:\n    pre (for premises)\n    conclusion (for the conclusion)\n    a comma-separated list of line numbers indicating the formula(s) used to derive the current line (e.g. '1', '3', '1,3')\n\n### BRANCHING FORMAT \nUse curly braces { and } to open and close branches. \n{ must appear immediately after the line number that opens a branch (e.g. '8.{ F A|B 3') \n} must appear at the end of the line that closes that branch (e.g. '12. @ 5,7}'). Exception: the main (initial) branch does not require a closing }, since it is not opened by {.\nBranches may be nested. But a formula may only be used at a given point if it appeared earlier in the same branch or an outer (enclosing) branch to the current branch. Formulas from closed branches or sibling branches must not be used.\n\n### SYMBOLS \nUse the following symbols for logical operations: \n & = conjunction (and), \n | = disjunction (or), \n ~ = negation (not), \n -> = implication (implies).\n\nQuantifiers symbols:  \n    Ax represents ∀x  \n    Ex represents ∃x\nSo formulas with ∀x and ∃x will be represented by Ax and Ex (A and E followed by the variable x). For example, Ax (H(x)->M(x)) represents ∀x (H(x)→M(x)).\n\n###CONVENTIONS\nAtoms: only uppercase letters not immediately followed by parentesis (e.g. P, Q, R).\nPredicates: uppercase letters immediately followed by parentesis (e.g. H(x), M(y), Q(a,b) ). All predicates must use parentheses.\nVariables: first letter in lowercase, can be followed by letters and numbers (e.g., x, x0, xP0).\n\nWrite only the final proof in <proof>...</proof> tags. Only use <proof>...</proof> tags ONCE. Omit names of the rules. Only use these symbols inside the proof '&' , '->', '~', '|', '@', '(', ')', '{', '}', 'Ax', 'Ex'.\nDo not include explanations, commentary, or extra text inside and outside the <proof>...</proof> tags.\n""}, {'role': 'user', 'content': ""Prove 'Ex P(x), Ax (P(x)->Q(x)) |- Ex Q(x)', using the analytical tableau method. Final answer using the notation described. ""}, {'role': 'assistant', 'content': ' <proof>\n                        1. T Ex P(x) pre\n                        2. T Ax (P(x)->Q(x)) pre\n                        3. F Ex Q(x) conclusion\n                        4. T P(a) 1 \n                        5. T (P(a)->Q(a)) 2 \n                        6. F Q(a) 3 \n                        7.{ F P(a) 5 \n                        8. @ 4,7}    \n                        9.{ T Q(a) 5 \n                        10. @ 6,9}   \n                    </proof>'}, {'role': 'user', 'content': ""Prove 'Ax (P(x)|P(x)) |- Ax P(x)', using the analytical tableau method. Final answer using the notation described.""}, {'role': 'assistant', 'content': ' <proof>\n                            1. T Ax (P(x)|P(x)) pre \n                            2. F Ax P(x) conclusion\n                            3. F P(a) 2          \n                            4. T (P(a)|P(a)) 1   \n                            5.{ T P(a) 4         \n                            6. @ 3,5}            \n                            7.{ T P(a) 4         \n                            8. @ 3,7}            \n                        </proof>'}, {'role': 'user', 'content': ""Prove '|- Ex (D(x)&K(x))->(Ex D(x)|Ex K(x))', using the analytical tableau method. Final answer using the notation described.""}, {'role': 'assistant', 'content': '<proof>\n                            1. F (Ex (D(x)&K(x)) -> (Ex D(x) | Ex K(x))) conclusion\n                            2. T Ex (D(x)&K(x)) 1 \n                            3. F (Ex D(x) | Ex K(x)) 1\n                            4. T (D(a)&K(a)) 2 \n                            5. T D(a) 4 \n                            6. T K(a) 4 \n                            7. F Ex D(x) 3 \n                            8. F Ex K(x) 3 \n                            9. F D(a) 7 \n                            10. @ 5,9 \n                        </proof>'}, {'role': 'user', 'content': ""Prove 'Ax ~(P(x)&~Q(x)), Ax ~Q(x) |- Ax ~P(x)', using the analytical tableau method. Final answer using the notation described.""}, {'role': 'assistant', 'content': '<proof>\n                        1. T Ax ~(P(x)&~Q(x)) pre \n                        2. T Ax ~Q(x) pre \n                        3. F Ax ~P(x) conclusion \n                        4. F ~P(a) 3         \n                        5. T P(a) 4           \n                        6. T ~(P(a)&~Q(a)) 1  \n                        7. T ~Q(a) 2          \n                        8. F (P(a)&~Q(a)) 6   \n                        9.{ F P(a) 8          \n                        10. @ 5,9}           \n                        11.{ F ~Q(a) 8        \n                        12. @ 7,11} \n                    </proof>'}, {'role': 'user', 'content': ""Prove '|- Ex P(x)->~Ax ~P(x)', using the analytical tableau method. Final answer using the notation described.""}, {'role': 'assistant', 'content': '<proof>\n                        1. T Ex (P(x)&~Q(x)) pre \n                        2. F ~Ax (P(x)->Q(x)) conclusion \n                        3. T (P(a)&~Q(a)) 1 \n                        4. T P(a) 3 \n                        5. T ~Q(a) 3 \n                        6. T Ax (P(x)->Q(x)) 2 \n                        7. T (P(a)->Q(a)) 6 \n                        8.{ F P(a) 7 \n                        9. @ 4,8} \n                        10.{ T Q(a) 7 \n                        11. F Q(a) 5  \n                        12. @ 10,11} \n                    </proof>'}, {'role': 'user', 'content': ""Prove'Ax (B(x)&C(x)) |- Ax B(x)&Ax C(x)' using the analytical tableau method. Only one final answer, surrounded by <proof>...</proof>, using the notation described.""}]","<proof>
1. T Ax (B(x)&C(x)) pre
2. F (Ax B(x)&Ax C(x)) conclusion
3. T (B(a)&C(a)) 1
4. T B(a) 3
5. T C(a) 3
6.{ F Ax B(x) 2
7.   F B(b) 6
8.   T (B(b)&C(b)) 1
9.   T B(b) 8
10.  @ 7,9}
11.{ F Ax C(x) 2
12.   F C(c) 11
13.   T (B(c)&C(c)) 1
14.   T C(c) 13
15.   @ 12,14}
</proof>","1. T Ax (B(x)&C(x)) pre
2. F (Ax B(x)&Ax C(x)) conclusion
3. T (B(a)&C(a)) 1
4. T B(a) 3
5. T C(a) 3
6.{ F Ax B(x) 2
7.   F B(b) 6
8.   T (B(b)&C(b)) 1
9.   T B(b) 8
10.  @ 7,9}
11.{ F Ax C(x) 2
12.   F C(c) 11
13.   T (B(c)&C(c)) 1
14.   T C(c) 13
15.   @ 12,14}","The following errors were found:

Error in line 9:
9.   T B(b) 8
^, The next line should be the &T rule with the formula C(b).
Error in line 14:
14.   T C(c) 13
^, The previous line should be the &T rule with the formula B(c).",58.28397083282471,stop,1649,1692
"Ax Ay B(x,y) |- Ay Ax B(x,y)","[{'role': 'system', 'content': ""\nYou are an expert in logic using the semantic Tableaux method. \nYou will receive a first order logic formula and must prove its validity using the semantic tableau method, represent the proof in a Fitch-like notation, following these formatting instructions:\n\n### FORMAT OF PROOF LINES: \nExpanding proof line must be structured like: '<line_number>. <T_or_F> <formula> <origin>'\n- <line_number>: sequential integer, always ending with a dot ('1.', '2.', '3.', ...)\n- <T_or_F> → T for true formulas, F for false formulas. \n- <formula>: the formula derived on that line\n- <origin> is exactly one of:\n    pre (for premises)\n    conclusion (for the conclusion)\n    a comma-separated list of line numbers indicating the formula(s) used to derive the current line (e.g. '1', '3', '1,3')\n\n### BRANCHING FORMAT \nUse curly braces { and } to open and close branches. \n{ must appear immediately after the line number that opens a branch (e.g. '8.{ F A|B 3') \n} must appear at the end of the line that closes that branch (e.g. '12. @ 5,7}'). Exception: the main (initial) branch does not require a closing }, since it is not opened by {.\nBranches may be nested. But a formula may only be used at a given point if it appeared earlier in the same branch or an outer (enclosing) branch to the current branch. Formulas from closed branches or sibling branches must not be used.\n\n### SYMBOLS \nUse the following symbols for logical operations: \n & = conjunction (and), \n | = disjunction (or), \n ~ = negation (not), \n -> = implication (implies).\n\nQuantifiers symbols:  \n    Ax represents ∀x  \n    Ex represents ∃x\nSo formulas with ∀x and ∃x will be represented by Ax and Ex (A and E followed by the variable x). For example, Ax (H(x)->M(x)) represents ∀x (H(x)→M(x)).\n\n###CONVENTIONS\nAtoms: only uppercase letters not immediately followed by parentesis (e.g. P, Q, R).\nPredicates: uppercase letters immediately followed by parentesis (e.g. H(x), M(y), Q(a,b) ). All predicates must use parentheses.\nVariables: first letter in lowercase, can be followed by letters and numbers (e.g., x, x0, xP0).\n\nWrite only the final proof in <proof>...</proof> tags. Only use <proof>...</proof> tags ONCE. Omit names of the rules. Only use these symbols inside the proof '&' , '->', '~', '|', '@', '(', ')', '{', '}', 'Ax', 'Ex'.\nDo not include explanations, commentary, or extra text inside and outside the <proof>...</proof> tags.\n""}, {'role': 'user', 'content': ""Prove 'Ex P(x), Ax (P(x)->Q(x)) |- Ex Q(x)', using the analytical tableau method. Final answer using the notation described. ""}, {'role': 'assistant', 'content': ' <proof>\n                        1. T Ex P(x) pre\n                        2. T Ax (P(x)->Q(x)) pre\n                        3. F Ex Q(x) conclusion\n                        4. T P(a) 1 \n                        5. T (P(a)->Q(a)) 2 \n                        6. F Q(a) 3 \n                        7.{ F P(a) 5 \n                        8. @ 4,7}    \n                        9.{ T Q(a) 5 \n                        10. @ 6,9}   \n                    </proof>'}, {'role': 'user', 'content': ""Prove 'Ax (P(x)|P(x)) |- Ax P(x)', using the analytical tableau method. Final answer using the notation described.""}, {'role': 'assistant', 'content': ' <proof>\n                            1. T Ax (P(x)|P(x)) pre \n                            2. F Ax P(x) conclusion\n                            3. F P(a) 2          \n                            4. T (P(a)|P(a)) 1   \n                            5.{ T P(a) 4         \n                            6. @ 3,5}            \n                            7.{ T P(a) 4         \n                            8. @ 3,7}            \n                        </proof>'}, {'role': 'user', 'content': ""Prove '|- Ex (D(x)&K(x))->(Ex D(x)|Ex K(x))', using the analytical tableau method. Final answer using the notation described.""}, {'role': 'assistant', 'content': '<proof>\n                            1. F (Ex (D(x)&K(x)) -> (Ex D(x) | Ex K(x))) conclusion\n                            2. T Ex (D(x)&K(x)) 1 \n                            3. F (Ex D(x) | Ex K(x)) 1\n                            4. T (D(a)&K(a)) 2 \n                            5. T D(a) 4 \n                            6. T K(a) 4 \n                            7. F Ex D(x) 3 \n                            8. F Ex K(x) 3 \n                            9. F D(a) 7 \n                            10. @ 5,9 \n                        </proof>'}, {'role': 'user', 'content': ""Prove 'Ax ~(P(x)&~Q(x)), Ax ~Q(x) |- Ax ~P(x)', using the analytical tableau method. Final answer using the notation described.""}, {'role': 'assistant', 'content': '<proof>\n                        1. T Ax ~(P(x)&~Q(x)) pre \n                        2. T Ax ~Q(x) pre \n                        3. F Ax ~P(x) conclusion \n                        4. F ~P(a) 3         \n                        5. T P(a) 4           \n                        6. T ~(P(a)&~Q(a)) 1  \n                        7. T ~Q(a) 2          \n                        8. F (P(a)&~Q(a)) 6   \n                        9.{ F P(a) 8          \n                        10. @ 5,9}           \n                        11.{ F ~Q(a) 8        \n                        12. @ 7,11} \n                    </proof>'}, {'role': 'user', 'content': ""Prove '|- Ex P(x)->~Ax ~P(x)', using the analytical tableau method. Final answer using the notation described.""}, {'role': 'assistant', 'content': '<proof>\n                        1. T Ex (P(x)&~Q(x)) pre \n                        2. F ~Ax (P(x)->Q(x)) conclusion \n                        3. T (P(a)&~Q(a)) 1 \n                        4. T P(a) 3 \n                        5. T ~Q(a) 3 \n                        6. T Ax (P(x)->Q(x)) 2 \n                        7. T (P(a)->Q(a)) 6 \n                        8.{ F P(a) 7 \n                        9. @ 4,8} \n                        10.{ T Q(a) 7 \n                        11. F Q(a) 5  \n                        12. @ 10,11} \n                    </proof>'}, {'role': 'user', 'content': ""Prove'Ax Ay B(x,y) |- Ay Ax B(x,y)' using the analytical tableau method. Only one final answer, surrounded by <proof>...</proof>, using the notation described.""}]","<proof>
1. T Ax Ay B(x,y) pre
2. F Ay Ax B(x,y) conclusion
3. F Ax B(x,a) 2
4. F B(b,a) 3
5. T Ay B(b,y) 1
6. T B(b,a) 5
7. @ 4,6
</proof>","1. T Ax Ay B(x,y) pre
2. F Ay Ax B(x,y) conclusion
3. F Ax B(x,a) 2
4. F B(b,a) 3
5. T Ay B(b,y) 1
6. T B(b,a) 5
7. @ 4,6",The proof is valid.,27.302780151367188,stop,1645,781
Ax (B->C(x)) |- B->Ax C(x),"[{'role': 'system', 'content': ""\nYou are an expert in logic using the semantic Tableaux method. \nYou will receive a first order logic formula and must prove its validity using the semantic tableau method, represent the proof in a Fitch-like notation, following these formatting instructions:\n\n### FORMAT OF PROOF LINES: \nExpanding proof line must be structured like: '<line_number>. <T_or_F> <formula> <origin>'\n- <line_number>: sequential integer, always ending with a dot ('1.', '2.', '3.', ...)\n- <T_or_F> → T for true formulas, F for false formulas. \n- <formula>: the formula derived on that line\n- <origin> is exactly one of:\n    pre (for premises)\n    conclusion (for the conclusion)\n    a comma-separated list of line numbers indicating the formula(s) used to derive the current line (e.g. '1', '3', '1,3')\n\n### BRANCHING FORMAT \nUse curly braces { and } to open and close branches. \n{ must appear immediately after the line number that opens a branch (e.g. '8.{ F A|B 3') \n} must appear at the end of the line that closes that branch (e.g. '12. @ 5,7}'). Exception: the main (initial) branch does not require a closing }, since it is not opened by {.\nBranches may be nested. But a formula may only be used at a given point if it appeared earlier in the same branch or an outer (enclosing) branch to the current branch. Formulas from closed branches or sibling branches must not be used.\n\n### SYMBOLS \nUse the following symbols for logical operations: \n & = conjunction (and), \n | = disjunction (or), \n ~ = negation (not), \n -> = implication (implies).\n\nQuantifiers symbols:  \n    Ax represents ∀x  \n    Ex represents ∃x\nSo formulas with ∀x and ∃x will be represented by Ax and Ex (A and E followed by the variable x). For example, Ax (H(x)->M(x)) represents ∀x (H(x)→M(x)).\n\n###CONVENTIONS\nAtoms: only uppercase letters not immediately followed by parentesis (e.g. P, Q, R).\nPredicates: uppercase letters immediately followed by parentesis (e.g. H(x), M(y), Q(a,b) ). All predicates must use parentheses.\nVariables: first letter in lowercase, can be followed by letters and numbers (e.g., x, x0, xP0).\n\nWrite only the final proof in <proof>...</proof> tags. Only use <proof>...</proof> tags ONCE. Omit names of the rules. Only use these symbols inside the proof '&' , '->', '~', '|', '@', '(', ')', '{', '}', 'Ax', 'Ex'.\nDo not include explanations, commentary, or extra text inside and outside the <proof>...</proof> tags.\n""}, {'role': 'user', 'content': ""Prove 'Ex P(x), Ax (P(x)->Q(x)) |- Ex Q(x)', using the analytical tableau method. Final answer using the notation described. ""}, {'role': 'assistant', 'content': ' <proof>\n                        1. T Ex P(x) pre\n                        2. T Ax (P(x)->Q(x)) pre\n                        3. F Ex Q(x) conclusion\n                        4. T P(a) 1 \n                        5. T (P(a)->Q(a)) 2 \n                        6. F Q(a) 3 \n                        7.{ F P(a) 5 \n                        8. @ 4,7}    \n                        9.{ T Q(a) 5 \n                        10. @ 6,9}   \n                    </proof>'}, {'role': 'user', 'content': ""Prove 'Ax (P(x)|P(x)) |- Ax P(x)', using the analytical tableau method. Final answer using the notation described.""}, {'role': 'assistant', 'content': ' <proof>\n                            1. T Ax (P(x)|P(x)) pre \n                            2. F Ax P(x) conclusion\n                            3. F P(a) 2          \n                            4. T (P(a)|P(a)) 1   \n                            5.{ T P(a) 4         \n                            6. @ 3,5}            \n                            7.{ T P(a) 4         \n                            8. @ 3,7}            \n                        </proof>'}, {'role': 'user', 'content': ""Prove '|- Ex (D(x)&K(x))->(Ex D(x)|Ex K(x))', using the analytical tableau method. Final answer using the notation described.""}, {'role': 'assistant', 'content': '<proof>\n                            1. F (Ex (D(x)&K(x)) -> (Ex D(x) | Ex K(x))) conclusion\n                            2. T Ex (D(x)&K(x)) 1 \n                            3. F (Ex D(x) | Ex K(x)) 1\n                            4. T (D(a)&K(a)) 2 \n                            5. T D(a) 4 \n                            6. T K(a) 4 \n                            7. F Ex D(x) 3 \n                            8. F Ex K(x) 3 \n                            9. F D(a) 7 \n                            10. @ 5,9 \n                        </proof>'}, {'role': 'user', 'content': ""Prove 'Ax ~(P(x)&~Q(x)), Ax ~Q(x) |- Ax ~P(x)', using the analytical tableau method. Final answer using the notation described.""}, {'role': 'assistant', 'content': '<proof>\n                        1. T Ax ~(P(x)&~Q(x)) pre \n                        2. T Ax ~Q(x) pre \n                        3. F Ax ~P(x) conclusion \n                        4. F ~P(a) 3         \n                        5. T P(a) 4           \n                        6. T ~(P(a)&~Q(a)) 1  \n                        7. T ~Q(a) 2          \n                        8. F (P(a)&~Q(a)) 6   \n                        9.{ F P(a) 8          \n                        10. @ 5,9}           \n                        11.{ F ~Q(a) 8        \n                        12. @ 7,11} \n                    </proof>'}, {'role': 'user', 'content': ""Prove '|- Ex P(x)->~Ax ~P(x)', using the analytical tableau method. Final answer using the notation described.""}, {'role': 'assistant', 'content': '<proof>\n                        1. T Ex (P(x)&~Q(x)) pre \n                        2. F ~Ax (P(x)->Q(x)) conclusion \n                        3. T (P(a)&~Q(a)) 1 \n                        4. T P(a) 3 \n                        5. T ~Q(a) 3 \n                        6. T Ax (P(x)->Q(x)) 2 \n                        7. T (P(a)->Q(a)) 6 \n                        8.{ F P(a) 7 \n                        9. @ 4,8} \n                        10.{ T Q(a) 7 \n                        11. F Q(a) 5  \n                        12. @ 10,11} \n                    </proof>'}, {'role': 'user', 'content': ""Prove'Ax (B->C(x)) |- B->Ax C(x)' using the analytical tableau method. Only one final answer, surrounded by <proof>...</proof>, using the notation described.""}]","<proof>
1. T Ax (B->C(x)) pre
2. F B->Ax C(x) conclusion
3. T B 2
4. F Ax C(x) 2
5. F C(a) 4
6. T (B->C(a)) 1
7.{ F B 6
8. @ 3,7}
9.{ T C(a) 6
10. @ 5,9}
</proof>","1. T Ax (B->C(x)) pre
2. F B->Ax C(x) conclusion
3. T B 2
4. F Ax C(x) 2
5. F C(a) 4
6. T (B->C(a)) 1
7.{ F B 6
8. @ 3,7}
9.{ T C(a) 6
10. @ 5,9}",The proof is valid.,34.230544567108154,stop,1646,987
Ex (B(x)|C(x)) |- Ex B(x)|Ex C(x),"[{'role': 'system', 'content': ""\nYou are an expert in logic using the semantic Tableaux method. \nYou will receive a first order logic formula and must prove its validity using the semantic tableau method, represent the proof in a Fitch-like notation, following these formatting instructions:\n\n### FORMAT OF PROOF LINES: \nExpanding proof line must be structured like: '<line_number>. <T_or_F> <formula> <origin>'\n- <line_number>: sequential integer, always ending with a dot ('1.', '2.', '3.', ...)\n- <T_or_F> → T for true formulas, F for false formulas. \n- <formula>: the formula derived on that line\n- <origin> is exactly one of:\n    pre (for premises)\n    conclusion (for the conclusion)\n    a comma-separated list of line numbers indicating the formula(s) used to derive the current line (e.g. '1', '3', '1,3')\n\n### BRANCHING FORMAT \nUse curly braces { and } to open and close branches. \n{ must appear immediately after the line number that opens a branch (e.g. '8.{ F A|B 3') \n} must appear at the end of the line that closes that branch (e.g. '12. @ 5,7}'). Exception: the main (initial) branch does not require a closing }, since it is not opened by {.\nBranches may be nested. But a formula may only be used at a given point if it appeared earlier in the same branch or an outer (enclosing) branch to the current branch. Formulas from closed branches or sibling branches must not be used.\n\n### SYMBOLS \nUse the following symbols for logical operations: \n & = conjunction (and), \n | = disjunction (or), \n ~ = negation (not), \n -> = implication (implies).\n\nQuantifiers symbols:  \n    Ax represents ∀x  \n    Ex represents ∃x\nSo formulas with ∀x and ∃x will be represented by Ax and Ex (A and E followed by the variable x). For example, Ax (H(x)->M(x)) represents ∀x (H(x)→M(x)).\n\n###CONVENTIONS\nAtoms: only uppercase letters not immediately followed by parentesis (e.g. P, Q, R).\nPredicates: uppercase letters immediately followed by parentesis (e.g. H(x), M(y), Q(a,b) ). All predicates must use parentheses.\nVariables: first letter in lowercase, can be followed by letters and numbers (e.g., x, x0, xP0).\n\nWrite only the final proof in <proof>...</proof> tags. Only use <proof>...</proof> tags ONCE. Omit names of the rules. Only use these symbols inside the proof '&' , '->', '~', '|', '@', '(', ')', '{', '}', 'Ax', 'Ex'.\nDo not include explanations, commentary, or extra text inside and outside the <proof>...</proof> tags.\n""}, {'role': 'user', 'content': ""Prove 'Ex P(x), Ax (P(x)->Q(x)) |- Ex Q(x)', using the analytical tableau method. Final answer using the notation described. ""}, {'role': 'assistant', 'content': ' <proof>\n                        1. T Ex P(x) pre\n                        2. T Ax (P(x)->Q(x)) pre\n                        3. F Ex Q(x) conclusion\n                        4. T P(a) 1 \n                        5. T (P(a)->Q(a)) 2 \n                        6. F Q(a) 3 \n                        7.{ F P(a) 5 \n                        8. @ 4,7}    \n                        9.{ T Q(a) 5 \n                        10. @ 6,9}   \n                    </proof>'}, {'role': 'user', 'content': ""Prove 'Ax (P(x)|P(x)) |- Ax P(x)', using the analytical tableau method. Final answer using the notation described.""}, {'role': 'assistant', 'content': ' <proof>\n                            1. T Ax (P(x)|P(x)) pre \n                            2. F Ax P(x) conclusion\n                            3. F P(a) 2          \n                            4. T (P(a)|P(a)) 1   \n                            5.{ T P(a) 4         \n                            6. @ 3,5}            \n                            7.{ T P(a) 4         \n                            8. @ 3,7}            \n                        </proof>'}, {'role': 'user', 'content': ""Prove '|- Ex (D(x)&K(x))->(Ex D(x)|Ex K(x))', using the analytical tableau method. Final answer using the notation described.""}, {'role': 'assistant', 'content': '<proof>\n                            1. F (Ex (D(x)&K(x)) -> (Ex D(x) | Ex K(x))) conclusion\n                            2. T Ex (D(x)&K(x)) 1 \n                            3. F (Ex D(x) | Ex K(x)) 1\n                            4. T (D(a)&K(a)) 2 \n                            5. T D(a) 4 \n                            6. T K(a) 4 \n                            7. F Ex D(x) 3 \n                            8. F Ex K(x) 3 \n                            9. F D(a) 7 \n                            10. @ 5,9 \n                        </proof>'}, {'role': 'user', 'content': ""Prove 'Ax ~(P(x)&~Q(x)), Ax ~Q(x) |- Ax ~P(x)', using the analytical tableau method. Final answer using the notation described.""}, {'role': 'assistant', 'content': '<proof>\n                        1. T Ax ~(P(x)&~Q(x)) pre \n                        2. T Ax ~Q(x) pre \n                        3. F Ax ~P(x) conclusion \n                        4. F ~P(a) 3         \n                        5. T P(a) 4           \n                        6. T ~(P(a)&~Q(a)) 1  \n                        7. T ~Q(a) 2          \n                        8. F (P(a)&~Q(a)) 6   \n                        9.{ F P(a) 8          \n                        10. @ 5,9}           \n                        11.{ F ~Q(a) 8        \n                        12. @ 7,11} \n                    </proof>'}, {'role': 'user', 'content': ""Prove '|- Ex P(x)->~Ax ~P(x)', using the analytical tableau method. Final answer using the notation described.""}, {'role': 'assistant', 'content': '<proof>\n                        1. T Ex (P(x)&~Q(x)) pre \n                        2. F ~Ax (P(x)->Q(x)) conclusion \n                        3. T (P(a)&~Q(a)) 1 \n                        4. T P(a) 3 \n                        5. T ~Q(a) 3 \n                        6. T Ax (P(x)->Q(x)) 2 \n                        7. T (P(a)->Q(a)) 6 \n                        8.{ F P(a) 7 \n                        9. @ 4,8} \n                        10.{ T Q(a) 7 \n                        11. F Q(a) 5  \n                        12. @ 10,11} \n                    </proof>'}, {'role': 'user', 'content': ""Prove'Ex (B(x)|C(x)) |- Ex B(x)|Ex C(x)' using the analytical tableau method. Only one final answer, surrounded by <proof>...</proof>, using the notation described.""}]","<proof>
1. T Ex (B(x)|C(x)) pre
2. F (Ex B(x) | Ex C(x)) conclusion
3. F Ex B(x) 2
4. F Ex C(x) 2
5. T (B(a)|C(a)) 1
6. T Ax ~B(x) 3
7. T Ax ~C(x) 4
8. T ~B(a) 6
9. T ~C(a) 7
10.{ T B(a) 5
11. @ 8,10}
12.{ T C(a) 5
13. @ 9,12}
</proof>","1. T Ex (B(x)|C(x)) pre
2. F (Ex B(x) | Ex C(x)) conclusion
3. F Ex B(x) 2
4. F Ex C(x) 2
5. T (B(a)|C(a)) 1
6. T Ax ~B(x) 3
7. T Ax ~C(x) 4
8. T ~B(a) 6
9. T ~C(a) 7
10.{ T B(a) 5
11. @ 8,10}
12.{ T C(a) 5
13. @ 9,12}","The following errors were found:

Error in line 6:
6. T Ax ~B(x) 3
   ^, The truth value should be F for this rule.
Error in line 7:
7. T Ax ~C(x) 4
   ^, The truth value should be F for this rule.
Error in line 6:
6. T Ax ~B(x) 3
     ^, Formula referenced in line 3 is not a existential formula with truth-value T.
Error in line 6:
6. T Ax ~B(x) 3
     ^, Formula Ax ~B(x) is not a valid substitutuion for the existential formula referenced in the line 3.
Error in line 7:
7. T Ax ~C(x) 4
     ^, Formula referenced in line 4 is not a existential formula with truth-value T.
Error in line 7:
7. T Ax ~C(x) 4
     ^, Formula Ax ~C(x) is not a valid substitutuion for the existential formula referenced in the line 4.
Error in line 11:
11. @ 8,10}
      ^, None of the formulas referenced by the lines contradict the other formula.
Error in line 13:
13. @ 9,12}
      ^, None of the formulas referenced by the lines contradict the other formula.",69.46369814872742,stop,1649,1975
~Ax B(x) |- Ex ~B(x),"[{'role': 'system', 'content': ""\nYou are an expert in logic using the semantic Tableaux method. \nYou will receive a first order logic formula and must prove its validity using the semantic tableau method, represent the proof in a Fitch-like notation, following these formatting instructions:\n\n### FORMAT OF PROOF LINES: \nExpanding proof line must be structured like: '<line_number>. <T_or_F> <formula> <origin>'\n- <line_number>: sequential integer, always ending with a dot ('1.', '2.', '3.', ...)\n- <T_or_F> → T for true formulas, F for false formulas. \n- <formula>: the formula derived on that line\n- <origin> is exactly one of:\n    pre (for premises)\n    conclusion (for the conclusion)\n    a comma-separated list of line numbers indicating the formula(s) used to derive the current line (e.g. '1', '3', '1,3')\n\n### BRANCHING FORMAT \nUse curly braces { and } to open and close branches. \n{ must appear immediately after the line number that opens a branch (e.g. '8.{ F A|B 3') \n} must appear at the end of the line that closes that branch (e.g. '12. @ 5,7}'). Exception: the main (initial) branch does not require a closing }, since it is not opened by {.\nBranches may be nested. But a formula may only be used at a given point if it appeared earlier in the same branch or an outer (enclosing) branch to the current branch. Formulas from closed branches or sibling branches must not be used.\n\n### SYMBOLS \nUse the following symbols for logical operations: \n & = conjunction (and), \n | = disjunction (or), \n ~ = negation (not), \n -> = implication (implies).\n\nQuantifiers symbols:  \n    Ax represents ∀x  \n    Ex represents ∃x\nSo formulas with ∀x and ∃x will be represented by Ax and Ex (A and E followed by the variable x). For example, Ax (H(x)->M(x)) represents ∀x (H(x)→M(x)).\n\n###CONVENTIONS\nAtoms: only uppercase letters not immediately followed by parentesis (e.g. P, Q, R).\nPredicates: uppercase letters immediately followed by parentesis (e.g. H(x), M(y), Q(a,b) ). All predicates must use parentheses.\nVariables: first letter in lowercase, can be followed by letters and numbers (e.g., x, x0, xP0).\n\nWrite only the final proof in <proof>...</proof> tags. Only use <proof>...</proof> tags ONCE. Omit names of the rules. Only use these symbols inside the proof '&' , '->', '~', '|', '@', '(', ')', '{', '}', 'Ax', 'Ex'.\nDo not include explanations, commentary, or extra text inside and outside the <proof>...</proof> tags.\n""}, {'role': 'user', 'content': ""Prove 'Ex P(x), Ax (P(x)->Q(x)) |- Ex Q(x)', using the analytical tableau method. Final answer using the notation described. ""}, {'role': 'assistant', 'content': ' <proof>\n                        1. T Ex P(x) pre\n                        2. T Ax (P(x)->Q(x)) pre\n                        3. F Ex Q(x) conclusion\n                        4. T P(a) 1 \n                        5. T (P(a)->Q(a)) 2 \n                        6. F Q(a) 3 \n                        7.{ F P(a) 5 \n                        8. @ 4,7}    \n                        9.{ T Q(a) 5 \n                        10. @ 6,9}   \n                    </proof>'}, {'role': 'user', 'content': ""Prove 'Ax (P(x)|P(x)) |- Ax P(x)', using the analytical tableau method. Final answer using the notation described.""}, {'role': 'assistant', 'content': ' <proof>\n                            1. T Ax (P(x)|P(x)) pre \n                            2. F Ax P(x) conclusion\n                            3. F P(a) 2          \n                            4. T (P(a)|P(a)) 1   \n                            5.{ T P(a) 4         \n                            6. @ 3,5}            \n                            7.{ T P(a) 4         \n                            8. @ 3,7}            \n                        </proof>'}, {'role': 'user', 'content': ""Prove '|- Ex (D(x)&K(x))->(Ex D(x)|Ex K(x))', using the analytical tableau method. Final answer using the notation described.""}, {'role': 'assistant', 'content': '<proof>\n                            1. F (Ex (D(x)&K(x)) -> (Ex D(x) | Ex K(x))) conclusion\n                            2. T Ex (D(x)&K(x)) 1 \n                            3. F (Ex D(x) | Ex K(x)) 1\n                            4. T (D(a)&K(a)) 2 \n                            5. T D(a) 4 \n                            6. T K(a) 4 \n                            7. F Ex D(x) 3 \n                            8. F Ex K(x) 3 \n                            9. F D(a) 7 \n                            10. @ 5,9 \n                        </proof>'}, {'role': 'user', 'content': ""Prove 'Ax ~(P(x)&~Q(x)), Ax ~Q(x) |- Ax ~P(x)', using the analytical tableau method. Final answer using the notation described.""}, {'role': 'assistant', 'content': '<proof>\n                        1. T Ax ~(P(x)&~Q(x)) pre \n                        2. T Ax ~Q(x) pre \n                        3. F Ax ~P(x) conclusion \n                        4. F ~P(a) 3         \n                        5. T P(a) 4           \n                        6. T ~(P(a)&~Q(a)) 1  \n                        7. T ~Q(a) 2          \n                        8. F (P(a)&~Q(a)) 6   \n                        9.{ F P(a) 8          \n                        10. @ 5,9}           \n                        11.{ F ~Q(a) 8        \n                        12. @ 7,11} \n                    </proof>'}, {'role': 'user', 'content': ""Prove '|- Ex P(x)->~Ax ~P(x)', using the analytical tableau method. Final answer using the notation described.""}, {'role': 'assistant', 'content': '<proof>\n                        1. T Ex (P(x)&~Q(x)) pre \n                        2. F ~Ax (P(x)->Q(x)) conclusion \n                        3. T (P(a)&~Q(a)) 1 \n                        4. T P(a) 3 \n                        5. T ~Q(a) 3 \n                        6. T Ax (P(x)->Q(x)) 2 \n                        7. T (P(a)->Q(a)) 6 \n                        8.{ F P(a) 7 \n                        9. @ 4,8} \n                        10.{ T Q(a) 7 \n                        11. F Q(a) 5  \n                        12. @ 10,11} \n                    </proof>'}, {'role': 'user', 'content': ""Prove'~Ax B(x) |- Ex ~B(x)' using the analytical tableau method. Only one final answer, surrounded by <proof>...</proof>, using the notation described.""}]","<proof>
1. T ~Ax B(x) pre
2. F Ex ~B(x) conclusion
3. T Ex ~B(x) 1
4. @ 2,3
</proof>","1. T ~Ax B(x) pre
2. F Ex ~B(x) conclusion
3. T Ex ~B(x) 1
4. @ 2,3","The following errors were found:

Error in line 3:
3. T Ex ~B(x) 1
   ^, The truth value should be F for this rule.
Error in line 3:
3. T Ex ~B(x) 1
              ^, Formula Ex ~B(x) is not a valid result for this rule.",80.14513492584229,stop,1643,2270
Ex ~B(x) |- ~Ax B(x),"[{'role': 'system', 'content': ""\nYou are an expert in logic using the semantic Tableaux method. \nYou will receive a first order logic formula and must prove its validity using the semantic tableau method, represent the proof in a Fitch-like notation, following these formatting instructions:\n\n### FORMAT OF PROOF LINES: \nExpanding proof line must be structured like: '<line_number>. <T_or_F> <formula> <origin>'\n- <line_number>: sequential integer, always ending with a dot ('1.', '2.', '3.', ...)\n- <T_or_F> → T for true formulas, F for false formulas. \n- <formula>: the formula derived on that line\n- <origin> is exactly one of:\n    pre (for premises)\n    conclusion (for the conclusion)\n    a comma-separated list of line numbers indicating the formula(s) used to derive the current line (e.g. '1', '3', '1,3')\n\n### BRANCHING FORMAT \nUse curly braces { and } to open and close branches. \n{ must appear immediately after the line number that opens a branch (e.g. '8.{ F A|B 3') \n} must appear at the end of the line that closes that branch (e.g. '12. @ 5,7}'). Exception: the main (initial) branch does not require a closing }, since it is not opened by {.\nBranches may be nested. But a formula may only be used at a given point if it appeared earlier in the same branch or an outer (enclosing) branch to the current branch. Formulas from closed branches or sibling branches must not be used.\n\n### SYMBOLS \nUse the following symbols for logical operations: \n & = conjunction (and), \n | = disjunction (or), \n ~ = negation (not), \n -> = implication (implies).\n\nQuantifiers symbols:  \n    Ax represents ∀x  \n    Ex represents ∃x\nSo formulas with ∀x and ∃x will be represented by Ax and Ex (A and E followed by the variable x). For example, Ax (H(x)->M(x)) represents ∀x (H(x)→M(x)).\n\n###CONVENTIONS\nAtoms: only uppercase letters not immediately followed by parentesis (e.g. P, Q, R).\nPredicates: uppercase letters immediately followed by parentesis (e.g. H(x), M(y), Q(a,b) ). All predicates must use parentheses.\nVariables: first letter in lowercase, can be followed by letters and numbers (e.g., x, x0, xP0).\n\nWrite only the final proof in <proof>...</proof> tags. Only use <proof>...</proof> tags ONCE. Omit names of the rules. Only use these symbols inside the proof '&' , '->', '~', '|', '@', '(', ')', '{', '}', 'Ax', 'Ex'.\nDo not include explanations, commentary, or extra text inside and outside the <proof>...</proof> tags.\n""}, {'role': 'user', 'content': ""Prove 'Ex P(x), Ax (P(x)->Q(x)) |- Ex Q(x)', using the analytical tableau method. Final answer using the notation described. ""}, {'role': 'assistant', 'content': ' <proof>\n                        1. T Ex P(x) pre\n                        2. T Ax (P(x)->Q(x)) pre\n                        3. F Ex Q(x) conclusion\n                        4. T P(a) 1 \n                        5. T (P(a)->Q(a)) 2 \n                        6. F Q(a) 3 \n                        7.{ F P(a) 5 \n                        8. @ 4,7}    \n                        9.{ T Q(a) 5 \n                        10. @ 6,9}   \n                    </proof>'}, {'role': 'user', 'content': ""Prove 'Ax (P(x)|P(x)) |- Ax P(x)', using the analytical tableau method. Final answer using the notation described.""}, {'role': 'assistant', 'content': ' <proof>\n                            1. T Ax (P(x)|P(x)) pre \n                            2. F Ax P(x) conclusion\n                            3. F P(a) 2          \n                            4. T (P(a)|P(a)) 1   \n                            5.{ T P(a) 4         \n                            6. @ 3,5}            \n                            7.{ T P(a) 4         \n                            8. @ 3,7}            \n                        </proof>'}, {'role': 'user', 'content': ""Prove '|- Ex (D(x)&K(x))->(Ex D(x)|Ex K(x))', using the analytical tableau method. Final answer using the notation described.""}, {'role': 'assistant', 'content': '<proof>\n                            1. F (Ex (D(x)&K(x)) -> (Ex D(x) | Ex K(x))) conclusion\n                            2. T Ex (D(x)&K(x)) 1 \n                            3. F (Ex D(x) | Ex K(x)) 1\n                            4. T (D(a)&K(a)) 2 \n                            5. T D(a) 4 \n                            6. T K(a) 4 \n                            7. F Ex D(x) 3 \n                            8. F Ex K(x) 3 \n                            9. F D(a) 7 \n                            10. @ 5,9 \n                        </proof>'}, {'role': 'user', 'content': ""Prove 'Ax ~(P(x)&~Q(x)), Ax ~Q(x) |- Ax ~P(x)', using the analytical tableau method. Final answer using the notation described.""}, {'role': 'assistant', 'content': '<proof>\n                        1. T Ax ~(P(x)&~Q(x)) pre \n                        2. T Ax ~Q(x) pre \n                        3. F Ax ~P(x) conclusion \n                        4. F ~P(a) 3         \n                        5. T P(a) 4           \n                        6. T ~(P(a)&~Q(a)) 1  \n                        7. T ~Q(a) 2          \n                        8. F (P(a)&~Q(a)) 6   \n                        9.{ F P(a) 8          \n                        10. @ 5,9}           \n                        11.{ F ~Q(a) 8        \n                        12. @ 7,11} \n                    </proof>'}, {'role': 'user', 'content': ""Prove '|- Ex P(x)->~Ax ~P(x)', using the analytical tableau method. Final answer using the notation described.""}, {'role': 'assistant', 'content': '<proof>\n                        1. T Ex (P(x)&~Q(x)) pre \n                        2. F ~Ax (P(x)->Q(x)) conclusion \n                        3. T (P(a)&~Q(a)) 1 \n                        4. T P(a) 3 \n                        5. T ~Q(a) 3 \n                        6. T Ax (P(x)->Q(x)) 2 \n                        7. T (P(a)->Q(a)) 6 \n                        8.{ F P(a) 7 \n                        9. @ 4,8} \n                        10.{ T Q(a) 7 \n                        11. F Q(a) 5  \n                        12. @ 10,11} \n                    </proof>'}, {'role': 'user', 'content': ""Prove'Ex ~B(x) |- ~Ax B(x)' using the analytical tableau method. Only one final answer, surrounded by <proof>...</proof>, using the notation described.""}]","<proof>
1. T Ex ~B(x) pre
2. F ~Ax B(x) conclusion
3. T ~B(a) 1
4. T Ax B(x) 2
5. T B(a) 4
6. @ 3,5
</proof>","1. T Ex ~B(x) pre
2. F ~Ax B(x) conclusion
3. T ~B(a) 1
4. T Ax B(x) 2
5. T B(a) 4
6. @ 3,5","The following errors were found:

Error in line 6:
6. @ 3,5
     ^, None of the formulas referenced by the lines contradict the other formula.",32.37472701072693,stop,1643,933
~Ex B(x) |- Ax ~B(x),"[{'role': 'system', 'content': ""\nYou are an expert in logic using the semantic Tableaux method. \nYou will receive a first order logic formula and must prove its validity using the semantic tableau method, represent the proof in a Fitch-like notation, following these formatting instructions:\n\n### FORMAT OF PROOF LINES: \nExpanding proof line must be structured like: '<line_number>. <T_or_F> <formula> <origin>'\n- <line_number>: sequential integer, always ending with a dot ('1.', '2.', '3.', ...)\n- <T_or_F> → T for true formulas, F for false formulas. \n- <formula>: the formula derived on that line\n- <origin> is exactly one of:\n    pre (for premises)\n    conclusion (for the conclusion)\n    a comma-separated list of line numbers indicating the formula(s) used to derive the current line (e.g. '1', '3', '1,3')\n\n### BRANCHING FORMAT \nUse curly braces { and } to open and close branches. \n{ must appear immediately after the line number that opens a branch (e.g. '8.{ F A|B 3') \n} must appear at the end of the line that closes that branch (e.g. '12. @ 5,7}'). Exception: the main (initial) branch does not require a closing }, since it is not opened by {.\nBranches may be nested. But a formula may only be used at a given point if it appeared earlier in the same branch or an outer (enclosing) branch to the current branch. Formulas from closed branches or sibling branches must not be used.\n\n### SYMBOLS \nUse the following symbols for logical operations: \n & = conjunction (and), \n | = disjunction (or), \n ~ = negation (not), \n -> = implication (implies).\n\nQuantifiers symbols:  \n    Ax represents ∀x  \n    Ex represents ∃x\nSo formulas with ∀x and ∃x will be represented by Ax and Ex (A and E followed by the variable x). For example, Ax (H(x)->M(x)) represents ∀x (H(x)→M(x)).\n\n###CONVENTIONS\nAtoms: only uppercase letters not immediately followed by parentesis (e.g. P, Q, R).\nPredicates: uppercase letters immediately followed by parentesis (e.g. H(x), M(y), Q(a,b) ). All predicates must use parentheses.\nVariables: first letter in lowercase, can be followed by letters and numbers (e.g., x, x0, xP0).\n\nWrite only the final proof in <proof>...</proof> tags. Only use <proof>...</proof> tags ONCE. Omit names of the rules. Only use these symbols inside the proof '&' , '->', '~', '|', '@', '(', ')', '{', '}', 'Ax', 'Ex'.\nDo not include explanations, commentary, or extra text inside and outside the <proof>...</proof> tags.\n""}, {'role': 'user', 'content': ""Prove 'Ex P(x), Ax (P(x)->Q(x)) |- Ex Q(x)', using the analytical tableau method. Final answer using the notation described. ""}, {'role': 'assistant', 'content': ' <proof>\n                        1. T Ex P(x) pre\n                        2. T Ax (P(x)->Q(x)) pre\n                        3. F Ex Q(x) conclusion\n                        4. T P(a) 1 \n                        5. T (P(a)->Q(a)) 2 \n                        6. F Q(a) 3 \n                        7.{ F P(a) 5 \n                        8. @ 4,7}    \n                        9.{ T Q(a) 5 \n                        10. @ 6,9}   \n                    </proof>'}, {'role': 'user', 'content': ""Prove 'Ax (P(x)|P(x)) |- Ax P(x)', using the analytical tableau method. Final answer using the notation described.""}, {'role': 'assistant', 'content': ' <proof>\n                            1. T Ax (P(x)|P(x)) pre \n                            2. F Ax P(x) conclusion\n                            3. F P(a) 2          \n                            4. T (P(a)|P(a)) 1   \n                            5.{ T P(a) 4         \n                            6. @ 3,5}            \n                            7.{ T P(a) 4         \n                            8. @ 3,7}            \n                        </proof>'}, {'role': 'user', 'content': ""Prove '|- Ex (D(x)&K(x))->(Ex D(x)|Ex K(x))', using the analytical tableau method. Final answer using the notation described.""}, {'role': 'assistant', 'content': '<proof>\n                            1. F (Ex (D(x)&K(x)) -> (Ex D(x) | Ex K(x))) conclusion\n                            2. T Ex (D(x)&K(x)) 1 \n                            3. F (Ex D(x) | Ex K(x)) 1\n                            4. T (D(a)&K(a)) 2 \n                            5. T D(a) 4 \n                            6. T K(a) 4 \n                            7. F Ex D(x) 3 \n                            8. F Ex K(x) 3 \n                            9. F D(a) 7 \n                            10. @ 5,9 \n                        </proof>'}, {'role': 'user', 'content': ""Prove 'Ax ~(P(x)&~Q(x)), Ax ~Q(x) |- Ax ~P(x)', using the analytical tableau method. Final answer using the notation described.""}, {'role': 'assistant', 'content': '<proof>\n                        1. T Ax ~(P(x)&~Q(x)) pre \n                        2. T Ax ~Q(x) pre \n                        3. F Ax ~P(x) conclusion \n                        4. F ~P(a) 3         \n                        5. T P(a) 4           \n                        6. T ~(P(a)&~Q(a)) 1  \n                        7. T ~Q(a) 2          \n                        8. F (P(a)&~Q(a)) 6   \n                        9.{ F P(a) 8          \n                        10. @ 5,9}           \n                        11.{ F ~Q(a) 8        \n                        12. @ 7,11} \n                    </proof>'}, {'role': 'user', 'content': ""Prove '|- Ex P(x)->~Ax ~P(x)', using the analytical tableau method. Final answer using the notation described.""}, {'role': 'assistant', 'content': '<proof>\n                        1. T Ex (P(x)&~Q(x)) pre \n                        2. F ~Ax (P(x)->Q(x)) conclusion \n                        3. T (P(a)&~Q(a)) 1 \n                        4. T P(a) 3 \n                        5. T ~Q(a) 3 \n                        6. T Ax (P(x)->Q(x)) 2 \n                        7. T (P(a)->Q(a)) 6 \n                        8.{ F P(a) 7 \n                        9. @ 4,8} \n                        10.{ T Q(a) 7 \n                        11. F Q(a) 5  \n                        12. @ 10,11} \n                    </proof>'}, {'role': 'user', 'content': ""Prove'~Ex B(x) |- Ax ~B(x)' using the analytical tableau method. Only one final answer, surrounded by <proof>...</proof>, using the notation described.""}]","<proof>
1. T ~Ex B(x) pre
2. F Ax ~B(x) conclusion
3. F ~B(a) 2
4. T B(a) 3
5. F Ex B(x) 1
6. F B(b) 5
7.{ T Ax ~B(x) 1
8. T ~B(a) 7
9. @ 4,8}
</proof>","1. T ~Ex B(x) pre
2. F Ax ~B(x) conclusion
3. F ~B(a) 2
4. T B(a) 3
5. F Ex B(x) 1
6. F B(b) 5
7.{ T Ax ~B(x) 1
8. T ~B(a) 7
9. @ 4,8}","The following errors were found:

Error in line 7:
7.{ T Ax ~B(x) 1
               ^, The rule must be a alpha-rule.
Error in line 9:
9. @ 4,8}
     ^, None of the formulas referenced by the lines contradict the other formula.",67.05880928039551,stop,1643,1927
Ax ~B(x) |- ~Ex B(x),"[{'role': 'system', 'content': ""\nYou are an expert in logic using the semantic Tableaux method. \nYou will receive a first order logic formula and must prove its validity using the semantic tableau method, represent the proof in a Fitch-like notation, following these formatting instructions:\n\n### FORMAT OF PROOF LINES: \nExpanding proof line must be structured like: '<line_number>. <T_or_F> <formula> <origin>'\n- <line_number>: sequential integer, always ending with a dot ('1.', '2.', '3.', ...)\n- <T_or_F> → T for true formulas, F for false formulas. \n- <formula>: the formula derived on that line\n- <origin> is exactly one of:\n    pre (for premises)\n    conclusion (for the conclusion)\n    a comma-separated list of line numbers indicating the formula(s) used to derive the current line (e.g. '1', '3', '1,3')\n\n### BRANCHING FORMAT \nUse curly braces { and } to open and close branches. \n{ must appear immediately after the line number that opens a branch (e.g. '8.{ F A|B 3') \n} must appear at the end of the line that closes that branch (e.g. '12. @ 5,7}'). Exception: the main (initial) branch does not require a closing }, since it is not opened by {.\nBranches may be nested. But a formula may only be used at a given point if it appeared earlier in the same branch or an outer (enclosing) branch to the current branch. Formulas from closed branches or sibling branches must not be used.\n\n### SYMBOLS \nUse the following symbols for logical operations: \n & = conjunction (and), \n | = disjunction (or), \n ~ = negation (not), \n -> = implication (implies).\n\nQuantifiers symbols:  \n    Ax represents ∀x  \n    Ex represents ∃x\nSo formulas with ∀x and ∃x will be represented by Ax and Ex (A and E followed by the variable x). For example, Ax (H(x)->M(x)) represents ∀x (H(x)→M(x)).\n\n###CONVENTIONS\nAtoms: only uppercase letters not immediately followed by parentesis (e.g. P, Q, R).\nPredicates: uppercase letters immediately followed by parentesis (e.g. H(x), M(y), Q(a,b) ). All predicates must use parentheses.\nVariables: first letter in lowercase, can be followed by letters and numbers (e.g., x, x0, xP0).\n\nWrite only the final proof in <proof>...</proof> tags. Only use <proof>...</proof> tags ONCE. Omit names of the rules. Only use these symbols inside the proof '&' , '->', '~', '|', '@', '(', ')', '{', '}', 'Ax', 'Ex'.\nDo not include explanations, commentary, or extra text inside and outside the <proof>...</proof> tags.\n""}, {'role': 'user', 'content': ""Prove 'Ex P(x), Ax (P(x)->Q(x)) |- Ex Q(x)', using the analytical tableau method. Final answer using the notation described. ""}, {'role': 'assistant', 'content': ' <proof>\n                        1. T Ex P(x) pre\n                        2. T Ax (P(x)->Q(x)) pre\n                        3. F Ex Q(x) conclusion\n                        4. T P(a) 1 \n                        5. T (P(a)->Q(a)) 2 \n                        6. F Q(a) 3 \n                        7.{ F P(a) 5 \n                        8. @ 4,7}    \n                        9.{ T Q(a) 5 \n                        10. @ 6,9}   \n                    </proof>'}, {'role': 'user', 'content': ""Prove 'Ax (P(x)|P(x)) |- Ax P(x)', using the analytical tableau method. Final answer using the notation described.""}, {'role': 'assistant', 'content': ' <proof>\n                            1. T Ax (P(x)|P(x)) pre \n                            2. F Ax P(x) conclusion\n                            3. F P(a) 2          \n                            4. T (P(a)|P(a)) 1   \n                            5.{ T P(a) 4         \n                            6. @ 3,5}            \n                            7.{ T P(a) 4         \n                            8. @ 3,7}            \n                        </proof>'}, {'role': 'user', 'content': ""Prove '|- Ex (D(x)&K(x))->(Ex D(x)|Ex K(x))', using the analytical tableau method. Final answer using the notation described.""}, {'role': 'assistant', 'content': '<proof>\n                            1. F (Ex (D(x)&K(x)) -> (Ex D(x) | Ex K(x))) conclusion\n                            2. T Ex (D(x)&K(x)) 1 \n                            3. F (Ex D(x) | Ex K(x)) 1\n                            4. T (D(a)&K(a)) 2 \n                            5. T D(a) 4 \n                            6. T K(a) 4 \n                            7. F Ex D(x) 3 \n                            8. F Ex K(x) 3 \n                            9. F D(a) 7 \n                            10. @ 5,9 \n                        </proof>'}, {'role': 'user', 'content': ""Prove 'Ax ~(P(x)&~Q(x)), Ax ~Q(x) |- Ax ~P(x)', using the analytical tableau method. Final answer using the notation described.""}, {'role': 'assistant', 'content': '<proof>\n                        1. T Ax ~(P(x)&~Q(x)) pre \n                        2. T Ax ~Q(x) pre \n                        3. F Ax ~P(x) conclusion \n                        4. F ~P(a) 3         \n                        5. T P(a) 4           \n                        6. T ~(P(a)&~Q(a)) 1  \n                        7. T ~Q(a) 2          \n                        8. F (P(a)&~Q(a)) 6   \n                        9.{ F P(a) 8          \n                        10. @ 5,9}           \n                        11.{ F ~Q(a) 8        \n                        12. @ 7,11} \n                    </proof>'}, {'role': 'user', 'content': ""Prove '|- Ex P(x)->~Ax ~P(x)', using the analytical tableau method. Final answer using the notation described.""}, {'role': 'assistant', 'content': '<proof>\n                        1. T Ex (P(x)&~Q(x)) pre \n                        2. F ~Ax (P(x)->Q(x)) conclusion \n                        3. T (P(a)&~Q(a)) 1 \n                        4. T P(a) 3 \n                        5. T ~Q(a) 3 \n                        6. T Ax (P(x)->Q(x)) 2 \n                        7. T (P(a)->Q(a)) 6 \n                        8.{ F P(a) 7 \n                        9. @ 4,8} \n                        10.{ T Q(a) 7 \n                        11. F Q(a) 5  \n                        12. @ 10,11} \n                    </proof>'}, {'role': 'user', 'content': ""Prove'Ax ~B(x) |- ~Ex B(x)' using the analytical tableau method. Only one final answer, surrounded by <proof>...</proof>, using the notation described.""}]","<proof>
1. T Ax ~B(x) pre
2. F ~Ex B(x) conclusion
3. T Ex B(x) 2
4. T B(a) 3
5. T ~B(a) 1
6. @ 4,5
</proof>","1. T Ax ~B(x) pre
2. F ~Ex B(x) conclusion
3. T Ex B(x) 2
4. T B(a) 3
5. T ~B(a) 1
6. @ 4,5","The following errors were found:

Error in line 6:
6. @ 4,5
     ^, None of the formulas referenced by the lines contradict the other formula.",23.347362995147705,stop,1643,675
Ex (B(x)&C) |- Ex B(x)&C,"[{'role': 'system', 'content': ""\nYou are an expert in logic using the semantic Tableaux method. \nYou will receive a first order logic formula and must prove its validity using the semantic tableau method, represent the proof in a Fitch-like notation, following these formatting instructions:\n\n### FORMAT OF PROOF LINES: \nExpanding proof line must be structured like: '<line_number>. <T_or_F> <formula> <origin>'\n- <line_number>: sequential integer, always ending with a dot ('1.', '2.', '3.', ...)\n- <T_or_F> → T for true formulas, F for false formulas. \n- <formula>: the formula derived on that line\n- <origin> is exactly one of:\n    pre (for premises)\n    conclusion (for the conclusion)\n    a comma-separated list of line numbers indicating the formula(s) used to derive the current line (e.g. '1', '3', '1,3')\n\n### BRANCHING FORMAT \nUse curly braces { and } to open and close branches. \n{ must appear immediately after the line number that opens a branch (e.g. '8.{ F A|B 3') \n} must appear at the end of the line that closes that branch (e.g. '12. @ 5,7}'). Exception: the main (initial) branch does not require a closing }, since it is not opened by {.\nBranches may be nested. But a formula may only be used at a given point if it appeared earlier in the same branch or an outer (enclosing) branch to the current branch. Formulas from closed branches or sibling branches must not be used.\n\n### SYMBOLS \nUse the following symbols for logical operations: \n & = conjunction (and), \n | = disjunction (or), \n ~ = negation (not), \n -> = implication (implies).\n\nQuantifiers symbols:  \n    Ax represents ∀x  \n    Ex represents ∃x\nSo formulas with ∀x and ∃x will be represented by Ax and Ex (A and E followed by the variable x). For example, Ax (H(x)->M(x)) represents ∀x (H(x)→M(x)).\n\n###CONVENTIONS\nAtoms: only uppercase letters not immediately followed by parentesis (e.g. P, Q, R).\nPredicates: uppercase letters immediately followed by parentesis (e.g. H(x), M(y), Q(a,b) ). All predicates must use parentheses.\nVariables: first letter in lowercase, can be followed by letters and numbers (e.g., x, x0, xP0).\n\nWrite only the final proof in <proof>...</proof> tags. Only use <proof>...</proof> tags ONCE. Omit names of the rules. Only use these symbols inside the proof '&' , '->', '~', '|', '@', '(', ')', '{', '}', 'Ax', 'Ex'.\nDo not include explanations, commentary, or extra text inside and outside the <proof>...</proof> tags.\n""}, {'role': 'user', 'content': ""Prove 'Ex P(x), Ax (P(x)->Q(x)) |- Ex Q(x)', using the analytical tableau method. Final answer using the notation described. ""}, {'role': 'assistant', 'content': ' <proof>\n                        1. T Ex P(x) pre\n                        2. T Ax (P(x)->Q(x)) pre\n                        3. F Ex Q(x) conclusion\n                        4. T P(a) 1 \n                        5. T (P(a)->Q(a)) 2 \n                        6. F Q(a) 3 \n                        7.{ F P(a) 5 \n                        8. @ 4,7}    \n                        9.{ T Q(a) 5 \n                        10. @ 6,9}   \n                    </proof>'}, {'role': 'user', 'content': ""Prove 'Ax (P(x)|P(x)) |- Ax P(x)', using the analytical tableau method. Final answer using the notation described.""}, {'role': 'assistant', 'content': ' <proof>\n                            1. T Ax (P(x)|P(x)) pre \n                            2. F Ax P(x) conclusion\n                            3. F P(a) 2          \n                            4. T (P(a)|P(a)) 1   \n                            5.{ T P(a) 4         \n                            6. @ 3,5}            \n                            7.{ T P(a) 4         \n                            8. @ 3,7}            \n                        </proof>'}, {'role': 'user', 'content': ""Prove '|- Ex (D(x)&K(x))->(Ex D(x)|Ex K(x))', using the analytical tableau method. Final answer using the notation described.""}, {'role': 'assistant', 'content': '<proof>\n                            1. F (Ex (D(x)&K(x)) -> (Ex D(x) | Ex K(x))) conclusion\n                            2. T Ex (D(x)&K(x)) 1 \n                            3. F (Ex D(x) | Ex K(x)) 1\n                            4. T (D(a)&K(a)) 2 \n                            5. T D(a) 4 \n                            6. T K(a) 4 \n                            7. F Ex D(x) 3 \n                            8. F Ex K(x) 3 \n                            9. F D(a) 7 \n                            10. @ 5,9 \n                        </proof>'}, {'role': 'user', 'content': ""Prove 'Ax ~(P(x)&~Q(x)), Ax ~Q(x) |- Ax ~P(x)', using the analytical tableau method. Final answer using the notation described.""}, {'role': 'assistant', 'content': '<proof>\n                        1. T Ax ~(P(x)&~Q(x)) pre \n                        2. T Ax ~Q(x) pre \n                        3. F Ax ~P(x) conclusion \n                        4. F ~P(a) 3         \n                        5. T P(a) 4           \n                        6. T ~(P(a)&~Q(a)) 1  \n                        7. T ~Q(a) 2          \n                        8. F (P(a)&~Q(a)) 6   \n                        9.{ F P(a) 8          \n                        10. @ 5,9}           \n                        11.{ F ~Q(a) 8        \n                        12. @ 7,11} \n                    </proof>'}, {'role': 'user', 'content': ""Prove '|- Ex P(x)->~Ax ~P(x)', using the analytical tableau method. Final answer using the notation described.""}, {'role': 'assistant', 'content': '<proof>\n                        1. T Ex (P(x)&~Q(x)) pre \n                        2. F ~Ax (P(x)->Q(x)) conclusion \n                        3. T (P(a)&~Q(a)) 1 \n                        4. T P(a) 3 \n                        5. T ~Q(a) 3 \n                        6. T Ax (P(x)->Q(x)) 2 \n                        7. T (P(a)->Q(a)) 6 \n                        8.{ F P(a) 7 \n                        9. @ 4,8} \n                        10.{ T Q(a) 7 \n                        11. F Q(a) 5  \n                        12. @ 10,11} \n                    </proof>'}, {'role': 'user', 'content': ""Prove'Ex (B(x)&C) |- Ex B(x)&C' using the analytical tableau method. Only one final answer, surrounded by <proof>...</proof>, using the notation described.""}]","<proof>
1. T Ex (B(x)&C) pre
2. F (Ex B(x)&C) conclusion
3.{ F Ex B(x) 2
4.   T (B(a)&C) 1
5.   T B(a) 4
6.   T C 4
7.   T Ax ~B(x) 3
8.   T ~B(a) 7
9.   @ 5,8}
10.{ F C 2
11.   T (B(a)&C) 1
12.   T C 11
13.   @ 10,12}
</proof>","1. T Ex (B(x)&C) pre
2. F (Ex B(x)&C) conclusion
3.{ F Ex B(x) 2
4.   T (B(a)&C) 1
5.   T B(a) 4
6.   T C 4
7.   T Ax ~B(x) 3
8.   T ~B(a) 7
9.   @ 5,8}
10.{ F C 2
11.   T (B(a)&C) 1
12.   T C 11
13.   @ 10,12}","The following errors were found:

Error in line 7:
7.   T Ax ~B(x) 3
     ^, The truth value should be F for this rule.
Error in line 7:
7.   T Ax ~B(x) 3
       ^, Formula referenced in line 3 is not a existential formula with truth-value T.
Error in line 7:
7.   T Ax ~B(x) 3
       ^, Formula Ax ~B(x) is not a valid substitutuion for the existential formula referenced in the line 3.
Error in line 9:
9.   @ 5,8}
       ^, None of the formulas referenced by the lines contradict the other formula.
Error in line 12:
12.   T C 11
^, The previous line should be the &T rule with the formula B(a).",103.2751965522766,stop,1646,2938
Ax (B(x)|C) |- Ax B(x)|C,"[{'role': 'system', 'content': ""\nYou are an expert in logic using the semantic Tableaux method. \nYou will receive a first order logic formula and must prove its validity using the semantic tableau method, represent the proof in a Fitch-like notation, following these formatting instructions:\n\n### FORMAT OF PROOF LINES: \nExpanding proof line must be structured like: '<line_number>. <T_or_F> <formula> <origin>'\n- <line_number>: sequential integer, always ending with a dot ('1.', '2.', '3.', ...)\n- <T_or_F> → T for true formulas, F for false formulas. \n- <formula>: the formula derived on that line\n- <origin> is exactly one of:\n    pre (for premises)\n    conclusion (for the conclusion)\n    a comma-separated list of line numbers indicating the formula(s) used to derive the current line (e.g. '1', '3', '1,3')\n\n### BRANCHING FORMAT \nUse curly braces { and } to open and close branches. \n{ must appear immediately after the line number that opens a branch (e.g. '8.{ F A|B 3') \n} must appear at the end of the line that closes that branch (e.g. '12. @ 5,7}'). Exception: the main (initial) branch does not require a closing }, since it is not opened by {.\nBranches may be nested. But a formula may only be used at a given point if it appeared earlier in the same branch or an outer (enclosing) branch to the current branch. Formulas from closed branches or sibling branches must not be used.\n\n### SYMBOLS \nUse the following symbols for logical operations: \n & = conjunction (and), \n | = disjunction (or), \n ~ = negation (not), \n -> = implication (implies).\n\nQuantifiers symbols:  \n    Ax represents ∀x  \n    Ex represents ∃x\nSo formulas with ∀x and ∃x will be represented by Ax and Ex (A and E followed by the variable x). For example, Ax (H(x)->M(x)) represents ∀x (H(x)→M(x)).\n\n###CONVENTIONS\nAtoms: only uppercase letters not immediately followed by parentesis (e.g. P, Q, R).\nPredicates: uppercase letters immediately followed by parentesis (e.g. H(x), M(y), Q(a,b) ). All predicates must use parentheses.\nVariables: first letter in lowercase, can be followed by letters and numbers (e.g., x, x0, xP0).\n\nWrite only the final proof in <proof>...</proof> tags. Only use <proof>...</proof> tags ONCE. Omit names of the rules. Only use these symbols inside the proof '&' , '->', '~', '|', '@', '(', ')', '{', '}', 'Ax', 'Ex'.\nDo not include explanations, commentary, or extra text inside and outside the <proof>...</proof> tags.\n""}, {'role': 'user', 'content': ""Prove 'Ex P(x), Ax (P(x)->Q(x)) |- Ex Q(x)', using the analytical tableau method. Final answer using the notation described. ""}, {'role': 'assistant', 'content': ' <proof>\n                        1. T Ex P(x) pre\n                        2. T Ax (P(x)->Q(x)) pre\n                        3. F Ex Q(x) conclusion\n                        4. T P(a) 1 \n                        5. T (P(a)->Q(a)) 2 \n                        6. F Q(a) 3 \n                        7.{ F P(a) 5 \n                        8. @ 4,7}    \n                        9.{ T Q(a) 5 \n                        10. @ 6,9}   \n                    </proof>'}, {'role': 'user', 'content': ""Prove 'Ax (P(x)|P(x)) |- Ax P(x)', using the analytical tableau method. Final answer using the notation described.""}, {'role': 'assistant', 'content': ' <proof>\n                            1. T Ax (P(x)|P(x)) pre \n                            2. F Ax P(x) conclusion\n                            3. F P(a) 2          \n                            4. T (P(a)|P(a)) 1   \n                            5.{ T P(a) 4         \n                            6. @ 3,5}            \n                            7.{ T P(a) 4         \n                            8. @ 3,7}            \n                        </proof>'}, {'role': 'user', 'content': ""Prove '|- Ex (D(x)&K(x))->(Ex D(x)|Ex K(x))', using the analytical tableau method. Final answer using the notation described.""}, {'role': 'assistant', 'content': '<proof>\n                            1. F (Ex (D(x)&K(x)) -> (Ex D(x) | Ex K(x))) conclusion\n                            2. T Ex (D(x)&K(x)) 1 \n                            3. F (Ex D(x) | Ex K(x)) 1\n                            4. T (D(a)&K(a)) 2 \n                            5. T D(a) 4 \n                            6. T K(a) 4 \n                            7. F Ex D(x) 3 \n                            8. F Ex K(x) 3 \n                            9. F D(a) 7 \n                            10. @ 5,9 \n                        </proof>'}, {'role': 'user', 'content': ""Prove 'Ax ~(P(x)&~Q(x)), Ax ~Q(x) |- Ax ~P(x)', using the analytical tableau method. Final answer using the notation described.""}, {'role': 'assistant', 'content': '<proof>\n                        1. T Ax ~(P(x)&~Q(x)) pre \n                        2. T Ax ~Q(x) pre \n                        3. F Ax ~P(x) conclusion \n                        4. F ~P(a) 3         \n                        5. T P(a) 4           \n                        6. T ~(P(a)&~Q(a)) 1  \n                        7. T ~Q(a) 2          \n                        8. F (P(a)&~Q(a)) 6   \n                        9.{ F P(a) 8          \n                        10. @ 5,9}           \n                        11.{ F ~Q(a) 8        \n                        12. @ 7,11} \n                    </proof>'}, {'role': 'user', 'content': ""Prove '|- Ex P(x)->~Ax ~P(x)', using the analytical tableau method. Final answer using the notation described.""}, {'role': 'assistant', 'content': '<proof>\n                        1. T Ex (P(x)&~Q(x)) pre \n                        2. F ~Ax (P(x)->Q(x)) conclusion \n                        3. T (P(a)&~Q(a)) 1 \n                        4. T P(a) 3 \n                        5. T ~Q(a) 3 \n                        6. T Ax (P(x)->Q(x)) 2 \n                        7. T (P(a)->Q(a)) 6 \n                        8.{ F P(a) 7 \n                        9. @ 4,8} \n                        10.{ T Q(a) 7 \n                        11. F Q(a) 5  \n                        12. @ 10,11} \n                    </proof>'}, {'role': 'user', 'content': ""Prove'Ax (B(x)|C) |- Ax B(x)|C' using the analytical tableau method. Only one final answer, surrounded by <proof>...</proof>, using the notation described.""}]","<proof>
1. T Ax (B(x)|C) pre
2. F Ax B(x)|C conclusion
3. F Ax B(x) 2
4. F C 2
5. T (B(a)|C) 1
6.{ T C 5
7. @ 4,6}
8.{ T B(a) 5
9. F B(b) 3
10. T (B(b)|C) 1
11.{ T C 10
12. @ 4,11}
13.{ T B(b) 10
14. @ 9,13}
</proof>","1. T Ax (B(x)|C) pre
2. F Ax B(x)|C conclusion
3. F Ax B(x) 2
4. F C 2
5. T (B(a)|C) 1
6.{ T C 5
7. @ 4,6}
8.{ T B(a) 5
9. F B(b) 3
10. T (B(b)|C) 1
11.{ T C 10
12. @ 4,11}
13.{ T B(b) 10
14. @ 9,13}","The following errors were found:

Error in line 8:
8.{ T B(a) 5
      ^,The open branch must be closed.
Error in line 6:
6.{ T C 5
^, There should be a previous branch, starting with the rule |T with the formula B(a).
Error in line 8:
8.{ T B(a) 5
^, There should be a next branch, starting with rule |T with formula C.
Error in line 11:
11.{ T C 10
^, There should be a previous branch, starting with the rule |T with the formula B(b).
Error in line 13:
13.{ T B(b) 10
^, There should be a next branch, starting with rule |T with formula C.",90.45258522033691,stop,1646,2602
Ex (B(x)->C) |- Ax B(x)->C,"[{'role': 'system', 'content': ""\nYou are an expert in logic using the semantic Tableaux method. \nYou will receive a first order logic formula and must prove its validity using the semantic tableau method, represent the proof in a Fitch-like notation, following these formatting instructions:\n\n### FORMAT OF PROOF LINES: \nExpanding proof line must be structured like: '<line_number>. <T_or_F> <formula> <origin>'\n- <line_number>: sequential integer, always ending with a dot ('1.', '2.', '3.', ...)\n- <T_or_F> → T for true formulas, F for false formulas. \n- <formula>: the formula derived on that line\n- <origin> is exactly one of:\n    pre (for premises)\n    conclusion (for the conclusion)\n    a comma-separated list of line numbers indicating the formula(s) used to derive the current line (e.g. '1', '3', '1,3')\n\n### BRANCHING FORMAT \nUse curly braces { and } to open and close branches. \n{ must appear immediately after the line number that opens a branch (e.g. '8.{ F A|B 3') \n} must appear at the end of the line that closes that branch (e.g. '12. @ 5,7}'). Exception: the main (initial) branch does not require a closing }, since it is not opened by {.\nBranches may be nested. But a formula may only be used at a given point if it appeared earlier in the same branch or an outer (enclosing) branch to the current branch. Formulas from closed branches or sibling branches must not be used.\n\n### SYMBOLS \nUse the following symbols for logical operations: \n & = conjunction (and), \n | = disjunction (or), \n ~ = negation (not), \n -> = implication (implies).\n\nQuantifiers symbols:  \n    Ax represents ∀x  \n    Ex represents ∃x\nSo formulas with ∀x and ∃x will be represented by Ax and Ex (A and E followed by the variable x). For example, Ax (H(x)->M(x)) represents ∀x (H(x)→M(x)).\n\n###CONVENTIONS\nAtoms: only uppercase letters not immediately followed by parentesis (e.g. P, Q, R).\nPredicates: uppercase letters immediately followed by parentesis (e.g. H(x), M(y), Q(a,b) ). All predicates must use parentheses.\nVariables: first letter in lowercase, can be followed by letters and numbers (e.g., x, x0, xP0).\n\nWrite only the final proof in <proof>...</proof> tags. Only use <proof>...</proof> tags ONCE. Omit names of the rules. Only use these symbols inside the proof '&' , '->', '~', '|', '@', '(', ')', '{', '}', 'Ax', 'Ex'.\nDo not include explanations, commentary, or extra text inside and outside the <proof>...</proof> tags.\n""}, {'role': 'user', 'content': ""Prove 'Ex P(x), Ax (P(x)->Q(x)) |- Ex Q(x)', using the analytical tableau method. Final answer using the notation described. ""}, {'role': 'assistant', 'content': ' <proof>\n                        1. T Ex P(x) pre\n                        2. T Ax (P(x)->Q(x)) pre\n                        3. F Ex Q(x) conclusion\n                        4. T P(a) 1 \n                        5. T (P(a)->Q(a)) 2 \n                        6. F Q(a) 3 \n                        7.{ F P(a) 5 \n                        8. @ 4,7}    \n                        9.{ T Q(a) 5 \n                        10. @ 6,9}   \n                    </proof>'}, {'role': 'user', 'content': ""Prove 'Ax (P(x)|P(x)) |- Ax P(x)', using the analytical tableau method. Final answer using the notation described.""}, {'role': 'assistant', 'content': ' <proof>\n                            1. T Ax (P(x)|P(x)) pre \n                            2. F Ax P(x) conclusion\n                            3. F P(a) 2          \n                            4. T (P(a)|P(a)) 1   \n                            5.{ T P(a) 4         \n                            6. @ 3,5}            \n                            7.{ T P(a) 4         \n                            8. @ 3,7}            \n                        </proof>'}, {'role': 'user', 'content': ""Prove '|- Ex (D(x)&K(x))->(Ex D(x)|Ex K(x))', using the analytical tableau method. Final answer using the notation described.""}, {'role': 'assistant', 'content': '<proof>\n                            1. F (Ex (D(x)&K(x)) -> (Ex D(x) | Ex K(x))) conclusion\n                            2. T Ex (D(x)&K(x)) 1 \n                            3. F (Ex D(x) | Ex K(x)) 1\n                            4. T (D(a)&K(a)) 2 \n                            5. T D(a) 4 \n                            6. T K(a) 4 \n                            7. F Ex D(x) 3 \n                            8. F Ex K(x) 3 \n                            9. F D(a) 7 \n                            10. @ 5,9 \n                        </proof>'}, {'role': 'user', 'content': ""Prove 'Ax ~(P(x)&~Q(x)), Ax ~Q(x) |- Ax ~P(x)', using the analytical tableau method. Final answer using the notation described.""}, {'role': 'assistant', 'content': '<proof>\n                        1. T Ax ~(P(x)&~Q(x)) pre \n                        2. T Ax ~Q(x) pre \n                        3. F Ax ~P(x) conclusion \n                        4. F ~P(a) 3         \n                        5. T P(a) 4           \n                        6. T ~(P(a)&~Q(a)) 1  \n                        7. T ~Q(a) 2          \n                        8. F (P(a)&~Q(a)) 6   \n                        9.{ F P(a) 8          \n                        10. @ 5,9}           \n                        11.{ F ~Q(a) 8        \n                        12. @ 7,11} \n                    </proof>'}, {'role': 'user', 'content': ""Prove '|- Ex P(x)->~Ax ~P(x)', using the analytical tableau method. Final answer using the notation described.""}, {'role': 'assistant', 'content': '<proof>\n                        1. T Ex (P(x)&~Q(x)) pre \n                        2. F ~Ax (P(x)->Q(x)) conclusion \n                        3. T (P(a)&~Q(a)) 1 \n                        4. T P(a) 3 \n                        5. T ~Q(a) 3 \n                        6. T Ax (P(x)->Q(x)) 2 \n                        7. T (P(a)->Q(a)) 6 \n                        8.{ F P(a) 7 \n                        9. @ 4,8} \n                        10.{ T Q(a) 7 \n                        11. F Q(a) 5  \n                        12. @ 10,11} \n                    </proof>'}, {'role': 'user', 'content': ""Prove'Ex (B(x)->C) |- Ax B(x)->C' using the analytical tableau method. Only one final answer, surrounded by <proof>...</proof>, using the notation described.""}]","<proof>
1. T Ex (B(x)->C) pre
2. F Ax B(x)->C conclusion
3. T Ax B(x) 2
4. F C 2
5. T B(a) 3
6. T (B(b)->C) 1
7. T B(b) 3
8.{ F B(b) 6
9. @ 7,8}
10.{ T C 6
11. @ 4,10}
</proof>","1. T Ex (B(x)->C) pre
2. F Ax B(x)->C conclusion
3. T Ax B(x) 2
4. F C 2
5. T B(a) 3
6. T (B(b)->C) 1
7. T B(b) 3
8.{ F B(b) 6
9. @ 7,8}
10.{ T C 6
11. @ 4,10}",The proof is valid.,44.07589030265808,stop,1646,1269
Ax B(x)->C |- Ex (B(x)->C),"[{'role': 'system', 'content': ""\nYou are an expert in logic using the semantic Tableaux method. \nYou will receive a first order logic formula and must prove its validity using the semantic tableau method, represent the proof in a Fitch-like notation, following these formatting instructions:\n\n### FORMAT OF PROOF LINES: \nExpanding proof line must be structured like: '<line_number>. <T_or_F> <formula> <origin>'\n- <line_number>: sequential integer, always ending with a dot ('1.', '2.', '3.', ...)\n- <T_or_F> → T for true formulas, F for false formulas. \n- <formula>: the formula derived on that line\n- <origin> is exactly one of:\n    pre (for premises)\n    conclusion (for the conclusion)\n    a comma-separated list of line numbers indicating the formula(s) used to derive the current line (e.g. '1', '3', '1,3')\n\n### BRANCHING FORMAT \nUse curly braces { and } to open and close branches. \n{ must appear immediately after the line number that opens a branch (e.g. '8.{ F A|B 3') \n} must appear at the end of the line that closes that branch (e.g. '12. @ 5,7}'). Exception: the main (initial) branch does not require a closing }, since it is not opened by {.\nBranches may be nested. But a formula may only be used at a given point if it appeared earlier in the same branch or an outer (enclosing) branch to the current branch. Formulas from closed branches or sibling branches must not be used.\n\n### SYMBOLS \nUse the following symbols for logical operations: \n & = conjunction (and), \n | = disjunction (or), \n ~ = negation (not), \n -> = implication (implies).\n\nQuantifiers symbols:  \n    Ax represents ∀x  \n    Ex represents ∃x\nSo formulas with ∀x and ∃x will be represented by Ax and Ex (A and E followed by the variable x). For example, Ax (H(x)->M(x)) represents ∀x (H(x)→M(x)).\n\n###CONVENTIONS\nAtoms: only uppercase letters not immediately followed by parentesis (e.g. P, Q, R).\nPredicates: uppercase letters immediately followed by parentesis (e.g. H(x), M(y), Q(a,b) ). All predicates must use parentheses.\nVariables: first letter in lowercase, can be followed by letters and numbers (e.g., x, x0, xP0).\n\nWrite only the final proof in <proof>...</proof> tags. Only use <proof>...</proof> tags ONCE. Omit names of the rules. Only use these symbols inside the proof '&' , '->', '~', '|', '@', '(', ')', '{', '}', 'Ax', 'Ex'.\nDo not include explanations, commentary, or extra text inside and outside the <proof>...</proof> tags.\n""}, {'role': 'user', 'content': ""Prove 'Ex P(x), Ax (P(x)->Q(x)) |- Ex Q(x)', using the analytical tableau method. Final answer using the notation described. ""}, {'role': 'assistant', 'content': ' <proof>\n                        1. T Ex P(x) pre\n                        2. T Ax (P(x)->Q(x)) pre\n                        3. F Ex Q(x) conclusion\n                        4. T P(a) 1 \n                        5. T (P(a)->Q(a)) 2 \n                        6. F Q(a) 3 \n                        7.{ F P(a) 5 \n                        8. @ 4,7}    \n                        9.{ T Q(a) 5 \n                        10. @ 6,9}   \n                    </proof>'}, {'role': 'user', 'content': ""Prove 'Ax (P(x)|P(x)) |- Ax P(x)', using the analytical tableau method. Final answer using the notation described.""}, {'role': 'assistant', 'content': ' <proof>\n                            1. T Ax (P(x)|P(x)) pre \n                            2. F Ax P(x) conclusion\n                            3. F P(a) 2          \n                            4. T (P(a)|P(a)) 1   \n                            5.{ T P(a) 4         \n                            6. @ 3,5}            \n                            7.{ T P(a) 4         \n                            8. @ 3,7}            \n                        </proof>'}, {'role': 'user', 'content': ""Prove '|- Ex (D(x)&K(x))->(Ex D(x)|Ex K(x))', using the analytical tableau method. Final answer using the notation described.""}, {'role': 'assistant', 'content': '<proof>\n                            1. F (Ex (D(x)&K(x)) -> (Ex D(x) | Ex K(x))) conclusion\n                            2. T Ex (D(x)&K(x)) 1 \n                            3. F (Ex D(x) | Ex K(x)) 1\n                            4. T (D(a)&K(a)) 2 \n                            5. T D(a) 4 \n                            6. T K(a) 4 \n                            7. F Ex D(x) 3 \n                            8. F Ex K(x) 3 \n                            9. F D(a) 7 \n                            10. @ 5,9 \n                        </proof>'}, {'role': 'user', 'content': ""Prove 'Ax ~(P(x)&~Q(x)), Ax ~Q(x) |- Ax ~P(x)', using the analytical tableau method. Final answer using the notation described.""}, {'role': 'assistant', 'content': '<proof>\n                        1. T Ax ~(P(x)&~Q(x)) pre \n                        2. T Ax ~Q(x) pre \n                        3. F Ax ~P(x) conclusion \n                        4. F ~P(a) 3         \n                        5. T P(a) 4           \n                        6. T ~(P(a)&~Q(a)) 1  \n                        7. T ~Q(a) 2          \n                        8. F (P(a)&~Q(a)) 6   \n                        9.{ F P(a) 8          \n                        10. @ 5,9}           \n                        11.{ F ~Q(a) 8        \n                        12. @ 7,11} \n                    </proof>'}, {'role': 'user', 'content': ""Prove '|- Ex P(x)->~Ax ~P(x)', using the analytical tableau method. Final answer using the notation described.""}, {'role': 'assistant', 'content': '<proof>\n                        1. T Ex (P(x)&~Q(x)) pre \n                        2. F ~Ax (P(x)->Q(x)) conclusion \n                        3. T (P(a)&~Q(a)) 1 \n                        4. T P(a) 3 \n                        5. T ~Q(a) 3 \n                        6. T Ax (P(x)->Q(x)) 2 \n                        7. T (P(a)->Q(a)) 6 \n                        8.{ F P(a) 7 \n                        9. @ 4,8} \n                        10.{ T Q(a) 7 \n                        11. F Q(a) 5  \n                        12. @ 10,11} \n                    </proof>'}, {'role': 'user', 'content': ""Prove'Ax B(x)->C |- Ex (B(x)->C)' using the analytical tableau method. Only one final answer, surrounded by <proof>...</proof>, using the notation described.""}]","<proof>
1. T Ax (B(x)->C) pre
2. F Ex (B(x)->C) conclusion
3. T (B(a)->C) 1
4. F (B(b)->C) 2
5.{ T (B(b)->C) 1
6. @ 4,5}
</proof>","1. T Ax (B(x)->C) pre
2. F Ex (B(x)->C) conclusion
3. T (B(a)->C) 1
4. F (B(b)->C) 2
5.{ T (B(b)->C) 1
6. @ 4,5}","The following errors were found:

Error in line 5:
5.{ T (B(b)->C) 1
                ^, The rule must be a alpha-rule.",42.957634925842285,stop,1645,1224
Ex (B->C(x)) |- B->Ex C(x),"[{'role': 'system', 'content': ""\nYou are an expert in logic using the semantic Tableaux method. \nYou will receive a first order logic formula and must prove its validity using the semantic tableau method, represent the proof in a Fitch-like notation, following these formatting instructions:\n\n### FORMAT OF PROOF LINES: \nExpanding proof line must be structured like: '<line_number>. <T_or_F> <formula> <origin>'\n- <line_number>: sequential integer, always ending with a dot ('1.', '2.', '3.', ...)\n- <T_or_F> → T for true formulas, F for false formulas. \n- <formula>: the formula derived on that line\n- <origin> is exactly one of:\n    pre (for premises)\n    conclusion (for the conclusion)\n    a comma-separated list of line numbers indicating the formula(s) used to derive the current line (e.g. '1', '3', '1,3')\n\n### BRANCHING FORMAT \nUse curly braces { and } to open and close branches. \n{ must appear immediately after the line number that opens a branch (e.g. '8.{ F A|B 3') \n} must appear at the end of the line that closes that branch (e.g. '12. @ 5,7}'). Exception: the main (initial) branch does not require a closing }, since it is not opened by {.\nBranches may be nested. But a formula may only be used at a given point if it appeared earlier in the same branch or an outer (enclosing) branch to the current branch. Formulas from closed branches or sibling branches must not be used.\n\n### SYMBOLS \nUse the following symbols for logical operations: \n & = conjunction (and), \n | = disjunction (or), \n ~ = negation (not), \n -> = implication (implies).\n\nQuantifiers symbols:  \n    Ax represents ∀x  \n    Ex represents ∃x\nSo formulas with ∀x and ∃x will be represented by Ax and Ex (A and E followed by the variable x). For example, Ax (H(x)->M(x)) represents ∀x (H(x)→M(x)).\n\n###CONVENTIONS\nAtoms: only uppercase letters not immediately followed by parentesis (e.g. P, Q, R).\nPredicates: uppercase letters immediately followed by parentesis (e.g. H(x), M(y), Q(a,b) ). All predicates must use parentheses.\nVariables: first letter in lowercase, can be followed by letters and numbers (e.g., x, x0, xP0).\n\nWrite only the final proof in <proof>...</proof> tags. Only use <proof>...</proof> tags ONCE. Omit names of the rules. Only use these symbols inside the proof '&' , '->', '~', '|', '@', '(', ')', '{', '}', 'Ax', 'Ex'.\nDo not include explanations, commentary, or extra text inside and outside the <proof>...</proof> tags.\n""}, {'role': 'user', 'content': ""Prove 'Ex P(x), Ax (P(x)->Q(x)) |- Ex Q(x)', using the analytical tableau method. Final answer using the notation described. ""}, {'role': 'assistant', 'content': ' <proof>\n                        1. T Ex P(x) pre\n                        2. T Ax (P(x)->Q(x)) pre\n                        3. F Ex Q(x) conclusion\n                        4. T P(a) 1 \n                        5. T (P(a)->Q(a)) 2 \n                        6. F Q(a) 3 \n                        7.{ F P(a) 5 \n                        8. @ 4,7}    \n                        9.{ T Q(a) 5 \n                        10. @ 6,9}   \n                    </proof>'}, {'role': 'user', 'content': ""Prove 'Ax (P(x)|P(x)) |- Ax P(x)', using the analytical tableau method. Final answer using the notation described.""}, {'role': 'assistant', 'content': ' <proof>\n                            1. T Ax (P(x)|P(x)) pre \n                            2. F Ax P(x) conclusion\n                            3. F P(a) 2          \n                            4. T (P(a)|P(a)) 1   \n                            5.{ T P(a) 4         \n                            6. @ 3,5}            \n                            7.{ T P(a) 4         \n                            8. @ 3,7}            \n                        </proof>'}, {'role': 'user', 'content': ""Prove '|- Ex (D(x)&K(x))->(Ex D(x)|Ex K(x))', using the analytical tableau method. Final answer using the notation described.""}, {'role': 'assistant', 'content': '<proof>\n                            1. F (Ex (D(x)&K(x)) -> (Ex D(x) | Ex K(x))) conclusion\n                            2. T Ex (D(x)&K(x)) 1 \n                            3. F (Ex D(x) | Ex K(x)) 1\n                            4. T (D(a)&K(a)) 2 \n                            5. T D(a) 4 \n                            6. T K(a) 4 \n                            7. F Ex D(x) 3 \n                            8. F Ex K(x) 3 \n                            9. F D(a) 7 \n                            10. @ 5,9 \n                        </proof>'}, {'role': 'user', 'content': ""Prove 'Ax ~(P(x)&~Q(x)), Ax ~Q(x) |- Ax ~P(x)', using the analytical tableau method. Final answer using the notation described.""}, {'role': 'assistant', 'content': '<proof>\n                        1. T Ax ~(P(x)&~Q(x)) pre \n                        2. T Ax ~Q(x) pre \n                        3. F Ax ~P(x) conclusion \n                        4. F ~P(a) 3         \n                        5. T P(a) 4           \n                        6. T ~(P(a)&~Q(a)) 1  \n                        7. T ~Q(a) 2          \n                        8. F (P(a)&~Q(a)) 6   \n                        9.{ F P(a) 8          \n                        10. @ 5,9}           \n                        11.{ F ~Q(a) 8        \n                        12. @ 7,11} \n                    </proof>'}, {'role': 'user', 'content': ""Prove '|- Ex P(x)->~Ax ~P(x)', using the analytical tableau method. Final answer using the notation described.""}, {'role': 'assistant', 'content': '<proof>\n                        1. T Ex (P(x)&~Q(x)) pre \n                        2. F ~Ax (P(x)->Q(x)) conclusion \n                        3. T (P(a)&~Q(a)) 1 \n                        4. T P(a) 3 \n                        5. T ~Q(a) 3 \n                        6. T Ax (P(x)->Q(x)) 2 \n                        7. T (P(a)->Q(a)) 6 \n                        8.{ F P(a) 7 \n                        9. @ 4,8} \n                        10.{ T Q(a) 7 \n                        11. F Q(a) 5  \n                        12. @ 10,11} \n                    </proof>'}, {'role': 'user', 'content': ""Prove'Ex (B->C(x)) |- B->Ex C(x)' using the analytical tableau method. Only one final answer, surrounded by <proof>...</proof>, using the notation described.""}]","<proof>
1. T Ex (B->C(x)) pre
2. F (B->Ex C(x)) conclusion
3. T B 2
4. F Ex C(x) 2
5. F C(a) 4
6. T (B->C(a)) 1
7. T C(a) 3,6
8. @ 5,7
</proof>","1. T Ex (B->C(x)) pre
2. F (B->Ex C(x)) conclusion
3. T B 2
4. F Ex C(x) 2
5. F C(a) 4
6. T (B->C(a)) 1
7. T C(a) 3,6
8. @ 5,7","The following errors were found:

One of definitions are not completed. Please, check whether all rules are correctly written.
Recall that a rule of inference starts with a numeber, followed by . (reference line), the truth value of the formula (T or F), has a formula and the justification (premise, conclusion or one of the inference rules with its formula references).Sintax error:
7. T C(a) 3,6
           ^
",30.47595691680908,stop,1646,880
B->Ex C(x) |- Ex (B->C(x)),"[{'role': 'system', 'content': ""\nYou are an expert in logic using the semantic Tableaux method. \nYou will receive a first order logic formula and must prove its validity using the semantic tableau method, represent the proof in a Fitch-like notation, following these formatting instructions:\n\n### FORMAT OF PROOF LINES: \nExpanding proof line must be structured like: '<line_number>. <T_or_F> <formula> <origin>'\n- <line_number>: sequential integer, always ending with a dot ('1.', '2.', '3.', ...)\n- <T_or_F> → T for true formulas, F for false formulas. \n- <formula>: the formula derived on that line\n- <origin> is exactly one of:\n    pre (for premises)\n    conclusion (for the conclusion)\n    a comma-separated list of line numbers indicating the formula(s) used to derive the current line (e.g. '1', '3', '1,3')\n\n### BRANCHING FORMAT \nUse curly braces { and } to open and close branches. \n{ must appear immediately after the line number that opens a branch (e.g. '8.{ F A|B 3') \n} must appear at the end of the line that closes that branch (e.g. '12. @ 5,7}'). Exception: the main (initial) branch does not require a closing }, since it is not opened by {.\nBranches may be nested. But a formula may only be used at a given point if it appeared earlier in the same branch or an outer (enclosing) branch to the current branch. Formulas from closed branches or sibling branches must not be used.\n\n### SYMBOLS \nUse the following symbols for logical operations: \n & = conjunction (and), \n | = disjunction (or), \n ~ = negation (not), \n -> = implication (implies).\n\nQuantifiers symbols:  \n    Ax represents ∀x  \n    Ex represents ∃x\nSo formulas with ∀x and ∃x will be represented by Ax and Ex (A and E followed by the variable x). For example, Ax (H(x)->M(x)) represents ∀x (H(x)→M(x)).\n\n###CONVENTIONS\nAtoms: only uppercase letters not immediately followed by parentesis (e.g. P, Q, R).\nPredicates: uppercase letters immediately followed by parentesis (e.g. H(x), M(y), Q(a,b) ). All predicates must use parentheses.\nVariables: first letter in lowercase, can be followed by letters and numbers (e.g., x, x0, xP0).\n\nWrite only the final proof in <proof>...</proof> tags. Only use <proof>...</proof> tags ONCE. Omit names of the rules. Only use these symbols inside the proof '&' , '->', '~', '|', '@', '(', ')', '{', '}', 'Ax', 'Ex'.\nDo not include explanations, commentary, or extra text inside and outside the <proof>...</proof> tags.\n""}, {'role': 'user', 'content': ""Prove 'Ex P(x), Ax (P(x)->Q(x)) |- Ex Q(x)', using the analytical tableau method. Final answer using the notation described. ""}, {'role': 'assistant', 'content': ' <proof>\n                        1. T Ex P(x) pre\n                        2. T Ax (P(x)->Q(x)) pre\n                        3. F Ex Q(x) conclusion\n                        4. T P(a) 1 \n                        5. T (P(a)->Q(a)) 2 \n                        6. F Q(a) 3 \n                        7.{ F P(a) 5 \n                        8. @ 4,7}    \n                        9.{ T Q(a) 5 \n                        10. @ 6,9}   \n                    </proof>'}, {'role': 'user', 'content': ""Prove 'Ax (P(x)|P(x)) |- Ax P(x)', using the analytical tableau method. Final answer using the notation described.""}, {'role': 'assistant', 'content': ' <proof>\n                            1. T Ax (P(x)|P(x)) pre \n                            2. F Ax P(x) conclusion\n                            3. F P(a) 2          \n                            4. T (P(a)|P(a)) 1   \n                            5.{ T P(a) 4         \n                            6. @ 3,5}            \n                            7.{ T P(a) 4         \n                            8. @ 3,7}            \n                        </proof>'}, {'role': 'user', 'content': ""Prove '|- Ex (D(x)&K(x))->(Ex D(x)|Ex K(x))', using the analytical tableau method. Final answer using the notation described.""}, {'role': 'assistant', 'content': '<proof>\n                            1. F (Ex (D(x)&K(x)) -> (Ex D(x) | Ex K(x))) conclusion\n                            2. T Ex (D(x)&K(x)) 1 \n                            3. F (Ex D(x) | Ex K(x)) 1\n                            4. T (D(a)&K(a)) 2 \n                            5. T D(a) 4 \n                            6. T K(a) 4 \n                            7. F Ex D(x) 3 \n                            8. F Ex K(x) 3 \n                            9. F D(a) 7 \n                            10. @ 5,9 \n                        </proof>'}, {'role': 'user', 'content': ""Prove 'Ax ~(P(x)&~Q(x)), Ax ~Q(x) |- Ax ~P(x)', using the analytical tableau method. Final answer using the notation described.""}, {'role': 'assistant', 'content': '<proof>\n                        1. T Ax ~(P(x)&~Q(x)) pre \n                        2. T Ax ~Q(x) pre \n                        3. F Ax ~P(x) conclusion \n                        4. F ~P(a) 3         \n                        5. T P(a) 4           \n                        6. T ~(P(a)&~Q(a)) 1  \n                        7. T ~Q(a) 2          \n                        8. F (P(a)&~Q(a)) 6   \n                        9.{ F P(a) 8          \n                        10. @ 5,9}           \n                        11.{ F ~Q(a) 8        \n                        12. @ 7,11} \n                    </proof>'}, {'role': 'user', 'content': ""Prove '|- Ex P(x)->~Ax ~P(x)', using the analytical tableau method. Final answer using the notation described.""}, {'role': 'assistant', 'content': '<proof>\n                        1. T Ex (P(x)&~Q(x)) pre \n                        2. F ~Ax (P(x)->Q(x)) conclusion \n                        3. T (P(a)&~Q(a)) 1 \n                        4. T P(a) 3 \n                        5. T ~Q(a) 3 \n                        6. T Ax (P(x)->Q(x)) 2 \n                        7. T (P(a)->Q(a)) 6 \n                        8.{ F P(a) 7 \n                        9. @ 4,8} \n                        10.{ T Q(a) 7 \n                        11. F Q(a) 5  \n                        12. @ 10,11} \n                    </proof>'}, {'role': 'user', 'content': ""Prove'B->Ex C(x) |- Ex (B->C(x))' using the analytical tableau method. Only one final answer, surrounded by <proof>...</proof>, using the notation described.""}]","<proof>
1. T (B->Ex C(x)) pre
2. F Ex (B->C(x)) conclusion
3. F (B->C(a)) 2
4. T B 3
5. F C(a) 3
6.{ F B 1
7. @ 4,6}
8.{ T Ex C(x) 1
9. T C(a) 8
10. @ 5,9}
</proof>","1. T (B->Ex C(x)) pre
2. F Ex (B->C(x)) conclusion
3. F (B->C(a)) 2
4. T B 3
5. F C(a) 3
6.{ F B 1
7. @ 4,6}
8.{ T Ex C(x) 1
9. T C(a) 8
10. @ 5,9}","The following errors were found:

Error in line 9:
9. T C(a) 8
     ^, The variable used in this formula C(a) is not a new variable and therefore cannot be used in this rule.",118.68152093887328,stop,1647,3360
