question,input_prompt,whole_response,cut_response,verification,time_seconds_only_request,finish_reason,tokens_input,tokens_in_output
Ax (B(x)|B(x)) |- Ax B(x),"[{'role': 'system', 'content': ""\nYou are an expert in logic using the semantic Tableaux method. \nYou will receive a first order logic formula and must prove its validity using the semantic tableau method, represent the proof in a Fitch-like notation, following these formatting instructions:\n\n### FORMAT OF PROOF LINES: \nExpanding proof line must be structured like: '<line_number>. <T_or_F> <formula> <origin>'\n- <line_number>: sequential integer, always ending with a dot ('1.', '2.', '3.', ...)\n- <T_or_F> → T for true formulas, F for false formulas. \n- <formula>: the formula derived on that line\n- <origin> is exactly one of:\n    pre (for premises)\n    conclusion (for the conclusion)\n    a comma-separated list of line numbers indicating the formula(s) used to derive the current line (e.g. '1', '3', '1,3')\n\n### BRANCHING FORMAT \nUse curly braces { and } to open and close branches. \n{ must appear immediately after the line number that opens a branch (e.g. '8.{ F A|B 3') \n} must appear at the end of the line that closes that branch (e.g. '12. @ 5,7}'). Exception: the main (initial) branch does not require a closing }, since it is not opened by {.\nBranches may be nested. But a formula may only be used at a given point if it appeared earlier in the same branch or an outer (enclosing) branch to the current branch. Formulas from closed branches or sibling branches must not be used.\n\n### SYMBOLS \nUse the following symbols for logical operations: \n & = conjunction (and), \n | = disjunction (or), \n ~ = negation (not), \n -> = implication (implies).\n\nQuantifiers symbols:  \n    Ax represents ∀x  \n    Ex represents ∃x\nSo formulas with ∀x and ∃x will be represented by Ax and Ex (A and E followed by the variable x). For example, Ax (H(x)->M(x)) represents ∀x (H(x)→M(x)).\n\n###CONVENTIONS\nAtoms: only uppercase letters not immediately followed by parentesis (e.g. P, Q, R).\nPredicates: uppercase letters immediately followed by parentesis (e.g. H(x), M(y), Q(a,b) ). All predicates must use parentheses.\nVariables: first letter in lowercase, can be followed by letters and numbers (e.g., x, x0, xP0).\n\nWrite only the final proof in <proof>...</proof> tags. Only use <proof>...</proof> tags ONCE. Omit names of the rules. Only use these symbols inside the proof '&' , '->', '~', '|', '@', '(', ')', '{', '}', 'Ax', 'Ex'.\nDo not include explanations, commentary, or extra text inside and outside the <proof>...</proof> tags.\n""}, {'role': 'user', 'content': ""Prove 'Ex P(x), Ax (P(x)->Q(x)) |- Ex Q(x)', using the analytical tableau method. Final answer using the notation described. ""}, {'role': 'assistant', 'content': ' <proof>\n                        1. T Ex P(x) pre\n                        2. T Ax (P(x)->Q(x)) pre\n                        3. F Ex Q(x) conclusion\n                        4. T P(a) 1 \n                        5. T (P(a)->Q(a)) 2 \n                        6. F Q(a) 3 \n                        7.{ F P(a) 5 \n                        8. @ 4,7}    \n                        9.{ T Q(a) 5 \n                        10. @ 6,9}   \n                    </proof>'}, {'role': 'user', 'content': ""Prove 'Ax (P(x)|P(x)) |- Ax P(x)', using the analytical tableau method. Final answer using the notation described.""}, {'role': 'assistant', 'content': ' <proof>\n                            1. T Ax (P(x)|P(x)) pre \n                            2. F Ax P(x) conclusion\n                            3. F P(a) 2          \n                            4. T (P(a)|P(a)) 1   \n                            5.{ T P(a) 4         \n                            6. @ 3,5}            \n                            7.{ T P(a) 4         \n                            8. @ 3,7}            \n                        </proof>'}, {'role': 'user', 'content': ""Prove'Ax (B(x)|B(x)) |- Ax B(x)' using the analytical tableau method. Only one final answer, surrounded by <proof>...</proof>, using the notation described.""}]","<proof>
1. T Ax (B(x)|B(x)) pre
2. F Ax B(x) conclusion
3. F B(a) 2
4. T (B(a)|B(a)) 1
5.{ T B(a) 4
6. @ 3,5}
7.{ T B(a) 4
8. @ 3,7}
</proof>","1. T Ax (B(x)|B(x)) pre
2. F Ax B(x) conclusion
3. F B(a) 2
4. T (B(a)|B(a)) 1
5.{ T B(a) 4
6. @ 3,5}
7.{ T B(a) 4
8. @ 3,7}",The proof is valid.,32.292237997055054,stop,1043.0,938.0
"B(a), C(a) |- Ex (B(x)&C(x))","[{'role': 'system', 'content': ""\nYou are an expert in logic using the semantic Tableaux method. \nYou will receive a first order logic formula and must prove its validity using the semantic tableau method, represent the proof in a Fitch-like notation, following these formatting instructions:\n\n### FORMAT OF PROOF LINES: \nExpanding proof line must be structured like: '<line_number>. <T_or_F> <formula> <origin>'\n- <line_number>: sequential integer, always ending with a dot ('1.', '2.', '3.', ...)\n- <T_or_F> → T for true formulas, F for false formulas. \n- <formula>: the formula derived on that line\n- <origin> is exactly one of:\n    pre (for premises)\n    conclusion (for the conclusion)\n    a comma-separated list of line numbers indicating the formula(s) used to derive the current line (e.g. '1', '3', '1,3')\n\n### BRANCHING FORMAT \nUse curly braces { and } to open and close branches. \n{ must appear immediately after the line number that opens a branch (e.g. '8.{ F A|B 3') \n} must appear at the end of the line that closes that branch (e.g. '12. @ 5,7}'). Exception: the main (initial) branch does not require a closing }, since it is not opened by {.\nBranches may be nested. But a formula may only be used at a given point if it appeared earlier in the same branch or an outer (enclosing) branch to the current branch. Formulas from closed branches or sibling branches must not be used.\n\n### SYMBOLS \nUse the following symbols for logical operations: \n & = conjunction (and), \n | = disjunction (or), \n ~ = negation (not), \n -> = implication (implies).\n\nQuantifiers symbols:  \n    Ax represents ∀x  \n    Ex represents ∃x\nSo formulas with ∀x and ∃x will be represented by Ax and Ex (A and E followed by the variable x). For example, Ax (H(x)->M(x)) represents ∀x (H(x)→M(x)).\n\n###CONVENTIONS\nAtoms: only uppercase letters not immediately followed by parentesis (e.g. P, Q, R).\nPredicates: uppercase letters immediately followed by parentesis (e.g. H(x), M(y), Q(a,b) ). All predicates must use parentheses.\nVariables: first letter in lowercase, can be followed by letters and numbers (e.g., x, x0, xP0).\n\nWrite only the final proof in <proof>...</proof> tags. Only use <proof>...</proof> tags ONCE. Omit names of the rules. Only use these symbols inside the proof '&' , '->', '~', '|', '@', '(', ')', '{', '}', 'Ax', 'Ex'.\nDo not include explanations, commentary, or extra text inside and outside the <proof>...</proof> tags.\n""}, {'role': 'user', 'content': ""Prove 'Ex P(x), Ax (P(x)->Q(x)) |- Ex Q(x)', using the analytical tableau method. Final answer using the notation described. ""}, {'role': 'assistant', 'content': ' <proof>\n                        1. T Ex P(x) pre\n                        2. T Ax (P(x)->Q(x)) pre\n                        3. F Ex Q(x) conclusion\n                        4. T P(a) 1 \n                        5. T (P(a)->Q(a)) 2 \n                        6. F Q(a) 3 \n                        7.{ F P(a) 5 \n                        8. @ 4,7}    \n                        9.{ T Q(a) 5 \n                        10. @ 6,9}   \n                    </proof>'}, {'role': 'user', 'content': ""Prove 'Ax (P(x)|P(x)) |- Ax P(x)', using the analytical tableau method. Final answer using the notation described.""}, {'role': 'assistant', 'content': ' <proof>\n                            1. T Ax (P(x)|P(x)) pre \n                            2. F Ax P(x) conclusion\n                            3. F P(a) 2          \n                            4. T (P(a)|P(a)) 1   \n                            5.{ T P(a) 4         \n                            6. @ 3,5}            \n                            7.{ T P(a) 4         \n                            8. @ 3,7}            \n                        </proof>'}, {'role': 'user', 'content': ""Prove'B(a), C(a) |- Ex (B(x)&C(x))' using the analytical tableau method. Only one final answer, surrounded by <proof>...</proof>, using the notation described.""}]","<proof>
1. T B(a) pre
2. T C(a) pre
3. F Ex (B(x)&C(x)) conclusion
4. F (B(a)&C(a)) 3
5.{ F B(a) 4
6. @ 1,5}
7.{ F C(a) 4
8. @ 2,7}
</proof>","1. T B(a) pre
2. T C(a) pre
3. F Ex (B(x)&C(x)) conclusion
4. F (B(a)&C(a)) 3
5.{ F B(a) 4
6. @ 1,5}
7.{ F C(a) 4
8. @ 2,7}",The proof is valid.,47.72416162490845,stop,1046.0,1411.0
"Ax (B(x)->C(x)), B(a) |- C(a)","[{'role': 'system', 'content': ""\nYou are an expert in logic using the semantic Tableaux method. \nYou will receive a first order logic formula and must prove its validity using the semantic tableau method, represent the proof in a Fitch-like notation, following these formatting instructions:\n\n### FORMAT OF PROOF LINES: \nExpanding proof line must be structured like: '<line_number>. <T_or_F> <formula> <origin>'\n- <line_number>: sequential integer, always ending with a dot ('1.', '2.', '3.', ...)\n- <T_or_F> → T for true formulas, F for false formulas. \n- <formula>: the formula derived on that line\n- <origin> is exactly one of:\n    pre (for premises)\n    conclusion (for the conclusion)\n    a comma-separated list of line numbers indicating the formula(s) used to derive the current line (e.g. '1', '3', '1,3')\n\n### BRANCHING FORMAT \nUse curly braces { and } to open and close branches. \n{ must appear immediately after the line number that opens a branch (e.g. '8.{ F A|B 3') \n} must appear at the end of the line that closes that branch (e.g. '12. @ 5,7}'). Exception: the main (initial) branch does not require a closing }, since it is not opened by {.\nBranches may be nested. But a formula may only be used at a given point if it appeared earlier in the same branch or an outer (enclosing) branch to the current branch. Formulas from closed branches or sibling branches must not be used.\n\n### SYMBOLS \nUse the following symbols for logical operations: \n & = conjunction (and), \n | = disjunction (or), \n ~ = negation (not), \n -> = implication (implies).\n\nQuantifiers symbols:  \n    Ax represents ∀x  \n    Ex represents ∃x\nSo formulas with ∀x and ∃x will be represented by Ax and Ex (A and E followed by the variable x). For example, Ax (H(x)->M(x)) represents ∀x (H(x)→M(x)).\n\n###CONVENTIONS\nAtoms: only uppercase letters not immediately followed by parentesis (e.g. P, Q, R).\nPredicates: uppercase letters immediately followed by parentesis (e.g. H(x), M(y), Q(a,b) ). All predicates must use parentheses.\nVariables: first letter in lowercase, can be followed by letters and numbers (e.g., x, x0, xP0).\n\nWrite only the final proof in <proof>...</proof> tags. Only use <proof>...</proof> tags ONCE. Omit names of the rules. Only use these symbols inside the proof '&' , '->', '~', '|', '@', '(', ')', '{', '}', 'Ax', 'Ex'.\nDo not include explanations, commentary, or extra text inside and outside the <proof>...</proof> tags.\n""}, {'role': 'user', 'content': ""Prove 'Ex P(x), Ax (P(x)->Q(x)) |- Ex Q(x)', using the analytical tableau method. Final answer using the notation described. ""}, {'role': 'assistant', 'content': ' <proof>\n                        1. T Ex P(x) pre\n                        2. T Ax (P(x)->Q(x)) pre\n                        3. F Ex Q(x) conclusion\n                        4. T P(a) 1 \n                        5. T (P(a)->Q(a)) 2 \n                        6. F Q(a) 3 \n                        7.{ F P(a) 5 \n                        8. @ 4,7}    \n                        9.{ T Q(a) 5 \n                        10. @ 6,9}   \n                    </proof>'}, {'role': 'user', 'content': ""Prove 'Ax (P(x)|P(x)) |- Ax P(x)', using the analytical tableau method. Final answer using the notation described.""}, {'role': 'assistant', 'content': ' <proof>\n                            1. T Ax (P(x)|P(x)) pre \n                            2. F Ax P(x) conclusion\n                            3. F P(a) 2          \n                            4. T (P(a)|P(a)) 1   \n                            5.{ T P(a) 4         \n                            6. @ 3,5}            \n                            7.{ T P(a) 4         \n                            8. @ 3,7}            \n                        </proof>'}, {'role': 'user', 'content': ""Prove'Ax (B(x)->C(x)), B(a) |- C(a)' using the analytical tableau method. Only one final answer, surrounded by <proof>...</proof>, using the notation described.""}]","<proof>
1. T Ax (B(x)->C(x)) pre
2. T B(a) pre
3. F C(a) conclusion
4. T (B(a)->C(a)) 1
5.{ F B(a) 4
6. @ 2,5}
7.{ T C(a) 4
8. @ 3,7}
</proof>","1. T Ax (B(x)->C(x)) pre
2. T B(a) pre
3. F C(a) conclusion
4. T (B(a)->C(a)) 1
5.{ F B(a) 4
6. @ 2,5}
7.{ T C(a) 4
8. @ 3,7}",The proof is valid.,26.352322578430176,stop,1045.0,788.0
|- Ex (B(x)&C(x))->(Ex B(x)|Ex C(x)),"[{'role': 'system', 'content': ""\nYou are an expert in logic using the semantic Tableaux method. \nYou will receive a first order logic formula and must prove its validity using the semantic tableau method, represent the proof in a Fitch-like notation, following these formatting instructions:\n\n### FORMAT OF PROOF LINES: \nExpanding proof line must be structured like: '<line_number>. <T_or_F> <formula> <origin>'\n- <line_number>: sequential integer, always ending with a dot ('1.', '2.', '3.', ...)\n- <T_or_F> → T for true formulas, F for false formulas. \n- <formula>: the formula derived on that line\n- <origin> is exactly one of:\n    pre (for premises)\n    conclusion (for the conclusion)\n    a comma-separated list of line numbers indicating the formula(s) used to derive the current line (e.g. '1', '3', '1,3')\n\n### BRANCHING FORMAT \nUse curly braces { and } to open and close branches. \n{ must appear immediately after the line number that opens a branch (e.g. '8.{ F A|B 3') \n} must appear at the end of the line that closes that branch (e.g. '12. @ 5,7}'). Exception: the main (initial) branch does not require a closing }, since it is not opened by {.\nBranches may be nested. But a formula may only be used at a given point if it appeared earlier in the same branch or an outer (enclosing) branch to the current branch. Formulas from closed branches or sibling branches must not be used.\n\n### SYMBOLS \nUse the following symbols for logical operations: \n & = conjunction (and), \n | = disjunction (or), \n ~ = negation (not), \n -> = implication (implies).\n\nQuantifiers symbols:  \n    Ax represents ∀x  \n    Ex represents ∃x\nSo formulas with ∀x and ∃x will be represented by Ax and Ex (A and E followed by the variable x). For example, Ax (H(x)->M(x)) represents ∀x (H(x)→M(x)).\n\n###CONVENTIONS\nAtoms: only uppercase letters not immediately followed by parentesis (e.g. P, Q, R).\nPredicates: uppercase letters immediately followed by parentesis (e.g. H(x), M(y), Q(a,b) ). All predicates must use parentheses.\nVariables: first letter in lowercase, can be followed by letters and numbers (e.g., x, x0, xP0).\n\nWrite only the final proof in <proof>...</proof> tags. Only use <proof>...</proof> tags ONCE. Omit names of the rules. Only use these symbols inside the proof '&' , '->', '~', '|', '@', '(', ')', '{', '}', 'Ax', 'Ex'.\nDo not include explanations, commentary, or extra text inside and outside the <proof>...</proof> tags.\n""}, {'role': 'user', 'content': ""Prove 'Ex P(x), Ax (P(x)->Q(x)) |- Ex Q(x)', using the analytical tableau method. Final answer using the notation described. ""}, {'role': 'assistant', 'content': ' <proof>\n                        1. T Ex P(x) pre\n                        2. T Ax (P(x)->Q(x)) pre\n                        3. F Ex Q(x) conclusion\n                        4. T P(a) 1 \n                        5. T (P(a)->Q(a)) 2 \n                        6. F Q(a) 3 \n                        7.{ F P(a) 5 \n                        8. @ 4,7}    \n                        9.{ T Q(a) 5 \n                        10. @ 6,9}   \n                    </proof>'}, {'role': 'user', 'content': ""Prove 'Ax (P(x)|P(x)) |- Ax P(x)', using the analytical tableau method. Final answer using the notation described.""}, {'role': 'assistant', 'content': ' <proof>\n                            1. T Ax (P(x)|P(x)) pre \n                            2. F Ax P(x) conclusion\n                            3. F P(a) 2          \n                            4. T (P(a)|P(a)) 1   \n                            5.{ T P(a) 4         \n                            6. @ 3,5}            \n                            7.{ T P(a) 4         \n                            8. @ 3,7}            \n                        </proof>'}, {'role': 'user', 'content': ""Prove'|- Ex (B(x)&C(x))->(Ex B(x)|Ex C(x))' using the analytical tableau method. Only one final answer, surrounded by <proof>...</proof>, using the notation described.""}]","<proof>
1. F ((Ex (B(x)&C(x))) -> (Ex B(x)|Ex C(x))) conclusion
2. B Ex (B(x)&C(x)) 1
3. F (Ex B(x) | Ex C(x)) 1
4. B (B(a)&C(a)) 2
5. B B(a) 4
6. B C(a) 4
7. F Ex B(x) 3
8. F Ex C(x) 3
9. F B(a) 7
10. @ 5,9
11. F C(a) 8
12. @ 6,11
</proof>","1. F ((Ex (B(x)&C(x))) -> (Ex B(x)|Ex C(x))) conclusion
2. B Ex (B(x)&C(x)) 1
3. F (Ex B(x) | Ex C(x)) 1
4. B (B(a)&C(a)) 2
5. B B(a) 4
6. B C(a) 4
7. F Ex B(x) 3
8. F Ex C(x) 3
9. F B(a) 7
10. @ 5,9
11. F C(a) 8
12. @ 6,11","The following errors were found:

One of definitions are not completed. Please, check whether all rules are correctly written.
Recall that a rule of inference starts with a numeber, followed by . (reference line), the truth value of the formula (T or F), has a formula and the justification (premise, conclusion or one of the inference rules with its formula references).Sintax error:
2. B Ex (B(x)&C(x)) 1
     ^
",53.42025923728943,stop,1049.0,1556.0
|- Ax B(x)->(Ax ~C(x)->Ax (B(x)&~C(x))),"[{'role': 'system', 'content': ""\nYou are an expert in logic using the semantic Tableaux method. \nYou will receive a first order logic formula and must prove its validity using the semantic tableau method, represent the proof in a Fitch-like notation, following these formatting instructions:\n\n### FORMAT OF PROOF LINES: \nExpanding proof line must be structured like: '<line_number>. <T_or_F> <formula> <origin>'\n- <line_number>: sequential integer, always ending with a dot ('1.', '2.', '3.', ...)\n- <T_or_F> → T for true formulas, F for false formulas. \n- <formula>: the formula derived on that line\n- <origin> is exactly one of:\n    pre (for premises)\n    conclusion (for the conclusion)\n    a comma-separated list of line numbers indicating the formula(s) used to derive the current line (e.g. '1', '3', '1,3')\n\n### BRANCHING FORMAT \nUse curly braces { and } to open and close branches. \n{ must appear immediately after the line number that opens a branch (e.g. '8.{ F A|B 3') \n} must appear at the end of the line that closes that branch (e.g. '12. @ 5,7}'). Exception: the main (initial) branch does not require a closing }, since it is not opened by {.\nBranches may be nested. But a formula may only be used at a given point if it appeared earlier in the same branch or an outer (enclosing) branch to the current branch. Formulas from closed branches or sibling branches must not be used.\n\n### SYMBOLS \nUse the following symbols for logical operations: \n & = conjunction (and), \n | = disjunction (or), \n ~ = negation (not), \n -> = implication (implies).\n\nQuantifiers symbols:  \n    Ax represents ∀x  \n    Ex represents ∃x\nSo formulas with ∀x and ∃x will be represented by Ax and Ex (A and E followed by the variable x). For example, Ax (H(x)->M(x)) represents ∀x (H(x)→M(x)).\n\n###CONVENTIONS\nAtoms: only uppercase letters not immediately followed by parentesis (e.g. P, Q, R).\nPredicates: uppercase letters immediately followed by parentesis (e.g. H(x), M(y), Q(a,b) ). All predicates must use parentheses.\nVariables: first letter in lowercase, can be followed by letters and numbers (e.g., x, x0, xP0).\n\nWrite only the final proof in <proof>...</proof> tags. Only use <proof>...</proof> tags ONCE. Omit names of the rules. Only use these symbols inside the proof '&' , '->', '~', '|', '@', '(', ')', '{', '}', 'Ax', 'Ex'.\nDo not include explanations, commentary, or extra text inside and outside the <proof>...</proof> tags.\n""}, {'role': 'user', 'content': ""Prove 'Ex P(x), Ax (P(x)->Q(x)) |- Ex Q(x)', using the analytical tableau method. Final answer using the notation described. ""}, {'role': 'assistant', 'content': ' <proof>\n                        1. T Ex P(x) pre\n                        2. T Ax (P(x)->Q(x)) pre\n                        3. F Ex Q(x) conclusion\n                        4. T P(a) 1 \n                        5. T (P(a)->Q(a)) 2 \n                        6. F Q(a) 3 \n                        7.{ F P(a) 5 \n                        8. @ 4,7}    \n                        9.{ T Q(a) 5 \n                        10. @ 6,9}   \n                    </proof>'}, {'role': 'user', 'content': ""Prove 'Ax (P(x)|P(x)) |- Ax P(x)', using the analytical tableau method. Final answer using the notation described.""}, {'role': 'assistant', 'content': ' <proof>\n                            1. T Ax (P(x)|P(x)) pre \n                            2. F Ax P(x) conclusion\n                            3. F P(a) 2          \n                            4. T (P(a)|P(a)) 1   \n                            5.{ T P(a) 4         \n                            6. @ 3,5}            \n                            7.{ T P(a) 4         \n                            8. @ 3,7}            \n                        </proof>'}, {'role': 'user', 'content': ""Prove'|- Ax B(x)->(Ax ~C(x)->Ax (B(x)&~C(x)))' using the analytical tableau method. Only one final answer, surrounded by <proof>...</proof>, using the notation described.""}]","<proof>
1. F Ax B(x)->(Ax ~C(x)->Ax (B(x)&~C(x))) conclusion
2. T Ax B(x) 1
3. F Ax ~C(x)->Ax (B(x)&~C(x)) 1
4. T Ax ~C(x) 3
5. F Ax (B(x)&~C(x)) 3
6. T B(b) 2
7. T ~C(b) 4
8. F (B(b)&~C(b)) 5
9.{ F B(b) 8
10. @ 6,9}
11.{ F ~C(b) 8
12. @ 7,11}
</proof>","1. F Ax B(x)->(Ax ~C(x)->Ax (B(x)&~C(x))) conclusion
2. T Ax B(x) 1
3. F Ax ~C(x)->Ax (B(x)&~C(x)) 1
4. T Ax ~C(x) 3
5. F Ax (B(x)&~C(x)) 3
6. T B(b) 2
7. T ~C(b) 4
8. F (B(b)&~C(b)) 5
9.{ F B(b) 8
10. @ 6,9}
11.{ F ~C(b) 8
12. @ 7,11}","The following errors were found:

Error in line 8:
8. F (B(b)&~C(b)) 5
     ^, The variable used in this formula B(b)&~C(b) is not a new variable and therefore cannot be used in this rule.",43.198800563812256,stop,1051.0,1283.0
"Ex B(x), Ax (B(x)->C(x)) |- Ex C(x)","[{'role': 'system', 'content': ""\nYou are an expert in logic using the semantic Tableaux method. \nYou will receive a first order logic formula and must prove its validity using the semantic tableau method, represent the proof in a Fitch-like notation, following these formatting instructions:\n\n### FORMAT OF PROOF LINES: \nExpanding proof line must be structured like: '<line_number>. <T_or_F> <formula> <origin>'\n- <line_number>: sequential integer, always ending with a dot ('1.', '2.', '3.', ...)\n- <T_or_F> → T for true formulas, F for false formulas. \n- <formula>: the formula derived on that line\n- <origin> is exactly one of:\n    pre (for premises)\n    conclusion (for the conclusion)\n    a comma-separated list of line numbers indicating the formula(s) used to derive the current line (e.g. '1', '3', '1,3')\n\n### BRANCHING FORMAT \nUse curly braces { and } to open and close branches. \n{ must appear immediately after the line number that opens a branch (e.g. '8.{ F A|B 3') \n} must appear at the end of the line that closes that branch (e.g. '12. @ 5,7}'). Exception: the main (initial) branch does not require a closing }, since it is not opened by {.\nBranches may be nested. But a formula may only be used at a given point if it appeared earlier in the same branch or an outer (enclosing) branch to the current branch. Formulas from closed branches or sibling branches must not be used.\n\n### SYMBOLS \nUse the following symbols for logical operations: \n & = conjunction (and), \n | = disjunction (or), \n ~ = negation (not), \n -> = implication (implies).\n\nQuantifiers symbols:  \n    Ax represents ∀x  \n    Ex represents ∃x\nSo formulas with ∀x and ∃x will be represented by Ax and Ex (A and E followed by the variable x). For example, Ax (H(x)->M(x)) represents ∀x (H(x)→M(x)).\n\n###CONVENTIONS\nAtoms: only uppercase letters not immediately followed by parentesis (e.g. P, Q, R).\nPredicates: uppercase letters immediately followed by parentesis (e.g. H(x), M(y), Q(a,b) ). All predicates must use parentheses.\nVariables: first letter in lowercase, can be followed by letters and numbers (e.g., x, x0, xP0).\n\nWrite only the final proof in <proof>...</proof> tags. Only use <proof>...</proof> tags ONCE. Omit names of the rules. Only use these symbols inside the proof '&' , '->', '~', '|', '@', '(', ')', '{', '}', 'Ax', 'Ex'.\nDo not include explanations, commentary, or extra text inside and outside the <proof>...</proof> tags.\n""}, {'role': 'user', 'content': ""Prove 'Ex P(x), Ax (P(x)->Q(x)) |- Ex Q(x)', using the analytical tableau method. Final answer using the notation described. ""}, {'role': 'assistant', 'content': ' <proof>\n                        1. T Ex P(x) pre\n                        2. T Ax (P(x)->Q(x)) pre\n                        3. F Ex Q(x) conclusion\n                        4. T P(a) 1 \n                        5. T (P(a)->Q(a)) 2 \n                        6. F Q(a) 3 \n                        7.{ F P(a) 5 \n                        8. @ 4,7}    \n                        9.{ T Q(a) 5 \n                        10. @ 6,9}   \n                    </proof>'}, {'role': 'user', 'content': ""Prove 'Ax (P(x)|P(x)) |- Ax P(x)', using the analytical tableau method. Final answer using the notation described.""}, {'role': 'assistant', 'content': ' <proof>\n                            1. T Ax (P(x)|P(x)) pre \n                            2. F Ax P(x) conclusion\n                            3. F P(a) 2          \n                            4. T (P(a)|P(a)) 1   \n                            5.{ T P(a) 4         \n                            6. @ 3,5}            \n                            7.{ T P(a) 4         \n                            8. @ 3,7}            \n                        </proof>'}, {'role': 'user', 'content': ""Prove'Ex B(x), Ax (B(x)->C(x)) |- Ex C(x)' using the analytical tableau method. Only one final answer, surrounded by <proof>...</proof>, using the notation described.""}]","<proof>
1. T Ex B(x) pre
2. T Ax (B(x)->C(x)) pre
3. F Ex C(x) conclusion
4. T B(a) 1
5. F C(a) 3
6. T (B(a)->C(a)) 2
7.{ F B(a) 6
8. @ 4,7}
9.{ T C(a) 6
10. @ 5,9}
</proof>","1. T Ex B(x) pre
2. T Ax (B(x)->C(x)) pre
3. F Ex C(x) conclusion
4. T B(a) 1
5. F C(a) 3
6. T (B(a)->C(a)) 2
7.{ F B(a) 6
8. @ 4,7}
9.{ T C(a) 6
10. @ 5,9}",The proof is valid.,139.254323720932,stop,1047.0,3984.0
|- Ax (B(x)->C(x))->(Ax B(x)->Ax C(x)),"[{'role': 'system', 'content': ""\nYou are an expert in logic using the semantic Tableaux method. \nYou will receive a first order logic formula and must prove its validity using the semantic tableau method, represent the proof in a Fitch-like notation, following these formatting instructions:\n\n### FORMAT OF PROOF LINES: \nExpanding proof line must be structured like: '<line_number>. <T_or_F> <formula> <origin>'\n- <line_number>: sequential integer, always ending with a dot ('1.', '2.', '3.', ...)\n- <T_or_F> → T for true formulas, F for false formulas. \n- <formula>: the formula derived on that line\n- <origin> is exactly one of:\n    pre (for premises)\n    conclusion (for the conclusion)\n    a comma-separated list of line numbers indicating the formula(s) used to derive the current line (e.g. '1', '3', '1,3')\n\n### BRANCHING FORMAT \nUse curly braces { and } to open and close branches. \n{ must appear immediately after the line number that opens a branch (e.g. '8.{ F A|B 3') \n} must appear at the end of the line that closes that branch (e.g. '12. @ 5,7}'). Exception: the main (initial) branch does not require a closing }, since it is not opened by {.\nBranches may be nested. But a formula may only be used at a given point if it appeared earlier in the same branch or an outer (enclosing) branch to the current branch. Formulas from closed branches or sibling branches must not be used.\n\n### SYMBOLS \nUse the following symbols for logical operations: \n & = conjunction (and), \n | = disjunction (or), \n ~ = negation (not), \n -> = implication (implies).\n\nQuantifiers symbols:  \n    Ax represents ∀x  \n    Ex represents ∃x\nSo formulas with ∀x and ∃x will be represented by Ax and Ex (A and E followed by the variable x). For example, Ax (H(x)->M(x)) represents ∀x (H(x)→M(x)).\n\n###CONVENTIONS\nAtoms: only uppercase letters not immediately followed by parentesis (e.g. P, Q, R).\nPredicates: uppercase letters immediately followed by parentesis (e.g. H(x), M(y), Q(a,b) ). All predicates must use parentheses.\nVariables: first letter in lowercase, can be followed by letters and numbers (e.g., x, x0, xP0).\n\nWrite only the final proof in <proof>...</proof> tags. Only use <proof>...</proof> tags ONCE. Omit names of the rules. Only use these symbols inside the proof '&' , '->', '~', '|', '@', '(', ')', '{', '}', 'Ax', 'Ex'.\nDo not include explanations, commentary, or extra text inside and outside the <proof>...</proof> tags.\n""}, {'role': 'user', 'content': ""Prove 'Ex P(x), Ax (P(x)->Q(x)) |- Ex Q(x)', using the analytical tableau method. Final answer using the notation described. ""}, {'role': 'assistant', 'content': ' <proof>\n                        1. T Ex P(x) pre\n                        2. T Ax (P(x)->Q(x)) pre\n                        3. F Ex Q(x) conclusion\n                        4. T P(a) 1 \n                        5. T (P(a)->Q(a)) 2 \n                        6. F Q(a) 3 \n                        7.{ F P(a) 5 \n                        8. @ 4,7}    \n                        9.{ T Q(a) 5 \n                        10. @ 6,9}   \n                    </proof>'}, {'role': 'user', 'content': ""Prove 'Ax (P(x)|P(x)) |- Ax P(x)', using the analytical tableau method. Final answer using the notation described.""}, {'role': 'assistant', 'content': ' <proof>\n                            1. T Ax (P(x)|P(x)) pre \n                            2. F Ax P(x) conclusion\n                            3. F P(a) 2          \n                            4. T (P(a)|P(a)) 1   \n                            5.{ T P(a) 4         \n                            6. @ 3,5}            \n                            7.{ T P(a) 4         \n                            8. @ 3,7}            \n                        </proof>'}, {'role': 'user', 'content': ""Prove'|- Ax (B(x)->C(x))->(Ax B(x)->Ax C(x))' using the analytical tableau method. Only one final answer, surrounded by <proof>...</proof>, using the notation described.""}]","<proof>
1. F Ax (B(x)->C(x))->(Ax B(x)->Ax C(x)) conclusion
2. T Ax (B(x)->C(x)) 1
3. F (Ax B(x)->Ax C(x)) 1
4. T Ax B(x) 3
5. F Ax C(x) 3
6. T (B(a)->C(a)) 2
7. T B(a) 4
8. F C(a) 5
9.{ F B(a) 6
10. @ 7,9}
11.{ T C(a) 6
12. @ 8,11}
</proof>","1. F Ax (B(x)->C(x))->(Ax B(x)->Ax C(x)) conclusion
2. T Ax (B(x)->C(x)) 1
3. F (Ax B(x)->Ax C(x)) 1
4. T Ax B(x) 3
5. F Ax C(x) 3
6. T (B(a)->C(a)) 2
7. T B(a) 4
8. F C(a) 5
9.{ F B(a) 6
10. @ 7,9}
11.{ T C(a) 6
12. @ 8,11}","The following errors were found:

Error in line 8:
8. F C(a) 5
     ^, The variable used in this formula C(a) is not a new variable and therefore cannot be used in this rule.",52.145187854766846,stop,1049.0,1547.0
|- ~Ax ~B(x)->Ex B(x),"[{'role': 'system', 'content': ""\nYou are an expert in logic using the semantic Tableaux method. \nYou will receive a first order logic formula and must prove its validity using the semantic tableau method, represent the proof in a Fitch-like notation, following these formatting instructions:\n\n### FORMAT OF PROOF LINES: \nExpanding proof line must be structured like: '<line_number>. <T_or_F> <formula> <origin>'\n- <line_number>: sequential integer, always ending with a dot ('1.', '2.', '3.', ...)\n- <T_or_F> → T for true formulas, F for false formulas. \n- <formula>: the formula derived on that line\n- <origin> is exactly one of:\n    pre (for premises)\n    conclusion (for the conclusion)\n    a comma-separated list of line numbers indicating the formula(s) used to derive the current line (e.g. '1', '3', '1,3')\n\n### BRANCHING FORMAT \nUse curly braces { and } to open and close branches. \n{ must appear immediately after the line number that opens a branch (e.g. '8.{ F A|B 3') \n} must appear at the end of the line that closes that branch (e.g. '12. @ 5,7}'). Exception: the main (initial) branch does not require a closing }, since it is not opened by {.\nBranches may be nested. But a formula may only be used at a given point if it appeared earlier in the same branch or an outer (enclosing) branch to the current branch. Formulas from closed branches or sibling branches must not be used.\n\n### SYMBOLS \nUse the following symbols for logical operations: \n & = conjunction (and), \n | = disjunction (or), \n ~ = negation (not), \n -> = implication (implies).\n\nQuantifiers symbols:  \n    Ax represents ∀x  \n    Ex represents ∃x\nSo formulas with ∀x and ∃x will be represented by Ax and Ex (A and E followed by the variable x). For example, Ax (H(x)->M(x)) represents ∀x (H(x)→M(x)).\n\n###CONVENTIONS\nAtoms: only uppercase letters not immediately followed by parentesis (e.g. P, Q, R).\nPredicates: uppercase letters immediately followed by parentesis (e.g. H(x), M(y), Q(a,b) ). All predicates must use parentheses.\nVariables: first letter in lowercase, can be followed by letters and numbers (e.g., x, x0, xP0).\n\nWrite only the final proof in <proof>...</proof> tags. Only use <proof>...</proof> tags ONCE. Omit names of the rules. Only use these symbols inside the proof '&' , '->', '~', '|', '@', '(', ')', '{', '}', 'Ax', 'Ex'.\nDo not include explanations, commentary, or extra text inside and outside the <proof>...</proof> tags.\n""}, {'role': 'user', 'content': ""Prove 'Ex P(x), Ax (P(x)->Q(x)) |- Ex Q(x)', using the analytical tableau method. Final answer using the notation described. ""}, {'role': 'assistant', 'content': ' <proof>\n                        1. T Ex P(x) pre\n                        2. T Ax (P(x)->Q(x)) pre\n                        3. F Ex Q(x) conclusion\n                        4. T P(a) 1 \n                        5. T (P(a)->Q(a)) 2 \n                        6. F Q(a) 3 \n                        7.{ F P(a) 5 \n                        8. @ 4,7}    \n                        9.{ T Q(a) 5 \n                        10. @ 6,9}   \n                    </proof>'}, {'role': 'user', 'content': ""Prove 'Ax (P(x)|P(x)) |- Ax P(x)', using the analytical tableau method. Final answer using the notation described.""}, {'role': 'assistant', 'content': ' <proof>\n                            1. T Ax (P(x)|P(x)) pre \n                            2. F Ax P(x) conclusion\n                            3. F P(a) 2          \n                            4. T (P(a)|P(a)) 1   \n                            5.{ T P(a) 4         \n                            6. @ 3,5}            \n                            7.{ T P(a) 4         \n                            8. @ 3,7}            \n                        </proof>'}, {'role': 'user', 'content': ""Prove'|- ~Ax ~B(x)->Ex B(x)' using the analytical tableau method. Only one final answer, surrounded by <proof>...</proof>, using the notation described.""}]","<proof>
1. F ~Ax ~B(x)->Ex B(x) conclusion
2. T ~Ax ~B(x) 1
3. F Ex B(x) 1
4. F Ax ~B(x) 2
5. T B(a) 4
6. F B(a) 3
7. @ 5,6
</proof>","1. F ~Ax ~B(x)->Ex B(x) conclusion
2. T ~Ax ~B(x) 1
3. F Ex B(x) 1
4. F Ax ~B(x) 2
5. T B(a) 4
6. F B(a) 3
7. @ 5,6","The following errors were found:

Error in line 5:
5. T B(a) 4
   ^, The truth value should be F for this rule.
Error in line 5:
5. T B(a) 4
          ^, Formula referenced in line 4 is not a universal formula with truth-value T.",82.42655277252197,stop,1041.0,2397.0
|- Ex (B(x)->C)->(Ax B(x)->C),"[{'role': 'system', 'content': ""\nYou are an expert in logic using the semantic Tableaux method. \nYou will receive a first order logic formula and must prove its validity using the semantic tableau method, represent the proof in a Fitch-like notation, following these formatting instructions:\n\n### FORMAT OF PROOF LINES: \nExpanding proof line must be structured like: '<line_number>. <T_or_F> <formula> <origin>'\n- <line_number>: sequential integer, always ending with a dot ('1.', '2.', '3.', ...)\n- <T_or_F> → T for true formulas, F for false formulas. \n- <formula>: the formula derived on that line\n- <origin> is exactly one of:\n    pre (for premises)\n    conclusion (for the conclusion)\n    a comma-separated list of line numbers indicating the formula(s) used to derive the current line (e.g. '1', '3', '1,3')\n\n### BRANCHING FORMAT \nUse curly braces { and } to open and close branches. \n{ must appear immediately after the line number that opens a branch (e.g. '8.{ F A|B 3') \n} must appear at the end of the line that closes that branch (e.g. '12. @ 5,7}'). Exception: the main (initial) branch does not require a closing }, since it is not opened by {.\nBranches may be nested. But a formula may only be used at a given point if it appeared earlier in the same branch or an outer (enclosing) branch to the current branch. Formulas from closed branches or sibling branches must not be used.\n\n### SYMBOLS \nUse the following symbols for logical operations: \n & = conjunction (and), \n | = disjunction (or), \n ~ = negation (not), \n -> = implication (implies).\n\nQuantifiers symbols:  \n    Ax represents ∀x  \n    Ex represents ∃x\nSo formulas with ∀x and ∃x will be represented by Ax and Ex (A and E followed by the variable x). For example, Ax (H(x)->M(x)) represents ∀x (H(x)→M(x)).\n\n###CONVENTIONS\nAtoms: only uppercase letters not immediately followed by parentesis (e.g. P, Q, R).\nPredicates: uppercase letters immediately followed by parentesis (e.g. H(x), M(y), Q(a,b) ). All predicates must use parentheses.\nVariables: first letter in lowercase, can be followed by letters and numbers (e.g., x, x0, xP0).\n\nWrite only the final proof in <proof>...</proof> tags. Only use <proof>...</proof> tags ONCE. Omit names of the rules. Only use these symbols inside the proof '&' , '->', '~', '|', '@', '(', ')', '{', '}', 'Ax', 'Ex'.\nDo not include explanations, commentary, or extra text inside and outside the <proof>...</proof> tags.\n""}, {'role': 'user', 'content': ""Prove 'Ex P(x), Ax (P(x)->Q(x)) |- Ex Q(x)', using the analytical tableau method. Final answer using the notation described. ""}, {'role': 'assistant', 'content': ' <proof>\n                        1. T Ex P(x) pre\n                        2. T Ax (P(x)->Q(x)) pre\n                        3. F Ex Q(x) conclusion\n                        4. T P(a) 1 \n                        5. T (P(a)->Q(a)) 2 \n                        6. F Q(a) 3 \n                        7.{ F P(a) 5 \n                        8. @ 4,7}    \n                        9.{ T Q(a) 5 \n                        10. @ 6,9}   \n                    </proof>'}, {'role': 'user', 'content': ""Prove 'Ax (P(x)|P(x)) |- Ax P(x)', using the analytical tableau method. Final answer using the notation described.""}, {'role': 'assistant', 'content': ' <proof>\n                            1. T Ax (P(x)|P(x)) pre \n                            2. F Ax P(x) conclusion\n                            3. F P(a) 2          \n                            4. T (P(a)|P(a)) 1   \n                            5.{ T P(a) 4         \n                            6. @ 3,5}            \n                            7.{ T P(a) 4         \n                            8. @ 3,7}            \n                        </proof>'}, {'role': 'user', 'content': ""Prove'|- Ex (B(x)->C)->(Ax B(x)->C)' using the analytical tableau method. Only one final answer, surrounded by <proof>...</proof>, using the notation described.""}]","<proof>
1. F ((Ex (B(x)->C)) -> (Ax B(x)->C)) conclusion
2. T Ex (B(x)->C) 1
3. F (Ax B(x)->C) 1
4. T Ax B(x) 3
5. F C 3
6. T (B(a)->C) 2
7.{ F B(a) 6
8. @ 4,7}
9.{ T C 6
10. @ 5,9}
</proof>","1. F ((Ex (B(x)->C)) -> (Ax B(x)->C)) conclusion
2. T Ex (B(x)->C) 1
3. F (Ax B(x)->C) 1
4. T Ax B(x) 3
5. F C 3
6. T (B(a)->C) 2
7.{ F B(a) 6
8. @ 4,7}
9.{ T C 6
10. @ 5,9}","The following errors were found:

Error in line 8:
8. @ 4,7}
     ^, None of the formulas referenced by the lines contradict the other formula.",32.795738697052,stop,1045.0,974.0
"Ax ~(B(x)&~C(x)), Ax ~C(x) |- Ax ~B(x)","[{'role': 'system', 'content': ""\nYou are an expert in logic using the semantic Tableaux method. \nYou will receive a first order logic formula and must prove its validity using the semantic tableau method, represent the proof in a Fitch-like notation, following these formatting instructions:\n\n### FORMAT OF PROOF LINES: \nExpanding proof line must be structured like: '<line_number>. <T_or_F> <formula> <origin>'\n- <line_number>: sequential integer, always ending with a dot ('1.', '2.', '3.', ...)\n- <T_or_F> → T for true formulas, F for false formulas. \n- <formula>: the formula derived on that line\n- <origin> is exactly one of:\n    pre (for premises)\n    conclusion (for the conclusion)\n    a comma-separated list of line numbers indicating the formula(s) used to derive the current line (e.g. '1', '3', '1,3')\n\n### BRANCHING FORMAT \nUse curly braces { and } to open and close branches. \n{ must appear immediately after the line number that opens a branch (e.g. '8.{ F A|B 3') \n} must appear at the end of the line that closes that branch (e.g. '12. @ 5,7}'). Exception: the main (initial) branch does not require a closing }, since it is not opened by {.\nBranches may be nested. But a formula may only be used at a given point if it appeared earlier in the same branch or an outer (enclosing) branch to the current branch. Formulas from closed branches or sibling branches must not be used.\n\n### SYMBOLS \nUse the following symbols for logical operations: \n & = conjunction (and), \n | = disjunction (or), \n ~ = negation (not), \n -> = implication (implies).\n\nQuantifiers symbols:  \n    Ax represents ∀x  \n    Ex represents ∃x\nSo formulas with ∀x and ∃x will be represented by Ax and Ex (A and E followed by the variable x). For example, Ax (H(x)->M(x)) represents ∀x (H(x)→M(x)).\n\n###CONVENTIONS\nAtoms: only uppercase letters not immediately followed by parentesis (e.g. P, Q, R).\nPredicates: uppercase letters immediately followed by parentesis (e.g. H(x), M(y), Q(a,b) ). All predicates must use parentheses.\nVariables: first letter in lowercase, can be followed by letters and numbers (e.g., x, x0, xP0).\n\nWrite only the final proof in <proof>...</proof> tags. Only use <proof>...</proof> tags ONCE. Omit names of the rules. Only use these symbols inside the proof '&' , '->', '~', '|', '@', '(', ')', '{', '}', 'Ax', 'Ex'.\nDo not include explanations, commentary, or extra text inside and outside the <proof>...</proof> tags.\n""}, {'role': 'user', 'content': ""Prove 'Ex P(x), Ax (P(x)->Q(x)) |- Ex Q(x)', using the analytical tableau method. Final answer using the notation described. ""}, {'role': 'assistant', 'content': ' <proof>\n                        1. T Ex P(x) pre\n                        2. T Ax (P(x)->Q(x)) pre\n                        3. F Ex Q(x) conclusion\n                        4. T P(a) 1 \n                        5. T (P(a)->Q(a)) 2 \n                        6. F Q(a) 3 \n                        7.{ F P(a) 5 \n                        8. @ 4,7}    \n                        9.{ T Q(a) 5 \n                        10. @ 6,9}   \n                    </proof>'}, {'role': 'user', 'content': ""Prove 'Ax (P(x)|P(x)) |- Ax P(x)', using the analytical tableau method. Final answer using the notation described.""}, {'role': 'assistant', 'content': ' <proof>\n                            1. T Ax (P(x)|P(x)) pre \n                            2. F Ax P(x) conclusion\n                            3. F P(a) 2          \n                            4. T (P(a)|P(a)) 1   \n                            5.{ T P(a) 4         \n                            6. @ 3,5}            \n                            7.{ T P(a) 4         \n                            8. @ 3,7}            \n                        </proof>'}, {'role': 'user', 'content': ""Prove'Ax ~(B(x)&~C(x)), Ax ~C(x) |- Ax ~B(x)' using the analytical tableau method. Only one final answer, surrounded by <proof>...</proof>, using the notation described.""}]","<proof>
1. T Ax ~(B(x)&~C(x)) pre
2. T Ax ~C(x) pre
3. F Ax ~B(x) conclusion
4. T B(a) 3
5. T ~(B(a)&~C(a)) 1
6. T ~C(a) 2
7.{ F B(a) 5
8. @ 4,7}
9.{ F ~C(a) 5
10. @ 6,9}
</proof>","1. T Ax ~(B(x)&~C(x)) pre
2. T Ax ~C(x) pre
3. F Ax ~B(x) conclusion
4. T B(a) 3
5. T ~(B(a)&~C(a)) 1
6. T ~C(a) 2
7.{ F B(a) 5
8. @ 4,7}
9.{ F ~C(a) 5
10. @ 6,9}","The following errors were found:

Error in line 4:
4. T B(a) 3
   ^, The truth value should be F for this rule.
Error in line 7:
7.{ F B(a) 5
           ^, The rule must be a alpha-rule.
Error in line 9:
9.{ F ~C(a) 5
            ^, The rule must be a alpha-rule.
Error in line 4:
4. T B(a) 3
          ^, Formula referenced in line 3 is not a universal formula with truth-value T.",38.71029853820801,stop,1050.0,1154.0
"Ax (B(x)->C(x)), Ax ~C(x) |- Ax ~B(x)","[{'role': 'system', 'content': ""\nYou are an expert in logic using the semantic Tableaux method. \nYou will receive a first order logic formula and must prove its validity using the semantic tableau method, represent the proof in a Fitch-like notation, following these formatting instructions:\n\n### FORMAT OF PROOF LINES: \nExpanding proof line must be structured like: '<line_number>. <T_or_F> <formula> <origin>'\n- <line_number>: sequential integer, always ending with a dot ('1.', '2.', '3.', ...)\n- <T_or_F> → T for true formulas, F for false formulas. \n- <formula>: the formula derived on that line\n- <origin> is exactly one of:\n    pre (for premises)\n    conclusion (for the conclusion)\n    a comma-separated list of line numbers indicating the formula(s) used to derive the current line (e.g. '1', '3', '1,3')\n\n### BRANCHING FORMAT \nUse curly braces { and } to open and close branches. \n{ must appear immediately after the line number that opens a branch (e.g. '8.{ F A|B 3') \n} must appear at the end of the line that closes that branch (e.g. '12. @ 5,7}'). Exception: the main (initial) branch does not require a closing }, since it is not opened by {.\nBranches may be nested. But a formula may only be used at a given point if it appeared earlier in the same branch or an outer (enclosing) branch to the current branch. Formulas from closed branches or sibling branches must not be used.\n\n### SYMBOLS \nUse the following symbols for logical operations: \n & = conjunction (and), \n | = disjunction (or), \n ~ = negation (not), \n -> = implication (implies).\n\nQuantifiers symbols:  \n    Ax represents ∀x  \n    Ex represents ∃x\nSo formulas with ∀x and ∃x will be represented by Ax and Ex (A and E followed by the variable x). For example, Ax (H(x)->M(x)) represents ∀x (H(x)→M(x)).\n\n###CONVENTIONS\nAtoms: only uppercase letters not immediately followed by parentesis (e.g. P, Q, R).\nPredicates: uppercase letters immediately followed by parentesis (e.g. H(x), M(y), Q(a,b) ). All predicates must use parentheses.\nVariables: first letter in lowercase, can be followed by letters and numbers (e.g., x, x0, xP0).\n\nWrite only the final proof in <proof>...</proof> tags. Only use <proof>...</proof> tags ONCE. Omit names of the rules. Only use these symbols inside the proof '&' , '->', '~', '|', '@', '(', ')', '{', '}', 'Ax', 'Ex'.\nDo not include explanations, commentary, or extra text inside and outside the <proof>...</proof> tags.\n""}, {'role': 'user', 'content': ""Prove 'Ex P(x), Ax (P(x)->Q(x)) |- Ex Q(x)', using the analytical tableau method. Final answer using the notation described. ""}, {'role': 'assistant', 'content': ' <proof>\n                        1. T Ex P(x) pre\n                        2. T Ax (P(x)->Q(x)) pre\n                        3. F Ex Q(x) conclusion\n                        4. T P(a) 1 \n                        5. T (P(a)->Q(a)) 2 \n                        6. F Q(a) 3 \n                        7.{ F P(a) 5 \n                        8. @ 4,7}    \n                        9.{ T Q(a) 5 \n                        10. @ 6,9}   \n                    </proof>'}, {'role': 'user', 'content': ""Prove 'Ax (P(x)|P(x)) |- Ax P(x)', using the analytical tableau method. Final answer using the notation described.""}, {'role': 'assistant', 'content': ' <proof>\n                            1. T Ax (P(x)|P(x)) pre \n                            2. F Ax P(x) conclusion\n                            3. F P(a) 2          \n                            4. T (P(a)|P(a)) 1   \n                            5.{ T P(a) 4         \n                            6. @ 3,5}            \n                            7.{ T P(a) 4         \n                            8. @ 3,7}            \n                        </proof>'}, {'role': 'user', 'content': ""Prove'Ax (B(x)->C(x)), Ax ~C(x) |- Ax ~B(x)' using the analytical tableau method. Only one final answer, surrounded by <proof>...</proof>, using the notation described.""}]","<proof>
1. T Ax (B(x)->C(x)) pre
2. T Ax ~C(x) pre
3. F Ax ~B(x) conclusion
4. T (B(a)->C(a)) 1
5. T ~C(a) 2
6. F ~B(a) 3
7. T B(a) 6
8.{ F B(a) 4
9. @ 7,8}
10. F C(a) 5
11.{ T C(a) 4
12. @ 10,11}
</proof>","1. T Ax (B(x)->C(x)) pre
2. T Ax ~C(x) pre
3. F Ax ~B(x) conclusion
4. T (B(a)->C(a)) 1
5. T ~C(a) 2
6. F ~B(a) 3
7. T B(a) 6
8.{ F B(a) 4
9. @ 7,8}
10. F C(a) 5
11.{ T C(a) 4
12. @ 10,11}","The following errors were found:

Error in line 6:
6. F ~B(a) 3
     ^, The variable used in this formula ~B(a) is not a new variable and therefore cannot be used in this rule.
Error in line 8:
8.{ F B(a) 4
^, A beta rule must have exactly two branches.
Error in line 11:
11.{ T C(a) 4
^, A beta rule must have exactly two branches.",58.24243927001953,stop,1049.0,1734.0
|- Ax B(x)->~Ex ~B(x),"[{'role': 'system', 'content': ""\nYou are an expert in logic using the semantic Tableaux method. \nYou will receive a first order logic formula and must prove its validity using the semantic tableau method, represent the proof in a Fitch-like notation, following these formatting instructions:\n\n### FORMAT OF PROOF LINES: \nExpanding proof line must be structured like: '<line_number>. <T_or_F> <formula> <origin>'\n- <line_number>: sequential integer, always ending with a dot ('1.', '2.', '3.', ...)\n- <T_or_F> → T for true formulas, F for false formulas. \n- <formula>: the formula derived on that line\n- <origin> is exactly one of:\n    pre (for premises)\n    conclusion (for the conclusion)\n    a comma-separated list of line numbers indicating the formula(s) used to derive the current line (e.g. '1', '3', '1,3')\n\n### BRANCHING FORMAT \nUse curly braces { and } to open and close branches. \n{ must appear immediately after the line number that opens a branch (e.g. '8.{ F A|B 3') \n} must appear at the end of the line that closes that branch (e.g. '12. @ 5,7}'). Exception: the main (initial) branch does not require a closing }, since it is not opened by {.\nBranches may be nested. But a formula may only be used at a given point if it appeared earlier in the same branch or an outer (enclosing) branch to the current branch. Formulas from closed branches or sibling branches must not be used.\n\n### SYMBOLS \nUse the following symbols for logical operations: \n & = conjunction (and), \n | = disjunction (or), \n ~ = negation (not), \n -> = implication (implies).\n\nQuantifiers symbols:  \n    Ax represents ∀x  \n    Ex represents ∃x\nSo formulas with ∀x and ∃x will be represented by Ax and Ex (A and E followed by the variable x). For example, Ax (H(x)->M(x)) represents ∀x (H(x)→M(x)).\n\n###CONVENTIONS\nAtoms: only uppercase letters not immediately followed by parentesis (e.g. P, Q, R).\nPredicates: uppercase letters immediately followed by parentesis (e.g. H(x), M(y), Q(a,b) ). All predicates must use parentheses.\nVariables: first letter in lowercase, can be followed by letters and numbers (e.g., x, x0, xP0).\n\nWrite only the final proof in <proof>...</proof> tags. Only use <proof>...</proof> tags ONCE. Omit names of the rules. Only use these symbols inside the proof '&' , '->', '~', '|', '@', '(', ')', '{', '}', 'Ax', 'Ex'.\nDo not include explanations, commentary, or extra text inside and outside the <proof>...</proof> tags.\n""}, {'role': 'user', 'content': ""Prove 'Ex P(x), Ax (P(x)->Q(x)) |- Ex Q(x)', using the analytical tableau method. Final answer using the notation described. ""}, {'role': 'assistant', 'content': ' <proof>\n                        1. T Ex P(x) pre\n                        2. T Ax (P(x)->Q(x)) pre\n                        3. F Ex Q(x) conclusion\n                        4. T P(a) 1 \n                        5. T (P(a)->Q(a)) 2 \n                        6. F Q(a) 3 \n                        7.{ F P(a) 5 \n                        8. @ 4,7}    \n                        9.{ T Q(a) 5 \n                        10. @ 6,9}   \n                    </proof>'}, {'role': 'user', 'content': ""Prove 'Ax (P(x)|P(x)) |- Ax P(x)', using the analytical tableau method. Final answer using the notation described.""}, {'role': 'assistant', 'content': ' <proof>\n                            1. T Ax (P(x)|P(x)) pre \n                            2. F Ax P(x) conclusion\n                            3. F P(a) 2          \n                            4. T (P(a)|P(a)) 1   \n                            5.{ T P(a) 4         \n                            6. @ 3,5}            \n                            7.{ T P(a) 4         \n                            8. @ 3,7}            \n                        </proof>'}, {'role': 'user', 'content': ""Prove'|- Ax B(x)->~Ex ~B(x)' using the analytical tableau method. Only one final answer, surrounded by <proof>...</proof>, using the notation described.""}]","<proof>
1. F Ax B(x)->~Ex ~B(x) conclusion
2. T Ax B(x) 1
3. F ~Ex ~B(x) 1
4. T Ex ~B(x) 3
5. T B(a) 2
6. T ~B(b) 4
7. F B(b) 6
8. T B(b) 2
9. @ 7,8
</proof>","1. F Ax B(x)->~Ex ~B(x) conclusion
2. T Ax B(x) 1
3. F ~Ex ~B(x) 1
4. T Ex ~B(x) 3
5. T B(a) 2
6. T ~B(b) 4
7. F B(b) 6
8. T B(b) 2
9. @ 7,8",The proof is valid.,33.842262983322144,stop,1041.0,1011.0
|- ~Ex ~B(x)->Ax B(x),"[{'role': 'system', 'content': ""\nYou are an expert in logic using the semantic Tableaux method. \nYou will receive a first order logic formula and must prove its validity using the semantic tableau method, represent the proof in a Fitch-like notation, following these formatting instructions:\n\n### FORMAT OF PROOF LINES: \nExpanding proof line must be structured like: '<line_number>. <T_or_F> <formula> <origin>'\n- <line_number>: sequential integer, always ending with a dot ('1.', '2.', '3.', ...)\n- <T_or_F> → T for true formulas, F for false formulas. \n- <formula>: the formula derived on that line\n- <origin> is exactly one of:\n    pre (for premises)\n    conclusion (for the conclusion)\n    a comma-separated list of line numbers indicating the formula(s) used to derive the current line (e.g. '1', '3', '1,3')\n\n### BRANCHING FORMAT \nUse curly braces { and } to open and close branches. \n{ must appear immediately after the line number that opens a branch (e.g. '8.{ F A|B 3') \n} must appear at the end of the line that closes that branch (e.g. '12. @ 5,7}'). Exception: the main (initial) branch does not require a closing }, since it is not opened by {.\nBranches may be nested. But a formula may only be used at a given point if it appeared earlier in the same branch or an outer (enclosing) branch to the current branch. Formulas from closed branches or sibling branches must not be used.\n\n### SYMBOLS \nUse the following symbols for logical operations: \n & = conjunction (and), \n | = disjunction (or), \n ~ = negation (not), \n -> = implication (implies).\n\nQuantifiers symbols:  \n    Ax represents ∀x  \n    Ex represents ∃x\nSo formulas with ∀x and ∃x will be represented by Ax and Ex (A and E followed by the variable x). For example, Ax (H(x)->M(x)) represents ∀x (H(x)→M(x)).\n\n###CONVENTIONS\nAtoms: only uppercase letters not immediately followed by parentesis (e.g. P, Q, R).\nPredicates: uppercase letters immediately followed by parentesis (e.g. H(x), M(y), Q(a,b) ). All predicates must use parentheses.\nVariables: first letter in lowercase, can be followed by letters and numbers (e.g., x, x0, xP0).\n\nWrite only the final proof in <proof>...</proof> tags. Only use <proof>...</proof> tags ONCE. Omit names of the rules. Only use these symbols inside the proof '&' , '->', '~', '|', '@', '(', ')', '{', '}', 'Ax', 'Ex'.\nDo not include explanations, commentary, or extra text inside and outside the <proof>...</proof> tags.\n""}, {'role': 'user', 'content': ""Prove 'Ex P(x), Ax (P(x)->Q(x)) |- Ex Q(x)', using the analytical tableau method. Final answer using the notation described. ""}, {'role': 'assistant', 'content': ' <proof>\n                        1. T Ex P(x) pre\n                        2. T Ax (P(x)->Q(x)) pre\n                        3. F Ex Q(x) conclusion\n                        4. T P(a) 1 \n                        5. T (P(a)->Q(a)) 2 \n                        6. F Q(a) 3 \n                        7.{ F P(a) 5 \n                        8. @ 4,7}    \n                        9.{ T Q(a) 5 \n                        10. @ 6,9}   \n                    </proof>'}, {'role': 'user', 'content': ""Prove 'Ax (P(x)|P(x)) |- Ax P(x)', using the analytical tableau method. Final answer using the notation described.""}, {'role': 'assistant', 'content': ' <proof>\n                            1. T Ax (P(x)|P(x)) pre \n                            2. F Ax P(x) conclusion\n                            3. F P(a) 2          \n                            4. T (P(a)|P(a)) 1   \n                            5.{ T P(a) 4         \n                            6. @ 3,5}            \n                            7.{ T P(a) 4         \n                            8. @ 3,7}            \n                        </proof>'}, {'role': 'user', 'content': ""Prove'|- ~Ex ~B(x)->Ax B(x)' using the analytical tableau method. Only one final answer, surrounded by <proof>...</proof>, using the notation described.""}]","<proof>
1. F (~Ex ~B(x)->Ax B(x)) conclusion
2. T ~Ex ~B(x) 1
3. F Ax B(x) 1
4. F Ex ~B(x) 2
5. T Ax B(x) 4
6. @ 3,5
</proof>","1. F (~Ex ~B(x)->Ax B(x)) conclusion
2. T ~Ex ~B(x) 1
3. F Ax B(x) 1
4. F Ex ~B(x) 2
5. T Ax B(x) 4
6. @ 3,5","The following errors were found:

Error in line 5:
5. T Ax B(x) 4
   ^, The truth value should be F for this rule.
Error in line 5:
5. T Ax B(x) 4
     ^, Formula referenced in line 4 is not a existential formula with truth-value T.
Error in line 5:
5. T Ax B(x) 4
     ^, Formula Ax B(x) is not a valid substitutuion for the existential formula referenced in the line 4.",49.78439831733704,stop,1041.0,1465.0
|- Ex B(x)->~Ax ~B(x),"[{'role': 'system', 'content': ""\nYou are an expert in logic using the semantic Tableaux method. \nYou will receive a first order logic formula and must prove its validity using the semantic tableau method, represent the proof in a Fitch-like notation, following these formatting instructions:\n\n### FORMAT OF PROOF LINES: \nExpanding proof line must be structured like: '<line_number>. <T_or_F> <formula> <origin>'\n- <line_number>: sequential integer, always ending with a dot ('1.', '2.', '3.', ...)\n- <T_or_F> → T for true formulas, F for false formulas. \n- <formula>: the formula derived on that line\n- <origin> is exactly one of:\n    pre (for premises)\n    conclusion (for the conclusion)\n    a comma-separated list of line numbers indicating the formula(s) used to derive the current line (e.g. '1', '3', '1,3')\n\n### BRANCHING FORMAT \nUse curly braces { and } to open and close branches. \n{ must appear immediately after the line number that opens a branch (e.g. '8.{ F A|B 3') \n} must appear at the end of the line that closes that branch (e.g. '12. @ 5,7}'). Exception: the main (initial) branch does not require a closing }, since it is not opened by {.\nBranches may be nested. But a formula may only be used at a given point if it appeared earlier in the same branch or an outer (enclosing) branch to the current branch. Formulas from closed branches or sibling branches must not be used.\n\n### SYMBOLS \nUse the following symbols for logical operations: \n & = conjunction (and), \n | = disjunction (or), \n ~ = negation (not), \n -> = implication (implies).\n\nQuantifiers symbols:  \n    Ax represents ∀x  \n    Ex represents ∃x\nSo formulas with ∀x and ∃x will be represented by Ax and Ex (A and E followed by the variable x). For example, Ax (H(x)->M(x)) represents ∀x (H(x)→M(x)).\n\n###CONVENTIONS\nAtoms: only uppercase letters not immediately followed by parentesis (e.g. P, Q, R).\nPredicates: uppercase letters immediately followed by parentesis (e.g. H(x), M(y), Q(a,b) ). All predicates must use parentheses.\nVariables: first letter in lowercase, can be followed by letters and numbers (e.g., x, x0, xP0).\n\nWrite only the final proof in <proof>...</proof> tags. Only use <proof>...</proof> tags ONCE. Omit names of the rules. Only use these symbols inside the proof '&' , '->', '~', '|', '@', '(', ')', '{', '}', 'Ax', 'Ex'.\nDo not include explanations, commentary, or extra text inside and outside the <proof>...</proof> tags.\n""}, {'role': 'user', 'content': ""Prove 'Ex P(x), Ax (P(x)->Q(x)) |- Ex Q(x)', using the analytical tableau method. Final answer using the notation described. ""}, {'role': 'assistant', 'content': ' <proof>\n                        1. T Ex P(x) pre\n                        2. T Ax (P(x)->Q(x)) pre\n                        3. F Ex Q(x) conclusion\n                        4. T P(a) 1 \n                        5. T (P(a)->Q(a)) 2 \n                        6. F Q(a) 3 \n                        7.{ F P(a) 5 \n                        8. @ 4,7}    \n                        9.{ T Q(a) 5 \n                        10. @ 6,9}   \n                    </proof>'}, {'role': 'user', 'content': ""Prove 'Ax (P(x)|P(x)) |- Ax P(x)', using the analytical tableau method. Final answer using the notation described.""}, {'role': 'assistant', 'content': ' <proof>\n                            1. T Ax (P(x)|P(x)) pre \n                            2. F Ax P(x) conclusion\n                            3. F P(a) 2          \n                            4. T (P(a)|P(a)) 1   \n                            5.{ T P(a) 4         \n                            6. @ 3,5}            \n                            7.{ T P(a) 4         \n                            8. @ 3,7}            \n                        </proof>'}, {'role': 'user', 'content': ""Prove'|- Ex B(x)->~Ax ~B(x)' using the analytical tableau method. Only one final answer, surrounded by <proof>...</proof>, using the notation described.""}]","<proof>
1. F (Ex B(x)->~Ax ~B(x)) conclusion
2. T Ex B(x) 1
3. F ~Ax ~B(x) 1
4. T B(a) 2
5. T Ax ~B(x) 3
6. T ~B(a) 5
7. @ 4,6
</proof>","1. F (Ex B(x)->~Ax ~B(x)) conclusion
2. T Ex B(x) 1
3. F ~Ax ~B(x) 1
4. T B(a) 2
5. T Ax ~B(x) 3
6. T ~B(a) 5
7. @ 4,6","The following errors were found:

Error in line 7:
7. @ 4,6
     ^, None of the formulas referenced by the lines contradict the other formula.",54.153663873672485,stop,1041.0,1593.0
Ex (B(x)&~C(x)) |- ~Ax (B(x)->C(x)),"[{'role': 'system', 'content': ""\nYou are an expert in logic using the semantic Tableaux method. \nYou will receive a first order logic formula and must prove its validity using the semantic tableau method, represent the proof in a Fitch-like notation, following these formatting instructions:\n\n### FORMAT OF PROOF LINES: \nExpanding proof line must be structured like: '<line_number>. <T_or_F> <formula> <origin>'\n- <line_number>: sequential integer, always ending with a dot ('1.', '2.', '3.', ...)\n- <T_or_F> → T for true formulas, F for false formulas. \n- <formula>: the formula derived on that line\n- <origin> is exactly one of:\n    pre (for premises)\n    conclusion (for the conclusion)\n    a comma-separated list of line numbers indicating the formula(s) used to derive the current line (e.g. '1', '3', '1,3')\n\n### BRANCHING FORMAT \nUse curly braces { and } to open and close branches. \n{ must appear immediately after the line number that opens a branch (e.g. '8.{ F A|B 3') \n} must appear at the end of the line that closes that branch (e.g. '12. @ 5,7}'). Exception: the main (initial) branch does not require a closing }, since it is not opened by {.\nBranches may be nested. But a formula may only be used at a given point if it appeared earlier in the same branch or an outer (enclosing) branch to the current branch. Formulas from closed branches or sibling branches must not be used.\n\n### SYMBOLS \nUse the following symbols for logical operations: \n & = conjunction (and), \n | = disjunction (or), \n ~ = negation (not), \n -> = implication (implies).\n\nQuantifiers symbols:  \n    Ax represents ∀x  \n    Ex represents ∃x\nSo formulas with ∀x and ∃x will be represented by Ax and Ex (A and E followed by the variable x). For example, Ax (H(x)->M(x)) represents ∀x (H(x)→M(x)).\n\n###CONVENTIONS\nAtoms: only uppercase letters not immediately followed by parentesis (e.g. P, Q, R).\nPredicates: uppercase letters immediately followed by parentesis (e.g. H(x), M(y), Q(a,b) ). All predicates must use parentheses.\nVariables: first letter in lowercase, can be followed by letters and numbers (e.g., x, x0, xP0).\n\nWrite only the final proof in <proof>...</proof> tags. Only use <proof>...</proof> tags ONCE. Omit names of the rules. Only use these symbols inside the proof '&' , '->', '~', '|', '@', '(', ')', '{', '}', 'Ax', 'Ex'.\nDo not include explanations, commentary, or extra text inside and outside the <proof>...</proof> tags.\n""}, {'role': 'user', 'content': ""Prove 'Ex P(x), Ax (P(x)->Q(x)) |- Ex Q(x)', using the analytical tableau method. Final answer using the notation described. ""}, {'role': 'assistant', 'content': ' <proof>\n                        1. T Ex P(x) pre\n                        2. T Ax (P(x)->Q(x)) pre\n                        3. F Ex Q(x) conclusion\n                        4. T P(a) 1 \n                        5. T (P(a)->Q(a)) 2 \n                        6. F Q(a) 3 \n                        7.{ F P(a) 5 \n                        8. @ 4,7}    \n                        9.{ T Q(a) 5 \n                        10. @ 6,9}   \n                    </proof>'}, {'role': 'user', 'content': ""Prove 'Ax (P(x)|P(x)) |- Ax P(x)', using the analytical tableau method. Final answer using the notation described.""}, {'role': 'assistant', 'content': ' <proof>\n                            1. T Ax (P(x)|P(x)) pre \n                            2. F Ax P(x) conclusion\n                            3. F P(a) 2          \n                            4. T (P(a)|P(a)) 1   \n                            5.{ T P(a) 4         \n                            6. @ 3,5}            \n                            7.{ T P(a) 4         \n                            8. @ 3,7}            \n                        </proof>'}, {'role': 'user', 'content': ""Prove'Ex (B(x)&~C(x)) |- ~Ax (B(x)->C(x))' using the analytical tableau method. Only one final answer, surrounded by <proof>...</proof>, using the notation described.""}]","<proof>
1. T Ex (B(x)&~C(x)) pre
2. F ~Ax (B(x)->C(x)) conclusion
3. T Ax (B(x)->C(x)) 2
4. T (B(a)&~C(a)) 1
5. T B(a) 4
6. F C(a) 4
7. T (B(a)->C(a)) 3
8.{ F B(a) 7
9. @ 5,8}
10.{ T C(a) 7
11. @ 6,10}
</proof>","1. T Ex (B(x)&~C(x)) pre
2. F ~Ax (B(x)->C(x)) conclusion
3. T Ax (B(x)->C(x)) 2
4. T (B(a)&~C(a)) 1
5. T B(a) 4
6. F C(a) 4
7. T (B(a)->C(a)) 3
8.{ F B(a) 7
9. @ 5,8}
10.{ T C(a) 7
11. @ 6,10}","The following errors were found:

Error in line 6:
6. F C(a) 4
   ^, The truth value should be T for this rule.
Error in line 5:
5. T B(a) 4
^, The next line should be the &T rule with the formula ~C(a).
Error in line 6:
6. F C(a) 4
          ^, Formula C(a) (conclusion of rule) must be the same as the right or left formula of line 4.",38.93738150596619,stop,1050.0,1159.0
"|- Ax Ay B(x,y)->Ay Ax B(x,y)","[{'role': 'system', 'content': ""\nYou are an expert in logic using the semantic Tableaux method. \nYou will receive a first order logic formula and must prove its validity using the semantic tableau method, represent the proof in a Fitch-like notation, following these formatting instructions:\n\n### FORMAT OF PROOF LINES: \nExpanding proof line must be structured like: '<line_number>. <T_or_F> <formula> <origin>'\n- <line_number>: sequential integer, always ending with a dot ('1.', '2.', '3.', ...)\n- <T_or_F> → T for true formulas, F for false formulas. \n- <formula>: the formula derived on that line\n- <origin> is exactly one of:\n    pre (for premises)\n    conclusion (for the conclusion)\n    a comma-separated list of line numbers indicating the formula(s) used to derive the current line (e.g. '1', '3', '1,3')\n\n### BRANCHING FORMAT \nUse curly braces { and } to open and close branches. \n{ must appear immediately after the line number that opens a branch (e.g. '8.{ F A|B 3') \n} must appear at the end of the line that closes that branch (e.g. '12. @ 5,7}'). Exception: the main (initial) branch does not require a closing }, since it is not opened by {.\nBranches may be nested. But a formula may only be used at a given point if it appeared earlier in the same branch or an outer (enclosing) branch to the current branch. Formulas from closed branches or sibling branches must not be used.\n\n### SYMBOLS \nUse the following symbols for logical operations: \n & = conjunction (and), \n | = disjunction (or), \n ~ = negation (not), \n -> = implication (implies).\n\nQuantifiers symbols:  \n    Ax represents ∀x  \n    Ex represents ∃x\nSo formulas with ∀x and ∃x will be represented by Ax and Ex (A and E followed by the variable x). For example, Ax (H(x)->M(x)) represents ∀x (H(x)→M(x)).\n\n###CONVENTIONS\nAtoms: only uppercase letters not immediately followed by parentesis (e.g. P, Q, R).\nPredicates: uppercase letters immediately followed by parentesis (e.g. H(x), M(y), Q(a,b) ). All predicates must use parentheses.\nVariables: first letter in lowercase, can be followed by letters and numbers (e.g., x, x0, xP0).\n\nWrite only the final proof in <proof>...</proof> tags. Only use <proof>...</proof> tags ONCE. Omit names of the rules. Only use these symbols inside the proof '&' , '->', '~', '|', '@', '(', ')', '{', '}', 'Ax', 'Ex'.\nDo not include explanations, commentary, or extra text inside and outside the <proof>...</proof> tags.\n""}, {'role': 'user', 'content': ""Prove 'Ex P(x), Ax (P(x)->Q(x)) |- Ex Q(x)', using the analytical tableau method. Final answer using the notation described. ""}, {'role': 'assistant', 'content': ' <proof>\n                        1. T Ex P(x) pre\n                        2. T Ax (P(x)->Q(x)) pre\n                        3. F Ex Q(x) conclusion\n                        4. T P(a) 1 \n                        5. T (P(a)->Q(a)) 2 \n                        6. F Q(a) 3 \n                        7.{ F P(a) 5 \n                        8. @ 4,7}    \n                        9.{ T Q(a) 5 \n                        10. @ 6,9}   \n                    </proof>'}, {'role': 'user', 'content': ""Prove 'Ax (P(x)|P(x)) |- Ax P(x)', using the analytical tableau method. Final answer using the notation described.""}, {'role': 'assistant', 'content': ' <proof>\n                            1. T Ax (P(x)|P(x)) pre \n                            2. F Ax P(x) conclusion\n                            3. F P(a) 2          \n                            4. T (P(a)|P(a)) 1   \n                            5.{ T P(a) 4         \n                            6. @ 3,5}            \n                            7.{ T P(a) 4         \n                            8. @ 3,7}            \n                        </proof>'}, {'role': 'user', 'content': ""Prove'|- Ax Ay B(x,y)->Ay Ax B(x,y)' using the analytical tableau method. Only one final answer, surrounded by <proof>...</proof>, using the notation described.""}]","<proof>
1. F (Ax Ay B(x,y)->Ay Ax B(x,y)) conclusion
2. T Ax Ay B(x,y) 1
3. F Ay Ax B(x,y) 1
4. T Ay B(a,y) 2
5. T B(a,b) 4
6. F Ax B(x,c) 3
7. F B(d,c) 6
8. T Ay B(d,y) 2
9. T B(d,c) 8
10. @ 7,9
</proof>","1. F (Ax Ay B(x,y)->Ay Ax B(x,y)) conclusion
2. T Ax Ay B(x,y) 1
3. F Ay Ax B(x,y) 1
4. T Ay B(a,y) 2
5. T B(a,b) 4
6. F Ax B(x,c) 3
7. F B(d,c) 6
8. T Ay B(d,y) 2
9. T B(d,c) 8
10. @ 7,9",The proof is valid.,51.72879242897034,stop,1043.0,1526.0
|- Ax (B->C(x))->(B->Ax C(x)),"[{'role': 'system', 'content': ""\nYou are an expert in logic using the semantic Tableaux method. \nYou will receive a first order logic formula and must prove its validity using the semantic tableau method, represent the proof in a Fitch-like notation, following these formatting instructions:\n\n### FORMAT OF PROOF LINES: \nExpanding proof line must be structured like: '<line_number>. <T_or_F> <formula> <origin>'\n- <line_number>: sequential integer, always ending with a dot ('1.', '2.', '3.', ...)\n- <T_or_F> → T for true formulas, F for false formulas. \n- <formula>: the formula derived on that line\n- <origin> is exactly one of:\n    pre (for premises)\n    conclusion (for the conclusion)\n    a comma-separated list of line numbers indicating the formula(s) used to derive the current line (e.g. '1', '3', '1,3')\n\n### BRANCHING FORMAT \nUse curly braces { and } to open and close branches. \n{ must appear immediately after the line number that opens a branch (e.g. '8.{ F A|B 3') \n} must appear at the end of the line that closes that branch (e.g. '12. @ 5,7}'). Exception: the main (initial) branch does not require a closing }, since it is not opened by {.\nBranches may be nested. But a formula may only be used at a given point if it appeared earlier in the same branch or an outer (enclosing) branch to the current branch. Formulas from closed branches or sibling branches must not be used.\n\n### SYMBOLS \nUse the following symbols for logical operations: \n & = conjunction (and), \n | = disjunction (or), \n ~ = negation (not), \n -> = implication (implies).\n\nQuantifiers symbols:  \n    Ax represents ∀x  \n    Ex represents ∃x\nSo formulas with ∀x and ∃x will be represented by Ax and Ex (A and E followed by the variable x). For example, Ax (H(x)->M(x)) represents ∀x (H(x)→M(x)).\n\n###CONVENTIONS\nAtoms: only uppercase letters not immediately followed by parentesis (e.g. P, Q, R).\nPredicates: uppercase letters immediately followed by parentesis (e.g. H(x), M(y), Q(a,b) ). All predicates must use parentheses.\nVariables: first letter in lowercase, can be followed by letters and numbers (e.g., x, x0, xP0).\n\nWrite only the final proof in <proof>...</proof> tags. Only use <proof>...</proof> tags ONCE. Omit names of the rules. Only use these symbols inside the proof '&' , '->', '~', '|', '@', '(', ')', '{', '}', 'Ax', 'Ex'.\nDo not include explanations, commentary, or extra text inside and outside the <proof>...</proof> tags.\n""}, {'role': 'user', 'content': ""Prove 'Ex P(x), Ax (P(x)->Q(x)) |- Ex Q(x)', using the analytical tableau method. Final answer using the notation described. ""}, {'role': 'assistant', 'content': ' <proof>\n                        1. T Ex P(x) pre\n                        2. T Ax (P(x)->Q(x)) pre\n                        3. F Ex Q(x) conclusion\n                        4. T P(a) 1 \n                        5. T (P(a)->Q(a)) 2 \n                        6. F Q(a) 3 \n                        7.{ F P(a) 5 \n                        8. @ 4,7}    \n                        9.{ T Q(a) 5 \n                        10. @ 6,9}   \n                    </proof>'}, {'role': 'user', 'content': ""Prove 'Ax (P(x)|P(x)) |- Ax P(x)', using the analytical tableau method. Final answer using the notation described.""}, {'role': 'assistant', 'content': ' <proof>\n                            1. T Ax (P(x)|P(x)) pre \n                            2. F Ax P(x) conclusion\n                            3. F P(a) 2          \n                            4. T (P(a)|P(a)) 1   \n                            5.{ T P(a) 4         \n                            6. @ 3,5}            \n                            7.{ T P(a) 4         \n                            8. @ 3,7}            \n                        </proof>'}, {'role': 'user', 'content': ""Prove'|- Ax (B->C(x))->(B->Ax C(x))' using the analytical tableau method. Only one final answer, surrounded by <proof>...</proof>, using the notation described.""}]","<proof>
1. F Ax (B->C(x))->(B->Ax C(x)) conclusion
2. T Ax (B->C(x)) 1
3. F (B->Ax C(x)) 1
4. T B 3
5. F Ax C(x) 3
6. F C(a) 5
7. T (B->C(a)) 2
8.{ F B 7
9. @ 4,8}
10.{ T C(a) 7
11. @ 6,10}
</proof>","1. F Ax (B->C(x))->(B->Ax C(x)) conclusion
2. T Ax (B->C(x)) 1
3. F (B->Ax C(x)) 1
4. T B 3
5. F Ax C(x) 3
6. F C(a) 5
7. T (B->C(a)) 2
8.{ F B 7
9. @ 4,8}
10.{ T C(a) 7
11. @ 6,10}",The proof is valid.,40.98251128196716,stop,1046.0,1225.0
"Ax ~(B(x)&~C(x)), Ax B(x) |- Ax C(x)","[{'role': 'system', 'content': ""\nYou are an expert in logic using the semantic Tableaux method. \nYou will receive a first order logic formula and must prove its validity using the semantic tableau method, represent the proof in a Fitch-like notation, following these formatting instructions:\n\n### FORMAT OF PROOF LINES: \nExpanding proof line must be structured like: '<line_number>. <T_or_F> <formula> <origin>'\n- <line_number>: sequential integer, always ending with a dot ('1.', '2.', '3.', ...)\n- <T_or_F> → T for true formulas, F for false formulas. \n- <formula>: the formula derived on that line\n- <origin> is exactly one of:\n    pre (for premises)\n    conclusion (for the conclusion)\n    a comma-separated list of line numbers indicating the formula(s) used to derive the current line (e.g. '1', '3', '1,3')\n\n### BRANCHING FORMAT \nUse curly braces { and } to open and close branches. \n{ must appear immediately after the line number that opens a branch (e.g. '8.{ F A|B 3') \n} must appear at the end of the line that closes that branch (e.g. '12. @ 5,7}'). Exception: the main (initial) branch does not require a closing }, since it is not opened by {.\nBranches may be nested. But a formula may only be used at a given point if it appeared earlier in the same branch or an outer (enclosing) branch to the current branch. Formulas from closed branches or sibling branches must not be used.\n\n### SYMBOLS \nUse the following symbols for logical operations: \n & = conjunction (and), \n | = disjunction (or), \n ~ = negation (not), \n -> = implication (implies).\n\nQuantifiers symbols:  \n    Ax represents ∀x  \n    Ex represents ∃x\nSo formulas with ∀x and ∃x will be represented by Ax and Ex (A and E followed by the variable x). For example, Ax (H(x)->M(x)) represents ∀x (H(x)→M(x)).\n\n###CONVENTIONS\nAtoms: only uppercase letters not immediately followed by parentesis (e.g. P, Q, R).\nPredicates: uppercase letters immediately followed by parentesis (e.g. H(x), M(y), Q(a,b) ). All predicates must use parentheses.\nVariables: first letter in lowercase, can be followed by letters and numbers (e.g., x, x0, xP0).\n\nWrite only the final proof in <proof>...</proof> tags. Only use <proof>...</proof> tags ONCE. Omit names of the rules. Only use these symbols inside the proof '&' , '->', '~', '|', '@', '(', ')', '{', '}', 'Ax', 'Ex'.\nDo not include explanations, commentary, or extra text inside and outside the <proof>...</proof> tags.\n""}, {'role': 'user', 'content': ""Prove 'Ex P(x), Ax (P(x)->Q(x)) |- Ex Q(x)', using the analytical tableau method. Final answer using the notation described. ""}, {'role': 'assistant', 'content': ' <proof>\n                        1. T Ex P(x) pre\n                        2. T Ax (P(x)->Q(x)) pre\n                        3. F Ex Q(x) conclusion\n                        4. T P(a) 1 \n                        5. T (P(a)->Q(a)) 2 \n                        6. F Q(a) 3 \n                        7.{ F P(a) 5 \n                        8. @ 4,7}    \n                        9.{ T Q(a) 5 \n                        10. @ 6,9}   \n                    </proof>'}, {'role': 'user', 'content': ""Prove 'Ax (P(x)|P(x)) |- Ax P(x)', using the analytical tableau method. Final answer using the notation described.""}, {'role': 'assistant', 'content': ' <proof>\n                            1. T Ax (P(x)|P(x)) pre \n                            2. F Ax P(x) conclusion\n                            3. F P(a) 2          \n                            4. T (P(a)|P(a)) 1   \n                            5.{ T P(a) 4         \n                            6. @ 3,5}            \n                            7.{ T P(a) 4         \n                            8. @ 3,7}            \n                        </proof>'}, {'role': 'user', 'content': ""Prove'Ax ~(B(x)&~C(x)), Ax B(x) |- Ax C(x)' using the analytical tableau method. Only one final answer, surrounded by <proof>...</proof>, using the notation described.""}]","<proof>
1. T Ax ~(B(x)&~C(x)) pre
2. T Ax B(x) pre
3. F Ax C(x) conclusion
4. F C(a) 3
5. T ~(B(a)&~C(a)) 1
6. T B(a) 2
7. F (B(a)&~C(a)) 5
8.{ F B(a) 7
9. @ 6,8}
10.{ F ~C(a) 7
11. T C(a) 10
12. @ 4,11}
</proof>","1. T Ax ~(B(x)&~C(x)) pre
2. T Ax B(x) pre
3. F Ax C(x) conclusion
4. F C(a) 3
5. T ~(B(a)&~C(a)) 1
6. T B(a) 2
7. F (B(a)&~C(a)) 5
8.{ F B(a) 7
9. @ 6,8}
10.{ F ~C(a) 7
11. T C(a) 10
12. @ 4,11}",The proof is valid.,36.40896415710449,stop,1048.0,1078.0
|- ~Ax B(x)->Ex ~B(x),"[{'role': 'system', 'content': ""\nYou are an expert in logic using the semantic Tableaux method. \nYou will receive a first order logic formula and must prove its validity using the semantic tableau method, represent the proof in a Fitch-like notation, following these formatting instructions:\n\n### FORMAT OF PROOF LINES: \nExpanding proof line must be structured like: '<line_number>. <T_or_F> <formula> <origin>'\n- <line_number>: sequential integer, always ending with a dot ('1.', '2.', '3.', ...)\n- <T_or_F> → T for true formulas, F for false formulas. \n- <formula>: the formula derived on that line\n- <origin> is exactly one of:\n    pre (for premises)\n    conclusion (for the conclusion)\n    a comma-separated list of line numbers indicating the formula(s) used to derive the current line (e.g. '1', '3', '1,3')\n\n### BRANCHING FORMAT \nUse curly braces { and } to open and close branches. \n{ must appear immediately after the line number that opens a branch (e.g. '8.{ F A|B 3') \n} must appear at the end of the line that closes that branch (e.g. '12. @ 5,7}'). Exception: the main (initial) branch does not require a closing }, since it is not opened by {.\nBranches may be nested. But a formula may only be used at a given point if it appeared earlier in the same branch or an outer (enclosing) branch to the current branch. Formulas from closed branches or sibling branches must not be used.\n\n### SYMBOLS \nUse the following symbols for logical operations: \n & = conjunction (and), \n | = disjunction (or), \n ~ = negation (not), \n -> = implication (implies).\n\nQuantifiers symbols:  \n    Ax represents ∀x  \n    Ex represents ∃x\nSo formulas with ∀x and ∃x will be represented by Ax and Ex (A and E followed by the variable x). For example, Ax (H(x)->M(x)) represents ∀x (H(x)→M(x)).\n\n###CONVENTIONS\nAtoms: only uppercase letters not immediately followed by parentesis (e.g. P, Q, R).\nPredicates: uppercase letters immediately followed by parentesis (e.g. H(x), M(y), Q(a,b) ). All predicates must use parentheses.\nVariables: first letter in lowercase, can be followed by letters and numbers (e.g., x, x0, xP0).\n\nWrite only the final proof in <proof>...</proof> tags. Only use <proof>...</proof> tags ONCE. Omit names of the rules. Only use these symbols inside the proof '&' , '->', '~', '|', '@', '(', ')', '{', '}', 'Ax', 'Ex'.\nDo not include explanations, commentary, or extra text inside and outside the <proof>...</proof> tags.\n""}, {'role': 'user', 'content': ""Prove 'Ex P(x), Ax (P(x)->Q(x)) |- Ex Q(x)', using the analytical tableau method. Final answer using the notation described. ""}, {'role': 'assistant', 'content': ' <proof>\n                        1. T Ex P(x) pre\n                        2. T Ax (P(x)->Q(x)) pre\n                        3. F Ex Q(x) conclusion\n                        4. T P(a) 1 \n                        5. T (P(a)->Q(a)) 2 \n                        6. F Q(a) 3 \n                        7.{ F P(a) 5 \n                        8. @ 4,7}    \n                        9.{ T Q(a) 5 \n                        10. @ 6,9}   \n                    </proof>'}, {'role': 'user', 'content': ""Prove 'Ax (P(x)|P(x)) |- Ax P(x)', using the analytical tableau method. Final answer using the notation described.""}, {'role': 'assistant', 'content': ' <proof>\n                            1. T Ax (P(x)|P(x)) pre \n                            2. F Ax P(x) conclusion\n                            3. F P(a) 2          \n                            4. T (P(a)|P(a)) 1   \n                            5.{ T P(a) 4         \n                            6. @ 3,5}            \n                            7.{ T P(a) 4         \n                            8. @ 3,7}            \n                        </proof>'}, {'role': 'user', 'content': ""Prove'|- ~Ax B(x)->Ex ~B(x)' using the analytical tableau method. Only one final answer, surrounded by <proof>...</proof>, using the notation described.""}]","<proof>
1. F ~Ax B(x)->Ex ~B(x) conclusion
2. T ~Ax B(x) 1
3. F Ex ~B(x) 1
4. T Ex ~B(x) 2
5. @ 3,4
</proof>","1. F ~Ax B(x)->Ex ~B(x) conclusion
2. T ~Ax B(x) 1
3. F Ex ~B(x) 1
4. T Ex ~B(x) 2
5. @ 3,4","The following errors were found:

Error in line 4:
4. T Ex ~B(x) 2
   ^, The truth value should be F for this rule.
Error in line 4:
4. T Ex ~B(x) 2
              ^, Formula Ex ~B(x) is not a valid result for this rule.",50.814433336257935,stop,1041.0,1508.0
|- Ex ~B(x)->~Ax B(x),"[{'role': 'system', 'content': ""\nYou are an expert in logic using the semantic Tableaux method. \nYou will receive a first order logic formula and must prove its validity using the semantic tableau method, represent the proof in a Fitch-like notation, following these formatting instructions:\n\n### FORMAT OF PROOF LINES: \nExpanding proof line must be structured like: '<line_number>. <T_or_F> <formula> <origin>'\n- <line_number>: sequential integer, always ending with a dot ('1.', '2.', '3.', ...)\n- <T_or_F> → T for true formulas, F for false formulas. \n- <formula>: the formula derived on that line\n- <origin> is exactly one of:\n    pre (for premises)\n    conclusion (for the conclusion)\n    a comma-separated list of line numbers indicating the formula(s) used to derive the current line (e.g. '1', '3', '1,3')\n\n### BRANCHING FORMAT \nUse curly braces { and } to open and close branches. \n{ must appear immediately after the line number that opens a branch (e.g. '8.{ F A|B 3') \n} must appear at the end of the line that closes that branch (e.g. '12. @ 5,7}'). Exception: the main (initial) branch does not require a closing }, since it is not opened by {.\nBranches may be nested. But a formula may only be used at a given point if it appeared earlier in the same branch or an outer (enclosing) branch to the current branch. Formulas from closed branches or sibling branches must not be used.\n\n### SYMBOLS \nUse the following symbols for logical operations: \n & = conjunction (and), \n | = disjunction (or), \n ~ = negation (not), \n -> = implication (implies).\n\nQuantifiers symbols:  \n    Ax represents ∀x  \n    Ex represents ∃x\nSo formulas with ∀x and ∃x will be represented by Ax and Ex (A and E followed by the variable x). For example, Ax (H(x)->M(x)) represents ∀x (H(x)→M(x)).\n\n###CONVENTIONS\nAtoms: only uppercase letters not immediately followed by parentesis (e.g. P, Q, R).\nPredicates: uppercase letters immediately followed by parentesis (e.g. H(x), M(y), Q(a,b) ). All predicates must use parentheses.\nVariables: first letter in lowercase, can be followed by letters and numbers (e.g., x, x0, xP0).\n\nWrite only the final proof in <proof>...</proof> tags. Only use <proof>...</proof> tags ONCE. Omit names of the rules. Only use these symbols inside the proof '&' , '->', '~', '|', '@', '(', ')', '{', '}', 'Ax', 'Ex'.\nDo not include explanations, commentary, or extra text inside and outside the <proof>...</proof> tags.\n""}, {'role': 'user', 'content': ""Prove 'Ex P(x), Ax (P(x)->Q(x)) |- Ex Q(x)', using the analytical tableau method. Final answer using the notation described. ""}, {'role': 'assistant', 'content': ' <proof>\n                        1. T Ex P(x) pre\n                        2. T Ax (P(x)->Q(x)) pre\n                        3. F Ex Q(x) conclusion\n                        4. T P(a) 1 \n                        5. T (P(a)->Q(a)) 2 \n                        6. F Q(a) 3 \n                        7.{ F P(a) 5 \n                        8. @ 4,7}    \n                        9.{ T Q(a) 5 \n                        10. @ 6,9}   \n                    </proof>'}, {'role': 'user', 'content': ""Prove 'Ax (P(x)|P(x)) |- Ax P(x)', using the analytical tableau method. Final answer using the notation described.""}, {'role': 'assistant', 'content': ' <proof>\n                            1. T Ax (P(x)|P(x)) pre \n                            2. F Ax P(x) conclusion\n                            3. F P(a) 2          \n                            4. T (P(a)|P(a)) 1   \n                            5.{ T P(a) 4         \n                            6. @ 3,5}            \n                            7.{ T P(a) 4         \n                            8. @ 3,7}            \n                        </proof>'}, {'role': 'user', 'content': ""Prove'|- Ex ~B(x)->~Ax B(x)' using the analytical tableau method. Only one final answer, surrounded by <proof>...</proof>, using the notation described.""}]","<proof>
1. F Ex ~B(x) -> ~Ax B(x) conclusion
2. T Ex ~B(x) 1
3. F ~Ax B(x) 1
4. T ~B(a) 2
5. F B(a) 4
6. T Ax B(x) 3
7. T B(a) 6
8. @ 5,7
</proof>","1. F Ex ~B(x) -> ~Ax B(x) conclusion
2. T Ex ~B(x) 1
3. F ~Ax B(x) 1
4. T ~B(a) 2
5. F B(a) 4
6. T Ax B(x) 3
7. T B(a) 6
8. @ 5,7",The proof is valid.,42.28216767311096,stop,1041.0,1255.0
|- ~Ex B(x)->Ax ~B(x),"[{'role': 'system', 'content': ""\nYou are an expert in logic using the semantic Tableaux method. \nYou will receive a first order logic formula and must prove its validity using the semantic tableau method, represent the proof in a Fitch-like notation, following these formatting instructions:\n\n### FORMAT OF PROOF LINES: \nExpanding proof line must be structured like: '<line_number>. <T_or_F> <formula> <origin>'\n- <line_number>: sequential integer, always ending with a dot ('1.', '2.', '3.', ...)\n- <T_or_F> → T for true formulas, F for false formulas. \n- <formula>: the formula derived on that line\n- <origin> is exactly one of:\n    pre (for premises)\n    conclusion (for the conclusion)\n    a comma-separated list of line numbers indicating the formula(s) used to derive the current line (e.g. '1', '3', '1,3')\n\n### BRANCHING FORMAT \nUse curly braces { and } to open and close branches. \n{ must appear immediately after the line number that opens a branch (e.g. '8.{ F A|B 3') \n} must appear at the end of the line that closes that branch (e.g. '12. @ 5,7}'). Exception: the main (initial) branch does not require a closing }, since it is not opened by {.\nBranches may be nested. But a formula may only be used at a given point if it appeared earlier in the same branch or an outer (enclosing) branch to the current branch. Formulas from closed branches or sibling branches must not be used.\n\n### SYMBOLS \nUse the following symbols for logical operations: \n & = conjunction (and), \n | = disjunction (or), \n ~ = negation (not), \n -> = implication (implies).\n\nQuantifiers symbols:  \n    Ax represents ∀x  \n    Ex represents ∃x\nSo formulas with ∀x and ∃x will be represented by Ax and Ex (A and E followed by the variable x). For example, Ax (H(x)->M(x)) represents ∀x (H(x)→M(x)).\n\n###CONVENTIONS\nAtoms: only uppercase letters not immediately followed by parentesis (e.g. P, Q, R).\nPredicates: uppercase letters immediately followed by parentesis (e.g. H(x), M(y), Q(a,b) ). All predicates must use parentheses.\nVariables: first letter in lowercase, can be followed by letters and numbers (e.g., x, x0, xP0).\n\nWrite only the final proof in <proof>...</proof> tags. Only use <proof>...</proof> tags ONCE. Omit names of the rules. Only use these symbols inside the proof '&' , '->', '~', '|', '@', '(', ')', '{', '}', 'Ax', 'Ex'.\nDo not include explanations, commentary, or extra text inside and outside the <proof>...</proof> tags.\n""}, {'role': 'user', 'content': ""Prove 'Ex P(x), Ax (P(x)->Q(x)) |- Ex Q(x)', using the analytical tableau method. Final answer using the notation described. ""}, {'role': 'assistant', 'content': ' <proof>\n                        1. T Ex P(x) pre\n                        2. T Ax (P(x)->Q(x)) pre\n                        3. F Ex Q(x) conclusion\n                        4. T P(a) 1 \n                        5. T (P(a)->Q(a)) 2 \n                        6. F Q(a) 3 \n                        7.{ F P(a) 5 \n                        8. @ 4,7}    \n                        9.{ T Q(a) 5 \n                        10. @ 6,9}   \n                    </proof>'}, {'role': 'user', 'content': ""Prove 'Ax (P(x)|P(x)) |- Ax P(x)', using the analytical tableau method. Final answer using the notation described.""}, {'role': 'assistant', 'content': ' <proof>\n                            1. T Ax (P(x)|P(x)) pre \n                            2. F Ax P(x) conclusion\n                            3. F P(a) 2          \n                            4. T (P(a)|P(a)) 1   \n                            5.{ T P(a) 4         \n                            6. @ 3,5}            \n                            7.{ T P(a) 4         \n                            8. @ 3,7}            \n                        </proof>'}, {'role': 'user', 'content': ""Prove'|- ~Ex B(x)->Ax ~B(x)' using the analytical tableau method. Only one final answer, surrounded by <proof>...</proof>, using the notation described.""}]","<proof>
1. F ~Ex B(x)->Ax ~B(x) conclusion
2. T ~Ex B(x) 1
3. F Ax ~B(x) 1
4. F Ex B(x) 2
5. T B(a) 3
6. F B(a) 4
7. @ 5,6
</proof>","1. F ~Ex B(x)->Ax ~B(x) conclusion
2. T ~Ex B(x) 1
3. F Ax ~B(x) 1
4. F Ex B(x) 2
5. T B(a) 3
6. F B(a) 4
7. @ 5,6","The following errors were found:

Error in line 5:
5. T B(a) 3
   ^, The truth value should be F for this rule.
Error in line 5:
5. T B(a) 3
          ^, Formula referenced in line 3 is not a universal formula with truth-value T.",34.35421872138977,stop,1041.0,1027.0
|- Ax ~B(x)->~Ex B(x),"[{'role': 'system', 'content': ""\nYou are an expert in logic using the semantic Tableaux method. \nYou will receive a first order logic formula and must prove its validity using the semantic tableau method, represent the proof in a Fitch-like notation, following these formatting instructions:\n\n### FORMAT OF PROOF LINES: \nExpanding proof line must be structured like: '<line_number>. <T_or_F> <formula> <origin>'\n- <line_number>: sequential integer, always ending with a dot ('1.', '2.', '3.', ...)\n- <T_or_F> → T for true formulas, F for false formulas. \n- <formula>: the formula derived on that line\n- <origin> is exactly one of:\n    pre (for premises)\n    conclusion (for the conclusion)\n    a comma-separated list of line numbers indicating the formula(s) used to derive the current line (e.g. '1', '3', '1,3')\n\n### BRANCHING FORMAT \nUse curly braces { and } to open and close branches. \n{ must appear immediately after the line number that opens a branch (e.g. '8.{ F A|B 3') \n} must appear at the end of the line that closes that branch (e.g. '12. @ 5,7}'). Exception: the main (initial) branch does not require a closing }, since it is not opened by {.\nBranches may be nested. But a formula may only be used at a given point if it appeared earlier in the same branch or an outer (enclosing) branch to the current branch. Formulas from closed branches or sibling branches must not be used.\n\n### SYMBOLS \nUse the following symbols for logical operations: \n & = conjunction (and), \n | = disjunction (or), \n ~ = negation (not), \n -> = implication (implies).\n\nQuantifiers symbols:  \n    Ax represents ∀x  \n    Ex represents ∃x\nSo formulas with ∀x and ∃x will be represented by Ax and Ex (A and E followed by the variable x). For example, Ax (H(x)->M(x)) represents ∀x (H(x)→M(x)).\n\n###CONVENTIONS\nAtoms: only uppercase letters not immediately followed by parentesis (e.g. P, Q, R).\nPredicates: uppercase letters immediately followed by parentesis (e.g. H(x), M(y), Q(a,b) ). All predicates must use parentheses.\nVariables: first letter in lowercase, can be followed by letters and numbers (e.g., x, x0, xP0).\n\nWrite only the final proof in <proof>...</proof> tags. Only use <proof>...</proof> tags ONCE. Omit names of the rules. Only use these symbols inside the proof '&' , '->', '~', '|', '@', '(', ')', '{', '}', 'Ax', 'Ex'.\nDo not include explanations, commentary, or extra text inside and outside the <proof>...</proof> tags.\n""}, {'role': 'user', 'content': ""Prove 'Ex P(x), Ax (P(x)->Q(x)) |- Ex Q(x)', using the analytical tableau method. Final answer using the notation described. ""}, {'role': 'assistant', 'content': ' <proof>\n                        1. T Ex P(x) pre\n                        2. T Ax (P(x)->Q(x)) pre\n                        3. F Ex Q(x) conclusion\n                        4. T P(a) 1 \n                        5. T (P(a)->Q(a)) 2 \n                        6. F Q(a) 3 \n                        7.{ F P(a) 5 \n                        8. @ 4,7}    \n                        9.{ T Q(a) 5 \n                        10. @ 6,9}   \n                    </proof>'}, {'role': 'user', 'content': ""Prove 'Ax (P(x)|P(x)) |- Ax P(x)', using the analytical tableau method. Final answer using the notation described.""}, {'role': 'assistant', 'content': ' <proof>\n                            1. T Ax (P(x)|P(x)) pre \n                            2. F Ax P(x) conclusion\n                            3. F P(a) 2          \n                            4. T (P(a)|P(a)) 1   \n                            5.{ T P(a) 4         \n                            6. @ 3,5}            \n                            7.{ T P(a) 4         \n                            8. @ 3,7}            \n                        </proof>'}, {'role': 'user', 'content': ""Prove'|- Ax ~B(x)->~Ex B(x)' using the analytical tableau method. Only one final answer, surrounded by <proof>...</proof>, using the notation described.""}]","<proof>
1. F (Ax ~B(x))->~Ex B(x) conclusion
2. T Ax ~B(x) 1
3. F ~Ex B(x) 1
4. T ~B(a) 2
5. T Ex B(x) 3
6. T B(b) 5
7. T ~B(b) 2
8. @ 6,7
</proof>","1. F (Ax ~B(x))->~Ex B(x) conclusion
2. T Ax ~B(x) 1
3. F ~Ex B(x) 1
4. T ~B(a) 2
5. T Ex B(x) 3
6. T B(b) 5
7. T ~B(b) 2
8. @ 6,7","The following errors were found:

Error in line 8:
8. @ 6,7
     ^, None of the formulas referenced by the lines contradict the other formula.",44.61036157608032,stop,1041.0,1330.0
|- Ex (B(x)&C)->(Ex B(x)&C),"[{'role': 'system', 'content': ""\nYou are an expert in logic using the semantic Tableaux method. \nYou will receive a first order logic formula and must prove its validity using the semantic tableau method, represent the proof in a Fitch-like notation, following these formatting instructions:\n\n### FORMAT OF PROOF LINES: \nExpanding proof line must be structured like: '<line_number>. <T_or_F> <formula> <origin>'\n- <line_number>: sequential integer, always ending with a dot ('1.', '2.', '3.', ...)\n- <T_or_F> → T for true formulas, F for false formulas. \n- <formula>: the formula derived on that line\n- <origin> is exactly one of:\n    pre (for premises)\n    conclusion (for the conclusion)\n    a comma-separated list of line numbers indicating the formula(s) used to derive the current line (e.g. '1', '3', '1,3')\n\n### BRANCHING FORMAT \nUse curly braces { and } to open and close branches. \n{ must appear immediately after the line number that opens a branch (e.g. '8.{ F A|B 3') \n} must appear at the end of the line that closes that branch (e.g. '12. @ 5,7}'). Exception: the main (initial) branch does not require a closing }, since it is not opened by {.\nBranches may be nested. But a formula may only be used at a given point if it appeared earlier in the same branch or an outer (enclosing) branch to the current branch. Formulas from closed branches or sibling branches must not be used.\n\n### SYMBOLS \nUse the following symbols for logical operations: \n & = conjunction (and), \n | = disjunction (or), \n ~ = negation (not), \n -> = implication (implies).\n\nQuantifiers symbols:  \n    Ax represents ∀x  \n    Ex represents ∃x\nSo formulas with ∀x and ∃x will be represented by Ax and Ex (A and E followed by the variable x). For example, Ax (H(x)->M(x)) represents ∀x (H(x)→M(x)).\n\n###CONVENTIONS\nAtoms: only uppercase letters not immediately followed by parentesis (e.g. P, Q, R).\nPredicates: uppercase letters immediately followed by parentesis (e.g. H(x), M(y), Q(a,b) ). All predicates must use parentheses.\nVariables: first letter in lowercase, can be followed by letters and numbers (e.g., x, x0, xP0).\n\nWrite only the final proof in <proof>...</proof> tags. Only use <proof>...</proof> tags ONCE. Omit names of the rules. Only use these symbols inside the proof '&' , '->', '~', '|', '@', '(', ')', '{', '}', 'Ax', 'Ex'.\nDo not include explanations, commentary, or extra text inside and outside the <proof>...</proof> tags.\n""}, {'role': 'user', 'content': ""Prove 'Ex P(x), Ax (P(x)->Q(x)) |- Ex Q(x)', using the analytical tableau method. Final answer using the notation described. ""}, {'role': 'assistant', 'content': ' <proof>\n                        1. T Ex P(x) pre\n                        2. T Ax (P(x)->Q(x)) pre\n                        3. F Ex Q(x) conclusion\n                        4. T P(a) 1 \n                        5. T (P(a)->Q(a)) 2 \n                        6. F Q(a) 3 \n                        7.{ F P(a) 5 \n                        8. @ 4,7}    \n                        9.{ T Q(a) 5 \n                        10. @ 6,9}   \n                    </proof>'}, {'role': 'user', 'content': ""Prove 'Ax (P(x)|P(x)) |- Ax P(x)', using the analytical tableau method. Final answer using the notation described.""}, {'role': 'assistant', 'content': ' <proof>\n                            1. T Ax (P(x)|P(x)) pre \n                            2. F Ax P(x) conclusion\n                            3. F P(a) 2          \n                            4. T (P(a)|P(a)) 1   \n                            5.{ T P(a) 4         \n                            6. @ 3,5}            \n                            7.{ T P(a) 4         \n                            8. @ 3,7}            \n                        </proof>'}, {'role': 'user', 'content': ""Prove'|- Ex (B(x)&C)->(Ex B(x)&C)' using the analytical tableau method. Only one final answer, surrounded by <proof>...</proof>, using the notation described.""}]","<proof>
1. F (Ex (B(x)&C)->(Ex B(x)&C)) conclusion
2. T Ex (B(x)&C) 1
3. F (Ex B(x)&C) 1
4. T (B(a)&C) 2
5. T B(a) 4
6. T C 4
7.{ F Ex B(x) 3
8. F B(a) 7
9. @ 5,8}
10.{ F C 3
11. @ 6,10}
</proof>","1. F (Ex (B(x)&C)->(Ex B(x)&C)) conclusion
2. T Ex (B(x)&C) 1
3. F (Ex B(x)&C) 1
4. T (B(a)&C) 2
5. T B(a) 4
6. T C 4
7.{ F Ex B(x) 3
8. F B(a) 7
9. @ 5,8}
10.{ F C 3
11. @ 6,10}",The proof is valid.,79.70686507225037,stop,1045.0,2348.0
|- Ax (B(x)|C)->(Ax B(x)|C),"[{'role': 'system', 'content': ""\nYou are an expert in logic using the semantic Tableaux method. \nYou will receive a first order logic formula and must prove its validity using the semantic tableau method, represent the proof in a Fitch-like notation, following these formatting instructions:\n\n### FORMAT OF PROOF LINES: \nExpanding proof line must be structured like: '<line_number>. <T_or_F> <formula> <origin>'\n- <line_number>: sequential integer, always ending with a dot ('1.', '2.', '3.', ...)\n- <T_or_F> → T for true formulas, F for false formulas. \n- <formula>: the formula derived on that line\n- <origin> is exactly one of:\n    pre (for premises)\n    conclusion (for the conclusion)\n    a comma-separated list of line numbers indicating the formula(s) used to derive the current line (e.g. '1', '3', '1,3')\n\n### BRANCHING FORMAT \nUse curly braces { and } to open and close branches. \n{ must appear immediately after the line number that opens a branch (e.g. '8.{ F A|B 3') \n} must appear at the end of the line that closes that branch (e.g. '12. @ 5,7}'). Exception: the main (initial) branch does not require a closing }, since it is not opened by {.\nBranches may be nested. But a formula may only be used at a given point if it appeared earlier in the same branch or an outer (enclosing) branch to the current branch. Formulas from closed branches or sibling branches must not be used.\n\n### SYMBOLS \nUse the following symbols for logical operations: \n & = conjunction (and), \n | = disjunction (or), \n ~ = negation (not), \n -> = implication (implies).\n\nQuantifiers symbols:  \n    Ax represents ∀x  \n    Ex represents ∃x\nSo formulas with ∀x and ∃x will be represented by Ax and Ex (A and E followed by the variable x). For example, Ax (H(x)->M(x)) represents ∀x (H(x)→M(x)).\n\n###CONVENTIONS\nAtoms: only uppercase letters not immediately followed by parentesis (e.g. P, Q, R).\nPredicates: uppercase letters immediately followed by parentesis (e.g. H(x), M(y), Q(a,b) ). All predicates must use parentheses.\nVariables: first letter in lowercase, can be followed by letters and numbers (e.g., x, x0, xP0).\n\nWrite only the final proof in <proof>...</proof> tags. Only use <proof>...</proof> tags ONCE. Omit names of the rules. Only use these symbols inside the proof '&' , '->', '~', '|', '@', '(', ')', '{', '}', 'Ax', 'Ex'.\nDo not include explanations, commentary, or extra text inside and outside the <proof>...</proof> tags.\n""}, {'role': 'user', 'content': ""Prove 'Ex P(x), Ax (P(x)->Q(x)) |- Ex Q(x)', using the analytical tableau method. Final answer using the notation described. ""}, {'role': 'assistant', 'content': ' <proof>\n                        1. T Ex P(x) pre\n                        2. T Ax (P(x)->Q(x)) pre\n                        3. F Ex Q(x) conclusion\n                        4. T P(a) 1 \n                        5. T (P(a)->Q(a)) 2 \n                        6. F Q(a) 3 \n                        7.{ F P(a) 5 \n                        8. @ 4,7}    \n                        9.{ T Q(a) 5 \n                        10. @ 6,9}   \n                    </proof>'}, {'role': 'user', 'content': ""Prove 'Ax (P(x)|P(x)) |- Ax P(x)', using the analytical tableau method. Final answer using the notation described.""}, {'role': 'assistant', 'content': ' <proof>\n                            1. T Ax (P(x)|P(x)) pre \n                            2. F Ax P(x) conclusion\n                            3. F P(a) 2          \n                            4. T (P(a)|P(a)) 1   \n                            5.{ T P(a) 4         \n                            6. @ 3,5}            \n                            7.{ T P(a) 4         \n                            8. @ 3,7}            \n                        </proof>'}, {'role': 'user', 'content': ""Prove'|- Ax (B(x)|C)->(Ax B(x)|C)' using the analytical tableau method. Only one final answer, surrounded by <proof>...</proof>, using the notation described.""}]","<proof>
1. F Ax (B(x)|C) -> (Ax B(x)|C) conclusion
2. T Ax (B(x)|C) 1
3. F (Ax B(x) | C) 1
4. T (B(a) | C) 2
5. F Ax B(x) 3
6. F C 3
7. F B(b) 5
8.{ T B(a) 4
9.   T (B(b) | C) 2
10.  { T B(b) 9
11.    @ 7,10}
12.  { T C 9
13.    @ 6,12}}
</proof>","1. F Ax (B(x)|C) -> (Ax B(x)|C) conclusion
2. T Ax (B(x)|C) 1
3. F (Ax B(x) | C) 1
4. T (B(a) | C) 2
5. F Ax B(x) 3
6. F C 3
7. F B(b) 5
8.{ T B(a) 4
9.   T (B(b) | C) 2
10.  { T B(b) 9
11.    @ 7,10}
12.  { T C 9
13.    @ 6,12}}","The following errors were found:

Error in line 8:
8.{ T B(a) 4
^, A beta rule must have exactly two branches.",115.6222529411316,stop,1045.0,3376.0
|- (Ax B(x)->C)->Ex (B(x)->C),"[{'role': 'system', 'content': ""\nYou are an expert in logic using the semantic Tableaux method. \nYou will receive a first order logic formula and must prove its validity using the semantic tableau method, represent the proof in a Fitch-like notation, following these formatting instructions:\n\n### FORMAT OF PROOF LINES: \nExpanding proof line must be structured like: '<line_number>. <T_or_F> <formula> <origin>'\n- <line_number>: sequential integer, always ending with a dot ('1.', '2.', '3.', ...)\n- <T_or_F> → T for true formulas, F for false formulas. \n- <formula>: the formula derived on that line\n- <origin> is exactly one of:\n    pre (for premises)\n    conclusion (for the conclusion)\n    a comma-separated list of line numbers indicating the formula(s) used to derive the current line (e.g. '1', '3', '1,3')\n\n### BRANCHING FORMAT \nUse curly braces { and } to open and close branches. \n{ must appear immediately after the line number that opens a branch (e.g. '8.{ F A|B 3') \n} must appear at the end of the line that closes that branch (e.g. '12. @ 5,7}'). Exception: the main (initial) branch does not require a closing }, since it is not opened by {.\nBranches may be nested. But a formula may only be used at a given point if it appeared earlier in the same branch or an outer (enclosing) branch to the current branch. Formulas from closed branches or sibling branches must not be used.\n\n### SYMBOLS \nUse the following symbols for logical operations: \n & = conjunction (and), \n | = disjunction (or), \n ~ = negation (not), \n -> = implication (implies).\n\nQuantifiers symbols:  \n    Ax represents ∀x  \n    Ex represents ∃x\nSo formulas with ∀x and ∃x will be represented by Ax and Ex (A and E followed by the variable x). For example, Ax (H(x)->M(x)) represents ∀x (H(x)→M(x)).\n\n###CONVENTIONS\nAtoms: only uppercase letters not immediately followed by parentesis (e.g. P, Q, R).\nPredicates: uppercase letters immediately followed by parentesis (e.g. H(x), M(y), Q(a,b) ). All predicates must use parentheses.\nVariables: first letter in lowercase, can be followed by letters and numbers (e.g., x, x0, xP0).\n\nWrite only the final proof in <proof>...</proof> tags. Only use <proof>...</proof> tags ONCE. Omit names of the rules. Only use these symbols inside the proof '&' , '->', '~', '|', '@', '(', ')', '{', '}', 'Ax', 'Ex'.\nDo not include explanations, commentary, or extra text inside and outside the <proof>...</proof> tags.\n""}, {'role': 'user', 'content': ""Prove 'Ex P(x), Ax (P(x)->Q(x)) |- Ex Q(x)', using the analytical tableau method. Final answer using the notation described. ""}, {'role': 'assistant', 'content': ' <proof>\n                        1. T Ex P(x) pre\n                        2. T Ax (P(x)->Q(x)) pre\n                        3. F Ex Q(x) conclusion\n                        4. T P(a) 1 \n                        5. T (P(a)->Q(a)) 2 \n                        6. F Q(a) 3 \n                        7.{ F P(a) 5 \n                        8. @ 4,7}    \n                        9.{ T Q(a) 5 \n                        10. @ 6,9}   \n                    </proof>'}, {'role': 'user', 'content': ""Prove 'Ax (P(x)|P(x)) |- Ax P(x)', using the analytical tableau method. Final answer using the notation described.""}, {'role': 'assistant', 'content': ' <proof>\n                            1. T Ax (P(x)|P(x)) pre \n                            2. F Ax P(x) conclusion\n                            3. F P(a) 2          \n                            4. T (P(a)|P(a)) 1   \n                            5.{ T P(a) 4         \n                            6. @ 3,5}            \n                            7.{ T P(a) 4         \n                            8. @ 3,7}            \n                        </proof>'}, {'role': 'user', 'content': ""Prove'|- (Ax B(x)->C)->Ex (B(x)->C)' using the analytical tableau method. Only one final answer, surrounded by <proof>...</proof>, using the notation described.""}]","<proof>
1. F ((Ax B(x)->C) -> Ex (B(x)->C)) conclusion
2. T Ax B(x)->C 1
3. F Ex (B(x)->C) 1
4. F (B(a)->C) 3
5. T B(a) 4
6. F C 4
7.{ F Ax B(x) 2
8.   F B(a) 7
9.   @ 5,8}
10.{ T C 2
11.   @ 6,10}
</proof>","1. F ((Ax B(x)->C) -> Ex (B(x)->C)) conclusion
2. T Ax B(x)->C 1
3. F Ex (B(x)->C) 1
4. F (B(a)->C) 3
5. T B(a) 4
6. F C 4
7.{ F Ax B(x) 2
8.   F B(a) 7
9.   @ 5,8}
10.{ T C 2
11.   @ 6,10}","The following errors were found:

Error in line 8:
8.   F B(a) 7
       ^, The variable used in this formula B(a) is not a new variable and therefore cannot be used in this rule.",137.49422335624695,stop,1045.0,3984.0
|- Ex (B->C(x))->(B->Ex C(x)),"[{'role': 'system', 'content': ""\nYou are an expert in logic using the semantic Tableaux method. \nYou will receive a first order logic formula and must prove its validity using the semantic tableau method, represent the proof in a Fitch-like notation, following these formatting instructions:\n\n### FORMAT OF PROOF LINES: \nExpanding proof line must be structured like: '<line_number>. <T_or_F> <formula> <origin>'\n- <line_number>: sequential integer, always ending with a dot ('1.', '2.', '3.', ...)\n- <T_or_F> → T for true formulas, F for false formulas. \n- <formula>: the formula derived on that line\n- <origin> is exactly one of:\n    pre (for premises)\n    conclusion (for the conclusion)\n    a comma-separated list of line numbers indicating the formula(s) used to derive the current line (e.g. '1', '3', '1,3')\n\n### BRANCHING FORMAT \nUse curly braces { and } to open and close branches. \n{ must appear immediately after the line number that opens a branch (e.g. '8.{ F A|B 3') \n} must appear at the end of the line that closes that branch (e.g. '12. @ 5,7}'). Exception: the main (initial) branch does not require a closing }, since it is not opened by {.\nBranches may be nested. But a formula may only be used at a given point if it appeared earlier in the same branch or an outer (enclosing) branch to the current branch. Formulas from closed branches or sibling branches must not be used.\n\n### SYMBOLS \nUse the following symbols for logical operations: \n & = conjunction (and), \n | = disjunction (or), \n ~ = negation (not), \n -> = implication (implies).\n\nQuantifiers symbols:  \n    Ax represents ∀x  \n    Ex represents ∃x\nSo formulas with ∀x and ∃x will be represented by Ax and Ex (A and E followed by the variable x). For example, Ax (H(x)->M(x)) represents ∀x (H(x)→M(x)).\n\n###CONVENTIONS\nAtoms: only uppercase letters not immediately followed by parentesis (e.g. P, Q, R).\nPredicates: uppercase letters immediately followed by parentesis (e.g. H(x), M(y), Q(a,b) ). All predicates must use parentheses.\nVariables: first letter in lowercase, can be followed by letters and numbers (e.g., x, x0, xP0).\n\nWrite only the final proof in <proof>...</proof> tags. Only use <proof>...</proof> tags ONCE. Omit names of the rules. Only use these symbols inside the proof '&' , '->', '~', '|', '@', '(', ')', '{', '}', 'Ax', 'Ex'.\nDo not include explanations, commentary, or extra text inside and outside the <proof>...</proof> tags.\n""}, {'role': 'user', 'content': ""Prove 'Ex P(x), Ax (P(x)->Q(x)) |- Ex Q(x)', using the analytical tableau method. Final answer using the notation described. ""}, {'role': 'assistant', 'content': ' <proof>\n                        1. T Ex P(x) pre\n                        2. T Ax (P(x)->Q(x)) pre\n                        3. F Ex Q(x) conclusion\n                        4. T P(a) 1 \n                        5. T (P(a)->Q(a)) 2 \n                        6. F Q(a) 3 \n                        7.{ F P(a) 5 \n                        8. @ 4,7}    \n                        9.{ T Q(a) 5 \n                        10. @ 6,9}   \n                    </proof>'}, {'role': 'user', 'content': ""Prove 'Ax (P(x)|P(x)) |- Ax P(x)', using the analytical tableau method. Final answer using the notation described.""}, {'role': 'assistant', 'content': ' <proof>\n                            1. T Ax (P(x)|P(x)) pre \n                            2. F Ax P(x) conclusion\n                            3. F P(a) 2          \n                            4. T (P(a)|P(a)) 1   \n                            5.{ T P(a) 4         \n                            6. @ 3,5}            \n                            7.{ T P(a) 4         \n                            8. @ 3,7}            \n                        </proof>'}, {'role': 'user', 'content': ""Prove'|- Ex (B->C(x))->(B->Ex C(x))' using the analytical tableau method. Only one final answer, surrounded by <proof>...</proof>, using the notation described.""}]","<proof>
1. F (Ex (B->C(x)) -> (B -> Ex C(x))) conclusion
2. T Ex (B->C(x)) 1
3. F (B -> Ex C(x)) 1
4. T (B->C(a)) 2
5. T B 3
6. F Ex C(x) 3
7. F C(a) 6
8.{ F B 4
9. @ 5,8}
10.{ T C(a) 4
11. @ 7,10}
</proof>","1. F (Ex (B->C(x)) -> (B -> Ex C(x))) conclusion
2. T Ex (B->C(x)) 1
3. F (B -> Ex C(x)) 1
4. T (B->C(a)) 2
5. T B 3
6. F Ex C(x) 3
7. F C(a) 6
8.{ F B 4
9. @ 5,8}
10.{ T C(a) 4
11. @ 7,10}",The proof is valid.,85.27792859077454,stop,1046.0,2469.0
|- (B->Ex C(x))->Ex (B->C(x)),"[{'role': 'system', 'content': ""\nYou are an expert in logic using the semantic Tableaux method. \nYou will receive a first order logic formula and must prove its validity using the semantic tableau method, represent the proof in a Fitch-like notation, following these formatting instructions:\n\n### FORMAT OF PROOF LINES: \nExpanding proof line must be structured like: '<line_number>. <T_or_F> <formula> <origin>'\n- <line_number>: sequential integer, always ending with a dot ('1.', '2.', '3.', ...)\n- <T_or_F> → T for true formulas, F for false formulas. \n- <formula>: the formula derived on that line\n- <origin> is exactly one of:\n    pre (for premises)\n    conclusion (for the conclusion)\n    a comma-separated list of line numbers indicating the formula(s) used to derive the current line (e.g. '1', '3', '1,3')\n\n### BRANCHING FORMAT \nUse curly braces { and } to open and close branches. \n{ must appear immediately after the line number that opens a branch (e.g. '8.{ F A|B 3') \n} must appear at the end of the line that closes that branch (e.g. '12. @ 5,7}'). Exception: the main (initial) branch does not require a closing }, since it is not opened by {.\nBranches may be nested. But a formula may only be used at a given point if it appeared earlier in the same branch or an outer (enclosing) branch to the current branch. Formulas from closed branches or sibling branches must not be used.\n\n### SYMBOLS \nUse the following symbols for logical operations: \n & = conjunction (and), \n | = disjunction (or), \n ~ = negation (not), \n -> = implication (implies).\n\nQuantifiers symbols:  \n    Ax represents ∀x  \n    Ex represents ∃x\nSo formulas with ∀x and ∃x will be represented by Ax and Ex (A and E followed by the variable x). For example, Ax (H(x)->M(x)) represents ∀x (H(x)→M(x)).\n\n###CONVENTIONS\nAtoms: only uppercase letters not immediately followed by parentesis (e.g. P, Q, R).\nPredicates: uppercase letters immediately followed by parentesis (e.g. H(x), M(y), Q(a,b) ). All predicates must use parentheses.\nVariables: first letter in lowercase, can be followed by letters and numbers (e.g., x, x0, xP0).\n\nWrite only the final proof in <proof>...</proof> tags. Only use <proof>...</proof> tags ONCE. Omit names of the rules. Only use these symbols inside the proof '&' , '->', '~', '|', '@', '(', ')', '{', '}', 'Ax', 'Ex'.\nDo not include explanations, commentary, or extra text inside and outside the <proof>...</proof> tags.\n""}, {'role': 'user', 'content': ""Prove 'Ex P(x), Ax (P(x)->Q(x)) |- Ex Q(x)', using the analytical tableau method. Final answer using the notation described. ""}, {'role': 'assistant', 'content': ' <proof>\n                        1. T Ex P(x) pre\n                        2. T Ax (P(x)->Q(x)) pre\n                        3. F Ex Q(x) conclusion\n                        4. T P(a) 1 \n                        5. T (P(a)->Q(a)) 2 \n                        6. F Q(a) 3 \n                        7.{ F P(a) 5 \n                        8. @ 4,7}    \n                        9.{ T Q(a) 5 \n                        10. @ 6,9}   \n                    </proof>'}, {'role': 'user', 'content': ""Prove 'Ax (P(x)|P(x)) |- Ax P(x)', using the analytical tableau method. Final answer using the notation described.""}, {'role': 'assistant', 'content': ' <proof>\n                            1. T Ax (P(x)|P(x)) pre \n                            2. F Ax P(x) conclusion\n                            3. F P(a) 2          \n                            4. T (P(a)|P(a)) 1   \n                            5.{ T P(a) 4         \n                            6. @ 3,5}            \n                            7.{ T P(a) 4         \n                            8. @ 3,7}            \n                        </proof>'}, {'role': 'user', 'content': ""Prove'|- (B->Ex C(x))->Ex (B->C(x))' using the analytical tableau method. Only one final answer, surrounded by <proof>...</proof>, using the notation described.""}]","<proof>
1. F ((B->Ex C(x))->Ex(B->C(x))) conclusion
2. T (B->Ex C(x)) 1
3. F Ex (B->C(x)) 1
4. F (B->C(a)) 3
5. T B 4
6. F C(a) 4
7.{ F B 2
8. @ 5,7}
9.{ T Ex C(x) 2
10. T C(a) 9
11. @ 6,10}
</proof>","1. F ((B->Ex C(x))->Ex(B->C(x))) conclusion
2. T (B->Ex C(x)) 1
3. F Ex (B->C(x)) 1
4. F (B->C(a)) 3
5. T B 4
6. F C(a) 4
7.{ F B 2
8. @ 5,7}
9.{ T Ex C(x) 2
10. T C(a) 9
11. @ 6,10}","The following errors were found:

Error in line 10:
10. T C(a) 9
      ^, The variable used in this formula C(a) is not a new variable and therefore cannot be used in this rule.",63.68925356864929,stop,1046.0,1879.0
|- Ex (B(x)->Ax B(x)),"[{'role': 'system', 'content': ""\nYou are an expert in logic using the semantic Tableaux method. \nYou will receive a first order logic formula and must prove its validity using the semantic tableau method, represent the proof in a Fitch-like notation, following these formatting instructions:\n\n### FORMAT OF PROOF LINES: \nExpanding proof line must be structured like: '<line_number>. <T_or_F> <formula> <origin>'\n- <line_number>: sequential integer, always ending with a dot ('1.', '2.', '3.', ...)\n- <T_or_F> → T for true formulas, F for false formulas. \n- <formula>: the formula derived on that line\n- <origin> is exactly one of:\n    pre (for premises)\n    conclusion (for the conclusion)\n    a comma-separated list of line numbers indicating the formula(s) used to derive the current line (e.g. '1', '3', '1,3')\n\n### BRANCHING FORMAT \nUse curly braces { and } to open and close branches. \n{ must appear immediately after the line number that opens a branch (e.g. '8.{ F A|B 3') \n} must appear at the end of the line that closes that branch (e.g. '12. @ 5,7}'). Exception: the main (initial) branch does not require a closing }, since it is not opened by {.\nBranches may be nested. But a formula may only be used at a given point if it appeared earlier in the same branch or an outer (enclosing) branch to the current branch. Formulas from closed branches or sibling branches must not be used.\n\n### SYMBOLS \nUse the following symbols for logical operations: \n & = conjunction (and), \n | = disjunction (or), \n ~ = negation (not), \n -> = implication (implies).\n\nQuantifiers symbols:  \n    Ax represents ∀x  \n    Ex represents ∃x\nSo formulas with ∀x and ∃x will be represented by Ax and Ex (A and E followed by the variable x). For example, Ax (H(x)->M(x)) represents ∀x (H(x)→M(x)).\n\n###CONVENTIONS\nAtoms: only uppercase letters not immediately followed by parentesis (e.g. P, Q, R).\nPredicates: uppercase letters immediately followed by parentesis (e.g. H(x), M(y), Q(a,b) ). All predicates must use parentheses.\nVariables: first letter in lowercase, can be followed by letters and numbers (e.g., x, x0, xP0).\n\nWrite only the final proof in <proof>...</proof> tags. Only use <proof>...</proof> tags ONCE. Omit names of the rules. Only use these symbols inside the proof '&' , '->', '~', '|', '@', '(', ')', '{', '}', 'Ax', 'Ex'.\nDo not include explanations, commentary, or extra text inside and outside the <proof>...</proof> tags.\n""}, {'role': 'user', 'content': ""Prove 'Ex P(x), Ax (P(x)->Q(x)) |- Ex Q(x)', using the analytical tableau method. Final answer using the notation described. ""}, {'role': 'assistant', 'content': ' <proof>\n                        1. T Ex P(x) pre\n                        2. T Ax (P(x)->Q(x)) pre\n                        3. F Ex Q(x) conclusion\n                        4. T P(a) 1 \n                        5. T (P(a)->Q(a)) 2 \n                        6. F Q(a) 3 \n                        7.{ F P(a) 5 \n                        8. @ 4,7}    \n                        9.{ T Q(a) 5 \n                        10. @ 6,9}   \n                    </proof>'}, {'role': 'user', 'content': ""Prove 'Ax (P(x)|P(x)) |- Ax P(x)', using the analytical tableau method. Final answer using the notation described.""}, {'role': 'assistant', 'content': ' <proof>\n                            1. T Ax (P(x)|P(x)) pre \n                            2. F Ax P(x) conclusion\n                            3. F P(a) 2          \n                            4. T (P(a)|P(a)) 1   \n                            5.{ T P(a) 4         \n                            6. @ 3,5}            \n                            7.{ T P(a) 4         \n                            8. @ 3,7}            \n                        </proof>'}, {'role': 'user', 'content': ""Prove'|- Ex (B(x)->Ax B(x))' using the analytical tableau method. Only one final answer, surrounded by <proof>...</proof>, using the notation described.""}]","<proof>
1. F Ex (B(x)->Ax B(x)) conclusion
2. F (B(a)->Ax B(x)) 1
3. T B(a) 2
4. F Ax B(x) 2
5. F B(a) 4
6. @ 3,5
</proof>","1. F Ex (B(x)->Ax B(x)) conclusion
2. F (B(a)->Ax B(x)) 1
3. T B(a) 2
4. F Ax B(x) 2
5. F B(a) 4
6. @ 3,5","The following errors were found:

Error in line 5:
5. F B(a) 4
     ^, The variable used in this formula B(a) is not a new variable and therefore cannot be used in this rule.",62.976911544799805,stop,1041.0,1852.0
|- Ex Ay (B(x)->B(y)),"[{'role': 'system', 'content': ""\nYou are an expert in logic using the semantic Tableaux method. \nYou will receive a first order logic formula and must prove its validity using the semantic tableau method, represent the proof in a Fitch-like notation, following these formatting instructions:\n\n### FORMAT OF PROOF LINES: \nExpanding proof line must be structured like: '<line_number>. <T_or_F> <formula> <origin>'\n- <line_number>: sequential integer, always ending with a dot ('1.', '2.', '3.', ...)\n- <T_or_F> → T for true formulas, F for false formulas. \n- <formula>: the formula derived on that line\n- <origin> is exactly one of:\n    pre (for premises)\n    conclusion (for the conclusion)\n    a comma-separated list of line numbers indicating the formula(s) used to derive the current line (e.g. '1', '3', '1,3')\n\n### BRANCHING FORMAT \nUse curly braces { and } to open and close branches. \n{ must appear immediately after the line number that opens a branch (e.g. '8.{ F A|B 3') \n} must appear at the end of the line that closes that branch (e.g. '12. @ 5,7}'). Exception: the main (initial) branch does not require a closing }, since it is not opened by {.\nBranches may be nested. But a formula may only be used at a given point if it appeared earlier in the same branch or an outer (enclosing) branch to the current branch. Formulas from closed branches or sibling branches must not be used.\n\n### SYMBOLS \nUse the following symbols for logical operations: \n & = conjunction (and), \n | = disjunction (or), \n ~ = negation (not), \n -> = implication (implies).\n\nQuantifiers symbols:  \n    Ax represents ∀x  \n    Ex represents ∃x\nSo formulas with ∀x and ∃x will be represented by Ax and Ex (A and E followed by the variable x). For example, Ax (H(x)->M(x)) represents ∀x (H(x)→M(x)).\n\n###CONVENTIONS\nAtoms: only uppercase letters not immediately followed by parentesis (e.g. P, Q, R).\nPredicates: uppercase letters immediately followed by parentesis (e.g. H(x), M(y), Q(a,b) ). All predicates must use parentheses.\nVariables: first letter in lowercase, can be followed by letters and numbers (e.g., x, x0, xP0).\n\nWrite only the final proof in <proof>...</proof> tags. Only use <proof>...</proof> tags ONCE. Omit names of the rules. Only use these symbols inside the proof '&' , '->', '~', '|', '@', '(', ')', '{', '}', 'Ax', 'Ex'.\nDo not include explanations, commentary, or extra text inside and outside the <proof>...</proof> tags.\n""}, {'role': 'user', 'content': ""Prove 'Ex P(x), Ax (P(x)->Q(x)) |- Ex Q(x)', using the analytical tableau method. Final answer using the notation described. ""}, {'role': 'assistant', 'content': ' <proof>\n                        1. T Ex P(x) pre\n                        2. T Ax (P(x)->Q(x)) pre\n                        3. F Ex Q(x) conclusion\n                        4. T P(a) 1 \n                        5. T (P(a)->Q(a)) 2 \n                        6. F Q(a) 3 \n                        7.{ F P(a) 5 \n                        8. @ 4,7}    \n                        9.{ T Q(a) 5 \n                        10. @ 6,9}   \n                    </proof>'}, {'role': 'user', 'content': ""Prove 'Ax (P(x)|P(x)) |- Ax P(x)', using the analytical tableau method. Final answer using the notation described.""}, {'role': 'assistant', 'content': ' <proof>\n                            1. T Ax (P(x)|P(x)) pre \n                            2. F Ax P(x) conclusion\n                            3. F P(a) 2          \n                            4. T (P(a)|P(a)) 1   \n                            5.{ T P(a) 4         \n                            6. @ 3,5}            \n                            7.{ T P(a) 4         \n                            8. @ 3,7}            \n                        </proof>'}, {'role': 'user', 'content': ""Prove'|- Ex Ay (B(x)->B(y))' using the analytical tableau method. Only one final answer, surrounded by <proof>...</proof>, using the notation described.""}]","<proof>
1. F Ex Ay (B(x)->B(y)) conclusion
2. T Ax ~Ay (B(x)->B(y)) 1
3. T Ax Ey ~(B(x)->B(y)) 2
4. T Ey ~(B(a)->B(y)) 3
5. T ~(B(a)->B(b)) 4
6. T B(a) 5
7. T ~B(b) 5
8. T Ey ~(B(b)->B(y)) 3
9. T ~(B(b)->B(c)) 8
10. T B(b) 9
11. T ~B(c) 9
12. @ 7,10
</proof>","1. F Ex Ay (B(x)->B(y)) conclusion
2. T Ax ~Ay (B(x)->B(y)) 1
3. T Ax Ey ~(B(x)->B(y)) 2
4. T Ey ~(B(a)->B(y)) 3
5. T ~(B(a)->B(b)) 4
6. T B(a) 5
7. T ~B(b) 5
8. T Ey ~(B(b)->B(y)) 3
9. T ~(B(b)->B(c)) 8
10. T B(b) 9
11. T ~B(c) 9
12. @ 7,10","The following errors were found:

Error in line 2:
2. T Ax ~Ay (B(x)->B(y)) 1
   ^, The truth value should be F for this rule.
Error in line 6:
6. T B(a) 5
   ^, The truth value should be F for this rule.
Error in line 7:
7. T ~B(b) 5
   ^, The truth value should be F for this rule.
Error in line 10:
10. T B(b) 9
    ^, The truth value should be F for this rule.
Error in line 11:
11. T ~B(c) 9
    ^, The truth value should be F for this rule.
Error in line 2:
2. T Ax ~Ay (B(x)->B(y)) 1
     ^, Formula referenced in line 1 is not a existential formula with truth-value T.
Error in line 2:
2. T Ax ~Ay (B(x)->B(y)) 1
     ^, Formula Ax ~Ay (B(x)->B(y)) is not a valid substitutuion for the existential formula referenced in the line 1.
Error in line 3:
3. T Ax Ey ~(B(x)->B(y)) 2
     ^, Formula Ax Ey ~(B(x)->B(y)) is not a valid substitution for the universal formula referenced in line 2.
Error in line 6:
6. T B(a) 5
          ^, Formula B(a) is not a valid result for this rule.
Error in line 7:
7. T ~B(b) 5
           ^, Formula ~B(b) is not a valid result for this rule.
Error in line 7:
7. T ~B(b) 5
           ^, The reference rule on the 7 line can only be used once in this branch.
Error in line 10:
10. T B(b) 9
           ^, Formula B(b) is not a valid result for this rule.
Error in line 11:
11. T ~B(c) 9
            ^, Formula ~B(c) is not a valid result for this rule.
Error in line 11:
11. T ~B(c) 9
            ^, The reference rule on the 11 line can only be used once in this branch.
Error in line 12:
12. @ 7,10
      ^, None of the formulas referenced by the lines contradict the other formula.",188.94144749641416,stop,1041.0,5289.0
Ex (B(x)->C(x)) |- Ax B(x)->Ex C(x),"[{'role': 'system', 'content': ""\nYou are an expert in logic using the semantic Tableaux method. \nYou will receive a first order logic formula and must prove its validity using the semantic tableau method, represent the proof in a Fitch-like notation, following these formatting instructions:\n\n### FORMAT OF PROOF LINES: \nExpanding proof line must be structured like: '<line_number>. <T_or_F> <formula> <origin>'\n- <line_number>: sequential integer, always ending with a dot ('1.', '2.', '3.', ...)\n- <T_or_F> → T for true formulas, F for false formulas. \n- <formula>: the formula derived on that line\n- <origin> is exactly one of:\n    pre (for premises)\n    conclusion (for the conclusion)\n    a comma-separated list of line numbers indicating the formula(s) used to derive the current line (e.g. '1', '3', '1,3')\n\n### BRANCHING FORMAT \nUse curly braces { and } to open and close branches. \n{ must appear immediately after the line number that opens a branch (e.g. '8.{ F A|B 3') \n} must appear at the end of the line that closes that branch (e.g. '12. @ 5,7}'). Exception: the main (initial) branch does not require a closing }, since it is not opened by {.\nBranches may be nested. But a formula may only be used at a given point if it appeared earlier in the same branch or an outer (enclosing) branch to the current branch. Formulas from closed branches or sibling branches must not be used.\n\n### SYMBOLS \nUse the following symbols for logical operations: \n & = conjunction (and), \n | = disjunction (or), \n ~ = negation (not), \n -> = implication (implies).\n\nQuantifiers symbols:  \n    Ax represents ∀x  \n    Ex represents ∃x\nSo formulas with ∀x and ∃x will be represented by Ax and Ex (A and E followed by the variable x). For example, Ax (H(x)->M(x)) represents ∀x (H(x)→M(x)).\n\n###CONVENTIONS\nAtoms: only uppercase letters not immediately followed by parentesis (e.g. P, Q, R).\nPredicates: uppercase letters immediately followed by parentesis (e.g. H(x), M(y), Q(a,b) ). All predicates must use parentheses.\nVariables: first letter in lowercase, can be followed by letters and numbers (e.g., x, x0, xP0).\n\nWrite only the final proof in <proof>...</proof> tags. Only use <proof>...</proof> tags ONCE. Omit names of the rules. Only use these symbols inside the proof '&' , '->', '~', '|', '@', '(', ')', '{', '}', 'Ax', 'Ex'.\nDo not include explanations, commentary, or extra text inside and outside the <proof>...</proof> tags.\n""}, {'role': 'user', 'content': ""Prove 'Ex P(x), Ax (P(x)->Q(x)) |- Ex Q(x)', using the analytical tableau method. Final answer using the notation described. ""}, {'role': 'assistant', 'content': ' <proof>\n                        1. T Ex P(x) pre\n                        2. T Ax (P(x)->Q(x)) pre\n                        3. F Ex Q(x) conclusion\n                        4. T P(a) 1 \n                        5. T (P(a)->Q(a)) 2 \n                        6. F Q(a) 3 \n                        7.{ F P(a) 5 \n                        8. @ 4,7}    \n                        9.{ T Q(a) 5 \n                        10. @ 6,9}   \n                    </proof>'}, {'role': 'user', 'content': ""Prove 'Ax (P(x)|P(x)) |- Ax P(x)', using the analytical tableau method. Final answer using the notation described.""}, {'role': 'assistant', 'content': ' <proof>\n                            1. T Ax (P(x)|P(x)) pre \n                            2. F Ax P(x) conclusion\n                            3. F P(a) 2          \n                            4. T (P(a)|P(a)) 1   \n                            5.{ T P(a) 4         \n                            6. @ 3,5}            \n                            7.{ T P(a) 4         \n                            8. @ 3,7}            \n                        </proof>'}, {'role': 'user', 'content': ""Prove'Ex (B(x)->C(x)) |- Ax B(x)->Ex C(x)' using the analytical tableau method. Only one final answer, surrounded by <proof>...</proof>, using the notation described.""}]","<proof>
1. T Ex (B(x)->C(x)) pre
2. F Ax B(x)->Ex C(x) conclusion
3. T Ax B(x) 2
4. F Ex C(x) 2
5. T (B(a)->C(a)) 1
6. T B(a) 3
7.{ F B(a) 5
8. @ 6,7}
9.{ T C(a) 5
10. F C(a) 4
11. @ 9,10}
</proof>","1. T Ex (B(x)->C(x)) pre
2. F Ax B(x)->Ex C(x) conclusion
3. T Ax B(x) 2
4. F Ex C(x) 2
5. T (B(a)->C(a)) 1
6. T B(a) 3
7.{ F B(a) 5
8. @ 6,7}
9.{ T C(a) 5
10. F C(a) 4
11. @ 9,10}",The proof is valid.,77.39106798171997,stop,1047.0,2251.0
"Ax (B(x)->C(x)), Ex (D(x)&B(x)) |- Ex (D(x)&C(x))","[{'role': 'system', 'content': ""\nYou are an expert in logic using the semantic Tableaux method. \nYou will receive a first order logic formula and must prove its validity using the semantic tableau method, represent the proof in a Fitch-like notation, following these formatting instructions:\n\n### FORMAT OF PROOF LINES: \nExpanding proof line must be structured like: '<line_number>. <T_or_F> <formula> <origin>'\n- <line_number>: sequential integer, always ending with a dot ('1.', '2.', '3.', ...)\n- <T_or_F> → T for true formulas, F for false formulas. \n- <formula>: the formula derived on that line\n- <origin> is exactly one of:\n    pre (for premises)\n    conclusion (for the conclusion)\n    a comma-separated list of line numbers indicating the formula(s) used to derive the current line (e.g. '1', '3', '1,3')\n\n### BRANCHING FORMAT \nUse curly braces { and } to open and close branches. \n{ must appear immediately after the line number that opens a branch (e.g. '8.{ F A|B 3') \n} must appear at the end of the line that closes that branch (e.g. '12. @ 5,7}'). Exception: the main (initial) branch does not require a closing }, since it is not opened by {.\nBranches may be nested. But a formula may only be used at a given point if it appeared earlier in the same branch or an outer (enclosing) branch to the current branch. Formulas from closed branches or sibling branches must not be used.\n\n### SYMBOLS \nUse the following symbols for logical operations: \n & = conjunction (and), \n | = disjunction (or), \n ~ = negation (not), \n -> = implication (implies).\n\nQuantifiers symbols:  \n    Ax represents ∀x  \n    Ex represents ∃x\nSo formulas with ∀x and ∃x will be represented by Ax and Ex (A and E followed by the variable x). For example, Ax (H(x)->M(x)) represents ∀x (H(x)→M(x)).\n\n###CONVENTIONS\nAtoms: only uppercase letters not immediately followed by parentesis (e.g. P, Q, R).\nPredicates: uppercase letters immediately followed by parentesis (e.g. H(x), M(y), Q(a,b) ). All predicates must use parentheses.\nVariables: first letter in lowercase, can be followed by letters and numbers (e.g., x, x0, xP0).\n\nWrite only the final proof in <proof>...</proof> tags. Only use <proof>...</proof> tags ONCE. Omit names of the rules. Only use these symbols inside the proof '&' , '->', '~', '|', '@', '(', ')', '{', '}', 'Ax', 'Ex'.\nDo not include explanations, commentary, or extra text inside and outside the <proof>...</proof> tags.\n""}, {'role': 'user', 'content': ""Prove 'Ex P(x), Ax (P(x)->Q(x)) |- Ex Q(x)', using the analytical tableau method. Final answer using the notation described. ""}, {'role': 'assistant', 'content': ' <proof>\n                        1. T Ex P(x) pre\n                        2. T Ax (P(x)->Q(x)) pre\n                        3. F Ex Q(x) conclusion\n                        4. T P(a) 1 \n                        5. T (P(a)->Q(a)) 2 \n                        6. F Q(a) 3 \n                        7.{ F P(a) 5 \n                        8. @ 4,7}    \n                        9.{ T Q(a) 5 \n                        10. @ 6,9}   \n                    </proof>'}, {'role': 'user', 'content': ""Prove 'Ax (P(x)|P(x)) |- Ax P(x)', using the analytical tableau method. Final answer using the notation described.""}, {'role': 'assistant', 'content': ' <proof>\n                            1. T Ax (P(x)|P(x)) pre \n                            2. F Ax P(x) conclusion\n                            3. F P(a) 2          \n                            4. T (P(a)|P(a)) 1   \n                            5.{ T P(a) 4         \n                            6. @ 3,5}            \n                            7.{ T P(a) 4         \n                            8. @ 3,7}            \n                        </proof>'}, {'role': 'user', 'content': ""Prove'Ax (B(x)->C(x)), Ex (D(x)&B(x)) |- Ex (D(x)&C(x))' using the analytical tableau method. Only one final answer, surrounded by <proof>...</proof>, using the notation described.""}]","<proof>
1. T Ax (B(x)->C(x)) pre
2. T Ex (D(x)&B(x)) pre
3. F Ex (D(x)&C(x)) conclusion
4. T (D(a)&B(a)) 2
5. T (B(a)->C(a)) 1
6. T Ax ~(D(x)&C(x)) 3
7. T ~(D(a)&C(a)) 6
8. T D(a) 4
9. T B(a) 4
10.{ F D(a) 7
11. @ 8,10}
12.{ F C(a) 7
13.{ F B(a) 5
14. @ 9,13}
15.{ T C(a) 5
16. @ 12,15}
</proof>","1. T Ax (B(x)->C(x)) pre
2. T Ex (D(x)&B(x)) pre
3. F Ex (D(x)&C(x)) conclusion
4. T (D(a)&B(a)) 2
5. T (B(a)->C(a)) 1
6. T Ax ~(D(x)&C(x)) 3
7. T ~(D(a)&C(a)) 6
8. T D(a) 4
9. T B(a) 4
10.{ F D(a) 7
11. @ 8,10}
12.{ F C(a) 7
13.{ F B(a) 5
14. @ 9,13}
15.{ T C(a) 5
16. @ 12,15}","The following errors were found:

Error in line 6:
6. T Ax ~(D(x)&C(x)) 3
   ^, The truth value should be F for this rule.
Error in line 10:
10.{ F D(a) 7
            ^, The rule must be a alpha-rule.
Error in line 12:
12.{ F C(a) 7
            ^, The rule must be a alpha-rule.
Error in line 12:
12.{ F C(a) 7
       ^,The open branch must be closed.
Error in line 6:
6. T Ax ~(D(x)&C(x)) 3
     ^, Formula referenced in line 3 is not a existential formula with truth-value T.
Error in line 6:
6. T Ax ~(D(x)&C(x)) 3
     ^, Formula Ax ~(D(x)&C(x)) is not a valid substitutuion for the existential formula referenced in the line 3.",76.83751559257507,stop,1056.0,2265.0
Ax Ey (B(x)|C(y)) |- Ey Ax (B(x)|C(y)),"[{'role': 'system', 'content': ""\nYou are an expert in logic using the semantic Tableaux method. \nYou will receive a first order logic formula and must prove its validity using the semantic tableau method, represent the proof in a Fitch-like notation, following these formatting instructions:\n\n### FORMAT OF PROOF LINES: \nExpanding proof line must be structured like: '<line_number>. <T_or_F> <formula> <origin>'\n- <line_number>: sequential integer, always ending with a dot ('1.', '2.', '3.', ...)\n- <T_or_F> → T for true formulas, F for false formulas. \n- <formula>: the formula derived on that line\n- <origin> is exactly one of:\n    pre (for premises)\n    conclusion (for the conclusion)\n    a comma-separated list of line numbers indicating the formula(s) used to derive the current line (e.g. '1', '3', '1,3')\n\n### BRANCHING FORMAT \nUse curly braces { and } to open and close branches. \n{ must appear immediately after the line number that opens a branch (e.g. '8.{ F A|B 3') \n} must appear at the end of the line that closes that branch (e.g. '12. @ 5,7}'). Exception: the main (initial) branch does not require a closing }, since it is not opened by {.\nBranches may be nested. But a formula may only be used at a given point if it appeared earlier in the same branch or an outer (enclosing) branch to the current branch. Formulas from closed branches or sibling branches must not be used.\n\n### SYMBOLS \nUse the following symbols for logical operations: \n & = conjunction (and), \n | = disjunction (or), \n ~ = negation (not), \n -> = implication (implies).\n\nQuantifiers symbols:  \n    Ax represents ∀x  \n    Ex represents ∃x\nSo formulas with ∀x and ∃x will be represented by Ax and Ex (A and E followed by the variable x). For example, Ax (H(x)->M(x)) represents ∀x (H(x)→M(x)).\n\n###CONVENTIONS\nAtoms: only uppercase letters not immediately followed by parentesis (e.g. P, Q, R).\nPredicates: uppercase letters immediately followed by parentesis (e.g. H(x), M(y), Q(a,b) ). All predicates must use parentheses.\nVariables: first letter in lowercase, can be followed by letters and numbers (e.g., x, x0, xP0).\n\nWrite only the final proof in <proof>...</proof> tags. Only use <proof>...</proof> tags ONCE. Omit names of the rules. Only use these symbols inside the proof '&' , '->', '~', '|', '@', '(', ')', '{', '}', 'Ax', 'Ex'.\nDo not include explanations, commentary, or extra text inside and outside the <proof>...</proof> tags.\n""}, {'role': 'user', 'content': ""Prove 'Ex P(x), Ax (P(x)->Q(x)) |- Ex Q(x)', using the analytical tableau method. Final answer using the notation described. ""}, {'role': 'assistant', 'content': ' <proof>\n                        1. T Ex P(x) pre\n                        2. T Ax (P(x)->Q(x)) pre\n                        3. F Ex Q(x) conclusion\n                        4. T P(a) 1 \n                        5. T (P(a)->Q(a)) 2 \n                        6. F Q(a) 3 \n                        7.{ F P(a) 5 \n                        8. @ 4,7}    \n                        9.{ T Q(a) 5 \n                        10. @ 6,9}   \n                    </proof>'}, {'role': 'user', 'content': ""Prove 'Ax (P(x)|P(x)) |- Ax P(x)', using the analytical tableau method. Final answer using the notation described.""}, {'role': 'assistant', 'content': ' <proof>\n                            1. T Ax (P(x)|P(x)) pre \n                            2. F Ax P(x) conclusion\n                            3. F P(a) 2          \n                            4. T (P(a)|P(a)) 1   \n                            5.{ T P(a) 4         \n                            6. @ 3,5}            \n                            7.{ T P(a) 4         \n                            8. @ 3,7}            \n                        </proof>'}, {'role': 'user', 'content': ""Prove'Ax Ey (B(x)|C(y)) |- Ey Ax (B(x)|C(y))' using the analytical tableau method. Only one final answer, surrounded by <proof>...</proof>, using the notation described.""}]","<proof>
1. T Ax Ey (B(x)|C(y)) pre
2. F Ey Ax (B(x)|C(y)) conclusion
3. F Ax (B(x)|C(a)) 2
4. F (B(b)|C(a)) 3
5. F B(b) 4
6. F C(a) 4
7. T Ey (B(b)|C(y)) 1
8. T (B(b)|C(a)) 7
9.{ T B(b) 8
10. @ 5,9}
11.{ T C(a) 8
12. @ 6,11}
</proof>","1. T Ax Ey (B(x)|C(y)) pre
2. F Ey Ax (B(x)|C(y)) conclusion
3. F Ax (B(x)|C(a)) 2
4. F (B(b)|C(a)) 3
5. F B(b) 4
6. F C(a) 4
7. T Ey (B(b)|C(y)) 1
8. T (B(b)|C(a)) 7
9.{ T B(b) 8
10. @ 5,9}
11.{ T C(a) 8
12. @ 6,11}","The following errors were found:

Error in line 8:
8. T (B(b)|C(a)) 7
     ^, The variable used in this formula B(b)|C(a) is not a new variable and therefore cannot be used in this rule.",125.53625249862672,stop,1050.0,3607.0
"Ax (B(x)|C(x)), ~Ex B(x) |- Ax C(x)","[{'role': 'system', 'content': ""\nYou are an expert in logic using the semantic Tableaux method. \nYou will receive a first order logic formula and must prove its validity using the semantic tableau method, represent the proof in a Fitch-like notation, following these formatting instructions:\n\n### FORMAT OF PROOF LINES: \nExpanding proof line must be structured like: '<line_number>. <T_or_F> <formula> <origin>'\n- <line_number>: sequential integer, always ending with a dot ('1.', '2.', '3.', ...)\n- <T_or_F> → T for true formulas, F for false formulas. \n- <formula>: the formula derived on that line\n- <origin> is exactly one of:\n    pre (for premises)\n    conclusion (for the conclusion)\n    a comma-separated list of line numbers indicating the formula(s) used to derive the current line (e.g. '1', '3', '1,3')\n\n### BRANCHING FORMAT \nUse curly braces { and } to open and close branches. \n{ must appear immediately after the line number that opens a branch (e.g. '8.{ F A|B 3') \n} must appear at the end of the line that closes that branch (e.g. '12. @ 5,7}'). Exception: the main (initial) branch does not require a closing }, since it is not opened by {.\nBranches may be nested. But a formula may only be used at a given point if it appeared earlier in the same branch or an outer (enclosing) branch to the current branch. Formulas from closed branches or sibling branches must not be used.\n\n### SYMBOLS \nUse the following symbols for logical operations: \n & = conjunction (and), \n | = disjunction (or), \n ~ = negation (not), \n -> = implication (implies).\n\nQuantifiers symbols:  \n    Ax represents ∀x  \n    Ex represents ∃x\nSo formulas with ∀x and ∃x will be represented by Ax and Ex (A and E followed by the variable x). For example, Ax (H(x)->M(x)) represents ∀x (H(x)→M(x)).\n\n###CONVENTIONS\nAtoms: only uppercase letters not immediately followed by parentesis (e.g. P, Q, R).\nPredicates: uppercase letters immediately followed by parentesis (e.g. H(x), M(y), Q(a,b) ). All predicates must use parentheses.\nVariables: first letter in lowercase, can be followed by letters and numbers (e.g., x, x0, xP0).\n\nWrite only the final proof in <proof>...</proof> tags. Only use <proof>...</proof> tags ONCE. Omit names of the rules. Only use these symbols inside the proof '&' , '->', '~', '|', '@', '(', ')', '{', '}', 'Ax', 'Ex'.\nDo not include explanations, commentary, or extra text inside and outside the <proof>...</proof> tags.\n""}, {'role': 'user', 'content': ""Prove 'Ex P(x), Ax (P(x)->Q(x)) |- Ex Q(x)', using the analytical tableau method. Final answer using the notation described. ""}, {'role': 'assistant', 'content': ' <proof>\n                        1. T Ex P(x) pre\n                        2. T Ax (P(x)->Q(x)) pre\n                        3. F Ex Q(x) conclusion\n                        4. T P(a) 1 \n                        5. T (P(a)->Q(a)) 2 \n                        6. F Q(a) 3 \n                        7.{ F P(a) 5 \n                        8. @ 4,7}    \n                        9.{ T Q(a) 5 \n                        10. @ 6,9}   \n                    </proof>'}, {'role': 'user', 'content': ""Prove 'Ax (P(x)|P(x)) |- Ax P(x)', using the analytical tableau method. Final answer using the notation described.""}, {'role': 'assistant', 'content': ' <proof>\n                            1. T Ax (P(x)|P(x)) pre \n                            2. F Ax P(x) conclusion\n                            3. F P(a) 2          \n                            4. T (P(a)|P(a)) 1   \n                            5.{ T P(a) 4         \n                            6. @ 3,5}            \n                            7.{ T P(a) 4         \n                            8. @ 3,7}            \n                        </proof>'}, {'role': 'user', 'content': ""Prove'Ax (B(x)|C(x)), ~Ex B(x) |- Ax C(x)' using the analytical tableau method. Only one final answer, surrounded by <proof>...</proof>, using the notation described.""}]","<proof>
1. T Ax (B(x)|C(x)) pre
2. T ~Ex B(x) pre
3. F Ax C(x) conclusion
4. T (B(a)|C(a)) 1
5. T Ax ~B(x) 2
6. T ~B(a) 5
7. F C(b) 3
8.{ T B(a) 4
9. @ 6,8}
10.{ T C(a) 4
11. T (B(b)|C(b)) 1
12.{ T B(b) 11
13. T ~B(b) 5
14. @ 12,13}
15.{ T C(b) 11
16. @ 7,15}
</proof>","1. T Ax (B(x)|C(x)) pre
2. T ~Ex B(x) pre
3. F Ax C(x) conclusion
4. T (B(a)|C(a)) 1
5. T Ax ~B(x) 2
6. T ~B(a) 5
7. F C(b) 3
8.{ T B(a) 4
9. @ 6,8}
10.{ T C(a) 4
11. T (B(b)|C(b)) 1
12.{ T B(b) 11
13. T ~B(b) 5
14. @ 12,13}
15.{ T C(b) 11
16. @ 7,15}","The following errors were found:

Error in line 5:
5. T Ax ~B(x) 2
   ^, The truth value should be F for this rule.
Error in line 10:
10.{ T C(a) 4
       ^,The open branch must be closed.
Error in line 5:
5. T Ax ~B(x) 2
              ^, Formula Ax ~B(x) is not a valid result for this rule.
Error in line 9:
9. @ 6,8}
     ^, None of the formulas referenced by the lines contradict the other formula.
Error in line 14:
14. @ 12,13}
      ^, None of the formulas referenced by the lines contradict the other formula.",97.5978364944458,stop,1048.0,2876.0
"Ax (B(x)|C(x)), Ax ~B(x) |- Ax C(x)","[{'role': 'system', 'content': ""\nYou are an expert in logic using the semantic Tableaux method. \nYou will receive a first order logic formula and must prove its validity using the semantic tableau method, represent the proof in a Fitch-like notation, following these formatting instructions:\n\n### FORMAT OF PROOF LINES: \nExpanding proof line must be structured like: '<line_number>. <T_or_F> <formula> <origin>'\n- <line_number>: sequential integer, always ending with a dot ('1.', '2.', '3.', ...)\n- <T_or_F> → T for true formulas, F for false formulas. \n- <formula>: the formula derived on that line\n- <origin> is exactly one of:\n    pre (for premises)\n    conclusion (for the conclusion)\n    a comma-separated list of line numbers indicating the formula(s) used to derive the current line (e.g. '1', '3', '1,3')\n\n### BRANCHING FORMAT \nUse curly braces { and } to open and close branches. \n{ must appear immediately after the line number that opens a branch (e.g. '8.{ F A|B 3') \n} must appear at the end of the line that closes that branch (e.g. '12. @ 5,7}'). Exception: the main (initial) branch does not require a closing }, since it is not opened by {.\nBranches may be nested. But a formula may only be used at a given point if it appeared earlier in the same branch or an outer (enclosing) branch to the current branch. Formulas from closed branches or sibling branches must not be used.\n\n### SYMBOLS \nUse the following symbols for logical operations: \n & = conjunction (and), \n | = disjunction (or), \n ~ = negation (not), \n -> = implication (implies).\n\nQuantifiers symbols:  \n    Ax represents ∀x  \n    Ex represents ∃x\nSo formulas with ∀x and ∃x will be represented by Ax and Ex (A and E followed by the variable x). For example, Ax (H(x)->M(x)) represents ∀x (H(x)→M(x)).\n\n###CONVENTIONS\nAtoms: only uppercase letters not immediately followed by parentesis (e.g. P, Q, R).\nPredicates: uppercase letters immediately followed by parentesis (e.g. H(x), M(y), Q(a,b) ). All predicates must use parentheses.\nVariables: first letter in lowercase, can be followed by letters and numbers (e.g., x, x0, xP0).\n\nWrite only the final proof in <proof>...</proof> tags. Only use <proof>...</proof> tags ONCE. Omit names of the rules. Only use these symbols inside the proof '&' , '->', '~', '|', '@', '(', ')', '{', '}', 'Ax', 'Ex'.\nDo not include explanations, commentary, or extra text inside and outside the <proof>...</proof> tags.\n""}, {'role': 'user', 'content': ""Prove 'Ex P(x), Ax (P(x)->Q(x)) |- Ex Q(x)', using the analytical tableau method. Final answer using the notation described. ""}, {'role': 'assistant', 'content': ' <proof>\n                        1. T Ex P(x) pre\n                        2. T Ax (P(x)->Q(x)) pre\n                        3. F Ex Q(x) conclusion\n                        4. T P(a) 1 \n                        5. T (P(a)->Q(a)) 2 \n                        6. F Q(a) 3 \n                        7.{ F P(a) 5 \n                        8. @ 4,7}    \n                        9.{ T Q(a) 5 \n                        10. @ 6,9}   \n                    </proof>'}, {'role': 'user', 'content': ""Prove 'Ax (P(x)|P(x)) |- Ax P(x)', using the analytical tableau method. Final answer using the notation described.""}, {'role': 'assistant', 'content': ' <proof>\n                            1. T Ax (P(x)|P(x)) pre \n                            2. F Ax P(x) conclusion\n                            3. F P(a) 2          \n                            4. T (P(a)|P(a)) 1   \n                            5.{ T P(a) 4         \n                            6. @ 3,5}            \n                            7.{ T P(a) 4         \n                            8. @ 3,7}            \n                        </proof>'}, {'role': 'user', 'content': ""Prove'Ax (B(x)|C(x)), Ax ~B(x) |- Ax C(x)' using the analytical tableau method. Only one final answer, surrounded by <proof>...</proof>, using the notation described.""}]","<proof>
1. T Ax (B(x)|C(x)) pre
2. T Ax ~B(x) pre
3. F Ax C(x) conclusion
4. T (B(a)|C(a)) 1
5. T ~B(a) 2
6. F C(a) 3
7. F B(a) 5
8.{ T B(a) 4
9. @ 7,8}
10.{ T C(a) 4
11. @ 6,10}
</proof>","1. T Ax (B(x)|C(x)) pre
2. T Ax ~B(x) pre
3. F Ax C(x) conclusion
4. T (B(a)|C(a)) 1
5. T ~B(a) 2
6. F C(a) 3
7. F B(a) 5
8.{ T B(a) 4
9. @ 7,8}
10.{ T C(a) 4
11. @ 6,10}","The following errors were found:

Error in line 6:
6. F C(a) 3
     ^, The variable used in this formula C(a) is not a new variable and therefore cannot be used in this rule.",34.43971085548401,stop,1048.0,1027.0
"Ax ~(B(x)&~C(x)), ~Ax C(x) |- ~Ax B(x)","[{'role': 'system', 'content': ""\nYou are an expert in logic using the semantic Tableaux method. \nYou will receive a first order logic formula and must prove its validity using the semantic tableau method, represent the proof in a Fitch-like notation, following these formatting instructions:\n\n### FORMAT OF PROOF LINES: \nExpanding proof line must be structured like: '<line_number>. <T_or_F> <formula> <origin>'\n- <line_number>: sequential integer, always ending with a dot ('1.', '2.', '3.', ...)\n- <T_or_F> → T for true formulas, F for false formulas. \n- <formula>: the formula derived on that line\n- <origin> is exactly one of:\n    pre (for premises)\n    conclusion (for the conclusion)\n    a comma-separated list of line numbers indicating the formula(s) used to derive the current line (e.g. '1', '3', '1,3')\n\n### BRANCHING FORMAT \nUse curly braces { and } to open and close branches. \n{ must appear immediately after the line number that opens a branch (e.g. '8.{ F A|B 3') \n} must appear at the end of the line that closes that branch (e.g. '12. @ 5,7}'). Exception: the main (initial) branch does not require a closing }, since it is not opened by {.\nBranches may be nested. But a formula may only be used at a given point if it appeared earlier in the same branch or an outer (enclosing) branch to the current branch. Formulas from closed branches or sibling branches must not be used.\n\n### SYMBOLS \nUse the following symbols for logical operations: \n & = conjunction (and), \n | = disjunction (or), \n ~ = negation (not), \n -> = implication (implies).\n\nQuantifiers symbols:  \n    Ax represents ∀x  \n    Ex represents ∃x\nSo formulas with ∀x and ∃x will be represented by Ax and Ex (A and E followed by the variable x). For example, Ax (H(x)->M(x)) represents ∀x (H(x)→M(x)).\n\n###CONVENTIONS\nAtoms: only uppercase letters not immediately followed by parentesis (e.g. P, Q, R).\nPredicates: uppercase letters immediately followed by parentesis (e.g. H(x), M(y), Q(a,b) ). All predicates must use parentheses.\nVariables: first letter in lowercase, can be followed by letters and numbers (e.g., x, x0, xP0).\n\nWrite only the final proof in <proof>...</proof> tags. Only use <proof>...</proof> tags ONCE. Omit names of the rules. Only use these symbols inside the proof '&' , '->', '~', '|', '@', '(', ')', '{', '}', 'Ax', 'Ex'.\nDo not include explanations, commentary, or extra text inside and outside the <proof>...</proof> tags.\n""}, {'role': 'user', 'content': ""Prove 'Ex P(x), Ax (P(x)->Q(x)) |- Ex Q(x)', using the analytical tableau method. Final answer using the notation described. ""}, {'role': 'assistant', 'content': ' <proof>\n                        1. T Ex P(x) pre\n                        2. T Ax (P(x)->Q(x)) pre\n                        3. F Ex Q(x) conclusion\n                        4. T P(a) 1 \n                        5. T (P(a)->Q(a)) 2 \n                        6. F Q(a) 3 \n                        7.{ F P(a) 5 \n                        8. @ 4,7}    \n                        9.{ T Q(a) 5 \n                        10. @ 6,9}   \n                    </proof>'}, {'role': 'user', 'content': ""Prove 'Ax (P(x)|P(x)) |- Ax P(x)', using the analytical tableau method. Final answer using the notation described.""}, {'role': 'assistant', 'content': ' <proof>\n                            1. T Ax (P(x)|P(x)) pre \n                            2. F Ax P(x) conclusion\n                            3. F P(a) 2          \n                            4. T (P(a)|P(a)) 1   \n                            5.{ T P(a) 4         \n                            6. @ 3,5}            \n                            7.{ T P(a) 4         \n                            8. @ 3,7}            \n                        </proof>'}, {'role': 'user', 'content': ""Prove'Ax ~(B(x)&~C(x)), ~Ax C(x) |- ~Ax B(x)' using the analytical tableau method. Only one final answer, surrounded by <proof>...</proof>, using the notation described.""}]","<proof>
1. T Ax ¬(B(x)&~C(x)) pre
2. T ~Ax C(x) pre
3. F ~Ax B(x) conclusion
4. F Ax C(x) 2
5. F C(a) 4
6. T Ax B(x) 3
7. T B(a) 6
8. T ¬(B(a)&~C(a)) 1
9. F (B(a)&~C(a)) 8
10.{ F B(a) 9
11. @ 7,10}
12.{ F ~C(a) 9
13. T C(a) 12
14. @ 5,13}
</proof>","1. T Ax ¬(B(x)&~C(x)) pre
2. T ~Ax C(x) pre
3. F ~Ax B(x) conclusion
4. F Ax C(x) 2
5. F C(a) 4
6. T Ax B(x) 3
7. T B(a) 6
8. T ¬(B(a)&~C(a)) 1
9. F (B(a)&~C(a)) 8
10.{ F B(a) 9
11. @ 7,10}
12.{ F ~C(a) 9
13. T C(a) 12
14. @ 5,13}","The following errors were found:

One of definitions are not completed. Please, check whether all rules are correctly written.
Recall that a rule of inference starts with a numeber, followed by . (reference line), the truth value of the formula (T or F), has a formula and the justification (premise, conclusion or one of the inference rules with its formula references).Sintax error:
1. T Ax ¬(B(x)&~C(x)) pre
        ^ Symbol does not belongs to the language.
",47.288148403167725,stop,1050.0,1396.0
"Ax ~(B(x)&~C(x)), Ex ~C(x) |- ~Ax B(x)","[{'role': 'system', 'content': ""\nYou are an expert in logic using the semantic Tableaux method. \nYou will receive a first order logic formula and must prove its validity using the semantic tableau method, represent the proof in a Fitch-like notation, following these formatting instructions:\n\n### FORMAT OF PROOF LINES: \nExpanding proof line must be structured like: '<line_number>. <T_or_F> <formula> <origin>'\n- <line_number>: sequential integer, always ending with a dot ('1.', '2.', '3.', ...)\n- <T_or_F> → T for true formulas, F for false formulas. \n- <formula>: the formula derived on that line\n- <origin> is exactly one of:\n    pre (for premises)\n    conclusion (for the conclusion)\n    a comma-separated list of line numbers indicating the formula(s) used to derive the current line (e.g. '1', '3', '1,3')\n\n### BRANCHING FORMAT \nUse curly braces { and } to open and close branches. \n{ must appear immediately after the line number that opens a branch (e.g. '8.{ F A|B 3') \n} must appear at the end of the line that closes that branch (e.g. '12. @ 5,7}'). Exception: the main (initial) branch does not require a closing }, since it is not opened by {.\nBranches may be nested. But a formula may only be used at a given point if it appeared earlier in the same branch or an outer (enclosing) branch to the current branch. Formulas from closed branches or sibling branches must not be used.\n\n### SYMBOLS \nUse the following symbols for logical operations: \n & = conjunction (and), \n | = disjunction (or), \n ~ = negation (not), \n -> = implication (implies).\n\nQuantifiers symbols:  \n    Ax represents ∀x  \n    Ex represents ∃x\nSo formulas with ∀x and ∃x will be represented by Ax and Ex (A and E followed by the variable x). For example, Ax (H(x)->M(x)) represents ∀x (H(x)→M(x)).\n\n###CONVENTIONS\nAtoms: only uppercase letters not immediately followed by parentesis (e.g. P, Q, R).\nPredicates: uppercase letters immediately followed by parentesis (e.g. H(x), M(y), Q(a,b) ). All predicates must use parentheses.\nVariables: first letter in lowercase, can be followed by letters and numbers (e.g., x, x0, xP0).\n\nWrite only the final proof in <proof>...</proof> tags. Only use <proof>...</proof> tags ONCE. Omit names of the rules. Only use these symbols inside the proof '&' , '->', '~', '|', '@', '(', ')', '{', '}', 'Ax', 'Ex'.\nDo not include explanations, commentary, or extra text inside and outside the <proof>...</proof> tags.\n""}, {'role': 'user', 'content': ""Prove 'Ex P(x), Ax (P(x)->Q(x)) |- Ex Q(x)', using the analytical tableau method. Final answer using the notation described. ""}, {'role': 'assistant', 'content': ' <proof>\n                        1. T Ex P(x) pre\n                        2. T Ax (P(x)->Q(x)) pre\n                        3. F Ex Q(x) conclusion\n                        4. T P(a) 1 \n                        5. T (P(a)->Q(a)) 2 \n                        6. F Q(a) 3 \n                        7.{ F P(a) 5 \n                        8. @ 4,7}    \n                        9.{ T Q(a) 5 \n                        10. @ 6,9}   \n                    </proof>'}, {'role': 'user', 'content': ""Prove 'Ax (P(x)|P(x)) |- Ax P(x)', using the analytical tableau method. Final answer using the notation described.""}, {'role': 'assistant', 'content': ' <proof>\n                            1. T Ax (P(x)|P(x)) pre \n                            2. F Ax P(x) conclusion\n                            3. F P(a) 2          \n                            4. T (P(a)|P(a)) 1   \n                            5.{ T P(a) 4         \n                            6. @ 3,5}            \n                            7.{ T P(a) 4         \n                            8. @ 3,7}            \n                        </proof>'}, {'role': 'user', 'content': ""Prove'Ax ~(B(x)&~C(x)), Ex ~C(x) |- ~Ax B(x)' using the analytical tableau method. Only one final answer, surrounded by <proof>...</proof>, using the notation described.""}]","<proof>
1. T Ax ~(B(x)&~C(x)) pre
2. T Ex ~C(x) pre
3. F ¬Ax B(x) conclusion
4. T Ax B(x) 3
5. T ~C(a) 2
6. T ~(B(a)&~C(a)) 1
7. T B(a) 4
8. F (B(a)&~C(a)) 6
9.{ F B(a) 8
10. @ 7,9}
11.{ F ~C(a) 8
12. @ 5,11}
</proof>","1. T Ax ~(B(x)&~C(x)) pre
2. T Ex ~C(x) pre
3. F ¬Ax B(x) conclusion
4. T Ax B(x) 3
5. T ~C(a) 2
6. T ~(B(a)&~C(a)) 1
7. T B(a) 4
8. F (B(a)&~C(a)) 6
9.{ F B(a) 8
10. @ 7,9}
11.{ F ~C(a) 8
12. @ 5,11}","The following errors were found:

One of definitions are not completed. Please, check whether all rules are correctly written.
Recall that a rule of inference starts with a numeber, followed by . (reference line), the truth value of the formula (T or F), has a formula and the justification (premise, conclusion or one of the inference rules with its formula references).Sintax error:
3. F ¬Ax B(x) conclusion
     ^ Symbol does not belongs to the language.
",72.69535517692566,stop,1050.0,2150.0
"Ax ~(B(x)&~C(x)), ~Ax C(x) |- Ex ~B(x)","[{'role': 'system', 'content': ""\nYou are an expert in logic using the semantic Tableaux method. \nYou will receive a first order logic formula and must prove its validity using the semantic tableau method, represent the proof in a Fitch-like notation, following these formatting instructions:\n\n### FORMAT OF PROOF LINES: \nExpanding proof line must be structured like: '<line_number>. <T_or_F> <formula> <origin>'\n- <line_number>: sequential integer, always ending with a dot ('1.', '2.', '3.', ...)\n- <T_or_F> → T for true formulas, F for false formulas. \n- <formula>: the formula derived on that line\n- <origin> is exactly one of:\n    pre (for premises)\n    conclusion (for the conclusion)\n    a comma-separated list of line numbers indicating the formula(s) used to derive the current line (e.g. '1', '3', '1,3')\n\n### BRANCHING FORMAT \nUse curly braces { and } to open and close branches. \n{ must appear immediately after the line number that opens a branch (e.g. '8.{ F A|B 3') \n} must appear at the end of the line that closes that branch (e.g. '12. @ 5,7}'). Exception: the main (initial) branch does not require a closing }, since it is not opened by {.\nBranches may be nested. But a formula may only be used at a given point if it appeared earlier in the same branch or an outer (enclosing) branch to the current branch. Formulas from closed branches or sibling branches must not be used.\n\n### SYMBOLS \nUse the following symbols for logical operations: \n & = conjunction (and), \n | = disjunction (or), \n ~ = negation (not), \n -> = implication (implies).\n\nQuantifiers symbols:  \n    Ax represents ∀x  \n    Ex represents ∃x\nSo formulas with ∀x and ∃x will be represented by Ax and Ex (A and E followed by the variable x). For example, Ax (H(x)->M(x)) represents ∀x (H(x)→M(x)).\n\n###CONVENTIONS\nAtoms: only uppercase letters not immediately followed by parentesis (e.g. P, Q, R).\nPredicates: uppercase letters immediately followed by parentesis (e.g. H(x), M(y), Q(a,b) ). All predicates must use parentheses.\nVariables: first letter in lowercase, can be followed by letters and numbers (e.g., x, x0, xP0).\n\nWrite only the final proof in <proof>...</proof> tags. Only use <proof>...</proof> tags ONCE. Omit names of the rules. Only use these symbols inside the proof '&' , '->', '~', '|', '@', '(', ')', '{', '}', 'Ax', 'Ex'.\nDo not include explanations, commentary, or extra text inside and outside the <proof>...</proof> tags.\n""}, {'role': 'user', 'content': ""Prove 'Ex P(x), Ax (P(x)->Q(x)) |- Ex Q(x)', using the analytical tableau method. Final answer using the notation described. ""}, {'role': 'assistant', 'content': ' <proof>\n                        1. T Ex P(x) pre\n                        2. T Ax (P(x)->Q(x)) pre\n                        3. F Ex Q(x) conclusion\n                        4. T P(a) 1 \n                        5. T (P(a)->Q(a)) 2 \n                        6. F Q(a) 3 \n                        7.{ F P(a) 5 \n                        8. @ 4,7}    \n                        9.{ T Q(a) 5 \n                        10. @ 6,9}   \n                    </proof>'}, {'role': 'user', 'content': ""Prove 'Ax (P(x)|P(x)) |- Ax P(x)', using the analytical tableau method. Final answer using the notation described.""}, {'role': 'assistant', 'content': ' <proof>\n                            1. T Ax (P(x)|P(x)) pre \n                            2. F Ax P(x) conclusion\n                            3. F P(a) 2          \n                            4. T (P(a)|P(a)) 1   \n                            5.{ T P(a) 4         \n                            6. @ 3,5}            \n                            7.{ T P(a) 4         \n                            8. @ 3,7}            \n                        </proof>'}, {'role': 'user', 'content': ""Prove'Ax ~(B(x)&~C(x)), ~Ax C(x) |- Ex ~B(x)' using the analytical tableau method. Only one final answer, surrounded by <proof>...</proof>, using the notation described.""}]","Error Type: BadRequestError. ERRO: Error code: 400 - {'error': 'Reached context length of 8000 tokens, but this model does not currently support mid-generation context overflow because arch is gpt-oss. Try reloading with a larger context length or shortening the prompt/chat.'}","Error Type: BadRequestError. ERRO: Error code: 400 - {'error': 'Reached context length of 8000 tokens, but this model does not currently support mid-generation context overflow because arch is gpt-oss. Try reloading with a larger context length or shortening the prompt/chat.'}","The following errors were found:

One of definitions are not completed. Please, check whether all rules are correctly written.
Recall that a rule of inference starts with a numeber, followed by . (reference line), the truth value of the formula (T or F), has a formula and the justification (premise, conclusion or one of the inference rules with its formula references).Sintax error:
Error Type: BadRequestError. ERRO: Error code: 400 - {'error': 'Reached context length of 8000 tokens, but this model does not currently support mid-generation context overflow because arch is gpt-oss. Try reloading with a larger context length or shortening the prompt/chat.'}
^
",248.15245509147644,error,,
"Ax ~(B(x)&~C(x)), Ex ~C(x) |- Ex ~B(x)","[{'role': 'system', 'content': ""\nYou are an expert in logic using the semantic Tableaux method. \nYou will receive a first order logic formula and must prove its validity using the semantic tableau method, represent the proof in a Fitch-like notation, following these formatting instructions:\n\n### FORMAT OF PROOF LINES: \nExpanding proof line must be structured like: '<line_number>. <T_or_F> <formula> <origin>'\n- <line_number>: sequential integer, always ending with a dot ('1.', '2.', '3.', ...)\n- <T_or_F> → T for true formulas, F for false formulas. \n- <formula>: the formula derived on that line\n- <origin> is exactly one of:\n    pre (for premises)\n    conclusion (for the conclusion)\n    a comma-separated list of line numbers indicating the formula(s) used to derive the current line (e.g. '1', '3', '1,3')\n\n### BRANCHING FORMAT \nUse curly braces { and } to open and close branches. \n{ must appear immediately after the line number that opens a branch (e.g. '8.{ F A|B 3') \n} must appear at the end of the line that closes that branch (e.g. '12. @ 5,7}'). Exception: the main (initial) branch does not require a closing }, since it is not opened by {.\nBranches may be nested. But a formula may only be used at a given point if it appeared earlier in the same branch or an outer (enclosing) branch to the current branch. Formulas from closed branches or sibling branches must not be used.\n\n### SYMBOLS \nUse the following symbols for logical operations: \n & = conjunction (and), \n | = disjunction (or), \n ~ = negation (not), \n -> = implication (implies).\n\nQuantifiers symbols:  \n    Ax represents ∀x  \n    Ex represents ∃x\nSo formulas with ∀x and ∃x will be represented by Ax and Ex (A and E followed by the variable x). For example, Ax (H(x)->M(x)) represents ∀x (H(x)→M(x)).\n\n###CONVENTIONS\nAtoms: only uppercase letters not immediately followed by parentesis (e.g. P, Q, R).\nPredicates: uppercase letters immediately followed by parentesis (e.g. H(x), M(y), Q(a,b) ). All predicates must use parentheses.\nVariables: first letter in lowercase, can be followed by letters and numbers (e.g., x, x0, xP0).\n\nWrite only the final proof in <proof>...</proof> tags. Only use <proof>...</proof> tags ONCE. Omit names of the rules. Only use these symbols inside the proof '&' , '->', '~', '|', '@', '(', ')', '{', '}', 'Ax', 'Ex'.\nDo not include explanations, commentary, or extra text inside and outside the <proof>...</proof> tags.\n""}, {'role': 'user', 'content': ""Prove 'Ex P(x), Ax (P(x)->Q(x)) |- Ex Q(x)', using the analytical tableau method. Final answer using the notation described. ""}, {'role': 'assistant', 'content': ' <proof>\n                        1. T Ex P(x) pre\n                        2. T Ax (P(x)->Q(x)) pre\n                        3. F Ex Q(x) conclusion\n                        4. T P(a) 1 \n                        5. T (P(a)->Q(a)) 2 \n                        6. F Q(a) 3 \n                        7.{ F P(a) 5 \n                        8. @ 4,7}    \n                        9.{ T Q(a) 5 \n                        10. @ 6,9}   \n                    </proof>'}, {'role': 'user', 'content': ""Prove 'Ax (P(x)|P(x)) |- Ax P(x)', using the analytical tableau method. Final answer using the notation described.""}, {'role': 'assistant', 'content': ' <proof>\n                            1. T Ax (P(x)|P(x)) pre \n                            2. F Ax P(x) conclusion\n                            3. F P(a) 2          \n                            4. T (P(a)|P(a)) 1   \n                            5.{ T P(a) 4         \n                            6. @ 3,5}            \n                            7.{ T P(a) 4         \n                            8. @ 3,7}            \n                        </proof>'}, {'role': 'user', 'content': ""Prove'Ax ~(B(x)&~C(x)), Ex ~C(x) |- Ex ~B(x)' using the analytical tableau method. Only one final answer, surrounded by <proof>...</proof>, using the notation described.""}]","<proof>
1. T Ax ¬(B(x)&~C(x)) pre
2. T Ex ~C(x) pre
3. F Ex ~B(x) conclusion
4. T Ax ~~B(x) 3
5. T ~C(a) 2
6. T ¬(B(a)&~C(a)) 1
7. T ~~B(a) 4
8.{ F B(a) 6
9. T B(a) 7
10. @ 8,9}
11.{ F ~C(a) 6
12. @ 5,11}
</proof>","1. T Ax ¬(B(x)&~C(x)) pre
2. T Ex ~C(x) pre
3. F Ex ~B(x) conclusion
4. T Ax ~~B(x) 3
5. T ~C(a) 2
6. T ¬(B(a)&~C(a)) 1
7. T ~~B(a) 4
8.{ F B(a) 6
9. T B(a) 7
10. @ 8,9}
11.{ F ~C(a) 6
12. @ 5,11}","The following errors were found:

One of definitions are not completed. Please, check whether all rules are correctly written.
Recall that a rule of inference starts with a numeber, followed by . (reference line), the truth value of the formula (T or F), has a formula and the justification (premise, conclusion or one of the inference rules with its formula references).Sintax error:
1. T Ax ¬(B(x)&~C(x)) pre
        ^ Symbol does not belongs to the language.
",70.20603108406067,stop,1050.0,2041.0
"Ax (~B(x)|C(x)), Ex B(x) |- Ex C(x)","[{'role': 'system', 'content': ""\nYou are an expert in logic using the semantic Tableaux method. \nYou will receive a first order logic formula and must prove its validity using the semantic tableau method, represent the proof in a Fitch-like notation, following these formatting instructions:\n\n### FORMAT OF PROOF LINES: \nExpanding proof line must be structured like: '<line_number>. <T_or_F> <formula> <origin>'\n- <line_number>: sequential integer, always ending with a dot ('1.', '2.', '3.', ...)\n- <T_or_F> → T for true formulas, F for false formulas. \n- <formula>: the formula derived on that line\n- <origin> is exactly one of:\n    pre (for premises)\n    conclusion (for the conclusion)\n    a comma-separated list of line numbers indicating the formula(s) used to derive the current line (e.g. '1', '3', '1,3')\n\n### BRANCHING FORMAT \nUse curly braces { and } to open and close branches. \n{ must appear immediately after the line number that opens a branch (e.g. '8.{ F A|B 3') \n} must appear at the end of the line that closes that branch (e.g. '12. @ 5,7}'). Exception: the main (initial) branch does not require a closing }, since it is not opened by {.\nBranches may be nested. But a formula may only be used at a given point if it appeared earlier in the same branch or an outer (enclosing) branch to the current branch. Formulas from closed branches or sibling branches must not be used.\n\n### SYMBOLS \nUse the following symbols for logical operations: \n & = conjunction (and), \n | = disjunction (or), \n ~ = negation (not), \n -> = implication (implies).\n\nQuantifiers symbols:  \n    Ax represents ∀x  \n    Ex represents ∃x\nSo formulas with ∀x and ∃x will be represented by Ax and Ex (A and E followed by the variable x). For example, Ax (H(x)->M(x)) represents ∀x (H(x)→M(x)).\n\n###CONVENTIONS\nAtoms: only uppercase letters not immediately followed by parentesis (e.g. P, Q, R).\nPredicates: uppercase letters immediately followed by parentesis (e.g. H(x), M(y), Q(a,b) ). All predicates must use parentheses.\nVariables: first letter in lowercase, can be followed by letters and numbers (e.g., x, x0, xP0).\n\nWrite only the final proof in <proof>...</proof> tags. Only use <proof>...</proof> tags ONCE. Omit names of the rules. Only use these symbols inside the proof '&' , '->', '~', '|', '@', '(', ')', '{', '}', 'Ax', 'Ex'.\nDo not include explanations, commentary, or extra text inside and outside the <proof>...</proof> tags.\n""}, {'role': 'user', 'content': ""Prove 'Ex P(x), Ax (P(x)->Q(x)) |- Ex Q(x)', using the analytical tableau method. Final answer using the notation described. ""}, {'role': 'assistant', 'content': ' <proof>\n                        1. T Ex P(x) pre\n                        2. T Ax (P(x)->Q(x)) pre\n                        3. F Ex Q(x) conclusion\n                        4. T P(a) 1 \n                        5. T (P(a)->Q(a)) 2 \n                        6. F Q(a) 3 \n                        7.{ F P(a) 5 \n                        8. @ 4,7}    \n                        9.{ T Q(a) 5 \n                        10. @ 6,9}   \n                    </proof>'}, {'role': 'user', 'content': ""Prove 'Ax (P(x)|P(x)) |- Ax P(x)', using the analytical tableau method. Final answer using the notation described.""}, {'role': 'assistant', 'content': ' <proof>\n                            1. T Ax (P(x)|P(x)) pre \n                            2. F Ax P(x) conclusion\n                            3. F P(a) 2          \n                            4. T (P(a)|P(a)) 1   \n                            5.{ T P(a) 4         \n                            6. @ 3,5}            \n                            7.{ T P(a) 4         \n                            8. @ 3,7}            \n                        </proof>'}, {'role': 'user', 'content': ""Prove'Ax (~B(x)|C(x)), Ex B(x) |- Ex C(x)' using the analytical tableau method. Only one final answer, surrounded by <proof>...</proof>, using the notation described.""}]","<proof>
1. T Ax (~B(x)|C(x)) pre
2. T Ex B(x) pre
3. F Ex C(x) conclusion
4. T B(a) 2
5. T (~B(a)|C(a)) 1
6.{ T ~B(a) 5
7. @ 4,6}
8.{ T C(a) 5
9. F C(a) 3
10. @ 8,9}
</proof>","1. T Ax (~B(x)|C(x)) pre
2. T Ex B(x) pre
3. F Ex C(x) conclusion
4. T B(a) 2
5. T (~B(a)|C(a)) 1
6.{ T ~B(a) 5
7. @ 4,6}
8.{ T C(a) 5
9. F C(a) 3
10. @ 8,9}","The following errors were found:

Error in line 7:
7. @ 4,6}
     ^, None of the formulas referenced by the lines contradict the other formula.",105.89903163909912,stop,1047.0,3084.0
"Ax (B(x)|C(x)), Ex ~B(x) |- Ex C(x)","[{'role': 'system', 'content': ""\nYou are an expert in logic using the semantic Tableaux method. \nYou will receive a first order logic formula and must prove its validity using the semantic tableau method, represent the proof in a Fitch-like notation, following these formatting instructions:\n\n### FORMAT OF PROOF LINES: \nExpanding proof line must be structured like: '<line_number>. <T_or_F> <formula> <origin>'\n- <line_number>: sequential integer, always ending with a dot ('1.', '2.', '3.', ...)\n- <T_or_F> → T for true formulas, F for false formulas. \n- <formula>: the formula derived on that line\n- <origin> is exactly one of:\n    pre (for premises)\n    conclusion (for the conclusion)\n    a comma-separated list of line numbers indicating the formula(s) used to derive the current line (e.g. '1', '3', '1,3')\n\n### BRANCHING FORMAT \nUse curly braces { and } to open and close branches. \n{ must appear immediately after the line number that opens a branch (e.g. '8.{ F A|B 3') \n} must appear at the end of the line that closes that branch (e.g. '12. @ 5,7}'). Exception: the main (initial) branch does not require a closing }, since it is not opened by {.\nBranches may be nested. But a formula may only be used at a given point if it appeared earlier in the same branch or an outer (enclosing) branch to the current branch. Formulas from closed branches or sibling branches must not be used.\n\n### SYMBOLS \nUse the following symbols for logical operations: \n & = conjunction (and), \n | = disjunction (or), \n ~ = negation (not), \n -> = implication (implies).\n\nQuantifiers symbols:  \n    Ax represents ∀x  \n    Ex represents ∃x\nSo formulas with ∀x and ∃x will be represented by Ax and Ex (A and E followed by the variable x). For example, Ax (H(x)->M(x)) represents ∀x (H(x)→M(x)).\n\n###CONVENTIONS\nAtoms: only uppercase letters not immediately followed by parentesis (e.g. P, Q, R).\nPredicates: uppercase letters immediately followed by parentesis (e.g. H(x), M(y), Q(a,b) ). All predicates must use parentheses.\nVariables: first letter in lowercase, can be followed by letters and numbers (e.g., x, x0, xP0).\n\nWrite only the final proof in <proof>...</proof> tags. Only use <proof>...</proof> tags ONCE. Omit names of the rules. Only use these symbols inside the proof '&' , '->', '~', '|', '@', '(', ')', '{', '}', 'Ax', 'Ex'.\nDo not include explanations, commentary, or extra text inside and outside the <proof>...</proof> tags.\n""}, {'role': 'user', 'content': ""Prove 'Ex P(x), Ax (P(x)->Q(x)) |- Ex Q(x)', using the analytical tableau method. Final answer using the notation described. ""}, {'role': 'assistant', 'content': ' <proof>\n                        1. T Ex P(x) pre\n                        2. T Ax (P(x)->Q(x)) pre\n                        3. F Ex Q(x) conclusion\n                        4. T P(a) 1 \n                        5. T (P(a)->Q(a)) 2 \n                        6. F Q(a) 3 \n                        7.{ F P(a) 5 \n                        8. @ 4,7}    \n                        9.{ T Q(a) 5 \n                        10. @ 6,9}   \n                    </proof>'}, {'role': 'user', 'content': ""Prove 'Ax (P(x)|P(x)) |- Ax P(x)', using the analytical tableau method. Final answer using the notation described.""}, {'role': 'assistant', 'content': ' <proof>\n                            1. T Ax (P(x)|P(x)) pre \n                            2. F Ax P(x) conclusion\n                            3. F P(a) 2          \n                            4. T (P(a)|P(a)) 1   \n                            5.{ T P(a) 4         \n                            6. @ 3,5}            \n                            7.{ T P(a) 4         \n                            8. @ 3,7}            \n                        </proof>'}, {'role': 'user', 'content': ""Prove'Ax (B(x)|C(x)), Ex ~B(x) |- Ex C(x)' using the analytical tableau method. Only one final answer, surrounded by <proof>...</proof>, using the notation described.""}]","<proof>
1. T Ax (B(x)|C(x)) pre
2. T Ex ~B(x) pre
3. F Ex C(x) conclusion
4. T ~B(a) 2
5. T Ax ~C(x) 3
6. T ~C(a) 5
7. F C(a) 6
8. T (B(a)|C(a)) 1
9. F B(a) 4
10.{ T B(a) 8
11. @ 9,10}
12.{ T C(a) 8
13. @ 7,12}
</proof>","1. T Ax (B(x)|C(x)) pre
2. T Ex ~B(x) pre
3. F Ex C(x) conclusion
4. T ~B(a) 2
5. T Ax ~C(x) 3
6. T ~C(a) 5
7. F C(a) 6
8. T (B(a)|C(a)) 1
9. F B(a) 4
10.{ T B(a) 8
11. @ 9,10}
12.{ T C(a) 8
13. @ 7,12}","The following errors were found:

Error in line 5:
5. T Ax ~C(x) 3
   ^, The truth value should be F for this rule.
Error in line 5:
5. T Ax ~C(x) 3
     ^, Formula referenced in line 3 is not a existential formula with truth-value T.
Error in line 5:
5. T Ax ~C(x) 3
     ^, Formula Ax ~C(x) is not a valid substitutuion for the existential formula referenced in the line 3.",84.68251132965088,stop,1048.0,2489.0
"Ax (B(x)->C(x)), Ax (C(x)->D(x)) |- Ax (B(x)->D(x))","[{'role': 'system', 'content': ""\nYou are an expert in logic using the semantic Tableaux method. \nYou will receive a first order logic formula and must prove its validity using the semantic tableau method, represent the proof in a Fitch-like notation, following these formatting instructions:\n\n### FORMAT OF PROOF LINES: \nExpanding proof line must be structured like: '<line_number>. <T_or_F> <formula> <origin>'\n- <line_number>: sequential integer, always ending with a dot ('1.', '2.', '3.', ...)\n- <T_or_F> → T for true formulas, F for false formulas. \n- <formula>: the formula derived on that line\n- <origin> is exactly one of:\n    pre (for premises)\n    conclusion (for the conclusion)\n    a comma-separated list of line numbers indicating the formula(s) used to derive the current line (e.g. '1', '3', '1,3')\n\n### BRANCHING FORMAT \nUse curly braces { and } to open and close branches. \n{ must appear immediately after the line number that opens a branch (e.g. '8.{ F A|B 3') \n} must appear at the end of the line that closes that branch (e.g. '12. @ 5,7}'). Exception: the main (initial) branch does not require a closing }, since it is not opened by {.\nBranches may be nested. But a formula may only be used at a given point if it appeared earlier in the same branch or an outer (enclosing) branch to the current branch. Formulas from closed branches or sibling branches must not be used.\n\n### SYMBOLS \nUse the following symbols for logical operations: \n & = conjunction (and), \n | = disjunction (or), \n ~ = negation (not), \n -> = implication (implies).\n\nQuantifiers symbols:  \n    Ax represents ∀x  \n    Ex represents ∃x\nSo formulas with ∀x and ∃x will be represented by Ax and Ex (A and E followed by the variable x). For example, Ax (H(x)->M(x)) represents ∀x (H(x)→M(x)).\n\n###CONVENTIONS\nAtoms: only uppercase letters not immediately followed by parentesis (e.g. P, Q, R).\nPredicates: uppercase letters immediately followed by parentesis (e.g. H(x), M(y), Q(a,b) ). All predicates must use parentheses.\nVariables: first letter in lowercase, can be followed by letters and numbers (e.g., x, x0, xP0).\n\nWrite only the final proof in <proof>...</proof> tags. Only use <proof>...</proof> tags ONCE. Omit names of the rules. Only use these symbols inside the proof '&' , '->', '~', '|', '@', '(', ')', '{', '}', 'Ax', 'Ex'.\nDo not include explanations, commentary, or extra text inside and outside the <proof>...</proof> tags.\n""}, {'role': 'user', 'content': ""Prove 'Ex P(x), Ax (P(x)->Q(x)) |- Ex Q(x)', using the analytical tableau method. Final answer using the notation described. ""}, {'role': 'assistant', 'content': ' <proof>\n                        1. T Ex P(x) pre\n                        2. T Ax (P(x)->Q(x)) pre\n                        3. F Ex Q(x) conclusion\n                        4. T P(a) 1 \n                        5. T (P(a)->Q(a)) 2 \n                        6. F Q(a) 3 \n                        7.{ F P(a) 5 \n                        8. @ 4,7}    \n                        9.{ T Q(a) 5 \n                        10. @ 6,9}   \n                    </proof>'}, {'role': 'user', 'content': ""Prove 'Ax (P(x)|P(x)) |- Ax P(x)', using the analytical tableau method. Final answer using the notation described.""}, {'role': 'assistant', 'content': ' <proof>\n                            1. T Ax (P(x)|P(x)) pre \n                            2. F Ax P(x) conclusion\n                            3. F P(a) 2          \n                            4. T (P(a)|P(a)) 1   \n                            5.{ T P(a) 4         \n                            6. @ 3,5}            \n                            7.{ T P(a) 4         \n                            8. @ 3,7}            \n                        </proof>'}, {'role': 'user', 'content': ""Prove'Ax (B(x)->C(x)), Ax (C(x)->D(x)) |- Ax (B(x)->D(x))' using the analytical tableau method. Only one final answer, surrounded by <proof>...</proof>, using the notation described.""}]","<proof>
1. T Ax (B(x)->C(x)) pre
2. T Ax (C(x)->D(x)) pre
3. F Ax (B(x)->D(x)) conclusion
4. F (B(a)->D(a)) 3
5. T B(a) 4
6. F D(a) 4
7. T (B(a)->C(a)) 1
8. T (C(a)->D(a)) 2
9.{ F B(a) 7
10. @ 5,9}
11.{ T C(a) 7
12.{ F C(a) 8
13. @ 11,12}
14.{ T D(a) 8
15. @ 6,14}
</proof>","1. T Ax (B(x)->C(x)) pre
2. T Ax (C(x)->D(x)) pre
3. F Ax (B(x)->D(x)) conclusion
4. F (B(a)->D(a)) 3
5. T B(a) 4
6. F D(a) 4
7. T (B(a)->C(a)) 1
8. T (C(a)->D(a)) 2
9.{ F B(a) 7
10. @ 5,9}
11.{ T C(a) 7
12.{ F C(a) 8
13. @ 11,12}
14.{ T D(a) 8
15. @ 6,14}","The following errors were found:

Error in line 11:
11.{ T C(a) 7
       ^,The open branch must be closed.",64.70875024795532,stop,1056.0,1914.0
"Ax (B(x)|C(x)), Ax (B(x)->D(x)), Ax (C(x)->D(x)) |- Ax D(x)","[{'role': 'system', 'content': ""\nYou are an expert in logic using the semantic Tableaux method. \nYou will receive a first order logic formula and must prove its validity using the semantic tableau method, represent the proof in a Fitch-like notation, following these formatting instructions:\n\n### FORMAT OF PROOF LINES: \nExpanding proof line must be structured like: '<line_number>. <T_or_F> <formula> <origin>'\n- <line_number>: sequential integer, always ending with a dot ('1.', '2.', '3.', ...)\n- <T_or_F> → T for true formulas, F for false formulas. \n- <formula>: the formula derived on that line\n- <origin> is exactly one of:\n    pre (for premises)\n    conclusion (for the conclusion)\n    a comma-separated list of line numbers indicating the formula(s) used to derive the current line (e.g. '1', '3', '1,3')\n\n### BRANCHING FORMAT \nUse curly braces { and } to open and close branches. \n{ must appear immediately after the line number that opens a branch (e.g. '8.{ F A|B 3') \n} must appear at the end of the line that closes that branch (e.g. '12. @ 5,7}'). Exception: the main (initial) branch does not require a closing }, since it is not opened by {.\nBranches may be nested. But a formula may only be used at a given point if it appeared earlier in the same branch or an outer (enclosing) branch to the current branch. Formulas from closed branches or sibling branches must not be used.\n\n### SYMBOLS \nUse the following symbols for logical operations: \n & = conjunction (and), \n | = disjunction (or), \n ~ = negation (not), \n -> = implication (implies).\n\nQuantifiers symbols:  \n    Ax represents ∀x  \n    Ex represents ∃x\nSo formulas with ∀x and ∃x will be represented by Ax and Ex (A and E followed by the variable x). For example, Ax (H(x)->M(x)) represents ∀x (H(x)→M(x)).\n\n###CONVENTIONS\nAtoms: only uppercase letters not immediately followed by parentesis (e.g. P, Q, R).\nPredicates: uppercase letters immediately followed by parentesis (e.g. H(x), M(y), Q(a,b) ). All predicates must use parentheses.\nVariables: first letter in lowercase, can be followed by letters and numbers (e.g., x, x0, xP0).\n\nWrite only the final proof in <proof>...</proof> tags. Only use <proof>...</proof> tags ONCE. Omit names of the rules. Only use these symbols inside the proof '&' , '->', '~', '|', '@', '(', ')', '{', '}', 'Ax', 'Ex'.\nDo not include explanations, commentary, or extra text inside and outside the <proof>...</proof> tags.\n""}, {'role': 'user', 'content': ""Prove 'Ex P(x), Ax (P(x)->Q(x)) |- Ex Q(x)', using the analytical tableau method. Final answer using the notation described. ""}, {'role': 'assistant', 'content': ' <proof>\n                        1. T Ex P(x) pre\n                        2. T Ax (P(x)->Q(x)) pre\n                        3. F Ex Q(x) conclusion\n                        4. T P(a) 1 \n                        5. T (P(a)->Q(a)) 2 \n                        6. F Q(a) 3 \n                        7.{ F P(a) 5 \n                        8. @ 4,7}    \n                        9.{ T Q(a) 5 \n                        10. @ 6,9}   \n                    </proof>'}, {'role': 'user', 'content': ""Prove 'Ax (P(x)|P(x)) |- Ax P(x)', using the analytical tableau method. Final answer using the notation described.""}, {'role': 'assistant', 'content': ' <proof>\n                            1. T Ax (P(x)|P(x)) pre \n                            2. F Ax P(x) conclusion\n                            3. F P(a) 2          \n                            4. T (P(a)|P(a)) 1   \n                            5.{ T P(a) 4         \n                            6. @ 3,5}            \n                            7.{ T P(a) 4         \n                            8. @ 3,7}            \n                        </proof>'}, {'role': 'user', 'content': ""Prove'Ax (B(x)|C(x)), Ax (B(x)->D(x)), Ax (C(x)->D(x)) |- Ax D(x)' using the analytical tableau method. Only one final answer, surrounded by <proof>...</proof>, using the notation described.""}]","<proof>
1. T Ax (B(x)|C(x)) pre
2. T Ax (B(x)->D(x)) pre
3. T Ax (C(x)->D(x)) pre
4. F Ax D(x) conclusion
5. F D(a) 4
6. T (B(a)|C(a)) 1
7. T (B(a)->D(a)) 2
8. T (C(a)->D(a)) 3
9.{ F B(a) 7
10.    { F C(a) 8
11.        { T B(a) 6
12.            @ 9,11}
13.        { T C(a) 6
14.            @ 10,13} } }
15.{ T D(a) 7
16.    @ 5,15}
17.{ T D(a) 8
18.    @ 5,17}
</proof>","1. T Ax (B(x)|C(x)) pre
2. T Ax (B(x)->D(x)) pre
3. T Ax (C(x)->D(x)) pre
4. F Ax D(x) conclusion
5. F D(a) 4
6. T (B(a)|C(a)) 1
7. T (B(a)->D(a)) 2
8. T (C(a)->D(a)) 3
9.{ F B(a) 7
10.    { F C(a) 8
11.        { T B(a) 6
12.            @ 9,11}
13.        { T C(a) 6
14.            @ 10,13} } }
15.{ T D(a) 7
16.    @ 5,15}
17.{ T D(a) 8
18.    @ 5,17}","The following errors were found:

Error in line 9:
9.{ F B(a) 7
^, A beta rule must have exactly two branches.
Error in line 10:
10.    { F C(a) 8
^, A beta rule must have exactly two branches.
Error in line 15:
15.{ T D(a) 7
^, A beta rule must have exactly two branches.
Error in line 17:
17.{ T D(a) 8
^, A beta rule must have exactly two branches.",134.72183346748352,stop,1059.0,3904.0
Ax (B(x)->C(x)) |- Ax (~C(x)->~B(x)),"[{'role': 'system', 'content': ""\nYou are an expert in logic using the semantic Tableaux method. \nYou will receive a first order logic formula and must prove its validity using the semantic tableau method, represent the proof in a Fitch-like notation, following these formatting instructions:\n\n### FORMAT OF PROOF LINES: \nExpanding proof line must be structured like: '<line_number>. <T_or_F> <formula> <origin>'\n- <line_number>: sequential integer, always ending with a dot ('1.', '2.', '3.', ...)\n- <T_or_F> → T for true formulas, F for false formulas. \n- <formula>: the formula derived on that line\n- <origin> is exactly one of:\n    pre (for premises)\n    conclusion (for the conclusion)\n    a comma-separated list of line numbers indicating the formula(s) used to derive the current line (e.g. '1', '3', '1,3')\n\n### BRANCHING FORMAT \nUse curly braces { and } to open and close branches. \n{ must appear immediately after the line number that opens a branch (e.g. '8.{ F A|B 3') \n} must appear at the end of the line that closes that branch (e.g. '12. @ 5,7}'). Exception: the main (initial) branch does not require a closing }, since it is not opened by {.\nBranches may be nested. But a formula may only be used at a given point if it appeared earlier in the same branch or an outer (enclosing) branch to the current branch. Formulas from closed branches or sibling branches must not be used.\n\n### SYMBOLS \nUse the following symbols for logical operations: \n & = conjunction (and), \n | = disjunction (or), \n ~ = negation (not), \n -> = implication (implies).\n\nQuantifiers symbols:  \n    Ax represents ∀x  \n    Ex represents ∃x\nSo formulas with ∀x and ∃x will be represented by Ax and Ex (A and E followed by the variable x). For example, Ax (H(x)->M(x)) represents ∀x (H(x)→M(x)).\n\n###CONVENTIONS\nAtoms: only uppercase letters not immediately followed by parentesis (e.g. P, Q, R).\nPredicates: uppercase letters immediately followed by parentesis (e.g. H(x), M(y), Q(a,b) ). All predicates must use parentheses.\nVariables: first letter in lowercase, can be followed by letters and numbers (e.g., x, x0, xP0).\n\nWrite only the final proof in <proof>...</proof> tags. Only use <proof>...</proof> tags ONCE. Omit names of the rules. Only use these symbols inside the proof '&' , '->', '~', '|', '@', '(', ')', '{', '}', 'Ax', 'Ex'.\nDo not include explanations, commentary, or extra text inside and outside the <proof>...</proof> tags.\n""}, {'role': 'user', 'content': ""Prove 'Ex P(x), Ax (P(x)->Q(x)) |- Ex Q(x)', using the analytical tableau method. Final answer using the notation described. ""}, {'role': 'assistant', 'content': ' <proof>\n                        1. T Ex P(x) pre\n                        2. T Ax (P(x)->Q(x)) pre\n                        3. F Ex Q(x) conclusion\n                        4. T P(a) 1 \n                        5. T (P(a)->Q(a)) 2 \n                        6. F Q(a) 3 \n                        7.{ F P(a) 5 \n                        8. @ 4,7}    \n                        9.{ T Q(a) 5 \n                        10. @ 6,9}   \n                    </proof>'}, {'role': 'user', 'content': ""Prove 'Ax (P(x)|P(x)) |- Ax P(x)', using the analytical tableau method. Final answer using the notation described.""}, {'role': 'assistant', 'content': ' <proof>\n                            1. T Ax (P(x)|P(x)) pre \n                            2. F Ax P(x) conclusion\n                            3. F P(a) 2          \n                            4. T (P(a)|P(a)) 1   \n                            5.{ T P(a) 4         \n                            6. @ 3,5}            \n                            7.{ T P(a) 4         \n                            8. @ 3,7}            \n                        </proof>'}, {'role': 'user', 'content': ""Prove'Ax (B(x)->C(x)) |- Ax (~C(x)->~B(x))' using the analytical tableau method. Only one final answer, surrounded by <proof>...</proof>, using the notation described.""}]","<proof>
1. T Ax (B(x)->C(x)) pre
2. F Ax (~C(x)->~B(x)) conclusion
3. F (~C(a)->~B(a)) 2
4. T ~C(a) 3
5. F ~B(a) 3
6. F C(a) 4
7. T B(a) 5
8. T (B(a)->C(a)) 1
9.{ F B(a) 8
10. @ 7,9}
11.{ T C(a) 8
12. @ 6,11}
</proof>","1. T Ax (B(x)->C(x)) pre
2. F Ax (~C(x)->~B(x)) conclusion
3. F (~C(a)->~B(a)) 2
4. T ~C(a) 3
5. F ~B(a) 3
6. F C(a) 4
7. T B(a) 5
8. T (B(a)->C(a)) 1
9.{ F B(a) 8
10. @ 7,9}
11.{ T C(a) 8
12. @ 6,11}",The proof is valid.,46.300206899642944,stop,1049.0,1376.0
Ax (~B(x)->~C(x)) |- Ax (C(x)->B(x)),"[{'role': 'system', 'content': ""\nYou are an expert in logic using the semantic Tableaux method. \nYou will receive a first order logic formula and must prove its validity using the semantic tableau method, represent the proof in a Fitch-like notation, following these formatting instructions:\n\n### FORMAT OF PROOF LINES: \nExpanding proof line must be structured like: '<line_number>. <T_or_F> <formula> <origin>'\n- <line_number>: sequential integer, always ending with a dot ('1.', '2.', '3.', ...)\n- <T_or_F> → T for true formulas, F for false formulas. \n- <formula>: the formula derived on that line\n- <origin> is exactly one of:\n    pre (for premises)\n    conclusion (for the conclusion)\n    a comma-separated list of line numbers indicating the formula(s) used to derive the current line (e.g. '1', '3', '1,3')\n\n### BRANCHING FORMAT \nUse curly braces { and } to open and close branches. \n{ must appear immediately after the line number that opens a branch (e.g. '8.{ F A|B 3') \n} must appear at the end of the line that closes that branch (e.g. '12. @ 5,7}'). Exception: the main (initial) branch does not require a closing }, since it is not opened by {.\nBranches may be nested. But a formula may only be used at a given point if it appeared earlier in the same branch or an outer (enclosing) branch to the current branch. Formulas from closed branches or sibling branches must not be used.\n\n### SYMBOLS \nUse the following symbols for logical operations: \n & = conjunction (and), \n | = disjunction (or), \n ~ = negation (not), \n -> = implication (implies).\n\nQuantifiers symbols:  \n    Ax represents ∀x  \n    Ex represents ∃x\nSo formulas with ∀x and ∃x will be represented by Ax and Ex (A and E followed by the variable x). For example, Ax (H(x)->M(x)) represents ∀x (H(x)→M(x)).\n\n###CONVENTIONS\nAtoms: only uppercase letters not immediately followed by parentesis (e.g. P, Q, R).\nPredicates: uppercase letters immediately followed by parentesis (e.g. H(x), M(y), Q(a,b) ). All predicates must use parentheses.\nVariables: first letter in lowercase, can be followed by letters and numbers (e.g., x, x0, xP0).\n\nWrite only the final proof in <proof>...</proof> tags. Only use <proof>...</proof> tags ONCE. Omit names of the rules. Only use these symbols inside the proof '&' , '->', '~', '|', '@', '(', ')', '{', '}', 'Ax', 'Ex'.\nDo not include explanations, commentary, or extra text inside and outside the <proof>...</proof> tags.\n""}, {'role': 'user', 'content': ""Prove 'Ex P(x), Ax (P(x)->Q(x)) |- Ex Q(x)', using the analytical tableau method. Final answer using the notation described. ""}, {'role': 'assistant', 'content': ' <proof>\n                        1. T Ex P(x) pre\n                        2. T Ax (P(x)->Q(x)) pre\n                        3. F Ex Q(x) conclusion\n                        4. T P(a) 1 \n                        5. T (P(a)->Q(a)) 2 \n                        6. F Q(a) 3 \n                        7.{ F P(a) 5 \n                        8. @ 4,7}    \n                        9.{ T Q(a) 5 \n                        10. @ 6,9}   \n                    </proof>'}, {'role': 'user', 'content': ""Prove 'Ax (P(x)|P(x)) |- Ax P(x)', using the analytical tableau method. Final answer using the notation described.""}, {'role': 'assistant', 'content': ' <proof>\n                            1. T Ax (P(x)|P(x)) pre \n                            2. F Ax P(x) conclusion\n                            3. F P(a) 2          \n                            4. T (P(a)|P(a)) 1   \n                            5.{ T P(a) 4         \n                            6. @ 3,5}            \n                            7.{ T P(a) 4         \n                            8. @ 3,7}            \n                        </proof>'}, {'role': 'user', 'content': ""Prove'Ax (~B(x)->~C(x)) |- Ax (C(x)->B(x))' using the analytical tableau method. Only one final answer, surrounded by <proof>...</proof>, using the notation described.""}]","<proof>
1. T Ax (~B(x)->~C(x)) pre
2. F Ax (C(x)->B(x)) conclusion
3. F (C(a)->B(a)) 2
4. T C(a) 3
5. F B(a) 3
6. T (~B(a)->~C(a)) 1
7.{ T B(a) 6
8. @ 5,7}
9.{ T ~C(a) 6
10. @ 4,9}
</proof>","1. T Ax (~B(x)->~C(x)) pre
2. F Ax (C(x)->B(x)) conclusion
3. F (C(a)->B(a)) 2
4. T C(a) 3
5. F B(a) 3
6. T (~B(a)->~C(a)) 1
7.{ T B(a) 6
8. @ 5,7}
9.{ T ~C(a) 6
10. @ 4,9}","The following errors were found:

Error in line 7:
7.{ T B(a) 6
    ^, Formula B(a) (conclusion of the rule) must be the antecedent or consequent of the implication of the referenced formula.
Error in line 9:
9.{ T ~C(a) 6
^, There should be a previous branch, starting with the rule ->T with the formula ~B(a).
Error in line 10:
10. @ 4,9}
      ^, None of the formulas referenced by the lines contradict the other formula.",43.162856340408325,stop,1049.0,1290.0
Ax (B(x)->C(x)) |- Ax (~B(x)|C(x)),"[{'role': 'system', 'content': ""\nYou are an expert in logic using the semantic Tableaux method. \nYou will receive a first order logic formula and must prove its validity using the semantic tableau method, represent the proof in a Fitch-like notation, following these formatting instructions:\n\n### FORMAT OF PROOF LINES: \nExpanding proof line must be structured like: '<line_number>. <T_or_F> <formula> <origin>'\n- <line_number>: sequential integer, always ending with a dot ('1.', '2.', '3.', ...)\n- <T_or_F> → T for true formulas, F for false formulas. \n- <formula>: the formula derived on that line\n- <origin> is exactly one of:\n    pre (for premises)\n    conclusion (for the conclusion)\n    a comma-separated list of line numbers indicating the formula(s) used to derive the current line (e.g. '1', '3', '1,3')\n\n### BRANCHING FORMAT \nUse curly braces { and } to open and close branches. \n{ must appear immediately after the line number that opens a branch (e.g. '8.{ F A|B 3') \n} must appear at the end of the line that closes that branch (e.g. '12. @ 5,7}'). Exception: the main (initial) branch does not require a closing }, since it is not opened by {.\nBranches may be nested. But a formula may only be used at a given point if it appeared earlier in the same branch or an outer (enclosing) branch to the current branch. Formulas from closed branches or sibling branches must not be used.\n\n### SYMBOLS \nUse the following symbols for logical operations: \n & = conjunction (and), \n | = disjunction (or), \n ~ = negation (not), \n -> = implication (implies).\n\nQuantifiers symbols:  \n    Ax represents ∀x  \n    Ex represents ∃x\nSo formulas with ∀x and ∃x will be represented by Ax and Ex (A and E followed by the variable x). For example, Ax (H(x)->M(x)) represents ∀x (H(x)→M(x)).\n\n###CONVENTIONS\nAtoms: only uppercase letters not immediately followed by parentesis (e.g. P, Q, R).\nPredicates: uppercase letters immediately followed by parentesis (e.g. H(x), M(y), Q(a,b) ). All predicates must use parentheses.\nVariables: first letter in lowercase, can be followed by letters and numbers (e.g., x, x0, xP0).\n\nWrite only the final proof in <proof>...</proof> tags. Only use <proof>...</proof> tags ONCE. Omit names of the rules. Only use these symbols inside the proof '&' , '->', '~', '|', '@', '(', ')', '{', '}', 'Ax', 'Ex'.\nDo not include explanations, commentary, or extra text inside and outside the <proof>...</proof> tags.\n""}, {'role': 'user', 'content': ""Prove 'Ex P(x), Ax (P(x)->Q(x)) |- Ex Q(x)', using the analytical tableau method. Final answer using the notation described. ""}, {'role': 'assistant', 'content': ' <proof>\n                        1. T Ex P(x) pre\n                        2. T Ax (P(x)->Q(x)) pre\n                        3. F Ex Q(x) conclusion\n                        4. T P(a) 1 \n                        5. T (P(a)->Q(a)) 2 \n                        6. F Q(a) 3 \n                        7.{ F P(a) 5 \n                        8. @ 4,7}    \n                        9.{ T Q(a) 5 \n                        10. @ 6,9}   \n                    </proof>'}, {'role': 'user', 'content': ""Prove 'Ax (P(x)|P(x)) |- Ax P(x)', using the analytical tableau method. Final answer using the notation described.""}, {'role': 'assistant', 'content': ' <proof>\n                            1. T Ax (P(x)|P(x)) pre \n                            2. F Ax P(x) conclusion\n                            3. F P(a) 2          \n                            4. T (P(a)|P(a)) 1   \n                            5.{ T P(a) 4         \n                            6. @ 3,5}            \n                            7.{ T P(a) 4         \n                            8. @ 3,7}            \n                        </proof>'}, {'role': 'user', 'content': ""Prove'Ax (B(x)->C(x)) |- Ax (~B(x)|C(x))' using the analytical tableau method. Only one final answer, surrounded by <proof>...</proof>, using the notation described.""}]","<proof>
1. T Ax (B(x)->C(x)) pre
2. F Ax (~B(x)|C(x)) conclusion
3. F ~B(a) 2
4. F C(a) 2
5. T (B(a)->C(a)) 1
6.{ F B(a) 5
7. T B(a) 3
8. @ 6,7}
9.{ T C(a) 5
10. @ 4,9}
</proof>","1. T Ax (B(x)->C(x)) pre
2. F Ax (~B(x)|C(x)) conclusion
3. F ~B(a) 2
4. F C(a) 2
5. T (B(a)->C(a)) 1
6.{ F B(a) 5
7. T B(a) 3
8. @ 6,7}
9.{ T C(a) 5
10. @ 4,9}","The following errors were found:

Error in line 3:
3. F ~B(a) 2
     ^, Formula ~B(a) is not a valid substitution for the universal formula referenced in line 2.
Error in line 4:
4. F C(a) 2
     ^, Formula C(a) is not a valid substitution for the universal formula referenced in line 2.",53.013458251953125,stop,1048.0,1580.0
Ax (~B(x)|C(x)) |- Ax (B(x)->C(x)),"[{'role': 'system', 'content': ""\nYou are an expert in logic using the semantic Tableaux method. \nYou will receive a first order logic formula and must prove its validity using the semantic tableau method, represent the proof in a Fitch-like notation, following these formatting instructions:\n\n### FORMAT OF PROOF LINES: \nExpanding proof line must be structured like: '<line_number>. <T_or_F> <formula> <origin>'\n- <line_number>: sequential integer, always ending with a dot ('1.', '2.', '3.', ...)\n- <T_or_F> → T for true formulas, F for false formulas. \n- <formula>: the formula derived on that line\n- <origin> is exactly one of:\n    pre (for premises)\n    conclusion (for the conclusion)\n    a comma-separated list of line numbers indicating the formula(s) used to derive the current line (e.g. '1', '3', '1,3')\n\n### BRANCHING FORMAT \nUse curly braces { and } to open and close branches. \n{ must appear immediately after the line number that opens a branch (e.g. '8.{ F A|B 3') \n} must appear at the end of the line that closes that branch (e.g. '12. @ 5,7}'). Exception: the main (initial) branch does not require a closing }, since it is not opened by {.\nBranches may be nested. But a formula may only be used at a given point if it appeared earlier in the same branch or an outer (enclosing) branch to the current branch. Formulas from closed branches or sibling branches must not be used.\n\n### SYMBOLS \nUse the following symbols for logical operations: \n & = conjunction (and), \n | = disjunction (or), \n ~ = negation (not), \n -> = implication (implies).\n\nQuantifiers symbols:  \n    Ax represents ∀x  \n    Ex represents ∃x\nSo formulas with ∀x and ∃x will be represented by Ax and Ex (A and E followed by the variable x). For example, Ax (H(x)->M(x)) represents ∀x (H(x)→M(x)).\n\n###CONVENTIONS\nAtoms: only uppercase letters not immediately followed by parentesis (e.g. P, Q, R).\nPredicates: uppercase letters immediately followed by parentesis (e.g. H(x), M(y), Q(a,b) ). All predicates must use parentheses.\nVariables: first letter in lowercase, can be followed by letters and numbers (e.g., x, x0, xP0).\n\nWrite only the final proof in <proof>...</proof> tags. Only use <proof>...</proof> tags ONCE. Omit names of the rules. Only use these symbols inside the proof '&' , '->', '~', '|', '@', '(', ')', '{', '}', 'Ax', 'Ex'.\nDo not include explanations, commentary, or extra text inside and outside the <proof>...</proof> tags.\n""}, {'role': 'user', 'content': ""Prove 'Ex P(x), Ax (P(x)->Q(x)) |- Ex Q(x)', using the analytical tableau method. Final answer using the notation described. ""}, {'role': 'assistant', 'content': ' <proof>\n                        1. T Ex P(x) pre\n                        2. T Ax (P(x)->Q(x)) pre\n                        3. F Ex Q(x) conclusion\n                        4. T P(a) 1 \n                        5. T (P(a)->Q(a)) 2 \n                        6. F Q(a) 3 \n                        7.{ F P(a) 5 \n                        8. @ 4,7}    \n                        9.{ T Q(a) 5 \n                        10. @ 6,9}   \n                    </proof>'}, {'role': 'user', 'content': ""Prove 'Ax (P(x)|P(x)) |- Ax P(x)', using the analytical tableau method. Final answer using the notation described.""}, {'role': 'assistant', 'content': ' <proof>\n                            1. T Ax (P(x)|P(x)) pre \n                            2. F Ax P(x) conclusion\n                            3. F P(a) 2          \n                            4. T (P(a)|P(a)) 1   \n                            5.{ T P(a) 4         \n                            6. @ 3,5}            \n                            7.{ T P(a) 4         \n                            8. @ 3,7}            \n                        </proof>'}, {'role': 'user', 'content': ""Prove'Ax (~B(x)|C(x)) |- Ax (B(x)->C(x))' using the analytical tableau method. Only one final answer, surrounded by <proof>...</proof>, using the notation described.""}]","<proof>
1. T Ax (~B(x)|C(x)) pre
2. F Ax (B(x)->C(x)) conclusion
3. F (B(a)->C(a)) 2
4. T B(a) 3
5. F C(a) 3
6. T (~B(a)|C(a)) 1
7.{ T ~B(a) 6
8. F B(a) 7
9. @ 4,8}
10.{ T C(a) 6
11. @ 5,10}
</proof>","1. T Ax (~B(x)|C(x)) pre
2. F Ax (B(x)->C(x)) conclusion
3. F (B(a)->C(a)) 2
4. T B(a) 3
5. F C(a) 3
6. T (~B(a)|C(a)) 1
7.{ T ~B(a) 6
8. F B(a) 7
9. @ 4,8}
10.{ T C(a) 6
11. @ 5,10}",The proof is valid.,49.80583357810974,stop,1048.0,1484.0
Ax (~B(x)|C(x)) |- Ax (~C(x)->~B(x)),"[{'role': 'system', 'content': ""\nYou are an expert in logic using the semantic Tableaux method. \nYou will receive a first order logic formula and must prove its validity using the semantic tableau method, represent the proof in a Fitch-like notation, following these formatting instructions:\n\n### FORMAT OF PROOF LINES: \nExpanding proof line must be structured like: '<line_number>. <T_or_F> <formula> <origin>'\n- <line_number>: sequential integer, always ending with a dot ('1.', '2.', '3.', ...)\n- <T_or_F> → T for true formulas, F for false formulas. \n- <formula>: the formula derived on that line\n- <origin> is exactly one of:\n    pre (for premises)\n    conclusion (for the conclusion)\n    a comma-separated list of line numbers indicating the formula(s) used to derive the current line (e.g. '1', '3', '1,3')\n\n### BRANCHING FORMAT \nUse curly braces { and } to open and close branches. \n{ must appear immediately after the line number that opens a branch (e.g. '8.{ F A|B 3') \n} must appear at the end of the line that closes that branch (e.g. '12. @ 5,7}'). Exception: the main (initial) branch does not require a closing }, since it is not opened by {.\nBranches may be nested. But a formula may only be used at a given point if it appeared earlier in the same branch or an outer (enclosing) branch to the current branch. Formulas from closed branches or sibling branches must not be used.\n\n### SYMBOLS \nUse the following symbols for logical operations: \n & = conjunction (and), \n | = disjunction (or), \n ~ = negation (not), \n -> = implication (implies).\n\nQuantifiers symbols:  \n    Ax represents ∀x  \n    Ex represents ∃x\nSo formulas with ∀x and ∃x will be represented by Ax and Ex (A and E followed by the variable x). For example, Ax (H(x)->M(x)) represents ∀x (H(x)→M(x)).\n\n###CONVENTIONS\nAtoms: only uppercase letters not immediately followed by parentesis (e.g. P, Q, R).\nPredicates: uppercase letters immediately followed by parentesis (e.g. H(x), M(y), Q(a,b) ). All predicates must use parentheses.\nVariables: first letter in lowercase, can be followed by letters and numbers (e.g., x, x0, xP0).\n\nWrite only the final proof in <proof>...</proof> tags. Only use <proof>...</proof> tags ONCE. Omit names of the rules. Only use these symbols inside the proof '&' , '->', '~', '|', '@', '(', ')', '{', '}', 'Ax', 'Ex'.\nDo not include explanations, commentary, or extra text inside and outside the <proof>...</proof> tags.\n""}, {'role': 'user', 'content': ""Prove 'Ex P(x), Ax (P(x)->Q(x)) |- Ex Q(x)', using the analytical tableau method. Final answer using the notation described. ""}, {'role': 'assistant', 'content': ' <proof>\n                        1. T Ex P(x) pre\n                        2. T Ax (P(x)->Q(x)) pre\n                        3. F Ex Q(x) conclusion\n                        4. T P(a) 1 \n                        5. T (P(a)->Q(a)) 2 \n                        6. F Q(a) 3 \n                        7.{ F P(a) 5 \n                        8. @ 4,7}    \n                        9.{ T Q(a) 5 \n                        10. @ 6,9}   \n                    </proof>'}, {'role': 'user', 'content': ""Prove 'Ax (P(x)|P(x)) |- Ax P(x)', using the analytical tableau method. Final answer using the notation described.""}, {'role': 'assistant', 'content': ' <proof>\n                            1. T Ax (P(x)|P(x)) pre \n                            2. F Ax P(x) conclusion\n                            3. F P(a) 2          \n                            4. T (P(a)|P(a)) 1   \n                            5.{ T P(a) 4         \n                            6. @ 3,5}            \n                            7.{ T P(a) 4         \n                            8. @ 3,7}            \n                        </proof>'}, {'role': 'user', 'content': ""Prove'Ax (~B(x)|C(x)) |- Ax (~C(x)->~B(x))' using the analytical tableau method. Only one final answer, surrounded by <proof>...</proof>, using the notation described.""}]","<proof>
1. T Ax (~B(x)|C(x)) pre
2. F Ax (~C(x)->~B(x)) conclusion
3. F (~C(a)->~B(a)) 2
4. T ~C(a) 3
5. F ~B(a) 3
6. T (~B(a)|C(a)) 1
7. F C(a) 4
8.{ T ~B(a) 6
9. @ 5,8}
10.{ T C(a) 6
11. @ 7,10}
</proof>","1. T Ax (~B(x)|C(x)) pre
2. F Ax (~C(x)->~B(x)) conclusion
3. F (~C(a)->~B(a)) 2
4. T ~C(a) 3
5. F ~B(a) 3
6. T (~B(a)|C(a)) 1
7. F C(a) 4
8.{ T ~B(a) 6
9. @ 5,8}
10.{ T C(a) 6
11. @ 7,10}",The proof is valid.,50.30052828788757,stop,1049.0,1498.0
Ax (~B(x)->~C(x)) |- Ax (~C(x)|B(x)),"[{'role': 'system', 'content': ""\nYou are an expert in logic using the semantic Tableaux method. \nYou will receive a first order logic formula and must prove its validity using the semantic tableau method, represent the proof in a Fitch-like notation, following these formatting instructions:\n\n### FORMAT OF PROOF LINES: \nExpanding proof line must be structured like: '<line_number>. <T_or_F> <formula> <origin>'\n- <line_number>: sequential integer, always ending with a dot ('1.', '2.', '3.', ...)\n- <T_or_F> → T for true formulas, F for false formulas. \n- <formula>: the formula derived on that line\n- <origin> is exactly one of:\n    pre (for premises)\n    conclusion (for the conclusion)\n    a comma-separated list of line numbers indicating the formula(s) used to derive the current line (e.g. '1', '3', '1,3')\n\n### BRANCHING FORMAT \nUse curly braces { and } to open and close branches. \n{ must appear immediately after the line number that opens a branch (e.g. '8.{ F A|B 3') \n} must appear at the end of the line that closes that branch (e.g. '12. @ 5,7}'). Exception: the main (initial) branch does not require a closing }, since it is not opened by {.\nBranches may be nested. But a formula may only be used at a given point if it appeared earlier in the same branch or an outer (enclosing) branch to the current branch. Formulas from closed branches or sibling branches must not be used.\n\n### SYMBOLS \nUse the following symbols for logical operations: \n & = conjunction (and), \n | = disjunction (or), \n ~ = negation (not), \n -> = implication (implies).\n\nQuantifiers symbols:  \n    Ax represents ∀x  \n    Ex represents ∃x\nSo formulas with ∀x and ∃x will be represented by Ax and Ex (A and E followed by the variable x). For example, Ax (H(x)->M(x)) represents ∀x (H(x)→M(x)).\n\n###CONVENTIONS\nAtoms: only uppercase letters not immediately followed by parentesis (e.g. P, Q, R).\nPredicates: uppercase letters immediately followed by parentesis (e.g. H(x), M(y), Q(a,b) ). All predicates must use parentheses.\nVariables: first letter in lowercase, can be followed by letters and numbers (e.g., x, x0, xP0).\n\nWrite only the final proof in <proof>...</proof> tags. Only use <proof>...</proof> tags ONCE. Omit names of the rules. Only use these symbols inside the proof '&' , '->', '~', '|', '@', '(', ')', '{', '}', 'Ax', 'Ex'.\nDo not include explanations, commentary, or extra text inside and outside the <proof>...</proof> tags.\n""}, {'role': 'user', 'content': ""Prove 'Ex P(x), Ax (P(x)->Q(x)) |- Ex Q(x)', using the analytical tableau method. Final answer using the notation described. ""}, {'role': 'assistant', 'content': ' <proof>\n                        1. T Ex P(x) pre\n                        2. T Ax (P(x)->Q(x)) pre\n                        3. F Ex Q(x) conclusion\n                        4. T P(a) 1 \n                        5. T (P(a)->Q(a)) 2 \n                        6. F Q(a) 3 \n                        7.{ F P(a) 5 \n                        8. @ 4,7}    \n                        9.{ T Q(a) 5 \n                        10. @ 6,9}   \n                    </proof>'}, {'role': 'user', 'content': ""Prove 'Ax (P(x)|P(x)) |- Ax P(x)', using the analytical tableau method. Final answer using the notation described.""}, {'role': 'assistant', 'content': ' <proof>\n                            1. T Ax (P(x)|P(x)) pre \n                            2. F Ax P(x) conclusion\n                            3. F P(a) 2          \n                            4. T (P(a)|P(a)) 1   \n                            5.{ T P(a) 4         \n                            6. @ 3,5}            \n                            7.{ T P(a) 4         \n                            8. @ 3,7}            \n                        </proof>'}, {'role': 'user', 'content': ""Prove'Ax (~B(x)->~C(x)) |- Ax (~C(x)|B(x))' using the analytical tableau method. Only one final answer, surrounded by <proof>...</proof>, using the notation described.""}]","<proof>
1. T Ax (~B(x)->~C(x)) pre
2. F Ax (~C(x)|B(x)) conclusion
3. T (~B(a)->~C(a)) 1
4. F (~C(a)|B(a)) 2
5. F ~C(a) 4
6. F B(a) 4
7.{ F ~B(a) 3
8. T B(a) 7
9. @ 6,8}
10.{ T ~C(a) 3
11. @ 5,10}
</proof>","1. T Ax (~B(x)->~C(x)) pre
2. F Ax (~C(x)|B(x)) conclusion
3. T (~B(a)->~C(a)) 1
4. F (~C(a)|B(a)) 2
5. F ~C(a) 4
6. F B(a) 4
7.{ F ~B(a) 3
8. T B(a) 7
9. @ 6,8}
10.{ T ~C(a) 3
11. @ 5,10}","The following errors were found:

Error in line 4:
4. F (~C(a)|B(a)) 2
     ^, The variable used in this formula ~C(a)|B(a) is not a new variable and therefore cannot be used in this rule.",63.8784921169281,stop,1049.0,1897.0
"Ax (B(x)&C(x)), ~Ex ~B(x) |- Ax C(x)","[{'role': 'system', 'content': ""\nYou are an expert in logic using the semantic Tableaux method. \nYou will receive a first order logic formula and must prove its validity using the semantic tableau method, represent the proof in a Fitch-like notation, following these formatting instructions:\n\n### FORMAT OF PROOF LINES: \nExpanding proof line must be structured like: '<line_number>. <T_or_F> <formula> <origin>'\n- <line_number>: sequential integer, always ending with a dot ('1.', '2.', '3.', ...)\n- <T_or_F> → T for true formulas, F for false formulas. \n- <formula>: the formula derived on that line\n- <origin> is exactly one of:\n    pre (for premises)\n    conclusion (for the conclusion)\n    a comma-separated list of line numbers indicating the formula(s) used to derive the current line (e.g. '1', '3', '1,3')\n\n### BRANCHING FORMAT \nUse curly braces { and } to open and close branches. \n{ must appear immediately after the line number that opens a branch (e.g. '8.{ F A|B 3') \n} must appear at the end of the line that closes that branch (e.g. '12. @ 5,7}'). Exception: the main (initial) branch does not require a closing }, since it is not opened by {.\nBranches may be nested. But a formula may only be used at a given point if it appeared earlier in the same branch or an outer (enclosing) branch to the current branch. Formulas from closed branches or sibling branches must not be used.\n\n### SYMBOLS \nUse the following symbols for logical operations: \n & = conjunction (and), \n | = disjunction (or), \n ~ = negation (not), \n -> = implication (implies).\n\nQuantifiers symbols:  \n    Ax represents ∀x  \n    Ex represents ∃x\nSo formulas with ∀x and ∃x will be represented by Ax and Ex (A and E followed by the variable x). For example, Ax (H(x)->M(x)) represents ∀x (H(x)→M(x)).\n\n###CONVENTIONS\nAtoms: only uppercase letters not immediately followed by parentesis (e.g. P, Q, R).\nPredicates: uppercase letters immediately followed by parentesis (e.g. H(x), M(y), Q(a,b) ). All predicates must use parentheses.\nVariables: first letter in lowercase, can be followed by letters and numbers (e.g., x, x0, xP0).\n\nWrite only the final proof in <proof>...</proof> tags. Only use <proof>...</proof> tags ONCE. Omit names of the rules. Only use these symbols inside the proof '&' , '->', '~', '|', '@', '(', ')', '{', '}', 'Ax', 'Ex'.\nDo not include explanations, commentary, or extra text inside and outside the <proof>...</proof> tags.\n""}, {'role': 'user', 'content': ""Prove 'Ex P(x), Ax (P(x)->Q(x)) |- Ex Q(x)', using the analytical tableau method. Final answer using the notation described. ""}, {'role': 'assistant', 'content': ' <proof>\n                        1. T Ex P(x) pre\n                        2. T Ax (P(x)->Q(x)) pre\n                        3. F Ex Q(x) conclusion\n                        4. T P(a) 1 \n                        5. T (P(a)->Q(a)) 2 \n                        6. F Q(a) 3 \n                        7.{ F P(a) 5 \n                        8. @ 4,7}    \n                        9.{ T Q(a) 5 \n                        10. @ 6,9}   \n                    </proof>'}, {'role': 'user', 'content': ""Prove 'Ax (P(x)|P(x)) |- Ax P(x)', using the analytical tableau method. Final answer using the notation described.""}, {'role': 'assistant', 'content': ' <proof>\n                            1. T Ax (P(x)|P(x)) pre \n                            2. F Ax P(x) conclusion\n                            3. F P(a) 2          \n                            4. T (P(a)|P(a)) 1   \n                            5.{ T P(a) 4         \n                            6. @ 3,5}            \n                            7.{ T P(a) 4         \n                            8. @ 3,7}            \n                        </proof>'}, {'role': 'user', 'content': ""Prove'Ax (B(x)&C(x)), ~Ex ~B(x) |- Ax C(x)' using the analytical tableau method. Only one final answer, surrounded by <proof>...</proof>, using the notation described.""}]","<proof>
1. T Ax (B(x)&C(x)) pre
2. T ~Ex ~B(x) pre
3. F Ax C(x) conclusion
4. F Ex ~B(x) 2
5. F ~B(a) 4
6. T B(a) 5
7. T (B(a)&C(a)) 1
8. T B(a) 7
9. T C(a) 7
10. F C(b) 3
11. T (B(b)&C(b)) 1
12. T C(b) 11
13. @ 10,12
</proof>","1. T Ax (B(x)&C(x)) pre
2. T ~Ex ~B(x) pre
3. F Ax C(x) conclusion
4. F Ex ~B(x) 2
5. F ~B(a) 4
6. T B(a) 5
7. T (B(a)&C(a)) 1
8. T B(a) 7
9. T C(a) 7
10. F C(b) 3
11. T (B(b)&C(b)) 1
12. T C(b) 11
13. @ 10,12","The following errors were found:

Error in line 12:
12. T C(b) 11
^, The previous line should be the &T rule with the formula B(b).",39.30646109580994,stop,1049.0,1161.0
"Ax (B(x)&C(x)), Ax ~B(x) |- Ax C(x)","[{'role': 'system', 'content': ""\nYou are an expert in logic using the semantic Tableaux method. \nYou will receive a first order logic formula and must prove its validity using the semantic tableau method, represent the proof in a Fitch-like notation, following these formatting instructions:\n\n### FORMAT OF PROOF LINES: \nExpanding proof line must be structured like: '<line_number>. <T_or_F> <formula> <origin>'\n- <line_number>: sequential integer, always ending with a dot ('1.', '2.', '3.', ...)\n- <T_or_F> → T for true formulas, F for false formulas. \n- <formula>: the formula derived on that line\n- <origin> is exactly one of:\n    pre (for premises)\n    conclusion (for the conclusion)\n    a comma-separated list of line numbers indicating the formula(s) used to derive the current line (e.g. '1', '3', '1,3')\n\n### BRANCHING FORMAT \nUse curly braces { and } to open and close branches. \n{ must appear immediately after the line number that opens a branch (e.g. '8.{ F A|B 3') \n} must appear at the end of the line that closes that branch (e.g. '12. @ 5,7}'). Exception: the main (initial) branch does not require a closing }, since it is not opened by {.\nBranches may be nested. But a formula may only be used at a given point if it appeared earlier in the same branch or an outer (enclosing) branch to the current branch. Formulas from closed branches or sibling branches must not be used.\n\n### SYMBOLS \nUse the following symbols for logical operations: \n & = conjunction (and), \n | = disjunction (or), \n ~ = negation (not), \n -> = implication (implies).\n\nQuantifiers symbols:  \n    Ax represents ∀x  \n    Ex represents ∃x\nSo formulas with ∀x and ∃x will be represented by Ax and Ex (A and E followed by the variable x). For example, Ax (H(x)->M(x)) represents ∀x (H(x)→M(x)).\n\n###CONVENTIONS\nAtoms: only uppercase letters not immediately followed by parentesis (e.g. P, Q, R).\nPredicates: uppercase letters immediately followed by parentesis (e.g. H(x), M(y), Q(a,b) ). All predicates must use parentheses.\nVariables: first letter in lowercase, can be followed by letters and numbers (e.g., x, x0, xP0).\n\nWrite only the final proof in <proof>...</proof> tags. Only use <proof>...</proof> tags ONCE. Omit names of the rules. Only use these symbols inside the proof '&' , '->', '~', '|', '@', '(', ')', '{', '}', 'Ax', 'Ex'.\nDo not include explanations, commentary, or extra text inside and outside the <proof>...</proof> tags.\n""}, {'role': 'user', 'content': ""Prove 'Ex P(x), Ax (P(x)->Q(x)) |- Ex Q(x)', using the analytical tableau method. Final answer using the notation described. ""}, {'role': 'assistant', 'content': ' <proof>\n                        1. T Ex P(x) pre\n                        2. T Ax (P(x)->Q(x)) pre\n                        3. F Ex Q(x) conclusion\n                        4. T P(a) 1 \n                        5. T (P(a)->Q(a)) 2 \n                        6. F Q(a) 3 \n                        7.{ F P(a) 5 \n                        8. @ 4,7}    \n                        9.{ T Q(a) 5 \n                        10. @ 6,9}   \n                    </proof>'}, {'role': 'user', 'content': ""Prove 'Ax (P(x)|P(x)) |- Ax P(x)', using the analytical tableau method. Final answer using the notation described.""}, {'role': 'assistant', 'content': ' <proof>\n                            1. T Ax (P(x)|P(x)) pre \n                            2. F Ax P(x) conclusion\n                            3. F P(a) 2          \n                            4. T (P(a)|P(a)) 1   \n                            5.{ T P(a) 4         \n                            6. @ 3,5}            \n                            7.{ T P(a) 4         \n                            8. @ 3,7}            \n                        </proof>'}, {'role': 'user', 'content': ""Prove'Ax (B(x)&C(x)), Ax ~B(x) |- Ax C(x)' using the analytical tableau method. Only one final answer, surrounded by <proof>...</proof>, using the notation described.""}]","<proof>
1. T Ax (B(x)&C(x)) pre
2. T Ax ~B(x) pre
3. F Ax C(x) conclusion
4. T (B(a)&C(a)) 1
5. T B(a) 4
6. T C(a) 4
7. T ~B(a) 2
8. F C(a) 3
9. F B(a) 7
10. @ 5,9
</proof>","1. T Ax (B(x)&C(x)) pre
2. T Ax ~B(x) pre
3. F Ax C(x) conclusion
4. T (B(a)&C(a)) 1
5. T B(a) 4
6. T C(a) 4
7. T ~B(a) 2
8. F C(a) 3
9. F B(a) 7
10. @ 5,9","The following errors were found:

Error in line 8:
8. F C(a) 3
     ^, The variable used in this formula C(a) is not a new variable and therefore cannot be used in this rule.",39.73886489868164,stop,1048.0,1188.0
|- Ex (B(x)&C(x))->(Ex B(x)&Ex C(x)),"[{'role': 'system', 'content': ""\nYou are an expert in logic using the semantic Tableaux method. \nYou will receive a first order logic formula and must prove its validity using the semantic tableau method, represent the proof in a Fitch-like notation, following these formatting instructions:\n\n### FORMAT OF PROOF LINES: \nExpanding proof line must be structured like: '<line_number>. <T_or_F> <formula> <origin>'\n- <line_number>: sequential integer, always ending with a dot ('1.', '2.', '3.', ...)\n- <T_or_F> → T for true formulas, F for false formulas. \n- <formula>: the formula derived on that line\n- <origin> is exactly one of:\n    pre (for premises)\n    conclusion (for the conclusion)\n    a comma-separated list of line numbers indicating the formula(s) used to derive the current line (e.g. '1', '3', '1,3')\n\n### BRANCHING FORMAT \nUse curly braces { and } to open and close branches. \n{ must appear immediately after the line number that opens a branch (e.g. '8.{ F A|B 3') \n} must appear at the end of the line that closes that branch (e.g. '12. @ 5,7}'). Exception: the main (initial) branch does not require a closing }, since it is not opened by {.\nBranches may be nested. But a formula may only be used at a given point if it appeared earlier in the same branch or an outer (enclosing) branch to the current branch. Formulas from closed branches or sibling branches must not be used.\n\n### SYMBOLS \nUse the following symbols for logical operations: \n & = conjunction (and), \n | = disjunction (or), \n ~ = negation (not), \n -> = implication (implies).\n\nQuantifiers symbols:  \n    Ax represents ∀x  \n    Ex represents ∃x\nSo formulas with ∀x and ∃x will be represented by Ax and Ex (A and E followed by the variable x). For example, Ax (H(x)->M(x)) represents ∀x (H(x)→M(x)).\n\n###CONVENTIONS\nAtoms: only uppercase letters not immediately followed by parentesis (e.g. P, Q, R).\nPredicates: uppercase letters immediately followed by parentesis (e.g. H(x), M(y), Q(a,b) ). All predicates must use parentheses.\nVariables: first letter in lowercase, can be followed by letters and numbers (e.g., x, x0, xP0).\n\nWrite only the final proof in <proof>...</proof> tags. Only use <proof>...</proof> tags ONCE. Omit names of the rules. Only use these symbols inside the proof '&' , '->', '~', '|', '@', '(', ')', '{', '}', 'Ax', 'Ex'.\nDo not include explanations, commentary, or extra text inside and outside the <proof>...</proof> tags.\n""}, {'role': 'user', 'content': ""Prove 'Ex P(x), Ax (P(x)->Q(x)) |- Ex Q(x)', using the analytical tableau method. Final answer using the notation described. ""}, {'role': 'assistant', 'content': ' <proof>\n                        1. T Ex P(x) pre\n                        2. T Ax (P(x)->Q(x)) pre\n                        3. F Ex Q(x) conclusion\n                        4. T P(a) 1 \n                        5. T (P(a)->Q(a)) 2 \n                        6. F Q(a) 3 \n                        7.{ F P(a) 5 \n                        8. @ 4,7}    \n                        9.{ T Q(a) 5 \n                        10. @ 6,9}   \n                    </proof>'}, {'role': 'user', 'content': ""Prove 'Ax (P(x)|P(x)) |- Ax P(x)', using the analytical tableau method. Final answer using the notation described.""}, {'role': 'assistant', 'content': ' <proof>\n                            1. T Ax (P(x)|P(x)) pre \n                            2. F Ax P(x) conclusion\n                            3. F P(a) 2          \n                            4. T (P(a)|P(a)) 1   \n                            5.{ T P(a) 4         \n                            6. @ 3,5}            \n                            7.{ T P(a) 4         \n                            8. @ 3,7}            \n                        </proof>'}, {'role': 'user', 'content': ""Prove'|- Ex (B(x)&C(x))->(Ex B(x)&Ex C(x))' using the analytical tableau method. Only one final answer, surrounded by <proof>...</proof>, using the notation described.""}]","<proof>
1. F (Ex(B(x)&C(x))->(Ex B(x)&Ex C(x))) conclusion
2. T Ex(B(x)&C(x)) 1
3. F (Ex B(x)&Ex C(x)) 1
4. T (B(a)&C(a)) 2
5. T B(a) 4
6. T C(a) 4
7.{ F Ex B(x) 3
8. T Ex B(x) 5
9. @ 7,8}
10.{ F Ex C(x) 3
11. T Ex C(x) 6
12. @ 10,11}
</proof>","1. F (Ex(B(x)&C(x))->(Ex B(x)&Ex C(x))) conclusion
2. T Ex(B(x)&C(x)) 1
3. F (Ex B(x)&Ex C(x)) 1
4. T (B(a)&C(a)) 2
5. T B(a) 4
6. T C(a) 4
7.{ F Ex B(x) 3
8. T Ex B(x) 5
9. @ 7,8}
10.{ F Ex C(x) 3
11. T Ex C(x) 6
12. @ 10,11}","The following errors were found:

Error in line 8:
8. T Ex B(x) 5
             ^, Cannot apply rule to an atom or predicate.
Error in line 11:
11. T Ex C(x) 6
              ^, Cannot apply rule to an atom or predicate.",75.35347008705139,stop,1049.0,2156.0
Ax ((B(x)->C(x))&(C(x)->B(x))) |- Ax ((~B(x)->~C(x))&(~C(x)->~B(x))),"[{'role': 'system', 'content': ""\nYou are an expert in logic using the semantic Tableaux method. \nYou will receive a first order logic formula and must prove its validity using the semantic tableau method, represent the proof in a Fitch-like notation, following these formatting instructions:\n\n### FORMAT OF PROOF LINES: \nExpanding proof line must be structured like: '<line_number>. <T_or_F> <formula> <origin>'\n- <line_number>: sequential integer, always ending with a dot ('1.', '2.', '3.', ...)\n- <T_or_F> → T for true formulas, F for false formulas. \n- <formula>: the formula derived on that line\n- <origin> is exactly one of:\n    pre (for premises)\n    conclusion (for the conclusion)\n    a comma-separated list of line numbers indicating the formula(s) used to derive the current line (e.g. '1', '3', '1,3')\n\n### BRANCHING FORMAT \nUse curly braces { and } to open and close branches. \n{ must appear immediately after the line number that opens a branch (e.g. '8.{ F A|B 3') \n} must appear at the end of the line that closes that branch (e.g. '12. @ 5,7}'). Exception: the main (initial) branch does not require a closing }, since it is not opened by {.\nBranches may be nested. But a formula may only be used at a given point if it appeared earlier in the same branch or an outer (enclosing) branch to the current branch. Formulas from closed branches or sibling branches must not be used.\n\n### SYMBOLS \nUse the following symbols for logical operations: \n & = conjunction (and), \n | = disjunction (or), \n ~ = negation (not), \n -> = implication (implies).\n\nQuantifiers symbols:  \n    Ax represents ∀x  \n    Ex represents ∃x\nSo formulas with ∀x and ∃x will be represented by Ax and Ex (A and E followed by the variable x). For example, Ax (H(x)->M(x)) represents ∀x (H(x)→M(x)).\n\n###CONVENTIONS\nAtoms: only uppercase letters not immediately followed by parentesis (e.g. P, Q, R).\nPredicates: uppercase letters immediately followed by parentesis (e.g. H(x), M(y), Q(a,b) ). All predicates must use parentheses.\nVariables: first letter in lowercase, can be followed by letters and numbers (e.g., x, x0, xP0).\n\nWrite only the final proof in <proof>...</proof> tags. Only use <proof>...</proof> tags ONCE. Omit names of the rules. Only use these symbols inside the proof '&' , '->', '~', '|', '@', '(', ')', '{', '}', 'Ax', 'Ex'.\nDo not include explanations, commentary, or extra text inside and outside the <proof>...</proof> tags.\n""}, {'role': 'user', 'content': ""Prove 'Ex P(x), Ax (P(x)->Q(x)) |- Ex Q(x)', using the analytical tableau method. Final answer using the notation described. ""}, {'role': 'assistant', 'content': ' <proof>\n                        1. T Ex P(x) pre\n                        2. T Ax (P(x)->Q(x)) pre\n                        3. F Ex Q(x) conclusion\n                        4. T P(a) 1 \n                        5. T (P(a)->Q(a)) 2 \n                        6. F Q(a) 3 \n                        7.{ F P(a) 5 \n                        8. @ 4,7}    \n                        9.{ T Q(a) 5 \n                        10. @ 6,9}   \n                    </proof>'}, {'role': 'user', 'content': ""Prove 'Ax (P(x)|P(x)) |- Ax P(x)', using the analytical tableau method. Final answer using the notation described.""}, {'role': 'assistant', 'content': ' <proof>\n                            1. T Ax (P(x)|P(x)) pre \n                            2. F Ax P(x) conclusion\n                            3. F P(a) 2          \n                            4. T (P(a)|P(a)) 1   \n                            5.{ T P(a) 4         \n                            6. @ 3,5}            \n                            7.{ T P(a) 4         \n                            8. @ 3,7}            \n                        </proof>'}, {'role': 'user', 'content': ""Prove'Ax ((B(x)->C(x))&(C(x)->B(x))) |- Ax ((~B(x)->~C(x))&(~C(x)->~B(x)))' using the analytical tableau method. Only one final answer, surrounded by <proof>...</proof>, using the notation described.""}]","<proof>
1. T Ax ((B(x)->C(x))&(C(x)->B(x))) pre
2. F Ax ((~B(x)->~C(x))&(~C(x)->~B(x))) conclusion
3. F ((~B(a)->~C(a))&(~C(a)->~B(a))) 2
4.{ F (~B(a)->~C(a)) 3
5.    T ~B(a) 4
6.    F ~C(a) 4
7.    F B(a) 5
8.    T C(a) 6
9.    T ((B(a)->C(a))&(C(a)->B(a))) 1
10.       T (B(a)->C(a)) 9
11.           { F B(a) 10
12.               @ 7,11}
13.           { T C(a) 10
14.               @ 8,13}
15.           T (C(a)->B(a)) 9
16.               { F C(a) 15
17.                   @ 6,16}
18.               { T B(a) 15
19.                   @ 5,18}}
20.{ F (~C(a)->~B(a)) 3
21.    T ~C(a) 20
22.    F ~B(a) 20
23.    F C(a) 21
24.    T B(a) 22
25.    T ((B(a)->C(a))&(C(a)->B(a))) 1
26.       T (C(a)->B(a)) 25
27.           { F C(a) 26
28.               @ 23,27}
29.           { T B(a) 26
30.               @ 24,29}
31.       T (B(a)->C(a)) 25
32.           { F B(a) 31
33.               @ 22,32}
34.           { T C(a) 31
35.               @ 21,34}}
</proof>","1. T Ax ((B(x)->C(x))&(C(x)->B(x))) pre
2. F Ax ((~B(x)->~C(x))&(~C(x)->~B(x))) conclusion
3. F ((~B(a)->~C(a))&(~C(a)->~B(a))) 2
4.{ F (~B(a)->~C(a)) 3
5.    T ~B(a) 4
6.    F ~C(a) 4
7.    F B(a) 5
8.    T C(a) 6
9.    T ((B(a)->C(a))&(C(a)->B(a))) 1
10.       T (B(a)->C(a)) 9
11.           { F B(a) 10
12.               @ 7,11}
13.           { T C(a) 10
14.               @ 8,13}
15.           T (C(a)->B(a)) 9
16.               { F C(a) 15
17.                   @ 6,16}
18.               { T B(a) 15
19.                   @ 5,18}}
20.{ F (~C(a)->~B(a)) 3
21.    T ~C(a) 20
22.    F ~B(a) 20
23.    F C(a) 21
24.    T B(a) 22
25.    T ((B(a)->C(a))&(C(a)->B(a))) 1
26.       T (C(a)->B(a)) 25
27.           { F C(a) 26
28.               @ 23,27}
29.           { T B(a) 26
30.               @ 24,29}
31.       T (B(a)->C(a)) 25
32.           { F B(a) 31
33.               @ 22,32}
34.           { T C(a) 31
35.               @ 21,34}}","The following errors were found:

Error in line 10:
10.       T (B(a)->C(a)) 9
^, The next line should be the &T rule with the formula C(a)->B(a).
Error in line 11:
11.           { F B(a) 10
^, A beta rule must have exactly two branches.
Error in line 12:
12.               @ 7,11}
                    ^, None of the formulas referenced by the lines contradict the other formula.
Error in line 13:
13.           { T C(a) 10
^, A beta rule must have exactly two branches.
Error in line 14:
14.               @ 8,13}
                    ^, None of the formulas referenced by the lines contradict the other formula.
Error in line 15:
15.           T (C(a)->B(a)) 9
^, The previous line should be the &T rule with the formula B(a)->C(a).
Error in line 16:
16.               { F C(a) 15
^, A beta rule must have exactly two branches.
Error in line 17:
17.                   @ 6,16}
                        ^, None of the formulas referenced by the lines contradict the other formula.
Error in line 18:
18.               { T B(a) 15
^, A beta rule must have exactly two branches.
Error in line 19:
19.                   @ 5,18}}
                        ^, None of the formulas referenced by the lines contradict the other formula.
Error in line 26:
26.       T (C(a)->B(a)) 25
^, The previous line should be the &T rule with the formula B(a)->C(a).
Error in line 27:
27.           { F C(a) 26
^, A beta rule must have exactly two branches.
Error in line 28:
28.               @ 23,27}
                    ^, None of the formulas referenced by the lines contradict the other formula.
Error in line 29:
29.           { T B(a) 26
^, A beta rule must have exactly two branches.
Error in line 30:
30.               @ 24,29}
                    ^, None of the formulas referenced by the lines contradict the other formula.
Error in line 31:
31.       T (B(a)->C(a)) 25
^, The next line should be the &T rule with the formula C(a)->B(a).
Error in line 32:
32.           { F B(a) 31
^, A beta rule must have exactly two branches.
Error in line 33:
33.               @ 22,32}
                    ^, None of the formulas referenced by the lines contradict the other formula.
Error in line 34:
34.           { T C(a) 31
^, A beta rule must have exactly two branches.
Error in line 35:
35.               @ 21,34}}
                    ^, None of the formulas referenced by the lines contradict the other formula.",131.49516367912292,stop,1066.0,3808.0
|- Ex (B(x)|C(x))->(Ex B(x)|Ex C(x)),"[{'role': 'system', 'content': ""\nYou are an expert in logic using the semantic Tableaux method. \nYou will receive a first order logic formula and must prove its validity using the semantic tableau method, represent the proof in a Fitch-like notation, following these formatting instructions:\n\n### FORMAT OF PROOF LINES: \nExpanding proof line must be structured like: '<line_number>. <T_or_F> <formula> <origin>'\n- <line_number>: sequential integer, always ending with a dot ('1.', '2.', '3.', ...)\n- <T_or_F> → T for true formulas, F for false formulas. \n- <formula>: the formula derived on that line\n- <origin> is exactly one of:\n    pre (for premises)\n    conclusion (for the conclusion)\n    a comma-separated list of line numbers indicating the formula(s) used to derive the current line (e.g. '1', '3', '1,3')\n\n### BRANCHING FORMAT \nUse curly braces { and } to open and close branches. \n{ must appear immediately after the line number that opens a branch (e.g. '8.{ F A|B 3') \n} must appear at the end of the line that closes that branch (e.g. '12. @ 5,7}'). Exception: the main (initial) branch does not require a closing }, since it is not opened by {.\nBranches may be nested. But a formula may only be used at a given point if it appeared earlier in the same branch or an outer (enclosing) branch to the current branch. Formulas from closed branches or sibling branches must not be used.\n\n### SYMBOLS \nUse the following symbols for logical operations: \n & = conjunction (and), \n | = disjunction (or), \n ~ = negation (not), \n -> = implication (implies).\n\nQuantifiers symbols:  \n    Ax represents ∀x  \n    Ex represents ∃x\nSo formulas with ∀x and ∃x will be represented by Ax and Ex (A and E followed by the variable x). For example, Ax (H(x)->M(x)) represents ∀x (H(x)→M(x)).\n\n###CONVENTIONS\nAtoms: only uppercase letters not immediately followed by parentesis (e.g. P, Q, R).\nPredicates: uppercase letters immediately followed by parentesis (e.g. H(x), M(y), Q(a,b) ). All predicates must use parentheses.\nVariables: first letter in lowercase, can be followed by letters and numbers (e.g., x, x0, xP0).\n\nWrite only the final proof in <proof>...</proof> tags. Only use <proof>...</proof> tags ONCE. Omit names of the rules. Only use these symbols inside the proof '&' , '->', '~', '|', '@', '(', ')', '{', '}', 'Ax', 'Ex'.\nDo not include explanations, commentary, or extra text inside and outside the <proof>...</proof> tags.\n""}, {'role': 'user', 'content': ""Prove 'Ex P(x), Ax (P(x)->Q(x)) |- Ex Q(x)', using the analytical tableau method. Final answer using the notation described. ""}, {'role': 'assistant', 'content': ' <proof>\n                        1. T Ex P(x) pre\n                        2. T Ax (P(x)->Q(x)) pre\n                        3. F Ex Q(x) conclusion\n                        4. T P(a) 1 \n                        5. T (P(a)->Q(a)) 2 \n                        6. F Q(a) 3 \n                        7.{ F P(a) 5 \n                        8. @ 4,7}    \n                        9.{ T Q(a) 5 \n                        10. @ 6,9}   \n                    </proof>'}, {'role': 'user', 'content': ""Prove 'Ax (P(x)|P(x)) |- Ax P(x)', using the analytical tableau method. Final answer using the notation described.""}, {'role': 'assistant', 'content': ' <proof>\n                            1. T Ax (P(x)|P(x)) pre \n                            2. F Ax P(x) conclusion\n                            3. F P(a) 2          \n                            4. T (P(a)|P(a)) 1   \n                            5.{ T P(a) 4         \n                            6. @ 3,5}            \n                            7.{ T P(a) 4         \n                            8. @ 3,7}            \n                        </proof>'}, {'role': 'user', 'content': ""Prove'|- Ex (B(x)|C(x))->(Ex B(x)|Ex C(x))' using the analytical tableau method. Only one final answer, surrounded by <proof>...</proof>, using the notation described.""}]","<proof>
1. F (Ex (B(x)|C(x))->(Ex B(x)|Ex C(x))) conclusion
2. T Ex (B(x)|C(x)) 1
3. F (Ex B(x) | Ex C(x)) 1
4. T (B(a)|C(a)) 2
5. F Ex B(x) 3
6. F Ex C(x) 3
7. F B(a) 5
8. F C(a) 6
9.{ T B(a) 4
10. @ 7,9}
11.{ T C(a) 4
12. @ 8,11}
</proof>","1. F (Ex (B(x)|C(x))->(Ex B(x)|Ex C(x))) conclusion
2. T Ex (B(x)|C(x)) 1
3. F (Ex B(x) | Ex C(x)) 1
4. T (B(a)|C(a)) 2
5. F Ex B(x) 3
6. F Ex C(x) 3
7. F B(a) 5
8. F C(a) 6
9.{ T B(a) 4
10. @ 7,9}
11.{ T C(a) 4
12. @ 8,11}",The proof is valid.,77.10224032402039,stop,1049.0,2221.0
(B(a)->C(a))&Ax (B(x)->C(x)) |- B(b)->C(b),"[{'role': 'system', 'content': ""\nYou are an expert in logic using the semantic Tableaux method. \nYou will receive a first order logic formula and must prove its validity using the semantic tableau method, represent the proof in a Fitch-like notation, following these formatting instructions:\n\n### FORMAT OF PROOF LINES: \nExpanding proof line must be structured like: '<line_number>. <T_or_F> <formula> <origin>'\n- <line_number>: sequential integer, always ending with a dot ('1.', '2.', '3.', ...)\n- <T_or_F> → T for true formulas, F for false formulas. \n- <formula>: the formula derived on that line\n- <origin> is exactly one of:\n    pre (for premises)\n    conclusion (for the conclusion)\n    a comma-separated list of line numbers indicating the formula(s) used to derive the current line (e.g. '1', '3', '1,3')\n\n### BRANCHING FORMAT \nUse curly braces { and } to open and close branches. \n{ must appear immediately after the line number that opens a branch (e.g. '8.{ F A|B 3') \n} must appear at the end of the line that closes that branch (e.g. '12. @ 5,7}'). Exception: the main (initial) branch does not require a closing }, since it is not opened by {.\nBranches may be nested. But a formula may only be used at a given point if it appeared earlier in the same branch or an outer (enclosing) branch to the current branch. Formulas from closed branches or sibling branches must not be used.\n\n### SYMBOLS \nUse the following symbols for logical operations: \n & = conjunction (and), \n | = disjunction (or), \n ~ = negation (not), \n -> = implication (implies).\n\nQuantifiers symbols:  \n    Ax represents ∀x  \n    Ex represents ∃x\nSo formulas with ∀x and ∃x will be represented by Ax and Ex (A and E followed by the variable x). For example, Ax (H(x)->M(x)) represents ∀x (H(x)→M(x)).\n\n###CONVENTIONS\nAtoms: only uppercase letters not immediately followed by parentesis (e.g. P, Q, R).\nPredicates: uppercase letters immediately followed by parentesis (e.g. H(x), M(y), Q(a,b) ). All predicates must use parentheses.\nVariables: first letter in lowercase, can be followed by letters and numbers (e.g., x, x0, xP0).\n\nWrite only the final proof in <proof>...</proof> tags. Only use <proof>...</proof> tags ONCE. Omit names of the rules. Only use these symbols inside the proof '&' , '->', '~', '|', '@', '(', ')', '{', '}', 'Ax', 'Ex'.\nDo not include explanations, commentary, or extra text inside and outside the <proof>...</proof> tags.\n""}, {'role': 'user', 'content': ""Prove 'Ex P(x), Ax (P(x)->Q(x)) |- Ex Q(x)', using the analytical tableau method. Final answer using the notation described. ""}, {'role': 'assistant', 'content': ' <proof>\n                        1. T Ex P(x) pre\n                        2. T Ax (P(x)->Q(x)) pre\n                        3. F Ex Q(x) conclusion\n                        4. T P(a) 1 \n                        5. T (P(a)->Q(a)) 2 \n                        6. F Q(a) 3 \n                        7.{ F P(a) 5 \n                        8. @ 4,7}    \n                        9.{ T Q(a) 5 \n                        10. @ 6,9}   \n                    </proof>'}, {'role': 'user', 'content': ""Prove 'Ax (P(x)|P(x)) |- Ax P(x)', using the analytical tableau method. Final answer using the notation described.""}, {'role': 'assistant', 'content': ' <proof>\n                            1. T Ax (P(x)|P(x)) pre \n                            2. F Ax P(x) conclusion\n                            3. F P(a) 2          \n                            4. T (P(a)|P(a)) 1   \n                            5.{ T P(a) 4         \n                            6. @ 3,5}            \n                            7.{ T P(a) 4         \n                            8. @ 3,7}            \n                        </proof>'}, {'role': 'user', 'content': ""Prove'(B(a)->C(a))&Ax (B(x)->C(x)) |- B(b)->C(b)' using the analytical tableau method. Only one final answer, surrounded by <proof>...</proof>, using the notation described.""}]","<proof>
1. T ((B(a)->C(a))&Ax (B(x)->C(x))) pre
2. T (B(a)->C(a)) 1
3. T Ax (B(x)->C(x)) 1
4. F (B(b)->C(b)) conclusion
5. T B(b) 4
6. F C(b) 4
7. T (B(b)->C(b)) 3
8. @ 4,7
</proof>","1. T ((B(a)->C(a))&Ax (B(x)->C(x))) pre
2. T (B(a)->C(a)) 1
3. T Ax (B(x)->C(x)) 1
4. F (B(b)->C(b)) conclusion
5. T B(b) 4
6. F C(b) 4
7. T (B(b)->C(b)) 3
8. @ 4,7",The proof is valid.,29.04424405097961,stop,1052.0,865.0
"Ex (B(x)&C(x)), Ax (B(x)->D(x)) |- Ex D(x)","[{'role': 'system', 'content': ""\nYou are an expert in logic using the semantic Tableaux method. \nYou will receive a first order logic formula and must prove its validity using the semantic tableau method, represent the proof in a Fitch-like notation, following these formatting instructions:\n\n### FORMAT OF PROOF LINES: \nExpanding proof line must be structured like: '<line_number>. <T_or_F> <formula> <origin>'\n- <line_number>: sequential integer, always ending with a dot ('1.', '2.', '3.', ...)\n- <T_or_F> → T for true formulas, F for false formulas. \n- <formula>: the formula derived on that line\n- <origin> is exactly one of:\n    pre (for premises)\n    conclusion (for the conclusion)\n    a comma-separated list of line numbers indicating the formula(s) used to derive the current line (e.g. '1', '3', '1,3')\n\n### BRANCHING FORMAT \nUse curly braces { and } to open and close branches. \n{ must appear immediately after the line number that opens a branch (e.g. '8.{ F A|B 3') \n} must appear at the end of the line that closes that branch (e.g. '12. @ 5,7}'). Exception: the main (initial) branch does not require a closing }, since it is not opened by {.\nBranches may be nested. But a formula may only be used at a given point if it appeared earlier in the same branch or an outer (enclosing) branch to the current branch. Formulas from closed branches or sibling branches must not be used.\n\n### SYMBOLS \nUse the following symbols for logical operations: \n & = conjunction (and), \n | = disjunction (or), \n ~ = negation (not), \n -> = implication (implies).\n\nQuantifiers symbols:  \n    Ax represents ∀x  \n    Ex represents ∃x\nSo formulas with ∀x and ∃x will be represented by Ax and Ex (A and E followed by the variable x). For example, Ax (H(x)->M(x)) represents ∀x (H(x)→M(x)).\n\n###CONVENTIONS\nAtoms: only uppercase letters not immediately followed by parentesis (e.g. P, Q, R).\nPredicates: uppercase letters immediately followed by parentesis (e.g. H(x), M(y), Q(a,b) ). All predicates must use parentheses.\nVariables: first letter in lowercase, can be followed by letters and numbers (e.g., x, x0, xP0).\n\nWrite only the final proof in <proof>...</proof> tags. Only use <proof>...</proof> tags ONCE. Omit names of the rules. Only use these symbols inside the proof '&' , '->', '~', '|', '@', '(', ')', '{', '}', 'Ax', 'Ex'.\nDo not include explanations, commentary, or extra text inside and outside the <proof>...</proof> tags.\n""}, {'role': 'user', 'content': ""Prove 'Ex P(x), Ax (P(x)->Q(x)) |- Ex Q(x)', using the analytical tableau method. Final answer using the notation described. ""}, {'role': 'assistant', 'content': ' <proof>\n                        1. T Ex P(x) pre\n                        2. T Ax (P(x)->Q(x)) pre\n                        3. F Ex Q(x) conclusion\n                        4. T P(a) 1 \n                        5. T (P(a)->Q(a)) 2 \n                        6. F Q(a) 3 \n                        7.{ F P(a) 5 \n                        8. @ 4,7}    \n                        9.{ T Q(a) 5 \n                        10. @ 6,9}   \n                    </proof>'}, {'role': 'user', 'content': ""Prove 'Ax (P(x)|P(x)) |- Ax P(x)', using the analytical tableau method. Final answer using the notation described.""}, {'role': 'assistant', 'content': ' <proof>\n                            1. T Ax (P(x)|P(x)) pre \n                            2. F Ax P(x) conclusion\n                            3. F P(a) 2          \n                            4. T (P(a)|P(a)) 1   \n                            5.{ T P(a) 4         \n                            6. @ 3,5}            \n                            7.{ T P(a) 4         \n                            8. @ 3,7}            \n                        </proof>'}, {'role': 'user', 'content': ""Prove'Ex (B(x)&C(x)), Ax (B(x)->D(x)) |- Ex D(x)' using the analytical tableau method. Only one final answer, surrounded by <proof>...</proof>, using the notation described.""}]","<proof>
1. T Ex (B(x)&C(x)) pre
2. T Ax (B(x)->D(x)) pre
3. F Ex D(x) conclusion
4. T Ax ~D(x) 3
5. F D(a) 4
6. T (B(a)&C(a)) 1
7. T B(a) 6
8. T C(a) 6
9. T (B(a)->D(a)) 2
10.{ F B(a) 9
11. @ 7,10}
12.{ T D(a) 9
13. @ 5,12}
</proof>","1. T Ex (B(x)&C(x)) pre
2. T Ax (B(x)->D(x)) pre
3. F Ex D(x) conclusion
4. T Ax ~D(x) 3
5. F D(a) 4
6. T (B(a)&C(a)) 1
7. T B(a) 6
8. T C(a) 6
9. T (B(a)->D(a)) 2
10.{ F B(a) 9
11. @ 7,10}
12.{ T D(a) 9
13. @ 5,12}","The following errors were found:

Error in line 4:
4. T Ax ~D(x) 3
   ^, The truth value should be F for this rule.
Error in line 5:
5. F D(a) 4
   ^, The truth value should be T for this rule.
Error in line 4:
4. T Ax ~D(x) 3
     ^, Formula referenced in line 3 is not a existential formula with truth-value T.
Error in line 4:
4. T Ax ~D(x) 3
     ^, Formula Ax ~D(x) is not a valid substitutuion for the existential formula referenced in the line 3.
Error in line 5:
5. F D(a) 4
          ^, Formula referenced in line 4 is not a universal formula with truth-value F.
Error in line 5:
5. F D(a) 4
     ^, Formula D(a) is not a valid substitution for the universal formula referenced in line 4.
Error in line 6:
6. T (B(a)&C(a)) 1
     ^, The variable used in this formula B(a)&C(a) is not a new variable and therefore cannot be used in this rule.",74.65628361701965,stop,1051.0,2187.0
"Ax (B->C(x)), B |- Ax C(x)","[{'role': 'system', 'content': ""\nYou are an expert in logic using the semantic Tableaux method. \nYou will receive a first order logic formula and must prove its validity using the semantic tableau method, represent the proof in a Fitch-like notation, following these formatting instructions:\n\n### FORMAT OF PROOF LINES: \nExpanding proof line must be structured like: '<line_number>. <T_or_F> <formula> <origin>'\n- <line_number>: sequential integer, always ending with a dot ('1.', '2.', '3.', ...)\n- <T_or_F> → T for true formulas, F for false formulas. \n- <formula>: the formula derived on that line\n- <origin> is exactly one of:\n    pre (for premises)\n    conclusion (for the conclusion)\n    a comma-separated list of line numbers indicating the formula(s) used to derive the current line (e.g. '1', '3', '1,3')\n\n### BRANCHING FORMAT \nUse curly braces { and } to open and close branches. \n{ must appear immediately after the line number that opens a branch (e.g. '8.{ F A|B 3') \n} must appear at the end of the line that closes that branch (e.g. '12. @ 5,7}'). Exception: the main (initial) branch does not require a closing }, since it is not opened by {.\nBranches may be nested. But a formula may only be used at a given point if it appeared earlier in the same branch or an outer (enclosing) branch to the current branch. Formulas from closed branches or sibling branches must not be used.\n\n### SYMBOLS \nUse the following symbols for logical operations: \n & = conjunction (and), \n | = disjunction (or), \n ~ = negation (not), \n -> = implication (implies).\n\nQuantifiers symbols:  \n    Ax represents ∀x  \n    Ex represents ∃x\nSo formulas with ∀x and ∃x will be represented by Ax and Ex (A and E followed by the variable x). For example, Ax (H(x)->M(x)) represents ∀x (H(x)→M(x)).\n\n###CONVENTIONS\nAtoms: only uppercase letters not immediately followed by parentesis (e.g. P, Q, R).\nPredicates: uppercase letters immediately followed by parentesis (e.g. H(x), M(y), Q(a,b) ). All predicates must use parentheses.\nVariables: first letter in lowercase, can be followed by letters and numbers (e.g., x, x0, xP0).\n\nWrite only the final proof in <proof>...</proof> tags. Only use <proof>...</proof> tags ONCE. Omit names of the rules. Only use these symbols inside the proof '&' , '->', '~', '|', '@', '(', ')', '{', '}', 'Ax', 'Ex'.\nDo not include explanations, commentary, or extra text inside and outside the <proof>...</proof> tags.\n""}, {'role': 'user', 'content': ""Prove 'Ex P(x), Ax (P(x)->Q(x)) |- Ex Q(x)', using the analytical tableau method. Final answer using the notation described. ""}, {'role': 'assistant', 'content': ' <proof>\n                        1. T Ex P(x) pre\n                        2. T Ax (P(x)->Q(x)) pre\n                        3. F Ex Q(x) conclusion\n                        4. T P(a) 1 \n                        5. T (P(a)->Q(a)) 2 \n                        6. F Q(a) 3 \n                        7.{ F P(a) 5 \n                        8. @ 4,7}    \n                        9.{ T Q(a) 5 \n                        10. @ 6,9}   \n                    </proof>'}, {'role': 'user', 'content': ""Prove 'Ax (P(x)|P(x)) |- Ax P(x)', using the analytical tableau method. Final answer using the notation described.""}, {'role': 'assistant', 'content': ' <proof>\n                            1. T Ax (P(x)|P(x)) pre \n                            2. F Ax P(x) conclusion\n                            3. F P(a) 2          \n                            4. T (P(a)|P(a)) 1   \n                            5.{ T P(a) 4         \n                            6. @ 3,5}            \n                            7.{ T P(a) 4         \n                            8. @ 3,7}            \n                        </proof>'}, {'role': 'user', 'content': ""Prove'Ax (B->C(x)), B |- Ax C(x)' using the analytical tableau method. Only one final answer, surrounded by <proof>...</proof>, using the notation described.""}]","<proof>
1. T Ax (B->C(x)) pre
2. T B pre
3. F Ax C(x) conclusion
4. F C(a) 3
5. T (B->C(a)) 1
6.{ F B 5
7. @ 2,6}
8.{ T C(a) 5
9. @ 4,8}
</proof>","1. T Ax (B->C(x)) pre
2. T B pre
3. F Ax C(x) conclusion
4. F C(a) 3
5. T (B->C(a)) 1
6.{ F B 5
7. @ 2,6}
8.{ T C(a) 5
9. @ 4,8}",The proof is valid.,43.17576837539673,stop,1043.0,1293.0
"Ax B(x)->C, Ax B(x), C->D(b) |- Ex D(x)","[{'role': 'system', 'content': ""\nYou are an expert in logic using the semantic Tableaux method. \nYou will receive a first order logic formula and must prove its validity using the semantic tableau method, represent the proof in a Fitch-like notation, following these formatting instructions:\n\n### FORMAT OF PROOF LINES: \nExpanding proof line must be structured like: '<line_number>. <T_or_F> <formula> <origin>'\n- <line_number>: sequential integer, always ending with a dot ('1.', '2.', '3.', ...)\n- <T_or_F> → T for true formulas, F for false formulas. \n- <formula>: the formula derived on that line\n- <origin> is exactly one of:\n    pre (for premises)\n    conclusion (for the conclusion)\n    a comma-separated list of line numbers indicating the formula(s) used to derive the current line (e.g. '1', '3', '1,3')\n\n### BRANCHING FORMAT \nUse curly braces { and } to open and close branches. \n{ must appear immediately after the line number that opens a branch (e.g. '8.{ F A|B 3') \n} must appear at the end of the line that closes that branch (e.g. '12. @ 5,7}'). Exception: the main (initial) branch does not require a closing }, since it is not opened by {.\nBranches may be nested. But a formula may only be used at a given point if it appeared earlier in the same branch or an outer (enclosing) branch to the current branch. Formulas from closed branches or sibling branches must not be used.\n\n### SYMBOLS \nUse the following symbols for logical operations: \n & = conjunction (and), \n | = disjunction (or), \n ~ = negation (not), \n -> = implication (implies).\n\nQuantifiers symbols:  \n    Ax represents ∀x  \n    Ex represents ∃x\nSo formulas with ∀x and ∃x will be represented by Ax and Ex (A and E followed by the variable x). For example, Ax (H(x)->M(x)) represents ∀x (H(x)→M(x)).\n\n###CONVENTIONS\nAtoms: only uppercase letters not immediately followed by parentesis (e.g. P, Q, R).\nPredicates: uppercase letters immediately followed by parentesis (e.g. H(x), M(y), Q(a,b) ). All predicates must use parentheses.\nVariables: first letter in lowercase, can be followed by letters and numbers (e.g., x, x0, xP0).\n\nWrite only the final proof in <proof>...</proof> tags. Only use <proof>...</proof> tags ONCE. Omit names of the rules. Only use these symbols inside the proof '&' , '->', '~', '|', '@', '(', ')', '{', '}', 'Ax', 'Ex'.\nDo not include explanations, commentary, or extra text inside and outside the <proof>...</proof> tags.\n""}, {'role': 'user', 'content': ""Prove 'Ex P(x), Ax (P(x)->Q(x)) |- Ex Q(x)', using the analytical tableau method. Final answer using the notation described. ""}, {'role': 'assistant', 'content': ' <proof>\n                        1. T Ex P(x) pre\n                        2. T Ax (P(x)->Q(x)) pre\n                        3. F Ex Q(x) conclusion\n                        4. T P(a) 1 \n                        5. T (P(a)->Q(a)) 2 \n                        6. F Q(a) 3 \n                        7.{ F P(a) 5 \n                        8. @ 4,7}    \n                        9.{ T Q(a) 5 \n                        10. @ 6,9}   \n                    </proof>'}, {'role': 'user', 'content': ""Prove 'Ax (P(x)|P(x)) |- Ax P(x)', using the analytical tableau method. Final answer using the notation described.""}, {'role': 'assistant', 'content': ' <proof>\n                            1. T Ax (P(x)|P(x)) pre \n                            2. F Ax P(x) conclusion\n                            3. F P(a) 2          \n                            4. T (P(a)|P(a)) 1   \n                            5.{ T P(a) 4         \n                            6. @ 3,5}            \n                            7.{ T P(a) 4         \n                            8. @ 3,7}            \n                        </proof>'}, {'role': 'user', 'content': ""Prove'Ax B(x)->C, Ax B(x), C->D(b) |- Ex D(x)' using the analytical tableau method. Only one final answer, surrounded by <proof>...</proof>, using the notation described.""}]","<proof>
1. T Ax (B(x)->C) pre
2. T Ax B(x) pre
3. T C->D(b) pre
4. F Ex D(x) conclusion
5. F D(b) 4
6. T (B(b)->C) 1
7. T B(b) 2
8.{ F B(b) 6
9. @ 7,8}
10.{ T C 6
11.{ F C 3
12. @ 10,11}
13.{ T D(b) 3
14. @ 5,13}
</proof>","1. T Ax (B(x)->C) pre
2. T Ax B(x) pre
3. T C->D(b) pre
4. F Ex D(x) conclusion
5. F D(b) 4
6. T (B(b)->C) 1
7. T B(b) 2
8.{ F B(b) 6
9. @ 7,8}
10.{ T C 6
11.{ F C 3
12. @ 10,11}
13.{ T D(b) 3
14. @ 5,13}","The following errors were found:

Error in line 10:
10.{ T C 6
       ^,The open branch must be closed.",82.23683524131775,stop,1050.0,2435.0
Ax ((B(x)->C(x))&(C(x)->B(x))) |- Ax B(x)->Ax C(x),"[{'role': 'system', 'content': ""\nYou are an expert in logic using the semantic Tableaux method. \nYou will receive a first order logic formula and must prove its validity using the semantic tableau method, represent the proof in a Fitch-like notation, following these formatting instructions:\n\n### FORMAT OF PROOF LINES: \nExpanding proof line must be structured like: '<line_number>. <T_or_F> <formula> <origin>'\n- <line_number>: sequential integer, always ending with a dot ('1.', '2.', '3.', ...)\n- <T_or_F> → T for true formulas, F for false formulas. \n- <formula>: the formula derived on that line\n- <origin> is exactly one of:\n    pre (for premises)\n    conclusion (for the conclusion)\n    a comma-separated list of line numbers indicating the formula(s) used to derive the current line (e.g. '1', '3', '1,3')\n\n### BRANCHING FORMAT \nUse curly braces { and } to open and close branches. \n{ must appear immediately after the line number that opens a branch (e.g. '8.{ F A|B 3') \n} must appear at the end of the line that closes that branch (e.g. '12. @ 5,7}'). Exception: the main (initial) branch does not require a closing }, since it is not opened by {.\nBranches may be nested. But a formula may only be used at a given point if it appeared earlier in the same branch or an outer (enclosing) branch to the current branch. Formulas from closed branches or sibling branches must not be used.\n\n### SYMBOLS \nUse the following symbols for logical operations: \n & = conjunction (and), \n | = disjunction (or), \n ~ = negation (not), \n -> = implication (implies).\n\nQuantifiers symbols:  \n    Ax represents ∀x  \n    Ex represents ∃x\nSo formulas with ∀x and ∃x will be represented by Ax and Ex (A and E followed by the variable x). For example, Ax (H(x)->M(x)) represents ∀x (H(x)→M(x)).\n\n###CONVENTIONS\nAtoms: only uppercase letters not immediately followed by parentesis (e.g. P, Q, R).\nPredicates: uppercase letters immediately followed by parentesis (e.g. H(x), M(y), Q(a,b) ). All predicates must use parentheses.\nVariables: first letter in lowercase, can be followed by letters and numbers (e.g., x, x0, xP0).\n\nWrite only the final proof in <proof>...</proof> tags. Only use <proof>...</proof> tags ONCE. Omit names of the rules. Only use these symbols inside the proof '&' , '->', '~', '|', '@', '(', ')', '{', '}', 'Ax', 'Ex'.\nDo not include explanations, commentary, or extra text inside and outside the <proof>...</proof> tags.\n""}, {'role': 'user', 'content': ""Prove 'Ex P(x), Ax (P(x)->Q(x)) |- Ex Q(x)', using the analytical tableau method. Final answer using the notation described. ""}, {'role': 'assistant', 'content': ' <proof>\n                        1. T Ex P(x) pre\n                        2. T Ax (P(x)->Q(x)) pre\n                        3. F Ex Q(x) conclusion\n                        4. T P(a) 1 \n                        5. T (P(a)->Q(a)) 2 \n                        6. F Q(a) 3 \n                        7.{ F P(a) 5 \n                        8. @ 4,7}    \n                        9.{ T Q(a) 5 \n                        10. @ 6,9}   \n                    </proof>'}, {'role': 'user', 'content': ""Prove 'Ax (P(x)|P(x)) |- Ax P(x)', using the analytical tableau method. Final answer using the notation described.""}, {'role': 'assistant', 'content': ' <proof>\n                            1. T Ax (P(x)|P(x)) pre \n                            2. F Ax P(x) conclusion\n                            3. F P(a) 2          \n                            4. T (P(a)|P(a)) 1   \n                            5.{ T P(a) 4         \n                            6. @ 3,5}            \n                            7.{ T P(a) 4         \n                            8. @ 3,7}            \n                        </proof>'}, {'role': 'user', 'content': ""Prove'Ax ((B(x)->C(x))&(C(x)->B(x))) |- Ax B(x)->Ax C(x)' using the analytical tableau method. Only one final answer, surrounded by <proof>...</proof>, using the notation described.""}]","<proof>
1. T Ax ((B(x)->C(x))&(C(x)->B(x))) pre
2. F (Ax B(x) -> Ax C(x)) conclusion
3. T Ax B(x) 2
4. F Ax C(x) 2
5. T B(a) 3
6. F C(a) 4
7. T ((B(a)->C(a))&(C(a)->B(a))) 1
8. T (B(a)->C(a)) 7
9. T (C(a)->B(a)) 7
10.{ F B(a) 8
11. @ 5,10}
12.{ T C(a) 8
13. @ 6,12}
</proof>","1. T Ax ((B(x)->C(x))&(C(x)->B(x))) pre
2. F (Ax B(x) -> Ax C(x)) conclusion
3. T Ax B(x) 2
4. F Ax C(x) 2
5. T B(a) 3
6. F C(a) 4
7. T ((B(a)->C(a))&(C(a)->B(a))) 1
8. T (B(a)->C(a)) 7
9. T (C(a)->B(a)) 7
10.{ F B(a) 8
11. @ 5,10}
12.{ T C(a) 8
13. @ 6,12}","The following errors were found:

Error in line 6:
6. F C(a) 4
     ^, The variable used in this formula C(a) is not a new variable and therefore cannot be used in this rule.",70.75597858428955,stop,1054.0,2093.0
|- Ex (B(x)|C)->(Ex B(x)|C),"[{'role': 'system', 'content': ""\nYou are an expert in logic using the semantic Tableaux method. \nYou will receive a first order logic formula and must prove its validity using the semantic tableau method, represent the proof in a Fitch-like notation, following these formatting instructions:\n\n### FORMAT OF PROOF LINES: \nExpanding proof line must be structured like: '<line_number>. <T_or_F> <formula> <origin>'\n- <line_number>: sequential integer, always ending with a dot ('1.', '2.', '3.', ...)\n- <T_or_F> → T for true formulas, F for false formulas. \n- <formula>: the formula derived on that line\n- <origin> is exactly one of:\n    pre (for premises)\n    conclusion (for the conclusion)\n    a comma-separated list of line numbers indicating the formula(s) used to derive the current line (e.g. '1', '3', '1,3')\n\n### BRANCHING FORMAT \nUse curly braces { and } to open and close branches. \n{ must appear immediately after the line number that opens a branch (e.g. '8.{ F A|B 3') \n} must appear at the end of the line that closes that branch (e.g. '12. @ 5,7}'). Exception: the main (initial) branch does not require a closing }, since it is not opened by {.\nBranches may be nested. But a formula may only be used at a given point if it appeared earlier in the same branch or an outer (enclosing) branch to the current branch. Formulas from closed branches or sibling branches must not be used.\n\n### SYMBOLS \nUse the following symbols for logical operations: \n & = conjunction (and), \n | = disjunction (or), \n ~ = negation (not), \n -> = implication (implies).\n\nQuantifiers symbols:  \n    Ax represents ∀x  \n    Ex represents ∃x\nSo formulas with ∀x and ∃x will be represented by Ax and Ex (A and E followed by the variable x). For example, Ax (H(x)->M(x)) represents ∀x (H(x)→M(x)).\n\n###CONVENTIONS\nAtoms: only uppercase letters not immediately followed by parentesis (e.g. P, Q, R).\nPredicates: uppercase letters immediately followed by parentesis (e.g. H(x), M(y), Q(a,b) ). All predicates must use parentheses.\nVariables: first letter in lowercase, can be followed by letters and numbers (e.g., x, x0, xP0).\n\nWrite only the final proof in <proof>...</proof> tags. Only use <proof>...</proof> tags ONCE. Omit names of the rules. Only use these symbols inside the proof '&' , '->', '~', '|', '@', '(', ')', '{', '}', 'Ax', 'Ex'.\nDo not include explanations, commentary, or extra text inside and outside the <proof>...</proof> tags.\n""}, {'role': 'user', 'content': ""Prove 'Ex P(x), Ax (P(x)->Q(x)) |- Ex Q(x)', using the analytical tableau method. Final answer using the notation described. ""}, {'role': 'assistant', 'content': ' <proof>\n                        1. T Ex P(x) pre\n                        2. T Ax (P(x)->Q(x)) pre\n                        3. F Ex Q(x) conclusion\n                        4. T P(a) 1 \n                        5. T (P(a)->Q(a)) 2 \n                        6. F Q(a) 3 \n                        7.{ F P(a) 5 \n                        8. @ 4,7}    \n                        9.{ T Q(a) 5 \n                        10. @ 6,9}   \n                    </proof>'}, {'role': 'user', 'content': ""Prove 'Ax (P(x)|P(x)) |- Ax P(x)', using the analytical tableau method. Final answer using the notation described.""}, {'role': 'assistant', 'content': ' <proof>\n                            1. T Ax (P(x)|P(x)) pre \n                            2. F Ax P(x) conclusion\n                            3. F P(a) 2          \n                            4. T (P(a)|P(a)) 1   \n                            5.{ T P(a) 4         \n                            6. @ 3,5}            \n                            7.{ T P(a) 4         \n                            8. @ 3,7}            \n                        </proof>'}, {'role': 'user', 'content': ""Prove'|- Ex (B(x)|C)->(Ex B(x)|C)' using the analytical tableau method. Only one final answer, surrounded by <proof>...</proof>, using the notation described.""}]","<proof>
1. F ((Ex (B(x)|C))->(Ex B(x)|C)) conclusion
2. T Ex (B(x)|C) 1
3. F (Ex B(x) | C) 1
4. T (B(a) | C) 2
5. F Ex B(x) 3
6. F C 3
7.{ T B(a) 4
8.   F B(a) 5
9.   @ 7,8}
10.{ T C 4
11.   @ 6,10}
</proof>","1. F ((Ex (B(x)|C))->(Ex B(x)|C)) conclusion
2. T Ex (B(x)|C) 1
3. F (Ex B(x) | C) 1
4. T (B(a) | C) 2
5. F Ex B(x) 3
6. F C 3
7.{ T B(a) 4
8.   F B(a) 5
9.   @ 7,8}
10.{ T C 4
11.   @ 6,10}",The proof is valid.,60.45050573348999,stop,1045.0,1782.0
"Ax (B(x)->C(x)), Ay (B(y)->D(y)) |- Az (B(z)->(C(z)&D(z)))","[{'role': 'system', 'content': ""\nYou are an expert in logic using the semantic Tableaux method. \nYou will receive a first order logic formula and must prove its validity using the semantic tableau method, represent the proof in a Fitch-like notation, following these formatting instructions:\n\n### FORMAT OF PROOF LINES: \nExpanding proof line must be structured like: '<line_number>. <T_or_F> <formula> <origin>'\n- <line_number>: sequential integer, always ending with a dot ('1.', '2.', '3.', ...)\n- <T_or_F> → T for true formulas, F for false formulas. \n- <formula>: the formula derived on that line\n- <origin> is exactly one of:\n    pre (for premises)\n    conclusion (for the conclusion)\n    a comma-separated list of line numbers indicating the formula(s) used to derive the current line (e.g. '1', '3', '1,3')\n\n### BRANCHING FORMAT \nUse curly braces { and } to open and close branches. \n{ must appear immediately after the line number that opens a branch (e.g. '8.{ F A|B 3') \n} must appear at the end of the line that closes that branch (e.g. '12. @ 5,7}'). Exception: the main (initial) branch does not require a closing }, since it is not opened by {.\nBranches may be nested. But a formula may only be used at a given point if it appeared earlier in the same branch or an outer (enclosing) branch to the current branch. Formulas from closed branches or sibling branches must not be used.\n\n### SYMBOLS \nUse the following symbols for logical operations: \n & = conjunction (and), \n | = disjunction (or), \n ~ = negation (not), \n -> = implication (implies).\n\nQuantifiers symbols:  \n    Ax represents ∀x  \n    Ex represents ∃x\nSo formulas with ∀x and ∃x will be represented by Ax and Ex (A and E followed by the variable x). For example, Ax (H(x)->M(x)) represents ∀x (H(x)→M(x)).\n\n###CONVENTIONS\nAtoms: only uppercase letters not immediately followed by parentesis (e.g. P, Q, R).\nPredicates: uppercase letters immediately followed by parentesis (e.g. H(x), M(y), Q(a,b) ). All predicates must use parentheses.\nVariables: first letter in lowercase, can be followed by letters and numbers (e.g., x, x0, xP0).\n\nWrite only the final proof in <proof>...</proof> tags. Only use <proof>...</proof> tags ONCE. Omit names of the rules. Only use these symbols inside the proof '&' , '->', '~', '|', '@', '(', ')', '{', '}', 'Ax', 'Ex'.\nDo not include explanations, commentary, or extra text inside and outside the <proof>...</proof> tags.\n""}, {'role': 'user', 'content': ""Prove 'Ex P(x), Ax (P(x)->Q(x)) |- Ex Q(x)', using the analytical tableau method. Final answer using the notation described. ""}, {'role': 'assistant', 'content': ' <proof>\n                        1. T Ex P(x) pre\n                        2. T Ax (P(x)->Q(x)) pre\n                        3. F Ex Q(x) conclusion\n                        4. T P(a) 1 \n                        5. T (P(a)->Q(a)) 2 \n                        6. F Q(a) 3 \n                        7.{ F P(a) 5 \n                        8. @ 4,7}    \n                        9.{ T Q(a) 5 \n                        10. @ 6,9}   \n                    </proof>'}, {'role': 'user', 'content': ""Prove 'Ax (P(x)|P(x)) |- Ax P(x)', using the analytical tableau method. Final answer using the notation described.""}, {'role': 'assistant', 'content': ' <proof>\n                            1. T Ax (P(x)|P(x)) pre \n                            2. F Ax P(x) conclusion\n                            3. F P(a) 2          \n                            4. T (P(a)|P(a)) 1   \n                            5.{ T P(a) 4         \n                            6. @ 3,5}            \n                            7.{ T P(a) 4         \n                            8. @ 3,7}            \n                        </proof>'}, {'role': 'user', 'content': ""Prove'Ax (B(x)->C(x)), Ay (B(y)->D(y)) |- Az (B(z)->(C(z)&D(z)))' using the analytical tableau method. Only one final answer, surrounded by <proof>...</proof>, using the notation described.""}]","<proof>
1. D Ax (B(x)->C(x)) pre
2. D Ay (B(y)->D(y)) pre
3. F Az (B(z)->(C(z)&D(z))) conclusion
4. D (B(d)->C(d)) 1
5. D (B(d)->D(d)) 2
6. F (B(d)->(C(d)&D(d))) 3
7. D B(d) 6
8. F (C(d)&D(d)) 6
9.{ F C(d) 8
10.{ F B(d) 4
11. @ 7,10}
12.{ D C(d) 4
13. @ 9,12}
14. }
15.{ F D(d) 8
16.{ F B(d) 5
17. @ 7,16}
18.{ D D(d) 5
19. @ 15,18}
20. }
</proof>","1. D Ax (B(x)->C(x)) pre
2. D Ay (B(y)->D(y)) pre
3. F Az (B(z)->(C(z)&D(z))) conclusion
4. D (B(d)->C(d)) 1
5. D (B(d)->D(d)) 2
6. F (B(d)->(C(d)&D(d))) 3
7. D B(d) 6
8. F (C(d)&D(d)) 6
9.{ F C(d) 8
10.{ F B(d) 4
11. @ 7,10}
12.{ D C(d) 4
13. @ 9,12}
14. }
15.{ F D(d) 8
16.{ F B(d) 5
17. @ 7,16}
18.{ D D(d) 5
19. @ 15,18}
20. }","The following errors were found:

One of definitions are not completed. Please, check whether all rules are correctly written.
Recall that a rule of inference starts with a numeber, followed by . (reference line), the truth value of the formula (T or F), has a formula and the justification (premise, conclusion or one of the inference rules with its formula references).Sintax error:
1. D Ax (B(x)->C(x)) pre
     ^
",130.9549241065979,stop,1060.0,3806.0
|- B(x)->(B(x)|C(x)),"[{'role': 'system', 'content': ""\nYou are an expert in logic using the semantic Tableaux method. \nYou will receive a first order logic formula and must prove its validity using the semantic tableau method, represent the proof in a Fitch-like notation, following these formatting instructions:\n\n### FORMAT OF PROOF LINES: \nExpanding proof line must be structured like: '<line_number>. <T_or_F> <formula> <origin>'\n- <line_number>: sequential integer, always ending with a dot ('1.', '2.', '3.', ...)\n- <T_or_F> → T for true formulas, F for false formulas. \n- <formula>: the formula derived on that line\n- <origin> is exactly one of:\n    pre (for premises)\n    conclusion (for the conclusion)\n    a comma-separated list of line numbers indicating the formula(s) used to derive the current line (e.g. '1', '3', '1,3')\n\n### BRANCHING FORMAT \nUse curly braces { and } to open and close branches. \n{ must appear immediately after the line number that opens a branch (e.g. '8.{ F A|B 3') \n} must appear at the end of the line that closes that branch (e.g. '12. @ 5,7}'). Exception: the main (initial) branch does not require a closing }, since it is not opened by {.\nBranches may be nested. But a formula may only be used at a given point if it appeared earlier in the same branch or an outer (enclosing) branch to the current branch. Formulas from closed branches or sibling branches must not be used.\n\n### SYMBOLS \nUse the following symbols for logical operations: \n & = conjunction (and), \n | = disjunction (or), \n ~ = negation (not), \n -> = implication (implies).\n\nQuantifiers symbols:  \n    Ax represents ∀x  \n    Ex represents ∃x\nSo formulas with ∀x and ∃x will be represented by Ax and Ex (A and E followed by the variable x). For example, Ax (H(x)->M(x)) represents ∀x (H(x)→M(x)).\n\n###CONVENTIONS\nAtoms: only uppercase letters not immediately followed by parentesis (e.g. P, Q, R).\nPredicates: uppercase letters immediately followed by parentesis (e.g. H(x), M(y), Q(a,b) ). All predicates must use parentheses.\nVariables: first letter in lowercase, can be followed by letters and numbers (e.g., x, x0, xP0).\n\nWrite only the final proof in <proof>...</proof> tags. Only use <proof>...</proof> tags ONCE. Omit names of the rules. Only use these symbols inside the proof '&' , '->', '~', '|', '@', '(', ')', '{', '}', 'Ax', 'Ex'.\nDo not include explanations, commentary, or extra text inside and outside the <proof>...</proof> tags.\n""}, {'role': 'user', 'content': ""Prove 'Ex P(x), Ax (P(x)->Q(x)) |- Ex Q(x)', using the analytical tableau method. Final answer using the notation described. ""}, {'role': 'assistant', 'content': ' <proof>\n                        1. T Ex P(x) pre\n                        2. T Ax (P(x)->Q(x)) pre\n                        3. F Ex Q(x) conclusion\n                        4. T P(a) 1 \n                        5. T (P(a)->Q(a)) 2 \n                        6. F Q(a) 3 \n                        7.{ F P(a) 5 \n                        8. @ 4,7}    \n                        9.{ T Q(a) 5 \n                        10. @ 6,9}   \n                    </proof>'}, {'role': 'user', 'content': ""Prove 'Ax (P(x)|P(x)) |- Ax P(x)', using the analytical tableau method. Final answer using the notation described.""}, {'role': 'assistant', 'content': ' <proof>\n                            1. T Ax (P(x)|P(x)) pre \n                            2. F Ax P(x) conclusion\n                            3. F P(a) 2          \n                            4. T (P(a)|P(a)) 1   \n                            5.{ T P(a) 4         \n                            6. @ 3,5}            \n                            7.{ T P(a) 4         \n                            8. @ 3,7}            \n                        </proof>'}, {'role': 'user', 'content': ""Prove'|- B(x)->(B(x)|C(x))' using the analytical tableau method. Only one final answer, surrounded by <proof>...</proof>, using the notation described.""}]","<proof>
1. F B(x)->(B(x)|C(x)) conclusion
2. T B(x) 1
3. F (B(x)|C(x)) 1
4. F B(x) 3
5. F C(x) 3
6. @ 2,4
</proof>","1. F B(x)->(B(x)|C(x)) conclusion
2. T B(x) 1
3. F (B(x)|C(x)) 1
4. F B(x) 3
5. F C(x) 3
6. @ 2,4",The proof is valid.,26.442306518554688,stop,1042.0,786.0
|- ~~B(x)->B(x),"[{'role': 'system', 'content': ""\nYou are an expert in logic using the semantic Tableaux method. \nYou will receive a first order logic formula and must prove its validity using the semantic tableau method, represent the proof in a Fitch-like notation, following these formatting instructions:\n\n### FORMAT OF PROOF LINES: \nExpanding proof line must be structured like: '<line_number>. <T_or_F> <formula> <origin>'\n- <line_number>: sequential integer, always ending with a dot ('1.', '2.', '3.', ...)\n- <T_or_F> → T for true formulas, F for false formulas. \n- <formula>: the formula derived on that line\n- <origin> is exactly one of:\n    pre (for premises)\n    conclusion (for the conclusion)\n    a comma-separated list of line numbers indicating the formula(s) used to derive the current line (e.g. '1', '3', '1,3')\n\n### BRANCHING FORMAT \nUse curly braces { and } to open and close branches. \n{ must appear immediately after the line number that opens a branch (e.g. '8.{ F A|B 3') \n} must appear at the end of the line that closes that branch (e.g. '12. @ 5,7}'). Exception: the main (initial) branch does not require a closing }, since it is not opened by {.\nBranches may be nested. But a formula may only be used at a given point if it appeared earlier in the same branch or an outer (enclosing) branch to the current branch. Formulas from closed branches or sibling branches must not be used.\n\n### SYMBOLS \nUse the following symbols for logical operations: \n & = conjunction (and), \n | = disjunction (or), \n ~ = negation (not), \n -> = implication (implies).\n\nQuantifiers symbols:  \n    Ax represents ∀x  \n    Ex represents ∃x\nSo formulas with ∀x and ∃x will be represented by Ax and Ex (A and E followed by the variable x). For example, Ax (H(x)->M(x)) represents ∀x (H(x)→M(x)).\n\n###CONVENTIONS\nAtoms: only uppercase letters not immediately followed by parentesis (e.g. P, Q, R).\nPredicates: uppercase letters immediately followed by parentesis (e.g. H(x), M(y), Q(a,b) ). All predicates must use parentheses.\nVariables: first letter in lowercase, can be followed by letters and numbers (e.g., x, x0, xP0).\n\nWrite only the final proof in <proof>...</proof> tags. Only use <proof>...</proof> tags ONCE. Omit names of the rules. Only use these symbols inside the proof '&' , '->', '~', '|', '@', '(', ')', '{', '}', 'Ax', 'Ex'.\nDo not include explanations, commentary, or extra text inside and outside the <proof>...</proof> tags.\n""}, {'role': 'user', 'content': ""Prove 'Ex P(x), Ax (P(x)->Q(x)) |- Ex Q(x)', using the analytical tableau method. Final answer using the notation described. ""}, {'role': 'assistant', 'content': ' <proof>\n                        1. T Ex P(x) pre\n                        2. T Ax (P(x)->Q(x)) pre\n                        3. F Ex Q(x) conclusion\n                        4. T P(a) 1 \n                        5. T (P(a)->Q(a)) 2 \n                        6. F Q(a) 3 \n                        7.{ F P(a) 5 \n                        8. @ 4,7}    \n                        9.{ T Q(a) 5 \n                        10. @ 6,9}   \n                    </proof>'}, {'role': 'user', 'content': ""Prove 'Ax (P(x)|P(x)) |- Ax P(x)', using the analytical tableau method. Final answer using the notation described.""}, {'role': 'assistant', 'content': ' <proof>\n                            1. T Ax (P(x)|P(x)) pre \n                            2. F Ax P(x) conclusion\n                            3. F P(a) 2          \n                            4. T (P(a)|P(a)) 1   \n                            5.{ T P(a) 4         \n                            6. @ 3,5}            \n                            7.{ T P(a) 4         \n                            8. @ 3,7}            \n                        </proof>'}, {'role': 'user', 'content': ""Prove'|- ~~B(x)->B(x)' using the analytical tableau method. Only one final answer, surrounded by <proof>...</proof>, using the notation described.""}]","<proof>
1. F ~~B(x)->B(x) conclusion
2. T ~~B(x) 1
3. F B(x) 1
4. F ~B(x) 2
5. T B(x) 4
6. @ 3,5
</proof>","1. F ~~B(x)->B(x) conclusion
2. T ~~B(x) 1
3. F B(x) 1
4. F ~B(x) 2
5. T B(x) 4
6. @ 3,5",The proof is valid.,27.740362882614136,stop,1038.0,831.0
|- B(x)->~~B(x),"[{'role': 'system', 'content': ""\nYou are an expert in logic using the semantic Tableaux method. \nYou will receive a first order logic formula and must prove its validity using the semantic tableau method, represent the proof in a Fitch-like notation, following these formatting instructions:\n\n### FORMAT OF PROOF LINES: \nExpanding proof line must be structured like: '<line_number>. <T_or_F> <formula> <origin>'\n- <line_number>: sequential integer, always ending with a dot ('1.', '2.', '3.', ...)\n- <T_or_F> → T for true formulas, F for false formulas. \n- <formula>: the formula derived on that line\n- <origin> is exactly one of:\n    pre (for premises)\n    conclusion (for the conclusion)\n    a comma-separated list of line numbers indicating the formula(s) used to derive the current line (e.g. '1', '3', '1,3')\n\n### BRANCHING FORMAT \nUse curly braces { and } to open and close branches. \n{ must appear immediately after the line number that opens a branch (e.g. '8.{ F A|B 3') \n} must appear at the end of the line that closes that branch (e.g. '12. @ 5,7}'). Exception: the main (initial) branch does not require a closing }, since it is not opened by {.\nBranches may be nested. But a formula may only be used at a given point if it appeared earlier in the same branch or an outer (enclosing) branch to the current branch. Formulas from closed branches or sibling branches must not be used.\n\n### SYMBOLS \nUse the following symbols for logical operations: \n & = conjunction (and), \n | = disjunction (or), \n ~ = negation (not), \n -> = implication (implies).\n\nQuantifiers symbols:  \n    Ax represents ∀x  \n    Ex represents ∃x\nSo formulas with ∀x and ∃x will be represented by Ax and Ex (A and E followed by the variable x). For example, Ax (H(x)->M(x)) represents ∀x (H(x)→M(x)).\n\n###CONVENTIONS\nAtoms: only uppercase letters not immediately followed by parentesis (e.g. P, Q, R).\nPredicates: uppercase letters immediately followed by parentesis (e.g. H(x), M(y), Q(a,b) ). All predicates must use parentheses.\nVariables: first letter in lowercase, can be followed by letters and numbers (e.g., x, x0, xP0).\n\nWrite only the final proof in <proof>...</proof> tags. Only use <proof>...</proof> tags ONCE. Omit names of the rules. Only use these symbols inside the proof '&' , '->', '~', '|', '@', '(', ')', '{', '}', 'Ax', 'Ex'.\nDo not include explanations, commentary, or extra text inside and outside the <proof>...</proof> tags.\n""}, {'role': 'user', 'content': ""Prove 'Ex P(x), Ax (P(x)->Q(x)) |- Ex Q(x)', using the analytical tableau method. Final answer using the notation described. ""}, {'role': 'assistant', 'content': ' <proof>\n                        1. T Ex P(x) pre\n                        2. T Ax (P(x)->Q(x)) pre\n                        3. F Ex Q(x) conclusion\n                        4. T P(a) 1 \n                        5. T (P(a)->Q(a)) 2 \n                        6. F Q(a) 3 \n                        7.{ F P(a) 5 \n                        8. @ 4,7}    \n                        9.{ T Q(a) 5 \n                        10. @ 6,9}   \n                    </proof>'}, {'role': 'user', 'content': ""Prove 'Ax (P(x)|P(x)) |- Ax P(x)', using the analytical tableau method. Final answer using the notation described.""}, {'role': 'assistant', 'content': ' <proof>\n                            1. T Ax (P(x)|P(x)) pre \n                            2. F Ax P(x) conclusion\n                            3. F P(a) 2          \n                            4. T (P(a)|P(a)) 1   \n                            5.{ T P(a) 4         \n                            6. @ 3,5}            \n                            7.{ T P(a) 4         \n                            8. @ 3,7}            \n                        </proof>'}, {'role': 'user', 'content': ""Prove'|- B(x)->~~B(x)' using the analytical tableau method. Only one final answer, surrounded by <proof>...</proof>, using the notation described.""}]","<proof>
1. F B(x)->~~B(x) conclusion
2. T B(x) 1
3. F ~~B(x) 1
4. T ~B(x) 3
5. F B(x) 4
</proof>","1. F B(x)->~~B(x) conclusion
2. T B(x) 1
3. F ~~B(x) 1
4. T ~B(x) 3
5. F B(x) 4","
The proof below is not complete.
|- B(x)->~~B(x)
The branches below are not saturated:
Branch:
  1. F B(x)->~~B(x) conclusion
  2. T B(x) 1
  3. F ~~B(x) 1
  4. T ~B(x) 3
  5. F B(x) 4
Latex:
\Tree [.{$F~B(x)\rightarrow \lnot \lnot B(x)$} [.{$T~B(x)$ \\ $F~\lnot \lnot B(x)$} [.{$T~\lnot B(x)$} [.{$F~B(x)$} ] ] ] ]
Colored Latex:
\Tree [.{\color{red}{$F~B(x)\rightarrow \lnot \lnot B(x)$}} [.{{\color{red}$T~B(x)$} \\ {\color{red}$F~\lnot \lnot B(x)$}} [.{\color{red}{$T~\lnot B(x)$}} [.{\color{red}{$F~B(x)$}} ] ] ] ]",21.65403723716736,stop,1038.0,641.0
|- Ax (B(x)->C(x))->(Ex B(x)->Ex C(x)),"[{'role': 'system', 'content': ""\nYou are an expert in logic using the semantic Tableaux method. \nYou will receive a first order logic formula and must prove its validity using the semantic tableau method, represent the proof in a Fitch-like notation, following these formatting instructions:\n\n### FORMAT OF PROOF LINES: \nExpanding proof line must be structured like: '<line_number>. <T_or_F> <formula> <origin>'\n- <line_number>: sequential integer, always ending with a dot ('1.', '2.', '3.', ...)\n- <T_or_F> → T for true formulas, F for false formulas. \n- <formula>: the formula derived on that line\n- <origin> is exactly one of:\n    pre (for premises)\n    conclusion (for the conclusion)\n    a comma-separated list of line numbers indicating the formula(s) used to derive the current line (e.g. '1', '3', '1,3')\n\n### BRANCHING FORMAT \nUse curly braces { and } to open and close branches. \n{ must appear immediately after the line number that opens a branch (e.g. '8.{ F A|B 3') \n} must appear at the end of the line that closes that branch (e.g. '12. @ 5,7}'). Exception: the main (initial) branch does not require a closing }, since it is not opened by {.\nBranches may be nested. But a formula may only be used at a given point if it appeared earlier in the same branch or an outer (enclosing) branch to the current branch. Formulas from closed branches or sibling branches must not be used.\n\n### SYMBOLS \nUse the following symbols for logical operations: \n & = conjunction (and), \n | = disjunction (or), \n ~ = negation (not), \n -> = implication (implies).\n\nQuantifiers symbols:  \n    Ax represents ∀x  \n    Ex represents ∃x\nSo formulas with ∀x and ∃x will be represented by Ax and Ex (A and E followed by the variable x). For example, Ax (H(x)->M(x)) represents ∀x (H(x)→M(x)).\n\n###CONVENTIONS\nAtoms: only uppercase letters not immediately followed by parentesis (e.g. P, Q, R).\nPredicates: uppercase letters immediately followed by parentesis (e.g. H(x), M(y), Q(a,b) ). All predicates must use parentheses.\nVariables: first letter in lowercase, can be followed by letters and numbers (e.g., x, x0, xP0).\n\nWrite only the final proof in <proof>...</proof> tags. Only use <proof>...</proof> tags ONCE. Omit names of the rules. Only use these symbols inside the proof '&' , '->', '~', '|', '@', '(', ')', '{', '}', 'Ax', 'Ex'.\nDo not include explanations, commentary, or extra text inside and outside the <proof>...</proof> tags.\n""}, {'role': 'user', 'content': ""Prove 'Ex P(x), Ax (P(x)->Q(x)) |- Ex Q(x)', using the analytical tableau method. Final answer using the notation described. ""}, {'role': 'assistant', 'content': ' <proof>\n                        1. T Ex P(x) pre\n                        2. T Ax (P(x)->Q(x)) pre\n                        3. F Ex Q(x) conclusion\n                        4. T P(a) 1 \n                        5. T (P(a)->Q(a)) 2 \n                        6. F Q(a) 3 \n                        7.{ F P(a) 5 \n                        8. @ 4,7}    \n                        9.{ T Q(a) 5 \n                        10. @ 6,9}   \n                    </proof>'}, {'role': 'user', 'content': ""Prove 'Ax (P(x)|P(x)) |- Ax P(x)', using the analytical tableau method. Final answer using the notation described.""}, {'role': 'assistant', 'content': ' <proof>\n                            1. T Ax (P(x)|P(x)) pre \n                            2. F Ax P(x) conclusion\n                            3. F P(a) 2          \n                            4. T (P(a)|P(a)) 1   \n                            5.{ T P(a) 4         \n                            6. @ 3,5}            \n                            7.{ T P(a) 4         \n                            8. @ 3,7}            \n                        </proof>'}, {'role': 'user', 'content': ""Prove'|- Ax (B(x)->C(x))->(Ex B(x)->Ex C(x))' using the analytical tableau method. Only one final answer, surrounded by <proof>...</proof>, using the notation described.""}]","<proof>
1. F (Ax (B(x)->C(x)) -> (Ex B(x) -> Ex C(x))) conclusion
2. T Ax (B(x)->C(x)) 1
3. F (Ex B(x) -> Ex C(x)) 1
4. T Ex B(x) 3
5. F Ex C(x) 3
6. T (B(a)->C(a)) 2
7. T B(a) 4
8.{ F B(a) 6
9. @ 7,8}
10.{ T C(a) 6
11. F C(a) 5
12. @ 10,11}
</proof>","1. F (Ax (B(x)->C(x)) -> (Ex B(x) -> Ex C(x))) conclusion
2. T Ax (B(x)->C(x)) 1
3. F (Ex B(x) -> Ex C(x)) 1
4. T Ex B(x) 3
5. F Ex C(x) 3
6. T (B(a)->C(a)) 2
7. T B(a) 4
8.{ F B(a) 6
9. @ 7,8}
10.{ T C(a) 6
11. F C(a) 5
12. @ 10,11}","The following errors were found:

Error in line 7:
7. T B(a) 4
     ^, The variable used in this formula B(a) is not a new variable and therefore cannot be used in this rule.",78.80373954772949,stop,1049.0,2325.0
|- Ax (B(x)&C(x))->(Ax B(x)&Ax C(x)),"[{'role': 'system', 'content': ""\nYou are an expert in logic using the semantic Tableaux method. \nYou will receive a first order logic formula and must prove its validity using the semantic tableau method, represent the proof in a Fitch-like notation, following these formatting instructions:\n\n### FORMAT OF PROOF LINES: \nExpanding proof line must be structured like: '<line_number>. <T_or_F> <formula> <origin>'\n- <line_number>: sequential integer, always ending with a dot ('1.', '2.', '3.', ...)\n- <T_or_F> → T for true formulas, F for false formulas. \n- <formula>: the formula derived on that line\n- <origin> is exactly one of:\n    pre (for premises)\n    conclusion (for the conclusion)\n    a comma-separated list of line numbers indicating the formula(s) used to derive the current line (e.g. '1', '3', '1,3')\n\n### BRANCHING FORMAT \nUse curly braces { and } to open and close branches. \n{ must appear immediately after the line number that opens a branch (e.g. '8.{ F A|B 3') \n} must appear at the end of the line that closes that branch (e.g. '12. @ 5,7}'). Exception: the main (initial) branch does not require a closing }, since it is not opened by {.\nBranches may be nested. But a formula may only be used at a given point if it appeared earlier in the same branch or an outer (enclosing) branch to the current branch. Formulas from closed branches or sibling branches must not be used.\n\n### SYMBOLS \nUse the following symbols for logical operations: \n & = conjunction (and), \n | = disjunction (or), \n ~ = negation (not), \n -> = implication (implies).\n\nQuantifiers symbols:  \n    Ax represents ∀x  \n    Ex represents ∃x\nSo formulas with ∀x and ∃x will be represented by Ax and Ex (A and E followed by the variable x). For example, Ax (H(x)->M(x)) represents ∀x (H(x)→M(x)).\n\n###CONVENTIONS\nAtoms: only uppercase letters not immediately followed by parentesis (e.g. P, Q, R).\nPredicates: uppercase letters immediately followed by parentesis (e.g. H(x), M(y), Q(a,b) ). All predicates must use parentheses.\nVariables: first letter in lowercase, can be followed by letters and numbers (e.g., x, x0, xP0).\n\nWrite only the final proof in <proof>...</proof> tags. Only use <proof>...</proof> tags ONCE. Omit names of the rules. Only use these symbols inside the proof '&' , '->', '~', '|', '@', '(', ')', '{', '}', 'Ax', 'Ex'.\nDo not include explanations, commentary, or extra text inside and outside the <proof>...</proof> tags.\n""}, {'role': 'user', 'content': ""Prove 'Ex P(x), Ax (P(x)->Q(x)) |- Ex Q(x)', using the analytical tableau method. Final answer using the notation described. ""}, {'role': 'assistant', 'content': ' <proof>\n                        1. T Ex P(x) pre\n                        2. T Ax (P(x)->Q(x)) pre\n                        3. F Ex Q(x) conclusion\n                        4. T P(a) 1 \n                        5. T (P(a)->Q(a)) 2 \n                        6. F Q(a) 3 \n                        7.{ F P(a) 5 \n                        8. @ 4,7}    \n                        9.{ T Q(a) 5 \n                        10. @ 6,9}   \n                    </proof>'}, {'role': 'user', 'content': ""Prove 'Ax (P(x)|P(x)) |- Ax P(x)', using the analytical tableau method. Final answer using the notation described.""}, {'role': 'assistant', 'content': ' <proof>\n                            1. T Ax (P(x)|P(x)) pre \n                            2. F Ax P(x) conclusion\n                            3. F P(a) 2          \n                            4. T (P(a)|P(a)) 1   \n                            5.{ T P(a) 4         \n                            6. @ 3,5}            \n                            7.{ T P(a) 4         \n                            8. @ 3,7}            \n                        </proof>'}, {'role': 'user', 'content': ""Prove'|- Ax (B(x)&C(x))->(Ax B(x)&Ax C(x))' using the analytical tableau method. Only one final answer, surrounded by <proof>...</proof>, using the notation described.""}]","<proof>
1. F Ax (B(x)&C(x))->(Ax B(x)&Ax C(x)) conclusion
2. T Ax (B(x)&C(x)) 1
3. F (Ax B(x)&Ax C(x)) 1
4. T (B(a)&C(a)) 2
5. T B(a) 4
6. T C(a) 4
7.{ F Ax B(x) 3
8. F B(b) 7
9. T (B(b)&C(b)) 2
10. T B(b) 9
11. T C(b) 9
12. @ 8,10}
13.{ F Ax C(x) 3
14. F C(c) 13
15. T (B(c)&C(c)) 2
16. T B(c) 15
17. T C(c) 15
18. @ 14,17}
</proof>","1. F Ax (B(x)&C(x))->(Ax B(x)&Ax C(x)) conclusion
2. T Ax (B(x)&C(x)) 1
3. F (Ax B(x)&Ax C(x)) 1
4. T (B(a)&C(a)) 2
5. T B(a) 4
6. T C(a) 4
7.{ F Ax B(x) 3
8. F B(b) 7
9. T (B(b)&C(b)) 2
10. T B(b) 9
11. T C(b) 9
12. @ 8,10}
13.{ F Ax C(x) 3
14. F C(c) 13
15. T (B(c)&C(c)) 2
16. T B(c) 15
17. T C(c) 15
18. @ 14,17}",The proof is valid.,45.18551564216614,stop,1049.0,1342.0
|- ~Ex (B(x)&~B(x)),"[{'role': 'system', 'content': ""\nYou are an expert in logic using the semantic Tableaux method. \nYou will receive a first order logic formula and must prove its validity using the semantic tableau method, represent the proof in a Fitch-like notation, following these formatting instructions:\n\n### FORMAT OF PROOF LINES: \nExpanding proof line must be structured like: '<line_number>. <T_or_F> <formula> <origin>'\n- <line_number>: sequential integer, always ending with a dot ('1.', '2.', '3.', ...)\n- <T_or_F> → T for true formulas, F for false formulas. \n- <formula>: the formula derived on that line\n- <origin> is exactly one of:\n    pre (for premises)\n    conclusion (for the conclusion)\n    a comma-separated list of line numbers indicating the formula(s) used to derive the current line (e.g. '1', '3', '1,3')\n\n### BRANCHING FORMAT \nUse curly braces { and } to open and close branches. \n{ must appear immediately after the line number that opens a branch (e.g. '8.{ F A|B 3') \n} must appear at the end of the line that closes that branch (e.g. '12. @ 5,7}'). Exception: the main (initial) branch does not require a closing }, since it is not opened by {.\nBranches may be nested. But a formula may only be used at a given point if it appeared earlier in the same branch or an outer (enclosing) branch to the current branch. Formulas from closed branches or sibling branches must not be used.\n\n### SYMBOLS \nUse the following symbols for logical operations: \n & = conjunction (and), \n | = disjunction (or), \n ~ = negation (not), \n -> = implication (implies).\n\nQuantifiers symbols:  \n    Ax represents ∀x  \n    Ex represents ∃x\nSo formulas with ∀x and ∃x will be represented by Ax and Ex (A and E followed by the variable x). For example, Ax (H(x)->M(x)) represents ∀x (H(x)→M(x)).\n\n###CONVENTIONS\nAtoms: only uppercase letters not immediately followed by parentesis (e.g. P, Q, R).\nPredicates: uppercase letters immediately followed by parentesis (e.g. H(x), M(y), Q(a,b) ). All predicates must use parentheses.\nVariables: first letter in lowercase, can be followed by letters and numbers (e.g., x, x0, xP0).\n\nWrite only the final proof in <proof>...</proof> tags. Only use <proof>...</proof> tags ONCE. Omit names of the rules. Only use these symbols inside the proof '&' , '->', '~', '|', '@', '(', ')', '{', '}', 'Ax', 'Ex'.\nDo not include explanations, commentary, or extra text inside and outside the <proof>...</proof> tags.\n""}, {'role': 'user', 'content': ""Prove 'Ex P(x), Ax (P(x)->Q(x)) |- Ex Q(x)', using the analytical tableau method. Final answer using the notation described. ""}, {'role': 'assistant', 'content': ' <proof>\n                        1. T Ex P(x) pre\n                        2. T Ax (P(x)->Q(x)) pre\n                        3. F Ex Q(x) conclusion\n                        4. T P(a) 1 \n                        5. T (P(a)->Q(a)) 2 \n                        6. F Q(a) 3 \n                        7.{ F P(a) 5 \n                        8. @ 4,7}    \n                        9.{ T Q(a) 5 \n                        10. @ 6,9}   \n                    </proof>'}, {'role': 'user', 'content': ""Prove 'Ax (P(x)|P(x)) |- Ax P(x)', using the analytical tableau method. Final answer using the notation described.""}, {'role': 'assistant', 'content': ' <proof>\n                            1. T Ax (P(x)|P(x)) pre \n                            2. F Ax P(x) conclusion\n                            3. F P(a) 2          \n                            4. T (P(a)|P(a)) 1   \n                            5.{ T P(a) 4         \n                            6. @ 3,5}            \n                            7.{ T P(a) 4         \n                            8. @ 3,7}            \n                        </proof>'}, {'role': 'user', 'content': ""Prove'|- ~Ex (B(x)&~B(x))' using the analytical tableau method. Only one final answer, surrounded by <proof>...</proof>, using the notation described.""}]","<proof>
1. F ~Ex (B(x)&~B(x)) conclusion
2. T Ex (B(x)&~B(x)) 1
3. T B(a) & ~B(a) 2
4. T B(a) 3
5. T ~B(a) 3
6. F B(a) 5
7. @ 4,6
</proof>","1. F ~Ex (B(x)&~B(x)) conclusion
2. T Ex (B(x)&~B(x)) 1
3. T B(a) & ~B(a) 2
4. T B(a) 3
5. T ~B(a) 3
6. F B(a) 5
7. @ 4,6",The proof is valid.,31.592660427093502,stop,1042.0,944.0
|- Ax (B(x)->~C(x))->~Ex (B(x)&C(x)),"[{'role': 'system', 'content': ""\nYou are an expert in logic using the semantic Tableaux method. \nYou will receive a first order logic formula and must prove its validity using the semantic tableau method, represent the proof in a Fitch-like notation, following these formatting instructions:\n\n### FORMAT OF PROOF LINES: \nExpanding proof line must be structured like: '<line_number>. <T_or_F> <formula> <origin>'\n- <line_number>: sequential integer, always ending with a dot ('1.', '2.', '3.', ...)\n- <T_or_F> → T for true formulas, F for false formulas. \n- <formula>: the formula derived on that line\n- <origin> is exactly one of:\n    pre (for premises)\n    conclusion (for the conclusion)\n    a comma-separated list of line numbers indicating the formula(s) used to derive the current line (e.g. '1', '3', '1,3')\n\n### BRANCHING FORMAT \nUse curly braces { and } to open and close branches. \n{ must appear immediately after the line number that opens a branch (e.g. '8.{ F A|B 3') \n} must appear at the end of the line that closes that branch (e.g. '12. @ 5,7}'). Exception: the main (initial) branch does not require a closing }, since it is not opened by {.\nBranches may be nested. But a formula may only be used at a given point if it appeared earlier in the same branch or an outer (enclosing) branch to the current branch. Formulas from closed branches or sibling branches must not be used.\n\n### SYMBOLS \nUse the following symbols for logical operations: \n & = conjunction (and), \n | = disjunction (or), \n ~ = negation (not), \n -> = implication (implies).\n\nQuantifiers symbols:  \n    Ax represents ∀x  \n    Ex represents ∃x\nSo formulas with ∀x and ∃x will be represented by Ax and Ex (A and E followed by the variable x). For example, Ax (H(x)->M(x)) represents ∀x (H(x)→M(x)).\n\n###CONVENTIONS\nAtoms: only uppercase letters not immediately followed by parentesis (e.g. P, Q, R).\nPredicates: uppercase letters immediately followed by parentesis (e.g. H(x), M(y), Q(a,b) ). All predicates must use parentheses.\nVariables: first letter in lowercase, can be followed by letters and numbers (e.g., x, x0, xP0).\n\nWrite only the final proof in <proof>...</proof> tags. Only use <proof>...</proof> tags ONCE. Omit names of the rules. Only use these symbols inside the proof '&' , '->', '~', '|', '@', '(', ')', '{', '}', 'Ax', 'Ex'.\nDo not include explanations, commentary, or extra text inside and outside the <proof>...</proof> tags.\n""}, {'role': 'user', 'content': ""Prove 'Ex P(x), Ax (P(x)->Q(x)) |- Ex Q(x)', using the analytical tableau method. Final answer using the notation described. ""}, {'role': 'assistant', 'content': ' <proof>\n                        1. T Ex P(x) pre\n                        2. T Ax (P(x)->Q(x)) pre\n                        3. F Ex Q(x) conclusion\n                        4. T P(a) 1 \n                        5. T (P(a)->Q(a)) 2 \n                        6. F Q(a) 3 \n                        7.{ F P(a) 5 \n                        8. @ 4,7}    \n                        9.{ T Q(a) 5 \n                        10. @ 6,9}   \n                    </proof>'}, {'role': 'user', 'content': ""Prove 'Ax (P(x)|P(x)) |- Ax P(x)', using the analytical tableau method. Final answer using the notation described.""}, {'role': 'assistant', 'content': ' <proof>\n                            1. T Ax (P(x)|P(x)) pre \n                            2. F Ax P(x) conclusion\n                            3. F P(a) 2          \n                            4. T (P(a)|P(a)) 1   \n                            5.{ T P(a) 4         \n                            6. @ 3,5}            \n                            7.{ T P(a) 4         \n                            8. @ 3,7}            \n                        </proof>'}, {'role': 'user', 'content': ""Prove'|- Ax (B(x)->~C(x))->~Ex (B(x)&C(x))' using the analytical tableau method. Only one final answer, surrounded by <proof>...</proof>, using the notation described.""}]","<proof>
1. F Ax (B(x)->~C(x)) -> ~Ex(B(x)&C(x)) conclusion
2. T Ax (B(x)->~C(x)) 1
3. F ~Ex(B(x)&C(x)) 1
4. T (B(a)->~C(a)) 2
5. T Ex (B(x)&C(x)) 3
6. T (B(b)&C(b)) 5
7. T B(b) 6
8. T C(b) 6
9. T (B(b)->~C(b)) 2
10.{ F B(b) 9
11. @ 7,10}
12.{ T ~C(b) 9
13. F C(b) 12
14. @ 8,13}
</proof>","1. F Ax (B(x)->~C(x)) -> ~Ex(B(x)&C(x)) conclusion
2. T Ax (B(x)->~C(x)) 1
3. F ~Ex(B(x)&C(x)) 1
4. T (B(a)->~C(a)) 2
5. T Ex (B(x)&C(x)) 3
6. T (B(b)&C(b)) 5
7. T B(b) 6
8. T C(b) 6
9. T (B(b)->~C(b)) 2
10.{ F B(b) 9
11. @ 7,10}
12.{ T ~C(b) 9
13. F C(b) 12
14. @ 8,13}",The proof is valid.,76.3290708065033,stop,1050.0,2266.0
|- Ax (B(x)|C(x))->(Ax ~B(x)->Ax C(x)),"[{'role': 'system', 'content': ""\nYou are an expert in logic using the semantic Tableaux method. \nYou will receive a first order logic formula and must prove its validity using the semantic tableau method, represent the proof in a Fitch-like notation, following these formatting instructions:\n\n### FORMAT OF PROOF LINES: \nExpanding proof line must be structured like: '<line_number>. <T_or_F> <formula> <origin>'\n- <line_number>: sequential integer, always ending with a dot ('1.', '2.', '3.', ...)\n- <T_or_F> → T for true formulas, F for false formulas. \n- <formula>: the formula derived on that line\n- <origin> is exactly one of:\n    pre (for premises)\n    conclusion (for the conclusion)\n    a comma-separated list of line numbers indicating the formula(s) used to derive the current line (e.g. '1', '3', '1,3')\n\n### BRANCHING FORMAT \nUse curly braces { and } to open and close branches. \n{ must appear immediately after the line number that opens a branch (e.g. '8.{ F A|B 3') \n} must appear at the end of the line that closes that branch (e.g. '12. @ 5,7}'). Exception: the main (initial) branch does not require a closing }, since it is not opened by {.\nBranches may be nested. But a formula may only be used at a given point if it appeared earlier in the same branch or an outer (enclosing) branch to the current branch. Formulas from closed branches or sibling branches must not be used.\n\n### SYMBOLS \nUse the following symbols for logical operations: \n & = conjunction (and), \n | = disjunction (or), \n ~ = negation (not), \n -> = implication (implies).\n\nQuantifiers symbols:  \n    Ax represents ∀x  \n    Ex represents ∃x\nSo formulas with ∀x and ∃x will be represented by Ax and Ex (A and E followed by the variable x). For example, Ax (H(x)->M(x)) represents ∀x (H(x)→M(x)).\n\n###CONVENTIONS\nAtoms: only uppercase letters not immediately followed by parentesis (e.g. P, Q, R).\nPredicates: uppercase letters immediately followed by parentesis (e.g. H(x), M(y), Q(a,b) ). All predicates must use parentheses.\nVariables: first letter in lowercase, can be followed by letters and numbers (e.g., x, x0, xP0).\n\nWrite only the final proof in <proof>...</proof> tags. Only use <proof>...</proof> tags ONCE. Omit names of the rules. Only use these symbols inside the proof '&' , '->', '~', '|', '@', '(', ')', '{', '}', 'Ax', 'Ex'.\nDo not include explanations, commentary, or extra text inside and outside the <proof>...</proof> tags.\n""}, {'role': 'user', 'content': ""Prove 'Ex P(x), Ax (P(x)->Q(x)) |- Ex Q(x)', using the analytical tableau method. Final answer using the notation described. ""}, {'role': 'assistant', 'content': ' <proof>\n                        1. T Ex P(x) pre\n                        2. T Ax (P(x)->Q(x)) pre\n                        3. F Ex Q(x) conclusion\n                        4. T P(a) 1 \n                        5. T (P(a)->Q(a)) 2 \n                        6. F Q(a) 3 \n                        7.{ F P(a) 5 \n                        8. @ 4,7}    \n                        9.{ T Q(a) 5 \n                        10. @ 6,9}   \n                    </proof>'}, {'role': 'user', 'content': ""Prove 'Ax (P(x)|P(x)) |- Ax P(x)', using the analytical tableau method. Final answer using the notation described.""}, {'role': 'assistant', 'content': ' <proof>\n                            1. T Ax (P(x)|P(x)) pre \n                            2. F Ax P(x) conclusion\n                            3. F P(a) 2          \n                            4. T (P(a)|P(a)) 1   \n                            5.{ T P(a) 4         \n                            6. @ 3,5}            \n                            7.{ T P(a) 4         \n                            8. @ 3,7}            \n                        </proof>'}, {'role': 'user', 'content': ""Prove'|- Ax (B(x)|C(x))->(Ax ~B(x)->Ax C(x))' using the analytical tableau method. Only one final answer, surrounded by <proof>...</proof>, using the notation described.""}]","<proof>
1. F (Ax (B(x)|C(x)) -> (Ax ~B(x) -> Ax C(x))) conclusion
2. T Ax (B(x)|C(x)) 1
3. F (Ax ~B(x) -> Ax C(x)) 1
4. T Ax ~B(x) 3
5. F Ax C(x) 3
6. T ~B(a) 4
7. F C(a) 5
8. T (B(a)|C(a)) 2
9.{ T B(a) 8
10. @ 6,9}
11.{ T C(a) 8
12. @ 7,11}
</proof>","1. F (Ax (B(x)|C(x)) -> (Ax ~B(x) -> Ax C(x))) conclusion
2. T Ax (B(x)|C(x)) 1
3. F (Ax ~B(x) -> Ax C(x)) 1
4. T Ax ~B(x) 3
5. F Ax C(x) 3
6. T ~B(a) 4
7. F C(a) 5
8. T (B(a)|C(a)) 2
9.{ T B(a) 8
10. @ 6,9}
11.{ T C(a) 8
12. @ 7,11}","The following errors were found:

Error in line 7:
7. F C(a) 5
     ^, The variable used in this formula C(a) is not a new variable and therefore cannot be used in this rule.
Error in line 10:
10. @ 6,9}
      ^, None of the formulas referenced by the lines contradict the other formula.",61.85017728805542,stop,1050.0,1839.0
|- Ex (B(x)->Ay C(y))->(Ax B(x)->Ay C(y)),"[{'role': 'system', 'content': ""\nYou are an expert in logic using the semantic Tableaux method. \nYou will receive a first order logic formula and must prove its validity using the semantic tableau method, represent the proof in a Fitch-like notation, following these formatting instructions:\n\n### FORMAT OF PROOF LINES: \nExpanding proof line must be structured like: '<line_number>. <T_or_F> <formula> <origin>'\n- <line_number>: sequential integer, always ending with a dot ('1.', '2.', '3.', ...)\n- <T_or_F> → T for true formulas, F for false formulas. \n- <formula>: the formula derived on that line\n- <origin> is exactly one of:\n    pre (for premises)\n    conclusion (for the conclusion)\n    a comma-separated list of line numbers indicating the formula(s) used to derive the current line (e.g. '1', '3', '1,3')\n\n### BRANCHING FORMAT \nUse curly braces { and } to open and close branches. \n{ must appear immediately after the line number that opens a branch (e.g. '8.{ F A|B 3') \n} must appear at the end of the line that closes that branch (e.g. '12. @ 5,7}'). Exception: the main (initial) branch does not require a closing }, since it is not opened by {.\nBranches may be nested. But a formula may only be used at a given point if it appeared earlier in the same branch or an outer (enclosing) branch to the current branch. Formulas from closed branches or sibling branches must not be used.\n\n### SYMBOLS \nUse the following symbols for logical operations: \n & = conjunction (and), \n | = disjunction (or), \n ~ = negation (not), \n -> = implication (implies).\n\nQuantifiers symbols:  \n    Ax represents ∀x  \n    Ex represents ∃x\nSo formulas with ∀x and ∃x will be represented by Ax and Ex (A and E followed by the variable x). For example, Ax (H(x)->M(x)) represents ∀x (H(x)→M(x)).\n\n###CONVENTIONS\nAtoms: only uppercase letters not immediately followed by parentesis (e.g. P, Q, R).\nPredicates: uppercase letters immediately followed by parentesis (e.g. H(x), M(y), Q(a,b) ). All predicates must use parentheses.\nVariables: first letter in lowercase, can be followed by letters and numbers (e.g., x, x0, xP0).\n\nWrite only the final proof in <proof>...</proof> tags. Only use <proof>...</proof> tags ONCE. Omit names of the rules. Only use these symbols inside the proof '&' , '->', '~', '|', '@', '(', ')', '{', '}', 'Ax', 'Ex'.\nDo not include explanations, commentary, or extra text inside and outside the <proof>...</proof> tags.\n""}, {'role': 'user', 'content': ""Prove 'Ex P(x), Ax (P(x)->Q(x)) |- Ex Q(x)', using the analytical tableau method. Final answer using the notation described. ""}, {'role': 'assistant', 'content': ' <proof>\n                        1. T Ex P(x) pre\n                        2. T Ax (P(x)->Q(x)) pre\n                        3. F Ex Q(x) conclusion\n                        4. T P(a) 1 \n                        5. T (P(a)->Q(a)) 2 \n                        6. F Q(a) 3 \n                        7.{ F P(a) 5 \n                        8. @ 4,7}    \n                        9.{ T Q(a) 5 \n                        10. @ 6,9}   \n                    </proof>'}, {'role': 'user', 'content': ""Prove 'Ax (P(x)|P(x)) |- Ax P(x)', using the analytical tableau method. Final answer using the notation described.""}, {'role': 'assistant', 'content': ' <proof>\n                            1. T Ax (P(x)|P(x)) pre \n                            2. F Ax P(x) conclusion\n                            3. F P(a) 2          \n                            4. T (P(a)|P(a)) 1   \n                            5.{ T P(a) 4         \n                            6. @ 3,5}            \n                            7.{ T P(a) 4         \n                            8. @ 3,7}            \n                        </proof>'}, {'role': 'user', 'content': ""Prove'|- Ex (B(x)->Ay C(y))->(Ax B(x)->Ay C(y))' using the analytical tableau method. Only one final answer, surrounded by <proof>...</proof>, using the notation described.""}]","<proof>
1. F Ex (B(x)->Ay C(y))->(Ax B(x)->Ay C(y)) conclusion
2. T Ex (B(x)->Ay C(y)) 1
3. F (Ax B(x)->Ay C(y)) 1
4. T Ax B(x) 3
5. F Ay C(y) 3
6. T (B(a)->Ay C(y)) 2
7. T B(a) 4
8. F C(b) 5
9.{ F B(a) 6
10. @ 7,9}
11.{ T Ay C(y) 6
12. T C(b) 11
13. @ 8,12}
</proof>","1. F Ex (B(x)->Ay C(y))->(Ax B(x)->Ay C(y)) conclusion
2. T Ex (B(x)->Ay C(y)) 1
3. F (Ax B(x)->Ay C(y)) 1
4. T Ax B(x) 3
5. F Ay C(y) 3
6. T (B(a)->Ay C(y)) 2
7. T B(a) 4
8. F C(b) 5
9.{ F B(a) 6
10. @ 7,9}
11.{ T Ay C(y) 6
12. T C(b) 11
13. @ 8,12}",The proof is valid.,69.93535661697388,stop,1050.0,2064.0
|- ~Ex (B(x)&~C(x))->Ax (B(x)->C(x)),"[{'role': 'system', 'content': ""\nYou are an expert in logic using the semantic Tableaux method. \nYou will receive a first order logic formula and must prove its validity using the semantic tableau method, represent the proof in a Fitch-like notation, following these formatting instructions:\n\n### FORMAT OF PROOF LINES: \nExpanding proof line must be structured like: '<line_number>. <T_or_F> <formula> <origin>'\n- <line_number>: sequential integer, always ending with a dot ('1.', '2.', '3.', ...)\n- <T_or_F> → T for true formulas, F for false formulas. \n- <formula>: the formula derived on that line\n- <origin> is exactly one of:\n    pre (for premises)\n    conclusion (for the conclusion)\n    a comma-separated list of line numbers indicating the formula(s) used to derive the current line (e.g. '1', '3', '1,3')\n\n### BRANCHING FORMAT \nUse curly braces { and } to open and close branches. \n{ must appear immediately after the line number that opens a branch (e.g. '8.{ F A|B 3') \n} must appear at the end of the line that closes that branch (e.g. '12. @ 5,7}'). Exception: the main (initial) branch does not require a closing }, since it is not opened by {.\nBranches may be nested. But a formula may only be used at a given point if it appeared earlier in the same branch or an outer (enclosing) branch to the current branch. Formulas from closed branches or sibling branches must not be used.\n\n### SYMBOLS \nUse the following symbols for logical operations: \n & = conjunction (and), \n | = disjunction (or), \n ~ = negation (not), \n -> = implication (implies).\n\nQuantifiers symbols:  \n    Ax represents ∀x  \n    Ex represents ∃x\nSo formulas with ∀x and ∃x will be represented by Ax and Ex (A and E followed by the variable x). For example, Ax (H(x)->M(x)) represents ∀x (H(x)→M(x)).\n\n###CONVENTIONS\nAtoms: only uppercase letters not immediately followed by parentesis (e.g. P, Q, R).\nPredicates: uppercase letters immediately followed by parentesis (e.g. H(x), M(y), Q(a,b) ). All predicates must use parentheses.\nVariables: first letter in lowercase, can be followed by letters and numbers (e.g., x, x0, xP0).\n\nWrite only the final proof in <proof>...</proof> tags. Only use <proof>...</proof> tags ONCE. Omit names of the rules. Only use these symbols inside the proof '&' , '->', '~', '|', '@', '(', ')', '{', '}', 'Ax', 'Ex'.\nDo not include explanations, commentary, or extra text inside and outside the <proof>...</proof> tags.\n""}, {'role': 'user', 'content': ""Prove 'Ex P(x), Ax (P(x)->Q(x)) |- Ex Q(x)', using the analytical tableau method. Final answer using the notation described. ""}, {'role': 'assistant', 'content': ' <proof>\n                        1. T Ex P(x) pre\n                        2. T Ax (P(x)->Q(x)) pre\n                        3. F Ex Q(x) conclusion\n                        4. T P(a) 1 \n                        5. T (P(a)->Q(a)) 2 \n                        6. F Q(a) 3 \n                        7.{ F P(a) 5 \n                        8. @ 4,7}    \n                        9.{ T Q(a) 5 \n                        10. @ 6,9}   \n                    </proof>'}, {'role': 'user', 'content': ""Prove 'Ax (P(x)|P(x)) |- Ax P(x)', using the analytical tableau method. Final answer using the notation described.""}, {'role': 'assistant', 'content': ' <proof>\n                            1. T Ax (P(x)|P(x)) pre \n                            2. F Ax P(x) conclusion\n                            3. F P(a) 2          \n                            4. T (P(a)|P(a)) 1   \n                            5.{ T P(a) 4         \n                            6. @ 3,5}            \n                            7.{ T P(a) 4         \n                            8. @ 3,7}            \n                        </proof>'}, {'role': 'user', 'content': ""Prove'|- ~Ex (B(x)&~C(x))->Ax (B(x)->C(x))' using the analytical tableau method. Only one final answer, surrounded by <proof>...</proof>, using the notation described.""}]","<proof>
1. F ~Ex (B(x)&~C(x))->Ax (B(x)->C(x)) conclusion
2. T ~Ex (B(x)&~C(x)) 1
3. F Ax (B(x)->C(x)) 1
4. F Ex (B(x)&~C(x)) 2
5. F (B(a)&~C(a)) 4
6. F (B(a)->C(a)) 3
7. T B(a) 6
8. F C(a) 6
9.{ F B(a) 5
10. @ 7,9}
11.{ F ~C(a) 5
12. T C(a) 11
13. @ 8,12}
</proof>","1. F ~Ex (B(x)&~C(x))->Ax (B(x)->C(x)) conclusion
2. T ~Ex (B(x)&~C(x)) 1
3. F Ax (B(x)->C(x)) 1
4. F Ex (B(x)&~C(x)) 2
5. F (B(a)&~C(a)) 4
6. F (B(a)->C(a)) 3
7. T B(a) 6
8. F C(a) 6
9.{ F B(a) 5
10. @ 7,9}
11.{ F ~C(a) 5
12. T C(a) 11
13. @ 8,12}","The following errors were found:

Error in line 6:
6. F (B(a)->C(a)) 3
     ^, The variable used in this formula B(a)->C(a) is not a new variable and therefore cannot be used in this rule.",161.50226068496704,stop,1050.0,4573.0
|- Ax (B(x)->(C(x)&D(x)))->(Ax B(x)->Ax C(x)),"[{'role': 'system', 'content': ""\nYou are an expert in logic using the semantic Tableaux method. \nYou will receive a first order logic formula and must prove its validity using the semantic tableau method, represent the proof in a Fitch-like notation, following these formatting instructions:\n\n### FORMAT OF PROOF LINES: \nExpanding proof line must be structured like: '<line_number>. <T_or_F> <formula> <origin>'\n- <line_number>: sequential integer, always ending with a dot ('1.', '2.', '3.', ...)\n- <T_or_F> → T for true formulas, F for false formulas. \n- <formula>: the formula derived on that line\n- <origin> is exactly one of:\n    pre (for premises)\n    conclusion (for the conclusion)\n    a comma-separated list of line numbers indicating the formula(s) used to derive the current line (e.g. '1', '3', '1,3')\n\n### BRANCHING FORMAT \nUse curly braces { and } to open and close branches. \n{ must appear immediately after the line number that opens a branch (e.g. '8.{ F A|B 3') \n} must appear at the end of the line that closes that branch (e.g. '12. @ 5,7}'). Exception: the main (initial) branch does not require a closing }, since it is not opened by {.\nBranches may be nested. But a formula may only be used at a given point if it appeared earlier in the same branch or an outer (enclosing) branch to the current branch. Formulas from closed branches or sibling branches must not be used.\n\n### SYMBOLS \nUse the following symbols for logical operations: \n & = conjunction (and), \n | = disjunction (or), \n ~ = negation (not), \n -> = implication (implies).\n\nQuantifiers symbols:  \n    Ax represents ∀x  \n    Ex represents ∃x\nSo formulas with ∀x and ∃x will be represented by Ax and Ex (A and E followed by the variable x). For example, Ax (H(x)->M(x)) represents ∀x (H(x)→M(x)).\n\n###CONVENTIONS\nAtoms: only uppercase letters not immediately followed by parentesis (e.g. P, Q, R).\nPredicates: uppercase letters immediately followed by parentesis (e.g. H(x), M(y), Q(a,b) ). All predicates must use parentheses.\nVariables: first letter in lowercase, can be followed by letters and numbers (e.g., x, x0, xP0).\n\nWrite only the final proof in <proof>...</proof> tags. Only use <proof>...</proof> tags ONCE. Omit names of the rules. Only use these symbols inside the proof '&' , '->', '~', '|', '@', '(', ')', '{', '}', 'Ax', 'Ex'.\nDo not include explanations, commentary, or extra text inside and outside the <proof>...</proof> tags.\n""}, {'role': 'user', 'content': ""Prove 'Ex P(x), Ax (P(x)->Q(x)) |- Ex Q(x)', using the analytical tableau method. Final answer using the notation described. ""}, {'role': 'assistant', 'content': ' <proof>\n                        1. T Ex P(x) pre\n                        2. T Ax (P(x)->Q(x)) pre\n                        3. F Ex Q(x) conclusion\n                        4. T P(a) 1 \n                        5. T (P(a)->Q(a)) 2 \n                        6. F Q(a) 3 \n                        7.{ F P(a) 5 \n                        8. @ 4,7}    \n                        9.{ T Q(a) 5 \n                        10. @ 6,9}   \n                    </proof>'}, {'role': 'user', 'content': ""Prove 'Ax (P(x)|P(x)) |- Ax P(x)', using the analytical tableau method. Final answer using the notation described.""}, {'role': 'assistant', 'content': ' <proof>\n                            1. T Ax (P(x)|P(x)) pre \n                            2. F Ax P(x) conclusion\n                            3. F P(a) 2          \n                            4. T (P(a)|P(a)) 1   \n                            5.{ T P(a) 4         \n                            6. @ 3,5}            \n                            7.{ T P(a) 4         \n                            8. @ 3,7}            \n                        </proof>'}, {'role': 'user', 'content': ""Prove'|- Ax (B(x)->(C(x)&D(x)))->(Ax B(x)->Ax C(x))' using the analytical tableau method. Only one final answer, surrounded by <proof>...</proof>, using the notation described.""}]","<proof>
1. F (Ax (B(x)->(C(x)&D(x))) -> (Ax B(x) -> Ax C(x))) conclusion
2. T Ax (B(x)->(C(x)&D(x))) 1
3. F (Ax B(x) -> Ax C(x)) 1
4. T Ax B(x) 3
5. F Ax C(x) 3
6. F C(a) 5
7. T B(a) 4
8. T (B(a)->(C(a)&D(a))) 2
9.{ F B(a) 8
10. @ 7,9}
11.{ T C(a)&D(a) 8
12. T C(a) 11
13. T D(a) 11
14. @ 6,12}
</proof>","1. F (Ax (B(x)->(C(x)&D(x))) -> (Ax B(x) -> Ax C(x))) conclusion
2. T Ax (B(x)->(C(x)&D(x))) 1
3. F (Ax B(x) -> Ax C(x)) 1
4. T Ax B(x) 3
5. F Ax C(x) 3
6. F C(a) 5
7. T B(a) 4
8. T (B(a)->(C(a)&D(a))) 2
9.{ F B(a) 8
10. @ 7,9}
11.{ T C(a)&D(a) 8
12. T C(a) 11
13. T D(a) 11
14. @ 6,12}",The proof is valid.,47.85153436660767,stop,1054.0,1421.0
|- Ax (Ey B(y)->C(x))->(Ey B(y)->Ax C(x)),"[{'role': 'system', 'content': ""\nYou are an expert in logic using the semantic Tableaux method. \nYou will receive a first order logic formula and must prove its validity using the semantic tableau method, represent the proof in a Fitch-like notation, following these formatting instructions:\n\n### FORMAT OF PROOF LINES: \nExpanding proof line must be structured like: '<line_number>. <T_or_F> <formula> <origin>'\n- <line_number>: sequential integer, always ending with a dot ('1.', '2.', '3.', ...)\n- <T_or_F> → T for true formulas, F for false formulas. \n- <formula>: the formula derived on that line\n- <origin> is exactly one of:\n    pre (for premises)\n    conclusion (for the conclusion)\n    a comma-separated list of line numbers indicating the formula(s) used to derive the current line (e.g. '1', '3', '1,3')\n\n### BRANCHING FORMAT \nUse curly braces { and } to open and close branches. \n{ must appear immediately after the line number that opens a branch (e.g. '8.{ F A|B 3') \n} must appear at the end of the line that closes that branch (e.g. '12. @ 5,7}'). Exception: the main (initial) branch does not require a closing }, since it is not opened by {.\nBranches may be nested. But a formula may only be used at a given point if it appeared earlier in the same branch or an outer (enclosing) branch to the current branch. Formulas from closed branches or sibling branches must not be used.\n\n### SYMBOLS \nUse the following symbols for logical operations: \n & = conjunction (and), \n | = disjunction (or), \n ~ = negation (not), \n -> = implication (implies).\n\nQuantifiers symbols:  \n    Ax represents ∀x  \n    Ex represents ∃x\nSo formulas with ∀x and ∃x will be represented by Ax and Ex (A and E followed by the variable x). For example, Ax (H(x)->M(x)) represents ∀x (H(x)→M(x)).\n\n###CONVENTIONS\nAtoms: only uppercase letters not immediately followed by parentesis (e.g. P, Q, R).\nPredicates: uppercase letters immediately followed by parentesis (e.g. H(x), M(y), Q(a,b) ). All predicates must use parentheses.\nVariables: first letter in lowercase, can be followed by letters and numbers (e.g., x, x0, xP0).\n\nWrite only the final proof in <proof>...</proof> tags. Only use <proof>...</proof> tags ONCE. Omit names of the rules. Only use these symbols inside the proof '&' , '->', '~', '|', '@', '(', ')', '{', '}', 'Ax', 'Ex'.\nDo not include explanations, commentary, or extra text inside and outside the <proof>...</proof> tags.\n""}, {'role': 'user', 'content': ""Prove 'Ex P(x), Ax (P(x)->Q(x)) |- Ex Q(x)', using the analytical tableau method. Final answer using the notation described. ""}, {'role': 'assistant', 'content': ' <proof>\n                        1. T Ex P(x) pre\n                        2. T Ax (P(x)->Q(x)) pre\n                        3. F Ex Q(x) conclusion\n                        4. T P(a) 1 \n                        5. T (P(a)->Q(a)) 2 \n                        6. F Q(a) 3 \n                        7.{ F P(a) 5 \n                        8. @ 4,7}    \n                        9.{ T Q(a) 5 \n                        10. @ 6,9}   \n                    </proof>'}, {'role': 'user', 'content': ""Prove 'Ax (P(x)|P(x)) |- Ax P(x)', using the analytical tableau method. Final answer using the notation described.""}, {'role': 'assistant', 'content': ' <proof>\n                            1. T Ax (P(x)|P(x)) pre \n                            2. F Ax P(x) conclusion\n                            3. F P(a) 2          \n                            4. T (P(a)|P(a)) 1   \n                            5.{ T P(a) 4         \n                            6. @ 3,5}            \n                            7.{ T P(a) 4         \n                            8. @ 3,7}            \n                        </proof>'}, {'role': 'user', 'content': ""Prove'|- Ax (Ey B(y)->C(x))->(Ey B(y)->Ax C(x))' using the analytical tableau method. Only one final answer, surrounded by <proof>...</proof>, using the notation described.""}]","<proof>
1. F (Ax (Ey B(y)->C(x))->(Ey B(y)->Ax C(x))) conclusion
2. T Ax (Ey B(y)->C(x)) 1
3. F (Ey B(y)->Ax C(x)) 1
4. T Ey B(y) 3
5. F Ax C(x) 3
6. F C(a) 5
7. T (Ey B(y)->C(a)) 2
8.{ F Ey B(y) 7
9. @ 4,8}
10.{ T C(a) 7
11. @ 6,10}
</proof>","1. F (Ax (Ey B(y)->C(x))->(Ey B(y)->Ax C(x))) conclusion
2. T Ax (Ey B(y)->C(x)) 1
3. F (Ey B(y)->Ax C(x)) 1
4. T Ey B(y) 3
5. F Ax C(x) 3
6. F C(a) 5
7. T (Ey B(y)->C(a)) 2
8.{ F Ey B(y) 7
9. @ 4,8}
10.{ T C(a) 7
11. @ 6,10}",The proof is valid.,53.01559209823608,stop,1050.0,1578.0
|- (Ax B(x)|Ax C(x))->Ax (B(x)|C(x)),"[{'role': 'system', 'content': ""\nYou are an expert in logic using the semantic Tableaux method. \nYou will receive a first order logic formula and must prove its validity using the semantic tableau method, represent the proof in a Fitch-like notation, following these formatting instructions:\n\n### FORMAT OF PROOF LINES: \nExpanding proof line must be structured like: '<line_number>. <T_or_F> <formula> <origin>'\n- <line_number>: sequential integer, always ending with a dot ('1.', '2.', '3.', ...)\n- <T_or_F> → T for true formulas, F for false formulas. \n- <formula>: the formula derived on that line\n- <origin> is exactly one of:\n    pre (for premises)\n    conclusion (for the conclusion)\n    a comma-separated list of line numbers indicating the formula(s) used to derive the current line (e.g. '1', '3', '1,3')\n\n### BRANCHING FORMAT \nUse curly braces { and } to open and close branches. \n{ must appear immediately after the line number that opens a branch (e.g. '8.{ F A|B 3') \n} must appear at the end of the line that closes that branch (e.g. '12. @ 5,7}'). Exception: the main (initial) branch does not require a closing }, since it is not opened by {.\nBranches may be nested. But a formula may only be used at a given point if it appeared earlier in the same branch or an outer (enclosing) branch to the current branch. Formulas from closed branches or sibling branches must not be used.\n\n### SYMBOLS \nUse the following symbols for logical operations: \n & = conjunction (and), \n | = disjunction (or), \n ~ = negation (not), \n -> = implication (implies).\n\nQuantifiers symbols:  \n    Ax represents ∀x  \n    Ex represents ∃x\nSo formulas with ∀x and ∃x will be represented by Ax and Ex (A and E followed by the variable x). For example, Ax (H(x)->M(x)) represents ∀x (H(x)→M(x)).\n\n###CONVENTIONS\nAtoms: only uppercase letters not immediately followed by parentesis (e.g. P, Q, R).\nPredicates: uppercase letters immediately followed by parentesis (e.g. H(x), M(y), Q(a,b) ). All predicates must use parentheses.\nVariables: first letter in lowercase, can be followed by letters and numbers (e.g., x, x0, xP0).\n\nWrite only the final proof in <proof>...</proof> tags. Only use <proof>...</proof> tags ONCE. Omit names of the rules. Only use these symbols inside the proof '&' , '->', '~', '|', '@', '(', ')', '{', '}', 'Ax', 'Ex'.\nDo not include explanations, commentary, or extra text inside and outside the <proof>...</proof> tags.\n""}, {'role': 'user', 'content': ""Prove 'Ex P(x), Ax (P(x)->Q(x)) |- Ex Q(x)', using the analytical tableau method. Final answer using the notation described. ""}, {'role': 'assistant', 'content': ' <proof>\n                        1. T Ex P(x) pre\n                        2. T Ax (P(x)->Q(x)) pre\n                        3. F Ex Q(x) conclusion\n                        4. T P(a) 1 \n                        5. T (P(a)->Q(a)) 2 \n                        6. F Q(a) 3 \n                        7.{ F P(a) 5 \n                        8. @ 4,7}    \n                        9.{ T Q(a) 5 \n                        10. @ 6,9}   \n                    </proof>'}, {'role': 'user', 'content': ""Prove 'Ax (P(x)|P(x)) |- Ax P(x)', using the analytical tableau method. Final answer using the notation described.""}, {'role': 'assistant', 'content': ' <proof>\n                            1. T Ax (P(x)|P(x)) pre \n                            2. F Ax P(x) conclusion\n                            3. F P(a) 2          \n                            4. T (P(a)|P(a)) 1   \n                            5.{ T P(a) 4         \n                            6. @ 3,5}            \n                            7.{ T P(a) 4         \n                            8. @ 3,7}            \n                        </proof>'}, {'role': 'user', 'content': ""Prove'|- (Ax B(x)|Ax C(x))->Ax (B(x)|C(x))' using the analytical tableau method. Only one final answer, surrounded by <proof>...</proof>, using the notation described.""}]","<proof>
1. F ((Ax B(x)|Ax C(x))->Ax (B(x)|C(x))) conclusion
2. T (Ax B(x)|Ax C(x)) 1
3. F Ax (B(x)|C(x)) 1
4. F (B(a)|C(a)) 3
5. F B(a) 4
6. F C(a) 4
7.{ T Ax B(x) 2
8.   T B(a) 7
9.   @ 5,8}
10.{ T Ax C(x) 2
11.   T C(a) 10
12.   @ 6,11}
</proof>","1. F ((Ax B(x)|Ax C(x))->Ax (B(x)|C(x))) conclusion
2. T (Ax B(x)|Ax C(x)) 1
3. F Ax (B(x)|C(x)) 1
4. F (B(a)|C(a)) 3
5. F B(a) 4
6. F C(a) 4
7.{ T Ax B(x) 2
8.   T B(a) 7
9.   @ 5,8}
10.{ T Ax C(x) 2
11.   T C(a) 10
12.   @ 6,11}",The proof is valid.,44.44549989700317,stop,1049.0,1324.0
|- Ex (B(x)&C(x))->Ex B(x),"[{'role': 'system', 'content': ""\nYou are an expert in logic using the semantic Tableaux method. \nYou will receive a first order logic formula and must prove its validity using the semantic tableau method, represent the proof in a Fitch-like notation, following these formatting instructions:\n\n### FORMAT OF PROOF LINES: \nExpanding proof line must be structured like: '<line_number>. <T_or_F> <formula> <origin>'\n- <line_number>: sequential integer, always ending with a dot ('1.', '2.', '3.', ...)\n- <T_or_F> → T for true formulas, F for false formulas. \n- <formula>: the formula derived on that line\n- <origin> is exactly one of:\n    pre (for premises)\n    conclusion (for the conclusion)\n    a comma-separated list of line numbers indicating the formula(s) used to derive the current line (e.g. '1', '3', '1,3')\n\n### BRANCHING FORMAT \nUse curly braces { and } to open and close branches. \n{ must appear immediately after the line number that opens a branch (e.g. '8.{ F A|B 3') \n} must appear at the end of the line that closes that branch (e.g. '12. @ 5,7}'). Exception: the main (initial) branch does not require a closing }, since it is not opened by {.\nBranches may be nested. But a formula may only be used at a given point if it appeared earlier in the same branch or an outer (enclosing) branch to the current branch. Formulas from closed branches or sibling branches must not be used.\n\n### SYMBOLS \nUse the following symbols for logical operations: \n & = conjunction (and), \n | = disjunction (or), \n ~ = negation (not), \n -> = implication (implies).\n\nQuantifiers symbols:  \n    Ax represents ∀x  \n    Ex represents ∃x\nSo formulas with ∀x and ∃x will be represented by Ax and Ex (A and E followed by the variable x). For example, Ax (H(x)->M(x)) represents ∀x (H(x)→M(x)).\n\n###CONVENTIONS\nAtoms: only uppercase letters not immediately followed by parentesis (e.g. P, Q, R).\nPredicates: uppercase letters immediately followed by parentesis (e.g. H(x), M(y), Q(a,b) ). All predicates must use parentheses.\nVariables: first letter in lowercase, can be followed by letters and numbers (e.g., x, x0, xP0).\n\nWrite only the final proof in <proof>...</proof> tags. Only use <proof>...</proof> tags ONCE. Omit names of the rules. Only use these symbols inside the proof '&' , '->', '~', '|', '@', '(', ')', '{', '}', 'Ax', 'Ex'.\nDo not include explanations, commentary, or extra text inside and outside the <proof>...</proof> tags.\n""}, {'role': 'user', 'content': ""Prove 'Ex P(x), Ax (P(x)->Q(x)) |- Ex Q(x)', using the analytical tableau method. Final answer using the notation described. ""}, {'role': 'assistant', 'content': ' <proof>\n                        1. T Ex P(x) pre\n                        2. T Ax (P(x)->Q(x)) pre\n                        3. F Ex Q(x) conclusion\n                        4. T P(a) 1 \n                        5. T (P(a)->Q(a)) 2 \n                        6. F Q(a) 3 \n                        7.{ F P(a) 5 \n                        8. @ 4,7}    \n                        9.{ T Q(a) 5 \n                        10. @ 6,9}   \n                    </proof>'}, {'role': 'user', 'content': ""Prove 'Ax (P(x)|P(x)) |- Ax P(x)', using the analytical tableau method. Final answer using the notation described.""}, {'role': 'assistant', 'content': ' <proof>\n                            1. T Ax (P(x)|P(x)) pre \n                            2. F Ax P(x) conclusion\n                            3. F P(a) 2          \n                            4. T (P(a)|P(a)) 1   \n                            5.{ T P(a) 4         \n                            6. @ 3,5}            \n                            7.{ T P(a) 4         \n                            8. @ 3,7}            \n                        </proof>'}, {'role': 'user', 'content': ""Prove'|- Ex (B(x)&C(x))->Ex B(x)' using the analytical tableau method. Only one final answer, surrounded by <proof>...</proof>, using the notation described.""}]","<proof>
1. F (Ex (B(x)&C(x))->Ex B(x)) conclusion
2. T Ex (B(x)&C(x)) 1
3. F Ex B(x) 1
4. T (B(a)&C(a)) 2
5. T B(a) 4
6. T C(a) 4
7. T Ax ~B(x) 3
8. T ~B(a) 7
9.@ 5,8
</proof>","1. F (Ex (B(x)&C(x))->Ex B(x)) conclusion
2. T Ex (B(x)&C(x)) 1
3. F Ex B(x) 1
4. T (B(a)&C(a)) 2
5. T B(a) 4
6. T C(a) 4
7. T Ax ~B(x) 3
8. T ~B(a) 7
9.@ 5,8","The following errors were found:

Error in line 7:
7. T Ax ~B(x) 3
   ^, The truth value should be F for this rule.
Error in line 7:
7. T Ax ~B(x) 3
     ^, Formula referenced in line 3 is not a existential formula with truth-value T.
Error in line 7:
7. T Ax ~B(x) 3
     ^, Formula Ax ~B(x) is not a valid substitutuion for the existential formula referenced in the line 3.
Error in line 9:
9.@ 5,8
    ^, None of the formulas referenced by the lines contradict the other formula.",36.706146240234375,stop,1043.0,1086.0
"Ax (B(x)->C(x)), Ax B(x) |- Ax C(x)","[{'role': 'system', 'content': ""\nYou are an expert in logic using the semantic Tableaux method. \nYou will receive a first order logic formula and must prove its validity using the semantic tableau method, represent the proof in a Fitch-like notation, following these formatting instructions:\n\n### FORMAT OF PROOF LINES: \nExpanding proof line must be structured like: '<line_number>. <T_or_F> <formula> <origin>'\n- <line_number>: sequential integer, always ending with a dot ('1.', '2.', '3.', ...)\n- <T_or_F> → T for true formulas, F for false formulas. \n- <formula>: the formula derived on that line\n- <origin> is exactly one of:\n    pre (for premises)\n    conclusion (for the conclusion)\n    a comma-separated list of line numbers indicating the formula(s) used to derive the current line (e.g. '1', '3', '1,3')\n\n### BRANCHING FORMAT \nUse curly braces { and } to open and close branches. \n{ must appear immediately after the line number that opens a branch (e.g. '8.{ F A|B 3') \n} must appear at the end of the line that closes that branch (e.g. '12. @ 5,7}'). Exception: the main (initial) branch does not require a closing }, since it is not opened by {.\nBranches may be nested. But a formula may only be used at a given point if it appeared earlier in the same branch or an outer (enclosing) branch to the current branch. Formulas from closed branches or sibling branches must not be used.\n\n### SYMBOLS \nUse the following symbols for logical operations: \n & = conjunction (and), \n | = disjunction (or), \n ~ = negation (not), \n -> = implication (implies).\n\nQuantifiers symbols:  \n    Ax represents ∀x  \n    Ex represents ∃x\nSo formulas with ∀x and ∃x will be represented by Ax and Ex (A and E followed by the variable x). For example, Ax (H(x)->M(x)) represents ∀x (H(x)→M(x)).\n\n###CONVENTIONS\nAtoms: only uppercase letters not immediately followed by parentesis (e.g. P, Q, R).\nPredicates: uppercase letters immediately followed by parentesis (e.g. H(x), M(y), Q(a,b) ). All predicates must use parentheses.\nVariables: first letter in lowercase, can be followed by letters and numbers (e.g., x, x0, xP0).\n\nWrite only the final proof in <proof>...</proof> tags. Only use <proof>...</proof> tags ONCE. Omit names of the rules. Only use these symbols inside the proof '&' , '->', '~', '|', '@', '(', ')', '{', '}', 'Ax', 'Ex'.\nDo not include explanations, commentary, or extra text inside and outside the <proof>...</proof> tags.\n""}, {'role': 'user', 'content': ""Prove 'Ex P(x), Ax (P(x)->Q(x)) |- Ex Q(x)', using the analytical tableau method. Final answer using the notation described. ""}, {'role': 'assistant', 'content': ' <proof>\n                        1. T Ex P(x) pre\n                        2. T Ax (P(x)->Q(x)) pre\n                        3. F Ex Q(x) conclusion\n                        4. T P(a) 1 \n                        5. T (P(a)->Q(a)) 2 \n                        6. F Q(a) 3 \n                        7.{ F P(a) 5 \n                        8. @ 4,7}    \n                        9.{ T Q(a) 5 \n                        10. @ 6,9}   \n                    </proof>'}, {'role': 'user', 'content': ""Prove 'Ax (P(x)|P(x)) |- Ax P(x)', using the analytical tableau method. Final answer using the notation described.""}, {'role': 'assistant', 'content': ' <proof>\n                            1. T Ax (P(x)|P(x)) pre \n                            2. F Ax P(x) conclusion\n                            3. F P(a) 2          \n                            4. T (P(a)|P(a)) 1   \n                            5.{ T P(a) 4         \n                            6. @ 3,5}            \n                            7.{ T P(a) 4         \n                            8. @ 3,7}            \n                        </proof>'}, {'role': 'user', 'content': ""Prove'Ax (B(x)->C(x)), Ax B(x) |- Ax C(x)' using the analytical tableau method. Only one final answer, surrounded by <proof>...</proof>, using the notation described.""}]","<proof>
1. T Ax (B(x)->C(x)) pre
2. T Ax B(x) pre
3. F Ax C(x) conclusion
4. T (B(a)->C(a)) 1
5. T B(a) 2
6. F C(a) 3
7.{ F B(a) 4
8. @ 5,7}
9.{ T C(a) 4
10. @ 6,9}
</proof>","1. T Ax (B(x)->C(x)) pre
2. T Ax B(x) pre
3. F Ax C(x) conclusion
4. T (B(a)->C(a)) 1
5. T B(a) 2
6. F C(a) 3
7.{ F B(a) 4
8. @ 5,7}
9.{ T C(a) 4
10. @ 6,9}","The following errors were found:

Error in line 6:
6. F C(a) 3
     ^, The variable used in this formula C(a) is not a new variable and therefore cannot be used in this rule.",39.62720799446106,stop,1047.0,1182.0
"Ax (B(x)->C(x)), Ax (C(x)->D(x)) |- Ex (B(x)&F(x))->Ex (D(x)&F(x))","[{'role': 'system', 'content': ""\nYou are an expert in logic using the semantic Tableaux method. \nYou will receive a first order logic formula and must prove its validity using the semantic tableau method, represent the proof in a Fitch-like notation, following these formatting instructions:\n\n### FORMAT OF PROOF LINES: \nExpanding proof line must be structured like: '<line_number>. <T_or_F> <formula> <origin>'\n- <line_number>: sequential integer, always ending with a dot ('1.', '2.', '3.', ...)\n- <T_or_F> → T for true formulas, F for false formulas. \n- <formula>: the formula derived on that line\n- <origin> is exactly one of:\n    pre (for premises)\n    conclusion (for the conclusion)\n    a comma-separated list of line numbers indicating the formula(s) used to derive the current line (e.g. '1', '3', '1,3')\n\n### BRANCHING FORMAT \nUse curly braces { and } to open and close branches. \n{ must appear immediately after the line number that opens a branch (e.g. '8.{ F A|B 3') \n} must appear at the end of the line that closes that branch (e.g. '12. @ 5,7}'). Exception: the main (initial) branch does not require a closing }, since it is not opened by {.\nBranches may be nested. But a formula may only be used at a given point if it appeared earlier in the same branch or an outer (enclosing) branch to the current branch. Formulas from closed branches or sibling branches must not be used.\n\n### SYMBOLS \nUse the following symbols for logical operations: \n & = conjunction (and), \n | = disjunction (or), \n ~ = negation (not), \n -> = implication (implies).\n\nQuantifiers symbols:  \n    Ax represents ∀x  \n    Ex represents ∃x\nSo formulas with ∀x and ∃x will be represented by Ax and Ex (A and E followed by the variable x). For example, Ax (H(x)->M(x)) represents ∀x (H(x)→M(x)).\n\n###CONVENTIONS\nAtoms: only uppercase letters not immediately followed by parentesis (e.g. P, Q, R).\nPredicates: uppercase letters immediately followed by parentesis (e.g. H(x), M(y), Q(a,b) ). All predicates must use parentheses.\nVariables: first letter in lowercase, can be followed by letters and numbers (e.g., x, x0, xP0).\n\nWrite only the final proof in <proof>...</proof> tags. Only use <proof>...</proof> tags ONCE. Omit names of the rules. Only use these symbols inside the proof '&' , '->', '~', '|', '@', '(', ')', '{', '}', 'Ax', 'Ex'.\nDo not include explanations, commentary, or extra text inside and outside the <proof>...</proof> tags.\n""}, {'role': 'user', 'content': ""Prove 'Ex P(x), Ax (P(x)->Q(x)) |- Ex Q(x)', using the analytical tableau method. Final answer using the notation described. ""}, {'role': 'assistant', 'content': ' <proof>\n                        1. T Ex P(x) pre\n                        2. T Ax (P(x)->Q(x)) pre\n                        3. F Ex Q(x) conclusion\n                        4. T P(a) 1 \n                        5. T (P(a)->Q(a)) 2 \n                        6. F Q(a) 3 \n                        7.{ F P(a) 5 \n                        8. @ 4,7}    \n                        9.{ T Q(a) 5 \n                        10. @ 6,9}   \n                    </proof>'}, {'role': 'user', 'content': ""Prove 'Ax (P(x)|P(x)) |- Ax P(x)', using the analytical tableau method. Final answer using the notation described.""}, {'role': 'assistant', 'content': ' <proof>\n                            1. T Ax (P(x)|P(x)) pre \n                            2. F Ax P(x) conclusion\n                            3. F P(a) 2          \n                            4. T (P(a)|P(a)) 1   \n                            5.{ T P(a) 4         \n                            6. @ 3,5}            \n                            7.{ T P(a) 4         \n                            8. @ 3,7}            \n                        </proof>'}, {'role': 'user', 'content': ""Prove'Ax (B(x)->C(x)), Ax (C(x)->D(x)) |- Ex (B(x)&F(x))->Ex (D(x)&F(x))' using the analytical tableau method. Only one final answer, surrounded by <proof>...</proof>, using the notation described.""}]","<proof>
1. T Ax (B(x)->C(x)) pre
2. T Ax (C(x)->D(x)) pre
3. F Ex (B(x)&F(x))->Ex (D(x)&F(x)) conclusion
4. T Ex (B(x)&F(x)) 3
5. F Ex (D(x)&F(x)) 3
6. T (B(a)&F(a)) 4
7. T B(a) 6
8. T F(a) 6
9. T (B(a)->C(a)) 1
10. T (C(a)->D(a)) 2
11. T C(a) 7,9
12. T D(a) 11,10
13. T (D(a)&F(a)) 12,8
14. T Ex (D(x)&F(x)) 13
15. @ 5,14
</proof>","1. T Ax (B(x)->C(x)) pre
2. T Ax (C(x)->D(x)) pre
3. F Ex (B(x)&F(x))->Ex (D(x)&F(x)) conclusion
4. T Ex (B(x)&F(x)) 3
5. F Ex (D(x)&F(x)) 3
6. T (B(a)&F(a)) 4
7. T B(a) 6
8. T F(a) 6
9. T (B(a)->C(a)) 1
10. T (C(a)->D(a)) 2
11. T C(a) 7,9
12. T D(a) 11,10
13. T (D(a)&F(a)) 12,8
14. T Ex (D(x)&F(x)) 13
15. @ 5,14","The following errors were found:

One of definitions are not completed. Please, check whether all rules are correctly written.
Recall that a rule of inference starts with a numeber, followed by . (reference line), the truth value of the formula (T or F), has a formula and the justification (premise, conclusion or one of the inference rules with its formula references).Sintax error:
3. F Ex (B(x)&F(x))->Ex (D(x)&F(x)) conclusion
             ^
",50.83058762550354,stop,1064.0,1500.0
B->Ax C(x) |- Ax (B->C(x)),"[{'role': 'system', 'content': ""\nYou are an expert in logic using the semantic Tableaux method. \nYou will receive a first order logic formula and must prove its validity using the semantic tableau method, represent the proof in a Fitch-like notation, following these formatting instructions:\n\n### FORMAT OF PROOF LINES: \nExpanding proof line must be structured like: '<line_number>. <T_or_F> <formula> <origin>'\n- <line_number>: sequential integer, always ending with a dot ('1.', '2.', '3.', ...)\n- <T_or_F> → T for true formulas, F for false formulas. \n- <formula>: the formula derived on that line\n- <origin> is exactly one of:\n    pre (for premises)\n    conclusion (for the conclusion)\n    a comma-separated list of line numbers indicating the formula(s) used to derive the current line (e.g. '1', '3', '1,3')\n\n### BRANCHING FORMAT \nUse curly braces { and } to open and close branches. \n{ must appear immediately after the line number that opens a branch (e.g. '8.{ F A|B 3') \n} must appear at the end of the line that closes that branch (e.g. '12. @ 5,7}'). Exception: the main (initial) branch does not require a closing }, since it is not opened by {.\nBranches may be nested. But a formula may only be used at a given point if it appeared earlier in the same branch or an outer (enclosing) branch to the current branch. Formulas from closed branches or sibling branches must not be used.\n\n### SYMBOLS \nUse the following symbols for logical operations: \n & = conjunction (and), \n | = disjunction (or), \n ~ = negation (not), \n -> = implication (implies).\n\nQuantifiers symbols:  \n    Ax represents ∀x  \n    Ex represents ∃x\nSo formulas with ∀x and ∃x will be represented by Ax and Ex (A and E followed by the variable x). For example, Ax (H(x)->M(x)) represents ∀x (H(x)→M(x)).\n\n###CONVENTIONS\nAtoms: only uppercase letters not immediately followed by parentesis (e.g. P, Q, R).\nPredicates: uppercase letters immediately followed by parentesis (e.g. H(x), M(y), Q(a,b) ). All predicates must use parentheses.\nVariables: first letter in lowercase, can be followed by letters and numbers (e.g., x, x0, xP0).\n\nWrite only the final proof in <proof>...</proof> tags. Only use <proof>...</proof> tags ONCE. Omit names of the rules. Only use these symbols inside the proof '&' , '->', '~', '|', '@', '(', ')', '{', '}', 'Ax', 'Ex'.\nDo not include explanations, commentary, or extra text inside and outside the <proof>...</proof> tags.\n""}, {'role': 'user', 'content': ""Prove 'Ex P(x), Ax (P(x)->Q(x)) |- Ex Q(x)', using the analytical tableau method. Final answer using the notation described. ""}, {'role': 'assistant', 'content': ' <proof>\n                        1. T Ex P(x) pre\n                        2. T Ax (P(x)->Q(x)) pre\n                        3. F Ex Q(x) conclusion\n                        4. T P(a) 1 \n                        5. T (P(a)->Q(a)) 2 \n                        6. F Q(a) 3 \n                        7.{ F P(a) 5 \n                        8. @ 4,7}    \n                        9.{ T Q(a) 5 \n                        10. @ 6,9}   \n                    </proof>'}, {'role': 'user', 'content': ""Prove 'Ax (P(x)|P(x)) |- Ax P(x)', using the analytical tableau method. Final answer using the notation described.""}, {'role': 'assistant', 'content': ' <proof>\n                            1. T Ax (P(x)|P(x)) pre \n                            2. F Ax P(x) conclusion\n                            3. F P(a) 2          \n                            4. T (P(a)|P(a)) 1   \n                            5.{ T P(a) 4         \n                            6. @ 3,5}            \n                            7.{ T P(a) 4         \n                            8. @ 3,7}            \n                        </proof>'}, {'role': 'user', 'content': ""Prove'B->Ax C(x) |- Ax (B->C(x))' using the analytical tableau method. Only one final answer, surrounded by <proof>...</proof>, using the notation described.""}]","<proof>
1. T (B->Ax C(x)) pre
2. F Ax (B->C(x)) conclusion
3. F (B->C(a)) 2
4.{ F B 1
5. T B 3
6. F C(a) 3
7. @ 4,5}
8.{ T Ax C(x) 1
9. T B 3
10. F C(a) 3
11. T C(a) 8
12. @ 10,11}
</proof>","1. T (B->Ax C(x)) pre
2. F Ax (B->C(x)) conclusion
3. F (B->C(a)) 2
4.{ F B 1
5. T B 3
6. F C(a) 3
7. @ 4,5}
8.{ T Ax C(x) 1
9. T B 3
10. F C(a) 3
11. T C(a) 8
12. @ 10,11}",The proof is valid.,49.36375999450684,stop,1045.0,1471.0
"Ex (B(x)->C(x)), Ax B(x) |- Ex C(x)","[{'role': 'system', 'content': ""\nYou are an expert in logic using the semantic Tableaux method. \nYou will receive a first order logic formula and must prove its validity using the semantic tableau method, represent the proof in a Fitch-like notation, following these formatting instructions:\n\n### FORMAT OF PROOF LINES: \nExpanding proof line must be structured like: '<line_number>. <T_or_F> <formula> <origin>'\n- <line_number>: sequential integer, always ending with a dot ('1.', '2.', '3.', ...)\n- <T_or_F> → T for true formulas, F for false formulas. \n- <formula>: the formula derived on that line\n- <origin> is exactly one of:\n    pre (for premises)\n    conclusion (for the conclusion)\n    a comma-separated list of line numbers indicating the formula(s) used to derive the current line (e.g. '1', '3', '1,3')\n\n### BRANCHING FORMAT \nUse curly braces { and } to open and close branches. \n{ must appear immediately after the line number that opens a branch (e.g. '8.{ F A|B 3') \n} must appear at the end of the line that closes that branch (e.g. '12. @ 5,7}'). Exception: the main (initial) branch does not require a closing }, since it is not opened by {.\nBranches may be nested. But a formula may only be used at a given point if it appeared earlier in the same branch or an outer (enclosing) branch to the current branch. Formulas from closed branches or sibling branches must not be used.\n\n### SYMBOLS \nUse the following symbols for logical operations: \n & = conjunction (and), \n | = disjunction (or), \n ~ = negation (not), \n -> = implication (implies).\n\nQuantifiers symbols:  \n    Ax represents ∀x  \n    Ex represents ∃x\nSo formulas with ∀x and ∃x will be represented by Ax and Ex (A and E followed by the variable x). For example, Ax (H(x)->M(x)) represents ∀x (H(x)→M(x)).\n\n###CONVENTIONS\nAtoms: only uppercase letters not immediately followed by parentesis (e.g. P, Q, R).\nPredicates: uppercase letters immediately followed by parentesis (e.g. H(x), M(y), Q(a,b) ). All predicates must use parentheses.\nVariables: first letter in lowercase, can be followed by letters and numbers (e.g., x, x0, xP0).\n\nWrite only the final proof in <proof>...</proof> tags. Only use <proof>...</proof> tags ONCE. Omit names of the rules. Only use these symbols inside the proof '&' , '->', '~', '|', '@', '(', ')', '{', '}', 'Ax', 'Ex'.\nDo not include explanations, commentary, or extra text inside and outside the <proof>...</proof> tags.\n""}, {'role': 'user', 'content': ""Prove 'Ex P(x), Ax (P(x)->Q(x)) |- Ex Q(x)', using the analytical tableau method. Final answer using the notation described. ""}, {'role': 'assistant', 'content': ' <proof>\n                        1. T Ex P(x) pre\n                        2. T Ax (P(x)->Q(x)) pre\n                        3. F Ex Q(x) conclusion\n                        4. T P(a) 1 \n                        5. T (P(a)->Q(a)) 2 \n                        6. F Q(a) 3 \n                        7.{ F P(a) 5 \n                        8. @ 4,7}    \n                        9.{ T Q(a) 5 \n                        10. @ 6,9}   \n                    </proof>'}, {'role': 'user', 'content': ""Prove 'Ax (P(x)|P(x)) |- Ax P(x)', using the analytical tableau method. Final answer using the notation described.""}, {'role': 'assistant', 'content': ' <proof>\n                            1. T Ax (P(x)|P(x)) pre \n                            2. F Ax P(x) conclusion\n                            3. F P(a) 2          \n                            4. T (P(a)|P(a)) 1   \n                            5.{ T P(a) 4         \n                            6. @ 3,5}            \n                            7.{ T P(a) 4         \n                            8. @ 3,7}            \n                        </proof>'}, {'role': 'user', 'content': ""Prove'Ex (B(x)->C(x)), Ax B(x) |- Ex C(x)' using the analytical tableau method. Only one final answer, surrounded by <proof>...</proof>, using the notation described.""}]","<proof>
1. T Ex (B(x)->C(x)) pre
2. T Ax B(x) pre
3. F Ex C(x) conclusion
4. T Ax ~C(x) 3
5. F C(a) 4
6. T (B(a)->C(a)) 1
7. T B(a) 2
8.{ F B(a) 7
9. @ 7,8}
10.{ T C(a) 6
11. @ 5,10}
</proof>","1. T Ex (B(x)->C(x)) pre
2. T Ax B(x) pre
3. F Ex C(x) conclusion
4. T Ax ~C(x) 3
5. F C(a) 4
6. T (B(a)->C(a)) 1
7. T B(a) 2
8.{ F B(a) 7
9. @ 7,8}
10.{ T C(a) 6
11. @ 5,10}","The following errors were found:

Error in line 4:
4. T Ax ~C(x) 3
   ^, The truth value should be F for this rule.
Error in line 5:
5. F C(a) 4
   ^, The truth value should be T for this rule.
Error in line 8:
8.{ F B(a) 7
           ^, Cannot apply rule to an atom or predicate.
Error in line 9:
9. @ 7,8}
        ^, Closing branches without an open branch.
Error in line 4:
4. T Ax ~C(x) 3
     ^, Formula referenced in line 3 is not a existential formula with truth-value T.
Error in line 4:
4. T Ax ~C(x) 3
     ^, Formula Ax ~C(x) is not a valid substitutuion for the existential formula referenced in the line 3.
Error in line 5:
5. F C(a) 4
          ^, Formula referenced in line 4 is not a universal formula with truth-value F.
Error in line 5:
5. F C(a) 4
     ^, Formula C(a) is not a valid substitution for the universal formula referenced in line 4.
Error in line 6:
6. T (B(a)->C(a)) 1
     ^, The variable used in this formula B(a)->C(a) is not a new variable and therefore cannot be used in this rule.
Error in line 10:
10.{ T C(a) 6
^, A beta rule must have exactly two branches.",64.43470072746277,stop,1047.0,1889.0
~Ex (B(x)&C(x)) |- Ax (B(x)->~C(x)),"[{'role': 'system', 'content': ""\nYou are an expert in logic using the semantic Tableaux method. \nYou will receive a first order logic formula and must prove its validity using the semantic tableau method, represent the proof in a Fitch-like notation, following these formatting instructions:\n\n### FORMAT OF PROOF LINES: \nExpanding proof line must be structured like: '<line_number>. <T_or_F> <formula> <origin>'\n- <line_number>: sequential integer, always ending with a dot ('1.', '2.', '3.', ...)\n- <T_or_F> → T for true formulas, F for false formulas. \n- <formula>: the formula derived on that line\n- <origin> is exactly one of:\n    pre (for premises)\n    conclusion (for the conclusion)\n    a comma-separated list of line numbers indicating the formula(s) used to derive the current line (e.g. '1', '3', '1,3')\n\n### BRANCHING FORMAT \nUse curly braces { and } to open and close branches. \n{ must appear immediately after the line number that opens a branch (e.g. '8.{ F A|B 3') \n} must appear at the end of the line that closes that branch (e.g. '12. @ 5,7}'). Exception: the main (initial) branch does not require a closing }, since it is not opened by {.\nBranches may be nested. But a formula may only be used at a given point if it appeared earlier in the same branch or an outer (enclosing) branch to the current branch. Formulas from closed branches or sibling branches must not be used.\n\n### SYMBOLS \nUse the following symbols for logical operations: \n & = conjunction (and), \n | = disjunction (or), \n ~ = negation (not), \n -> = implication (implies).\n\nQuantifiers symbols:  \n    Ax represents ∀x  \n    Ex represents ∃x\nSo formulas with ∀x and ∃x will be represented by Ax and Ex (A and E followed by the variable x). For example, Ax (H(x)->M(x)) represents ∀x (H(x)→M(x)).\n\n###CONVENTIONS\nAtoms: only uppercase letters not immediately followed by parentesis (e.g. P, Q, R).\nPredicates: uppercase letters immediately followed by parentesis (e.g. H(x), M(y), Q(a,b) ). All predicates must use parentheses.\nVariables: first letter in lowercase, can be followed by letters and numbers (e.g., x, x0, xP0).\n\nWrite only the final proof in <proof>...</proof> tags. Only use <proof>...</proof> tags ONCE. Omit names of the rules. Only use these symbols inside the proof '&' , '->', '~', '|', '@', '(', ')', '{', '}', 'Ax', 'Ex'.\nDo not include explanations, commentary, or extra text inside and outside the <proof>...</proof> tags.\n""}, {'role': 'user', 'content': ""Prove 'Ex P(x), Ax (P(x)->Q(x)) |- Ex Q(x)', using the analytical tableau method. Final answer using the notation described. ""}, {'role': 'assistant', 'content': ' <proof>\n                        1. T Ex P(x) pre\n                        2. T Ax (P(x)->Q(x)) pre\n                        3. F Ex Q(x) conclusion\n                        4. T P(a) 1 \n                        5. T (P(a)->Q(a)) 2 \n                        6. F Q(a) 3 \n                        7.{ F P(a) 5 \n                        8. @ 4,7}    \n                        9.{ T Q(a) 5 \n                        10. @ 6,9}   \n                    </proof>'}, {'role': 'user', 'content': ""Prove 'Ax (P(x)|P(x)) |- Ax P(x)', using the analytical tableau method. Final answer using the notation described.""}, {'role': 'assistant', 'content': ' <proof>\n                            1. T Ax (P(x)|P(x)) pre \n                            2. F Ax P(x) conclusion\n                            3. F P(a) 2          \n                            4. T (P(a)|P(a)) 1   \n                            5.{ T P(a) 4         \n                            6. @ 3,5}            \n                            7.{ T P(a) 4         \n                            8. @ 3,7}            \n                        </proof>'}, {'role': 'user', 'content': ""Prove'~Ex (B(x)&C(x)) |- Ax (B(x)->~C(x))' using the analytical tableau method. Only one final answer, surrounded by <proof>...</proof>, using the notation described.""}]","<proof>
1. T ~Ex (B(x)&C(x)) pre
2. F Ax (B(x)->~C(x)) conclusion
3. T Ex (B(x)&C(x)) 2
4. F Ex (B(x)&C(x)) 1
5. @ 3,4
</proof>","1. T ~Ex (B(x)&C(x)) pre
2. F Ax (B(x)->~C(x)) conclusion
3. T Ex (B(x)&C(x)) 2
4. F Ex (B(x)&C(x)) 1
5. @ 3,4","The following errors were found:

Error in line 3:
3. T Ex (B(x)&C(x)) 2
   ^, The truth value should be F for this rule.
Error in line 3:
3. T Ex (B(x)&C(x)) 2
                    ^, Formula referenced in line 2 is not a universal formula with truth-value T.",128.37680172920227,stop,1050.0,3664.0
"Ex B(x), Ax Ay (B(x)->C(y)) |- Ay C(y)","[{'role': 'system', 'content': ""\nYou are an expert in logic using the semantic Tableaux method. \nYou will receive a first order logic formula and must prove its validity using the semantic tableau method, represent the proof in a Fitch-like notation, following these formatting instructions:\n\n### FORMAT OF PROOF LINES: \nExpanding proof line must be structured like: '<line_number>. <T_or_F> <formula> <origin>'\n- <line_number>: sequential integer, always ending with a dot ('1.', '2.', '3.', ...)\n- <T_or_F> → T for true formulas, F for false formulas. \n- <formula>: the formula derived on that line\n- <origin> is exactly one of:\n    pre (for premises)\n    conclusion (for the conclusion)\n    a comma-separated list of line numbers indicating the formula(s) used to derive the current line (e.g. '1', '3', '1,3')\n\n### BRANCHING FORMAT \nUse curly braces { and } to open and close branches. \n{ must appear immediately after the line number that opens a branch (e.g. '8.{ F A|B 3') \n} must appear at the end of the line that closes that branch (e.g. '12. @ 5,7}'). Exception: the main (initial) branch does not require a closing }, since it is not opened by {.\nBranches may be nested. But a formula may only be used at a given point if it appeared earlier in the same branch or an outer (enclosing) branch to the current branch. Formulas from closed branches or sibling branches must not be used.\n\n### SYMBOLS \nUse the following symbols for logical operations: \n & = conjunction (and), \n | = disjunction (or), \n ~ = negation (not), \n -> = implication (implies).\n\nQuantifiers symbols:  \n    Ax represents ∀x  \n    Ex represents ∃x\nSo formulas with ∀x and ∃x will be represented by Ax and Ex (A and E followed by the variable x). For example, Ax (H(x)->M(x)) represents ∀x (H(x)→M(x)).\n\n###CONVENTIONS\nAtoms: only uppercase letters not immediately followed by parentesis (e.g. P, Q, R).\nPredicates: uppercase letters immediately followed by parentesis (e.g. H(x), M(y), Q(a,b) ). All predicates must use parentheses.\nVariables: first letter in lowercase, can be followed by letters and numbers (e.g., x, x0, xP0).\n\nWrite only the final proof in <proof>...</proof> tags. Only use <proof>...</proof> tags ONCE. Omit names of the rules. Only use these symbols inside the proof '&' , '->', '~', '|', '@', '(', ')', '{', '}', 'Ax', 'Ex'.\nDo not include explanations, commentary, or extra text inside and outside the <proof>...</proof> tags.\n""}, {'role': 'user', 'content': ""Prove 'Ex P(x), Ax (P(x)->Q(x)) |- Ex Q(x)', using the analytical tableau method. Final answer using the notation described. ""}, {'role': 'assistant', 'content': ' <proof>\n                        1. T Ex P(x) pre\n                        2. T Ax (P(x)->Q(x)) pre\n                        3. F Ex Q(x) conclusion\n                        4. T P(a) 1 \n                        5. T (P(a)->Q(a)) 2 \n                        6. F Q(a) 3 \n                        7.{ F P(a) 5 \n                        8. @ 4,7}    \n                        9.{ T Q(a) 5 \n                        10. @ 6,9}   \n                    </proof>'}, {'role': 'user', 'content': ""Prove 'Ax (P(x)|P(x)) |- Ax P(x)', using the analytical tableau method. Final answer using the notation described.""}, {'role': 'assistant', 'content': ' <proof>\n                            1. T Ax (P(x)|P(x)) pre \n                            2. F Ax P(x) conclusion\n                            3. F P(a) 2          \n                            4. T (P(a)|P(a)) 1   \n                            5.{ T P(a) 4         \n                            6. @ 3,5}            \n                            7.{ T P(a) 4         \n                            8. @ 3,7}            \n                        </proof>'}, {'role': 'user', 'content': ""Prove'Ex B(x), Ax Ay (B(x)->C(y)) |- Ay C(y)' using the analytical tableau method. Only one final answer, surrounded by <proof>...</proof>, using the notation described.""}]","<proof>
1. T Ex B(x) pre
2. T Ax Ay (B(x)->C(y)) pre
3. F Ay C(y) conclusion
4. T B(a) 1
5. F C(b) 3
6. T (B(a)->C(b)) 2
7.{ F B(a) 6
8. @ 4,7}
9.{ T C(b) 6
10. @ 5,9}
</proof>","1. T Ex B(x) pre
2. T Ax Ay (B(x)->C(y)) pre
3. F Ay C(y) conclusion
4. T B(a) 1
5. F C(b) 3
6. T (B(a)->C(b)) 2
7.{ F B(a) 6
8. @ 4,7}
9.{ T C(b) 6
10. @ 5,9}","The following errors were found:

Error in line 6:
6. T (B(a)->C(b)) 2
     ^, Formula B(a)->C(b) is not a valid substitution for the universal formula referenced in line 2.",49.64501190185547,stop,1048.0,1471.0
"Ex (B(x)&C(x)), Ax (D(x)->~C(x)) |- Ex (B(x)&~D(x))","[{'role': 'system', 'content': ""\nYou are an expert in logic using the semantic Tableaux method. \nYou will receive a first order logic formula and must prove its validity using the semantic tableau method, represent the proof in a Fitch-like notation, following these formatting instructions:\n\n### FORMAT OF PROOF LINES: \nExpanding proof line must be structured like: '<line_number>. <T_or_F> <formula> <origin>'\n- <line_number>: sequential integer, always ending with a dot ('1.', '2.', '3.', ...)\n- <T_or_F> → T for true formulas, F for false formulas. \n- <formula>: the formula derived on that line\n- <origin> is exactly one of:\n    pre (for premises)\n    conclusion (for the conclusion)\n    a comma-separated list of line numbers indicating the formula(s) used to derive the current line (e.g. '1', '3', '1,3')\n\n### BRANCHING FORMAT \nUse curly braces { and } to open and close branches. \n{ must appear immediately after the line number that opens a branch (e.g. '8.{ F A|B 3') \n} must appear at the end of the line that closes that branch (e.g. '12. @ 5,7}'). Exception: the main (initial) branch does not require a closing }, since it is not opened by {.\nBranches may be nested. But a formula may only be used at a given point if it appeared earlier in the same branch or an outer (enclosing) branch to the current branch. Formulas from closed branches or sibling branches must not be used.\n\n### SYMBOLS \nUse the following symbols for logical operations: \n & = conjunction (and), \n | = disjunction (or), \n ~ = negation (not), \n -> = implication (implies).\n\nQuantifiers symbols:  \n    Ax represents ∀x  \n    Ex represents ∃x\nSo formulas with ∀x and ∃x will be represented by Ax and Ex (A and E followed by the variable x). For example, Ax (H(x)->M(x)) represents ∀x (H(x)→M(x)).\n\n###CONVENTIONS\nAtoms: only uppercase letters not immediately followed by parentesis (e.g. P, Q, R).\nPredicates: uppercase letters immediately followed by parentesis (e.g. H(x), M(y), Q(a,b) ). All predicates must use parentheses.\nVariables: first letter in lowercase, can be followed by letters and numbers (e.g., x, x0, xP0).\n\nWrite only the final proof in <proof>...</proof> tags. Only use <proof>...</proof> tags ONCE. Omit names of the rules. Only use these symbols inside the proof '&' , '->', '~', '|', '@', '(', ')', '{', '}', 'Ax', 'Ex'.\nDo not include explanations, commentary, or extra text inside and outside the <proof>...</proof> tags.\n""}, {'role': 'user', 'content': ""Prove 'Ex P(x), Ax (P(x)->Q(x)) |- Ex Q(x)', using the analytical tableau method. Final answer using the notation described. ""}, {'role': 'assistant', 'content': ' <proof>\n                        1. T Ex P(x) pre\n                        2. T Ax (P(x)->Q(x)) pre\n                        3. F Ex Q(x) conclusion\n                        4. T P(a) 1 \n                        5. T (P(a)->Q(a)) 2 \n                        6. F Q(a) 3 \n                        7.{ F P(a) 5 \n                        8. @ 4,7}    \n                        9.{ T Q(a) 5 \n                        10. @ 6,9}   \n                    </proof>'}, {'role': 'user', 'content': ""Prove 'Ax (P(x)|P(x)) |- Ax P(x)', using the analytical tableau method. Final answer using the notation described.""}, {'role': 'assistant', 'content': ' <proof>\n                            1. T Ax (P(x)|P(x)) pre \n                            2. F Ax P(x) conclusion\n                            3. F P(a) 2          \n                            4. T (P(a)|P(a)) 1   \n                            5.{ T P(a) 4         \n                            6. @ 3,5}            \n                            7.{ T P(a) 4         \n                            8. @ 3,7}            \n                        </proof>'}, {'role': 'user', 'content': ""Prove'Ex (B(x)&C(x)), Ax (D(x)->~C(x)) |- Ex (B(x)&~D(x))' using the analytical tableau method. Only one final answer, surrounded by <proof>...</proof>, using the notation described.""}]","<proof>
1. T Ex (B(x)&C(x)) pre
2. T Ax (D(x)->~C(x)) pre
3. B Ex (B(x)&~D(x)) conclusion
4. T (B(a)&C(a)) 1
5. T B(a) 4
6. T C(a) 4
7. T (D(a)->~C(a)) 2
8. B (B(a)&~D(a)) 3
9.{ B B(a) 8
10. @ 5,9}
11.{ B ~D(a) 8
12. T D(a) 11
13.{ B D(a) 7
14. @ 12,13}
15.{ T ~C(a) 7
16. B C(a) 15
17. @ 6,16}
</proof>","1. T Ex (B(x)&C(x)) pre
2. T Ax (D(x)->~C(x)) pre
3. B Ex (B(x)&~D(x)) conclusion
4. T (B(a)&C(a)) 1
5. T B(a) 4
6. T C(a) 4
7. T (D(a)->~C(a)) 2
8. B (B(a)&~D(a)) 3
9.{ B B(a) 8
10. @ 5,9}
11.{ B ~D(a) 8
12. T D(a) 11
13.{ B D(a) 7
14. @ 12,13}
15.{ T ~C(a) 7
16. B C(a) 15
17. @ 6,16}","The following errors were found:

One of definitions are not completed. Please, check whether all rules are correctly written.
Recall that a rule of inference starts with a numeber, followed by . (reference line), the truth value of the formula (T or F), has a formula and the justification (premise, conclusion or one of the inference rules with its formula references).Sintax error:
3. B Ex (B(x)&~D(x)) conclusion
     ^
",87.45838475227356,stop,1058.0,2546.0
Ex (B(x)&C(x)) |- Ex B(x)&Ex C(x),"[{'role': 'system', 'content': ""\nYou are an expert in logic using the semantic Tableaux method. \nYou will receive a first order logic formula and must prove its validity using the semantic tableau method, represent the proof in a Fitch-like notation, following these formatting instructions:\n\n### FORMAT OF PROOF LINES: \nExpanding proof line must be structured like: '<line_number>. <T_or_F> <formula> <origin>'\n- <line_number>: sequential integer, always ending with a dot ('1.', '2.', '3.', ...)\n- <T_or_F> → T for true formulas, F for false formulas. \n- <formula>: the formula derived on that line\n- <origin> is exactly one of:\n    pre (for premises)\n    conclusion (for the conclusion)\n    a comma-separated list of line numbers indicating the formula(s) used to derive the current line (e.g. '1', '3', '1,3')\n\n### BRANCHING FORMAT \nUse curly braces { and } to open and close branches. \n{ must appear immediately after the line number that opens a branch (e.g. '8.{ F A|B 3') \n} must appear at the end of the line that closes that branch (e.g. '12. @ 5,7}'). Exception: the main (initial) branch does not require a closing }, since it is not opened by {.\nBranches may be nested. But a formula may only be used at a given point if it appeared earlier in the same branch or an outer (enclosing) branch to the current branch. Formulas from closed branches or sibling branches must not be used.\n\n### SYMBOLS \nUse the following symbols for logical operations: \n & = conjunction (and), \n | = disjunction (or), \n ~ = negation (not), \n -> = implication (implies).\n\nQuantifiers symbols:  \n    Ax represents ∀x  \n    Ex represents ∃x\nSo formulas with ∀x and ∃x will be represented by Ax and Ex (A and E followed by the variable x). For example, Ax (H(x)->M(x)) represents ∀x (H(x)→M(x)).\n\n###CONVENTIONS\nAtoms: only uppercase letters not immediately followed by parentesis (e.g. P, Q, R).\nPredicates: uppercase letters immediately followed by parentesis (e.g. H(x), M(y), Q(a,b) ). All predicates must use parentheses.\nVariables: first letter in lowercase, can be followed by letters and numbers (e.g., x, x0, xP0).\n\nWrite only the final proof in <proof>...</proof> tags. Only use <proof>...</proof> tags ONCE. Omit names of the rules. Only use these symbols inside the proof '&' , '->', '~', '|', '@', '(', ')', '{', '}', 'Ax', 'Ex'.\nDo not include explanations, commentary, or extra text inside and outside the <proof>...</proof> tags.\n""}, {'role': 'user', 'content': ""Prove 'Ex P(x), Ax (P(x)->Q(x)) |- Ex Q(x)', using the analytical tableau method. Final answer using the notation described. ""}, {'role': 'assistant', 'content': ' <proof>\n                        1. T Ex P(x) pre\n                        2. T Ax (P(x)->Q(x)) pre\n                        3. F Ex Q(x) conclusion\n                        4. T P(a) 1 \n                        5. T (P(a)->Q(a)) 2 \n                        6. F Q(a) 3 \n                        7.{ F P(a) 5 \n                        8. @ 4,7}    \n                        9.{ T Q(a) 5 \n                        10. @ 6,9}   \n                    </proof>'}, {'role': 'user', 'content': ""Prove 'Ax (P(x)|P(x)) |- Ax P(x)', using the analytical tableau method. Final answer using the notation described.""}, {'role': 'assistant', 'content': ' <proof>\n                            1. T Ax (P(x)|P(x)) pre \n                            2. F Ax P(x) conclusion\n                            3. F P(a) 2          \n                            4. T (P(a)|P(a)) 1   \n                            5.{ T P(a) 4         \n                            6. @ 3,5}            \n                            7.{ T P(a) 4         \n                            8. @ 3,7}            \n                        </proof>'}, {'role': 'user', 'content': ""Prove'Ex (B(x)&C(x)) |- Ex B(x)&Ex C(x)' using the analytical tableau method. Only one final answer, surrounded by <proof>...</proof>, using the notation described.""}]","<proof>
1. T Ex (B(x)&C(x)) pre
2. F (Ex B(x) & Ex C(x)) conclusion
3. F Ex B(x) 2
4. F Ex C(x) 2
5. T Ax ~B(x) 3
6. T Ax ~C(x) 4
7. F B(a) 5
8. F C(a) 6
9. T (B(a)&C(a)) 1
10. T B(a) 9
11. T C(a) 9
12. @ 7,10
13. @ 8,11
</proof>","1. T Ex (B(x)&C(x)) pre
2. F (Ex B(x) & Ex C(x)) conclusion
3. F Ex B(x) 2
4. F Ex C(x) 2
5. T Ax ~B(x) 3
6. T Ax ~C(x) 4
7. F B(a) 5
8. F C(a) 6
9. T (B(a)&C(a)) 1
10. T B(a) 9
11. T C(a) 9
12. @ 7,10
13. @ 8,11","The following errors were found:

Error in line 3:
3. F Ex B(x) 2
             ^, The rule must be a beta-rule.
Error in line 4:
4. F Ex C(x) 2
             ^, The rule must be a beta-rule.
Error in line 5:
5. T Ax ~B(x) 3
   ^, The truth value should be F for this rule.
Error in line 6:
6. T Ax ~C(x) 4
   ^, The truth value should be F for this rule.
Error in line 7:
7. F B(a) 5
   ^, The truth value should be T for this rule.
Error in line 8:
8. F C(a) 6
   ^, The truth value should be T for this rule.
Error in line 5:
5. T Ax ~B(x) 3
     ^, Formula referenced in line 3 is not a existential formula with truth-value T.
Error in line 5:
5. T Ax ~B(x) 3
     ^, Formula Ax ~B(x) is not a valid substitutuion for the existential formula referenced in the line 3.
Error in line 6:
6. T Ax ~C(x) 4
     ^, Formula referenced in line 4 is not a existential formula with truth-value T.
Error in line 6:
6. T Ax ~C(x) 4
     ^, Formula Ax ~C(x) is not a valid substitutuion for the existential formula referenced in the line 4.
Error in line 7:
7. F B(a) 5
          ^, Formula referenced in line 5 is not a universal formula with truth-value F.
Error in line 7:
7. F B(a) 5
     ^, Formula B(a) is not a valid substitution for the universal formula referenced in line 5.
Error in line 8:
8. F C(a) 6
          ^, Formula referenced in line 6 is not a universal formula with truth-value F.
Error in line 8:
8. F C(a) 6
     ^, Formula C(a) is not a valid substitution for the universal formula referenced in line 6.
Error in line 9:
9. T (B(a)&C(a)) 1
     ^, The variable used in this formula B(a)&C(a) is not a new variable and therefore cannot be used in this rule.",47.8805103302002,stop,1047.0,1407.0
"Ex B(x), Ax (B(x)->C) |- C","[{'role': 'system', 'content': ""\nYou are an expert in logic using the semantic Tableaux method. \nYou will receive a first order logic formula and must prove its validity using the semantic tableau method, represent the proof in a Fitch-like notation, following these formatting instructions:\n\n### FORMAT OF PROOF LINES: \nExpanding proof line must be structured like: '<line_number>. <T_or_F> <formula> <origin>'\n- <line_number>: sequential integer, always ending with a dot ('1.', '2.', '3.', ...)\n- <T_or_F> → T for true formulas, F for false formulas. \n- <formula>: the formula derived on that line\n- <origin> is exactly one of:\n    pre (for premises)\n    conclusion (for the conclusion)\n    a comma-separated list of line numbers indicating the formula(s) used to derive the current line (e.g. '1', '3', '1,3')\n\n### BRANCHING FORMAT \nUse curly braces { and } to open and close branches. \n{ must appear immediately after the line number that opens a branch (e.g. '8.{ F A|B 3') \n} must appear at the end of the line that closes that branch (e.g. '12. @ 5,7}'). Exception: the main (initial) branch does not require a closing }, since it is not opened by {.\nBranches may be nested. But a formula may only be used at a given point if it appeared earlier in the same branch or an outer (enclosing) branch to the current branch. Formulas from closed branches or sibling branches must not be used.\n\n### SYMBOLS \nUse the following symbols for logical operations: \n & = conjunction (and), \n | = disjunction (or), \n ~ = negation (not), \n -> = implication (implies).\n\nQuantifiers symbols:  \n    Ax represents ∀x  \n    Ex represents ∃x\nSo formulas with ∀x and ∃x will be represented by Ax and Ex (A and E followed by the variable x). For example, Ax (H(x)->M(x)) represents ∀x (H(x)→M(x)).\n\n###CONVENTIONS\nAtoms: only uppercase letters not immediately followed by parentesis (e.g. P, Q, R).\nPredicates: uppercase letters immediately followed by parentesis (e.g. H(x), M(y), Q(a,b) ). All predicates must use parentheses.\nVariables: first letter in lowercase, can be followed by letters and numbers (e.g., x, x0, xP0).\n\nWrite only the final proof in <proof>...</proof> tags. Only use <proof>...</proof> tags ONCE. Omit names of the rules. Only use these symbols inside the proof '&' , '->', '~', '|', '@', '(', ')', '{', '}', 'Ax', 'Ex'.\nDo not include explanations, commentary, or extra text inside and outside the <proof>...</proof> tags.\n""}, {'role': 'user', 'content': ""Prove 'Ex P(x), Ax (P(x)->Q(x)) |- Ex Q(x)', using the analytical tableau method. Final answer using the notation described. ""}, {'role': 'assistant', 'content': ' <proof>\n                        1. T Ex P(x) pre\n                        2. T Ax (P(x)->Q(x)) pre\n                        3. F Ex Q(x) conclusion\n                        4. T P(a) 1 \n                        5. T (P(a)->Q(a)) 2 \n                        6. F Q(a) 3 \n                        7.{ F P(a) 5 \n                        8. @ 4,7}    \n                        9.{ T Q(a) 5 \n                        10. @ 6,9}   \n                    </proof>'}, {'role': 'user', 'content': ""Prove 'Ax (P(x)|P(x)) |- Ax P(x)', using the analytical tableau method. Final answer using the notation described.""}, {'role': 'assistant', 'content': ' <proof>\n                            1. T Ax (P(x)|P(x)) pre \n                            2. F Ax P(x) conclusion\n                            3. F P(a) 2          \n                            4. T (P(a)|P(a)) 1   \n                            5.{ T P(a) 4         \n                            6. @ 3,5}            \n                            7.{ T P(a) 4         \n                            8. @ 3,7}            \n                        </proof>'}, {'role': 'user', 'content': ""Prove'Ex B(x), Ax (B(x)->C) |- C' using the analytical tableau method. Only one final answer, surrounded by <proof>...</proof>, using the notation described.""}]","<proof>
1. T Ex B(x) pre
2. T Ax (B(x)->C) pre
3. F C conclusion
4. T B(a) 1
5. T (B(a)->C) 2
6.{ F B(a) 5
7. @ 4,6}
8.{ T C 5
9. @ 3,8}
</proof>","1. T Ex B(x) pre
2. T Ax (B(x)->C) pre
3. F C conclusion
4. T B(a) 1
5. T (B(a)->C) 2
6.{ F B(a) 5
7. @ 4,6}
8.{ T C 5
9. @ 3,8}",The proof is valid.,20.498194456100464,stop,1044.0,604.0
Ax (B(x)&C(x)) |- Ax C(x),"[{'role': 'system', 'content': ""\nYou are an expert in logic using the semantic Tableaux method. \nYou will receive a first order logic formula and must prove its validity using the semantic tableau method, represent the proof in a Fitch-like notation, following these formatting instructions:\n\n### FORMAT OF PROOF LINES: \nExpanding proof line must be structured like: '<line_number>. <T_or_F> <formula> <origin>'\n- <line_number>: sequential integer, always ending with a dot ('1.', '2.', '3.', ...)\n- <T_or_F> → T for true formulas, F for false formulas. \n- <formula>: the formula derived on that line\n- <origin> is exactly one of:\n    pre (for premises)\n    conclusion (for the conclusion)\n    a comma-separated list of line numbers indicating the formula(s) used to derive the current line (e.g. '1', '3', '1,3')\n\n### BRANCHING FORMAT \nUse curly braces { and } to open and close branches. \n{ must appear immediately after the line number that opens a branch (e.g. '8.{ F A|B 3') \n} must appear at the end of the line that closes that branch (e.g. '12. @ 5,7}'). Exception: the main (initial) branch does not require a closing }, since it is not opened by {.\nBranches may be nested. But a formula may only be used at a given point if it appeared earlier in the same branch or an outer (enclosing) branch to the current branch. Formulas from closed branches or sibling branches must not be used.\n\n### SYMBOLS \nUse the following symbols for logical operations: \n & = conjunction (and), \n | = disjunction (or), \n ~ = negation (not), \n -> = implication (implies).\n\nQuantifiers symbols:  \n    Ax represents ∀x  \n    Ex represents ∃x\nSo formulas with ∀x and ∃x will be represented by Ax and Ex (A and E followed by the variable x). For example, Ax (H(x)->M(x)) represents ∀x (H(x)→M(x)).\n\n###CONVENTIONS\nAtoms: only uppercase letters not immediately followed by parentesis (e.g. P, Q, R).\nPredicates: uppercase letters immediately followed by parentesis (e.g. H(x), M(y), Q(a,b) ). All predicates must use parentheses.\nVariables: first letter in lowercase, can be followed by letters and numbers (e.g., x, x0, xP0).\n\nWrite only the final proof in <proof>...</proof> tags. Only use <proof>...</proof> tags ONCE. Omit names of the rules. Only use these symbols inside the proof '&' , '->', '~', '|', '@', '(', ')', '{', '}', 'Ax', 'Ex'.\nDo not include explanations, commentary, or extra text inside and outside the <proof>...</proof> tags.\n""}, {'role': 'user', 'content': ""Prove 'Ex P(x), Ax (P(x)->Q(x)) |- Ex Q(x)', using the analytical tableau method. Final answer using the notation described. ""}, {'role': 'assistant', 'content': ' <proof>\n                        1. T Ex P(x) pre\n                        2. T Ax (P(x)->Q(x)) pre\n                        3. F Ex Q(x) conclusion\n                        4. T P(a) 1 \n                        5. T (P(a)->Q(a)) 2 \n                        6. F Q(a) 3 \n                        7.{ F P(a) 5 \n                        8. @ 4,7}    \n                        9.{ T Q(a) 5 \n                        10. @ 6,9}   \n                    </proof>'}, {'role': 'user', 'content': ""Prove 'Ax (P(x)|P(x)) |- Ax P(x)', using the analytical tableau method. Final answer using the notation described.""}, {'role': 'assistant', 'content': ' <proof>\n                            1. T Ax (P(x)|P(x)) pre \n                            2. F Ax P(x) conclusion\n                            3. F P(a) 2          \n                            4. T (P(a)|P(a)) 1   \n                            5.{ T P(a) 4         \n                            6. @ 3,5}            \n                            7.{ T P(a) 4         \n                            8. @ 3,7}            \n                        </proof>'}, {'role': 'user', 'content': ""Prove'Ax (B(x)&C(x)) |- Ax C(x)' using the analytical tableau method. Only one final answer, surrounded by <proof>...</proof>, using the notation described.""}]","<proof>
1. T Ax (B(x)&C(x)) pre
2. F Ax C(x) conclusion
3. T (B(a)&C(a)) 1
4. T B(a) 3
5. T C(a) 3
6. F C(a) 2
7.{ @ 5,6}
</proof>","1. T Ax (B(x)&C(x)) pre
2. F Ax C(x) conclusion
3. T (B(a)&C(a)) 1
4. T B(a) 3
5. T C(a) 3
6. F C(a) 2
7.{ @ 5,6}","The following errors were found:

One of definitions are not completed. Please, check whether all rules are correctly written.
Recall that a rule of inference starts with a numeber, followed by . (reference line), the truth value of the formula (T or F), has a formula and the justification (premise, conclusion or one of the inference rules with its formula references).Sintax error:
7.{ @ 5,6}
    ^
",21.390759468078613,stop,1043.0,633.0
B&Ax C(x) |- Ax (B&C(x)),"[{'role': 'system', 'content': ""\nYou are an expert in logic using the semantic Tableaux method. \nYou will receive a first order logic formula and must prove its validity using the semantic tableau method, represent the proof in a Fitch-like notation, following these formatting instructions:\n\n### FORMAT OF PROOF LINES: \nExpanding proof line must be structured like: '<line_number>. <T_or_F> <formula> <origin>'\n- <line_number>: sequential integer, always ending with a dot ('1.', '2.', '3.', ...)\n- <T_or_F> → T for true formulas, F for false formulas. \n- <formula>: the formula derived on that line\n- <origin> is exactly one of:\n    pre (for premises)\n    conclusion (for the conclusion)\n    a comma-separated list of line numbers indicating the formula(s) used to derive the current line (e.g. '1', '3', '1,3')\n\n### BRANCHING FORMAT \nUse curly braces { and } to open and close branches. \n{ must appear immediately after the line number that opens a branch (e.g. '8.{ F A|B 3') \n} must appear at the end of the line that closes that branch (e.g. '12. @ 5,7}'). Exception: the main (initial) branch does not require a closing }, since it is not opened by {.\nBranches may be nested. But a formula may only be used at a given point if it appeared earlier in the same branch or an outer (enclosing) branch to the current branch. Formulas from closed branches or sibling branches must not be used.\n\n### SYMBOLS \nUse the following symbols for logical operations: \n & = conjunction (and), \n | = disjunction (or), \n ~ = negation (not), \n -> = implication (implies).\n\nQuantifiers symbols:  \n    Ax represents ∀x  \n    Ex represents ∃x\nSo formulas with ∀x and ∃x will be represented by Ax and Ex (A and E followed by the variable x). For example, Ax (H(x)->M(x)) represents ∀x (H(x)→M(x)).\n\n###CONVENTIONS\nAtoms: only uppercase letters not immediately followed by parentesis (e.g. P, Q, R).\nPredicates: uppercase letters immediately followed by parentesis (e.g. H(x), M(y), Q(a,b) ). All predicates must use parentheses.\nVariables: first letter in lowercase, can be followed by letters and numbers (e.g., x, x0, xP0).\n\nWrite only the final proof in <proof>...</proof> tags. Only use <proof>...</proof> tags ONCE. Omit names of the rules. Only use these symbols inside the proof '&' , '->', '~', '|', '@', '(', ')', '{', '}', 'Ax', 'Ex'.\nDo not include explanations, commentary, or extra text inside and outside the <proof>...</proof> tags.\n""}, {'role': 'user', 'content': ""Prove 'Ex P(x), Ax (P(x)->Q(x)) |- Ex Q(x)', using the analytical tableau method. Final answer using the notation described. ""}, {'role': 'assistant', 'content': ' <proof>\n                        1. T Ex P(x) pre\n                        2. T Ax (P(x)->Q(x)) pre\n                        3. F Ex Q(x) conclusion\n                        4. T P(a) 1 \n                        5. T (P(a)->Q(a)) 2 \n                        6. F Q(a) 3 \n                        7.{ F P(a) 5 \n                        8. @ 4,7}    \n                        9.{ T Q(a) 5 \n                        10. @ 6,9}   \n                    </proof>'}, {'role': 'user', 'content': ""Prove 'Ax (P(x)|P(x)) |- Ax P(x)', using the analytical tableau method. Final answer using the notation described.""}, {'role': 'assistant', 'content': ' <proof>\n                            1. T Ax (P(x)|P(x)) pre \n                            2. F Ax P(x) conclusion\n                            3. F P(a) 2          \n                            4. T (P(a)|P(a)) 1   \n                            5.{ T P(a) 4         \n                            6. @ 3,5}            \n                            7.{ T P(a) 4         \n                            8. @ 3,7}            \n                        </proof>'}, {'role': 'user', 'content': ""Prove'B&Ax C(x) |- Ax (B&C(x))' using the analytical tableau method. Only one final answer, surrounded by <proof>...</proof>, using the notation described.""}]","<proof>
1. T B&Ax C(x) pre
2. F Ax (B&C(x)) conclusion
3. F (B&C(a)) 2
4. T B 1
5. T Ax C(x) 1
6. T C(a) 5
7.{ F B 3
8. @ 4,7}
9.{ F C(a) 3
10. @ 6,9}
</proof>","1. T B&Ax C(x) pre
2. F Ax (B&C(x)) conclusion
3. F (B&C(a)) 2
4. T B 1
5. T Ax C(x) 1
6. T C(a) 5
7.{ F B 3
8. @ 4,7}
9.{ F C(a) 3
10. @ 6,9}",The proof is valid.,28.694822549819943,stop,1045.0,858.0
Ax (B(x)->C(x))&Ax B(x) |- Ax C(x),"[{'role': 'system', 'content': ""\nYou are an expert in logic using the semantic Tableaux method. \nYou will receive a first order logic formula and must prove its validity using the semantic tableau method, represent the proof in a Fitch-like notation, following these formatting instructions:\n\n### FORMAT OF PROOF LINES: \nExpanding proof line must be structured like: '<line_number>. <T_or_F> <formula> <origin>'\n- <line_number>: sequential integer, always ending with a dot ('1.', '2.', '3.', ...)\n- <T_or_F> → T for true formulas, F for false formulas. \n- <formula>: the formula derived on that line\n- <origin> is exactly one of:\n    pre (for premises)\n    conclusion (for the conclusion)\n    a comma-separated list of line numbers indicating the formula(s) used to derive the current line (e.g. '1', '3', '1,3')\n\n### BRANCHING FORMAT \nUse curly braces { and } to open and close branches. \n{ must appear immediately after the line number that opens a branch (e.g. '8.{ F A|B 3') \n} must appear at the end of the line that closes that branch (e.g. '12. @ 5,7}'). Exception: the main (initial) branch does not require a closing }, since it is not opened by {.\nBranches may be nested. But a formula may only be used at a given point if it appeared earlier in the same branch or an outer (enclosing) branch to the current branch. Formulas from closed branches or sibling branches must not be used.\n\n### SYMBOLS \nUse the following symbols for logical operations: \n & = conjunction (and), \n | = disjunction (or), \n ~ = negation (not), \n -> = implication (implies).\n\nQuantifiers symbols:  \n    Ax represents ∀x  \n    Ex represents ∃x\nSo formulas with ∀x and ∃x will be represented by Ax and Ex (A and E followed by the variable x). For example, Ax (H(x)->M(x)) represents ∀x (H(x)→M(x)).\n\n###CONVENTIONS\nAtoms: only uppercase letters not immediately followed by parentesis (e.g. P, Q, R).\nPredicates: uppercase letters immediately followed by parentesis (e.g. H(x), M(y), Q(a,b) ). All predicates must use parentheses.\nVariables: first letter in lowercase, can be followed by letters and numbers (e.g., x, x0, xP0).\n\nWrite only the final proof in <proof>...</proof> tags. Only use <proof>...</proof> tags ONCE. Omit names of the rules. Only use these symbols inside the proof '&' , '->', '~', '|', '@', '(', ')', '{', '}', 'Ax', 'Ex'.\nDo not include explanations, commentary, or extra text inside and outside the <proof>...</proof> tags.\n""}, {'role': 'user', 'content': ""Prove 'Ex P(x), Ax (P(x)->Q(x)) |- Ex Q(x)', using the analytical tableau method. Final answer using the notation described. ""}, {'role': 'assistant', 'content': ' <proof>\n                        1. T Ex P(x) pre\n                        2. T Ax (P(x)->Q(x)) pre\n                        3. F Ex Q(x) conclusion\n                        4. T P(a) 1 \n                        5. T (P(a)->Q(a)) 2 \n                        6. F Q(a) 3 \n                        7.{ F P(a) 5 \n                        8. @ 4,7}    \n                        9.{ T Q(a) 5 \n                        10. @ 6,9}   \n                    </proof>'}, {'role': 'user', 'content': ""Prove 'Ax (P(x)|P(x)) |- Ax P(x)', using the analytical tableau method. Final answer using the notation described.""}, {'role': 'assistant', 'content': ' <proof>\n                            1. T Ax (P(x)|P(x)) pre \n                            2. F Ax P(x) conclusion\n                            3. F P(a) 2          \n                            4. T (P(a)|P(a)) 1   \n                            5.{ T P(a) 4         \n                            6. @ 3,5}            \n                            7.{ T P(a) 4         \n                            8. @ 3,7}            \n                        </proof>'}, {'role': 'user', 'content': ""Prove'Ax (B(x)->C(x))&Ax B(x) |- Ax C(x)' using the analytical tableau method. Only one final answer, surrounded by <proof>...</proof>, using the notation described.""}]","<proof>
1. T Ax (B(x)->C(x)) pre
2. T Ax B(x) pre
3. F Ax C(x) conclusion
4. F C(a) 3
5. T (B(a)->C(a)) 1
6. T B(a) 2
7.{ F B(a) 5
8. @ 6,7}
9.{ T C(a) 5
10. @ 4,9}
</proof>","1. T Ax (B(x)->C(x)) pre
2. T Ax B(x) pre
3. F Ax C(x) conclusion
4. F C(a) 3
5. T (B(a)->C(a)) 1
6. T B(a) 2
7.{ F B(a) 5
8. @ 6,7}
9.{ T C(a) 5
10. @ 4,9}","Demonstração do teorema errado. A fórmula provada foi: Ax (B(x)->C(x)), Ax B(x) |- Ax C(x), porém deveria ser: Ax (B(x)->C(x))&Ax B(x) |- Ax C(x).",36.87840962409973,stop,1048.0,1102.0
Ax B(x) |- Ax (B(x)|C(x)),"[{'role': 'system', 'content': ""\nYou are an expert in logic using the semantic Tableaux method. \nYou will receive a first order logic formula and must prove its validity using the semantic tableau method, represent the proof in a Fitch-like notation, following these formatting instructions:\n\n### FORMAT OF PROOF LINES: \nExpanding proof line must be structured like: '<line_number>. <T_or_F> <formula> <origin>'\n- <line_number>: sequential integer, always ending with a dot ('1.', '2.', '3.', ...)\n- <T_or_F> → T for true formulas, F for false formulas. \n- <formula>: the formula derived on that line\n- <origin> is exactly one of:\n    pre (for premises)\n    conclusion (for the conclusion)\n    a comma-separated list of line numbers indicating the formula(s) used to derive the current line (e.g. '1', '3', '1,3')\n\n### BRANCHING FORMAT \nUse curly braces { and } to open and close branches. \n{ must appear immediately after the line number that opens a branch (e.g. '8.{ F A|B 3') \n} must appear at the end of the line that closes that branch (e.g. '12. @ 5,7}'). Exception: the main (initial) branch does not require a closing }, since it is not opened by {.\nBranches may be nested. But a formula may only be used at a given point if it appeared earlier in the same branch or an outer (enclosing) branch to the current branch. Formulas from closed branches or sibling branches must not be used.\n\n### SYMBOLS \nUse the following symbols for logical operations: \n & = conjunction (and), \n | = disjunction (or), \n ~ = negation (not), \n -> = implication (implies).\n\nQuantifiers symbols:  \n    Ax represents ∀x  \n    Ex represents ∃x\nSo formulas with ∀x and ∃x will be represented by Ax and Ex (A and E followed by the variable x). For example, Ax (H(x)->M(x)) represents ∀x (H(x)→M(x)).\n\n###CONVENTIONS\nAtoms: only uppercase letters not immediately followed by parentesis (e.g. P, Q, R).\nPredicates: uppercase letters immediately followed by parentesis (e.g. H(x), M(y), Q(a,b) ). All predicates must use parentheses.\nVariables: first letter in lowercase, can be followed by letters and numbers (e.g., x, x0, xP0).\n\nWrite only the final proof in <proof>...</proof> tags. Only use <proof>...</proof> tags ONCE. Omit names of the rules. Only use these symbols inside the proof '&' , '->', '~', '|', '@', '(', ')', '{', '}', 'Ax', 'Ex'.\nDo not include explanations, commentary, or extra text inside and outside the <proof>...</proof> tags.\n""}, {'role': 'user', 'content': ""Prove 'Ex P(x), Ax (P(x)->Q(x)) |- Ex Q(x)', using the analytical tableau method. Final answer using the notation described. ""}, {'role': 'assistant', 'content': ' <proof>\n                        1. T Ex P(x) pre\n                        2. T Ax (P(x)->Q(x)) pre\n                        3. F Ex Q(x) conclusion\n                        4. T P(a) 1 \n                        5. T (P(a)->Q(a)) 2 \n                        6. F Q(a) 3 \n                        7.{ F P(a) 5 \n                        8. @ 4,7}    \n                        9.{ T Q(a) 5 \n                        10. @ 6,9}   \n                    </proof>'}, {'role': 'user', 'content': ""Prove 'Ax (P(x)|P(x)) |- Ax P(x)', using the analytical tableau method. Final answer using the notation described.""}, {'role': 'assistant', 'content': ' <proof>\n                            1. T Ax (P(x)|P(x)) pre \n                            2. F Ax P(x) conclusion\n                            3. F P(a) 2          \n                            4. T (P(a)|P(a)) 1   \n                            5.{ T P(a) 4         \n                            6. @ 3,5}            \n                            7.{ T P(a) 4         \n                            8. @ 3,7}            \n                        </proof>'}, {'role': 'user', 'content': ""Prove'Ax B(x) |- Ax (B(x)|C(x))' using the analytical tableau method. Only one final answer, surrounded by <proof>...</proof>, using the notation described.""}]","<proof>
1. T Ax B(x) pre
2. F Ax (B(x)|C(x)) conclusion
3. F (B(a)|C(a)) 2
4. F B(a) 3
5. F C(a) 3
6. T B(a) 1
7. @ 4,6
</proof>","1. T Ax B(x) pre
2. F Ax (B(x)|C(x)) conclusion
3. F (B(a)|C(a)) 2
4. F B(a) 3
5. F C(a) 3
6. T B(a) 1
7. @ 4,6",The proof is valid.,25.234792470932007,stop,1044.0,754.0
Ax (B(x)&C) |- Ax B(x),"[{'role': 'system', 'content': ""\nYou are an expert in logic using the semantic Tableaux method. \nYou will receive a first order logic formula and must prove its validity using the semantic tableau method, represent the proof in a Fitch-like notation, following these formatting instructions:\n\n### FORMAT OF PROOF LINES: \nExpanding proof line must be structured like: '<line_number>. <T_or_F> <formula> <origin>'\n- <line_number>: sequential integer, always ending with a dot ('1.', '2.', '3.', ...)\n- <T_or_F> → T for true formulas, F for false formulas. \n- <formula>: the formula derived on that line\n- <origin> is exactly one of:\n    pre (for premises)\n    conclusion (for the conclusion)\n    a comma-separated list of line numbers indicating the formula(s) used to derive the current line (e.g. '1', '3', '1,3')\n\n### BRANCHING FORMAT \nUse curly braces { and } to open and close branches. \n{ must appear immediately after the line number that opens a branch (e.g. '8.{ F A|B 3') \n} must appear at the end of the line that closes that branch (e.g. '12. @ 5,7}'). Exception: the main (initial) branch does not require a closing }, since it is not opened by {.\nBranches may be nested. But a formula may only be used at a given point if it appeared earlier in the same branch or an outer (enclosing) branch to the current branch. Formulas from closed branches or sibling branches must not be used.\n\n### SYMBOLS \nUse the following symbols for logical operations: \n & = conjunction (and), \n | = disjunction (or), \n ~ = negation (not), \n -> = implication (implies).\n\nQuantifiers symbols:  \n    Ax represents ∀x  \n    Ex represents ∃x\nSo formulas with ∀x and ∃x will be represented by Ax and Ex (A and E followed by the variable x). For example, Ax (H(x)->M(x)) represents ∀x (H(x)→M(x)).\n\n###CONVENTIONS\nAtoms: only uppercase letters not immediately followed by parentesis (e.g. P, Q, R).\nPredicates: uppercase letters immediately followed by parentesis (e.g. H(x), M(y), Q(a,b) ). All predicates must use parentheses.\nVariables: first letter in lowercase, can be followed by letters and numbers (e.g., x, x0, xP0).\n\nWrite only the final proof in <proof>...</proof> tags. Only use <proof>...</proof> tags ONCE. Omit names of the rules. Only use these symbols inside the proof '&' , '->', '~', '|', '@', '(', ')', '{', '}', 'Ax', 'Ex'.\nDo not include explanations, commentary, or extra text inside and outside the <proof>...</proof> tags.\n""}, {'role': 'user', 'content': ""Prove 'Ex P(x), Ax (P(x)->Q(x)) |- Ex Q(x)', using the analytical tableau method. Final answer using the notation described. ""}, {'role': 'assistant', 'content': ' <proof>\n                        1. T Ex P(x) pre\n                        2. T Ax (P(x)->Q(x)) pre\n                        3. F Ex Q(x) conclusion\n                        4. T P(a) 1 \n                        5. T (P(a)->Q(a)) 2 \n                        6. F Q(a) 3 \n                        7.{ F P(a) 5 \n                        8. @ 4,7}    \n                        9.{ T Q(a) 5 \n                        10. @ 6,9}   \n                    </proof>'}, {'role': 'user', 'content': ""Prove 'Ax (P(x)|P(x)) |- Ax P(x)', using the analytical tableau method. Final answer using the notation described.""}, {'role': 'assistant', 'content': ' <proof>\n                            1. T Ax (P(x)|P(x)) pre \n                            2. F Ax P(x) conclusion\n                            3. F P(a) 2          \n                            4. T (P(a)|P(a)) 1   \n                            5.{ T P(a) 4         \n                            6. @ 3,5}            \n                            7.{ T P(a) 4         \n                            8. @ 3,7}            \n                        </proof>'}, {'role': 'user', 'content': ""Prove'Ax (B(x)&C) |- Ax B(x)' using the analytical tableau method. Only one final answer, surrounded by <proof>...</proof>, using the notation described.""}]","<proof>
1. T Ax (B(x)&C) pre
2. F Ax B(x) conclusion
3. F B(a) 2
4. T (B(a)&C) 1
5. T B(a) 4
6. @ 3,5
</proof>","1. T Ax (B(x)&C) pre
2. F Ax B(x) conclusion
3. F B(a) 2
4. T (B(a)&C) 1
5. T B(a) 4
6. @ 3,5","The following errors were found:

Error in line 5:
5. T B(a) 4
^, The next line should be the &T rule with the formula C.",21.89744997024536,stop,1042.0,652.0
Ax (~B(x)|~C(x)) |- ~Ex (B(x)&C(x)),"[{'role': 'system', 'content': ""\nYou are an expert in logic using the semantic Tableaux method. \nYou will receive a first order logic formula and must prove its validity using the semantic tableau method, represent the proof in a Fitch-like notation, following these formatting instructions:\n\n### FORMAT OF PROOF LINES: \nExpanding proof line must be structured like: '<line_number>. <T_or_F> <formula> <origin>'\n- <line_number>: sequential integer, always ending with a dot ('1.', '2.', '3.', ...)\n- <T_or_F> → T for true formulas, F for false formulas. \n- <formula>: the formula derived on that line\n- <origin> is exactly one of:\n    pre (for premises)\n    conclusion (for the conclusion)\n    a comma-separated list of line numbers indicating the formula(s) used to derive the current line (e.g. '1', '3', '1,3')\n\n### BRANCHING FORMAT \nUse curly braces { and } to open and close branches. \n{ must appear immediately after the line number that opens a branch (e.g. '8.{ F A|B 3') \n} must appear at the end of the line that closes that branch (e.g. '12. @ 5,7}'). Exception: the main (initial) branch does not require a closing }, since it is not opened by {.\nBranches may be nested. But a formula may only be used at a given point if it appeared earlier in the same branch or an outer (enclosing) branch to the current branch. Formulas from closed branches or sibling branches must not be used.\n\n### SYMBOLS \nUse the following symbols for logical operations: \n & = conjunction (and), \n | = disjunction (or), \n ~ = negation (not), \n -> = implication (implies).\n\nQuantifiers symbols:  \n    Ax represents ∀x  \n    Ex represents ∃x\nSo formulas with ∀x and ∃x will be represented by Ax and Ex (A and E followed by the variable x). For example, Ax (H(x)->M(x)) represents ∀x (H(x)→M(x)).\n\n###CONVENTIONS\nAtoms: only uppercase letters not immediately followed by parentesis (e.g. P, Q, R).\nPredicates: uppercase letters immediately followed by parentesis (e.g. H(x), M(y), Q(a,b) ). All predicates must use parentheses.\nVariables: first letter in lowercase, can be followed by letters and numbers (e.g., x, x0, xP0).\n\nWrite only the final proof in <proof>...</proof> tags. Only use <proof>...</proof> tags ONCE. Omit names of the rules. Only use these symbols inside the proof '&' , '->', '~', '|', '@', '(', ')', '{', '}', 'Ax', 'Ex'.\nDo not include explanations, commentary, or extra text inside and outside the <proof>...</proof> tags.\n""}, {'role': 'user', 'content': ""Prove 'Ex P(x), Ax (P(x)->Q(x)) |- Ex Q(x)', using the analytical tableau method. Final answer using the notation described. ""}, {'role': 'assistant', 'content': ' <proof>\n                        1. T Ex P(x) pre\n                        2. T Ax (P(x)->Q(x)) pre\n                        3. F Ex Q(x) conclusion\n                        4. T P(a) 1 \n                        5. T (P(a)->Q(a)) 2 \n                        6. F Q(a) 3 \n                        7.{ F P(a) 5 \n                        8. @ 4,7}    \n                        9.{ T Q(a) 5 \n                        10. @ 6,9}   \n                    </proof>'}, {'role': 'user', 'content': ""Prove 'Ax (P(x)|P(x)) |- Ax P(x)', using the analytical tableau method. Final answer using the notation described.""}, {'role': 'assistant', 'content': ' <proof>\n                            1. T Ax (P(x)|P(x)) pre \n                            2. F Ax P(x) conclusion\n                            3. F P(a) 2          \n                            4. T (P(a)|P(a)) 1   \n                            5.{ T P(a) 4         \n                            6. @ 3,5}            \n                            7.{ T P(a) 4         \n                            8. @ 3,7}            \n                        </proof>'}, {'role': 'user', 'content': ""Prove'Ax (~B(x)|~C(x)) |- ~Ex (B(x)&C(x))' using the analytical tableau method. Only one final answer, surrounded by <proof>...</proof>, using the notation described.""}]","<proof>
1. T Ax (~B(x)|~C(x)) pre
2. F ~Ex (B(x)&C(x)) conclusion
3. T Ex (B(x)&C(x)) 2
4. T (B(a)&C(a)) 3
5. T B(a) 4
6. T C(a) 4
7. T (~B(a)|~C(a)) 1
8.{ T ~B(a) 7
9. @ 5,8}
10.{ T ~C(a) 7
11. @ 6,10}
</proof>","1. T Ax (~B(x)|~C(x)) pre
2. F ~Ex (B(x)&C(x)) conclusion
3. T Ex (B(x)&C(x)) 2
4. T (B(a)&C(a)) 3
5. T B(a) 4
6. T C(a) 4
7. T (~B(a)|~C(a)) 1
8.{ T ~B(a) 7
9. @ 5,8}
10.{ T ~C(a) 7
11. @ 6,10}","The following errors were found:

Error in line 9:
9. @ 5,8}
     ^, None of the formulas referenced by the lines contradict the other formula.
Error in line 11:
11. @ 6,10}
      ^, None of the formulas referenced by the lines contradict the other formula.",39.16518759727478,stop,1050.0,1171.0
~Ex (B(x)|C(x)) |- Ax (~B(x)&~C(x)),"[{'role': 'system', 'content': ""\nYou are an expert in logic using the semantic Tableaux method. \nYou will receive a first order logic formula and must prove its validity using the semantic tableau method, represent the proof in a Fitch-like notation, following these formatting instructions:\n\n### FORMAT OF PROOF LINES: \nExpanding proof line must be structured like: '<line_number>. <T_or_F> <formula> <origin>'\n- <line_number>: sequential integer, always ending with a dot ('1.', '2.', '3.', ...)\n- <T_or_F> → T for true formulas, F for false formulas. \n- <formula>: the formula derived on that line\n- <origin> is exactly one of:\n    pre (for premises)\n    conclusion (for the conclusion)\n    a comma-separated list of line numbers indicating the formula(s) used to derive the current line (e.g. '1', '3', '1,3')\n\n### BRANCHING FORMAT \nUse curly braces { and } to open and close branches. \n{ must appear immediately after the line number that opens a branch (e.g. '8.{ F A|B 3') \n} must appear at the end of the line that closes that branch (e.g. '12. @ 5,7}'). Exception: the main (initial) branch does not require a closing }, since it is not opened by {.\nBranches may be nested. But a formula may only be used at a given point if it appeared earlier in the same branch or an outer (enclosing) branch to the current branch. Formulas from closed branches or sibling branches must not be used.\n\n### SYMBOLS \nUse the following symbols for logical operations: \n & = conjunction (and), \n | = disjunction (or), \n ~ = negation (not), \n -> = implication (implies).\n\nQuantifiers symbols:  \n    Ax represents ∀x  \n    Ex represents ∃x\nSo formulas with ∀x and ∃x will be represented by Ax and Ex (A and E followed by the variable x). For example, Ax (H(x)->M(x)) represents ∀x (H(x)→M(x)).\n\n###CONVENTIONS\nAtoms: only uppercase letters not immediately followed by parentesis (e.g. P, Q, R).\nPredicates: uppercase letters immediately followed by parentesis (e.g. H(x), M(y), Q(a,b) ). All predicates must use parentheses.\nVariables: first letter in lowercase, can be followed by letters and numbers (e.g., x, x0, xP0).\n\nWrite only the final proof in <proof>...</proof> tags. Only use <proof>...</proof> tags ONCE. Omit names of the rules. Only use these symbols inside the proof '&' , '->', '~', '|', '@', '(', ')', '{', '}', 'Ax', 'Ex'.\nDo not include explanations, commentary, or extra text inside and outside the <proof>...</proof> tags.\n""}, {'role': 'user', 'content': ""Prove 'Ex P(x), Ax (P(x)->Q(x)) |- Ex Q(x)', using the analytical tableau method. Final answer using the notation described. ""}, {'role': 'assistant', 'content': ' <proof>\n                        1. T Ex P(x) pre\n                        2. T Ax (P(x)->Q(x)) pre\n                        3. F Ex Q(x) conclusion\n                        4. T P(a) 1 \n                        5. T (P(a)->Q(a)) 2 \n                        6. F Q(a) 3 \n                        7.{ F P(a) 5 \n                        8. @ 4,7}    \n                        9.{ T Q(a) 5 \n                        10. @ 6,9}   \n                    </proof>'}, {'role': 'user', 'content': ""Prove 'Ax (P(x)|P(x)) |- Ax P(x)', using the analytical tableau method. Final answer using the notation described.""}, {'role': 'assistant', 'content': ' <proof>\n                            1. T Ax (P(x)|P(x)) pre \n                            2. F Ax P(x) conclusion\n                            3. F P(a) 2          \n                            4. T (P(a)|P(a)) 1   \n                            5.{ T P(a) 4         \n                            6. @ 3,5}            \n                            7.{ T P(a) 4         \n                            8. @ 3,7}            \n                        </proof>'}, {'role': 'user', 'content': ""Prove'~Ex (B(x)|C(x)) |- Ax (~B(x)&~C(x))' using the analytical tableau method. Only one final answer, surrounded by <proof>...</proof>, using the notation described.""}]","<proof>
1. T ~Ex (B(x)|C(x)) pre
2. F Ax (~B(x)&~C(x)) conclusion
3. F Ex (B(x)|C(x)) 1
4. T Ex ~(~B(x)&~C(x)) 2
5. T ~(~B(a)&~C(a)) 4
6. F (B(a)|C(a)) 3
7. F (~B(a)&~C(a)) 5
8.{ F ~B(a) 7
9. T B(a) 8
10. @ 6,9}
11.{ F ~C(a) 7
12. T C(a) 11
13. @ 6,12}
</proof>","1. T ~Ex (B(x)|C(x)) pre
2. F Ax (~B(x)&~C(x)) conclusion
3. F Ex (B(x)|C(x)) 1
4. T Ex ~(~B(x)&~C(x)) 2
5. T ~(~B(a)&~C(a)) 4
6. F (B(a)|C(a)) 3
7. F (~B(a)&~C(a)) 5
8.{ F ~B(a) 7
9. T B(a) 8
10. @ 6,9}
11.{ F ~C(a) 7
12. T C(a) 11
13. @ 6,12}","The following errors were found:

Error in line 4:
4. T Ex ~(~B(x)&~C(x)) 2
   ^, The truth value should be F for this rule.
Error in line 4:
4. T Ex ~(~B(x)&~C(x)) 2
                       ^, Formula referenced in line 2 is not a universal formula with truth-value T.
Error in line 10:
10. @ 6,9}
      ^, None of the formulas referenced by the lines contradict the other formula.
Error in line 13:
13. @ 6,12}
      ^, None of the formulas referenced by the lines contradict the other formula.",59.79732966423035,stop,1050.0,1704.0
Ax ((B(x)->C(x))&(C(x)->B(x))) |- Ax (B(x)->C(x)),"[{'role': 'system', 'content': ""\nYou are an expert in logic using the semantic Tableaux method. \nYou will receive a first order logic formula and must prove its validity using the semantic tableau method, represent the proof in a Fitch-like notation, following these formatting instructions:\n\n### FORMAT OF PROOF LINES: \nExpanding proof line must be structured like: '<line_number>. <T_or_F> <formula> <origin>'\n- <line_number>: sequential integer, always ending with a dot ('1.', '2.', '3.', ...)\n- <T_or_F> → T for true formulas, F for false formulas. \n- <formula>: the formula derived on that line\n- <origin> is exactly one of:\n    pre (for premises)\n    conclusion (for the conclusion)\n    a comma-separated list of line numbers indicating the formula(s) used to derive the current line (e.g. '1', '3', '1,3')\n\n### BRANCHING FORMAT \nUse curly braces { and } to open and close branches. \n{ must appear immediately after the line number that opens a branch (e.g. '8.{ F A|B 3') \n} must appear at the end of the line that closes that branch (e.g. '12. @ 5,7}'). Exception: the main (initial) branch does not require a closing }, since it is not opened by {.\nBranches may be nested. But a formula may only be used at a given point if it appeared earlier in the same branch or an outer (enclosing) branch to the current branch. Formulas from closed branches or sibling branches must not be used.\n\n### SYMBOLS \nUse the following symbols for logical operations: \n & = conjunction (and), \n | = disjunction (or), \n ~ = negation (not), \n -> = implication (implies).\n\nQuantifiers symbols:  \n    Ax represents ∀x  \n    Ex represents ∃x\nSo formulas with ∀x and ∃x will be represented by Ax and Ex (A and E followed by the variable x). For example, Ax (H(x)->M(x)) represents ∀x (H(x)→M(x)).\n\n###CONVENTIONS\nAtoms: only uppercase letters not immediately followed by parentesis (e.g. P, Q, R).\nPredicates: uppercase letters immediately followed by parentesis (e.g. H(x), M(y), Q(a,b) ). All predicates must use parentheses.\nVariables: first letter in lowercase, can be followed by letters and numbers (e.g., x, x0, xP0).\n\nWrite only the final proof in <proof>...</proof> tags. Only use <proof>...</proof> tags ONCE. Omit names of the rules. Only use these symbols inside the proof '&' , '->', '~', '|', '@', '(', ')', '{', '}', 'Ax', 'Ex'.\nDo not include explanations, commentary, or extra text inside and outside the <proof>...</proof> tags.\n""}, {'role': 'user', 'content': ""Prove 'Ex P(x), Ax (P(x)->Q(x)) |- Ex Q(x)', using the analytical tableau method. Final answer using the notation described. ""}, {'role': 'assistant', 'content': ' <proof>\n                        1. T Ex P(x) pre\n                        2. T Ax (P(x)->Q(x)) pre\n                        3. F Ex Q(x) conclusion\n                        4. T P(a) 1 \n                        5. T (P(a)->Q(a)) 2 \n                        6. F Q(a) 3 \n                        7.{ F P(a) 5 \n                        8. @ 4,7}    \n                        9.{ T Q(a) 5 \n                        10. @ 6,9}   \n                    </proof>'}, {'role': 'user', 'content': ""Prove 'Ax (P(x)|P(x)) |- Ax P(x)', using the analytical tableau method. Final answer using the notation described.""}, {'role': 'assistant', 'content': ' <proof>\n                            1. T Ax (P(x)|P(x)) pre \n                            2. F Ax P(x) conclusion\n                            3. F P(a) 2          \n                            4. T (P(a)|P(a)) 1   \n                            5.{ T P(a) 4         \n                            6. @ 3,5}            \n                            7.{ T P(a) 4         \n                            8. @ 3,7}            \n                        </proof>'}, {'role': 'user', 'content': ""Prove'Ax ((B(x)->C(x))&(C(x)->B(x))) |- Ax (B(x)->C(x))' using the analytical tableau method. Only one final answer, surrounded by <proof>...</proof>, using the notation described.""}]","<proof>
1. T Ax ((B(x)->C(x))&(C(x)->B(x))) pre
2. F Ax (B(x)->C(x)) conclusion
3. F (B(a)->C(a)) 2
4. T ((B(a)->C(a))&(C(a)->B(a))) 1
5. T (B(a)->C(a)) 4
6. T (C(a)->B(a)) 4
7. T B(a) 3
8. F C(a) 3
9.{ F B(a) 5
10. @ 7,9}
11.{ T C(a) 5
12. @ 8,11}
</proof>","1. T Ax ((B(x)->C(x))&(C(x)->B(x))) pre
2. F Ax (B(x)->C(x)) conclusion
3. F (B(a)->C(a)) 2
4. T ((B(a)->C(a))&(C(a)->B(a))) 1
5. T (B(a)->C(a)) 4
6. T (C(a)->B(a)) 4
7. T B(a) 3
8. F C(a) 3
9.{ F B(a) 5
10. @ 7,9}
11.{ T C(a) 5
12. @ 8,11}",The proof is valid.,59.67727041244507,stop,1055.0,1780.0
"Ex Ay B(x,y) |- Ay Ex B(x,y)","[{'role': 'system', 'content': ""\nYou are an expert in logic using the semantic Tableaux method. \nYou will receive a first order logic formula and must prove its validity using the semantic tableau method, represent the proof in a Fitch-like notation, following these formatting instructions:\n\n### FORMAT OF PROOF LINES: \nExpanding proof line must be structured like: '<line_number>. <T_or_F> <formula> <origin>'\n- <line_number>: sequential integer, always ending with a dot ('1.', '2.', '3.', ...)\n- <T_or_F> → T for true formulas, F for false formulas. \n- <formula>: the formula derived on that line\n- <origin> is exactly one of:\n    pre (for premises)\n    conclusion (for the conclusion)\n    a comma-separated list of line numbers indicating the formula(s) used to derive the current line (e.g. '1', '3', '1,3')\n\n### BRANCHING FORMAT \nUse curly braces { and } to open and close branches. \n{ must appear immediately after the line number that opens a branch (e.g. '8.{ F A|B 3') \n} must appear at the end of the line that closes that branch (e.g. '12. @ 5,7}'). Exception: the main (initial) branch does not require a closing }, since it is not opened by {.\nBranches may be nested. But a formula may only be used at a given point if it appeared earlier in the same branch or an outer (enclosing) branch to the current branch. Formulas from closed branches or sibling branches must not be used.\n\n### SYMBOLS \nUse the following symbols for logical operations: \n & = conjunction (and), \n | = disjunction (or), \n ~ = negation (not), \n -> = implication (implies).\n\nQuantifiers symbols:  \n    Ax represents ∀x  \n    Ex represents ∃x\nSo formulas with ∀x and ∃x will be represented by Ax and Ex (A and E followed by the variable x). For example, Ax (H(x)->M(x)) represents ∀x (H(x)→M(x)).\n\n###CONVENTIONS\nAtoms: only uppercase letters not immediately followed by parentesis (e.g. P, Q, R).\nPredicates: uppercase letters immediately followed by parentesis (e.g. H(x), M(y), Q(a,b) ). All predicates must use parentheses.\nVariables: first letter in lowercase, can be followed by letters and numbers (e.g., x, x0, xP0).\n\nWrite only the final proof in <proof>...</proof> tags. Only use <proof>...</proof> tags ONCE. Omit names of the rules. Only use these symbols inside the proof '&' , '->', '~', '|', '@', '(', ')', '{', '}', 'Ax', 'Ex'.\nDo not include explanations, commentary, or extra text inside and outside the <proof>...</proof> tags.\n""}, {'role': 'user', 'content': ""Prove 'Ex P(x), Ax (P(x)->Q(x)) |- Ex Q(x)', using the analytical tableau method. Final answer using the notation described. ""}, {'role': 'assistant', 'content': ' <proof>\n                        1. T Ex P(x) pre\n                        2. T Ax (P(x)->Q(x)) pre\n                        3. F Ex Q(x) conclusion\n                        4. T P(a) 1 \n                        5. T (P(a)->Q(a)) 2 \n                        6. F Q(a) 3 \n                        7.{ F P(a) 5 \n                        8. @ 4,7}    \n                        9.{ T Q(a) 5 \n                        10. @ 6,9}   \n                    </proof>'}, {'role': 'user', 'content': ""Prove 'Ax (P(x)|P(x)) |- Ax P(x)', using the analytical tableau method. Final answer using the notation described.""}, {'role': 'assistant', 'content': ' <proof>\n                            1. T Ax (P(x)|P(x)) pre \n                            2. F Ax P(x) conclusion\n                            3. F P(a) 2          \n                            4. T (P(a)|P(a)) 1   \n                            5.{ T P(a) 4         \n                            6. @ 3,5}            \n                            7.{ T P(a) 4         \n                            8. @ 3,7}            \n                        </proof>'}, {'role': 'user', 'content': ""Prove'Ex Ay B(x,y) |- Ay Ex B(x,y)' using the analytical tableau method. Only one final answer, surrounded by <proof>...</proof>, using the notation described.""}]","<proof>
1. T Ex Ay B(x,y) pre
2. F Ay Ex B(x,y) conclusion
3. T Ay B(a,y) 1
4. F Ex B(x,b) 2
5. T B(a,b) 3
6. F B(a,b) 4
7. @ 5,6
</proof>","1. T Ex Ay B(x,y) pre
2. F Ay Ex B(x,y) conclusion
3. T Ay B(a,y) 1
4. F Ex B(x,b) 2
5. T B(a,b) 3
6. F B(a,b) 4
7. @ 5,6",The proof is valid.,80.4820966720581,stop,1043.0,2332.0
"Ax (B(x)->C(x)), ~Ex C(x) |- ~Ex B(x)","[{'role': 'system', 'content': ""\nYou are an expert in logic using the semantic Tableaux method. \nYou will receive a first order logic formula and must prove its validity using the semantic tableau method, represent the proof in a Fitch-like notation, following these formatting instructions:\n\n### FORMAT OF PROOF LINES: \nExpanding proof line must be structured like: '<line_number>. <T_or_F> <formula> <origin>'\n- <line_number>: sequential integer, always ending with a dot ('1.', '2.', '3.', ...)\n- <T_or_F> → T for true formulas, F for false formulas. \n- <formula>: the formula derived on that line\n- <origin> is exactly one of:\n    pre (for premises)\n    conclusion (for the conclusion)\n    a comma-separated list of line numbers indicating the formula(s) used to derive the current line (e.g. '1', '3', '1,3')\n\n### BRANCHING FORMAT \nUse curly braces { and } to open and close branches. \n{ must appear immediately after the line number that opens a branch (e.g. '8.{ F A|B 3') \n} must appear at the end of the line that closes that branch (e.g. '12. @ 5,7}'). Exception: the main (initial) branch does not require a closing }, since it is not opened by {.\nBranches may be nested. But a formula may only be used at a given point if it appeared earlier in the same branch or an outer (enclosing) branch to the current branch. Formulas from closed branches or sibling branches must not be used.\n\n### SYMBOLS \nUse the following symbols for logical operations: \n & = conjunction (and), \n | = disjunction (or), \n ~ = negation (not), \n -> = implication (implies).\n\nQuantifiers symbols:  \n    Ax represents ∀x  \n    Ex represents ∃x\nSo formulas with ∀x and ∃x will be represented by Ax and Ex (A and E followed by the variable x). For example, Ax (H(x)->M(x)) represents ∀x (H(x)→M(x)).\n\n###CONVENTIONS\nAtoms: only uppercase letters not immediately followed by parentesis (e.g. P, Q, R).\nPredicates: uppercase letters immediately followed by parentesis (e.g. H(x), M(y), Q(a,b) ). All predicates must use parentheses.\nVariables: first letter in lowercase, can be followed by letters and numbers (e.g., x, x0, xP0).\n\nWrite only the final proof in <proof>...</proof> tags. Only use <proof>...</proof> tags ONCE. Omit names of the rules. Only use these symbols inside the proof '&' , '->', '~', '|', '@', '(', ')', '{', '}', 'Ax', 'Ex'.\nDo not include explanations, commentary, or extra text inside and outside the <proof>...</proof> tags.\n""}, {'role': 'user', 'content': ""Prove 'Ex P(x), Ax (P(x)->Q(x)) |- Ex Q(x)', using the analytical tableau method. Final answer using the notation described. ""}, {'role': 'assistant', 'content': ' <proof>\n                        1. T Ex P(x) pre\n                        2. T Ax (P(x)->Q(x)) pre\n                        3. F Ex Q(x) conclusion\n                        4. T P(a) 1 \n                        5. T (P(a)->Q(a)) 2 \n                        6. F Q(a) 3 \n                        7.{ F P(a) 5 \n                        8. @ 4,7}    \n                        9.{ T Q(a) 5 \n                        10. @ 6,9}   \n                    </proof>'}, {'role': 'user', 'content': ""Prove 'Ax (P(x)|P(x)) |- Ax P(x)', using the analytical tableau method. Final answer using the notation described.""}, {'role': 'assistant', 'content': ' <proof>\n                            1. T Ax (P(x)|P(x)) pre \n                            2. F Ax P(x) conclusion\n                            3. F P(a) 2          \n                            4. T (P(a)|P(a)) 1   \n                            5.{ T P(a) 4         \n                            6. @ 3,5}            \n                            7.{ T P(a) 4         \n                            8. @ 3,7}            \n                        </proof>'}, {'role': 'user', 'content': ""Prove'Ax (B(x)->C(x)), ~Ex C(x) |- ~Ex B(x)' using the analytical tableau method. Only one final answer, surrounded by <proof>...</proof>, using the notation described.""}]","<proof>
1. T Ax (B(x)->C(x)) pre
2. T ~Ex C(x) pre
3. F ~Ex B(x) conclusion
4. F Ex C(x) 2
5. T Ex B(x) 3
6. F C(a) 4
7. T B(a) 5
8. T (B(a)->C(a)) 1
9.{ F B(a) 8
10. @ 7,9}
11.{ T C(a) 8
12. @ 6,11}
</proof>","1. T Ax (B(x)->C(x)) pre
2. T ~Ex C(x) pre
3. F ~Ex B(x) conclusion
4. F Ex C(x) 2
5. T Ex B(x) 3
6. F C(a) 4
7. T B(a) 5
8. T (B(a)->C(a)) 1
9.{ F B(a) 8
10. @ 7,9}
11.{ T C(a) 8
12. @ 6,11}","The following errors were found:

Error in line 7:
7. T B(a) 5
     ^, The variable used in this formula B(a) is not a new variable and therefore cannot be used in this rule.",42.94192099571228,stop,1049.0,1281.0
"Ax (B(x)->C(x)), Ax (C(x)->D(x)), Ex B(x) |- Ex D(x)","[{'role': 'system', 'content': ""\nYou are an expert in logic using the semantic Tableaux method. \nYou will receive a first order logic formula and must prove its validity using the semantic tableau method, represent the proof in a Fitch-like notation, following these formatting instructions:\n\n### FORMAT OF PROOF LINES: \nExpanding proof line must be structured like: '<line_number>. <T_or_F> <formula> <origin>'\n- <line_number>: sequential integer, always ending with a dot ('1.', '2.', '3.', ...)\n- <T_or_F> → T for true formulas, F for false formulas. \n- <formula>: the formula derived on that line\n- <origin> is exactly one of:\n    pre (for premises)\n    conclusion (for the conclusion)\n    a comma-separated list of line numbers indicating the formula(s) used to derive the current line (e.g. '1', '3', '1,3')\n\n### BRANCHING FORMAT \nUse curly braces { and } to open and close branches. \n{ must appear immediately after the line number that opens a branch (e.g. '8.{ F A|B 3') \n} must appear at the end of the line that closes that branch (e.g. '12. @ 5,7}'). Exception: the main (initial) branch does not require a closing }, since it is not opened by {.\nBranches may be nested. But a formula may only be used at a given point if it appeared earlier in the same branch or an outer (enclosing) branch to the current branch. Formulas from closed branches or sibling branches must not be used.\n\n### SYMBOLS \nUse the following symbols for logical operations: \n & = conjunction (and), \n | = disjunction (or), \n ~ = negation (not), \n -> = implication (implies).\n\nQuantifiers symbols:  \n    Ax represents ∀x  \n    Ex represents ∃x\nSo formulas with ∀x and ∃x will be represented by Ax and Ex (A and E followed by the variable x). For example, Ax (H(x)->M(x)) represents ∀x (H(x)→M(x)).\n\n###CONVENTIONS\nAtoms: only uppercase letters not immediately followed by parentesis (e.g. P, Q, R).\nPredicates: uppercase letters immediately followed by parentesis (e.g. H(x), M(y), Q(a,b) ). All predicates must use parentheses.\nVariables: first letter in lowercase, can be followed by letters and numbers (e.g., x, x0, xP0).\n\nWrite only the final proof in <proof>...</proof> tags. Only use <proof>...</proof> tags ONCE. Omit names of the rules. Only use these symbols inside the proof '&' , '->', '~', '|', '@', '(', ')', '{', '}', 'Ax', 'Ex'.\nDo not include explanations, commentary, or extra text inside and outside the <proof>...</proof> tags.\n""}, {'role': 'user', 'content': ""Prove 'Ex P(x), Ax (P(x)->Q(x)) |- Ex Q(x)', using the analytical tableau method. Final answer using the notation described. ""}, {'role': 'assistant', 'content': ' <proof>\n                        1. T Ex P(x) pre\n                        2. T Ax (P(x)->Q(x)) pre\n                        3. F Ex Q(x) conclusion\n                        4. T P(a) 1 \n                        5. T (P(a)->Q(a)) 2 \n                        6. F Q(a) 3 \n                        7.{ F P(a) 5 \n                        8. @ 4,7}    \n                        9.{ T Q(a) 5 \n                        10. @ 6,9}   \n                    </proof>'}, {'role': 'user', 'content': ""Prove 'Ax (P(x)|P(x)) |- Ax P(x)', using the analytical tableau method. Final answer using the notation described.""}, {'role': 'assistant', 'content': ' <proof>\n                            1. T Ax (P(x)|P(x)) pre \n                            2. F Ax P(x) conclusion\n                            3. F P(a) 2          \n                            4. T (P(a)|P(a)) 1   \n                            5.{ T P(a) 4         \n                            6. @ 3,5}            \n                            7.{ T P(a) 4         \n                            8. @ 3,7}            \n                        </proof>'}, {'role': 'user', 'content': ""Prove'Ax (B(x)->C(x)), Ax (C(x)->D(x)), Ex B(x) |- Ex D(x)' using the analytical tableau method. Only one final answer, surrounded by <proof>...</proof>, using the notation described.""}]","<proof>
1. T Ax (B(x)->C(x)) pre
2. T Ax (C(x)->D(x)) pre
3. T Ex B(x) pre
4. F Ex D(x) conclusion
5. T Ax ~D(x) 4
6. T B(a) 3
7. T (B(a)->C(a)) 1
8. T (C(a)->D(a)) 2
9. T ~D(a) 5
10.{ F B(a) 7
11. @ 6,10}
12.{ T C(a) 7
13.{ F C(a) 8
14. @ 12,13}
15.{ T D(a) 8
16. @ 9,15}
</proof>","1. T Ax (B(x)->C(x)) pre
2. T Ax (C(x)->D(x)) pre
3. T Ex B(x) pre
4. F Ex D(x) conclusion
5. T Ax ~D(x) 4
6. T B(a) 3
7. T (B(a)->C(a)) 1
8. T (C(a)->D(a)) 2
9. T ~D(a) 5
10.{ F B(a) 7
11. @ 6,10}
12.{ T C(a) 7
13.{ F C(a) 8
14. @ 12,13}
15.{ T D(a) 8
16. @ 9,15}","The following errors were found:

Error in line 5:
5. T Ax ~D(x) 4
   ^, The truth value should be F for this rule.
Error in line 12:
12.{ T C(a) 7
       ^,The open branch must be closed.
Error in line 5:
5. T Ax ~D(x) 4
     ^, Formula referenced in line 4 is not a existential formula with truth-value T.
Error in line 5:
5. T Ax ~D(x) 4
     ^, Formula Ax ~D(x) is not a valid substitutuion for the existential formula referenced in the line 4.
Error in line 16:
16. @ 9,15}
      ^, None of the formulas referenced by the lines contradict the other formula.",120.57398343086244,stop,1055.0,3465.0
Ex ~(B(x)&C(x)) |- Ex (~B(x)|~C(x)),"[{'role': 'system', 'content': ""\nYou are an expert in logic using the semantic Tableaux method. \nYou will receive a first order logic formula and must prove its validity using the semantic tableau method, represent the proof in a Fitch-like notation, following these formatting instructions:\n\n### FORMAT OF PROOF LINES: \nExpanding proof line must be structured like: '<line_number>. <T_or_F> <formula> <origin>'\n- <line_number>: sequential integer, always ending with a dot ('1.', '2.', '3.', ...)\n- <T_or_F> → T for true formulas, F for false formulas. \n- <formula>: the formula derived on that line\n- <origin> is exactly one of:\n    pre (for premises)\n    conclusion (for the conclusion)\n    a comma-separated list of line numbers indicating the formula(s) used to derive the current line (e.g. '1', '3', '1,3')\n\n### BRANCHING FORMAT \nUse curly braces { and } to open and close branches. \n{ must appear immediately after the line number that opens a branch (e.g. '8.{ F A|B 3') \n} must appear at the end of the line that closes that branch (e.g. '12. @ 5,7}'). Exception: the main (initial) branch does not require a closing }, since it is not opened by {.\nBranches may be nested. But a formula may only be used at a given point if it appeared earlier in the same branch or an outer (enclosing) branch to the current branch. Formulas from closed branches or sibling branches must not be used.\n\n### SYMBOLS \nUse the following symbols for logical operations: \n & = conjunction (and), \n | = disjunction (or), \n ~ = negation (not), \n -> = implication (implies).\n\nQuantifiers symbols:  \n    Ax represents ∀x  \n    Ex represents ∃x\nSo formulas with ∀x and ∃x will be represented by Ax and Ex (A and E followed by the variable x). For example, Ax (H(x)->M(x)) represents ∀x (H(x)→M(x)).\n\n###CONVENTIONS\nAtoms: only uppercase letters not immediately followed by parentesis (e.g. P, Q, R).\nPredicates: uppercase letters immediately followed by parentesis (e.g. H(x), M(y), Q(a,b) ). All predicates must use parentheses.\nVariables: first letter in lowercase, can be followed by letters and numbers (e.g., x, x0, xP0).\n\nWrite only the final proof in <proof>...</proof> tags. Only use <proof>...</proof> tags ONCE. Omit names of the rules. Only use these symbols inside the proof '&' , '->', '~', '|', '@', '(', ')', '{', '}', 'Ax', 'Ex'.\nDo not include explanations, commentary, or extra text inside and outside the <proof>...</proof> tags.\n""}, {'role': 'user', 'content': ""Prove 'Ex P(x), Ax (P(x)->Q(x)) |- Ex Q(x)', using the analytical tableau method. Final answer using the notation described. ""}, {'role': 'assistant', 'content': ' <proof>\n                        1. T Ex P(x) pre\n                        2. T Ax (P(x)->Q(x)) pre\n                        3. F Ex Q(x) conclusion\n                        4. T P(a) 1 \n                        5. T (P(a)->Q(a)) 2 \n                        6. F Q(a) 3 \n                        7.{ F P(a) 5 \n                        8. @ 4,7}    \n                        9.{ T Q(a) 5 \n                        10. @ 6,9}   \n                    </proof>'}, {'role': 'user', 'content': ""Prove 'Ax (P(x)|P(x)) |- Ax P(x)', using the analytical tableau method. Final answer using the notation described.""}, {'role': 'assistant', 'content': ' <proof>\n                            1. T Ax (P(x)|P(x)) pre \n                            2. F Ax P(x) conclusion\n                            3. F P(a) 2          \n                            4. T (P(a)|P(a)) 1   \n                            5.{ T P(a) 4         \n                            6. @ 3,5}            \n                            7.{ T P(a) 4         \n                            8. @ 3,7}            \n                        </proof>'}, {'role': 'user', 'content': ""Prove'Ex ~(B(x)&C(x)) |- Ex (~B(x)|~C(x))' using the analytical tableau method. Only one final answer, surrounded by <proof>...</proof>, using the notation described.""}]","<proof>
1. T Ex ~ (B(x)&C(x)) pre
2. F Ex (~B(x)|~C(x)) conclusion
3. T ~(B(a)&C(a)) 1
4. F (~B(a) | ~C(a)) 2
5. F (B(a)&C(a)) 3
6. F ~B(a) 4
7. F ~C(a) 4
8. T B(a) 6
9. T C(a) 7
10.{ F B(a) 5
11. @ 8,10}
12.{ F C(a) 5
13. @ 9,12}
</proof>","1. T Ex ~ (B(x)&C(x)) pre
2. F Ex (~B(x)|~C(x)) conclusion
3. T ~(B(a)&C(a)) 1
4. F (~B(a) | ~C(a)) 2
5. F (B(a)&C(a)) 3
6. F ~B(a) 4
7. F ~C(a) 4
8. T B(a) 6
9. T C(a) 7
10.{ F B(a) 5
11. @ 8,10}
12.{ F C(a) 5
13. @ 9,12}",The proof is valid.,64.8672776222229,stop,1049.0,1912.0
Ax ~(B(x)|C(x)) |- Ax ~B(x)&Ax ~C(x),"[{'role': 'system', 'content': ""\nYou are an expert in logic using the semantic Tableaux method. \nYou will receive a first order logic formula and must prove its validity using the semantic tableau method, represent the proof in a Fitch-like notation, following these formatting instructions:\n\n### FORMAT OF PROOF LINES: \nExpanding proof line must be structured like: '<line_number>. <T_or_F> <formula> <origin>'\n- <line_number>: sequential integer, always ending with a dot ('1.', '2.', '3.', ...)\n- <T_or_F> → T for true formulas, F for false formulas. \n- <formula>: the formula derived on that line\n- <origin> is exactly one of:\n    pre (for premises)\n    conclusion (for the conclusion)\n    a comma-separated list of line numbers indicating the formula(s) used to derive the current line (e.g. '1', '3', '1,3')\n\n### BRANCHING FORMAT \nUse curly braces { and } to open and close branches. \n{ must appear immediately after the line number that opens a branch (e.g. '8.{ F A|B 3') \n} must appear at the end of the line that closes that branch (e.g. '12. @ 5,7}'). Exception: the main (initial) branch does not require a closing }, since it is not opened by {.\nBranches may be nested. But a formula may only be used at a given point if it appeared earlier in the same branch or an outer (enclosing) branch to the current branch. Formulas from closed branches or sibling branches must not be used.\n\n### SYMBOLS \nUse the following symbols for logical operations: \n & = conjunction (and), \n | = disjunction (or), \n ~ = negation (not), \n -> = implication (implies).\n\nQuantifiers symbols:  \n    Ax represents ∀x  \n    Ex represents ∃x\nSo formulas with ∀x and ∃x will be represented by Ax and Ex (A and E followed by the variable x). For example, Ax (H(x)->M(x)) represents ∀x (H(x)→M(x)).\n\n###CONVENTIONS\nAtoms: only uppercase letters not immediately followed by parentesis (e.g. P, Q, R).\nPredicates: uppercase letters immediately followed by parentesis (e.g. H(x), M(y), Q(a,b) ). All predicates must use parentheses.\nVariables: first letter in lowercase, can be followed by letters and numbers (e.g., x, x0, xP0).\n\nWrite only the final proof in <proof>...</proof> tags. Only use <proof>...</proof> tags ONCE. Omit names of the rules. Only use these symbols inside the proof '&' , '->', '~', '|', '@', '(', ')', '{', '}', 'Ax', 'Ex'.\nDo not include explanations, commentary, or extra text inside and outside the <proof>...</proof> tags.\n""}, {'role': 'user', 'content': ""Prove 'Ex P(x), Ax (P(x)->Q(x)) |- Ex Q(x)', using the analytical tableau method. Final answer using the notation described. ""}, {'role': 'assistant', 'content': ' <proof>\n                        1. T Ex P(x) pre\n                        2. T Ax (P(x)->Q(x)) pre\n                        3. F Ex Q(x) conclusion\n                        4. T P(a) 1 \n                        5. T (P(a)->Q(a)) 2 \n                        6. F Q(a) 3 \n                        7.{ F P(a) 5 \n                        8. @ 4,7}    \n                        9.{ T Q(a) 5 \n                        10. @ 6,9}   \n                    </proof>'}, {'role': 'user', 'content': ""Prove 'Ax (P(x)|P(x)) |- Ax P(x)', using the analytical tableau method. Final answer using the notation described.""}, {'role': 'assistant', 'content': ' <proof>\n                            1. T Ax (P(x)|P(x)) pre \n                            2. F Ax P(x) conclusion\n                            3. F P(a) 2          \n                            4. T (P(a)|P(a)) 1   \n                            5.{ T P(a) 4         \n                            6. @ 3,5}            \n                            7.{ T P(a) 4         \n                            8. @ 3,7}            \n                        </proof>'}, {'role': 'user', 'content': ""Prove'Ax ~(B(x)|C(x)) |- Ax ~B(x)&Ax ~C(x)' using the analytical tableau method. Only one final answer, surrounded by <proof>...</proof>, using the notation described.""}]","<proof>
1. T Ax ~(B(x)|C(x)) pre
2. F (Ax ~B(x)&Ax ~C(x)) conclusion
3.{ F Ax ~B(x) 2
4. F ~B(a) 3
5. T B(a) 4
6. T ~(B(a)|C(a)) 1
7. T ~B(a) 6
8. F B(a) 7
9. @ 5,8}
10.{ F Ax ~C(x) 2
11. F ~C(b) 10
12. T C(b) 11
13. T ~(B(b)|C(b)) 1
14. T ~C(b) 13
15. F C(b) 14
16. @ 12,15}
</proof>","1. T Ax ~(B(x)|C(x)) pre
2. F (Ax ~B(x)&Ax ~C(x)) conclusion
3.{ F Ax ~B(x) 2
4. F ~B(a) 3
5. T B(a) 4
6. T ~(B(a)|C(a)) 1
7. T ~B(a) 6
8. F B(a) 7
9. @ 5,8}
10.{ F Ax ~C(x) 2
11. F ~C(b) 10
12. T C(b) 11
13. T ~(B(b)|C(b)) 1
14. T ~C(b) 13
15. F C(b) 14
16. @ 12,15}","The following errors were found:

Error in line 7:
7. T ~B(a) 6
   ^, The truth value should be F for this rule.
Error in line 14:
14. T ~C(b) 13
    ^, The truth value should be F for this rule.
Error in line 7:
7. T ~B(a) 6
           ^, Formula ~B(a) is not a valid result for this rule.
Error in line 14:
14. T ~C(b) 13
            ^, Formula ~C(b) is not a valid result for this rule.",75.49974584579468,stop,1049.0,2228.0
Ax (B(x)->(C(x)&D(x))) |- Ax (B(x)->C(x)),"[{'role': 'system', 'content': ""\nYou are an expert in logic using the semantic Tableaux method. \nYou will receive a first order logic formula and must prove its validity using the semantic tableau method, represent the proof in a Fitch-like notation, following these formatting instructions:\n\n### FORMAT OF PROOF LINES: \nExpanding proof line must be structured like: '<line_number>. <T_or_F> <formula> <origin>'\n- <line_number>: sequential integer, always ending with a dot ('1.', '2.', '3.', ...)\n- <T_or_F> → T for true formulas, F for false formulas. \n- <formula>: the formula derived on that line\n- <origin> is exactly one of:\n    pre (for premises)\n    conclusion (for the conclusion)\n    a comma-separated list of line numbers indicating the formula(s) used to derive the current line (e.g. '1', '3', '1,3')\n\n### BRANCHING FORMAT \nUse curly braces { and } to open and close branches. \n{ must appear immediately after the line number that opens a branch (e.g. '8.{ F A|B 3') \n} must appear at the end of the line that closes that branch (e.g. '12. @ 5,7}'). Exception: the main (initial) branch does not require a closing }, since it is not opened by {.\nBranches may be nested. But a formula may only be used at a given point if it appeared earlier in the same branch or an outer (enclosing) branch to the current branch. Formulas from closed branches or sibling branches must not be used.\n\n### SYMBOLS \nUse the following symbols for logical operations: \n & = conjunction (and), \n | = disjunction (or), \n ~ = negation (not), \n -> = implication (implies).\n\nQuantifiers symbols:  \n    Ax represents ∀x  \n    Ex represents ∃x\nSo formulas with ∀x and ∃x will be represented by Ax and Ex (A and E followed by the variable x). For example, Ax (H(x)->M(x)) represents ∀x (H(x)→M(x)).\n\n###CONVENTIONS\nAtoms: only uppercase letters not immediately followed by parentesis (e.g. P, Q, R).\nPredicates: uppercase letters immediately followed by parentesis (e.g. H(x), M(y), Q(a,b) ). All predicates must use parentheses.\nVariables: first letter in lowercase, can be followed by letters and numbers (e.g., x, x0, xP0).\n\nWrite only the final proof in <proof>...</proof> tags. Only use <proof>...</proof> tags ONCE. Omit names of the rules. Only use these symbols inside the proof '&' , '->', '~', '|', '@', '(', ')', '{', '}', 'Ax', 'Ex'.\nDo not include explanations, commentary, or extra text inside and outside the <proof>...</proof> tags.\n""}, {'role': 'user', 'content': ""Prove 'Ex P(x), Ax (P(x)->Q(x)) |- Ex Q(x)', using the analytical tableau method. Final answer using the notation described. ""}, {'role': 'assistant', 'content': ' <proof>\n                        1. T Ex P(x) pre\n                        2. T Ax (P(x)->Q(x)) pre\n                        3. F Ex Q(x) conclusion\n                        4. T P(a) 1 \n                        5. T (P(a)->Q(a)) 2 \n                        6. F Q(a) 3 \n                        7.{ F P(a) 5 \n                        8. @ 4,7}    \n                        9.{ T Q(a) 5 \n                        10. @ 6,9}   \n                    </proof>'}, {'role': 'user', 'content': ""Prove 'Ax (P(x)|P(x)) |- Ax P(x)', using the analytical tableau method. Final answer using the notation described.""}, {'role': 'assistant', 'content': ' <proof>\n                            1. T Ax (P(x)|P(x)) pre \n                            2. F Ax P(x) conclusion\n                            3. F P(a) 2          \n                            4. T (P(a)|P(a)) 1   \n                            5.{ T P(a) 4         \n                            6. @ 3,5}            \n                            7.{ T P(a) 4         \n                            8. @ 3,7}            \n                        </proof>'}, {'role': 'user', 'content': ""Prove'Ax (B(x)->(C(x)&D(x))) |- Ax (B(x)->C(x))' using the analytical tableau method. Only one final answer, surrounded by <proof>...</proof>, using the notation described.""}]","<proof>
1. T Ax (B(x)->(C(x)&D(x))) pre
2. F Ax (B(x)->C(x)) conclusion
3. F (B(a)->C(a)) 2
4. T B(a) 3
5. F C(a) 3
6. T (B(a)->(C(a)&D(a))) 1
7.{ F B(a) 6
8. @ 4,7}
9.{ T C(a) 6
10. T D(a) 6
11. @ 5,9}
</proof>","1. T Ax (B(x)->(C(x)&D(x))) pre
2. F Ax (B(x)->C(x)) conclusion
3. F (B(a)->C(a)) 2
4. T B(a) 3
5. F C(a) 3
6. T (B(a)->(C(a)&D(a))) 1
7.{ F B(a) 6
8. @ 4,7}
9.{ T C(a) 6
10. T D(a) 6
11. @ 5,9}","The following errors were found:

Error in line 10:
10. T D(a) 6
           ^, The rule must be a beta-rule.
Error in line 7:
7.{ F B(a) 6
^, There should be a next branch, starting with rule ->T with formula C(a)&D(a).
Error in line 9:
9.{ T C(a) 6
    ^, Formula C(a) (conclusion of the rule) must be the antecedent or consequent of the implication of the referenced formula.",37.854857206344604,stop,1052.0,1128.0
Ex B(x)|Ex C(x) |- Ex (B(x)|C(x)),"[{'role': 'system', 'content': ""\nYou are an expert in logic using the semantic Tableaux method. \nYou will receive a first order logic formula and must prove its validity using the semantic tableau method, represent the proof in a Fitch-like notation, following these formatting instructions:\n\n### FORMAT OF PROOF LINES: \nExpanding proof line must be structured like: '<line_number>. <T_or_F> <formula> <origin>'\n- <line_number>: sequential integer, always ending with a dot ('1.', '2.', '3.', ...)\n- <T_or_F> → T for true formulas, F for false formulas. \n- <formula>: the formula derived on that line\n- <origin> is exactly one of:\n    pre (for premises)\n    conclusion (for the conclusion)\n    a comma-separated list of line numbers indicating the formula(s) used to derive the current line (e.g. '1', '3', '1,3')\n\n### BRANCHING FORMAT \nUse curly braces { and } to open and close branches. \n{ must appear immediately after the line number that opens a branch (e.g. '8.{ F A|B 3') \n} must appear at the end of the line that closes that branch (e.g. '12. @ 5,7}'). Exception: the main (initial) branch does not require a closing }, since it is not opened by {.\nBranches may be nested. But a formula may only be used at a given point if it appeared earlier in the same branch or an outer (enclosing) branch to the current branch. Formulas from closed branches or sibling branches must not be used.\n\n### SYMBOLS \nUse the following symbols for logical operations: \n & = conjunction (and), \n | = disjunction (or), \n ~ = negation (not), \n -> = implication (implies).\n\nQuantifiers symbols:  \n    Ax represents ∀x  \n    Ex represents ∃x\nSo formulas with ∀x and ∃x will be represented by Ax and Ex (A and E followed by the variable x). For example, Ax (H(x)->M(x)) represents ∀x (H(x)→M(x)).\n\n###CONVENTIONS\nAtoms: only uppercase letters not immediately followed by parentesis (e.g. P, Q, R).\nPredicates: uppercase letters immediately followed by parentesis (e.g. H(x), M(y), Q(a,b) ). All predicates must use parentheses.\nVariables: first letter in lowercase, can be followed by letters and numbers (e.g., x, x0, xP0).\n\nWrite only the final proof in <proof>...</proof> tags. Only use <proof>...</proof> tags ONCE. Omit names of the rules. Only use these symbols inside the proof '&' , '->', '~', '|', '@', '(', ')', '{', '}', 'Ax', 'Ex'.\nDo not include explanations, commentary, or extra text inside and outside the <proof>...</proof> tags.\n""}, {'role': 'user', 'content': ""Prove 'Ex P(x), Ax (P(x)->Q(x)) |- Ex Q(x)', using the analytical tableau method. Final answer using the notation described. ""}, {'role': 'assistant', 'content': ' <proof>\n                        1. T Ex P(x) pre\n                        2. T Ax (P(x)->Q(x)) pre\n                        3. F Ex Q(x) conclusion\n                        4. T P(a) 1 \n                        5. T (P(a)->Q(a)) 2 \n                        6. F Q(a) 3 \n                        7.{ F P(a) 5 \n                        8. @ 4,7}    \n                        9.{ T Q(a) 5 \n                        10. @ 6,9}   \n                    </proof>'}, {'role': 'user', 'content': ""Prove 'Ax (P(x)|P(x)) |- Ax P(x)', using the analytical tableau method. Final answer using the notation described.""}, {'role': 'assistant', 'content': ' <proof>\n                            1. T Ax (P(x)|P(x)) pre \n                            2. F Ax P(x) conclusion\n                            3. F P(a) 2          \n                            4. T (P(a)|P(a)) 1   \n                            5.{ T P(a) 4         \n                            6. @ 3,5}            \n                            7.{ T P(a) 4         \n                            8. @ 3,7}            \n                        </proof>'}, {'role': 'user', 'content': ""Prove'Ex B(x)|Ex C(x) |- Ex (B(x)|C(x))' using the analytical tableau method. Only one final answer, surrounded by <proof>...</proof>, using the notation described.""}]","<proof>
1. T (Ex B(x)|Ex C(x)) pre
2. F Ex (B(x)|C(x)) conclusion
3. F (B(a)|C(a)) 2
4. F B(a) 3
5. F C(a) 3
6.{ T Ex B(x) 1
7. T B(a) 6
8. @ 4,7}
9.{ T Ex C(x) 1
10. T C(a) 9
11. @ 5,10}
</proof>","1. T (Ex B(x)|Ex C(x)) pre
2. F Ex (B(x)|C(x)) conclusion
3. F (B(a)|C(a)) 2
4. F B(a) 3
5. F C(a) 3
6.{ T Ex B(x) 1
7. T B(a) 6
8. @ 4,7}
9.{ T Ex C(x) 1
10. T C(a) 9
11. @ 5,10}","The following errors were found:

Error in line 7:
7. T B(a) 6
     ^, The variable used in this formula B(a) is not a new variable and therefore cannot be used in this rule.
Error in line 10:
10. T C(a) 9
      ^, The variable used in this formula C(a) is not a new variable and therefore cannot be used in this rule.",56.72108101844788,stop,1048.0,1692.0
Ax B(x)&Ax C(x) |- Ax (B(x)&C(x)),"[{'role': 'system', 'content': ""\nYou are an expert in logic using the semantic Tableaux method. \nYou will receive a first order logic formula and must prove its validity using the semantic tableau method, represent the proof in a Fitch-like notation, following these formatting instructions:\n\n### FORMAT OF PROOF LINES: \nExpanding proof line must be structured like: '<line_number>. <T_or_F> <formula> <origin>'\n- <line_number>: sequential integer, always ending with a dot ('1.', '2.', '3.', ...)\n- <T_or_F> → T for true formulas, F for false formulas. \n- <formula>: the formula derived on that line\n- <origin> is exactly one of:\n    pre (for premises)\n    conclusion (for the conclusion)\n    a comma-separated list of line numbers indicating the formula(s) used to derive the current line (e.g. '1', '3', '1,3')\n\n### BRANCHING FORMAT \nUse curly braces { and } to open and close branches. \n{ must appear immediately after the line number that opens a branch (e.g. '8.{ F A|B 3') \n} must appear at the end of the line that closes that branch (e.g. '12. @ 5,7}'). Exception: the main (initial) branch does not require a closing }, since it is not opened by {.\nBranches may be nested. But a formula may only be used at a given point if it appeared earlier in the same branch or an outer (enclosing) branch to the current branch. Formulas from closed branches or sibling branches must not be used.\n\n### SYMBOLS \nUse the following symbols for logical operations: \n & = conjunction (and), \n | = disjunction (or), \n ~ = negation (not), \n -> = implication (implies).\n\nQuantifiers symbols:  \n    Ax represents ∀x  \n    Ex represents ∃x\nSo formulas with ∀x and ∃x will be represented by Ax and Ex (A and E followed by the variable x). For example, Ax (H(x)->M(x)) represents ∀x (H(x)→M(x)).\n\n###CONVENTIONS\nAtoms: only uppercase letters not immediately followed by parentesis (e.g. P, Q, R).\nPredicates: uppercase letters immediately followed by parentesis (e.g. H(x), M(y), Q(a,b) ). All predicates must use parentheses.\nVariables: first letter in lowercase, can be followed by letters and numbers (e.g., x, x0, xP0).\n\nWrite only the final proof in <proof>...</proof> tags. Only use <proof>...</proof> tags ONCE. Omit names of the rules. Only use these symbols inside the proof '&' , '->', '~', '|', '@', '(', ')', '{', '}', 'Ax', 'Ex'.\nDo not include explanations, commentary, or extra text inside and outside the <proof>...</proof> tags.\n""}, {'role': 'user', 'content': ""Prove 'Ex P(x), Ax (P(x)->Q(x)) |- Ex Q(x)', using the analytical tableau method. Final answer using the notation described. ""}, {'role': 'assistant', 'content': ' <proof>\n                        1. T Ex P(x) pre\n                        2. T Ax (P(x)->Q(x)) pre\n                        3. F Ex Q(x) conclusion\n                        4. T P(a) 1 \n                        5. T (P(a)->Q(a)) 2 \n                        6. F Q(a) 3 \n                        7.{ F P(a) 5 \n                        8. @ 4,7}    \n                        9.{ T Q(a) 5 \n                        10. @ 6,9}   \n                    </proof>'}, {'role': 'user', 'content': ""Prove 'Ax (P(x)|P(x)) |- Ax P(x)', using the analytical tableau method. Final answer using the notation described.""}, {'role': 'assistant', 'content': ' <proof>\n                            1. T Ax (P(x)|P(x)) pre \n                            2. F Ax P(x) conclusion\n                            3. F P(a) 2          \n                            4. T (P(a)|P(a)) 1   \n                            5.{ T P(a) 4         \n                            6. @ 3,5}            \n                            7.{ T P(a) 4         \n                            8. @ 3,7}            \n                        </proof>'}, {'role': 'user', 'content': ""Prove'Ax B(x)&Ax C(x) |- Ax (B(x)&C(x))' using the analytical tableau method. Only one final answer, surrounded by <proof>...</proof>, using the notation described.""}]","<proof>
1. T Ax B(x)&Ax C(x) pre
2. F Ax (B(x)&C(x)) conclusion
3. T Ax B(x) 1
4. T Ax C(x) 1
5. F (B(a)&C(a)) 2
6. T B(a) 3
7. T C(a) 4
8.{ F B(a) 5 
9. @ 6,8}
10.{ F C(a) 5 
11. @ 7,10}
</proof>","1. T Ax B(x)&Ax C(x) pre
2. F Ax (B(x)&C(x)) conclusion
3. T Ax B(x) 1
4. T Ax C(x) 1
5. F (B(a)&C(a)) 2
6. T B(a) 3
7. T C(a) 4
8.{ F B(a) 5 
9. @ 6,8}
10.{ F C(a) 5 
11. @ 7,10}",The proof is valid.,37.90063810348511,stop,1048.0,1132.0
Ax B(x) |- ~Ex ~B(x),"[{'role': 'system', 'content': ""\nYou are an expert in logic using the semantic Tableaux method. \nYou will receive a first order logic formula and must prove its validity using the semantic tableau method, represent the proof in a Fitch-like notation, following these formatting instructions:\n\n### FORMAT OF PROOF LINES: \nExpanding proof line must be structured like: '<line_number>. <T_or_F> <formula> <origin>'\n- <line_number>: sequential integer, always ending with a dot ('1.', '2.', '3.', ...)\n- <T_or_F> → T for true formulas, F for false formulas. \n- <formula>: the formula derived on that line\n- <origin> is exactly one of:\n    pre (for premises)\n    conclusion (for the conclusion)\n    a comma-separated list of line numbers indicating the formula(s) used to derive the current line (e.g. '1', '3', '1,3')\n\n### BRANCHING FORMAT \nUse curly braces { and } to open and close branches. \n{ must appear immediately after the line number that opens a branch (e.g. '8.{ F A|B 3') \n} must appear at the end of the line that closes that branch (e.g. '12. @ 5,7}'). Exception: the main (initial) branch does not require a closing }, since it is not opened by {.\nBranches may be nested. But a formula may only be used at a given point if it appeared earlier in the same branch or an outer (enclosing) branch to the current branch. Formulas from closed branches or sibling branches must not be used.\n\n### SYMBOLS \nUse the following symbols for logical operations: \n & = conjunction (and), \n | = disjunction (or), \n ~ = negation (not), \n -> = implication (implies).\n\nQuantifiers symbols:  \n    Ax represents ∀x  \n    Ex represents ∃x\nSo formulas with ∀x and ∃x will be represented by Ax and Ex (A and E followed by the variable x). For example, Ax (H(x)->M(x)) represents ∀x (H(x)→M(x)).\n\n###CONVENTIONS\nAtoms: only uppercase letters not immediately followed by parentesis (e.g. P, Q, R).\nPredicates: uppercase letters immediately followed by parentesis (e.g. H(x), M(y), Q(a,b) ). All predicates must use parentheses.\nVariables: first letter in lowercase, can be followed by letters and numbers (e.g., x, x0, xP0).\n\nWrite only the final proof in <proof>...</proof> tags. Only use <proof>...</proof> tags ONCE. Omit names of the rules. Only use these symbols inside the proof '&' , '->', '~', '|', '@', '(', ')', '{', '}', 'Ax', 'Ex'.\nDo not include explanations, commentary, or extra text inside and outside the <proof>...</proof> tags.\n""}, {'role': 'user', 'content': ""Prove 'Ex P(x), Ax (P(x)->Q(x)) |- Ex Q(x)', using the analytical tableau method. Final answer using the notation described. ""}, {'role': 'assistant', 'content': ' <proof>\n                        1. T Ex P(x) pre\n                        2. T Ax (P(x)->Q(x)) pre\n                        3. F Ex Q(x) conclusion\n                        4. T P(a) 1 \n                        5. T (P(a)->Q(a)) 2 \n                        6. F Q(a) 3 \n                        7.{ F P(a) 5 \n                        8. @ 4,7}    \n                        9.{ T Q(a) 5 \n                        10. @ 6,9}   \n                    </proof>'}, {'role': 'user', 'content': ""Prove 'Ax (P(x)|P(x)) |- Ax P(x)', using the analytical tableau method. Final answer using the notation described.""}, {'role': 'assistant', 'content': ' <proof>\n                            1. T Ax (P(x)|P(x)) pre \n                            2. F Ax P(x) conclusion\n                            3. F P(a) 2          \n                            4. T (P(a)|P(a)) 1   \n                            5.{ T P(a) 4         \n                            6. @ 3,5}            \n                            7.{ T P(a) 4         \n                            8. @ 3,7}            \n                        </proof>'}, {'role': 'user', 'content': ""Prove'Ax B(x) |- ~Ex ~B(x)' using the analytical tableau method. Only one final answer, surrounded by <proof>...</proof>, using the notation described.""}]","<proof>
1. T Ax B(x) pre
2. F ~Ex ~B(x) conclusion
3. T Ex ~B(x) 2
4. T ~B(a) 3
5. T B(a) 1
6. @ 4,5
</proof>","1. T Ax B(x) pre
2. F ~Ex ~B(x) conclusion
3. T Ex ~B(x) 2
4. T ~B(a) 3
5. T B(a) 1
6. @ 4,5","The following errors were found:

Error in line 6:
6. @ 4,5
     ^, None of the formulas referenced by the lines contradict the other formula.",24.39046359062195,stop,1041.0,732.0
~Ex ~B(x) |- Ax B(x),"[{'role': 'system', 'content': ""\nYou are an expert in logic using the semantic Tableaux method. \nYou will receive a first order logic formula and must prove its validity using the semantic tableau method, represent the proof in a Fitch-like notation, following these formatting instructions:\n\n### FORMAT OF PROOF LINES: \nExpanding proof line must be structured like: '<line_number>. <T_or_F> <formula> <origin>'\n- <line_number>: sequential integer, always ending with a dot ('1.', '2.', '3.', ...)\n- <T_or_F> → T for true formulas, F for false formulas. \n- <formula>: the formula derived on that line\n- <origin> is exactly one of:\n    pre (for premises)\n    conclusion (for the conclusion)\n    a comma-separated list of line numbers indicating the formula(s) used to derive the current line (e.g. '1', '3', '1,3')\n\n### BRANCHING FORMAT \nUse curly braces { and } to open and close branches. \n{ must appear immediately after the line number that opens a branch (e.g. '8.{ F A|B 3') \n} must appear at the end of the line that closes that branch (e.g. '12. @ 5,7}'). Exception: the main (initial) branch does not require a closing }, since it is not opened by {.\nBranches may be nested. But a formula may only be used at a given point if it appeared earlier in the same branch or an outer (enclosing) branch to the current branch. Formulas from closed branches or sibling branches must not be used.\n\n### SYMBOLS \nUse the following symbols for logical operations: \n & = conjunction (and), \n | = disjunction (or), \n ~ = negation (not), \n -> = implication (implies).\n\nQuantifiers symbols:  \n    Ax represents ∀x  \n    Ex represents ∃x\nSo formulas with ∀x and ∃x will be represented by Ax and Ex (A and E followed by the variable x). For example, Ax (H(x)->M(x)) represents ∀x (H(x)→M(x)).\n\n###CONVENTIONS\nAtoms: only uppercase letters not immediately followed by parentesis (e.g. P, Q, R).\nPredicates: uppercase letters immediately followed by parentesis (e.g. H(x), M(y), Q(a,b) ). All predicates must use parentheses.\nVariables: first letter in lowercase, can be followed by letters and numbers (e.g., x, x0, xP0).\n\nWrite only the final proof in <proof>...</proof> tags. Only use <proof>...</proof> tags ONCE. Omit names of the rules. Only use these symbols inside the proof '&' , '->', '~', '|', '@', '(', ')', '{', '}', 'Ax', 'Ex'.\nDo not include explanations, commentary, or extra text inside and outside the <proof>...</proof> tags.\n""}, {'role': 'user', 'content': ""Prove 'Ex P(x), Ax (P(x)->Q(x)) |- Ex Q(x)', using the analytical tableau method. Final answer using the notation described. ""}, {'role': 'assistant', 'content': ' <proof>\n                        1. T Ex P(x) pre\n                        2. T Ax (P(x)->Q(x)) pre\n                        3. F Ex Q(x) conclusion\n                        4. T P(a) 1 \n                        5. T (P(a)->Q(a)) 2 \n                        6. F Q(a) 3 \n                        7.{ F P(a) 5 \n                        8. @ 4,7}    \n                        9.{ T Q(a) 5 \n                        10. @ 6,9}   \n                    </proof>'}, {'role': 'user', 'content': ""Prove 'Ax (P(x)|P(x)) |- Ax P(x)', using the analytical tableau method. Final answer using the notation described.""}, {'role': 'assistant', 'content': ' <proof>\n                            1. T Ax (P(x)|P(x)) pre \n                            2. F Ax P(x) conclusion\n                            3. F P(a) 2          \n                            4. T (P(a)|P(a)) 1   \n                            5.{ T P(a) 4         \n                            6. @ 3,5}            \n                            7.{ T P(a) 4         \n                            8. @ 3,7}            \n                        </proof>'}, {'role': 'user', 'content': ""Prove'~Ex ~B(x) |- Ax B(x)' using the analytical tableau method. Only one final answer, surrounded by <proof>...</proof>, using the notation described.""}]","<proof>
1. T ~Ex ~B(x) pre
2. T Ax ~~B(x) 1
3. F Ax B(x) conclusion
4. F B(a) 3
5. T ~~B(a) 2
6. F ~B(a) 5
7. T B(a) 6
8. @ 4,7
</proof>","1. T ~Ex ~B(x) pre
2. T Ax ~~B(x) 1
3. F Ax B(x) conclusion
4. F B(a) 3
5. T ~~B(a) 2
6. F ~B(a) 5
7. T B(a) 6
8. @ 4,7","The following errors were found:

Error in line 2:
2. T Ax ~~B(x) 1
   ^, The truth value should be F for this rule.
Error in line 2:
2. T Ax ~~B(x) 1
               ^, Formula Ax ~~B(x) is not a valid result for this rule.",72.1212682723999,stop,1041.0,2088.0
Ex B(x) |- ~Ax ~B(x),"[{'role': 'system', 'content': ""\nYou are an expert in logic using the semantic Tableaux method. \nYou will receive a first order logic formula and must prove its validity using the semantic tableau method, represent the proof in a Fitch-like notation, following these formatting instructions:\n\n### FORMAT OF PROOF LINES: \nExpanding proof line must be structured like: '<line_number>. <T_or_F> <formula> <origin>'\n- <line_number>: sequential integer, always ending with a dot ('1.', '2.', '3.', ...)\n- <T_or_F> → T for true formulas, F for false formulas. \n- <formula>: the formula derived on that line\n- <origin> is exactly one of:\n    pre (for premises)\n    conclusion (for the conclusion)\n    a comma-separated list of line numbers indicating the formula(s) used to derive the current line (e.g. '1', '3', '1,3')\n\n### BRANCHING FORMAT \nUse curly braces { and } to open and close branches. \n{ must appear immediately after the line number that opens a branch (e.g. '8.{ F A|B 3') \n} must appear at the end of the line that closes that branch (e.g. '12. @ 5,7}'). Exception: the main (initial) branch does not require a closing }, since it is not opened by {.\nBranches may be nested. But a formula may only be used at a given point if it appeared earlier in the same branch or an outer (enclosing) branch to the current branch. Formulas from closed branches or sibling branches must not be used.\n\n### SYMBOLS \nUse the following symbols for logical operations: \n & = conjunction (and), \n | = disjunction (or), \n ~ = negation (not), \n -> = implication (implies).\n\nQuantifiers symbols:  \n    Ax represents ∀x  \n    Ex represents ∃x\nSo formulas with ∀x and ∃x will be represented by Ax and Ex (A and E followed by the variable x). For example, Ax (H(x)->M(x)) represents ∀x (H(x)→M(x)).\n\n###CONVENTIONS\nAtoms: only uppercase letters not immediately followed by parentesis (e.g. P, Q, R).\nPredicates: uppercase letters immediately followed by parentesis (e.g. H(x), M(y), Q(a,b) ). All predicates must use parentheses.\nVariables: first letter in lowercase, can be followed by letters and numbers (e.g., x, x0, xP0).\n\nWrite only the final proof in <proof>...</proof> tags. Only use <proof>...</proof> tags ONCE. Omit names of the rules. Only use these symbols inside the proof '&' , '->', '~', '|', '@', '(', ')', '{', '}', 'Ax', 'Ex'.\nDo not include explanations, commentary, or extra text inside and outside the <proof>...</proof> tags.\n""}, {'role': 'user', 'content': ""Prove 'Ex P(x), Ax (P(x)->Q(x)) |- Ex Q(x)', using the analytical tableau method. Final answer using the notation described. ""}, {'role': 'assistant', 'content': ' <proof>\n                        1. T Ex P(x) pre\n                        2. T Ax (P(x)->Q(x)) pre\n                        3. F Ex Q(x) conclusion\n                        4. T P(a) 1 \n                        5. T (P(a)->Q(a)) 2 \n                        6. F Q(a) 3 \n                        7.{ F P(a) 5 \n                        8. @ 4,7}    \n                        9.{ T Q(a) 5 \n                        10. @ 6,9}   \n                    </proof>'}, {'role': 'user', 'content': ""Prove 'Ax (P(x)|P(x)) |- Ax P(x)', using the analytical tableau method. Final answer using the notation described.""}, {'role': 'assistant', 'content': ' <proof>\n                            1. T Ax (P(x)|P(x)) pre \n                            2. F Ax P(x) conclusion\n                            3. F P(a) 2          \n                            4. T (P(a)|P(a)) 1   \n                            5.{ T P(a) 4         \n                            6. @ 3,5}            \n                            7.{ T P(a) 4         \n                            8. @ 3,7}            \n                        </proof>'}, {'role': 'user', 'content': ""Prove'Ex B(x) |- ~Ax ~B(x)' using the analytical tableau method. Only one final answer, surrounded by <proof>...</proof>, using the notation described.""}]","<proof>
1. T Ex B(x) pre
2. F ~Ax ~B(x) conclusion
3. T B(a) 1
4. T Ax ~B(x) 2
5. T ~B(a) 4
6. F B(a) 5
7. @ 3,6
</proof>","1. T Ex B(x) pre
2. F ~Ax ~B(x) conclusion
3. T B(a) 1
4. T Ax ~B(x) 2
5. T ~B(a) 4
6. F B(a) 5
7. @ 3,6",The proof is valid.,38.544076919555664,stop,1041.0,1152.0
~Ax ~B(x) |- Ex B(x),"[{'role': 'system', 'content': ""\nYou are an expert in logic using the semantic Tableaux method. \nYou will receive a first order logic formula and must prove its validity using the semantic tableau method, represent the proof in a Fitch-like notation, following these formatting instructions:\n\n### FORMAT OF PROOF LINES: \nExpanding proof line must be structured like: '<line_number>. <T_or_F> <formula> <origin>'\n- <line_number>: sequential integer, always ending with a dot ('1.', '2.', '3.', ...)\n- <T_or_F> → T for true formulas, F for false formulas. \n- <formula>: the formula derived on that line\n- <origin> is exactly one of:\n    pre (for premises)\n    conclusion (for the conclusion)\n    a comma-separated list of line numbers indicating the formula(s) used to derive the current line (e.g. '1', '3', '1,3')\n\n### BRANCHING FORMAT \nUse curly braces { and } to open and close branches. \n{ must appear immediately after the line number that opens a branch (e.g. '8.{ F A|B 3') \n} must appear at the end of the line that closes that branch (e.g. '12. @ 5,7}'). Exception: the main (initial) branch does not require a closing }, since it is not opened by {.\nBranches may be nested. But a formula may only be used at a given point if it appeared earlier in the same branch or an outer (enclosing) branch to the current branch. Formulas from closed branches or sibling branches must not be used.\n\n### SYMBOLS \nUse the following symbols for logical operations: \n & = conjunction (and), \n | = disjunction (or), \n ~ = negation (not), \n -> = implication (implies).\n\nQuantifiers symbols:  \n    Ax represents ∀x  \n    Ex represents ∃x\nSo formulas with ∀x and ∃x will be represented by Ax and Ex (A and E followed by the variable x). For example, Ax (H(x)->M(x)) represents ∀x (H(x)→M(x)).\n\n###CONVENTIONS\nAtoms: only uppercase letters not immediately followed by parentesis (e.g. P, Q, R).\nPredicates: uppercase letters immediately followed by parentesis (e.g. H(x), M(y), Q(a,b) ). All predicates must use parentheses.\nVariables: first letter in lowercase, can be followed by letters and numbers (e.g., x, x0, xP0).\n\nWrite only the final proof in <proof>...</proof> tags. Only use <proof>...</proof> tags ONCE. Omit names of the rules. Only use these symbols inside the proof '&' , '->', '~', '|', '@', '(', ')', '{', '}', 'Ax', 'Ex'.\nDo not include explanations, commentary, or extra text inside and outside the <proof>...</proof> tags.\n""}, {'role': 'user', 'content': ""Prove 'Ex P(x), Ax (P(x)->Q(x)) |- Ex Q(x)', using the analytical tableau method. Final answer using the notation described. ""}, {'role': 'assistant', 'content': ' <proof>\n                        1. T Ex P(x) pre\n                        2. T Ax (P(x)->Q(x)) pre\n                        3. F Ex Q(x) conclusion\n                        4. T P(a) 1 \n                        5. T (P(a)->Q(a)) 2 \n                        6. F Q(a) 3 \n                        7.{ F P(a) 5 \n                        8. @ 4,7}    \n                        9.{ T Q(a) 5 \n                        10. @ 6,9}   \n                    </proof>'}, {'role': 'user', 'content': ""Prove 'Ax (P(x)|P(x)) |- Ax P(x)', using the analytical tableau method. Final answer using the notation described.""}, {'role': 'assistant', 'content': ' <proof>\n                            1. T Ax (P(x)|P(x)) pre \n                            2. F Ax P(x) conclusion\n                            3. F P(a) 2          \n                            4. T (P(a)|P(a)) 1   \n                            5.{ T P(a) 4         \n                            6. @ 3,5}            \n                            7.{ T P(a) 4         \n                            8. @ 3,7}            \n                        </proof>'}, {'role': 'user', 'content': ""Prove'~Ax ~B(x) |- Ex B(x)' using the analytical tableau method. Only one final answer, surrounded by <proof>...</proof>, using the notation described.""}]","<proof>
1. T ~Ax ~B(x) pre
2. F Ex B(x) conclusion
3. T Ex B(x) 1
4. @ 2,3
</proof>","1. T ~Ax ~B(x) pre
2. F Ex B(x) conclusion
3. T Ex B(x) 1
4. @ 2,3","The following errors were found:

Error in line 3:
3. T Ex B(x) 1
   ^, The truth value should be F for this rule.
Error in line 3:
3. T Ex B(x) 1
             ^, Formula Ex B(x) is not a valid result for this rule.",69.59176230430603,stop,1041.0,2055.0
Ax (B(x)&C(x)) |- Ax B(x)&Ax C(x),"[{'role': 'system', 'content': ""\nYou are an expert in logic using the semantic Tableaux method. \nYou will receive a first order logic formula and must prove its validity using the semantic tableau method, represent the proof in a Fitch-like notation, following these formatting instructions:\n\n### FORMAT OF PROOF LINES: \nExpanding proof line must be structured like: '<line_number>. <T_or_F> <formula> <origin>'\n- <line_number>: sequential integer, always ending with a dot ('1.', '2.', '3.', ...)\n- <T_or_F> → T for true formulas, F for false formulas. \n- <formula>: the formula derived on that line\n- <origin> is exactly one of:\n    pre (for premises)\n    conclusion (for the conclusion)\n    a comma-separated list of line numbers indicating the formula(s) used to derive the current line (e.g. '1', '3', '1,3')\n\n### BRANCHING FORMAT \nUse curly braces { and } to open and close branches. \n{ must appear immediately after the line number that opens a branch (e.g. '8.{ F A|B 3') \n} must appear at the end of the line that closes that branch (e.g. '12. @ 5,7}'). Exception: the main (initial) branch does not require a closing }, since it is not opened by {.\nBranches may be nested. But a formula may only be used at a given point if it appeared earlier in the same branch or an outer (enclosing) branch to the current branch. Formulas from closed branches or sibling branches must not be used.\n\n### SYMBOLS \nUse the following symbols for logical operations: \n & = conjunction (and), \n | = disjunction (or), \n ~ = negation (not), \n -> = implication (implies).\n\nQuantifiers symbols:  \n    Ax represents ∀x  \n    Ex represents ∃x\nSo formulas with ∀x and ∃x will be represented by Ax and Ex (A and E followed by the variable x). For example, Ax (H(x)->M(x)) represents ∀x (H(x)→M(x)).\n\n###CONVENTIONS\nAtoms: only uppercase letters not immediately followed by parentesis (e.g. P, Q, R).\nPredicates: uppercase letters immediately followed by parentesis (e.g. H(x), M(y), Q(a,b) ). All predicates must use parentheses.\nVariables: first letter in lowercase, can be followed by letters and numbers (e.g., x, x0, xP0).\n\nWrite only the final proof in <proof>...</proof> tags. Only use <proof>...</proof> tags ONCE. Omit names of the rules. Only use these symbols inside the proof '&' , '->', '~', '|', '@', '(', ')', '{', '}', 'Ax', 'Ex'.\nDo not include explanations, commentary, or extra text inside and outside the <proof>...</proof> tags.\n""}, {'role': 'user', 'content': ""Prove 'Ex P(x), Ax (P(x)->Q(x)) |- Ex Q(x)', using the analytical tableau method. Final answer using the notation described. ""}, {'role': 'assistant', 'content': ' <proof>\n                        1. T Ex P(x) pre\n                        2. T Ax (P(x)->Q(x)) pre\n                        3. F Ex Q(x) conclusion\n                        4. T P(a) 1 \n                        5. T (P(a)->Q(a)) 2 \n                        6. F Q(a) 3 \n                        7.{ F P(a) 5 \n                        8. @ 4,7}    \n                        9.{ T Q(a) 5 \n                        10. @ 6,9}   \n                    </proof>'}, {'role': 'user', 'content': ""Prove 'Ax (P(x)|P(x)) |- Ax P(x)', using the analytical tableau method. Final answer using the notation described.""}, {'role': 'assistant', 'content': ' <proof>\n                            1. T Ax (P(x)|P(x)) pre \n                            2. F Ax P(x) conclusion\n                            3. F P(a) 2          \n                            4. T (P(a)|P(a)) 1   \n                            5.{ T P(a) 4         \n                            6. @ 3,5}            \n                            7.{ T P(a) 4         \n                            8. @ 3,7}            \n                        </proof>'}, {'role': 'user', 'content': ""Prove'Ax (B(x)&C(x)) |- Ax B(x)&Ax C(x)' using the analytical tableau method. Only one final answer, surrounded by <proof>...</proof>, using the notation described.""}]","<proof>
1. T Ax (B(x)&C(x)) pre
2. F (Ax B(x) & Ax C(x)) conclusion
3.{ F Ax B(x) 2
4.   T (B(a)&C(a)) 1
5.   T B(a) 4
6.   T C(a) 4
7.   F B(b) 3
8.   T (B(b)&C(b)) 1
9.   T B(b) 8
10. @ 7,9}
11.{ F Ax C(x) 2
12.   T (B(c)&C(c)) 1
13.   T C(c) 12
14.   F C(d) 11
15.   T (B(d)&C(d)) 1
16.   T C(d) 15
17. @ 14,16}
</proof>","1. T Ax (B(x)&C(x)) pre
2. F (Ax B(x) & Ax C(x)) conclusion
3.{ F Ax B(x) 2
4.   T (B(a)&C(a)) 1
5.   T B(a) 4
6.   T C(a) 4
7.   F B(b) 3
8.   T (B(b)&C(b)) 1
9.   T B(b) 8
10. @ 7,9}
11.{ F Ax C(x) 2
12.   T (B(c)&C(c)) 1
13.   T C(c) 12
14.   F C(d) 11
15.   T (B(d)&C(d)) 1
16.   T C(d) 15
17. @ 14,16}","The following errors were found:

Error in line 9:
9.   T B(b) 8
^, The next line should be the &T rule with the formula C(b).
Error in line 13:
13.   T C(c) 12
^, The previous line should be the &T rule with the formula B(c).
Error in line 16:
16.   T C(d) 15
^, The previous line should be the &T rule with the formula B(d).",56.03278374671936,stop,1047.0,1664.0
"Ax Ay B(x,y) |- Ay Ax B(x,y)","[{'role': 'system', 'content': ""\nYou are an expert in logic using the semantic Tableaux method. \nYou will receive a first order logic formula and must prove its validity using the semantic tableau method, represent the proof in a Fitch-like notation, following these formatting instructions:\n\n### FORMAT OF PROOF LINES: \nExpanding proof line must be structured like: '<line_number>. <T_or_F> <formula> <origin>'\n- <line_number>: sequential integer, always ending with a dot ('1.', '2.', '3.', ...)\n- <T_or_F> → T for true formulas, F for false formulas. \n- <formula>: the formula derived on that line\n- <origin> is exactly one of:\n    pre (for premises)\n    conclusion (for the conclusion)\n    a comma-separated list of line numbers indicating the formula(s) used to derive the current line (e.g. '1', '3', '1,3')\n\n### BRANCHING FORMAT \nUse curly braces { and } to open and close branches. \n{ must appear immediately after the line number that opens a branch (e.g. '8.{ F A|B 3') \n} must appear at the end of the line that closes that branch (e.g. '12. @ 5,7}'). Exception: the main (initial) branch does not require a closing }, since it is not opened by {.\nBranches may be nested. But a formula may only be used at a given point if it appeared earlier in the same branch or an outer (enclosing) branch to the current branch. Formulas from closed branches or sibling branches must not be used.\n\n### SYMBOLS \nUse the following symbols for logical operations: \n & = conjunction (and), \n | = disjunction (or), \n ~ = negation (not), \n -> = implication (implies).\n\nQuantifiers symbols:  \n    Ax represents ∀x  \n    Ex represents ∃x\nSo formulas with ∀x and ∃x will be represented by Ax and Ex (A and E followed by the variable x). For example, Ax (H(x)->M(x)) represents ∀x (H(x)→M(x)).\n\n###CONVENTIONS\nAtoms: only uppercase letters not immediately followed by parentesis (e.g. P, Q, R).\nPredicates: uppercase letters immediately followed by parentesis (e.g. H(x), M(y), Q(a,b) ). All predicates must use parentheses.\nVariables: first letter in lowercase, can be followed by letters and numbers (e.g., x, x0, xP0).\n\nWrite only the final proof in <proof>...</proof> tags. Only use <proof>...</proof> tags ONCE. Omit names of the rules. Only use these symbols inside the proof '&' , '->', '~', '|', '@', '(', ')', '{', '}', 'Ax', 'Ex'.\nDo not include explanations, commentary, or extra text inside and outside the <proof>...</proof> tags.\n""}, {'role': 'user', 'content': ""Prove 'Ex P(x), Ax (P(x)->Q(x)) |- Ex Q(x)', using the analytical tableau method. Final answer using the notation described. ""}, {'role': 'assistant', 'content': ' <proof>\n                        1. T Ex P(x) pre\n                        2. T Ax (P(x)->Q(x)) pre\n                        3. F Ex Q(x) conclusion\n                        4. T P(a) 1 \n                        5. T (P(a)->Q(a)) 2 \n                        6. F Q(a) 3 \n                        7.{ F P(a) 5 \n                        8. @ 4,7}    \n                        9.{ T Q(a) 5 \n                        10. @ 6,9}   \n                    </proof>'}, {'role': 'user', 'content': ""Prove 'Ax (P(x)|P(x)) |- Ax P(x)', using the analytical tableau method. Final answer using the notation described.""}, {'role': 'assistant', 'content': ' <proof>\n                            1. T Ax (P(x)|P(x)) pre \n                            2. F Ax P(x) conclusion\n                            3. F P(a) 2          \n                            4. T (P(a)|P(a)) 1   \n                            5.{ T P(a) 4         \n                            6. @ 3,5}            \n                            7.{ T P(a) 4         \n                            8. @ 3,7}            \n                        </proof>'}, {'role': 'user', 'content': ""Prove'Ax Ay B(x,y) |- Ay Ax B(x,y)' using the analytical tableau method. Only one final answer, surrounded by <proof>...</proof>, using the notation described.""}]","<proof>
1. T Ax Ay B(x,y) pre
2. F Ay Ax B(x,y) conclusion
3. F Ax B(x,a) 2
4. F B(b,a) 3
5. T B(b,a) 1
</proof>","1. T Ax Ay B(x,y) pre
2. F Ay Ax B(x,y) conclusion
3. F Ax B(x,a) 2
4. F B(b,a) 3
5. T B(b,a) 1","The following errors were found:

Error in line 5:
5. T B(b,a) 1
     ^, Formula B(b,a) is not a valid substitution for the universal formula referenced in line 1.",25.08736038208008,stop,1043.0,737.0
Ax (B->C(x)) |- B->Ax C(x),"[{'role': 'system', 'content': ""\nYou are an expert in logic using the semantic Tableaux method. \nYou will receive a first order logic formula and must prove its validity using the semantic tableau method, represent the proof in a Fitch-like notation, following these formatting instructions:\n\n### FORMAT OF PROOF LINES: \nExpanding proof line must be structured like: '<line_number>. <T_or_F> <formula> <origin>'\n- <line_number>: sequential integer, always ending with a dot ('1.', '2.', '3.', ...)\n- <T_or_F> → T for true formulas, F for false formulas. \n- <formula>: the formula derived on that line\n- <origin> is exactly one of:\n    pre (for premises)\n    conclusion (for the conclusion)\n    a comma-separated list of line numbers indicating the formula(s) used to derive the current line (e.g. '1', '3', '1,3')\n\n### BRANCHING FORMAT \nUse curly braces { and } to open and close branches. \n{ must appear immediately after the line number that opens a branch (e.g. '8.{ F A|B 3') \n} must appear at the end of the line that closes that branch (e.g. '12. @ 5,7}'). Exception: the main (initial) branch does not require a closing }, since it is not opened by {.\nBranches may be nested. But a formula may only be used at a given point if it appeared earlier in the same branch or an outer (enclosing) branch to the current branch. Formulas from closed branches or sibling branches must not be used.\n\n### SYMBOLS \nUse the following symbols for logical operations: \n & = conjunction (and), \n | = disjunction (or), \n ~ = negation (not), \n -> = implication (implies).\n\nQuantifiers symbols:  \n    Ax represents ∀x  \n    Ex represents ∃x\nSo formulas with ∀x and ∃x will be represented by Ax and Ex (A and E followed by the variable x). For example, Ax (H(x)->M(x)) represents ∀x (H(x)→M(x)).\n\n###CONVENTIONS\nAtoms: only uppercase letters not immediately followed by parentesis (e.g. P, Q, R).\nPredicates: uppercase letters immediately followed by parentesis (e.g. H(x), M(y), Q(a,b) ). All predicates must use parentheses.\nVariables: first letter in lowercase, can be followed by letters and numbers (e.g., x, x0, xP0).\n\nWrite only the final proof in <proof>...</proof> tags. Only use <proof>...</proof> tags ONCE. Omit names of the rules. Only use these symbols inside the proof '&' , '->', '~', '|', '@', '(', ')', '{', '}', 'Ax', 'Ex'.\nDo not include explanations, commentary, or extra text inside and outside the <proof>...</proof> tags.\n""}, {'role': 'user', 'content': ""Prove 'Ex P(x), Ax (P(x)->Q(x)) |- Ex Q(x)', using the analytical tableau method. Final answer using the notation described. ""}, {'role': 'assistant', 'content': ' <proof>\n                        1. T Ex P(x) pre\n                        2. T Ax (P(x)->Q(x)) pre\n                        3. F Ex Q(x) conclusion\n                        4. T P(a) 1 \n                        5. T (P(a)->Q(a)) 2 \n                        6. F Q(a) 3 \n                        7.{ F P(a) 5 \n                        8. @ 4,7}    \n                        9.{ T Q(a) 5 \n                        10. @ 6,9}   \n                    </proof>'}, {'role': 'user', 'content': ""Prove 'Ax (P(x)|P(x)) |- Ax P(x)', using the analytical tableau method. Final answer using the notation described.""}, {'role': 'assistant', 'content': ' <proof>\n                            1. T Ax (P(x)|P(x)) pre \n                            2. F Ax P(x) conclusion\n                            3. F P(a) 2          \n                            4. T (P(a)|P(a)) 1   \n                            5.{ T P(a) 4         \n                            6. @ 3,5}            \n                            7.{ T P(a) 4         \n                            8. @ 3,7}            \n                        </proof>'}, {'role': 'user', 'content': ""Prove'Ax (B->C(x)) |- B->Ax C(x)' using the analytical tableau method. Only one final answer, surrounded by <proof>...</proof>, using the notation described.""}]","<proof>
1. T Ax (B->C(x)) pre
2. F B->Ax C(x) conclusion
3. T B 2
4. F Ax C(x) 2
5. F C(a) 4
6. T (B->C(a)) 1
7.{ F B 6
8. @ 3,7}
9.{ T C(a) 6
10. @ 5,9}
</proof>","1. T Ax (B->C(x)) pre
2. F B->Ax C(x) conclusion
3. T B 2
4. F Ax C(x) 2
5. F C(a) 4
6. T (B->C(a)) 1
7.{ F B 6
8. @ 3,7}
9.{ T C(a) 6
10. @ 5,9}",The proof is valid.,48.83911395072937,stop,1044.0,1456.0
Ex (B(x)|C(x)) |- Ex B(x)|Ex C(x),"[{'role': 'system', 'content': ""\nYou are an expert in logic using the semantic Tableaux method. \nYou will receive a first order logic formula and must prove its validity using the semantic tableau method, represent the proof in a Fitch-like notation, following these formatting instructions:\n\n### FORMAT OF PROOF LINES: \nExpanding proof line must be structured like: '<line_number>. <T_or_F> <formula> <origin>'\n- <line_number>: sequential integer, always ending with a dot ('1.', '2.', '3.', ...)\n- <T_or_F> → T for true formulas, F for false formulas. \n- <formula>: the formula derived on that line\n- <origin> is exactly one of:\n    pre (for premises)\n    conclusion (for the conclusion)\n    a comma-separated list of line numbers indicating the formula(s) used to derive the current line (e.g. '1', '3', '1,3')\n\n### BRANCHING FORMAT \nUse curly braces { and } to open and close branches. \n{ must appear immediately after the line number that opens a branch (e.g. '8.{ F A|B 3') \n} must appear at the end of the line that closes that branch (e.g. '12. @ 5,7}'). Exception: the main (initial) branch does not require a closing }, since it is not opened by {.\nBranches may be nested. But a formula may only be used at a given point if it appeared earlier in the same branch or an outer (enclosing) branch to the current branch. Formulas from closed branches or sibling branches must not be used.\n\n### SYMBOLS \nUse the following symbols for logical operations: \n & = conjunction (and), \n | = disjunction (or), \n ~ = negation (not), \n -> = implication (implies).\n\nQuantifiers symbols:  \n    Ax represents ∀x  \n    Ex represents ∃x\nSo formulas with ∀x and ∃x will be represented by Ax and Ex (A and E followed by the variable x). For example, Ax (H(x)->M(x)) represents ∀x (H(x)→M(x)).\n\n###CONVENTIONS\nAtoms: only uppercase letters not immediately followed by parentesis (e.g. P, Q, R).\nPredicates: uppercase letters immediately followed by parentesis (e.g. H(x), M(y), Q(a,b) ). All predicates must use parentheses.\nVariables: first letter in lowercase, can be followed by letters and numbers (e.g., x, x0, xP0).\n\nWrite only the final proof in <proof>...</proof> tags. Only use <proof>...</proof> tags ONCE. Omit names of the rules. Only use these symbols inside the proof '&' , '->', '~', '|', '@', '(', ')', '{', '}', 'Ax', 'Ex'.\nDo not include explanations, commentary, or extra text inside and outside the <proof>...</proof> tags.\n""}, {'role': 'user', 'content': ""Prove 'Ex P(x), Ax (P(x)->Q(x)) |- Ex Q(x)', using the analytical tableau method. Final answer using the notation described. ""}, {'role': 'assistant', 'content': ' <proof>\n                        1. T Ex P(x) pre\n                        2. T Ax (P(x)->Q(x)) pre\n                        3. F Ex Q(x) conclusion\n                        4. T P(a) 1 \n                        5. T (P(a)->Q(a)) 2 \n                        6. F Q(a) 3 \n                        7.{ F P(a) 5 \n                        8. @ 4,7}    \n                        9.{ T Q(a) 5 \n                        10. @ 6,9}   \n                    </proof>'}, {'role': 'user', 'content': ""Prove 'Ax (P(x)|P(x)) |- Ax P(x)', using the analytical tableau method. Final answer using the notation described.""}, {'role': 'assistant', 'content': ' <proof>\n                            1. T Ax (P(x)|P(x)) pre \n                            2. F Ax P(x) conclusion\n                            3. F P(a) 2          \n                            4. T (P(a)|P(a)) 1   \n                            5.{ T P(a) 4         \n                            6. @ 3,5}            \n                            7.{ T P(a) 4         \n                            8. @ 3,7}            \n                        </proof>'}, {'role': 'user', 'content': ""Prove'Ex (B(x)|C(x)) |- Ex B(x)|Ex C(x)' using the analytical tableau method. Only one final answer, surrounded by <proof>...</proof>, using the notation described.""}]","<proof>
1. T Ex (B(x)|C(x)) pre
2. F (Ex B(x) | Ex C(x)) conclusion
3. F Ex B(x) 2
4. F Ex C(x) 2
5. T Ax ~B(x) 3
6. T Ax ~C(x) 4
7. T ~B(a) 5
8. T ~C(a) 6
9. T (B(a)|C(a)) 1
10.{ T B(a) 9
11. @ 7,10}
12.{ T C(a) 9
13. @ 8,12}
</proof>","1. T Ex (B(x)|C(x)) pre
2. F (Ex B(x) | Ex C(x)) conclusion
3. F Ex B(x) 2
4. F Ex C(x) 2
5. T Ax ~B(x) 3
6. T Ax ~C(x) 4
7. T ~B(a) 5
8. T ~C(a) 6
9. T (B(a)|C(a)) 1
10.{ T B(a) 9
11. @ 7,10}
12.{ T C(a) 9
13. @ 8,12}","The following errors were found:

Error in line 5:
5. T Ax ~B(x) 3
   ^, The truth value should be F for this rule.
Error in line 6:
6. T Ax ~C(x) 4
   ^, The truth value should be F for this rule.
Error in line 5:
5. T Ax ~B(x) 3
     ^, Formula referenced in line 3 is not a existential formula with truth-value T.
Error in line 5:
5. T Ax ~B(x) 3
     ^, Formula Ax ~B(x) is not a valid substitutuion for the existential formula referenced in the line 3.
Error in line 6:
6. T Ax ~C(x) 4
     ^, Formula referenced in line 4 is not a existential formula with truth-value T.
Error in line 6:
6. T Ax ~C(x) 4
     ^, Formula Ax ~C(x) is not a valid substitutuion for the existential formula referenced in the line 4.
Error in line 9:
9. T (B(a)|C(a)) 1
     ^, The variable used in this formula B(a)|C(a) is not a new variable and therefore cannot be used in this rule.
Error in line 11:
11. @ 7,10}
      ^, None of the formulas referenced by the lines contradict the other formula.
Error in line 13:
13. @ 8,12}
      ^, None of the formulas referenced by the lines contradict the other formula.",82.88143944740295,stop,1047.0,2409.0
~Ax B(x) |- Ex ~B(x),"[{'role': 'system', 'content': ""\nYou are an expert in logic using the semantic Tableaux method. \nYou will receive a first order logic formula and must prove its validity using the semantic tableau method, represent the proof in a Fitch-like notation, following these formatting instructions:\n\n### FORMAT OF PROOF LINES: \nExpanding proof line must be structured like: '<line_number>. <T_or_F> <formula> <origin>'\n- <line_number>: sequential integer, always ending with a dot ('1.', '2.', '3.', ...)\n- <T_or_F> → T for true formulas, F for false formulas. \n- <formula>: the formula derived on that line\n- <origin> is exactly one of:\n    pre (for premises)\n    conclusion (for the conclusion)\n    a comma-separated list of line numbers indicating the formula(s) used to derive the current line (e.g. '1', '3', '1,3')\n\n### BRANCHING FORMAT \nUse curly braces { and } to open and close branches. \n{ must appear immediately after the line number that opens a branch (e.g. '8.{ F A|B 3') \n} must appear at the end of the line that closes that branch (e.g. '12. @ 5,7}'). Exception: the main (initial) branch does not require a closing }, since it is not opened by {.\nBranches may be nested. But a formula may only be used at a given point if it appeared earlier in the same branch or an outer (enclosing) branch to the current branch. Formulas from closed branches or sibling branches must not be used.\n\n### SYMBOLS \nUse the following symbols for logical operations: \n & = conjunction (and), \n | = disjunction (or), \n ~ = negation (not), \n -> = implication (implies).\n\nQuantifiers symbols:  \n    Ax represents ∀x  \n    Ex represents ∃x\nSo formulas with ∀x and ∃x will be represented by Ax and Ex (A and E followed by the variable x). For example, Ax (H(x)->M(x)) represents ∀x (H(x)→M(x)).\n\n###CONVENTIONS\nAtoms: only uppercase letters not immediately followed by parentesis (e.g. P, Q, R).\nPredicates: uppercase letters immediately followed by parentesis (e.g. H(x), M(y), Q(a,b) ). All predicates must use parentheses.\nVariables: first letter in lowercase, can be followed by letters and numbers (e.g., x, x0, xP0).\n\nWrite only the final proof in <proof>...</proof> tags. Only use <proof>...</proof> tags ONCE. Omit names of the rules. Only use these symbols inside the proof '&' , '->', '~', '|', '@', '(', ')', '{', '}', 'Ax', 'Ex'.\nDo not include explanations, commentary, or extra text inside and outside the <proof>...</proof> tags.\n""}, {'role': 'user', 'content': ""Prove 'Ex P(x), Ax (P(x)->Q(x)) |- Ex Q(x)', using the analytical tableau method. Final answer using the notation described. ""}, {'role': 'assistant', 'content': ' <proof>\n                        1. T Ex P(x) pre\n                        2. T Ax (P(x)->Q(x)) pre\n                        3. F Ex Q(x) conclusion\n                        4. T P(a) 1 \n                        5. T (P(a)->Q(a)) 2 \n                        6. F Q(a) 3 \n                        7.{ F P(a) 5 \n                        8. @ 4,7}    \n                        9.{ T Q(a) 5 \n                        10. @ 6,9}   \n                    </proof>'}, {'role': 'user', 'content': ""Prove 'Ax (P(x)|P(x)) |- Ax P(x)', using the analytical tableau method. Final answer using the notation described.""}, {'role': 'assistant', 'content': ' <proof>\n                            1. T Ax (P(x)|P(x)) pre \n                            2. F Ax P(x) conclusion\n                            3. F P(a) 2          \n                            4. T (P(a)|P(a)) 1   \n                            5.{ T P(a) 4         \n                            6. @ 3,5}            \n                            7.{ T P(a) 4         \n                            8. @ 3,7}            \n                        </proof>'}, {'role': 'user', 'content': ""Prove'~Ax B(x) |- Ex ~B(x)' using the analytical tableau method. Only one final answer, surrounded by <proof>...</proof>, using the notation described.""}]","<proof>
1. T ~Ax B(x) pre
2. F Ex ~B(x) conclusion
3. F Ax B(x) 1
4. F B(a) 3
5.{ F ~B(a) 2
6. T B(a) 5
7. @ 4,6}
</proof>","1. T ~Ax B(x) pre
2. F Ex ~B(x) conclusion
3. F Ax B(x) 1
4. F B(a) 3
5.{ F ~B(a) 2
6. T B(a) 5
7. @ 4,6}","The following errors were found:

Error in line 5:
5.{ F ~B(a) 2
            ^, The rule must be a alpha-rule.",73.5337746143341,stop,1041.0,2159.0
Ex ~B(x) |- ~Ax B(x),"[{'role': 'system', 'content': ""\nYou are an expert in logic using the semantic Tableaux method. \nYou will receive a first order logic formula and must prove its validity using the semantic tableau method, represent the proof in a Fitch-like notation, following these formatting instructions:\n\n### FORMAT OF PROOF LINES: \nExpanding proof line must be structured like: '<line_number>. <T_or_F> <formula> <origin>'\n- <line_number>: sequential integer, always ending with a dot ('1.', '2.', '3.', ...)\n- <T_or_F> → T for true formulas, F for false formulas. \n- <formula>: the formula derived on that line\n- <origin> is exactly one of:\n    pre (for premises)\n    conclusion (for the conclusion)\n    a comma-separated list of line numbers indicating the formula(s) used to derive the current line (e.g. '1', '3', '1,3')\n\n### BRANCHING FORMAT \nUse curly braces { and } to open and close branches. \n{ must appear immediately after the line number that opens a branch (e.g. '8.{ F A|B 3') \n} must appear at the end of the line that closes that branch (e.g. '12. @ 5,7}'). Exception: the main (initial) branch does not require a closing }, since it is not opened by {.\nBranches may be nested. But a formula may only be used at a given point if it appeared earlier in the same branch or an outer (enclosing) branch to the current branch. Formulas from closed branches or sibling branches must not be used.\n\n### SYMBOLS \nUse the following symbols for logical operations: \n & = conjunction (and), \n | = disjunction (or), \n ~ = negation (not), \n -> = implication (implies).\n\nQuantifiers symbols:  \n    Ax represents ∀x  \n    Ex represents ∃x\nSo formulas with ∀x and ∃x will be represented by Ax and Ex (A and E followed by the variable x). For example, Ax (H(x)->M(x)) represents ∀x (H(x)→M(x)).\n\n###CONVENTIONS\nAtoms: only uppercase letters not immediately followed by parentesis (e.g. P, Q, R).\nPredicates: uppercase letters immediately followed by parentesis (e.g. H(x), M(y), Q(a,b) ). All predicates must use parentheses.\nVariables: first letter in lowercase, can be followed by letters and numbers (e.g., x, x0, xP0).\n\nWrite only the final proof in <proof>...</proof> tags. Only use <proof>...</proof> tags ONCE. Omit names of the rules. Only use these symbols inside the proof '&' , '->', '~', '|', '@', '(', ')', '{', '}', 'Ax', 'Ex'.\nDo not include explanations, commentary, or extra text inside and outside the <proof>...</proof> tags.\n""}, {'role': 'user', 'content': ""Prove 'Ex P(x), Ax (P(x)->Q(x)) |- Ex Q(x)', using the analytical tableau method. Final answer using the notation described. ""}, {'role': 'assistant', 'content': ' <proof>\n                        1. T Ex P(x) pre\n                        2. T Ax (P(x)->Q(x)) pre\n                        3. F Ex Q(x) conclusion\n                        4. T P(a) 1 \n                        5. T (P(a)->Q(a)) 2 \n                        6. F Q(a) 3 \n                        7.{ F P(a) 5 \n                        8. @ 4,7}    \n                        9.{ T Q(a) 5 \n                        10. @ 6,9}   \n                    </proof>'}, {'role': 'user', 'content': ""Prove 'Ax (P(x)|P(x)) |- Ax P(x)', using the analytical tableau method. Final answer using the notation described.""}, {'role': 'assistant', 'content': ' <proof>\n                            1. T Ax (P(x)|P(x)) pre \n                            2. F Ax P(x) conclusion\n                            3. F P(a) 2          \n                            4. T (P(a)|P(a)) 1   \n                            5.{ T P(a) 4         \n                            6. @ 3,5}            \n                            7.{ T P(a) 4         \n                            8. @ 3,7}            \n                        </proof>'}, {'role': 'user', 'content': ""Prove'Ex ~B(x) |- ~Ax B(x)' using the analytical tableau method. Only one final answer, surrounded by <proof>...</proof>, using the notation described.""}]","<proof>
1. T Ex ~B(x) pre
2. F ~Ax B(x) conclusion
3. T ~B(a) 1
4. T Ax B(x) 2
5. T B(a) 4
6. @ 3,5
</proof>","1. T Ex ~B(x) pre
2. F ~Ax B(x) conclusion
3. T ~B(a) 1
4. T Ax B(x) 2
5. T B(a) 4
6. @ 3,5","The following errors were found:

Error in line 6:
6. @ 3,5
     ^, None of the formulas referenced by the lines contradict the other formula.",34.60099935531616,stop,1041.0,1039.0
~Ex B(x) |- Ax ~B(x),"[{'role': 'system', 'content': ""\nYou are an expert in logic using the semantic Tableaux method. \nYou will receive a first order logic formula and must prove its validity using the semantic tableau method, represent the proof in a Fitch-like notation, following these formatting instructions:\n\n### FORMAT OF PROOF LINES: \nExpanding proof line must be structured like: '<line_number>. <T_or_F> <formula> <origin>'\n- <line_number>: sequential integer, always ending with a dot ('1.', '2.', '3.', ...)\n- <T_or_F> → T for true formulas, F for false formulas. \n- <formula>: the formula derived on that line\n- <origin> is exactly one of:\n    pre (for premises)\n    conclusion (for the conclusion)\n    a comma-separated list of line numbers indicating the formula(s) used to derive the current line (e.g. '1', '3', '1,3')\n\n### BRANCHING FORMAT \nUse curly braces { and } to open and close branches. \n{ must appear immediately after the line number that opens a branch (e.g. '8.{ F A|B 3') \n} must appear at the end of the line that closes that branch (e.g. '12. @ 5,7}'). Exception: the main (initial) branch does not require a closing }, since it is not opened by {.\nBranches may be nested. But a formula may only be used at a given point if it appeared earlier in the same branch or an outer (enclosing) branch to the current branch. Formulas from closed branches or sibling branches must not be used.\n\n### SYMBOLS \nUse the following symbols for logical operations: \n & = conjunction (and), \n | = disjunction (or), \n ~ = negation (not), \n -> = implication (implies).\n\nQuantifiers symbols:  \n    Ax represents ∀x  \n    Ex represents ∃x\nSo formulas with ∀x and ∃x will be represented by Ax and Ex (A and E followed by the variable x). For example, Ax (H(x)->M(x)) represents ∀x (H(x)→M(x)).\n\n###CONVENTIONS\nAtoms: only uppercase letters not immediately followed by parentesis (e.g. P, Q, R).\nPredicates: uppercase letters immediately followed by parentesis (e.g. H(x), M(y), Q(a,b) ). All predicates must use parentheses.\nVariables: first letter in lowercase, can be followed by letters and numbers (e.g., x, x0, xP0).\n\nWrite only the final proof in <proof>...</proof> tags. Only use <proof>...</proof> tags ONCE. Omit names of the rules. Only use these symbols inside the proof '&' , '->', '~', '|', '@', '(', ')', '{', '}', 'Ax', 'Ex'.\nDo not include explanations, commentary, or extra text inside and outside the <proof>...</proof> tags.\n""}, {'role': 'user', 'content': ""Prove 'Ex P(x), Ax (P(x)->Q(x)) |- Ex Q(x)', using the analytical tableau method. Final answer using the notation described. ""}, {'role': 'assistant', 'content': ' <proof>\n                        1. T Ex P(x) pre\n                        2. T Ax (P(x)->Q(x)) pre\n                        3. F Ex Q(x) conclusion\n                        4. T P(a) 1 \n                        5. T (P(a)->Q(a)) 2 \n                        6. F Q(a) 3 \n                        7.{ F P(a) 5 \n                        8. @ 4,7}    \n                        9.{ T Q(a) 5 \n                        10. @ 6,9}   \n                    </proof>'}, {'role': 'user', 'content': ""Prove 'Ax (P(x)|P(x)) |- Ax P(x)', using the analytical tableau method. Final answer using the notation described.""}, {'role': 'assistant', 'content': ' <proof>\n                            1. T Ax (P(x)|P(x)) pre \n                            2. F Ax P(x) conclusion\n                            3. F P(a) 2          \n                            4. T (P(a)|P(a)) 1   \n                            5.{ T P(a) 4         \n                            6. @ 3,5}            \n                            7.{ T P(a) 4         \n                            8. @ 3,7}            \n                        </proof>'}, {'role': 'user', 'content': ""Prove'~Ex B(x) |- Ax ~B(x)' using the analytical tableau method. Only one final answer, surrounded by <proof>...</proof>, using the notation described.""}]","<proof>
1. T ~Ex B(x) pre
2. F Ex B(x) 1
3. F Ax ~B(x) conclusion
4. F ~B(a) 3
5. T B(a) 4
6. F B(a) 2
7. @ 5,6
</proof>","1. T ~Ex B(x) pre
2. F Ex B(x) 1
3. F Ax ~B(x) conclusion
4. F ~B(a) 3
5. T B(a) 4
6. F B(a) 2
7. @ 5,6",The proof is valid.,61.03271484375,stop,1041.0,1787.0
Ax ~B(x) |- ~Ex B(x),"[{'role': 'system', 'content': ""\nYou are an expert in logic using the semantic Tableaux method. \nYou will receive a first order logic formula and must prove its validity using the semantic tableau method, represent the proof in a Fitch-like notation, following these formatting instructions:\n\n### FORMAT OF PROOF LINES: \nExpanding proof line must be structured like: '<line_number>. <T_or_F> <formula> <origin>'\n- <line_number>: sequential integer, always ending with a dot ('1.', '2.', '3.', ...)\n- <T_or_F> → T for true formulas, F for false formulas. \n- <formula>: the formula derived on that line\n- <origin> is exactly one of:\n    pre (for premises)\n    conclusion (for the conclusion)\n    a comma-separated list of line numbers indicating the formula(s) used to derive the current line (e.g. '1', '3', '1,3')\n\n### BRANCHING FORMAT \nUse curly braces { and } to open and close branches. \n{ must appear immediately after the line number that opens a branch (e.g. '8.{ F A|B 3') \n} must appear at the end of the line that closes that branch (e.g. '12. @ 5,7}'). Exception: the main (initial) branch does not require a closing }, since it is not opened by {.\nBranches may be nested. But a formula may only be used at a given point if it appeared earlier in the same branch or an outer (enclosing) branch to the current branch. Formulas from closed branches or sibling branches must not be used.\n\n### SYMBOLS \nUse the following symbols for logical operations: \n & = conjunction (and), \n | = disjunction (or), \n ~ = negation (not), \n -> = implication (implies).\n\nQuantifiers symbols:  \n    Ax represents ∀x  \n    Ex represents ∃x\nSo formulas with ∀x and ∃x will be represented by Ax and Ex (A and E followed by the variable x). For example, Ax (H(x)->M(x)) represents ∀x (H(x)→M(x)).\n\n###CONVENTIONS\nAtoms: only uppercase letters not immediately followed by parentesis (e.g. P, Q, R).\nPredicates: uppercase letters immediately followed by parentesis (e.g. H(x), M(y), Q(a,b) ). All predicates must use parentheses.\nVariables: first letter in lowercase, can be followed by letters and numbers (e.g., x, x0, xP0).\n\nWrite only the final proof in <proof>...</proof> tags. Only use <proof>...</proof> tags ONCE. Omit names of the rules. Only use these symbols inside the proof '&' , '->', '~', '|', '@', '(', ')', '{', '}', 'Ax', 'Ex'.\nDo not include explanations, commentary, or extra text inside and outside the <proof>...</proof> tags.\n""}, {'role': 'user', 'content': ""Prove 'Ex P(x), Ax (P(x)->Q(x)) |- Ex Q(x)', using the analytical tableau method. Final answer using the notation described. ""}, {'role': 'assistant', 'content': ' <proof>\n                        1. T Ex P(x) pre\n                        2. T Ax (P(x)->Q(x)) pre\n                        3. F Ex Q(x) conclusion\n                        4. T P(a) 1 \n                        5. T (P(a)->Q(a)) 2 \n                        6. F Q(a) 3 \n                        7.{ F P(a) 5 \n                        8. @ 4,7}    \n                        9.{ T Q(a) 5 \n                        10. @ 6,9}   \n                    </proof>'}, {'role': 'user', 'content': ""Prove 'Ax (P(x)|P(x)) |- Ax P(x)', using the analytical tableau method. Final answer using the notation described.""}, {'role': 'assistant', 'content': ' <proof>\n                            1. T Ax (P(x)|P(x)) pre \n                            2. F Ax P(x) conclusion\n                            3. F P(a) 2          \n                            4. T (P(a)|P(a)) 1   \n                            5.{ T P(a) 4         \n                            6. @ 3,5}            \n                            7.{ T P(a) 4         \n                            8. @ 3,7}            \n                        </proof>'}, {'role': 'user', 'content': ""Prove'Ax ~B(x) |- ~Ex B(x)' using the analytical tableau method. Only one final answer, surrounded by <proof>...</proof>, using the notation described.""}]","<proof>
1. T Ax ~B(x) pre
2. F ~Ex B(x) conclusion
3. T Ex B(x) 2
4. T B(a) 3
5. T ~B(a) 1
6. @ 4,5
</proof>","1. T Ax ~B(x) pre
2. F ~Ex B(x) conclusion
3. T Ex B(x) 2
4. T B(a) 3
5. T ~B(a) 1
6. @ 4,5","The following errors were found:

Error in line 6:
6. @ 4,5
     ^, None of the formulas referenced by the lines contradict the other formula.",21.90126180648804,stop,1041.0,652.0
Ex (B(x)&C) |- Ex B(x)&C,"[{'role': 'system', 'content': ""\nYou are an expert in logic using the semantic Tableaux method. \nYou will receive a first order logic formula and must prove its validity using the semantic tableau method, represent the proof in a Fitch-like notation, following these formatting instructions:\n\n### FORMAT OF PROOF LINES: \nExpanding proof line must be structured like: '<line_number>. <T_or_F> <formula> <origin>'\n- <line_number>: sequential integer, always ending with a dot ('1.', '2.', '3.', ...)\n- <T_or_F> → T for true formulas, F for false formulas. \n- <formula>: the formula derived on that line\n- <origin> is exactly one of:\n    pre (for premises)\n    conclusion (for the conclusion)\n    a comma-separated list of line numbers indicating the formula(s) used to derive the current line (e.g. '1', '3', '1,3')\n\n### BRANCHING FORMAT \nUse curly braces { and } to open and close branches. \n{ must appear immediately after the line number that opens a branch (e.g. '8.{ F A|B 3') \n} must appear at the end of the line that closes that branch (e.g. '12. @ 5,7}'). Exception: the main (initial) branch does not require a closing }, since it is not opened by {.\nBranches may be nested. But a formula may only be used at a given point if it appeared earlier in the same branch or an outer (enclosing) branch to the current branch. Formulas from closed branches or sibling branches must not be used.\n\n### SYMBOLS \nUse the following symbols for logical operations: \n & = conjunction (and), \n | = disjunction (or), \n ~ = negation (not), \n -> = implication (implies).\n\nQuantifiers symbols:  \n    Ax represents ∀x  \n    Ex represents ∃x\nSo formulas with ∀x and ∃x will be represented by Ax and Ex (A and E followed by the variable x). For example, Ax (H(x)->M(x)) represents ∀x (H(x)→M(x)).\n\n###CONVENTIONS\nAtoms: only uppercase letters not immediately followed by parentesis (e.g. P, Q, R).\nPredicates: uppercase letters immediately followed by parentesis (e.g. H(x), M(y), Q(a,b) ). All predicates must use parentheses.\nVariables: first letter in lowercase, can be followed by letters and numbers (e.g., x, x0, xP0).\n\nWrite only the final proof in <proof>...</proof> tags. Only use <proof>...</proof> tags ONCE. Omit names of the rules. Only use these symbols inside the proof '&' , '->', '~', '|', '@', '(', ')', '{', '}', 'Ax', 'Ex'.\nDo not include explanations, commentary, or extra text inside and outside the <proof>...</proof> tags.\n""}, {'role': 'user', 'content': ""Prove 'Ex P(x), Ax (P(x)->Q(x)) |- Ex Q(x)', using the analytical tableau method. Final answer using the notation described. ""}, {'role': 'assistant', 'content': ' <proof>\n                        1. T Ex P(x) pre\n                        2. T Ax (P(x)->Q(x)) pre\n                        3. F Ex Q(x) conclusion\n                        4. T P(a) 1 \n                        5. T (P(a)->Q(a)) 2 \n                        6. F Q(a) 3 \n                        7.{ F P(a) 5 \n                        8. @ 4,7}    \n                        9.{ T Q(a) 5 \n                        10. @ 6,9}   \n                    </proof>'}, {'role': 'user', 'content': ""Prove 'Ax (P(x)|P(x)) |- Ax P(x)', using the analytical tableau method. Final answer using the notation described.""}, {'role': 'assistant', 'content': ' <proof>\n                            1. T Ax (P(x)|P(x)) pre \n                            2. F Ax P(x) conclusion\n                            3. F P(a) 2          \n                            4. T (P(a)|P(a)) 1   \n                            5.{ T P(a) 4         \n                            6. @ 3,5}            \n                            7.{ T P(a) 4         \n                            8. @ 3,7}            \n                        </proof>'}, {'role': 'user', 'content': ""Prove'Ex (B(x)&C) |- Ex B(x)&C' using the analytical tableau method. Only one final answer, surrounded by <proof>...</proof>, using the notation described.""}]","<proof>
1. T Ex (B(x)&C) pre
2.{ F Ex B(x) conclusion
3. T (B(a)&C) 1
4. T B(a) 3
5. T C 3
6. F B(a) 2
7. @ 4,6}
8.{ F C conclusion
9. T (B(a)&C) 1
10. T B(a) 9
11. T C 9
12. @ 11,8}
</proof>","1. T Ex (B(x)&C) pre
2.{ F Ex B(x) conclusion
3. T (B(a)&C) 1
4. T B(a) 3
5. T C 3
6. F B(a) 2
7. @ 4,6}
8.{ F C conclusion
9. T (B(a)&C) 1
10. T B(a) 9
11. T C 9
12. @ 11,8}","The following errors were found:

One of definitions are not completed. Please, check whether all rules are correctly written.
Recall that a rule of inference starts with a numeber, followed by . (reference line), the truth value of the formula (T or F), has a formula and the justification (premise, conclusion or one of the inference rules with its formula references).Sintax error:
2.{ F Ex B(x) conclusion
              ^
",33.60832333564758,stop,1044.0,1003.0
Ax (B(x)|C) |- Ax B(x)|C,"[{'role': 'system', 'content': ""\nYou are an expert in logic using the semantic Tableaux method. \nYou will receive a first order logic formula and must prove its validity using the semantic tableau method, represent the proof in a Fitch-like notation, following these formatting instructions:\n\n### FORMAT OF PROOF LINES: \nExpanding proof line must be structured like: '<line_number>. <T_or_F> <formula> <origin>'\n- <line_number>: sequential integer, always ending with a dot ('1.', '2.', '3.', ...)\n- <T_or_F> → T for true formulas, F for false formulas. \n- <formula>: the formula derived on that line\n- <origin> is exactly one of:\n    pre (for premises)\n    conclusion (for the conclusion)\n    a comma-separated list of line numbers indicating the formula(s) used to derive the current line (e.g. '1', '3', '1,3')\n\n### BRANCHING FORMAT \nUse curly braces { and } to open and close branches. \n{ must appear immediately after the line number that opens a branch (e.g. '8.{ F A|B 3') \n} must appear at the end of the line that closes that branch (e.g. '12. @ 5,7}'). Exception: the main (initial) branch does not require a closing }, since it is not opened by {.\nBranches may be nested. But a formula may only be used at a given point if it appeared earlier in the same branch or an outer (enclosing) branch to the current branch. Formulas from closed branches or sibling branches must not be used.\n\n### SYMBOLS \nUse the following symbols for logical operations: \n & = conjunction (and), \n | = disjunction (or), \n ~ = negation (not), \n -> = implication (implies).\n\nQuantifiers symbols:  \n    Ax represents ∀x  \n    Ex represents ∃x\nSo formulas with ∀x and ∃x will be represented by Ax and Ex (A and E followed by the variable x). For example, Ax (H(x)->M(x)) represents ∀x (H(x)→M(x)).\n\n###CONVENTIONS\nAtoms: only uppercase letters not immediately followed by parentesis (e.g. P, Q, R).\nPredicates: uppercase letters immediately followed by parentesis (e.g. H(x), M(y), Q(a,b) ). All predicates must use parentheses.\nVariables: first letter in lowercase, can be followed by letters and numbers (e.g., x, x0, xP0).\n\nWrite only the final proof in <proof>...</proof> tags. Only use <proof>...</proof> tags ONCE. Omit names of the rules. Only use these symbols inside the proof '&' , '->', '~', '|', '@', '(', ')', '{', '}', 'Ax', 'Ex'.\nDo not include explanations, commentary, or extra text inside and outside the <proof>...</proof> tags.\n""}, {'role': 'user', 'content': ""Prove 'Ex P(x), Ax (P(x)->Q(x)) |- Ex Q(x)', using the analytical tableau method. Final answer using the notation described. ""}, {'role': 'assistant', 'content': ' <proof>\n                        1. T Ex P(x) pre\n                        2. T Ax (P(x)->Q(x)) pre\n                        3. F Ex Q(x) conclusion\n                        4. T P(a) 1 \n                        5. T (P(a)->Q(a)) 2 \n                        6. F Q(a) 3 \n                        7.{ F P(a) 5 \n                        8. @ 4,7}    \n                        9.{ T Q(a) 5 \n                        10. @ 6,9}   \n                    </proof>'}, {'role': 'user', 'content': ""Prove 'Ax (P(x)|P(x)) |- Ax P(x)', using the analytical tableau method. Final answer using the notation described.""}, {'role': 'assistant', 'content': ' <proof>\n                            1. T Ax (P(x)|P(x)) pre \n                            2. F Ax P(x) conclusion\n                            3. F P(a) 2          \n                            4. T (P(a)|P(a)) 1   \n                            5.{ T P(a) 4         \n                            6. @ 3,5}            \n                            7.{ T P(a) 4         \n                            8. @ 3,7}            \n                        </proof>'}, {'role': 'user', 'content': ""Prove'Ax (B(x)|C) |- Ax B(x)|C' using the analytical tableau method. Only one final answer, surrounded by <proof>...</proof>, using the notation described.""}]","<proof>
1. T Ax (B(x)|C) pre
2. F (Ax B(x)|C) conclusion
3. F Ax B(x) 2
4. F C 2
5. T (B(a)|C) 1
6.{ T B(a) 5
7.   F B(b) 3
8.   T (B(b)|C) 1
9.   { T C 8
10.    @ 4,9}
11.   { T B(b) 8
12.    @ 7,11}
13.   @ 10,12}
14.{ T C 5
15.   @ 4,14}
</proof>","1. T Ax (B(x)|C) pre
2. F (Ax B(x)|C) conclusion
3. F Ax B(x) 2
4. F C 2
5. T (B(a)|C) 1
6.{ T B(a) 5
7.   F B(b) 3
8.   T (B(b)|C) 1
9.   { T C 8
10.    @ 4,9}
11.   { T B(b) 8
12.    @ 7,11}
13.   @ 10,12}
14.{ T C 5
15.   @ 4,14}","The following errors were found:

Error in line 9:
9.   { T C 8
^, A beta rule must have exactly two branches.
Error in line 11:
11.   { T B(b) 8
^, A beta rule must have exactly two branches.
Error in line 13:
13.   @ 10,12}
        ^, The reference to the line formula 10 cannot be used, as this formula does not belong to this branch.
Error in line 13:
13.   @ 10,12}
           ^, The reference to the line formula 12 cannot be used, as this formula does not belong to this branch.",67.17829060554504,stop,1044.0,1993.0
Ex (B(x)->C) |- Ax B(x)->C,"[{'role': 'system', 'content': ""\nYou are an expert in logic using the semantic Tableaux method. \nYou will receive a first order logic formula and must prove its validity using the semantic tableau method, represent the proof in a Fitch-like notation, following these formatting instructions:\n\n### FORMAT OF PROOF LINES: \nExpanding proof line must be structured like: '<line_number>. <T_or_F> <formula> <origin>'\n- <line_number>: sequential integer, always ending with a dot ('1.', '2.', '3.', ...)\n- <T_or_F> → T for true formulas, F for false formulas. \n- <formula>: the formula derived on that line\n- <origin> is exactly one of:\n    pre (for premises)\n    conclusion (for the conclusion)\n    a comma-separated list of line numbers indicating the formula(s) used to derive the current line (e.g. '1', '3', '1,3')\n\n### BRANCHING FORMAT \nUse curly braces { and } to open and close branches. \n{ must appear immediately after the line number that opens a branch (e.g. '8.{ F A|B 3') \n} must appear at the end of the line that closes that branch (e.g. '12. @ 5,7}'). Exception: the main (initial) branch does not require a closing }, since it is not opened by {.\nBranches may be nested. But a formula may only be used at a given point if it appeared earlier in the same branch or an outer (enclosing) branch to the current branch. Formulas from closed branches or sibling branches must not be used.\n\n### SYMBOLS \nUse the following symbols for logical operations: \n & = conjunction (and), \n | = disjunction (or), \n ~ = negation (not), \n -> = implication (implies).\n\nQuantifiers symbols:  \n    Ax represents ∀x  \n    Ex represents ∃x\nSo formulas with ∀x and ∃x will be represented by Ax and Ex (A and E followed by the variable x). For example, Ax (H(x)->M(x)) represents ∀x (H(x)→M(x)).\n\n###CONVENTIONS\nAtoms: only uppercase letters not immediately followed by parentesis (e.g. P, Q, R).\nPredicates: uppercase letters immediately followed by parentesis (e.g. H(x), M(y), Q(a,b) ). All predicates must use parentheses.\nVariables: first letter in lowercase, can be followed by letters and numbers (e.g., x, x0, xP0).\n\nWrite only the final proof in <proof>...</proof> tags. Only use <proof>...</proof> tags ONCE. Omit names of the rules. Only use these symbols inside the proof '&' , '->', '~', '|', '@', '(', ')', '{', '}', 'Ax', 'Ex'.\nDo not include explanations, commentary, or extra text inside and outside the <proof>...</proof> tags.\n""}, {'role': 'user', 'content': ""Prove 'Ex P(x), Ax (P(x)->Q(x)) |- Ex Q(x)', using the analytical tableau method. Final answer using the notation described. ""}, {'role': 'assistant', 'content': ' <proof>\n                        1. T Ex P(x) pre\n                        2. T Ax (P(x)->Q(x)) pre\n                        3. F Ex Q(x) conclusion\n                        4. T P(a) 1 \n                        5. T (P(a)->Q(a)) 2 \n                        6. F Q(a) 3 \n                        7.{ F P(a) 5 \n                        8. @ 4,7}    \n                        9.{ T Q(a) 5 \n                        10. @ 6,9}   \n                    </proof>'}, {'role': 'user', 'content': ""Prove 'Ax (P(x)|P(x)) |- Ax P(x)', using the analytical tableau method. Final answer using the notation described.""}, {'role': 'assistant', 'content': ' <proof>\n                            1. T Ax (P(x)|P(x)) pre \n                            2. F Ax P(x) conclusion\n                            3. F P(a) 2          \n                            4. T (P(a)|P(a)) 1   \n                            5.{ T P(a) 4         \n                            6. @ 3,5}            \n                            7.{ T P(a) 4         \n                            8. @ 3,7}            \n                        </proof>'}, {'role': 'user', 'content': ""Prove'Ex (B(x)->C) |- Ax B(x)->C' using the analytical tableau method. Only one final answer, surrounded by <proof>...</proof>, using the notation described.""}]","<proof>
1. T Ex (B(x)->C) pre
2. F (Ax B(x)->C) conclusion
3. T Ax B(x) 2
4. F C 2
5. T B(a) 3
6. T (B(b)->C) 1
7. T B(b) 3
8.{ F B(b) 6
9. @ 7,8}
10.{ T C 6
11. @ 4,10}
</proof>","1. T Ex (B(x)->C) pre
2. F (Ax B(x)->C) conclusion
3. T Ax B(x) 2
4. F C 2
5. T B(a) 3
6. T (B(b)->C) 1
7. T B(b) 3
8.{ F B(b) 6
9. @ 7,8}
10.{ T C 6
11. @ 4,10}",The proof is valid.,48.5576446056366,stop,1044.0,1450.0
Ax B(x)->C |- Ex (B(x)->C),"[{'role': 'system', 'content': ""\nYou are an expert in logic using the semantic Tableaux method. \nYou will receive a first order logic formula and must prove its validity using the semantic tableau method, represent the proof in a Fitch-like notation, following these formatting instructions:\n\n### FORMAT OF PROOF LINES: \nExpanding proof line must be structured like: '<line_number>. <T_or_F> <formula> <origin>'\n- <line_number>: sequential integer, always ending with a dot ('1.', '2.', '3.', ...)\n- <T_or_F> → T for true formulas, F for false formulas. \n- <formula>: the formula derived on that line\n- <origin> is exactly one of:\n    pre (for premises)\n    conclusion (for the conclusion)\n    a comma-separated list of line numbers indicating the formula(s) used to derive the current line (e.g. '1', '3', '1,3')\n\n### BRANCHING FORMAT \nUse curly braces { and } to open and close branches. \n{ must appear immediately after the line number that opens a branch (e.g. '8.{ F A|B 3') \n} must appear at the end of the line that closes that branch (e.g. '12. @ 5,7}'). Exception: the main (initial) branch does not require a closing }, since it is not opened by {.\nBranches may be nested. But a formula may only be used at a given point if it appeared earlier in the same branch or an outer (enclosing) branch to the current branch. Formulas from closed branches or sibling branches must not be used.\n\n### SYMBOLS \nUse the following symbols for logical operations: \n & = conjunction (and), \n | = disjunction (or), \n ~ = negation (not), \n -> = implication (implies).\n\nQuantifiers symbols:  \n    Ax represents ∀x  \n    Ex represents ∃x\nSo formulas with ∀x and ∃x will be represented by Ax and Ex (A and E followed by the variable x). For example, Ax (H(x)->M(x)) represents ∀x (H(x)→M(x)).\n\n###CONVENTIONS\nAtoms: only uppercase letters not immediately followed by parentesis (e.g. P, Q, R).\nPredicates: uppercase letters immediately followed by parentesis (e.g. H(x), M(y), Q(a,b) ). All predicates must use parentheses.\nVariables: first letter in lowercase, can be followed by letters and numbers (e.g., x, x0, xP0).\n\nWrite only the final proof in <proof>...</proof> tags. Only use <proof>...</proof> tags ONCE. Omit names of the rules. Only use these symbols inside the proof '&' , '->', '~', '|', '@', '(', ')', '{', '}', 'Ax', 'Ex'.\nDo not include explanations, commentary, or extra text inside and outside the <proof>...</proof> tags.\n""}, {'role': 'user', 'content': ""Prove 'Ex P(x), Ax (P(x)->Q(x)) |- Ex Q(x)', using the analytical tableau method. Final answer using the notation described. ""}, {'role': 'assistant', 'content': ' <proof>\n                        1. T Ex P(x) pre\n                        2. T Ax (P(x)->Q(x)) pre\n                        3. F Ex Q(x) conclusion\n                        4. T P(a) 1 \n                        5. T (P(a)->Q(a)) 2 \n                        6. F Q(a) 3 \n                        7.{ F P(a) 5 \n                        8. @ 4,7}    \n                        9.{ T Q(a) 5 \n                        10. @ 6,9}   \n                    </proof>'}, {'role': 'user', 'content': ""Prove 'Ax (P(x)|P(x)) |- Ax P(x)', using the analytical tableau method. Final answer using the notation described.""}, {'role': 'assistant', 'content': ' <proof>\n                            1. T Ax (P(x)|P(x)) pre \n                            2. F Ax P(x) conclusion\n                            3. F P(a) 2          \n                            4. T (P(a)|P(a)) 1   \n                            5.{ T P(a) 4         \n                            6. @ 3,5}            \n                            7.{ T P(a) 4         \n                            8. @ 3,7}            \n                        </proof>'}, {'role': 'user', 'content': ""Prove'Ax B(x)->C |- Ex (B(x)->C)' using the analytical tableau method. Only one final answer, surrounded by <proof>...</proof>, using the notation described.""}]","<proof>
1. T Ax (B(x)->C) pre
2. F Ex (B(x)->C) conclusion
3. F (B(a)->C) 2
4. T B(a) 3
5. F C 3
6. T (B(a)->C) 1
7.@ 3,6
</proof>","1. T Ax (B(x)->C) pre
2. F Ex (B(x)->C) conclusion
3. F (B(a)->C) 2
4. T B(a) 3
5. F C 3
6. T (B(a)->C) 1
7.@ 3,6",The proof is valid.,48.7511785030365,stop,1043.0,1457.0
Ex (B->C(x)) |- B->Ex C(x),"[{'role': 'system', 'content': ""\nYou are an expert in logic using the semantic Tableaux method. \nYou will receive a first order logic formula and must prove its validity using the semantic tableau method, represent the proof in a Fitch-like notation, following these formatting instructions:\n\n### FORMAT OF PROOF LINES: \nExpanding proof line must be structured like: '<line_number>. <T_or_F> <formula> <origin>'\n- <line_number>: sequential integer, always ending with a dot ('1.', '2.', '3.', ...)\n- <T_or_F> → T for true formulas, F for false formulas. \n- <formula>: the formula derived on that line\n- <origin> is exactly one of:\n    pre (for premises)\n    conclusion (for the conclusion)\n    a comma-separated list of line numbers indicating the formula(s) used to derive the current line (e.g. '1', '3', '1,3')\n\n### BRANCHING FORMAT \nUse curly braces { and } to open and close branches. \n{ must appear immediately after the line number that opens a branch (e.g. '8.{ F A|B 3') \n} must appear at the end of the line that closes that branch (e.g. '12. @ 5,7}'). Exception: the main (initial) branch does not require a closing }, since it is not opened by {.\nBranches may be nested. But a formula may only be used at a given point if it appeared earlier in the same branch or an outer (enclosing) branch to the current branch. Formulas from closed branches or sibling branches must not be used.\n\n### SYMBOLS \nUse the following symbols for logical operations: \n & = conjunction (and), \n | = disjunction (or), \n ~ = negation (not), \n -> = implication (implies).\n\nQuantifiers symbols:  \n    Ax represents ∀x  \n    Ex represents ∃x\nSo formulas with ∀x and ∃x will be represented by Ax and Ex (A and E followed by the variable x). For example, Ax (H(x)->M(x)) represents ∀x (H(x)→M(x)).\n\n###CONVENTIONS\nAtoms: only uppercase letters not immediately followed by parentesis (e.g. P, Q, R).\nPredicates: uppercase letters immediately followed by parentesis (e.g. H(x), M(y), Q(a,b) ). All predicates must use parentheses.\nVariables: first letter in lowercase, can be followed by letters and numbers (e.g., x, x0, xP0).\n\nWrite only the final proof in <proof>...</proof> tags. Only use <proof>...</proof> tags ONCE. Omit names of the rules. Only use these symbols inside the proof '&' , '->', '~', '|', '@', '(', ')', '{', '}', 'Ax', 'Ex'.\nDo not include explanations, commentary, or extra text inside and outside the <proof>...</proof> tags.\n""}, {'role': 'user', 'content': ""Prove 'Ex P(x), Ax (P(x)->Q(x)) |- Ex Q(x)', using the analytical tableau method. Final answer using the notation described. ""}, {'role': 'assistant', 'content': ' <proof>\n                        1. T Ex P(x) pre\n                        2. T Ax (P(x)->Q(x)) pre\n                        3. F Ex Q(x) conclusion\n                        4. T P(a) 1 \n                        5. T (P(a)->Q(a)) 2 \n                        6. F Q(a) 3 \n                        7.{ F P(a) 5 \n                        8. @ 4,7}    \n                        9.{ T Q(a) 5 \n                        10. @ 6,9}   \n                    </proof>'}, {'role': 'user', 'content': ""Prove 'Ax (P(x)|P(x)) |- Ax P(x)', using the analytical tableau method. Final answer using the notation described.""}, {'role': 'assistant', 'content': ' <proof>\n                            1. T Ax (P(x)|P(x)) pre \n                            2. F Ax P(x) conclusion\n                            3. F P(a) 2          \n                            4. T (P(a)|P(a)) 1   \n                            5.{ T P(a) 4         \n                            6. @ 3,5}            \n                            7.{ T P(a) 4         \n                            8. @ 3,7}            \n                        </proof>'}, {'role': 'user', 'content': ""Prove'Ex (B->C(x)) |- B->Ex C(x)' using the analytical tableau method. Only one final answer, surrounded by <proof>...</proof>, using the notation described.""}]","<proof>
1. T Ex (B->C(x)) pre
2. F (B->Ex C(x)) conclusion
3. T B 2
4. F Ex C(x) 2
5. Ax F C(x) 4
6. F C(a) 5
7. T (B->C(a)) 1
8.{ F B 7
9. @ 3,8}
10.{ T C(a) 7
11. @ 6,10}
</proof>","1. T Ex (B->C(x)) pre
2. F (B->Ex C(x)) conclusion
3. T B 2
4. F Ex C(x) 2
5. Ax F C(x) 4
6. F C(a) 5
7. T (B->C(a)) 1
8.{ F B 7
9. @ 3,8}
10.{ T C(a) 7
11. @ 6,10}","The following errors were found:

One of definitions are not completed. Please, check whether all rules are correctly written.
Recall that a rule of inference starts with a numeber, followed by . (reference line), the truth value of the formula (T or F), has a formula and the justification (premise, conclusion or one of the inference rules with its formula references).Sintax error:
5. Ax F C(x) 4
      ^
",65.09420156478882,stop,1044.0,1937.0
B->Ex C(x) |- Ex (B->C(x)),"[{'role': 'system', 'content': ""\nYou are an expert in logic using the semantic Tableaux method. \nYou will receive a first order logic formula and must prove its validity using the semantic tableau method, represent the proof in a Fitch-like notation, following these formatting instructions:\n\n### FORMAT OF PROOF LINES: \nExpanding proof line must be structured like: '<line_number>. <T_or_F> <formula> <origin>'\n- <line_number>: sequential integer, always ending with a dot ('1.', '2.', '3.', ...)\n- <T_or_F> → T for true formulas, F for false formulas. \n- <formula>: the formula derived on that line\n- <origin> is exactly one of:\n    pre (for premises)\n    conclusion (for the conclusion)\n    a comma-separated list of line numbers indicating the formula(s) used to derive the current line (e.g. '1', '3', '1,3')\n\n### BRANCHING FORMAT \nUse curly braces { and } to open and close branches. \n{ must appear immediately after the line number that opens a branch (e.g. '8.{ F A|B 3') \n} must appear at the end of the line that closes that branch (e.g. '12. @ 5,7}'). Exception: the main (initial) branch does not require a closing }, since it is not opened by {.\nBranches may be nested. But a formula may only be used at a given point if it appeared earlier in the same branch or an outer (enclosing) branch to the current branch. Formulas from closed branches or sibling branches must not be used.\n\n### SYMBOLS \nUse the following symbols for logical operations: \n & = conjunction (and), \n | = disjunction (or), \n ~ = negation (not), \n -> = implication (implies).\n\nQuantifiers symbols:  \n    Ax represents ∀x  \n    Ex represents ∃x\nSo formulas with ∀x and ∃x will be represented by Ax and Ex (A and E followed by the variable x). For example, Ax (H(x)->M(x)) represents ∀x (H(x)→M(x)).\n\n###CONVENTIONS\nAtoms: only uppercase letters not immediately followed by parentesis (e.g. P, Q, R).\nPredicates: uppercase letters immediately followed by parentesis (e.g. H(x), M(y), Q(a,b) ). All predicates must use parentheses.\nVariables: first letter in lowercase, can be followed by letters and numbers (e.g., x, x0, xP0).\n\nWrite only the final proof in <proof>...</proof> tags. Only use <proof>...</proof> tags ONCE. Omit names of the rules. Only use these symbols inside the proof '&' , '->', '~', '|', '@', '(', ')', '{', '}', 'Ax', 'Ex'.\nDo not include explanations, commentary, or extra text inside and outside the <proof>...</proof> tags.\n""}, {'role': 'user', 'content': ""Prove 'Ex P(x), Ax (P(x)->Q(x)) |- Ex Q(x)', using the analytical tableau method. Final answer using the notation described. ""}, {'role': 'assistant', 'content': ' <proof>\n                        1. T Ex P(x) pre\n                        2. T Ax (P(x)->Q(x)) pre\n                        3. F Ex Q(x) conclusion\n                        4. T P(a) 1 \n                        5. T (P(a)->Q(a)) 2 \n                        6. F Q(a) 3 \n                        7.{ F P(a) 5 \n                        8. @ 4,7}    \n                        9.{ T Q(a) 5 \n                        10. @ 6,9}   \n                    </proof>'}, {'role': 'user', 'content': ""Prove 'Ax (P(x)|P(x)) |- Ax P(x)', using the analytical tableau method. Final answer using the notation described.""}, {'role': 'assistant', 'content': ' <proof>\n                            1. T Ax (P(x)|P(x)) pre \n                            2. F Ax P(x) conclusion\n                            3. F P(a) 2          \n                            4. T (P(a)|P(a)) 1   \n                            5.{ T P(a) 4         \n                            6. @ 3,5}            \n                            7.{ T P(a) 4         \n                            8. @ 3,7}            \n                        </proof>'}, {'role': 'user', 'content': ""Prove'B->Ex C(x) |- Ex (B->C(x))' using the analytical tableau method. Only one final answer, surrounded by <proof>...</proof>, using the notation described.""}]","<proof>
1. T (B->Ex C(x)) pre
2. F Ex (B->C(x)) conclusion
3. F (B->C(a)) 2
4.{ F B 1
5. T B 3
6. F C(a) 3
7. @ 4,5}
8.{ T Ex C(x) 1
9. T C(a) 8
10. F C(a) 3
11. @ 9,10}
</proof>","1. T (B->Ex C(x)) pre
2. F Ex (B->C(x)) conclusion
3. F (B->C(a)) 2
4.{ F B 1
5. T B 3
6. F C(a) 3
7. @ 4,5}
8.{ T Ex C(x) 1
9. T C(a) 8
10. F C(a) 3
11. @ 9,10}","The following errors were found:

Error in line 9:
9. T C(a) 8
     ^, The variable used in this formula C(a) is not a new variable and therefore cannot be used in this rule.
Error in line 10:
10. F C(a) 3
^, The previous line should be the rule ->F with the formula B.",113.56773090362547,stop,1045.0,3309.0
