question,input_prompt,whole_response,cut_response,verification,time_seconds_only_request,finish_reason,tokens_input,tokens_in_output
Ax (B(x)|B(x)) |- Ax B(x),"[{'role': 'system', 'content': ""You are an expert in logic using the Natural Deduction method.\nYou will receive one first order logic problem. Your task is to prove its validity using Natural Deduction and represent the proof in a Fitch-like notation, following these formatting instructions.\n\n### FORMAT OF PROOF LINES\nEach proof line must be structured like: '<line_number>. <formula> <origin>'\n- <line_number>: sequential integer, always ending with a dot ('1.', '2.', '3.', ...)\n- <formula>: the formula derived on that line\n- <origin>: either 'pre' (premise), 'hip' (hypothesis) or '<rule_name> <line_refs>'\n - <rule_name> and <line_refs>: \n - &e (1 line) \n - &i (2 lines) \n - ->e (2 lines) \n - ->i (1 range) \n - ~e (2 lines) \n - ~i (1 range) \n - |e (1 line + 2 ranges) \n - |i (1 line) \n - @e (1 line) \n - raa (1 range) \n - copy (1 line) \n - Ae (1 line)\n - Ai (1 range)\n - Ee (1 line + 1 range)\n - Ei (1 line)\n - <line_refs>: Must be comma-separated line numbers or ranges. Ranges denote subproofs (e.g., `->i 8-12`, `|e 4, 5-9, 10-14`)\n\n### SUBPROOFS / HYPOTHESES\nUse subproofs for hypotheses. Use curly braces '{' and '}' to open and close subproofs. \nPlace `{` immediately after the line number (e.g. '8.{ A|B hip') and `}` at the end of the final line of the subproof (e.g. '10. B @e 4}').\nNested subproofs are allowed. But a formula may only be used at a specific point if it appeared earlier in the same subproof or an outer subproof to the current subproof.\n\n### SYMBOLS & CONVENTIONS\nUse the following symbols for logical operations: \n- & = conjunction (and) \n- | = disjunction (or) \n- ~ = negation (not) \n- -> = implication (implies)\n\nQuantifiers symbols: \n Ax represents ∀x \n Ex represents ∃x\nSo formulas with ∀x and ∃x will be represented by Ax and Ex (A and E followed by the variable x). For example, Ax (H(x)->M(x)) represents ∀x (H(x)→M(x)).\n\n###CONVENTIONS\nAtoms: only uppercase letters not immediately followed by parentesis (e.g. P, Q, R).\nPredicates: uppercase letters immediately followed by parentesis (e.g. H(x), M(y), Q(a,b) ). All predicates must use parentheses.\nVariables: first letter in lowercase, can be followed by letters and numbers (e.g., x, x0, xP0).\n\n### TO CREATE NEW VARIABLE:\nFor Universal Introduction rule(Ai): open a subproof with a fresh variable not occurring in any open hypothesis.\nCreate new variable like this: '<line_number>. { <new_variable> '\n\nFor Existential Elimination rule(Ee): open a subproof with a fresh witness constant/variable. \nCreate new variable like this: '<line_number>. {<new_variable> φ[<old_variable>/<new_variable>] hip\n  Write only the final proof in <proof>...</proof> tags. Only use <proof>...</proof> tags ONCE. Only use these symbols inside the proof '&' , '->', '~', '|', '@', '(', ')', '{', '}', 'Ax', 'Ex'.\nDo not include explanations, commentary, or extra text inside and outside the <proof>...</proof> tags.\n ""}, {'role': 'user', 'content': ""Prove '|- (P->Ex Q(x))->Ex (P->Q(x))', using the natural deduction method. Final answer using the notation described. ""}, {'role': 'assistant', 'content': ' <proof>\n                        1. { \t(P -> Ex Q(x))\t\t\t\t\thip\n                        2.\t{\t~(~P | Ex Q(x))\t\t\t\t\thip\n                        3.\t\t{\tP\t\t\t\t\t\t\t\t      hip\n                        4.      Ex Q(x)               ->e 3, 1\n                        5.\t\t\t~P | Ex Q(x)\t\t\t\t\t|i 4\n                        6.\t\t\t@\t\t\t\t\t\t\t\t~e 5,2 }\t\t\n                        7.\t\t~P\t\t\t\t\t\t\t\t\t~i 3-6\n                        8.\t\t~P | Ex Q(x)\t\t\t\t\t\t|i 7\n                        9.\t\t@\t\t\t\t\t\t\t\t\t~e 8,2 }\n                        10.\t~P | Ex Q(x)        raa 2-9\n                        11.\t{\t~P\t\t\t\t\t\t\t\t\thip\n                        12.\t\t{\tP\t\t\t\t\t\t\t\thip\n                        13.\t\t\t@\t\t\t\t\t\t\t\t~e 11,12\n                        14.     Q(a)            @e 13 }\n                        15.\t\tP -> Q(a)\t\t\t\t\t\t\t->i 12-14\n                        16.\t\tEx  (P -> Q(x))\t\t\t\t\tEi 15 }\n                        17.\t{\tEx Q(x)\t\t\t\t\t\t\thip\n                        18.\t\t{ a\t\tQ(a)\t\t\t\t\t\thip\n                        19.\t\t\t{\tP\t\t\t\t\t\t\thip\n                        20.\t\t\t\tQ(a)\t\t\t\t\t\tcopie 18 }\n                        21.\t\t\tP -> Q(a)\t\t\t\t\t\t->i 19-20\n                        22.\t\t\tEx (P -> Q(x))\t\t\t\tEi 21 }\n                        23.\t\tEx (P -> Q(x))\t\t\t\t\tEe 17, 18-22 }\n                        24.\tEx (P -> Q(x))\t\t\t\t\t\t|e 10, 11-16, 17-23}\n                        25. (P -> Ex Q(x)) -> Ex (P -> Q(x))\t->i 1-24\n                    </proof>'}, {'role': 'user', 'content': ""Prove 'Ax ((P(x)->Q(x))&(Q(x)->P(x))) |- Ax ((~P(x)->~Q(x))&(~Q(x)->~P(x)))', using the natural deduction method. Final answer using the notation described.""}, {'role': 'assistant', 'content': ' <proof>\n                            1. Ax((P(x) -> Q(x)) & (Q(x) -> P(x))) pre\n                            2. { a\n                            3.   (P(a) -> Q(a)) & (Q(a) -> P(a)) Ae 1\n                            4.   P(a) -> Q(a) &e 3\n                            5.   Q(a) -> P(a) &e 3\n                            6.   { ~Q(a) hip\n                            7.     { P(a) hip\n                            8.       Q(a) ->e 7,4\n                            9.       @ ~e 6,8 }\n                            10.   ~P(a) ~i 7-9 }\n                            11. ~Q(a) -> ~P(a) ->i 6-10\n                            12. { ~P(a) hip\n                            13.   { Q(a) hip\n                            14.     P(a) ->e 13,5\n                            15.     @ ~e 12,14 }\n                            16.   ~Q(a) ~i 13-15 }\n                            17. ~P(a) -> ~Q(a) ->i 12-16\n                            18. (~P(a) -> ~Q(a)) & (~Q(a) -> ~P(a)) &i 17,11 }\n                            19. Ax((~P(x) -> ~Q(x)) & (~Q(x) -> ~P(x))) Ai 2-18 \n                        </proof>'}, {'role': 'user', 'content': ""Prove'Ax (B(x)|B(x)) |- Ax B(x)' using the natural deduction method. Only one final answer, surrounded by <proof>...</proof>, using the notation described.""}]","<proof>
                        1. Ax(P(x)|P(x)) pre
                        2. { a
                        3.   P(a)|P(a) Ae 1
                        4.   { P(a) hip
                        5.     P(a) @i 4-5 }
                        6.   { P(a) hip
                        7.     P(a) @i 6-7 }
                        8.   P(a) |e 3, 4-5, 6-7 }
                        9. AxP(x) Ai 2-8 
                    </proof>","1. Ax(P(x)|P(x)) pre
                        2. { a
                        3.   P(a)|P(a) Ae 1
                        4.   { P(a) hip
                        5.     P(a) @i 4-5 }
                        6.   { P(a) hip
                        7.     P(a) @i 6-7 }
                        8.   P(a) |e 3, 4-5, 6-7 }
                        9. AxP(x) Ai 2-8","Os seguintes erros foram encontrados:

Uma das definições não está completa, verifique se todas regras foram aplicadas corretamente.
Lembre-se que uma regra de inferência sempre inicia com um número seguido de um . (linha de referência), tem uma fórmula e uma justificativa (premissa, hipóteses ou uma das regras de inferência com suas respectivas referências para fórmulas anteriores).
Erro de sintaxe:
                        5.     P(a) @i 4-5 }
                                    ^
",1.5757358074188232,stop,1776,405
"B(a), C(a) |- Ex (B(x)&C(x))","[{'role': 'system', 'content': ""You are an expert in logic using the Natural Deduction method.\nYou will receive one first order logic problem. Your task is to prove its validity using Natural Deduction and represent the proof in a Fitch-like notation, following these formatting instructions.\n\n### FORMAT OF PROOF LINES\nEach proof line must be structured like: '<line_number>. <formula> <origin>'\n- <line_number>: sequential integer, always ending with a dot ('1.', '2.', '3.', ...)\n- <formula>: the formula derived on that line\n- <origin>: either 'pre' (premise), 'hip' (hypothesis) or '<rule_name> <line_refs>'\n - <rule_name> and <line_refs>: \n - &e (1 line) \n - &i (2 lines) \n - ->e (2 lines) \n - ->i (1 range) \n - ~e (2 lines) \n - ~i (1 range) \n - |e (1 line + 2 ranges) \n - |i (1 line) \n - @e (1 line) \n - raa (1 range) \n - copy (1 line) \n - Ae (1 line)\n - Ai (1 range)\n - Ee (1 line + 1 range)\n - Ei (1 line)\n - <line_refs>: Must be comma-separated line numbers or ranges. Ranges denote subproofs (e.g., `->i 8-12`, `|e 4, 5-9, 10-14`)\n\n### SUBPROOFS / HYPOTHESES\nUse subproofs for hypotheses. Use curly braces '{' and '}' to open and close subproofs. \nPlace `{` immediately after the line number (e.g. '8.{ A|B hip') and `}` at the end of the final line of the subproof (e.g. '10. B @e 4}').\nNested subproofs are allowed. But a formula may only be used at a specific point if it appeared earlier in the same subproof or an outer subproof to the current subproof.\n\n### SYMBOLS & CONVENTIONS\nUse the following symbols for logical operations: \n- & = conjunction (and) \n- | = disjunction (or) \n- ~ = negation (not) \n- -> = implication (implies)\n\nQuantifiers symbols: \n Ax represents ∀x \n Ex represents ∃x\nSo formulas with ∀x and ∃x will be represented by Ax and Ex (A and E followed by the variable x). For example, Ax (H(x)->M(x)) represents ∀x (H(x)→M(x)).\n\n###CONVENTIONS\nAtoms: only uppercase letters not immediately followed by parentesis (e.g. P, Q, R).\nPredicates: uppercase letters immediately followed by parentesis (e.g. H(x), M(y), Q(a,b) ). All predicates must use parentheses.\nVariables: first letter in lowercase, can be followed by letters and numbers (e.g., x, x0, xP0).\n\n### TO CREATE NEW VARIABLE:\nFor Universal Introduction rule(Ai): open a subproof with a fresh variable not occurring in any open hypothesis.\nCreate new variable like this: '<line_number>. { <new_variable> '\n\nFor Existential Elimination rule(Ee): open a subproof with a fresh witness constant/variable. \nCreate new variable like this: '<line_number>. {<new_variable> φ[<old_variable>/<new_variable>] hip\n  Write only the final proof in <proof>...</proof> tags. Only use <proof>...</proof> tags ONCE. Only use these symbols inside the proof '&' , '->', '~', '|', '@', '(', ')', '{', '}', 'Ax', 'Ex'.\nDo not include explanations, commentary, or extra text inside and outside the <proof>...</proof> tags.\n ""}, {'role': 'user', 'content': ""Prove '|- (P->Ex Q(x))->Ex (P->Q(x))', using the natural deduction method. Final answer using the notation described. ""}, {'role': 'assistant', 'content': ' <proof>\n                        1. { \t(P -> Ex Q(x))\t\t\t\t\thip\n                        2.\t{\t~(~P | Ex Q(x))\t\t\t\t\thip\n                        3.\t\t{\tP\t\t\t\t\t\t\t\t      hip\n                        4.      Ex Q(x)               ->e 3, 1\n                        5.\t\t\t~P | Ex Q(x)\t\t\t\t\t|i 4\n                        6.\t\t\t@\t\t\t\t\t\t\t\t~e 5,2 }\t\t\n                        7.\t\t~P\t\t\t\t\t\t\t\t\t~i 3-6\n                        8.\t\t~P | Ex Q(x)\t\t\t\t\t\t|i 7\n                        9.\t\t@\t\t\t\t\t\t\t\t\t~e 8,2 }\n                        10.\t~P | Ex Q(x)        raa 2-9\n                        11.\t{\t~P\t\t\t\t\t\t\t\t\thip\n                        12.\t\t{\tP\t\t\t\t\t\t\t\thip\n                        13.\t\t\t@\t\t\t\t\t\t\t\t~e 11,12\n                        14.     Q(a)            @e 13 }\n                        15.\t\tP -> Q(a)\t\t\t\t\t\t\t->i 12-14\n                        16.\t\tEx  (P -> Q(x))\t\t\t\t\tEi 15 }\n                        17.\t{\tEx Q(x)\t\t\t\t\t\t\thip\n                        18.\t\t{ a\t\tQ(a)\t\t\t\t\t\thip\n                        19.\t\t\t{\tP\t\t\t\t\t\t\thip\n                        20.\t\t\t\tQ(a)\t\t\t\t\t\tcopie 18 }\n                        21.\t\t\tP -> Q(a)\t\t\t\t\t\t->i 19-20\n                        22.\t\t\tEx (P -> Q(x))\t\t\t\tEi 21 }\n                        23.\t\tEx (P -> Q(x))\t\t\t\t\tEe 17, 18-22 }\n                        24.\tEx (P -> Q(x))\t\t\t\t\t\t|e 10, 11-16, 17-23}\n                        25. (P -> Ex Q(x)) -> Ex (P -> Q(x))\t->i 1-24\n                    </proof>'}, {'role': 'user', 'content': ""Prove 'Ax ((P(x)->Q(x))&(Q(x)->P(x))) |- Ax ((~P(x)->~Q(x))&(~Q(x)->~P(x)))', using the natural deduction method. Final answer using the notation described.""}, {'role': 'assistant', 'content': ' <proof>\n                            1. Ax((P(x) -> Q(x)) & (Q(x) -> P(x))) pre\n                            2. { a\n                            3.   (P(a) -> Q(a)) & (Q(a) -> P(a)) Ae 1\n                            4.   P(a) -> Q(a) &e 3\n                            5.   Q(a) -> P(a) &e 3\n                            6.   { ~Q(a) hip\n                            7.     { P(a) hip\n                            8.       Q(a) ->e 7,4\n                            9.       @ ~e 6,8 }\n                            10.   ~P(a) ~i 7-9 }\n                            11. ~Q(a) -> ~P(a) ->i 6-10\n                            12. { ~P(a) hip\n                            13.   { Q(a) hip\n                            14.     P(a) ->e 13,5\n                            15.     @ ~e 12,14 }\n                            16.   ~Q(a) ~i 13-15 }\n                            17. ~P(a) -> ~Q(a) ->i 12-16\n                            18. (~P(a) -> ~Q(a)) & (~Q(a) -> ~P(a)) &i 17,11 }\n                            19. Ax((~P(x) -> ~Q(x)) & (~Q(x) -> ~P(x))) Ai 2-18 \n                        </proof>'}, {'role': 'user', 'content': ""Prove'B(a), C(a) |- Ex (B(x)&C(x))' using the natural deduction method. Only one final answer, surrounded by <proof>...</proof>, using the notation described.""}]","<proof>
                        1. P(a) pre
                        2. Q(a) pre
                        3. P(a) & Q(a) &i 1,2
                        4. Ex (P(x) & Q(x)) Ei 3
                    </proof>","1. P(a) pre
                        2. Q(a) pre
                        3. P(a) & Q(a) &i 1,2
                        4. Ex (P(x) & Q(x)) Ei 3","A demonstração está correta.
P(a), Q(a) |- Ex (P(x)&Q(x))

Código da demonstração no estilo Fitch em Latex:
\begin{logicproof}{6}
P(a) & premissa\\
Q(a) & premissa\\
P(a)\land Q(a) & $\land i$ 1,2\\
\exists x (P(x)\land Q(x)) & $\exists i$ 3
\end{logicproof}

Código da demonstração no estilo Gentzen em Latex:
\[\infer[\!\!\exists\text{i}]{\exists x (P(x)\land Q(x))}{\infer[\!\!{\land\text{i}}]{P(a)\land Q(a)}{{{P(a)}}&{{Q(a)}}}}\]
",0.5933303833007812,stop,1779,146
"Ax (B(x)->C(x)), B(a) |- C(a)","[{'role': 'system', 'content': ""You are an expert in logic using the Natural Deduction method.\nYou will receive one first order logic problem. Your task is to prove its validity using Natural Deduction and represent the proof in a Fitch-like notation, following these formatting instructions.\n\n### FORMAT OF PROOF LINES\nEach proof line must be structured like: '<line_number>. <formula> <origin>'\n- <line_number>: sequential integer, always ending with a dot ('1.', '2.', '3.', ...)\n- <formula>: the formula derived on that line\n- <origin>: either 'pre' (premise), 'hip' (hypothesis) or '<rule_name> <line_refs>'\n - <rule_name> and <line_refs>: \n - &e (1 line) \n - &i (2 lines) \n - ->e (2 lines) \n - ->i (1 range) \n - ~e (2 lines) \n - ~i (1 range) \n - |e (1 line + 2 ranges) \n - |i (1 line) \n - @e (1 line) \n - raa (1 range) \n - copy (1 line) \n - Ae (1 line)\n - Ai (1 range)\n - Ee (1 line + 1 range)\n - Ei (1 line)\n - <line_refs>: Must be comma-separated line numbers or ranges. Ranges denote subproofs (e.g., `->i 8-12`, `|e 4, 5-9, 10-14`)\n\n### SUBPROOFS / HYPOTHESES\nUse subproofs for hypotheses. Use curly braces '{' and '}' to open and close subproofs. \nPlace `{` immediately after the line number (e.g. '8.{ A|B hip') and `}` at the end of the final line of the subproof (e.g. '10. B @e 4}').\nNested subproofs are allowed. But a formula may only be used at a specific point if it appeared earlier in the same subproof or an outer subproof to the current subproof.\n\n### SYMBOLS & CONVENTIONS\nUse the following symbols for logical operations: \n- & = conjunction (and) \n- | = disjunction (or) \n- ~ = negation (not) \n- -> = implication (implies)\n\nQuantifiers symbols: \n Ax represents ∀x \n Ex represents ∃x\nSo formulas with ∀x and ∃x will be represented by Ax and Ex (A and E followed by the variable x). For example, Ax (H(x)->M(x)) represents ∀x (H(x)→M(x)).\n\n###CONVENTIONS\nAtoms: only uppercase letters not immediately followed by parentesis (e.g. P, Q, R).\nPredicates: uppercase letters immediately followed by parentesis (e.g. H(x), M(y), Q(a,b) ). All predicates must use parentheses.\nVariables: first letter in lowercase, can be followed by letters and numbers (e.g., x, x0, xP0).\n\n### TO CREATE NEW VARIABLE:\nFor Universal Introduction rule(Ai): open a subproof with a fresh variable not occurring in any open hypothesis.\nCreate new variable like this: '<line_number>. { <new_variable> '\n\nFor Existential Elimination rule(Ee): open a subproof with a fresh witness constant/variable. \nCreate new variable like this: '<line_number>. {<new_variable> φ[<old_variable>/<new_variable>] hip\n  Write only the final proof in <proof>...</proof> tags. Only use <proof>...</proof> tags ONCE. Only use these symbols inside the proof '&' , '->', '~', '|', '@', '(', ')', '{', '}', 'Ax', 'Ex'.\nDo not include explanations, commentary, or extra text inside and outside the <proof>...</proof> tags.\n ""}, {'role': 'user', 'content': ""Prove '|- (P->Ex Q(x))->Ex (P->Q(x))', using the natural deduction method. Final answer using the notation described. ""}, {'role': 'assistant', 'content': ' <proof>\n                        1. { \t(P -> Ex Q(x))\t\t\t\t\thip\n                        2.\t{\t~(~P | Ex Q(x))\t\t\t\t\thip\n                        3.\t\t{\tP\t\t\t\t\t\t\t\t      hip\n                        4.      Ex Q(x)               ->e 3, 1\n                        5.\t\t\t~P | Ex Q(x)\t\t\t\t\t|i 4\n                        6.\t\t\t@\t\t\t\t\t\t\t\t~e 5,2 }\t\t\n                        7.\t\t~P\t\t\t\t\t\t\t\t\t~i 3-6\n                        8.\t\t~P | Ex Q(x)\t\t\t\t\t\t|i 7\n                        9.\t\t@\t\t\t\t\t\t\t\t\t~e 8,2 }\n                        10.\t~P | Ex Q(x)        raa 2-9\n                        11.\t{\t~P\t\t\t\t\t\t\t\t\thip\n                        12.\t\t{\tP\t\t\t\t\t\t\t\thip\n                        13.\t\t\t@\t\t\t\t\t\t\t\t~e 11,12\n                        14.     Q(a)            @e 13 }\n                        15.\t\tP -> Q(a)\t\t\t\t\t\t\t->i 12-14\n                        16.\t\tEx  (P -> Q(x))\t\t\t\t\tEi 15 }\n                        17.\t{\tEx Q(x)\t\t\t\t\t\t\thip\n                        18.\t\t{ a\t\tQ(a)\t\t\t\t\t\thip\n                        19.\t\t\t{\tP\t\t\t\t\t\t\thip\n                        20.\t\t\t\tQ(a)\t\t\t\t\t\tcopie 18 }\n                        21.\t\t\tP -> Q(a)\t\t\t\t\t\t->i 19-20\n                        22.\t\t\tEx (P -> Q(x))\t\t\t\tEi 21 }\n                        23.\t\tEx (P -> Q(x))\t\t\t\t\tEe 17, 18-22 }\n                        24.\tEx (P -> Q(x))\t\t\t\t\t\t|e 10, 11-16, 17-23}\n                        25. (P -> Ex Q(x)) -> Ex (P -> Q(x))\t->i 1-24\n                    </proof>'}, {'role': 'user', 'content': ""Prove 'Ax ((P(x)->Q(x))&(Q(x)->P(x))) |- Ax ((~P(x)->~Q(x))&(~Q(x)->~P(x)))', using the natural deduction method. Final answer using the notation described.""}, {'role': 'assistant', 'content': ' <proof>\n                            1. Ax((P(x) -> Q(x)) & (Q(x) -> P(x))) pre\n                            2. { a\n                            3.   (P(a) -> Q(a)) & (Q(a) -> P(a)) Ae 1\n                            4.   P(a) -> Q(a) &e 3\n                            5.   Q(a) -> P(a) &e 3\n                            6.   { ~Q(a) hip\n                            7.     { P(a) hip\n                            8.       Q(a) ->e 7,4\n                            9.       @ ~e 6,8 }\n                            10.   ~P(a) ~i 7-9 }\n                            11. ~Q(a) -> ~P(a) ->i 6-10\n                            12. { ~P(a) hip\n                            13.   { Q(a) hip\n                            14.     P(a) ->e 13,5\n                            15.     @ ~e 12,14 }\n                            16.   ~Q(a) ~i 13-15 }\n                            17. ~P(a) -> ~Q(a) ->i 12-16\n                            18. (~P(a) -> ~Q(a)) & (~Q(a) -> ~P(a)) &i 17,11 }\n                            19. Ax((~P(x) -> ~Q(x)) & (~Q(x) -> ~P(x))) Ai 2-18 \n                        </proof>'}, {'role': 'user', 'content': ""Prove'Ax (B(x)->C(x)), B(a) |- C(a)' using the natural deduction method. Only one final answer, surrounded by <proof>...</proof>, using the notation described.""}]","<proof>
     1. Ax(P(x)->Q(x)) pre
     2. P(a) -> Q(a) Ae 1
     3. P(a) pre
     4. Q(a) ->e 2,3
 </proof>","1. Ax(P(x)->Q(x)) pre
     2. P(a) -> Q(a) Ae 1
     3. P(a) pre
     4. Q(a) ->e 2,3","A demonstração está correta.
Ax (P(x)->Q(x)), P(a) |- Q(a)

Código da demonstração no estilo Fitch em Latex:
\begin{logicproof}{6}
\forall x (P(x)\rightarrow Q(x)) & premissa\\
P(a)\rightarrow Q(a) & $\forall e$ 1\\
P(a) & premissa\\
Q(a) & $\rightarrow e$ 2, 3
\end{logicproof}

Código da demonstração no estilo Gentzen em Latex:
\[\infer[\!\!{\rightarrow\text{e}}]{Q(a)}{{\infer[\!\!\forall\text{e}]{P(a)\rightarrow Q(a)}{{\forall x (P(x)\rightarrow Q(x))}}}&{{P(a)}}}\]
",1.2408933639526367,stop,1778,328
|- Ex (B(x)&C(x))->(Ex B(x)|Ex C(x)),"[{'role': 'system', 'content': ""You are an expert in logic using the Natural Deduction method.\nYou will receive one first order logic problem. Your task is to prove its validity using Natural Deduction and represent the proof in a Fitch-like notation, following these formatting instructions.\n\n### FORMAT OF PROOF LINES\nEach proof line must be structured like: '<line_number>. <formula> <origin>'\n- <line_number>: sequential integer, always ending with a dot ('1.', '2.', '3.', ...)\n- <formula>: the formula derived on that line\n- <origin>: either 'pre' (premise), 'hip' (hypothesis) or '<rule_name> <line_refs>'\n - <rule_name> and <line_refs>: \n - &e (1 line) \n - &i (2 lines) \n - ->e (2 lines) \n - ->i (1 range) \n - ~e (2 lines) \n - ~i (1 range) \n - |e (1 line + 2 ranges) \n - |i (1 line) \n - @e (1 line) \n - raa (1 range) \n - copy (1 line) \n - Ae (1 line)\n - Ai (1 range)\n - Ee (1 line + 1 range)\n - Ei (1 line)\n - <line_refs>: Must be comma-separated line numbers or ranges. Ranges denote subproofs (e.g., `->i 8-12`, `|e 4, 5-9, 10-14`)\n\n### SUBPROOFS / HYPOTHESES\nUse subproofs for hypotheses. Use curly braces '{' and '}' to open and close subproofs. \nPlace `{` immediately after the line number (e.g. '8.{ A|B hip') and `}` at the end of the final line of the subproof (e.g. '10. B @e 4}').\nNested subproofs are allowed. But a formula may only be used at a specific point if it appeared earlier in the same subproof or an outer subproof to the current subproof.\n\n### SYMBOLS & CONVENTIONS\nUse the following symbols for logical operations: \n- & = conjunction (and) \n- | = disjunction (or) \n- ~ = negation (not) \n- -> = implication (implies)\n\nQuantifiers symbols: \n Ax represents ∀x \n Ex represents ∃x\nSo formulas with ∀x and ∃x will be represented by Ax and Ex (A and E followed by the variable x). For example, Ax (H(x)->M(x)) represents ∀x (H(x)→M(x)).\n\n###CONVENTIONS\nAtoms: only uppercase letters not immediately followed by parentesis (e.g. P, Q, R).\nPredicates: uppercase letters immediately followed by parentesis (e.g. H(x), M(y), Q(a,b) ). All predicates must use parentheses.\nVariables: first letter in lowercase, can be followed by letters and numbers (e.g., x, x0, xP0).\n\n### TO CREATE NEW VARIABLE:\nFor Universal Introduction rule(Ai): open a subproof with a fresh variable not occurring in any open hypothesis.\nCreate new variable like this: '<line_number>. { <new_variable> '\n\nFor Existential Elimination rule(Ee): open a subproof with a fresh witness constant/variable. \nCreate new variable like this: '<line_number>. {<new_variable> φ[<old_variable>/<new_variable>] hip\n  Write only the final proof in <proof>...</proof> tags. Only use <proof>...</proof> tags ONCE. Only use these symbols inside the proof '&' , '->', '~', '|', '@', '(', ')', '{', '}', 'Ax', 'Ex'.\nDo not include explanations, commentary, or extra text inside and outside the <proof>...</proof> tags.\n ""}, {'role': 'user', 'content': ""Prove '|- (P->Ex Q(x))->Ex (P->Q(x))', using the natural deduction method. Final answer using the notation described. ""}, {'role': 'assistant', 'content': ' <proof>\n                        1. { \t(P -> Ex Q(x))\t\t\t\t\thip\n                        2.\t{\t~(~P | Ex Q(x))\t\t\t\t\thip\n                        3.\t\t{\tP\t\t\t\t\t\t\t\t      hip\n                        4.      Ex Q(x)               ->e 3, 1\n                        5.\t\t\t~P | Ex Q(x)\t\t\t\t\t|i 4\n                        6.\t\t\t@\t\t\t\t\t\t\t\t~e 5,2 }\t\t\n                        7.\t\t~P\t\t\t\t\t\t\t\t\t~i 3-6\n                        8.\t\t~P | Ex Q(x)\t\t\t\t\t\t|i 7\n                        9.\t\t@\t\t\t\t\t\t\t\t\t~e 8,2 }\n                        10.\t~P | Ex Q(x)        raa 2-9\n                        11.\t{\t~P\t\t\t\t\t\t\t\t\thip\n                        12.\t\t{\tP\t\t\t\t\t\t\t\thip\n                        13.\t\t\t@\t\t\t\t\t\t\t\t~e 11,12\n                        14.     Q(a)            @e 13 }\n                        15.\t\tP -> Q(a)\t\t\t\t\t\t\t->i 12-14\n                        16.\t\tEx  (P -> Q(x))\t\t\t\t\tEi 15 }\n                        17.\t{\tEx Q(x)\t\t\t\t\t\t\thip\n                        18.\t\t{ a\t\tQ(a)\t\t\t\t\t\thip\n                        19.\t\t\t{\tP\t\t\t\t\t\t\thip\n                        20.\t\t\t\tQ(a)\t\t\t\t\t\tcopie 18 }\n                        21.\t\t\tP -> Q(a)\t\t\t\t\t\t->i 19-20\n                        22.\t\t\tEx (P -> Q(x))\t\t\t\tEi 21 }\n                        23.\t\tEx (P -> Q(x))\t\t\t\t\tEe 17, 18-22 }\n                        24.\tEx (P -> Q(x))\t\t\t\t\t\t|e 10, 11-16, 17-23}\n                        25. (P -> Ex Q(x)) -> Ex (P -> Q(x))\t->i 1-24\n                    </proof>'}, {'role': 'user', 'content': ""Prove 'Ax ((P(x)->Q(x))&(Q(x)->P(x))) |- Ax ((~P(x)->~Q(x))&(~Q(x)->~P(x)))', using the natural deduction method. Final answer using the notation described.""}, {'role': 'assistant', 'content': ' <proof>\n                            1. Ax((P(x) -> Q(x)) & (Q(x) -> P(x))) pre\n                            2. { a\n                            3.   (P(a) -> Q(a)) & (Q(a) -> P(a)) Ae 1\n                            4.   P(a) -> Q(a) &e 3\n                            5.   Q(a) -> P(a) &e 3\n                            6.   { ~Q(a) hip\n                            7.     { P(a) hip\n                            8.       Q(a) ->e 7,4\n                            9.       @ ~e 6,8 }\n                            10.   ~P(a) ~i 7-9 }\n                            11. ~Q(a) -> ~P(a) ->i 6-10\n                            12. { ~P(a) hip\n                            13.   { Q(a) hip\n                            14.     P(a) ->e 13,5\n                            15.     @ ~e 12,14 }\n                            16.   ~Q(a) ~i 13-15 }\n                            17. ~P(a) -> ~Q(a) ->i 12-16\n                            18. (~P(a) -> ~Q(a)) & (~Q(a) -> ~P(a)) &i 17,11 }\n                            19. Ax((~P(x) -> ~Q(x)) & (~Q(x) -> ~P(x))) Ai 2-18 \n                        </proof>'}, {'role': 'user', 'content': ""Prove'|- Ex (B(x)&C(x))->(Ex B(x)|Ex C(x))' using the natural deduction method. Only one final answer, surrounded by <proof>...</proof>, using the notation described.""}]","<proof>
                        1. { ∃x (T(x)&K(x)) hip
                        2.   { a
                        3.     T(a) & K(a) @e 1
                        4.     T(a) &e 3
                        5.     ∃x T(x) Ei 4
                        6.     (∃x T(x)) | (∃x K(x)) |i 5
                        7.   }
                        8. Ex (T(x)&K(x)) -> (Ex T(x)|Ex K(x)) ->i 1-7
                    </proof>","1. { ∃x (T(x)&K(x)) hip
                        2.   { a
                        3.     T(a) & K(a) @e 1
                        4.     T(a) &e 3
                        5.     ∃x T(x) Ei 4
                        6.     (∃x T(x)) | (∃x K(x)) |i 5
                        7.   }
                        8. Ex (T(x)&K(x)) -> (Ex T(x)|Ex K(x)) ->i 1-7","Os seguintes erros foram encontrados:

Uma das definições não está completa, verifique se todas regras foram aplicadas corretamente.
Lembre-se que uma regra de inferência sempre inicia com um número seguido de um . (linha de referência), tem uma fórmula e uma justificativa (premissa, hipóteses ou uma das regras de inferência com suas respectivas referências para fórmulas anteriores).
Erro de sintaxe:
1. { ∃x (T(x)&K(x)) hip
     ^ Símbolo não pertence a linguagem.
",6.043949365615845,stop,1782,1589
|- Ax B(x)->(Ax ~C(x)->Ax (B(x)&~C(x))),"[{'role': 'system', 'content': ""You are an expert in logic using the Natural Deduction method.\nYou will receive one first order logic problem. Your task is to prove its validity using Natural Deduction and represent the proof in a Fitch-like notation, following these formatting instructions.\n\n### FORMAT OF PROOF LINES\nEach proof line must be structured like: '<line_number>. <formula> <origin>'\n- <line_number>: sequential integer, always ending with a dot ('1.', '2.', '3.', ...)\n- <formula>: the formula derived on that line\n- <origin>: either 'pre' (premise), 'hip' (hypothesis) or '<rule_name> <line_refs>'\n - <rule_name> and <line_refs>: \n - &e (1 line) \n - &i (2 lines) \n - ->e (2 lines) \n - ->i (1 range) \n - ~e (2 lines) \n - ~i (1 range) \n - |e (1 line + 2 ranges) \n - |i (1 line) \n - @e (1 line) \n - raa (1 range) \n - copy (1 line) \n - Ae (1 line)\n - Ai (1 range)\n - Ee (1 line + 1 range)\n - Ei (1 line)\n - <line_refs>: Must be comma-separated line numbers or ranges. Ranges denote subproofs (e.g., `->i 8-12`, `|e 4, 5-9, 10-14`)\n\n### SUBPROOFS / HYPOTHESES\nUse subproofs for hypotheses. Use curly braces '{' and '}' to open and close subproofs. \nPlace `{` immediately after the line number (e.g. '8.{ A|B hip') and `}` at the end of the final line of the subproof (e.g. '10. B @e 4}').\nNested subproofs are allowed. But a formula may only be used at a specific point if it appeared earlier in the same subproof or an outer subproof to the current subproof.\n\n### SYMBOLS & CONVENTIONS\nUse the following symbols for logical operations: \n- & = conjunction (and) \n- | = disjunction (or) \n- ~ = negation (not) \n- -> = implication (implies)\n\nQuantifiers symbols: \n Ax represents ∀x \n Ex represents ∃x\nSo formulas with ∀x and ∃x will be represented by Ax and Ex (A and E followed by the variable x). For example, Ax (H(x)->M(x)) represents ∀x (H(x)→M(x)).\n\n###CONVENTIONS\nAtoms: only uppercase letters not immediately followed by parentesis (e.g. P, Q, R).\nPredicates: uppercase letters immediately followed by parentesis (e.g. H(x), M(y), Q(a,b) ). All predicates must use parentheses.\nVariables: first letter in lowercase, can be followed by letters and numbers (e.g., x, x0, xP0).\n\n### TO CREATE NEW VARIABLE:\nFor Universal Introduction rule(Ai): open a subproof with a fresh variable not occurring in any open hypothesis.\nCreate new variable like this: '<line_number>. { <new_variable> '\n\nFor Existential Elimination rule(Ee): open a subproof with a fresh witness constant/variable. \nCreate new variable like this: '<line_number>. {<new_variable> φ[<old_variable>/<new_variable>] hip\n  Write only the final proof in <proof>...</proof> tags. Only use <proof>...</proof> tags ONCE. Only use these symbols inside the proof '&' , '->', '~', '|', '@', '(', ')', '{', '}', 'Ax', 'Ex'.\nDo not include explanations, commentary, or extra text inside and outside the <proof>...</proof> tags.\n ""}, {'role': 'user', 'content': ""Prove '|- (P->Ex Q(x))->Ex (P->Q(x))', using the natural deduction method. Final answer using the notation described. ""}, {'role': 'assistant', 'content': ' <proof>\n                        1. { \t(P -> Ex Q(x))\t\t\t\t\thip\n                        2.\t{\t~(~P | Ex Q(x))\t\t\t\t\thip\n                        3.\t\t{\tP\t\t\t\t\t\t\t\t      hip\n                        4.      Ex Q(x)               ->e 3, 1\n                        5.\t\t\t~P | Ex Q(x)\t\t\t\t\t|i 4\n                        6.\t\t\t@\t\t\t\t\t\t\t\t~e 5,2 }\t\t\n                        7.\t\t~P\t\t\t\t\t\t\t\t\t~i 3-6\n                        8.\t\t~P | Ex Q(x)\t\t\t\t\t\t|i 7\n                        9.\t\t@\t\t\t\t\t\t\t\t\t~e 8,2 }\n                        10.\t~P | Ex Q(x)        raa 2-9\n                        11.\t{\t~P\t\t\t\t\t\t\t\t\thip\n                        12.\t\t{\tP\t\t\t\t\t\t\t\thip\n                        13.\t\t\t@\t\t\t\t\t\t\t\t~e 11,12\n                        14.     Q(a)            @e 13 }\n                        15.\t\tP -> Q(a)\t\t\t\t\t\t\t->i 12-14\n                        16.\t\tEx  (P -> Q(x))\t\t\t\t\tEi 15 }\n                        17.\t{\tEx Q(x)\t\t\t\t\t\t\thip\n                        18.\t\t{ a\t\tQ(a)\t\t\t\t\t\thip\n                        19.\t\t\t{\tP\t\t\t\t\t\t\thip\n                        20.\t\t\t\tQ(a)\t\t\t\t\t\tcopie 18 }\n                        21.\t\t\tP -> Q(a)\t\t\t\t\t\t->i 19-20\n                        22.\t\t\tEx (P -> Q(x))\t\t\t\tEi 21 }\n                        23.\t\tEx (P -> Q(x))\t\t\t\t\tEe 17, 18-22 }\n                        24.\tEx (P -> Q(x))\t\t\t\t\t\t|e 10, 11-16, 17-23}\n                        25. (P -> Ex Q(x)) -> Ex (P -> Q(x))\t->i 1-24\n                    </proof>'}, {'role': 'user', 'content': ""Prove 'Ax ((P(x)->Q(x))&(Q(x)->P(x))) |- Ax ((~P(x)->~Q(x))&(~Q(x)->~P(x)))', using the natural deduction method. Final answer using the notation described.""}, {'role': 'assistant', 'content': ' <proof>\n                            1. Ax((P(x) -> Q(x)) & (Q(x) -> P(x))) pre\n                            2. { a\n                            3.   (P(a) -> Q(a)) & (Q(a) -> P(a)) Ae 1\n                            4.   P(a) -> Q(a) &e 3\n                            5.   Q(a) -> P(a) &e 3\n                            6.   { ~Q(a) hip\n                            7.     { P(a) hip\n                            8.       Q(a) ->e 7,4\n                            9.       @ ~e 6,8 }\n                            10.   ~P(a) ~i 7-9 }\n                            11. ~Q(a) -> ~P(a) ->i 6-10\n                            12. { ~P(a) hip\n                            13.   { Q(a) hip\n                            14.     P(a) ->e 13,5\n                            15.     @ ~e 12,14 }\n                            16.   ~Q(a) ~i 13-15 }\n                            17. ~P(a) -> ~Q(a) ->i 12-16\n                            18. (~P(a) -> ~Q(a)) & (~Q(a) -> ~P(a)) &i 17,11 }\n                            19. Ax((~P(x) -> ~Q(x)) & (~Q(x) -> ~P(x))) Ai 2-18 \n                        </proof>'}, {'role': 'user', 'content': ""Prove'|- Ax B(x)->(Ax ~C(x)->Ax (B(x)&~C(x)))' using the natural deduction method. Only one final answer, surrounded by <proof>...</proof>, using the notation described.""}]","<proof>
1. Ax P(x) pre
2. { Ax ~Q(x) hip
3.   { a
4.     ~Q(a) Ae 2
5.     P(a) Ae 1
6.     (P(a)&~Q(a)) &i 5,4
7.   }
8.   Ax(P(x)&~Q(x)) Ai 3-7
9. } 
10. Ax P(x)->(Ax ~Q(x)->Ax(P&~Q)) ->i 2-9
</proof>","1. Ax P(x) pre
2. { Ax ~Q(x) hip
3.   { a
4.     ~Q(a) Ae 2
5.     P(a) Ae 1
6.     (P(a)&~Q(a)) &i 5,4
7.   }
8.   Ax(P(x)&~Q(x)) Ai 3-7
9. } 
10. Ax P(x)->(Ax ~Q(x)->Ax(P&~Q)) ->i 2-9","Os seguintes erros foram encontrados:

Uma das definições não está completa, verifique se todas regras foram aplicadas corretamente.
Lembre-se que uma regra de inferência sempre inicia com um número seguido de um . (linha de referência), tem uma fórmula e uma justificativa (premissa, hipóteses ou uma das regras de inferência com suas respectivas referências para fórmulas anteriores).
Erro de sintaxe:
7.   }
     ^
",6.345582246780396,stop,1784,1710
"Ex B(x), Ax (B(x)->C(x)) |- Ex C(x)","[{'role': 'system', 'content': ""You are an expert in logic using the Natural Deduction method.\nYou will receive one first order logic problem. Your task is to prove its validity using Natural Deduction and represent the proof in a Fitch-like notation, following these formatting instructions.\n\n### FORMAT OF PROOF LINES\nEach proof line must be structured like: '<line_number>. <formula> <origin>'\n- <line_number>: sequential integer, always ending with a dot ('1.', '2.', '3.', ...)\n- <formula>: the formula derived on that line\n- <origin>: either 'pre' (premise), 'hip' (hypothesis) or '<rule_name> <line_refs>'\n - <rule_name> and <line_refs>: \n - &e (1 line) \n - &i (2 lines) \n - ->e (2 lines) \n - ->i (1 range) \n - ~e (2 lines) \n - ~i (1 range) \n - |e (1 line + 2 ranges) \n - |i (1 line) \n - @e (1 line) \n - raa (1 range) \n - copy (1 line) \n - Ae (1 line)\n - Ai (1 range)\n - Ee (1 line + 1 range)\n - Ei (1 line)\n - <line_refs>: Must be comma-separated line numbers or ranges. Ranges denote subproofs (e.g., `->i 8-12`, `|e 4, 5-9, 10-14`)\n\n### SUBPROOFS / HYPOTHESES\nUse subproofs for hypotheses. Use curly braces '{' and '}' to open and close subproofs. \nPlace `{` immediately after the line number (e.g. '8.{ A|B hip') and `}` at the end of the final line of the subproof (e.g. '10. B @e 4}').\nNested subproofs are allowed. But a formula may only be used at a specific point if it appeared earlier in the same subproof or an outer subproof to the current subproof.\n\n### SYMBOLS & CONVENTIONS\nUse the following symbols for logical operations: \n- & = conjunction (and) \n- | = disjunction (or) \n- ~ = negation (not) \n- -> = implication (implies)\n\nQuantifiers symbols: \n Ax represents ∀x \n Ex represents ∃x\nSo formulas with ∀x and ∃x will be represented by Ax and Ex (A and E followed by the variable x). For example, Ax (H(x)->M(x)) represents ∀x (H(x)→M(x)).\n\n###CONVENTIONS\nAtoms: only uppercase letters not immediately followed by parentesis (e.g. P, Q, R).\nPredicates: uppercase letters immediately followed by parentesis (e.g. H(x), M(y), Q(a,b) ). All predicates must use parentheses.\nVariables: first letter in lowercase, can be followed by letters and numbers (e.g., x, x0, xP0).\n\n### TO CREATE NEW VARIABLE:\nFor Universal Introduction rule(Ai): open a subproof with a fresh variable not occurring in any open hypothesis.\nCreate new variable like this: '<line_number>. { <new_variable> '\n\nFor Existential Elimination rule(Ee): open a subproof with a fresh witness constant/variable. \nCreate new variable like this: '<line_number>. {<new_variable> φ[<old_variable>/<new_variable>] hip\n  Write only the final proof in <proof>...</proof> tags. Only use <proof>...</proof> tags ONCE. Only use these symbols inside the proof '&' , '->', '~', '|', '@', '(', ')', '{', '}', 'Ax', 'Ex'.\nDo not include explanations, commentary, or extra text inside and outside the <proof>...</proof> tags.\n ""}, {'role': 'user', 'content': ""Prove '|- (P->Ex Q(x))->Ex (P->Q(x))', using the natural deduction method. Final answer using the notation described. ""}, {'role': 'assistant', 'content': ' <proof>\n                        1. { \t(P -> Ex Q(x))\t\t\t\t\thip\n                        2.\t{\t~(~P | Ex Q(x))\t\t\t\t\thip\n                        3.\t\t{\tP\t\t\t\t\t\t\t\t      hip\n                        4.      Ex Q(x)               ->e 3, 1\n                        5.\t\t\t~P | Ex Q(x)\t\t\t\t\t|i 4\n                        6.\t\t\t@\t\t\t\t\t\t\t\t~e 5,2 }\t\t\n                        7.\t\t~P\t\t\t\t\t\t\t\t\t~i 3-6\n                        8.\t\t~P | Ex Q(x)\t\t\t\t\t\t|i 7\n                        9.\t\t@\t\t\t\t\t\t\t\t\t~e 8,2 }\n                        10.\t~P | Ex Q(x)        raa 2-9\n                        11.\t{\t~P\t\t\t\t\t\t\t\t\thip\n                        12.\t\t{\tP\t\t\t\t\t\t\t\thip\n                        13.\t\t\t@\t\t\t\t\t\t\t\t~e 11,12\n                        14.     Q(a)            @e 13 }\n                        15.\t\tP -> Q(a)\t\t\t\t\t\t\t->i 12-14\n                        16.\t\tEx  (P -> Q(x))\t\t\t\t\tEi 15 }\n                        17.\t{\tEx Q(x)\t\t\t\t\t\t\thip\n                        18.\t\t{ a\t\tQ(a)\t\t\t\t\t\thip\n                        19.\t\t\t{\tP\t\t\t\t\t\t\thip\n                        20.\t\t\t\tQ(a)\t\t\t\t\t\tcopie 18 }\n                        21.\t\t\tP -> Q(a)\t\t\t\t\t\t->i 19-20\n                        22.\t\t\tEx (P -> Q(x))\t\t\t\tEi 21 }\n                        23.\t\tEx (P -> Q(x))\t\t\t\t\tEe 17, 18-22 }\n                        24.\tEx (P -> Q(x))\t\t\t\t\t\t|e 10, 11-16, 17-23}\n                        25. (P -> Ex Q(x)) -> Ex (P -> Q(x))\t->i 1-24\n                    </proof>'}, {'role': 'user', 'content': ""Prove 'Ax ((P(x)->Q(x))&(Q(x)->P(x))) |- Ax ((~P(x)->~Q(x))&(~Q(x)->~P(x)))', using the natural deduction method. Final answer using the notation described.""}, {'role': 'assistant', 'content': ' <proof>\n                            1. Ax((P(x) -> Q(x)) & (Q(x) -> P(x))) pre\n                            2. { a\n                            3.   (P(a) -> Q(a)) & (Q(a) -> P(a)) Ae 1\n                            4.   P(a) -> Q(a) &e 3\n                            5.   Q(a) -> P(a) &e 3\n                            6.   { ~Q(a) hip\n                            7.     { P(a) hip\n                            8.       Q(a) ->e 7,4\n                            9.       @ ~e 6,8 }\n                            10.   ~P(a) ~i 7-9 }\n                            11. ~Q(a) -> ~P(a) ->i 6-10\n                            12. { ~P(a) hip\n                            13.   { Q(a) hip\n                            14.     P(a) ->e 13,5\n                            15.     @ ~e 12,14 }\n                            16.   ~Q(a) ~i 13-15 }\n                            17. ~P(a) -> ~Q(a) ->i 12-16\n                            18. (~P(a) -> ~Q(a)) & (~Q(a) -> ~P(a)) &i 17,11 }\n                            19. Ax((~P(x) -> ~Q(x)) & (~Q(x) -> ~P(x))) Ai 2-18 \n                        </proof>'}, {'role': 'user', 'content': ""Prove'Ex B(x), Ax (B(x)->C(x)) |- Ex C(x)' using the natural deduction method. Only one final answer, surrounded by <proof>...</proof>, using the notation described.""}]","<proof>
                        1. Ex P(x) pre
                        2. Ax (P(x)->Q(x)) pre
                        3. { a P(a) hip
                        4.   (P(a)->Q(a)) Ae 2
                        5.   Q(a) ->e 3,4
                        6.   Ex Q(x) Ei 5 }
                        7. Ex Q(x) Ee 1, 3-6
                    </proof>","1. Ex P(x) pre
                        2. Ax (P(x)->Q(x)) pre
                        3. { a P(a) hip
                        4.   (P(a)->Q(a)) Ae 2
                        5.   Q(a) ->e 3,4
                        6.   Ex Q(x) Ei 5 }
                        7. Ex Q(x) Ee 1, 3-6","A demonstração está correta.
Ex P(x), Ax (P(x)->Q(x)) |- Ex Q(x)

Código da demonstração no estilo Fitch em Latex:
\begin{logicproof}{6}
\exists x P(x) & premissa\\
\forall x (P(x)\rightarrow Q(x)) & premissa\\
\begin{subproof}
\llap{$a\quad$}P(a) & hipótese\\
P(a)\rightarrow Q(a) & $\forall e$ 2\\
Q(a) & $\rightarrow e$ 3, 4\\
\exists x Q(x) & $\exists i$ 5
\end{subproof}
\exists x Q(x) & $\exists e$ 1,3-6
\end{logicproof}

Código da demonstração no estilo Gentzen em Latex:
\[\infer[\!\!{\exists\text{e}^{_1} }]{\exists x Q(x)}{{\exists x P(x)} & \infer[\!\!\exists\text{i}]{\exists x Q(x)}{\infer[\!\!{\rightarrow\text{e}}]{Q(a)}{{\big[P(a)\big]^{_{1}}}&{\infer[\!\!\forall\text{e}]{P(a)\rightarrow Q(a)}{{\forall x (P(x)\rightarrow Q(x))}}}}}}\]
",1.7106196880340576,stop,1780,455
|- Ax (B(x)->C(x))->(Ax B(x)->Ax C(x)),"[{'role': 'system', 'content': ""You are an expert in logic using the Natural Deduction method.\nYou will receive one first order logic problem. Your task is to prove its validity using Natural Deduction and represent the proof in a Fitch-like notation, following these formatting instructions.\n\n### FORMAT OF PROOF LINES\nEach proof line must be structured like: '<line_number>. <formula> <origin>'\n- <line_number>: sequential integer, always ending with a dot ('1.', '2.', '3.', ...)\n- <formula>: the formula derived on that line\n- <origin>: either 'pre' (premise), 'hip' (hypothesis) or '<rule_name> <line_refs>'\n - <rule_name> and <line_refs>: \n - &e (1 line) \n - &i (2 lines) \n - ->e (2 lines) \n - ->i (1 range) \n - ~e (2 lines) \n - ~i (1 range) \n - |e (1 line + 2 ranges) \n - |i (1 line) \n - @e (1 line) \n - raa (1 range) \n - copy (1 line) \n - Ae (1 line)\n - Ai (1 range)\n - Ee (1 line + 1 range)\n - Ei (1 line)\n - <line_refs>: Must be comma-separated line numbers or ranges. Ranges denote subproofs (e.g., `->i 8-12`, `|e 4, 5-9, 10-14`)\n\n### SUBPROOFS / HYPOTHESES\nUse subproofs for hypotheses. Use curly braces '{' and '}' to open and close subproofs. \nPlace `{` immediately after the line number (e.g. '8.{ A|B hip') and `}` at the end of the final line of the subproof (e.g. '10. B @e 4}').\nNested subproofs are allowed. But a formula may only be used at a specific point if it appeared earlier in the same subproof or an outer subproof to the current subproof.\n\n### SYMBOLS & CONVENTIONS\nUse the following symbols for logical operations: \n- & = conjunction (and) \n- | = disjunction (or) \n- ~ = negation (not) \n- -> = implication (implies)\n\nQuantifiers symbols: \n Ax represents ∀x \n Ex represents ∃x\nSo formulas with ∀x and ∃x will be represented by Ax and Ex (A and E followed by the variable x). For example, Ax (H(x)->M(x)) represents ∀x (H(x)→M(x)).\n\n###CONVENTIONS\nAtoms: only uppercase letters not immediately followed by parentesis (e.g. P, Q, R).\nPredicates: uppercase letters immediately followed by parentesis (e.g. H(x), M(y), Q(a,b) ). All predicates must use parentheses.\nVariables: first letter in lowercase, can be followed by letters and numbers (e.g., x, x0, xP0).\n\n### TO CREATE NEW VARIABLE:\nFor Universal Introduction rule(Ai): open a subproof with a fresh variable not occurring in any open hypothesis.\nCreate new variable like this: '<line_number>. { <new_variable> '\n\nFor Existential Elimination rule(Ee): open a subproof with a fresh witness constant/variable. \nCreate new variable like this: '<line_number>. {<new_variable> φ[<old_variable>/<new_variable>] hip\n  Write only the final proof in <proof>...</proof> tags. Only use <proof>...</proof> tags ONCE. Only use these symbols inside the proof '&' , '->', '~', '|', '@', '(', ')', '{', '}', 'Ax', 'Ex'.\nDo not include explanations, commentary, or extra text inside and outside the <proof>...</proof> tags.\n ""}, {'role': 'user', 'content': ""Prove '|- (P->Ex Q(x))->Ex (P->Q(x))', using the natural deduction method. Final answer using the notation described. ""}, {'role': 'assistant', 'content': ' <proof>\n                        1. { \t(P -> Ex Q(x))\t\t\t\t\thip\n                        2.\t{\t~(~P | Ex Q(x))\t\t\t\t\thip\n                        3.\t\t{\tP\t\t\t\t\t\t\t\t      hip\n                        4.      Ex Q(x)               ->e 3, 1\n                        5.\t\t\t~P | Ex Q(x)\t\t\t\t\t|i 4\n                        6.\t\t\t@\t\t\t\t\t\t\t\t~e 5,2 }\t\t\n                        7.\t\t~P\t\t\t\t\t\t\t\t\t~i 3-6\n                        8.\t\t~P | Ex Q(x)\t\t\t\t\t\t|i 7\n                        9.\t\t@\t\t\t\t\t\t\t\t\t~e 8,2 }\n                        10.\t~P | Ex Q(x)        raa 2-9\n                        11.\t{\t~P\t\t\t\t\t\t\t\t\thip\n                        12.\t\t{\tP\t\t\t\t\t\t\t\thip\n                        13.\t\t\t@\t\t\t\t\t\t\t\t~e 11,12\n                        14.     Q(a)            @e 13 }\n                        15.\t\tP -> Q(a)\t\t\t\t\t\t\t->i 12-14\n                        16.\t\tEx  (P -> Q(x))\t\t\t\t\tEi 15 }\n                        17.\t{\tEx Q(x)\t\t\t\t\t\t\thip\n                        18.\t\t{ a\t\tQ(a)\t\t\t\t\t\thip\n                        19.\t\t\t{\tP\t\t\t\t\t\t\thip\n                        20.\t\t\t\tQ(a)\t\t\t\t\t\tcopie 18 }\n                        21.\t\t\tP -> Q(a)\t\t\t\t\t\t->i 19-20\n                        22.\t\t\tEx (P -> Q(x))\t\t\t\tEi 21 }\n                        23.\t\tEx (P -> Q(x))\t\t\t\t\tEe 17, 18-22 }\n                        24.\tEx (P -> Q(x))\t\t\t\t\t\t|e 10, 11-16, 17-23}\n                        25. (P -> Ex Q(x)) -> Ex (P -> Q(x))\t->i 1-24\n                    </proof>'}, {'role': 'user', 'content': ""Prove 'Ax ((P(x)->Q(x))&(Q(x)->P(x))) |- Ax ((~P(x)->~Q(x))&(~Q(x)->~P(x)))', using the natural deduction method. Final answer using the notation described.""}, {'role': 'assistant', 'content': ' <proof>\n                            1. Ax((P(x) -> Q(x)) & (Q(x) -> P(x))) pre\n                            2. { a\n                            3.   (P(a) -> Q(a)) & (Q(a) -> P(a)) Ae 1\n                            4.   P(a) -> Q(a) &e 3\n                            5.   Q(a) -> P(a) &e 3\n                            6.   { ~Q(a) hip\n                            7.     { P(a) hip\n                            8.       Q(a) ->e 7,4\n                            9.       @ ~e 6,8 }\n                            10.   ~P(a) ~i 7-9 }\n                            11. ~Q(a) -> ~P(a) ->i 6-10\n                            12. { ~P(a) hip\n                            13.   { Q(a) hip\n                            14.     P(a) ->e 13,5\n                            15.     @ ~e 12,14 }\n                            16.   ~Q(a) ~i 13-15 }\n                            17. ~P(a) -> ~Q(a) ->i 12-16\n                            18. (~P(a) -> ~Q(a)) & (~Q(a) -> ~P(a)) &i 17,11 }\n                            19. Ax((~P(x) -> ~Q(x)) & (~Q(x) -> ~P(x))) Ai 2-18 \n                        </proof>'}, {'role': 'user', 'content': ""Prove'|- Ax (B(x)->C(x))->(Ax B(x)->Ax C(x))' using the natural deduction method. Only one final answer, surrounded by <proof>...</proof>, using the notation described.""}]","<proof>
                        1. { Ax(P(x) -> Q(x)) hip
                        2.   { Ax P(x) hip
                        3.     { a Ai
                        4.       P(a) -> Q(a) Ae 1
                        5.       P(a) Ae 2
                        6.       Q(a) ->e 5,4
                        7.     } Ai 3-6
                        8.     Ax Q(x) Ai 3-7
                        9.   } ->i 2-8
                       10. (Ax P(x) -> Ax Q(x)) ->i 1-9
                    </proof>","1. { Ax(P(x) -> Q(x)) hip
                        2.   { Ax P(x) hip
                        3.     { a Ai
                        4.       P(a) -> Q(a) Ae 1
                        5.       P(a) Ae 2
                        6.       Q(a) ->e 5,4
                        7.     } Ai 3-6
                        8.     Ax Q(x) Ai 3-7
                        9.   } ->i 2-8
                       10. (Ax P(x) -> Ax Q(x)) ->i 1-9","Os seguintes erros foram encontrados:

Uma das definições não está completa, verifique se todas regras foram aplicadas corretamente.
Lembre-se que uma regra de inferência sempre inicia com um número seguido de um . (linha de referência), tem uma fórmula e uma justificativa (premissa, hipóteses ou uma das regras de inferência com suas respectivas referências para fórmulas anteriores).
Erro de sintaxe:
                        3.     { a Ai
                                   ^
",1.6476945877075195,stop,1782,438
|- ~Ax ~B(x)->Ex B(x),"[{'role': 'system', 'content': ""You are an expert in logic using the Natural Deduction method.\nYou will receive one first order logic problem. Your task is to prove its validity using Natural Deduction and represent the proof in a Fitch-like notation, following these formatting instructions.\n\n### FORMAT OF PROOF LINES\nEach proof line must be structured like: '<line_number>. <formula> <origin>'\n- <line_number>: sequential integer, always ending with a dot ('1.', '2.', '3.', ...)\n- <formula>: the formula derived on that line\n- <origin>: either 'pre' (premise), 'hip' (hypothesis) or '<rule_name> <line_refs>'\n - <rule_name> and <line_refs>: \n - &e (1 line) \n - &i (2 lines) \n - ->e (2 lines) \n - ->i (1 range) \n - ~e (2 lines) \n - ~i (1 range) \n - |e (1 line + 2 ranges) \n - |i (1 line) \n - @e (1 line) \n - raa (1 range) \n - copy (1 line) \n - Ae (1 line)\n - Ai (1 range)\n - Ee (1 line + 1 range)\n - Ei (1 line)\n - <line_refs>: Must be comma-separated line numbers or ranges. Ranges denote subproofs (e.g., `->i 8-12`, `|e 4, 5-9, 10-14`)\n\n### SUBPROOFS / HYPOTHESES\nUse subproofs for hypotheses. Use curly braces '{' and '}' to open and close subproofs. \nPlace `{` immediately after the line number (e.g. '8.{ A|B hip') and `}` at the end of the final line of the subproof (e.g. '10. B @e 4}').\nNested subproofs are allowed. But a formula may only be used at a specific point if it appeared earlier in the same subproof or an outer subproof to the current subproof.\n\n### SYMBOLS & CONVENTIONS\nUse the following symbols for logical operations: \n- & = conjunction (and) \n- | = disjunction (or) \n- ~ = negation (not) \n- -> = implication (implies)\n\nQuantifiers symbols: \n Ax represents ∀x \n Ex represents ∃x\nSo formulas with ∀x and ∃x will be represented by Ax and Ex (A and E followed by the variable x). For example, Ax (H(x)->M(x)) represents ∀x (H(x)→M(x)).\n\n###CONVENTIONS\nAtoms: only uppercase letters not immediately followed by parentesis (e.g. P, Q, R).\nPredicates: uppercase letters immediately followed by parentesis (e.g. H(x), M(y), Q(a,b) ). All predicates must use parentheses.\nVariables: first letter in lowercase, can be followed by letters and numbers (e.g., x, x0, xP0).\n\n### TO CREATE NEW VARIABLE:\nFor Universal Introduction rule(Ai): open a subproof with a fresh variable not occurring in any open hypothesis.\nCreate new variable like this: '<line_number>. { <new_variable> '\n\nFor Existential Elimination rule(Ee): open a subproof with a fresh witness constant/variable. \nCreate new variable like this: '<line_number>. {<new_variable> φ[<old_variable>/<new_variable>] hip\n  Write only the final proof in <proof>...</proof> tags. Only use <proof>...</proof> tags ONCE. Only use these symbols inside the proof '&' , '->', '~', '|', '@', '(', ')', '{', '}', 'Ax', 'Ex'.\nDo not include explanations, commentary, or extra text inside and outside the <proof>...</proof> tags.\n ""}, {'role': 'user', 'content': ""Prove '|- (P->Ex Q(x))->Ex (P->Q(x))', using the natural deduction method. Final answer using the notation described. ""}, {'role': 'assistant', 'content': ' <proof>\n                        1. { \t(P -> Ex Q(x))\t\t\t\t\thip\n                        2.\t{\t~(~P | Ex Q(x))\t\t\t\t\thip\n                        3.\t\t{\tP\t\t\t\t\t\t\t\t      hip\n                        4.      Ex Q(x)               ->e 3, 1\n                        5.\t\t\t~P | Ex Q(x)\t\t\t\t\t|i 4\n                        6.\t\t\t@\t\t\t\t\t\t\t\t~e 5,2 }\t\t\n                        7.\t\t~P\t\t\t\t\t\t\t\t\t~i 3-6\n                        8.\t\t~P | Ex Q(x)\t\t\t\t\t\t|i 7\n                        9.\t\t@\t\t\t\t\t\t\t\t\t~e 8,2 }\n                        10.\t~P | Ex Q(x)        raa 2-9\n                        11.\t{\t~P\t\t\t\t\t\t\t\t\thip\n                        12.\t\t{\tP\t\t\t\t\t\t\t\thip\n                        13.\t\t\t@\t\t\t\t\t\t\t\t~e 11,12\n                        14.     Q(a)            @e 13 }\n                        15.\t\tP -> Q(a)\t\t\t\t\t\t\t->i 12-14\n                        16.\t\tEx  (P -> Q(x))\t\t\t\t\tEi 15 }\n                        17.\t{\tEx Q(x)\t\t\t\t\t\t\thip\n                        18.\t\t{ a\t\tQ(a)\t\t\t\t\t\thip\n                        19.\t\t\t{\tP\t\t\t\t\t\t\thip\n                        20.\t\t\t\tQ(a)\t\t\t\t\t\tcopie 18 }\n                        21.\t\t\tP -> Q(a)\t\t\t\t\t\t->i 19-20\n                        22.\t\t\tEx (P -> Q(x))\t\t\t\tEi 21 }\n                        23.\t\tEx (P -> Q(x))\t\t\t\t\tEe 17, 18-22 }\n                        24.\tEx (P -> Q(x))\t\t\t\t\t\t|e 10, 11-16, 17-23}\n                        25. (P -> Ex Q(x)) -> Ex (P -> Q(x))\t->i 1-24\n                    </proof>'}, {'role': 'user', 'content': ""Prove 'Ax ((P(x)->Q(x))&(Q(x)->P(x))) |- Ax ((~P(x)->~Q(x))&(~Q(x)->~P(x)))', using the natural deduction method. Final answer using the notation described.""}, {'role': 'assistant', 'content': ' <proof>\n                            1. Ax((P(x) -> Q(x)) & (Q(x) -> P(x))) pre\n                            2. { a\n                            3.   (P(a) -> Q(a)) & (Q(a) -> P(a)) Ae 1\n                            4.   P(a) -> Q(a) &e 3\n                            5.   Q(a) -> P(a) &e 3\n                            6.   { ~Q(a) hip\n                            7.     { P(a) hip\n                            8.       Q(a) ->e 7,4\n                            9.       @ ~e 6,8 }\n                            10.   ~P(a) ~i 7-9 }\n                            11. ~Q(a) -> ~P(a) ->i 6-10\n                            12. { ~P(a) hip\n                            13.   { Q(a) hip\n                            14.     P(a) ->e 13,5\n                            15.     @ ~e 12,14 }\n                            16.   ~Q(a) ~i 13-15 }\n                            17. ~P(a) -> ~Q(a) ->i 12-16\n                            18. (~P(a) -> ~Q(a)) & (~Q(a) -> ~P(a)) &i 17,11 }\n                            19. Ax((~P(x) -> ~Q(x)) & (~Q(x) -> ~P(x))) Ai 2-18 \n                        </proof>'}, {'role': 'user', 'content': ""Prove'|- ~Ax ~B(x)->Ex B(x)' using the natural deduction method. Only one final answer, surrounded by <proof>...</proof>, using the notation described.""}]","<proof>
                        1. { ¬Ax ~P(x)} hip
                        2.   { ¬Ex P(x)} hip
                        3.     { y } 
                        4.       P(y) hip
                        5.       Ex P(x) @i 4
                        6.       @ ~e 2,5
                        7.       ~P(y) ~i 4-6
                        8.     Ax ~P(x) Ai 3-7
                        9.     @ ~e 1,8
                        10.   Ex P(x) raa 2-9
                        11. (¬Ax ~P(x)) -> Ex P(x) ->i 1-10
                    </proof>","1. { ¬Ax ~P(x)} hip
                        2.   { ¬Ex P(x)} hip
                        3.     { y } 
                        4.       P(y) hip
                        5.       Ex P(x) @i 4
                        6.       @ ~e 2,5
                        7.       ~P(y) ~i 4-6
                        8.     Ax ~P(x) Ai 3-7
                        9.     @ ~e 1,8
                        10.   Ex P(x) raa 2-9
                        11. (¬Ax ~P(x)) -> Ex P(x) ->i 1-10","Os seguintes erros foram encontrados:

Uma das definições não está completa, verifique se todas regras foram aplicadas corretamente.
Lembre-se que uma regra de inferência sempre inicia com um número seguido de um . (linha de referência), tem uma fórmula e uma justificativa (premissa, hipóteses ou uma das regras de inferência com suas respectivas referências para fórmulas anteriores).
Erro de sintaxe:
1. { ¬Ax ~P(x)} hip
     ^ Símbolo não pertence a linguagem.
",4.7796311378479,stop,1774,1230
|- Ex (B(x)->C)->(Ax B(x)->C),"[{'role': 'system', 'content': ""You are an expert in logic using the Natural Deduction method.\nYou will receive one first order logic problem. Your task is to prove its validity using Natural Deduction and represent the proof in a Fitch-like notation, following these formatting instructions.\n\n### FORMAT OF PROOF LINES\nEach proof line must be structured like: '<line_number>. <formula> <origin>'\n- <line_number>: sequential integer, always ending with a dot ('1.', '2.', '3.', ...)\n- <formula>: the formula derived on that line\n- <origin>: either 'pre' (premise), 'hip' (hypothesis) or '<rule_name> <line_refs>'\n - <rule_name> and <line_refs>: \n - &e (1 line) \n - &i (2 lines) \n - ->e (2 lines) \n - ->i (1 range) \n - ~e (2 lines) \n - ~i (1 range) \n - |e (1 line + 2 ranges) \n - |i (1 line) \n - @e (1 line) \n - raa (1 range) \n - copy (1 line) \n - Ae (1 line)\n - Ai (1 range)\n - Ee (1 line + 1 range)\n - Ei (1 line)\n - <line_refs>: Must be comma-separated line numbers or ranges. Ranges denote subproofs (e.g., `->i 8-12`, `|e 4, 5-9, 10-14`)\n\n### SUBPROOFS / HYPOTHESES\nUse subproofs for hypotheses. Use curly braces '{' and '}' to open and close subproofs. \nPlace `{` immediately after the line number (e.g. '8.{ A|B hip') and `}` at the end of the final line of the subproof (e.g. '10. B @e 4}').\nNested subproofs are allowed. But a formula may only be used at a specific point if it appeared earlier in the same subproof or an outer subproof to the current subproof.\n\n### SYMBOLS & CONVENTIONS\nUse the following symbols for logical operations: \n- & = conjunction (and) \n- | = disjunction (or) \n- ~ = negation (not) \n- -> = implication (implies)\n\nQuantifiers symbols: \n Ax represents ∀x \n Ex represents ∃x\nSo formulas with ∀x and ∃x will be represented by Ax and Ex (A and E followed by the variable x). For example, Ax (H(x)->M(x)) represents ∀x (H(x)→M(x)).\n\n###CONVENTIONS\nAtoms: only uppercase letters not immediately followed by parentesis (e.g. P, Q, R).\nPredicates: uppercase letters immediately followed by parentesis (e.g. H(x), M(y), Q(a,b) ). All predicates must use parentheses.\nVariables: first letter in lowercase, can be followed by letters and numbers (e.g., x, x0, xP0).\n\n### TO CREATE NEW VARIABLE:\nFor Universal Introduction rule(Ai): open a subproof with a fresh variable not occurring in any open hypothesis.\nCreate new variable like this: '<line_number>. { <new_variable> '\n\nFor Existential Elimination rule(Ee): open a subproof with a fresh witness constant/variable. \nCreate new variable like this: '<line_number>. {<new_variable> φ[<old_variable>/<new_variable>] hip\n  Write only the final proof in <proof>...</proof> tags. Only use <proof>...</proof> tags ONCE. Only use these symbols inside the proof '&' , '->', '~', '|', '@', '(', ')', '{', '}', 'Ax', 'Ex'.\nDo not include explanations, commentary, or extra text inside and outside the <proof>...</proof> tags.\n ""}, {'role': 'user', 'content': ""Prove '|- (P->Ex Q(x))->Ex (P->Q(x))', using the natural deduction method. Final answer using the notation described. ""}, {'role': 'assistant', 'content': ' <proof>\n                        1. { \t(P -> Ex Q(x))\t\t\t\t\thip\n                        2.\t{\t~(~P | Ex Q(x))\t\t\t\t\thip\n                        3.\t\t{\tP\t\t\t\t\t\t\t\t      hip\n                        4.      Ex Q(x)               ->e 3, 1\n                        5.\t\t\t~P | Ex Q(x)\t\t\t\t\t|i 4\n                        6.\t\t\t@\t\t\t\t\t\t\t\t~e 5,2 }\t\t\n                        7.\t\t~P\t\t\t\t\t\t\t\t\t~i 3-6\n                        8.\t\t~P | Ex Q(x)\t\t\t\t\t\t|i 7\n                        9.\t\t@\t\t\t\t\t\t\t\t\t~e 8,2 }\n                        10.\t~P | Ex Q(x)        raa 2-9\n                        11.\t{\t~P\t\t\t\t\t\t\t\t\thip\n                        12.\t\t{\tP\t\t\t\t\t\t\t\thip\n                        13.\t\t\t@\t\t\t\t\t\t\t\t~e 11,12\n                        14.     Q(a)            @e 13 }\n                        15.\t\tP -> Q(a)\t\t\t\t\t\t\t->i 12-14\n                        16.\t\tEx  (P -> Q(x))\t\t\t\t\tEi 15 }\n                        17.\t{\tEx Q(x)\t\t\t\t\t\t\thip\n                        18.\t\t{ a\t\tQ(a)\t\t\t\t\t\thip\n                        19.\t\t\t{\tP\t\t\t\t\t\t\thip\n                        20.\t\t\t\tQ(a)\t\t\t\t\t\tcopie 18 }\n                        21.\t\t\tP -> Q(a)\t\t\t\t\t\t->i 19-20\n                        22.\t\t\tEx (P -> Q(x))\t\t\t\tEi 21 }\n                        23.\t\tEx (P -> Q(x))\t\t\t\t\tEe 17, 18-22 }\n                        24.\tEx (P -> Q(x))\t\t\t\t\t\t|e 10, 11-16, 17-23}\n                        25. (P -> Ex Q(x)) -> Ex (P -> Q(x))\t->i 1-24\n                    </proof>'}, {'role': 'user', 'content': ""Prove 'Ax ((P(x)->Q(x))&(Q(x)->P(x))) |- Ax ((~P(x)->~Q(x))&(~Q(x)->~P(x)))', using the natural deduction method. Final answer using the notation described.""}, {'role': 'assistant', 'content': ' <proof>\n                            1. Ax((P(x) -> Q(x)) & (Q(x) -> P(x))) pre\n                            2. { a\n                            3.   (P(a) -> Q(a)) & (Q(a) -> P(a)) Ae 1\n                            4.   P(a) -> Q(a) &e 3\n                            5.   Q(a) -> P(a) &e 3\n                            6.   { ~Q(a) hip\n                            7.     { P(a) hip\n                            8.       Q(a) ->e 7,4\n                            9.       @ ~e 6,8 }\n                            10.   ~P(a) ~i 7-9 }\n                            11. ~Q(a) -> ~P(a) ->i 6-10\n                            12. { ~P(a) hip\n                            13.   { Q(a) hip\n                            14.     P(a) ->e 13,5\n                            15.     @ ~e 12,14 }\n                            16.   ~Q(a) ~i 13-15 }\n                            17. ~P(a) -> ~Q(a) ->i 12-16\n                            18. (~P(a) -> ~Q(a)) & (~Q(a) -> ~P(a)) &i 17,11 }\n                            19. Ax((~P(x) -> ~Q(x)) & (~Q(x) -> ~P(x))) Ai 2-18 \n                        </proof>'}, {'role': 'user', 'content': ""Prove'|- Ex (B(x)->C)->(Ax B(x)->C)' using the natural deduction method. Only one final answer, surrounded by <proof>...</proof>, using the notation described.""}]","<proof>
                        1. { ∃x(P(x)->Q)} hip
                        2.   { ∀x P(x)} hip
                        3.     { P(a)->Q} Ee 1
                        4.       P(a) Ae 2
                        5.       Q ->e 3,4
                        6.     Q Ee 1,3-5
                        7.   (∀x P(x)) -> Q ->i 2-6
                        8. ∃x(P(x)->Q) -> ((∀x P(x))->Q) ->i 1-7
                    </proof>","1. { ∃x(P(x)->Q)} hip
                        2.   { ∀x P(x)} hip
                        3.     { P(a)->Q} Ee 1
                        4.       P(a) Ae 2
                        5.       Q ->e 3,4
                        6.     Q Ee 1,3-5
                        7.   (∀x P(x)) -> Q ->i 2-6
                        8. ∃x(P(x)->Q) -> ((∀x P(x))->Q) ->i 1-7","Os seguintes erros foram encontrados:

Uma das definições não está completa, verifique se todas regras foram aplicadas corretamente.
Lembre-se que uma regra de inferência sempre inicia com um número seguido de um . (linha de referência), tem uma fórmula e uma justificativa (premissa, hipóteses ou uma das regras de inferência com suas respectivas referências para fórmulas anteriores).
Erro de sintaxe:
1. { ∃x(P(x)->Q)} hip
     ^ Símbolo não pertence a linguagem.
",3.568002700805664,stop,1778,944
"Ax ~(B(x)&~C(x)), Ax ~C(x) |- Ax ~B(x)","[{'role': 'system', 'content': ""You are an expert in logic using the Natural Deduction method.\nYou will receive one first order logic problem. Your task is to prove its validity using Natural Deduction and represent the proof in a Fitch-like notation, following these formatting instructions.\n\n### FORMAT OF PROOF LINES\nEach proof line must be structured like: '<line_number>. <formula> <origin>'\n- <line_number>: sequential integer, always ending with a dot ('1.', '2.', '3.', ...)\n- <formula>: the formula derived on that line\n- <origin>: either 'pre' (premise), 'hip' (hypothesis) or '<rule_name> <line_refs>'\n - <rule_name> and <line_refs>: \n - &e (1 line) \n - &i (2 lines) \n - ->e (2 lines) \n - ->i (1 range) \n - ~e (2 lines) \n - ~i (1 range) \n - |e (1 line + 2 ranges) \n - |i (1 line) \n - @e (1 line) \n - raa (1 range) \n - copy (1 line) \n - Ae (1 line)\n - Ai (1 range)\n - Ee (1 line + 1 range)\n - Ei (1 line)\n - <line_refs>: Must be comma-separated line numbers or ranges. Ranges denote subproofs (e.g., `->i 8-12`, `|e 4, 5-9, 10-14`)\n\n### SUBPROOFS / HYPOTHESES\nUse subproofs for hypotheses. Use curly braces '{' and '}' to open and close subproofs. \nPlace `{` immediately after the line number (e.g. '8.{ A|B hip') and `}` at the end of the final line of the subproof (e.g. '10. B @e 4}').\nNested subproofs are allowed. But a formula may only be used at a specific point if it appeared earlier in the same subproof or an outer subproof to the current subproof.\n\n### SYMBOLS & CONVENTIONS\nUse the following symbols for logical operations: \n- & = conjunction (and) \n- | = disjunction (or) \n- ~ = negation (not) \n- -> = implication (implies)\n\nQuantifiers symbols: \n Ax represents ∀x \n Ex represents ∃x\nSo formulas with ∀x and ∃x will be represented by Ax and Ex (A and E followed by the variable x). For example, Ax (H(x)->M(x)) represents ∀x (H(x)→M(x)).\n\n###CONVENTIONS\nAtoms: only uppercase letters not immediately followed by parentesis (e.g. P, Q, R).\nPredicates: uppercase letters immediately followed by parentesis (e.g. H(x), M(y), Q(a,b) ). All predicates must use parentheses.\nVariables: first letter in lowercase, can be followed by letters and numbers (e.g., x, x0, xP0).\n\n### TO CREATE NEW VARIABLE:\nFor Universal Introduction rule(Ai): open a subproof with a fresh variable not occurring in any open hypothesis.\nCreate new variable like this: '<line_number>. { <new_variable> '\n\nFor Existential Elimination rule(Ee): open a subproof with a fresh witness constant/variable. \nCreate new variable like this: '<line_number>. {<new_variable> φ[<old_variable>/<new_variable>] hip\n  Write only the final proof in <proof>...</proof> tags. Only use <proof>...</proof> tags ONCE. Only use these symbols inside the proof '&' , '->', '~', '|', '@', '(', ')', '{', '}', 'Ax', 'Ex'.\nDo not include explanations, commentary, or extra text inside and outside the <proof>...</proof> tags.\n ""}, {'role': 'user', 'content': ""Prove '|- (P->Ex Q(x))->Ex (P->Q(x))', using the natural deduction method. Final answer using the notation described. ""}, {'role': 'assistant', 'content': ' <proof>\n                        1. { \t(P -> Ex Q(x))\t\t\t\t\thip\n                        2.\t{\t~(~P | Ex Q(x))\t\t\t\t\thip\n                        3.\t\t{\tP\t\t\t\t\t\t\t\t      hip\n                        4.      Ex Q(x)               ->e 3, 1\n                        5.\t\t\t~P | Ex Q(x)\t\t\t\t\t|i 4\n                        6.\t\t\t@\t\t\t\t\t\t\t\t~e 5,2 }\t\t\n                        7.\t\t~P\t\t\t\t\t\t\t\t\t~i 3-6\n                        8.\t\t~P | Ex Q(x)\t\t\t\t\t\t|i 7\n                        9.\t\t@\t\t\t\t\t\t\t\t\t~e 8,2 }\n                        10.\t~P | Ex Q(x)        raa 2-9\n                        11.\t{\t~P\t\t\t\t\t\t\t\t\thip\n                        12.\t\t{\tP\t\t\t\t\t\t\t\thip\n                        13.\t\t\t@\t\t\t\t\t\t\t\t~e 11,12\n                        14.     Q(a)            @e 13 }\n                        15.\t\tP -> Q(a)\t\t\t\t\t\t\t->i 12-14\n                        16.\t\tEx  (P -> Q(x))\t\t\t\t\tEi 15 }\n                        17.\t{\tEx Q(x)\t\t\t\t\t\t\thip\n                        18.\t\t{ a\t\tQ(a)\t\t\t\t\t\thip\n                        19.\t\t\t{\tP\t\t\t\t\t\t\thip\n                        20.\t\t\t\tQ(a)\t\t\t\t\t\tcopie 18 }\n                        21.\t\t\tP -> Q(a)\t\t\t\t\t\t->i 19-20\n                        22.\t\t\tEx (P -> Q(x))\t\t\t\tEi 21 }\n                        23.\t\tEx (P -> Q(x))\t\t\t\t\tEe 17, 18-22 }\n                        24.\tEx (P -> Q(x))\t\t\t\t\t\t|e 10, 11-16, 17-23}\n                        25. (P -> Ex Q(x)) -> Ex (P -> Q(x))\t->i 1-24\n                    </proof>'}, {'role': 'user', 'content': ""Prove 'Ax ((P(x)->Q(x))&(Q(x)->P(x))) |- Ax ((~P(x)->~Q(x))&(~Q(x)->~P(x)))', using the natural deduction method. Final answer using the notation described.""}, {'role': 'assistant', 'content': ' <proof>\n                            1. Ax((P(x) -> Q(x)) & (Q(x) -> P(x))) pre\n                            2. { a\n                            3.   (P(a) -> Q(a)) & (Q(a) -> P(a)) Ae 1\n                            4.   P(a) -> Q(a) &e 3\n                            5.   Q(a) -> P(a) &e 3\n                            6.   { ~Q(a) hip\n                            7.     { P(a) hip\n                            8.       Q(a) ->e 7,4\n                            9.       @ ~e 6,8 }\n                            10.   ~P(a) ~i 7-9 }\n                            11. ~Q(a) -> ~P(a) ->i 6-10\n                            12. { ~P(a) hip\n                            13.   { Q(a) hip\n                            14.     P(a) ->e 13,5\n                            15.     @ ~e 12,14 }\n                            16.   ~Q(a) ~i 13-15 }\n                            17. ~P(a) -> ~Q(a) ->i 12-16\n                            18. (~P(a) -> ~Q(a)) & (~Q(a) -> ~P(a)) &i 17,11 }\n                            19. Ax((~P(x) -> ~Q(x)) & (~Q(x) -> ~P(x))) Ai 2-18 \n                        </proof>'}, {'role': 'user', 'content': ""Prove'Ax ~(B(x)&~C(x)), Ax ~C(x) |- Ax ~B(x)' using the natural deduction method. Only one final answer, surrounded by <proof>...</proof>, using the notation described.""}]","<proof>
                        1. Ax~(P(x)&~Q(x)) pre
                        2. Ax~Q(x) pre
                        3. { a
                        4.   ~(P(a)&~Q(a)) Ae 1
                        5.   ~Q(a) Ae 2
                        6.   { P(a) hip
                        7.     ~Q(a) &i 6,5
                        8.     @ ~e 7,4 }
                        9.   ~P(a) ~i 6-8
                        10.  ~P(a) Ai 3-9
                        11. Ax~P(x) Ai 3-10 
                    </proof>","1. Ax~(P(x)&~Q(x)) pre
                        2. Ax~Q(x) pre
                        3. { a
                        4.   ~(P(a)&~Q(a)) Ae 1
                        5.   ~Q(a) Ae 2
                        6.   { P(a) hip
                        7.     ~Q(a) &i 6,5
                        8.     @ ~e 7,4 }
                        9.   ~P(a) ~i 6-8
                        10.  ~P(a) Ai 3-9
                        11. Ax~P(x) Ai 3-10","Os seguintes erros foram encontrados:

Erro de sintaxe na linha 4:
                        4.   ~(P(a)&~Q(a)) Ae 1
                        ^, A hipótese que foi introduzida por essa caixa dever ser descartada pela regra que a introduziu em linha imediatamente posterior ao fechamento desta caixa.Erro de sintaxe na linha 7:
                        7.     ~Q(a) &i 6,5
                                        ^, A fórmula referenciada na linha 6 não é conjunção.Erro de sintaxe na linha 8:
                        8.     @ ~e 7,4 }
                                    ^, Nenhuma das fórmulas referencias pelas linhas é a negação da outra fórmula.Erro de sintaxe na linha 10:
                        10.  ~P(a) Ai 3-9
                                      ^, esta não é uma caixa (escopo) válida.Erro de sintaxe na linha 11:
                        11. Ax~P(x) Ai 3-10
                                       ^, esta não é uma caixa (escopo) válida.",1.905583381652832,stop,1783,493
"Ax (B(x)->C(x)), Ax ~C(x) |- Ax ~B(x)","[{'role': 'system', 'content': ""You are an expert in logic using the Natural Deduction method.\nYou will receive one first order logic problem. Your task is to prove its validity using Natural Deduction and represent the proof in a Fitch-like notation, following these formatting instructions.\n\n### FORMAT OF PROOF LINES\nEach proof line must be structured like: '<line_number>. <formula> <origin>'\n- <line_number>: sequential integer, always ending with a dot ('1.', '2.', '3.', ...)\n- <formula>: the formula derived on that line\n- <origin>: either 'pre' (premise), 'hip' (hypothesis) or '<rule_name> <line_refs>'\n - <rule_name> and <line_refs>: \n - &e (1 line) \n - &i (2 lines) \n - ->e (2 lines) \n - ->i (1 range) \n - ~e (2 lines) \n - ~i (1 range) \n - |e (1 line + 2 ranges) \n - |i (1 line) \n - @e (1 line) \n - raa (1 range) \n - copy (1 line) \n - Ae (1 line)\n - Ai (1 range)\n - Ee (1 line + 1 range)\n - Ei (1 line)\n - <line_refs>: Must be comma-separated line numbers or ranges. Ranges denote subproofs (e.g., `->i 8-12`, `|e 4, 5-9, 10-14`)\n\n### SUBPROOFS / HYPOTHESES\nUse subproofs for hypotheses. Use curly braces '{' and '}' to open and close subproofs. \nPlace `{` immediately after the line number (e.g. '8.{ A|B hip') and `}` at the end of the final line of the subproof (e.g. '10. B @e 4}').\nNested subproofs are allowed. But a formula may only be used at a specific point if it appeared earlier in the same subproof or an outer subproof to the current subproof.\n\n### SYMBOLS & CONVENTIONS\nUse the following symbols for logical operations: \n- & = conjunction (and) \n- | = disjunction (or) \n- ~ = negation (not) \n- -> = implication (implies)\n\nQuantifiers symbols: \n Ax represents ∀x \n Ex represents ∃x\nSo formulas with ∀x and ∃x will be represented by Ax and Ex (A and E followed by the variable x). For example, Ax (H(x)->M(x)) represents ∀x (H(x)→M(x)).\n\n###CONVENTIONS\nAtoms: only uppercase letters not immediately followed by parentesis (e.g. P, Q, R).\nPredicates: uppercase letters immediately followed by parentesis (e.g. H(x), M(y), Q(a,b) ). All predicates must use parentheses.\nVariables: first letter in lowercase, can be followed by letters and numbers (e.g., x, x0, xP0).\n\n### TO CREATE NEW VARIABLE:\nFor Universal Introduction rule(Ai): open a subproof with a fresh variable not occurring in any open hypothesis.\nCreate new variable like this: '<line_number>. { <new_variable> '\n\nFor Existential Elimination rule(Ee): open a subproof with a fresh witness constant/variable. \nCreate new variable like this: '<line_number>. {<new_variable> φ[<old_variable>/<new_variable>] hip\n  Write only the final proof in <proof>...</proof> tags. Only use <proof>...</proof> tags ONCE. Only use these symbols inside the proof '&' , '->', '~', '|', '@', '(', ')', '{', '}', 'Ax', 'Ex'.\nDo not include explanations, commentary, or extra text inside and outside the <proof>...</proof> tags.\n ""}, {'role': 'user', 'content': ""Prove '|- (P->Ex Q(x))->Ex (P->Q(x))', using the natural deduction method. Final answer using the notation described. ""}, {'role': 'assistant', 'content': ' <proof>\n                        1. { \t(P -> Ex Q(x))\t\t\t\t\thip\n                        2.\t{\t~(~P | Ex Q(x))\t\t\t\t\thip\n                        3.\t\t{\tP\t\t\t\t\t\t\t\t      hip\n                        4.      Ex Q(x)               ->e 3, 1\n                        5.\t\t\t~P | Ex Q(x)\t\t\t\t\t|i 4\n                        6.\t\t\t@\t\t\t\t\t\t\t\t~e 5,2 }\t\t\n                        7.\t\t~P\t\t\t\t\t\t\t\t\t~i 3-6\n                        8.\t\t~P | Ex Q(x)\t\t\t\t\t\t|i 7\n                        9.\t\t@\t\t\t\t\t\t\t\t\t~e 8,2 }\n                        10.\t~P | Ex Q(x)        raa 2-9\n                        11.\t{\t~P\t\t\t\t\t\t\t\t\thip\n                        12.\t\t{\tP\t\t\t\t\t\t\t\thip\n                        13.\t\t\t@\t\t\t\t\t\t\t\t~e 11,12\n                        14.     Q(a)            @e 13 }\n                        15.\t\tP -> Q(a)\t\t\t\t\t\t\t->i 12-14\n                        16.\t\tEx  (P -> Q(x))\t\t\t\t\tEi 15 }\n                        17.\t{\tEx Q(x)\t\t\t\t\t\t\thip\n                        18.\t\t{ a\t\tQ(a)\t\t\t\t\t\thip\n                        19.\t\t\t{\tP\t\t\t\t\t\t\thip\n                        20.\t\t\t\tQ(a)\t\t\t\t\t\tcopie 18 }\n                        21.\t\t\tP -> Q(a)\t\t\t\t\t\t->i 19-20\n                        22.\t\t\tEx (P -> Q(x))\t\t\t\tEi 21 }\n                        23.\t\tEx (P -> Q(x))\t\t\t\t\tEe 17, 18-22 }\n                        24.\tEx (P -> Q(x))\t\t\t\t\t\t|e 10, 11-16, 17-23}\n                        25. (P -> Ex Q(x)) -> Ex (P -> Q(x))\t->i 1-24\n                    </proof>'}, {'role': 'user', 'content': ""Prove 'Ax ((P(x)->Q(x))&(Q(x)->P(x))) |- Ax ((~P(x)->~Q(x))&(~Q(x)->~P(x)))', using the natural deduction method. Final answer using the notation described.""}, {'role': 'assistant', 'content': ' <proof>\n                            1. Ax((P(x) -> Q(x)) & (Q(x) -> P(x))) pre\n                            2. { a\n                            3.   (P(a) -> Q(a)) & (Q(a) -> P(a)) Ae 1\n                            4.   P(a) -> Q(a) &e 3\n                            5.   Q(a) -> P(a) &e 3\n                            6.   { ~Q(a) hip\n                            7.     { P(a) hip\n                            8.       Q(a) ->e 7,4\n                            9.       @ ~e 6,8 }\n                            10.   ~P(a) ~i 7-9 }\n                            11. ~Q(a) -> ~P(a) ->i 6-10\n                            12. { ~P(a) hip\n                            13.   { Q(a) hip\n                            14.     P(a) ->e 13,5\n                            15.     @ ~e 12,14 }\n                            16.   ~Q(a) ~i 13-15 }\n                            17. ~P(a) -> ~Q(a) ->i 12-16\n                            18. (~P(a) -> ~Q(a)) & (~Q(a) -> ~P(a)) &i 17,11 }\n                            19. Ax((~P(x) -> ~Q(x)) & (~Q(x) -> ~P(x))) Ai 2-18 \n                        </proof>'}, {'role': 'user', 'content': ""Prove'Ax (B(x)->C(x)), Ax ~C(x) |- Ax ~B(x)' using the natural deduction method. Only one final answer, surrounded by <proof>...</proof>, using the notation described.""}]","<proof>
                     1. Ax(P(x)->R(x)) pre
                     2. Ax~R(x) pre
                     3.{ a
                     4.   P(a)->R(a) Ae 1
                     5.   ~R(a) Ae 2
                     6.   { P(a) hip
                     7.     R(a) ->e 6,4
                     8.     @ ~e 5,7 }
                     9.   ~P(a) ~i 6-8 }
                    10. Ax~P(x) Ai 3-9
                </proof>","1. Ax(P(x)->R(x)) pre
                     2. Ax~R(x) pre
                     3.{ a
                     4.   P(a)->R(a) Ae 1
                     5.   ~R(a) Ae 2
                     6.   { P(a) hip
                     7.     R(a) ->e 6,4
                     8.     @ ~e 5,7 }
                     9.   ~P(a) ~i 6-8 }
                    10. Ax~P(x) Ai 3-9","A demonstração está correta.
Ax (P(x)->R(x)), Ax ~R(x) |- Ax ~P(x)

Código da demonstração no estilo Fitch em Latex:
\begin{logicproof}{6}
\forall x (P(x)\rightarrow R(x)) & premissa\\
\forall x \lnot R(x) & premissa\\
\begin{subproof}
\llap{$a\quad$} &\\
P(a)\rightarrow R(a) & $\forall e$ 1\\
\lnot R(a) & $\forall e$ 2\\
\begin{subproof}
P(a) & hipótese\\
R(a) & $\rightarrow e$ 6, 4\\
\bot & $\lnot e$ 5, 7
\end{subproof}
\lnot P(a) & $\lnot i$ 6-8
\end{subproof}
\forall x \lnot P(x) & $\forall i$ 3-9
\end{logicproof}

Código da demonstração no estilo Gentzen em Latex:
\[\infer[\!\!{\forall\text{i}}]{\forall x \lnot P(x)}{\infer[\!\!{\lnot\text{i}^{_2}}]{\lnot P(a)}{\infer[\!\!{\lnot\text{e}}]{\bot}{{\infer[\!\!\forall\text{e}]{\lnot R(a)}{{\forall x \lnot R(x)}}}&{\infer[\!\!{\rightarrow\text{e}}]{R(a)}{{\big[P(a)\big]^{_{2}}}&{\infer[\!\!\forall\text{e}]{P(a)\rightarrow R(a)}{{\forall x (P(x)\rightarrow R(x))}}}}}}}}\]
",2.101894855499268,stop,1782,559
|- Ax B(x)->~Ex ~B(x),"[{'role': 'system', 'content': ""You are an expert in logic using the Natural Deduction method.\nYou will receive one first order logic problem. Your task is to prove its validity using Natural Deduction and represent the proof in a Fitch-like notation, following these formatting instructions.\n\n### FORMAT OF PROOF LINES\nEach proof line must be structured like: '<line_number>. <formula> <origin>'\n- <line_number>: sequential integer, always ending with a dot ('1.', '2.', '3.', ...)\n- <formula>: the formula derived on that line\n- <origin>: either 'pre' (premise), 'hip' (hypothesis) or '<rule_name> <line_refs>'\n - <rule_name> and <line_refs>: \n - &e (1 line) \n - &i (2 lines) \n - ->e (2 lines) \n - ->i (1 range) \n - ~e (2 lines) \n - ~i (1 range) \n - |e (1 line + 2 ranges) \n - |i (1 line) \n - @e (1 line) \n - raa (1 range) \n - copy (1 line) \n - Ae (1 line)\n - Ai (1 range)\n - Ee (1 line + 1 range)\n - Ei (1 line)\n - <line_refs>: Must be comma-separated line numbers or ranges. Ranges denote subproofs (e.g., `->i 8-12`, `|e 4, 5-9, 10-14`)\n\n### SUBPROOFS / HYPOTHESES\nUse subproofs for hypotheses. Use curly braces '{' and '}' to open and close subproofs. \nPlace `{` immediately after the line number (e.g. '8.{ A|B hip') and `}` at the end of the final line of the subproof (e.g. '10. B @e 4}').\nNested subproofs are allowed. But a formula may only be used at a specific point if it appeared earlier in the same subproof or an outer subproof to the current subproof.\n\n### SYMBOLS & CONVENTIONS\nUse the following symbols for logical operations: \n- & = conjunction (and) \n- | = disjunction (or) \n- ~ = negation (not) \n- -> = implication (implies)\n\nQuantifiers symbols: \n Ax represents ∀x \n Ex represents ∃x\nSo formulas with ∀x and ∃x will be represented by Ax and Ex (A and E followed by the variable x). For example, Ax (H(x)->M(x)) represents ∀x (H(x)→M(x)).\n\n###CONVENTIONS\nAtoms: only uppercase letters not immediately followed by parentesis (e.g. P, Q, R).\nPredicates: uppercase letters immediately followed by parentesis (e.g. H(x), M(y), Q(a,b) ). All predicates must use parentheses.\nVariables: first letter in lowercase, can be followed by letters and numbers (e.g., x, x0, xP0).\n\n### TO CREATE NEW VARIABLE:\nFor Universal Introduction rule(Ai): open a subproof with a fresh variable not occurring in any open hypothesis.\nCreate new variable like this: '<line_number>. { <new_variable> '\n\nFor Existential Elimination rule(Ee): open a subproof with a fresh witness constant/variable. \nCreate new variable like this: '<line_number>. {<new_variable> φ[<old_variable>/<new_variable>] hip\n  Write only the final proof in <proof>...</proof> tags. Only use <proof>...</proof> tags ONCE. Only use these symbols inside the proof '&' , '->', '~', '|', '@', '(', ')', '{', '}', 'Ax', 'Ex'.\nDo not include explanations, commentary, or extra text inside and outside the <proof>...</proof> tags.\n ""}, {'role': 'user', 'content': ""Prove '|- (P->Ex Q(x))->Ex (P->Q(x))', using the natural deduction method. Final answer using the notation described. ""}, {'role': 'assistant', 'content': ' <proof>\n                        1. { \t(P -> Ex Q(x))\t\t\t\t\thip\n                        2.\t{\t~(~P | Ex Q(x))\t\t\t\t\thip\n                        3.\t\t{\tP\t\t\t\t\t\t\t\t      hip\n                        4.      Ex Q(x)               ->e 3, 1\n                        5.\t\t\t~P | Ex Q(x)\t\t\t\t\t|i 4\n                        6.\t\t\t@\t\t\t\t\t\t\t\t~e 5,2 }\t\t\n                        7.\t\t~P\t\t\t\t\t\t\t\t\t~i 3-6\n                        8.\t\t~P | Ex Q(x)\t\t\t\t\t\t|i 7\n                        9.\t\t@\t\t\t\t\t\t\t\t\t~e 8,2 }\n                        10.\t~P | Ex Q(x)        raa 2-9\n                        11.\t{\t~P\t\t\t\t\t\t\t\t\thip\n                        12.\t\t{\tP\t\t\t\t\t\t\t\thip\n                        13.\t\t\t@\t\t\t\t\t\t\t\t~e 11,12\n                        14.     Q(a)            @e 13 }\n                        15.\t\tP -> Q(a)\t\t\t\t\t\t\t->i 12-14\n                        16.\t\tEx  (P -> Q(x))\t\t\t\t\tEi 15 }\n                        17.\t{\tEx Q(x)\t\t\t\t\t\t\thip\n                        18.\t\t{ a\t\tQ(a)\t\t\t\t\t\thip\n                        19.\t\t\t{\tP\t\t\t\t\t\t\thip\n                        20.\t\t\t\tQ(a)\t\t\t\t\t\tcopie 18 }\n                        21.\t\t\tP -> Q(a)\t\t\t\t\t\t->i 19-20\n                        22.\t\t\tEx (P -> Q(x))\t\t\t\tEi 21 }\n                        23.\t\tEx (P -> Q(x))\t\t\t\t\tEe 17, 18-22 }\n                        24.\tEx (P -> Q(x))\t\t\t\t\t\t|e 10, 11-16, 17-23}\n                        25. (P -> Ex Q(x)) -> Ex (P -> Q(x))\t->i 1-24\n                    </proof>'}, {'role': 'user', 'content': ""Prove 'Ax ((P(x)->Q(x))&(Q(x)->P(x))) |- Ax ((~P(x)->~Q(x))&(~Q(x)->~P(x)))', using the natural deduction method. Final answer using the notation described.""}, {'role': 'assistant', 'content': ' <proof>\n                            1. Ax((P(x) -> Q(x)) & (Q(x) -> P(x))) pre\n                            2. { a\n                            3.   (P(a) -> Q(a)) & (Q(a) -> P(a)) Ae 1\n                            4.   P(a) -> Q(a) &e 3\n                            5.   Q(a) -> P(a) &e 3\n                            6.   { ~Q(a) hip\n                            7.     { P(a) hip\n                            8.       Q(a) ->e 7,4\n                            9.       @ ~e 6,8 }\n                            10.   ~P(a) ~i 7-9 }\n                            11. ~Q(a) -> ~P(a) ->i 6-10\n                            12. { ~P(a) hip\n                            13.   { Q(a) hip\n                            14.     P(a) ->e 13,5\n                            15.     @ ~e 12,14 }\n                            16.   ~Q(a) ~i 13-15 }\n                            17. ~P(a) -> ~Q(a) ->i 12-16\n                            18. (~P(a) -> ~Q(a)) & (~Q(a) -> ~P(a)) &i 17,11 }\n                            19. Ax((~P(x) -> ~Q(x)) & (~Q(x) -> ~P(x))) Ai 2-18 \n                        </proof>'}, {'role': 'user', 'content': ""Prove'|- Ax B(x)->~Ex ~B(x)' using the natural deduction method. Only one final answer, surrounded by <proof>...</proof>, using the notation described.""}]","<proof>
1.{ Ax P(x) hip
2.  { Ex ~P(x) hip
3.    { a ~P(a) hip
4.      P(a) Ae 1
5.      @ ~e 3,4
6.    }
7.  @ raa 2-6
8.  ~Ex ~P(x) ~i 2-7
9. Ax P(x) -> ~Ex ~P(x) ->i 1-8
</proof>","1.{ Ax P(x) hip
2.  { Ex ~P(x) hip
3.    { a ~P(a) hip
4.      P(a) Ae 1
5.      @ ~e 3,4
6.    }
7.  @ raa 2-6
8.  ~Ex ~P(x) ~i 2-7
9. Ax P(x) -> ~Ex ~P(x) ->i 1-8","Os seguintes erros foram encontrados:

Uma das definições não está completa, verifique se todas regras foram aplicadas corretamente.
Lembre-se que uma regra de inferência sempre inicia com um número seguido de um . (linha de referência), tem uma fórmula e uma justificativa (premissa, hipóteses ou uma das regras de inferência com suas respectivas referências para fórmulas anteriores).
Erro de sintaxe:
6.    }
      ^
",4.122857570648193,stop,1774,1113
|- ~Ex ~B(x)->Ax B(x),"[{'role': 'system', 'content': ""You are an expert in logic using the Natural Deduction method.\nYou will receive one first order logic problem. Your task is to prove its validity using Natural Deduction and represent the proof in a Fitch-like notation, following these formatting instructions.\n\n### FORMAT OF PROOF LINES\nEach proof line must be structured like: '<line_number>. <formula> <origin>'\n- <line_number>: sequential integer, always ending with a dot ('1.', '2.', '3.', ...)\n- <formula>: the formula derived on that line\n- <origin>: either 'pre' (premise), 'hip' (hypothesis) or '<rule_name> <line_refs>'\n - <rule_name> and <line_refs>: \n - &e (1 line) \n - &i (2 lines) \n - ->e (2 lines) \n - ->i (1 range) \n - ~e (2 lines) \n - ~i (1 range) \n - |e (1 line + 2 ranges) \n - |i (1 line) \n - @e (1 line) \n - raa (1 range) \n - copy (1 line) \n - Ae (1 line)\n - Ai (1 range)\n - Ee (1 line + 1 range)\n - Ei (1 line)\n - <line_refs>: Must be comma-separated line numbers or ranges. Ranges denote subproofs (e.g., `->i 8-12`, `|e 4, 5-9, 10-14`)\n\n### SUBPROOFS / HYPOTHESES\nUse subproofs for hypotheses. Use curly braces '{' and '}' to open and close subproofs. \nPlace `{` immediately after the line number (e.g. '8.{ A|B hip') and `}` at the end of the final line of the subproof (e.g. '10. B @e 4}').\nNested subproofs are allowed. But a formula may only be used at a specific point if it appeared earlier in the same subproof or an outer subproof to the current subproof.\n\n### SYMBOLS & CONVENTIONS\nUse the following symbols for logical operations: \n- & = conjunction (and) \n- | = disjunction (or) \n- ~ = negation (not) \n- -> = implication (implies)\n\nQuantifiers symbols: \n Ax represents ∀x \n Ex represents ∃x\nSo formulas with ∀x and ∃x will be represented by Ax and Ex (A and E followed by the variable x). For example, Ax (H(x)->M(x)) represents ∀x (H(x)→M(x)).\n\n###CONVENTIONS\nAtoms: only uppercase letters not immediately followed by parentesis (e.g. P, Q, R).\nPredicates: uppercase letters immediately followed by parentesis (e.g. H(x), M(y), Q(a,b) ). All predicates must use parentheses.\nVariables: first letter in lowercase, can be followed by letters and numbers (e.g., x, x0, xP0).\n\n### TO CREATE NEW VARIABLE:\nFor Universal Introduction rule(Ai): open a subproof with a fresh variable not occurring in any open hypothesis.\nCreate new variable like this: '<line_number>. { <new_variable> '\n\nFor Existential Elimination rule(Ee): open a subproof with a fresh witness constant/variable. \nCreate new variable like this: '<line_number>. {<new_variable> φ[<old_variable>/<new_variable>] hip\n  Write only the final proof in <proof>...</proof> tags. Only use <proof>...</proof> tags ONCE. Only use these symbols inside the proof '&' , '->', '~', '|', '@', '(', ')', '{', '}', 'Ax', 'Ex'.\nDo not include explanations, commentary, or extra text inside and outside the <proof>...</proof> tags.\n ""}, {'role': 'user', 'content': ""Prove '|- (P->Ex Q(x))->Ex (P->Q(x))', using the natural deduction method. Final answer using the notation described. ""}, {'role': 'assistant', 'content': ' <proof>\n                        1. { \t(P -> Ex Q(x))\t\t\t\t\thip\n                        2.\t{\t~(~P | Ex Q(x))\t\t\t\t\thip\n                        3.\t\t{\tP\t\t\t\t\t\t\t\t      hip\n                        4.      Ex Q(x)               ->e 3, 1\n                        5.\t\t\t~P | Ex Q(x)\t\t\t\t\t|i 4\n                        6.\t\t\t@\t\t\t\t\t\t\t\t~e 5,2 }\t\t\n                        7.\t\t~P\t\t\t\t\t\t\t\t\t~i 3-6\n                        8.\t\t~P | Ex Q(x)\t\t\t\t\t\t|i 7\n                        9.\t\t@\t\t\t\t\t\t\t\t\t~e 8,2 }\n                        10.\t~P | Ex Q(x)        raa 2-9\n                        11.\t{\t~P\t\t\t\t\t\t\t\t\thip\n                        12.\t\t{\tP\t\t\t\t\t\t\t\thip\n                        13.\t\t\t@\t\t\t\t\t\t\t\t~e 11,12\n                        14.     Q(a)            @e 13 }\n                        15.\t\tP -> Q(a)\t\t\t\t\t\t\t->i 12-14\n                        16.\t\tEx  (P -> Q(x))\t\t\t\t\tEi 15 }\n                        17.\t{\tEx Q(x)\t\t\t\t\t\t\thip\n                        18.\t\t{ a\t\tQ(a)\t\t\t\t\t\thip\n                        19.\t\t\t{\tP\t\t\t\t\t\t\thip\n                        20.\t\t\t\tQ(a)\t\t\t\t\t\tcopie 18 }\n                        21.\t\t\tP -> Q(a)\t\t\t\t\t\t->i 19-20\n                        22.\t\t\tEx (P -> Q(x))\t\t\t\tEi 21 }\n                        23.\t\tEx (P -> Q(x))\t\t\t\t\tEe 17, 18-22 }\n                        24.\tEx (P -> Q(x))\t\t\t\t\t\t|e 10, 11-16, 17-23}\n                        25. (P -> Ex Q(x)) -> Ex (P -> Q(x))\t->i 1-24\n                    </proof>'}, {'role': 'user', 'content': ""Prove 'Ax ((P(x)->Q(x))&(Q(x)->P(x))) |- Ax ((~P(x)->~Q(x))&(~Q(x)->~P(x)))', using the natural deduction method. Final answer using the notation described.""}, {'role': 'assistant', 'content': ' <proof>\n                            1. Ax((P(x) -> Q(x)) & (Q(x) -> P(x))) pre\n                            2. { a\n                            3.   (P(a) -> Q(a)) & (Q(a) -> P(a)) Ae 1\n                            4.   P(a) -> Q(a) &e 3\n                            5.   Q(a) -> P(a) &e 3\n                            6.   { ~Q(a) hip\n                            7.     { P(a) hip\n                            8.       Q(a) ->e 7,4\n                            9.       @ ~e 6,8 }\n                            10.   ~P(a) ~i 7-9 }\n                            11. ~Q(a) -> ~P(a) ->i 6-10\n                            12. { ~P(a) hip\n                            13.   { Q(a) hip\n                            14.     P(a) ->e 13,5\n                            15.     @ ~e 12,14 }\n                            16.   ~Q(a) ~i 13-15 }\n                            17. ~P(a) -> ~Q(a) ->i 12-16\n                            18. (~P(a) -> ~Q(a)) & (~Q(a) -> ~P(a)) &i 17,11 }\n                            19. Ax((~P(x) -> ~Q(x)) & (~Q(x) -> ~P(x))) Ai 2-18 \n                        </proof>'}, {'role': 'user', 'content': ""Prove'|- ~Ex ~B(x)->Ax B(x)' using the natural deduction method. Only one final answer, surrounded by <proof>...</proof>, using the notation described.""}]","<proof>
                        1. { ¬Ex ¬P(x)} hip
                        2. { a }
                        3.   { ¬P(a)} hip
                        4.     Ex¬P(x) Ei 3
                        5.     @ ~e 1,4
                        6.   P(a) ~i 3-5
                        7. Ax P(x) Ai 2-6
                    </proof>","1. { ¬Ex ¬P(x)} hip
                        2. { a }
                        3.   { ¬P(a)} hip
                        4.     Ex¬P(x) Ei 3
                        5.     @ ~e 1,4
                        6.   P(a) ~i 3-5
                        7. Ax P(x) Ai 2-6","Os seguintes erros foram encontrados:

Uma das definições não está completa, verifique se todas regras foram aplicadas corretamente.
Lembre-se que uma regra de inferência sempre inicia com um número seguido de um . (linha de referência), tem uma fórmula e uma justificativa (premissa, hipóteses ou uma das regras de inferência com suas respectivas referências para fórmulas anteriores).
Erro de sintaxe:
1. { ¬Ex ¬P(x)} hip
     ^ Símbolo não pertence a linguagem.
",1.6135005950927734,stop,1774,411
|- Ex B(x)->~Ax ~B(x),"[{'role': 'system', 'content': ""You are an expert in logic using the Natural Deduction method.\nYou will receive one first order logic problem. Your task is to prove its validity using Natural Deduction and represent the proof in a Fitch-like notation, following these formatting instructions.\n\n### FORMAT OF PROOF LINES\nEach proof line must be structured like: '<line_number>. <formula> <origin>'\n- <line_number>: sequential integer, always ending with a dot ('1.', '2.', '3.', ...)\n- <formula>: the formula derived on that line\n- <origin>: either 'pre' (premise), 'hip' (hypothesis) or '<rule_name> <line_refs>'\n - <rule_name> and <line_refs>: \n - &e (1 line) \n - &i (2 lines) \n - ->e (2 lines) \n - ->i (1 range) \n - ~e (2 lines) \n - ~i (1 range) \n - |e (1 line + 2 ranges) \n - |i (1 line) \n - @e (1 line) \n - raa (1 range) \n - copy (1 line) \n - Ae (1 line)\n - Ai (1 range)\n - Ee (1 line + 1 range)\n - Ei (1 line)\n - <line_refs>: Must be comma-separated line numbers or ranges. Ranges denote subproofs (e.g., `->i 8-12`, `|e 4, 5-9, 10-14`)\n\n### SUBPROOFS / HYPOTHESES\nUse subproofs for hypotheses. Use curly braces '{' and '}' to open and close subproofs. \nPlace `{` immediately after the line number (e.g. '8.{ A|B hip') and `}` at the end of the final line of the subproof (e.g. '10. B @e 4}').\nNested subproofs are allowed. But a formula may only be used at a specific point if it appeared earlier in the same subproof or an outer subproof to the current subproof.\n\n### SYMBOLS & CONVENTIONS\nUse the following symbols for logical operations: \n- & = conjunction (and) \n- | = disjunction (or) \n- ~ = negation (not) \n- -> = implication (implies)\n\nQuantifiers symbols: \n Ax represents ∀x \n Ex represents ∃x\nSo formulas with ∀x and ∃x will be represented by Ax and Ex (A and E followed by the variable x). For example, Ax (H(x)->M(x)) represents ∀x (H(x)→M(x)).\n\n###CONVENTIONS\nAtoms: only uppercase letters not immediately followed by parentesis (e.g. P, Q, R).\nPredicates: uppercase letters immediately followed by parentesis (e.g. H(x), M(y), Q(a,b) ). All predicates must use parentheses.\nVariables: first letter in lowercase, can be followed by letters and numbers (e.g., x, x0, xP0).\n\n### TO CREATE NEW VARIABLE:\nFor Universal Introduction rule(Ai): open a subproof with a fresh variable not occurring in any open hypothesis.\nCreate new variable like this: '<line_number>. { <new_variable> '\n\nFor Existential Elimination rule(Ee): open a subproof with a fresh witness constant/variable. \nCreate new variable like this: '<line_number>. {<new_variable> φ[<old_variable>/<new_variable>] hip\n  Write only the final proof in <proof>...</proof> tags. Only use <proof>...</proof> tags ONCE. Only use these symbols inside the proof '&' , '->', '~', '|', '@', '(', ')', '{', '}', 'Ax', 'Ex'.\nDo not include explanations, commentary, or extra text inside and outside the <proof>...</proof> tags.\n ""}, {'role': 'user', 'content': ""Prove '|- (P->Ex Q(x))->Ex (P->Q(x))', using the natural deduction method. Final answer using the notation described. ""}, {'role': 'assistant', 'content': ' <proof>\n                        1. { \t(P -> Ex Q(x))\t\t\t\t\thip\n                        2.\t{\t~(~P | Ex Q(x))\t\t\t\t\thip\n                        3.\t\t{\tP\t\t\t\t\t\t\t\t      hip\n                        4.      Ex Q(x)               ->e 3, 1\n                        5.\t\t\t~P | Ex Q(x)\t\t\t\t\t|i 4\n                        6.\t\t\t@\t\t\t\t\t\t\t\t~e 5,2 }\t\t\n                        7.\t\t~P\t\t\t\t\t\t\t\t\t~i 3-6\n                        8.\t\t~P | Ex Q(x)\t\t\t\t\t\t|i 7\n                        9.\t\t@\t\t\t\t\t\t\t\t\t~e 8,2 }\n                        10.\t~P | Ex Q(x)        raa 2-9\n                        11.\t{\t~P\t\t\t\t\t\t\t\t\thip\n                        12.\t\t{\tP\t\t\t\t\t\t\t\thip\n                        13.\t\t\t@\t\t\t\t\t\t\t\t~e 11,12\n                        14.     Q(a)            @e 13 }\n                        15.\t\tP -> Q(a)\t\t\t\t\t\t\t->i 12-14\n                        16.\t\tEx  (P -> Q(x))\t\t\t\t\tEi 15 }\n                        17.\t{\tEx Q(x)\t\t\t\t\t\t\thip\n                        18.\t\t{ a\t\tQ(a)\t\t\t\t\t\thip\n                        19.\t\t\t{\tP\t\t\t\t\t\t\thip\n                        20.\t\t\t\tQ(a)\t\t\t\t\t\tcopie 18 }\n                        21.\t\t\tP -> Q(a)\t\t\t\t\t\t->i 19-20\n                        22.\t\t\tEx (P -> Q(x))\t\t\t\tEi 21 }\n                        23.\t\tEx (P -> Q(x))\t\t\t\t\tEe 17, 18-22 }\n                        24.\tEx (P -> Q(x))\t\t\t\t\t\t|e 10, 11-16, 17-23}\n                        25. (P -> Ex Q(x)) -> Ex (P -> Q(x))\t->i 1-24\n                    </proof>'}, {'role': 'user', 'content': ""Prove 'Ax ((P(x)->Q(x))&(Q(x)->P(x))) |- Ax ((~P(x)->~Q(x))&(~Q(x)->~P(x)))', using the natural deduction method. Final answer using the notation described.""}, {'role': 'assistant', 'content': ' <proof>\n                            1. Ax((P(x) -> Q(x)) & (Q(x) -> P(x))) pre\n                            2. { a\n                            3.   (P(a) -> Q(a)) & (Q(a) -> P(a)) Ae 1\n                            4.   P(a) -> Q(a) &e 3\n                            5.   Q(a) -> P(a) &e 3\n                            6.   { ~Q(a) hip\n                            7.     { P(a) hip\n                            8.       Q(a) ->e 7,4\n                            9.       @ ~e 6,8 }\n                            10.   ~P(a) ~i 7-9 }\n                            11. ~Q(a) -> ~P(a) ->i 6-10\n                            12. { ~P(a) hip\n                            13.   { Q(a) hip\n                            14.     P(a) ->e 13,5\n                            15.     @ ~e 12,14 }\n                            16.   ~Q(a) ~i 13-15 }\n                            17. ~P(a) -> ~Q(a) ->i 12-16\n                            18. (~P(a) -> ~Q(a)) & (~Q(a) -> ~P(a)) &i 17,11 }\n                            19. Ax((~P(x) -> ~Q(x)) & (~Q(x) -> ~P(x))) Ai 2-18 \n                        </proof>'}, {'role': 'user', 'content': ""Prove'|- Ex B(x)->~Ax ~B(x)' using the natural deduction method. Only one final answer, surrounded by <proof>...</proof>, using the notation described.""}]","<proof>
    1. { Ex P(x) hip
    2.   { a P(a) hip
    3.     { ∀x ¬P(x) hip
    4.       ~P(a) Ae 3
    5.       @ ~e 2,4 }
    6.     ~∀x ¬P(x) ~i 3-5
    7.   ¬∀x ¬P(x) Ei 2-6 }
    8. (Ex P(x)) -> ¬Ax~P(x) ->i 1-7
</proof>","1. { Ex P(x) hip
    2.   { a P(a) hip
    3.     { ∀x ¬P(x) hip
    4.       ~P(a) Ae 3
    5.       @ ~e 2,4 }
    6.     ~∀x ¬P(x) ~i 3-5
    7.   ¬∀x ¬P(x) Ei 2-6 }
    8. (Ex P(x)) -> ¬Ax~P(x) ->i 1-7","Os seguintes erros foram encontrados:

Uma das definições não está completa, verifique se todas regras foram aplicadas corretamente.
Lembre-se que uma regra de inferência sempre inicia com um número seguido de um . (linha de referência), tem uma fórmula e uma justificativa (premissa, hipóteses ou uma das regras de inferência com suas respectivas referências para fórmulas anteriores).
Erro de sintaxe:
    3.     { ∀x ¬P(x) hip
             ^ Símbolo não pertence a linguagem.
",4.523935556411743,stop,1774,1156
Ex (B(x)&~C(x)) |- ~Ax (B(x)->C(x)),"[{'role': 'system', 'content': ""You are an expert in logic using the Natural Deduction method.\nYou will receive one first order logic problem. Your task is to prove its validity using Natural Deduction and represent the proof in a Fitch-like notation, following these formatting instructions.\n\n### FORMAT OF PROOF LINES\nEach proof line must be structured like: '<line_number>. <formula> <origin>'\n- <line_number>: sequential integer, always ending with a dot ('1.', '2.', '3.', ...)\n- <formula>: the formula derived on that line\n- <origin>: either 'pre' (premise), 'hip' (hypothesis) or '<rule_name> <line_refs>'\n - <rule_name> and <line_refs>: \n - &e (1 line) \n - &i (2 lines) \n - ->e (2 lines) \n - ->i (1 range) \n - ~e (2 lines) \n - ~i (1 range) \n - |e (1 line + 2 ranges) \n - |i (1 line) \n - @e (1 line) \n - raa (1 range) \n - copy (1 line) \n - Ae (1 line)\n - Ai (1 range)\n - Ee (1 line + 1 range)\n - Ei (1 line)\n - <line_refs>: Must be comma-separated line numbers or ranges. Ranges denote subproofs (e.g., `->i 8-12`, `|e 4, 5-9, 10-14`)\n\n### SUBPROOFS / HYPOTHESES\nUse subproofs for hypotheses. Use curly braces '{' and '}' to open and close subproofs. \nPlace `{` immediately after the line number (e.g. '8.{ A|B hip') and `}` at the end of the final line of the subproof (e.g. '10. B @e 4}').\nNested subproofs are allowed. But a formula may only be used at a specific point if it appeared earlier in the same subproof or an outer subproof to the current subproof.\n\n### SYMBOLS & CONVENTIONS\nUse the following symbols for logical operations: \n- & = conjunction (and) \n- | = disjunction (or) \n- ~ = negation (not) \n- -> = implication (implies)\n\nQuantifiers symbols: \n Ax represents ∀x \n Ex represents ∃x\nSo formulas with ∀x and ∃x will be represented by Ax and Ex (A and E followed by the variable x). For example, Ax (H(x)->M(x)) represents ∀x (H(x)→M(x)).\n\n###CONVENTIONS\nAtoms: only uppercase letters not immediately followed by parentesis (e.g. P, Q, R).\nPredicates: uppercase letters immediately followed by parentesis (e.g. H(x), M(y), Q(a,b) ). All predicates must use parentheses.\nVariables: first letter in lowercase, can be followed by letters and numbers (e.g., x, x0, xP0).\n\n### TO CREATE NEW VARIABLE:\nFor Universal Introduction rule(Ai): open a subproof with a fresh variable not occurring in any open hypothesis.\nCreate new variable like this: '<line_number>. { <new_variable> '\n\nFor Existential Elimination rule(Ee): open a subproof with a fresh witness constant/variable. \nCreate new variable like this: '<line_number>. {<new_variable> φ[<old_variable>/<new_variable>] hip\n  Write only the final proof in <proof>...</proof> tags. Only use <proof>...</proof> tags ONCE. Only use these symbols inside the proof '&' , '->', '~', '|', '@', '(', ')', '{', '}', 'Ax', 'Ex'.\nDo not include explanations, commentary, or extra text inside and outside the <proof>...</proof> tags.\n ""}, {'role': 'user', 'content': ""Prove '|- (P->Ex Q(x))->Ex (P->Q(x))', using the natural deduction method. Final answer using the notation described. ""}, {'role': 'assistant', 'content': ' <proof>\n                        1. { \t(P -> Ex Q(x))\t\t\t\t\thip\n                        2.\t{\t~(~P | Ex Q(x))\t\t\t\t\thip\n                        3.\t\t{\tP\t\t\t\t\t\t\t\t      hip\n                        4.      Ex Q(x)               ->e 3, 1\n                        5.\t\t\t~P | Ex Q(x)\t\t\t\t\t|i 4\n                        6.\t\t\t@\t\t\t\t\t\t\t\t~e 5,2 }\t\t\n                        7.\t\t~P\t\t\t\t\t\t\t\t\t~i 3-6\n                        8.\t\t~P | Ex Q(x)\t\t\t\t\t\t|i 7\n                        9.\t\t@\t\t\t\t\t\t\t\t\t~e 8,2 }\n                        10.\t~P | Ex Q(x)        raa 2-9\n                        11.\t{\t~P\t\t\t\t\t\t\t\t\thip\n                        12.\t\t{\tP\t\t\t\t\t\t\t\thip\n                        13.\t\t\t@\t\t\t\t\t\t\t\t~e 11,12\n                        14.     Q(a)            @e 13 }\n                        15.\t\tP -> Q(a)\t\t\t\t\t\t\t->i 12-14\n                        16.\t\tEx  (P -> Q(x))\t\t\t\t\tEi 15 }\n                        17.\t{\tEx Q(x)\t\t\t\t\t\t\thip\n                        18.\t\t{ a\t\tQ(a)\t\t\t\t\t\thip\n                        19.\t\t\t{\tP\t\t\t\t\t\t\thip\n                        20.\t\t\t\tQ(a)\t\t\t\t\t\tcopie 18 }\n                        21.\t\t\tP -> Q(a)\t\t\t\t\t\t->i 19-20\n                        22.\t\t\tEx (P -> Q(x))\t\t\t\tEi 21 }\n                        23.\t\tEx (P -> Q(x))\t\t\t\t\tEe 17, 18-22 }\n                        24.\tEx (P -> Q(x))\t\t\t\t\t\t|e 10, 11-16, 17-23}\n                        25. (P -> Ex Q(x)) -> Ex (P -> Q(x))\t->i 1-24\n                    </proof>'}, {'role': 'user', 'content': ""Prove 'Ax ((P(x)->Q(x))&(Q(x)->P(x))) |- Ax ((~P(x)->~Q(x))&(~Q(x)->~P(x)))', using the natural deduction method. Final answer using the notation described.""}, {'role': 'assistant', 'content': ' <proof>\n                            1. Ax((P(x) -> Q(x)) & (Q(x) -> P(x))) pre\n                            2. { a\n                            3.   (P(a) -> Q(a)) & (Q(a) -> P(a)) Ae 1\n                            4.   P(a) -> Q(a) &e 3\n                            5.   Q(a) -> P(a) &e 3\n                            6.   { ~Q(a) hip\n                            7.     { P(a) hip\n                            8.       Q(a) ->e 7,4\n                            9.       @ ~e 6,8 }\n                            10.   ~P(a) ~i 7-9 }\n                            11. ~Q(a) -> ~P(a) ->i 6-10\n                            12. { ~P(a) hip\n                            13.   { Q(a) hip\n                            14.     P(a) ->e 13,5\n                            15.     @ ~e 12,14 }\n                            16.   ~Q(a) ~i 13-15 }\n                            17. ~P(a) -> ~Q(a) ->i 12-16\n                            18. (~P(a) -> ~Q(a)) & (~Q(a) -> ~P(a)) &i 17,11 }\n                            19. Ax((~P(x) -> ~Q(x)) & (~Q(x) -> ~P(x))) Ai 2-18 \n                        </proof>'}, {'role': 'user', 'content': ""Prove'Ex (B(x)&~C(x)) |- ~Ax (B(x)->C(x))' using the natural deduction method. Only one final answer, surrounded by <proof>...</proof>, using the notation described.""}]","<proof>
                        1. Ex(P(x) & ~Q(x)) pre
                        2.{ a   Ex(P(x) & ~Q(x)) Ee
                        3. P(a) & ~Q(a) hip
                        4. P(a) &e 3
                        5. ~Q(a) &e 3
                        6.{ ∀x(P(x) -> Q(x)) hip
                        7. (P(a) -> Q(a)) Ae 6
                        8. Q(a) ->e 7,4
                        9. @ ~e 5,8 }
                        10. ⊥ raa 6-9
                        11. ¬∀x(P(x) -> Q(x)) ~i 6-10
                    </proof>","1. Ex(P(x) & ~Q(x)) pre
                        2.{ a   Ex(P(x) & ~Q(x)) Ee
                        3. P(a) & ~Q(a) hip
                        4. P(a) &e 3
                        5. ~Q(a) &e 3
                        6.{ ∀x(P(x) -> Q(x)) hip
                        7. (P(a) -> Q(a)) Ae 6
                        8. Q(a) ->e 7,4
                        9. @ ~e 5,8 }
                        10. ⊥ raa 6-9
                        11. ¬∀x(P(x) -> Q(x)) ~i 6-10","Os seguintes erros foram encontrados:

Uma das definições não está completa, verifique se todas regras foram aplicadas corretamente.
Lembre-se que uma regra de inferência sempre inicia com um número seguido de um . (linha de referência), tem uma fórmula e uma justificativa (premissa, hipóteses ou uma das regras de inferência com suas respectivas referências para fórmulas anteriores).
Erro de sintaxe:
                        2.{ a   Ex(P(x) & ~Q(x)) Ee
                                                 ^
",3.7919602394104,stop,1783,993
"|- Ax Ay B(x,y)->Ay Ax B(x,y)","[{'role': 'system', 'content': ""You are an expert in logic using the Natural Deduction method.\nYou will receive one first order logic problem. Your task is to prove its validity using Natural Deduction and represent the proof in a Fitch-like notation, following these formatting instructions.\n\n### FORMAT OF PROOF LINES\nEach proof line must be structured like: '<line_number>. <formula> <origin>'\n- <line_number>: sequential integer, always ending with a dot ('1.', '2.', '3.', ...)\n- <formula>: the formula derived on that line\n- <origin>: either 'pre' (premise), 'hip' (hypothesis) or '<rule_name> <line_refs>'\n - <rule_name> and <line_refs>: \n - &e (1 line) \n - &i (2 lines) \n - ->e (2 lines) \n - ->i (1 range) \n - ~e (2 lines) \n - ~i (1 range) \n - |e (1 line + 2 ranges) \n - |i (1 line) \n - @e (1 line) \n - raa (1 range) \n - copy (1 line) \n - Ae (1 line)\n - Ai (1 range)\n - Ee (1 line + 1 range)\n - Ei (1 line)\n - <line_refs>: Must be comma-separated line numbers or ranges. Ranges denote subproofs (e.g., `->i 8-12`, `|e 4, 5-9, 10-14`)\n\n### SUBPROOFS / HYPOTHESES\nUse subproofs for hypotheses. Use curly braces '{' and '}' to open and close subproofs. \nPlace `{` immediately after the line number (e.g. '8.{ A|B hip') and `}` at the end of the final line of the subproof (e.g. '10. B @e 4}').\nNested subproofs are allowed. But a formula may only be used at a specific point if it appeared earlier in the same subproof or an outer subproof to the current subproof.\n\n### SYMBOLS & CONVENTIONS\nUse the following symbols for logical operations: \n- & = conjunction (and) \n- | = disjunction (or) \n- ~ = negation (not) \n- -> = implication (implies)\n\nQuantifiers symbols: \n Ax represents ∀x \n Ex represents ∃x\nSo formulas with ∀x and ∃x will be represented by Ax and Ex (A and E followed by the variable x). For example, Ax (H(x)->M(x)) represents ∀x (H(x)→M(x)).\n\n###CONVENTIONS\nAtoms: only uppercase letters not immediately followed by parentesis (e.g. P, Q, R).\nPredicates: uppercase letters immediately followed by parentesis (e.g. H(x), M(y), Q(a,b) ). All predicates must use parentheses.\nVariables: first letter in lowercase, can be followed by letters and numbers (e.g., x, x0, xP0).\n\n### TO CREATE NEW VARIABLE:\nFor Universal Introduction rule(Ai): open a subproof with a fresh variable not occurring in any open hypothesis.\nCreate new variable like this: '<line_number>. { <new_variable> '\n\nFor Existential Elimination rule(Ee): open a subproof with a fresh witness constant/variable. \nCreate new variable like this: '<line_number>. {<new_variable> φ[<old_variable>/<new_variable>] hip\n  Write only the final proof in <proof>...</proof> tags. Only use <proof>...</proof> tags ONCE. Only use these symbols inside the proof '&' , '->', '~', '|', '@', '(', ')', '{', '}', 'Ax', 'Ex'.\nDo not include explanations, commentary, or extra text inside and outside the <proof>...</proof> tags.\n ""}, {'role': 'user', 'content': ""Prove '|- (P->Ex Q(x))->Ex (P->Q(x))', using the natural deduction method. Final answer using the notation described. ""}, {'role': 'assistant', 'content': ' <proof>\n                        1. { \t(P -> Ex Q(x))\t\t\t\t\thip\n                        2.\t{\t~(~P | Ex Q(x))\t\t\t\t\thip\n                        3.\t\t{\tP\t\t\t\t\t\t\t\t      hip\n                        4.      Ex Q(x)               ->e 3, 1\n                        5.\t\t\t~P | Ex Q(x)\t\t\t\t\t|i 4\n                        6.\t\t\t@\t\t\t\t\t\t\t\t~e 5,2 }\t\t\n                        7.\t\t~P\t\t\t\t\t\t\t\t\t~i 3-6\n                        8.\t\t~P | Ex Q(x)\t\t\t\t\t\t|i 7\n                        9.\t\t@\t\t\t\t\t\t\t\t\t~e 8,2 }\n                        10.\t~P | Ex Q(x)        raa 2-9\n                        11.\t{\t~P\t\t\t\t\t\t\t\t\thip\n                        12.\t\t{\tP\t\t\t\t\t\t\t\thip\n                        13.\t\t\t@\t\t\t\t\t\t\t\t~e 11,12\n                        14.     Q(a)            @e 13 }\n                        15.\t\tP -> Q(a)\t\t\t\t\t\t\t->i 12-14\n                        16.\t\tEx  (P -> Q(x))\t\t\t\t\tEi 15 }\n                        17.\t{\tEx Q(x)\t\t\t\t\t\t\thip\n                        18.\t\t{ a\t\tQ(a)\t\t\t\t\t\thip\n                        19.\t\t\t{\tP\t\t\t\t\t\t\thip\n                        20.\t\t\t\tQ(a)\t\t\t\t\t\tcopie 18 }\n                        21.\t\t\tP -> Q(a)\t\t\t\t\t\t->i 19-20\n                        22.\t\t\tEx (P -> Q(x))\t\t\t\tEi 21 }\n                        23.\t\tEx (P -> Q(x))\t\t\t\t\tEe 17, 18-22 }\n                        24.\tEx (P -> Q(x))\t\t\t\t\t\t|e 10, 11-16, 17-23}\n                        25. (P -> Ex Q(x)) -> Ex (P -> Q(x))\t->i 1-24\n                    </proof>'}, {'role': 'user', 'content': ""Prove 'Ax ((P(x)->Q(x))&(Q(x)->P(x))) |- Ax ((~P(x)->~Q(x))&(~Q(x)->~P(x)))', using the natural deduction method. Final answer using the notation described.""}, {'role': 'assistant', 'content': ' <proof>\n                            1. Ax((P(x) -> Q(x)) & (Q(x) -> P(x))) pre\n                            2. { a\n                            3.   (P(a) -> Q(a)) & (Q(a) -> P(a)) Ae 1\n                            4.   P(a) -> Q(a) &e 3\n                            5.   Q(a) -> P(a) &e 3\n                            6.   { ~Q(a) hip\n                            7.     { P(a) hip\n                            8.       Q(a) ->e 7,4\n                            9.       @ ~e 6,8 }\n                            10.   ~P(a) ~i 7-9 }\n                            11. ~Q(a) -> ~P(a) ->i 6-10\n                            12. { ~P(a) hip\n                            13.   { Q(a) hip\n                            14.     P(a) ->e 13,5\n                            15.     @ ~e 12,14 }\n                            16.   ~Q(a) ~i 13-15 }\n                            17. ~P(a) -> ~Q(a) ->i 12-16\n                            18. (~P(a) -> ~Q(a)) & (~Q(a) -> ~P(a)) &i 17,11 }\n                            19. Ax((~P(x) -> ~Q(x)) & (~Q(x) -> ~P(x))) Ai 2-18 \n                        </proof>'}, {'role': 'user', 'content': ""Prove'|- Ax Ay B(x,y)->Ay Ax B(x,y)' using the natural deduction method. Only one final answer, surrounded by <proof>...</proof>, using the notation described.""}]","<proof>
    1. { Ax Ay P(x,y) hip
    2.   { b hip
    3.     { a hip
    4.       P(a,b) Ae 1
    5.     } Ai 3-4
    6.     ∀x P(x,b) Ai 2-5
    7.   } Ai 2-6
    8.   ∀y∀x P(x,y) Ai 1-7
    9. (Ax Ay P(x,y)) -> ∀y∀x P(x,y) ->i 1-8
</proof>","1. { Ax Ay P(x,y) hip
    2.   { b hip
    3.     { a hip
    4.       P(a,b) Ae 1
    5.     } Ai 3-4
    6.     ∀x P(x,b) Ai 2-5
    7.   } Ai 2-6
    8.   ∀y∀x P(x,y) Ai 1-7
    9. (Ax Ay P(x,y)) -> ∀y∀x P(x,y) ->i 1-8","Os seguintes erros foram encontrados:

Uma das definições não está completa, verifique se todas regras foram aplicadas corretamente.
Lembre-se que uma regra de inferência sempre inicia com um número seguido de um . (linha de referência), tem uma fórmula e uma justificativa (premissa, hipóteses ou uma das regras de inferência com suas respectivas referências para fórmulas anteriores).
Erro de sintaxe:
    2.   { b hip
             ^
",3.5686745643615723,stop,1776,945
|- Ax (B->C(x))->(B->Ax C(x)),"[{'role': 'system', 'content': ""You are an expert in logic using the Natural Deduction method.\nYou will receive one first order logic problem. Your task is to prove its validity using Natural Deduction and represent the proof in a Fitch-like notation, following these formatting instructions.\n\n### FORMAT OF PROOF LINES\nEach proof line must be structured like: '<line_number>. <formula> <origin>'\n- <line_number>: sequential integer, always ending with a dot ('1.', '2.', '3.', ...)\n- <formula>: the formula derived on that line\n- <origin>: either 'pre' (premise), 'hip' (hypothesis) or '<rule_name> <line_refs>'\n - <rule_name> and <line_refs>: \n - &e (1 line) \n - &i (2 lines) \n - ->e (2 lines) \n - ->i (1 range) \n - ~e (2 lines) \n - ~i (1 range) \n - |e (1 line + 2 ranges) \n - |i (1 line) \n - @e (1 line) \n - raa (1 range) \n - copy (1 line) \n - Ae (1 line)\n - Ai (1 range)\n - Ee (1 line + 1 range)\n - Ei (1 line)\n - <line_refs>: Must be comma-separated line numbers or ranges. Ranges denote subproofs (e.g., `->i 8-12`, `|e 4, 5-9, 10-14`)\n\n### SUBPROOFS / HYPOTHESES\nUse subproofs for hypotheses. Use curly braces '{' and '}' to open and close subproofs. \nPlace `{` immediately after the line number (e.g. '8.{ A|B hip') and `}` at the end of the final line of the subproof (e.g. '10. B @e 4}').\nNested subproofs are allowed. But a formula may only be used at a specific point if it appeared earlier in the same subproof or an outer subproof to the current subproof.\n\n### SYMBOLS & CONVENTIONS\nUse the following symbols for logical operations: \n- & = conjunction (and) \n- | = disjunction (or) \n- ~ = negation (not) \n- -> = implication (implies)\n\nQuantifiers symbols: \n Ax represents ∀x \n Ex represents ∃x\nSo formulas with ∀x and ∃x will be represented by Ax and Ex (A and E followed by the variable x). For example, Ax (H(x)->M(x)) represents ∀x (H(x)→M(x)).\n\n###CONVENTIONS\nAtoms: only uppercase letters not immediately followed by parentesis (e.g. P, Q, R).\nPredicates: uppercase letters immediately followed by parentesis (e.g. H(x), M(y), Q(a,b) ). All predicates must use parentheses.\nVariables: first letter in lowercase, can be followed by letters and numbers (e.g., x, x0, xP0).\n\n### TO CREATE NEW VARIABLE:\nFor Universal Introduction rule(Ai): open a subproof with a fresh variable not occurring in any open hypothesis.\nCreate new variable like this: '<line_number>. { <new_variable> '\n\nFor Existential Elimination rule(Ee): open a subproof with a fresh witness constant/variable. \nCreate new variable like this: '<line_number>. {<new_variable> φ[<old_variable>/<new_variable>] hip\n  Write only the final proof in <proof>...</proof> tags. Only use <proof>...</proof> tags ONCE. Only use these symbols inside the proof '&' , '->', '~', '|', '@', '(', ')', '{', '}', 'Ax', 'Ex'.\nDo not include explanations, commentary, or extra text inside and outside the <proof>...</proof> tags.\n ""}, {'role': 'user', 'content': ""Prove '|- (P->Ex Q(x))->Ex (P->Q(x))', using the natural deduction method. Final answer using the notation described. ""}, {'role': 'assistant', 'content': ' <proof>\n                        1. { \t(P -> Ex Q(x))\t\t\t\t\thip\n                        2.\t{\t~(~P | Ex Q(x))\t\t\t\t\thip\n                        3.\t\t{\tP\t\t\t\t\t\t\t\t      hip\n                        4.      Ex Q(x)               ->e 3, 1\n                        5.\t\t\t~P | Ex Q(x)\t\t\t\t\t|i 4\n                        6.\t\t\t@\t\t\t\t\t\t\t\t~e 5,2 }\t\t\n                        7.\t\t~P\t\t\t\t\t\t\t\t\t~i 3-6\n                        8.\t\t~P | Ex Q(x)\t\t\t\t\t\t|i 7\n                        9.\t\t@\t\t\t\t\t\t\t\t\t~e 8,2 }\n                        10.\t~P | Ex Q(x)        raa 2-9\n                        11.\t{\t~P\t\t\t\t\t\t\t\t\thip\n                        12.\t\t{\tP\t\t\t\t\t\t\t\thip\n                        13.\t\t\t@\t\t\t\t\t\t\t\t~e 11,12\n                        14.     Q(a)            @e 13 }\n                        15.\t\tP -> Q(a)\t\t\t\t\t\t\t->i 12-14\n                        16.\t\tEx  (P -> Q(x))\t\t\t\t\tEi 15 }\n                        17.\t{\tEx Q(x)\t\t\t\t\t\t\thip\n                        18.\t\t{ a\t\tQ(a)\t\t\t\t\t\thip\n                        19.\t\t\t{\tP\t\t\t\t\t\t\thip\n                        20.\t\t\t\tQ(a)\t\t\t\t\t\tcopie 18 }\n                        21.\t\t\tP -> Q(a)\t\t\t\t\t\t->i 19-20\n                        22.\t\t\tEx (P -> Q(x))\t\t\t\tEi 21 }\n                        23.\t\tEx (P -> Q(x))\t\t\t\t\tEe 17, 18-22 }\n                        24.\tEx (P -> Q(x))\t\t\t\t\t\t|e 10, 11-16, 17-23}\n                        25. (P -> Ex Q(x)) -> Ex (P -> Q(x))\t->i 1-24\n                    </proof>'}, {'role': 'user', 'content': ""Prove 'Ax ((P(x)->Q(x))&(Q(x)->P(x))) |- Ax ((~P(x)->~Q(x))&(~Q(x)->~P(x)))', using the natural deduction method. Final answer using the notation described.""}, {'role': 'assistant', 'content': ' <proof>\n                            1. Ax((P(x) -> Q(x)) & (Q(x) -> P(x))) pre\n                            2. { a\n                            3.   (P(a) -> Q(a)) & (Q(a) -> P(a)) Ae 1\n                            4.   P(a) -> Q(a) &e 3\n                            5.   Q(a) -> P(a) &e 3\n                            6.   { ~Q(a) hip\n                            7.     { P(a) hip\n                            8.       Q(a) ->e 7,4\n                            9.       @ ~e 6,8 }\n                            10.   ~P(a) ~i 7-9 }\n                            11. ~Q(a) -> ~P(a) ->i 6-10\n                            12. { ~P(a) hip\n                            13.   { Q(a) hip\n                            14.     P(a) ->e 13,5\n                            15.     @ ~e 12,14 }\n                            16.   ~Q(a) ~i 13-15 }\n                            17. ~P(a) -> ~Q(a) ->i 12-16\n                            18. (~P(a) -> ~Q(a)) & (~Q(a) -> ~P(a)) &i 17,11 }\n                            19. Ax((~P(x) -> ~Q(x)) & (~Q(x) -> ~P(x))) Ai 2-18 \n                        </proof>'}, {'role': 'user', 'content': ""Prove'|- Ax (B->C(x))->(B->Ax C(x))' using the natural deduction method. Only one final answer, surrounded by <proof>...</proof>, using the notation described.""}]","<proof>
    1. { Ax(P -> Q(x)) hip
    2.   { P hip
    3.     { a
    4.       (P -> Q(a)) Ae 1
    5.       Q(a) ->e 4,2
    6.     } Ai 3-5
    7.     Ax Q(x) Ai 3-6
    8.   } ->i 2-7
    9. (Ax(P -> Q(x))) -> (P -> Ax Q(x)) ->i 1-8
</proof>","1. { Ax(P -> Q(x)) hip
    2.   { P hip
    3.     { a
    4.       (P -> Q(a)) Ae 1
    5.       Q(a) ->e 4,2
    6.     } Ai 3-5
    7.     Ax Q(x) Ai 3-6
    8.   } ->i 2-7
    9. (Ax(P -> Q(x))) -> (P -> Ax Q(x)) ->i 1-8","Os seguintes erros foram encontrados:

Uma das definições não está completa, verifique se todas regras foram aplicadas corretamente.
Lembre-se que uma regra de inferência sempre inicia com um número seguido de um . (linha de referência), tem uma fórmula e uma justificativa (premissa, hipóteses ou uma das regras de inferência com suas respectivas referências para fórmulas anteriores).
Erro de sintaxe:
    6.     } Ai 3-5
           ^
",1.663906812667847,stop,1779,444
"Ax ~(B(x)&~C(x)), Ax B(x) |- Ax C(x)","[{'role': 'system', 'content': ""You are an expert in logic using the Natural Deduction method.\nYou will receive one first order logic problem. Your task is to prove its validity using Natural Deduction and represent the proof in a Fitch-like notation, following these formatting instructions.\n\n### FORMAT OF PROOF LINES\nEach proof line must be structured like: '<line_number>. <formula> <origin>'\n- <line_number>: sequential integer, always ending with a dot ('1.', '2.', '3.', ...)\n- <formula>: the formula derived on that line\n- <origin>: either 'pre' (premise), 'hip' (hypothesis) or '<rule_name> <line_refs>'\n - <rule_name> and <line_refs>: \n - &e (1 line) \n - &i (2 lines) \n - ->e (2 lines) \n - ->i (1 range) \n - ~e (2 lines) \n - ~i (1 range) \n - |e (1 line + 2 ranges) \n - |i (1 line) \n - @e (1 line) \n - raa (1 range) \n - copy (1 line) \n - Ae (1 line)\n - Ai (1 range)\n - Ee (1 line + 1 range)\n - Ei (1 line)\n - <line_refs>: Must be comma-separated line numbers or ranges. Ranges denote subproofs (e.g., `->i 8-12`, `|e 4, 5-9, 10-14`)\n\n### SUBPROOFS / HYPOTHESES\nUse subproofs for hypotheses. Use curly braces '{' and '}' to open and close subproofs. \nPlace `{` immediately after the line number (e.g. '8.{ A|B hip') and `}` at the end of the final line of the subproof (e.g. '10. B @e 4}').\nNested subproofs are allowed. But a formula may only be used at a specific point if it appeared earlier in the same subproof or an outer subproof to the current subproof.\n\n### SYMBOLS & CONVENTIONS\nUse the following symbols for logical operations: \n- & = conjunction (and) \n- | = disjunction (or) \n- ~ = negation (not) \n- -> = implication (implies)\n\nQuantifiers symbols: \n Ax represents ∀x \n Ex represents ∃x\nSo formulas with ∀x and ∃x will be represented by Ax and Ex (A and E followed by the variable x). For example, Ax (H(x)->M(x)) represents ∀x (H(x)→M(x)).\n\n###CONVENTIONS\nAtoms: only uppercase letters not immediately followed by parentesis (e.g. P, Q, R).\nPredicates: uppercase letters immediately followed by parentesis (e.g. H(x), M(y), Q(a,b) ). All predicates must use parentheses.\nVariables: first letter in lowercase, can be followed by letters and numbers (e.g., x, x0, xP0).\n\n### TO CREATE NEW VARIABLE:\nFor Universal Introduction rule(Ai): open a subproof with a fresh variable not occurring in any open hypothesis.\nCreate new variable like this: '<line_number>. { <new_variable> '\n\nFor Existential Elimination rule(Ee): open a subproof with a fresh witness constant/variable. \nCreate new variable like this: '<line_number>. {<new_variable> φ[<old_variable>/<new_variable>] hip\n  Write only the final proof in <proof>...</proof> tags. Only use <proof>...</proof> tags ONCE. Only use these symbols inside the proof '&' , '->', '~', '|', '@', '(', ')', '{', '}', 'Ax', 'Ex'.\nDo not include explanations, commentary, or extra text inside and outside the <proof>...</proof> tags.\n ""}, {'role': 'user', 'content': ""Prove '|- (P->Ex Q(x))->Ex (P->Q(x))', using the natural deduction method. Final answer using the notation described. ""}, {'role': 'assistant', 'content': ' <proof>\n                        1. { \t(P -> Ex Q(x))\t\t\t\t\thip\n                        2.\t{\t~(~P | Ex Q(x))\t\t\t\t\thip\n                        3.\t\t{\tP\t\t\t\t\t\t\t\t      hip\n                        4.      Ex Q(x)               ->e 3, 1\n                        5.\t\t\t~P | Ex Q(x)\t\t\t\t\t|i 4\n                        6.\t\t\t@\t\t\t\t\t\t\t\t~e 5,2 }\t\t\n                        7.\t\t~P\t\t\t\t\t\t\t\t\t~i 3-6\n                        8.\t\t~P | Ex Q(x)\t\t\t\t\t\t|i 7\n                        9.\t\t@\t\t\t\t\t\t\t\t\t~e 8,2 }\n                        10.\t~P | Ex Q(x)        raa 2-9\n                        11.\t{\t~P\t\t\t\t\t\t\t\t\thip\n                        12.\t\t{\tP\t\t\t\t\t\t\t\thip\n                        13.\t\t\t@\t\t\t\t\t\t\t\t~e 11,12\n                        14.     Q(a)            @e 13 }\n                        15.\t\tP -> Q(a)\t\t\t\t\t\t\t->i 12-14\n                        16.\t\tEx  (P -> Q(x))\t\t\t\t\tEi 15 }\n                        17.\t{\tEx Q(x)\t\t\t\t\t\t\thip\n                        18.\t\t{ a\t\tQ(a)\t\t\t\t\t\thip\n                        19.\t\t\t{\tP\t\t\t\t\t\t\thip\n                        20.\t\t\t\tQ(a)\t\t\t\t\t\tcopie 18 }\n                        21.\t\t\tP -> Q(a)\t\t\t\t\t\t->i 19-20\n                        22.\t\t\tEx (P -> Q(x))\t\t\t\tEi 21 }\n                        23.\t\tEx (P -> Q(x))\t\t\t\t\tEe 17, 18-22 }\n                        24.\tEx (P -> Q(x))\t\t\t\t\t\t|e 10, 11-16, 17-23}\n                        25. (P -> Ex Q(x)) -> Ex (P -> Q(x))\t->i 1-24\n                    </proof>'}, {'role': 'user', 'content': ""Prove 'Ax ((P(x)->Q(x))&(Q(x)->P(x))) |- Ax ((~P(x)->~Q(x))&(~Q(x)->~P(x)))', using the natural deduction method. Final answer using the notation described.""}, {'role': 'assistant', 'content': ' <proof>\n                            1. Ax((P(x) -> Q(x)) & (Q(x) -> P(x))) pre\n                            2. { a\n                            3.   (P(a) -> Q(a)) & (Q(a) -> P(a)) Ae 1\n                            4.   P(a) -> Q(a) &e 3\n                            5.   Q(a) -> P(a) &e 3\n                            6.   { ~Q(a) hip\n                            7.     { P(a) hip\n                            8.       Q(a) ->e 7,4\n                            9.       @ ~e 6,8 }\n                            10.   ~P(a) ~i 7-9 }\n                            11. ~Q(a) -> ~P(a) ->i 6-10\n                            12. { ~P(a) hip\n                            13.   { Q(a) hip\n                            14.     P(a) ->e 13,5\n                            15.     @ ~e 12,14 }\n                            16.   ~Q(a) ~i 13-15 }\n                            17. ~P(a) -> ~Q(a) ->i 12-16\n                            18. (~P(a) -> ~Q(a)) & (~Q(a) -> ~P(a)) &i 17,11 }\n                            19. Ax((~P(x) -> ~Q(x)) & (~Q(x) -> ~P(x))) Ai 2-18 \n                        </proof>'}, {'role': 'user', 'content': ""Prove'Ax ~(B(x)&~C(x)), Ax B(x) |- Ax C(x)' using the natural deduction method. Only one final answer, surrounded by <proof>...</proof>, using the notation described.""}]","<proof>
                1. Ax ~(H(x)&~M(x)) pre
                2. Ax H(x) pre
                3. { a
                4.   ~(H(a)&~M(a)) Ae 1
                5.   H(a) Ae 2
                6.   { ~M(a) hip
                7.     H(a)&~M(a) &i 5,6
                8.     @ ~e 4,7 }
                9.   M(a) raa 6-8
                10. } 
                11. Ax M(x) Ai 3-10
            </proof>","1. Ax ~(H(x)&~M(x)) pre
                2. Ax H(x) pre
                3. { a
                4.   ~(H(a)&~M(a)) Ae 1
                5.   H(a) Ae 2
                6.   { ~M(a) hip
                7.     H(a)&~M(a) &i 5,6
                8.     @ ~e 4,7 }
                9.   M(a) raa 6-8
                10. } 
                11. Ax M(x) Ai 3-10","Os seguintes erros foram encontrados:

Uma das definições não está completa, verifique se todas regras foram aplicadas corretamente.
Lembre-se que uma regra de inferência sempre inicia com um número seguido de um . (linha de referência), tem uma fórmula e uma justificativa (premissa, hipóteses ou uma das regras de inferência com suas respectivas referências para fórmulas anteriores).
Erro de sintaxe:
                10. } 
                    ^
",2.4639573097229004,stop,1781,652
|- ~Ax B(x)->Ex ~B(x),"[{'role': 'system', 'content': ""You are an expert in logic using the Natural Deduction method.\nYou will receive one first order logic problem. Your task is to prove its validity using Natural Deduction and represent the proof in a Fitch-like notation, following these formatting instructions.\n\n### FORMAT OF PROOF LINES\nEach proof line must be structured like: '<line_number>. <formula> <origin>'\n- <line_number>: sequential integer, always ending with a dot ('1.', '2.', '3.', ...)\n- <formula>: the formula derived on that line\n- <origin>: either 'pre' (premise), 'hip' (hypothesis) or '<rule_name> <line_refs>'\n - <rule_name> and <line_refs>: \n - &e (1 line) \n - &i (2 lines) \n - ->e (2 lines) \n - ->i (1 range) \n - ~e (2 lines) \n - ~i (1 range) \n - |e (1 line + 2 ranges) \n - |i (1 line) \n - @e (1 line) \n - raa (1 range) \n - copy (1 line) \n - Ae (1 line)\n - Ai (1 range)\n - Ee (1 line + 1 range)\n - Ei (1 line)\n - <line_refs>: Must be comma-separated line numbers or ranges. Ranges denote subproofs (e.g., `->i 8-12`, `|e 4, 5-9, 10-14`)\n\n### SUBPROOFS / HYPOTHESES\nUse subproofs for hypotheses. Use curly braces '{' and '}' to open and close subproofs. \nPlace `{` immediately after the line number (e.g. '8.{ A|B hip') and `}` at the end of the final line of the subproof (e.g. '10. B @e 4}').\nNested subproofs are allowed. But a formula may only be used at a specific point if it appeared earlier in the same subproof or an outer subproof to the current subproof.\n\n### SYMBOLS & CONVENTIONS\nUse the following symbols for logical operations: \n- & = conjunction (and) \n- | = disjunction (or) \n- ~ = negation (not) \n- -> = implication (implies)\n\nQuantifiers symbols: \n Ax represents ∀x \n Ex represents ∃x\nSo formulas with ∀x and ∃x will be represented by Ax and Ex (A and E followed by the variable x). For example, Ax (H(x)->M(x)) represents ∀x (H(x)→M(x)).\n\n###CONVENTIONS\nAtoms: only uppercase letters not immediately followed by parentesis (e.g. P, Q, R).\nPredicates: uppercase letters immediately followed by parentesis (e.g. H(x), M(y), Q(a,b) ). All predicates must use parentheses.\nVariables: first letter in lowercase, can be followed by letters and numbers (e.g., x, x0, xP0).\n\n### TO CREATE NEW VARIABLE:\nFor Universal Introduction rule(Ai): open a subproof with a fresh variable not occurring in any open hypothesis.\nCreate new variable like this: '<line_number>. { <new_variable> '\n\nFor Existential Elimination rule(Ee): open a subproof with a fresh witness constant/variable. \nCreate new variable like this: '<line_number>. {<new_variable> φ[<old_variable>/<new_variable>] hip\n  Write only the final proof in <proof>...</proof> tags. Only use <proof>...</proof> tags ONCE. Only use these symbols inside the proof '&' , '->', '~', '|', '@', '(', ')', '{', '}', 'Ax', 'Ex'.\nDo not include explanations, commentary, or extra text inside and outside the <proof>...</proof> tags.\n ""}, {'role': 'user', 'content': ""Prove '|- (P->Ex Q(x))->Ex (P->Q(x))', using the natural deduction method. Final answer using the notation described. ""}, {'role': 'assistant', 'content': ' <proof>\n                        1. { \t(P -> Ex Q(x))\t\t\t\t\thip\n                        2.\t{\t~(~P | Ex Q(x))\t\t\t\t\thip\n                        3.\t\t{\tP\t\t\t\t\t\t\t\t      hip\n                        4.      Ex Q(x)               ->e 3, 1\n                        5.\t\t\t~P | Ex Q(x)\t\t\t\t\t|i 4\n                        6.\t\t\t@\t\t\t\t\t\t\t\t~e 5,2 }\t\t\n                        7.\t\t~P\t\t\t\t\t\t\t\t\t~i 3-6\n                        8.\t\t~P | Ex Q(x)\t\t\t\t\t\t|i 7\n                        9.\t\t@\t\t\t\t\t\t\t\t\t~e 8,2 }\n                        10.\t~P | Ex Q(x)        raa 2-9\n                        11.\t{\t~P\t\t\t\t\t\t\t\t\thip\n                        12.\t\t{\tP\t\t\t\t\t\t\t\thip\n                        13.\t\t\t@\t\t\t\t\t\t\t\t~e 11,12\n                        14.     Q(a)            @e 13 }\n                        15.\t\tP -> Q(a)\t\t\t\t\t\t\t->i 12-14\n                        16.\t\tEx  (P -> Q(x))\t\t\t\t\tEi 15 }\n                        17.\t{\tEx Q(x)\t\t\t\t\t\t\thip\n                        18.\t\t{ a\t\tQ(a)\t\t\t\t\t\thip\n                        19.\t\t\t{\tP\t\t\t\t\t\t\thip\n                        20.\t\t\t\tQ(a)\t\t\t\t\t\tcopie 18 }\n                        21.\t\t\tP -> Q(a)\t\t\t\t\t\t->i 19-20\n                        22.\t\t\tEx (P -> Q(x))\t\t\t\tEi 21 }\n                        23.\t\tEx (P -> Q(x))\t\t\t\t\tEe 17, 18-22 }\n                        24.\tEx (P -> Q(x))\t\t\t\t\t\t|e 10, 11-16, 17-23}\n                        25. (P -> Ex Q(x)) -> Ex (P -> Q(x))\t->i 1-24\n                    </proof>'}, {'role': 'user', 'content': ""Prove 'Ax ((P(x)->Q(x))&(Q(x)->P(x))) |- Ax ((~P(x)->~Q(x))&(~Q(x)->~P(x)))', using the natural deduction method. Final answer using the notation described.""}, {'role': 'assistant', 'content': ' <proof>\n                            1. Ax((P(x) -> Q(x)) & (Q(x) -> P(x))) pre\n                            2. { a\n                            3.   (P(a) -> Q(a)) & (Q(a) -> P(a)) Ae 1\n                            4.   P(a) -> Q(a) &e 3\n                            5.   Q(a) -> P(a) &e 3\n                            6.   { ~Q(a) hip\n                            7.     { P(a) hip\n                            8.       Q(a) ->e 7,4\n                            9.       @ ~e 6,8 }\n                            10.   ~P(a) ~i 7-9 }\n                            11. ~Q(a) -> ~P(a) ->i 6-10\n                            12. { ~P(a) hip\n                            13.   { Q(a) hip\n                            14.     P(a) ->e 13,5\n                            15.     @ ~e 12,14 }\n                            16.   ~Q(a) ~i 13-15 }\n                            17. ~P(a) -> ~Q(a) ->i 12-16\n                            18. (~P(a) -> ~Q(a)) & (~Q(a) -> ~P(a)) &i 17,11 }\n                            19. Ax((~P(x) -> ~Q(x)) & (~Q(x) -> ~P(x))) Ai 2-18 \n                        </proof>'}, {'role': 'user', 'content': ""Prove'|- ~Ax B(x)->Ex ~B(x)' using the natural deduction method. Only one final answer, surrounded by <proof>...</proof>, using the notation described.""}]","<proof>
1. ¬Ax P(x) pre
2. { ¬Ex ~P(x) hip
3.   { a
4.     { ~P(a) hip
5.       Ex ~P(x) Ei 4
6.       @ ~e 5,2 }
7.     P(a) ~i 4-6
8.   Ax P(x) Ai 3-7
9.   @ ~e 8,1 }
10. Ex ~P(x) raa 2-9
</proof>","1. ¬Ax P(x) pre
2. { ¬Ex ~P(x) hip
3.   { a
4.     { ~P(a) hip
5.       Ex ~P(x) Ei 4
6.       @ ~e 5,2 }
7.     P(a) ~i 4-6
8.   Ax P(x) Ai 3-7
9.   @ ~e 8,1 }
10. Ex ~P(x) raa 2-9","Os seguintes erros foram encontrados:

Uma das definições não está completa, verifique se todas regras foram aplicadas corretamente.
Lembre-se que uma regra de inferência sempre inicia com um número seguido de um . (linha de referência), tem uma fórmula e uma justificativa (premissa, hipóteses ou uma das regras de inferência com suas respectivas referências para fórmulas anteriores).
Erro de sintaxe:
1. ¬Ax P(x) pre
   ^ Símbolo não pertence a linguagem.
",4.720438957214356,stop,1774,1189
|- Ex ~B(x)->~Ax B(x),"[{'role': 'system', 'content': ""You are an expert in logic using the Natural Deduction method.\nYou will receive one first order logic problem. Your task is to prove its validity using Natural Deduction and represent the proof in a Fitch-like notation, following these formatting instructions.\n\n### FORMAT OF PROOF LINES\nEach proof line must be structured like: '<line_number>. <formula> <origin>'\n- <line_number>: sequential integer, always ending with a dot ('1.', '2.', '3.', ...)\n- <formula>: the formula derived on that line\n- <origin>: either 'pre' (premise), 'hip' (hypothesis) or '<rule_name> <line_refs>'\n - <rule_name> and <line_refs>: \n - &e (1 line) \n - &i (2 lines) \n - ->e (2 lines) \n - ->i (1 range) \n - ~e (2 lines) \n - ~i (1 range) \n - |e (1 line + 2 ranges) \n - |i (1 line) \n - @e (1 line) \n - raa (1 range) \n - copy (1 line) \n - Ae (1 line)\n - Ai (1 range)\n - Ee (1 line + 1 range)\n - Ei (1 line)\n - <line_refs>: Must be comma-separated line numbers or ranges. Ranges denote subproofs (e.g., `->i 8-12`, `|e 4, 5-9, 10-14`)\n\n### SUBPROOFS / HYPOTHESES\nUse subproofs for hypotheses. Use curly braces '{' and '}' to open and close subproofs. \nPlace `{` immediately after the line number (e.g. '8.{ A|B hip') and `}` at the end of the final line of the subproof (e.g. '10. B @e 4}').\nNested subproofs are allowed. But a formula may only be used at a specific point if it appeared earlier in the same subproof or an outer subproof to the current subproof.\n\n### SYMBOLS & CONVENTIONS\nUse the following symbols for logical operations: \n- & = conjunction (and) \n- | = disjunction (or) \n- ~ = negation (not) \n- -> = implication (implies)\n\nQuantifiers symbols: \n Ax represents ∀x \n Ex represents ∃x\nSo formulas with ∀x and ∃x will be represented by Ax and Ex (A and E followed by the variable x). For example, Ax (H(x)->M(x)) represents ∀x (H(x)→M(x)).\n\n###CONVENTIONS\nAtoms: only uppercase letters not immediately followed by parentesis (e.g. P, Q, R).\nPredicates: uppercase letters immediately followed by parentesis (e.g. H(x), M(y), Q(a,b) ). All predicates must use parentheses.\nVariables: first letter in lowercase, can be followed by letters and numbers (e.g., x, x0, xP0).\n\n### TO CREATE NEW VARIABLE:\nFor Universal Introduction rule(Ai): open a subproof with a fresh variable not occurring in any open hypothesis.\nCreate new variable like this: '<line_number>. { <new_variable> '\n\nFor Existential Elimination rule(Ee): open a subproof with a fresh witness constant/variable. \nCreate new variable like this: '<line_number>. {<new_variable> φ[<old_variable>/<new_variable>] hip\n  Write only the final proof in <proof>...</proof> tags. Only use <proof>...</proof> tags ONCE. Only use these symbols inside the proof '&' , '->', '~', '|', '@', '(', ')', '{', '}', 'Ax', 'Ex'.\nDo not include explanations, commentary, or extra text inside and outside the <proof>...</proof> tags.\n ""}, {'role': 'user', 'content': ""Prove '|- (P->Ex Q(x))->Ex (P->Q(x))', using the natural deduction method. Final answer using the notation described. ""}, {'role': 'assistant', 'content': ' <proof>\n                        1. { \t(P -> Ex Q(x))\t\t\t\t\thip\n                        2.\t{\t~(~P | Ex Q(x))\t\t\t\t\thip\n                        3.\t\t{\tP\t\t\t\t\t\t\t\t      hip\n                        4.      Ex Q(x)               ->e 3, 1\n                        5.\t\t\t~P | Ex Q(x)\t\t\t\t\t|i 4\n                        6.\t\t\t@\t\t\t\t\t\t\t\t~e 5,2 }\t\t\n                        7.\t\t~P\t\t\t\t\t\t\t\t\t~i 3-6\n                        8.\t\t~P | Ex Q(x)\t\t\t\t\t\t|i 7\n                        9.\t\t@\t\t\t\t\t\t\t\t\t~e 8,2 }\n                        10.\t~P | Ex Q(x)        raa 2-9\n                        11.\t{\t~P\t\t\t\t\t\t\t\t\thip\n                        12.\t\t{\tP\t\t\t\t\t\t\t\thip\n                        13.\t\t\t@\t\t\t\t\t\t\t\t~e 11,12\n                        14.     Q(a)            @e 13 }\n                        15.\t\tP -> Q(a)\t\t\t\t\t\t\t->i 12-14\n                        16.\t\tEx  (P -> Q(x))\t\t\t\t\tEi 15 }\n                        17.\t{\tEx Q(x)\t\t\t\t\t\t\thip\n                        18.\t\t{ a\t\tQ(a)\t\t\t\t\t\thip\n                        19.\t\t\t{\tP\t\t\t\t\t\t\thip\n                        20.\t\t\t\tQ(a)\t\t\t\t\t\tcopie 18 }\n                        21.\t\t\tP -> Q(a)\t\t\t\t\t\t->i 19-20\n                        22.\t\t\tEx (P -> Q(x))\t\t\t\tEi 21 }\n                        23.\t\tEx (P -> Q(x))\t\t\t\t\tEe 17, 18-22 }\n                        24.\tEx (P -> Q(x))\t\t\t\t\t\t|e 10, 11-16, 17-23}\n                        25. (P -> Ex Q(x)) -> Ex (P -> Q(x))\t->i 1-24\n                    </proof>'}, {'role': 'user', 'content': ""Prove 'Ax ((P(x)->Q(x))&(Q(x)->P(x))) |- Ax ((~P(x)->~Q(x))&(~Q(x)->~P(x)))', using the natural deduction method. Final answer using the notation described.""}, {'role': 'assistant', 'content': ' <proof>\n                            1. Ax((P(x) -> Q(x)) & (Q(x) -> P(x))) pre\n                            2. { a\n                            3.   (P(a) -> Q(a)) & (Q(a) -> P(a)) Ae 1\n                            4.   P(a) -> Q(a) &e 3\n                            5.   Q(a) -> P(a) &e 3\n                            6.   { ~Q(a) hip\n                            7.     { P(a) hip\n                            8.       Q(a) ->e 7,4\n                            9.       @ ~e 6,8 }\n                            10.   ~P(a) ~i 7-9 }\n                            11. ~Q(a) -> ~P(a) ->i 6-10\n                            12. { ~P(a) hip\n                            13.   { Q(a) hip\n                            14.     P(a) ->e 13,5\n                            15.     @ ~e 12,14 }\n                            16.   ~Q(a) ~i 13-15 }\n                            17. ~P(a) -> ~Q(a) ->i 12-16\n                            18. (~P(a) -> ~Q(a)) & (~Q(a) -> ~P(a)) &i 17,11 }\n                            19. Ax((~P(x) -> ~Q(x)) & (~Q(x) -> ~P(x))) Ai 2-18 \n                        </proof>'}, {'role': 'user', 'content': ""Prove'|- Ex ~B(x)->~Ax B(x)' using the natural deduction method. Only one final answer, surrounded by <proof>...</proof>, using the notation described.""}]","<proof>
                        1. { ∃x ¬P(x)} hip
                        2.   { a, ¬P(a)} Ee 1
                        3.     { ∀x P(x)} hip
                        4.       P(a) Ae 3
                        5.       @ ~e 4,2
                        6.     ¬∀x P(x) ~i 3-5
                        7.   ¬∀x P(x) Ei 2-6
                        8. (∃x ¬P(x)) -> ¬∀x P(x) ->i 1-7
                    </proof>","1. { ∃x ¬P(x)} hip
                        2.   { a, ¬P(a)} Ee 1
                        3.     { ∀x P(x)} hip
                        4.       P(a) Ae 3
                        5.       @ ~e 4,2
                        6.     ¬∀x P(x) ~i 3-5
                        7.   ¬∀x P(x) Ei 2-6
                        8. (∃x ¬P(x)) -> ¬∀x P(x) ->i 1-7","Os seguintes erros foram encontrados:

Uma das definições não está completa, verifique se todas regras foram aplicadas corretamente.
Lembre-se que uma regra de inferência sempre inicia com um número seguido de um . (linha de referência), tem uma fórmula e uma justificativa (premissa, hipóteses ou uma das regras de inferência com suas respectivas referências para fórmulas anteriores).
Erro de sintaxe:
1. { ∃x ¬P(x)} hip
     ^ Símbolo não pertence a linguagem.
",1.8572356700897217,stop,1774,457
|- ~Ex B(x)->Ax ~B(x),"[{'role': 'system', 'content': ""You are an expert in logic using the Natural Deduction method.\nYou will receive one first order logic problem. Your task is to prove its validity using Natural Deduction and represent the proof in a Fitch-like notation, following these formatting instructions.\n\n### FORMAT OF PROOF LINES\nEach proof line must be structured like: '<line_number>. <formula> <origin>'\n- <line_number>: sequential integer, always ending with a dot ('1.', '2.', '3.', ...)\n- <formula>: the formula derived on that line\n- <origin>: either 'pre' (premise), 'hip' (hypothesis) or '<rule_name> <line_refs>'\n - <rule_name> and <line_refs>: \n - &e (1 line) \n - &i (2 lines) \n - ->e (2 lines) \n - ->i (1 range) \n - ~e (2 lines) \n - ~i (1 range) \n - |e (1 line + 2 ranges) \n - |i (1 line) \n - @e (1 line) \n - raa (1 range) \n - copy (1 line) \n - Ae (1 line)\n - Ai (1 range)\n - Ee (1 line + 1 range)\n - Ei (1 line)\n - <line_refs>: Must be comma-separated line numbers or ranges. Ranges denote subproofs (e.g., `->i 8-12`, `|e 4, 5-9, 10-14`)\n\n### SUBPROOFS / HYPOTHESES\nUse subproofs for hypotheses. Use curly braces '{' and '}' to open and close subproofs. \nPlace `{` immediately after the line number (e.g. '8.{ A|B hip') and `}` at the end of the final line of the subproof (e.g. '10. B @e 4}').\nNested subproofs are allowed. But a formula may only be used at a specific point if it appeared earlier in the same subproof or an outer subproof to the current subproof.\n\n### SYMBOLS & CONVENTIONS\nUse the following symbols for logical operations: \n- & = conjunction (and) \n- | = disjunction (or) \n- ~ = negation (not) \n- -> = implication (implies)\n\nQuantifiers symbols: \n Ax represents ∀x \n Ex represents ∃x\nSo formulas with ∀x and ∃x will be represented by Ax and Ex (A and E followed by the variable x). For example, Ax (H(x)->M(x)) represents ∀x (H(x)→M(x)).\n\n###CONVENTIONS\nAtoms: only uppercase letters not immediately followed by parentesis (e.g. P, Q, R).\nPredicates: uppercase letters immediately followed by parentesis (e.g. H(x), M(y), Q(a,b) ). All predicates must use parentheses.\nVariables: first letter in lowercase, can be followed by letters and numbers (e.g., x, x0, xP0).\n\n### TO CREATE NEW VARIABLE:\nFor Universal Introduction rule(Ai): open a subproof with a fresh variable not occurring in any open hypothesis.\nCreate new variable like this: '<line_number>. { <new_variable> '\n\nFor Existential Elimination rule(Ee): open a subproof with a fresh witness constant/variable. \nCreate new variable like this: '<line_number>. {<new_variable> φ[<old_variable>/<new_variable>] hip\n  Write only the final proof in <proof>...</proof> tags. Only use <proof>...</proof> tags ONCE. Only use these symbols inside the proof '&' , '->', '~', '|', '@', '(', ')', '{', '}', 'Ax', 'Ex'.\nDo not include explanations, commentary, or extra text inside and outside the <proof>...</proof> tags.\n ""}, {'role': 'user', 'content': ""Prove '|- (P->Ex Q(x))->Ex (P->Q(x))', using the natural deduction method. Final answer using the notation described. ""}, {'role': 'assistant', 'content': ' <proof>\n                        1. { \t(P -> Ex Q(x))\t\t\t\t\thip\n                        2.\t{\t~(~P | Ex Q(x))\t\t\t\t\thip\n                        3.\t\t{\tP\t\t\t\t\t\t\t\t      hip\n                        4.      Ex Q(x)               ->e 3, 1\n                        5.\t\t\t~P | Ex Q(x)\t\t\t\t\t|i 4\n                        6.\t\t\t@\t\t\t\t\t\t\t\t~e 5,2 }\t\t\n                        7.\t\t~P\t\t\t\t\t\t\t\t\t~i 3-6\n                        8.\t\t~P | Ex Q(x)\t\t\t\t\t\t|i 7\n                        9.\t\t@\t\t\t\t\t\t\t\t\t~e 8,2 }\n                        10.\t~P | Ex Q(x)        raa 2-9\n                        11.\t{\t~P\t\t\t\t\t\t\t\t\thip\n                        12.\t\t{\tP\t\t\t\t\t\t\t\thip\n                        13.\t\t\t@\t\t\t\t\t\t\t\t~e 11,12\n                        14.     Q(a)            @e 13 }\n                        15.\t\tP -> Q(a)\t\t\t\t\t\t\t->i 12-14\n                        16.\t\tEx  (P -> Q(x))\t\t\t\t\tEi 15 }\n                        17.\t{\tEx Q(x)\t\t\t\t\t\t\thip\n                        18.\t\t{ a\t\tQ(a)\t\t\t\t\t\thip\n                        19.\t\t\t{\tP\t\t\t\t\t\t\thip\n                        20.\t\t\t\tQ(a)\t\t\t\t\t\tcopie 18 }\n                        21.\t\t\tP -> Q(a)\t\t\t\t\t\t->i 19-20\n                        22.\t\t\tEx (P -> Q(x))\t\t\t\tEi 21 }\n                        23.\t\tEx (P -> Q(x))\t\t\t\t\tEe 17, 18-22 }\n                        24.\tEx (P -> Q(x))\t\t\t\t\t\t|e 10, 11-16, 17-23}\n                        25. (P -> Ex Q(x)) -> Ex (P -> Q(x))\t->i 1-24\n                    </proof>'}, {'role': 'user', 'content': ""Prove 'Ax ((P(x)->Q(x))&(Q(x)->P(x))) |- Ax ((~P(x)->~Q(x))&(~Q(x)->~P(x)))', using the natural deduction method. Final answer using the notation described.""}, {'role': 'assistant', 'content': ' <proof>\n                            1. Ax((P(x) -> Q(x)) & (Q(x) -> P(x))) pre\n                            2. { a\n                            3.   (P(a) -> Q(a)) & (Q(a) -> P(a)) Ae 1\n                            4.   P(a) -> Q(a) &e 3\n                            5.   Q(a) -> P(a) &e 3\n                            6.   { ~Q(a) hip\n                            7.     { P(a) hip\n                            8.       Q(a) ->e 7,4\n                            9.       @ ~e 6,8 }\n                            10.   ~P(a) ~i 7-9 }\n                            11. ~Q(a) -> ~P(a) ->i 6-10\n                            12. { ~P(a) hip\n                            13.   { Q(a) hip\n                            14.     P(a) ->e 13,5\n                            15.     @ ~e 12,14 }\n                            16.   ~Q(a) ~i 13-15 }\n                            17. ~P(a) -> ~Q(a) ->i 12-16\n                            18. (~P(a) -> ~Q(a)) & (~Q(a) -> ~P(a)) &i 17,11 }\n                            19. Ax((~P(x) -> ~Q(x)) & (~Q(x) -> ~P(x))) Ai 2-18 \n                        </proof>'}, {'role': 'user', 'content': ""Prove'|- ~Ex B(x)->Ax ~B(x)' using the natural deduction method. Only one final answer, surrounded by <proof>...</proof>, using the notation described.""}]","<proof>
                        1. ~Ex P(x) pre
                        2. { a
                        3.   { P(a) hip
                        4.     Ex P(x) Ei 3
                        5.     @ ~e 1,4 }
                        6.   ~P(a) ~i 3-5 }
                        7. Ax ~P(x) Ai 2-6
                    </proof>","1. ~Ex P(x) pre
                        2. { a
                        3.   { P(a) hip
                        4.     Ex P(x) Ei 3
                        5.     @ ~e 1,4 }
                        6.   ~P(a) ~i 3-5 }
                        7. Ax ~P(x) Ai 2-6","A demonstração está correta.
~Ex P(x) |- Ax ~P(x)

Código da demonstração no estilo Fitch em Latex:
\begin{logicproof}{6}
\lnot \exists x P(x) & premissa\\
\begin{subproof}
\llap{$a\quad$} &\\
\begin{subproof}
P(a) & hipótese\\
\exists x P(x) & $\exists i$ 3\\
\bot & $\lnot e$ 1, 4
\end{subproof}
\lnot P(a) & $\lnot i$ 3-5
\end{subproof}
\forall x \lnot P(x) & $\forall i$ 2-6
\end{logicproof}

Código da demonstração no estilo Gentzen em Latex:
\[\infer[\!\!{\forall\text{i}}]{\forall x \lnot P(x)}{\infer[\!\!{\lnot\text{i}^{_2}}]{\lnot P(a)}{\infer[\!\!{\lnot\text{e}}]{\bot}{{{\lnot \exists x P(x)}}&{\infer[\!\!\exists\text{i}]{\exists x P(x)}{\big[P(a)\big]^{_{2}}}}}}}\]
",1.288312911987305,stop,1774,324
|- Ax ~B(x)->~Ex B(x),"[{'role': 'system', 'content': ""You are an expert in logic using the Natural Deduction method.\nYou will receive one first order logic problem. Your task is to prove its validity using Natural Deduction and represent the proof in a Fitch-like notation, following these formatting instructions.\n\n### FORMAT OF PROOF LINES\nEach proof line must be structured like: '<line_number>. <formula> <origin>'\n- <line_number>: sequential integer, always ending with a dot ('1.', '2.', '3.', ...)\n- <formula>: the formula derived on that line\n- <origin>: either 'pre' (premise), 'hip' (hypothesis) or '<rule_name> <line_refs>'\n - <rule_name> and <line_refs>: \n - &e (1 line) \n - &i (2 lines) \n - ->e (2 lines) \n - ->i (1 range) \n - ~e (2 lines) \n - ~i (1 range) \n - |e (1 line + 2 ranges) \n - |i (1 line) \n - @e (1 line) \n - raa (1 range) \n - copy (1 line) \n - Ae (1 line)\n - Ai (1 range)\n - Ee (1 line + 1 range)\n - Ei (1 line)\n - <line_refs>: Must be comma-separated line numbers or ranges. Ranges denote subproofs (e.g., `->i 8-12`, `|e 4, 5-9, 10-14`)\n\n### SUBPROOFS / HYPOTHESES\nUse subproofs for hypotheses. Use curly braces '{' and '}' to open and close subproofs. \nPlace `{` immediately after the line number (e.g. '8.{ A|B hip') and `}` at the end of the final line of the subproof (e.g. '10. B @e 4}').\nNested subproofs are allowed. But a formula may only be used at a specific point if it appeared earlier in the same subproof or an outer subproof to the current subproof.\n\n### SYMBOLS & CONVENTIONS\nUse the following symbols for logical operations: \n- & = conjunction (and) \n- | = disjunction (or) \n- ~ = negation (not) \n- -> = implication (implies)\n\nQuantifiers symbols: \n Ax represents ∀x \n Ex represents ∃x\nSo formulas with ∀x and ∃x will be represented by Ax and Ex (A and E followed by the variable x). For example, Ax (H(x)->M(x)) represents ∀x (H(x)→M(x)).\n\n###CONVENTIONS\nAtoms: only uppercase letters not immediately followed by parentesis (e.g. P, Q, R).\nPredicates: uppercase letters immediately followed by parentesis (e.g. H(x), M(y), Q(a,b) ). All predicates must use parentheses.\nVariables: first letter in lowercase, can be followed by letters and numbers (e.g., x, x0, xP0).\n\n### TO CREATE NEW VARIABLE:\nFor Universal Introduction rule(Ai): open a subproof with a fresh variable not occurring in any open hypothesis.\nCreate new variable like this: '<line_number>. { <new_variable> '\n\nFor Existential Elimination rule(Ee): open a subproof with a fresh witness constant/variable. \nCreate new variable like this: '<line_number>. {<new_variable> φ[<old_variable>/<new_variable>] hip\n  Write only the final proof in <proof>...</proof> tags. Only use <proof>...</proof> tags ONCE. Only use these symbols inside the proof '&' , '->', '~', '|', '@', '(', ')', '{', '}', 'Ax', 'Ex'.\nDo not include explanations, commentary, or extra text inside and outside the <proof>...</proof> tags.\n ""}, {'role': 'user', 'content': ""Prove '|- (P->Ex Q(x))->Ex (P->Q(x))', using the natural deduction method. Final answer using the notation described. ""}, {'role': 'assistant', 'content': ' <proof>\n                        1. { \t(P -> Ex Q(x))\t\t\t\t\thip\n                        2.\t{\t~(~P | Ex Q(x))\t\t\t\t\thip\n                        3.\t\t{\tP\t\t\t\t\t\t\t\t      hip\n                        4.      Ex Q(x)               ->e 3, 1\n                        5.\t\t\t~P | Ex Q(x)\t\t\t\t\t|i 4\n                        6.\t\t\t@\t\t\t\t\t\t\t\t~e 5,2 }\t\t\n                        7.\t\t~P\t\t\t\t\t\t\t\t\t~i 3-6\n                        8.\t\t~P | Ex Q(x)\t\t\t\t\t\t|i 7\n                        9.\t\t@\t\t\t\t\t\t\t\t\t~e 8,2 }\n                        10.\t~P | Ex Q(x)        raa 2-9\n                        11.\t{\t~P\t\t\t\t\t\t\t\t\thip\n                        12.\t\t{\tP\t\t\t\t\t\t\t\thip\n                        13.\t\t\t@\t\t\t\t\t\t\t\t~e 11,12\n                        14.     Q(a)            @e 13 }\n                        15.\t\tP -> Q(a)\t\t\t\t\t\t\t->i 12-14\n                        16.\t\tEx  (P -> Q(x))\t\t\t\t\tEi 15 }\n                        17.\t{\tEx Q(x)\t\t\t\t\t\t\thip\n                        18.\t\t{ a\t\tQ(a)\t\t\t\t\t\thip\n                        19.\t\t\t{\tP\t\t\t\t\t\t\thip\n                        20.\t\t\t\tQ(a)\t\t\t\t\t\tcopie 18 }\n                        21.\t\t\tP -> Q(a)\t\t\t\t\t\t->i 19-20\n                        22.\t\t\tEx (P -> Q(x))\t\t\t\tEi 21 }\n                        23.\t\tEx (P -> Q(x))\t\t\t\t\tEe 17, 18-22 }\n                        24.\tEx (P -> Q(x))\t\t\t\t\t\t|e 10, 11-16, 17-23}\n                        25. (P -> Ex Q(x)) -> Ex (P -> Q(x))\t->i 1-24\n                    </proof>'}, {'role': 'user', 'content': ""Prove 'Ax ((P(x)->Q(x))&(Q(x)->P(x))) |- Ax ((~P(x)->~Q(x))&(~Q(x)->~P(x)))', using the natural deduction method. Final answer using the notation described.""}, {'role': 'assistant', 'content': ' <proof>\n                            1. Ax((P(x) -> Q(x)) & (Q(x) -> P(x))) pre\n                            2. { a\n                            3.   (P(a) -> Q(a)) & (Q(a) -> P(a)) Ae 1\n                            4.   P(a) -> Q(a) &e 3\n                            5.   Q(a) -> P(a) &e 3\n                            6.   { ~Q(a) hip\n                            7.     { P(a) hip\n                            8.       Q(a) ->e 7,4\n                            9.       @ ~e 6,8 }\n                            10.   ~P(a) ~i 7-9 }\n                            11. ~Q(a) -> ~P(a) ->i 6-10\n                            12. { ~P(a) hip\n                            13.   { Q(a) hip\n                            14.     P(a) ->e 13,5\n                            15.     @ ~e 12,14 }\n                            16.   ~Q(a) ~i 13-15 }\n                            17. ~P(a) -> ~Q(a) ->i 12-16\n                            18. (~P(a) -> ~Q(a)) & (~Q(a) -> ~P(a)) &i 17,11 }\n                            19. Ax((~P(x) -> ~Q(x)) & (~Q(x) -> ~P(x))) Ai 2-18 \n                        </proof>'}, {'role': 'user', 'content': ""Prove'|- Ax ~B(x)->~Ex B(x)' using the natural deduction method. Only one final answer, surrounded by <proof>...</proof>, using the notation described.""}]","<proof>
                        1. { Ax~P(x) hip
                        2.   Ex P(x) hip
                        3.     { a P(a) hip
                        4.       ~P(a) Ae 1
                        5.       @ ~e 3,4 }
                        6.   ~Ex P(x) raa 2-5 }
                        7. (Ax~P(x)) -> ~Ex P(x) ->i 1-6
                    </proof>","1. { Ax~P(x) hip
                        2.   Ex P(x) hip
                        3.     { a P(a) hip
                        4.       ~P(a) Ae 1
                        5.       @ ~e 3,4 }
                        6.   ~Ex P(x) raa 2-5 }
                        7. (Ax~P(x)) -> ~Ex P(x) ->i 1-6","Os seguintes erros foram encontrados:

Erro de sintaxe na linha 2:
                        2.   Ex P(x) hip
                                     ^, uma hipótese só pode ser usado no início de uma caixa e é introduzida apenas por uma regra de inferência.Erro de sintaxe na linha 6:
                        6.   ~Ex P(x) raa 2-5 }
                                          ^, esta não é uma caixa (escopo) válida.",3.606946229934693,stop,1774,963
|- Ex (B(x)&C)->(Ex B(x)&C),"[{'role': 'system', 'content': ""You are an expert in logic using the Natural Deduction method.\nYou will receive one first order logic problem. Your task is to prove its validity using Natural Deduction and represent the proof in a Fitch-like notation, following these formatting instructions.\n\n### FORMAT OF PROOF LINES\nEach proof line must be structured like: '<line_number>. <formula> <origin>'\n- <line_number>: sequential integer, always ending with a dot ('1.', '2.', '3.', ...)\n- <formula>: the formula derived on that line\n- <origin>: either 'pre' (premise), 'hip' (hypothesis) or '<rule_name> <line_refs>'\n - <rule_name> and <line_refs>: \n - &e (1 line) \n - &i (2 lines) \n - ->e (2 lines) \n - ->i (1 range) \n - ~e (2 lines) \n - ~i (1 range) \n - |e (1 line + 2 ranges) \n - |i (1 line) \n - @e (1 line) \n - raa (1 range) \n - copy (1 line) \n - Ae (1 line)\n - Ai (1 range)\n - Ee (1 line + 1 range)\n - Ei (1 line)\n - <line_refs>: Must be comma-separated line numbers or ranges. Ranges denote subproofs (e.g., `->i 8-12`, `|e 4, 5-9, 10-14`)\n\n### SUBPROOFS / HYPOTHESES\nUse subproofs for hypotheses. Use curly braces '{' and '}' to open and close subproofs. \nPlace `{` immediately after the line number (e.g. '8.{ A|B hip') and `}` at the end of the final line of the subproof (e.g. '10. B @e 4}').\nNested subproofs are allowed. But a formula may only be used at a specific point if it appeared earlier in the same subproof or an outer subproof to the current subproof.\n\n### SYMBOLS & CONVENTIONS\nUse the following symbols for logical operations: \n- & = conjunction (and) \n- | = disjunction (or) \n- ~ = negation (not) \n- -> = implication (implies)\n\nQuantifiers symbols: \n Ax represents ∀x \n Ex represents ∃x\nSo formulas with ∀x and ∃x will be represented by Ax and Ex (A and E followed by the variable x). For example, Ax (H(x)->M(x)) represents ∀x (H(x)→M(x)).\n\n###CONVENTIONS\nAtoms: only uppercase letters not immediately followed by parentesis (e.g. P, Q, R).\nPredicates: uppercase letters immediately followed by parentesis (e.g. H(x), M(y), Q(a,b) ). All predicates must use parentheses.\nVariables: first letter in lowercase, can be followed by letters and numbers (e.g., x, x0, xP0).\n\n### TO CREATE NEW VARIABLE:\nFor Universal Introduction rule(Ai): open a subproof with a fresh variable not occurring in any open hypothesis.\nCreate new variable like this: '<line_number>. { <new_variable> '\n\nFor Existential Elimination rule(Ee): open a subproof with a fresh witness constant/variable. \nCreate new variable like this: '<line_number>. {<new_variable> φ[<old_variable>/<new_variable>] hip\n  Write only the final proof in <proof>...</proof> tags. Only use <proof>...</proof> tags ONCE. Only use these symbols inside the proof '&' , '->', '~', '|', '@', '(', ')', '{', '}', 'Ax', 'Ex'.\nDo not include explanations, commentary, or extra text inside and outside the <proof>...</proof> tags.\n ""}, {'role': 'user', 'content': ""Prove '|- (P->Ex Q(x))->Ex (P->Q(x))', using the natural deduction method. Final answer using the notation described. ""}, {'role': 'assistant', 'content': ' <proof>\n                        1. { \t(P -> Ex Q(x))\t\t\t\t\thip\n                        2.\t{\t~(~P | Ex Q(x))\t\t\t\t\thip\n                        3.\t\t{\tP\t\t\t\t\t\t\t\t      hip\n                        4.      Ex Q(x)               ->e 3, 1\n                        5.\t\t\t~P | Ex Q(x)\t\t\t\t\t|i 4\n                        6.\t\t\t@\t\t\t\t\t\t\t\t~e 5,2 }\t\t\n                        7.\t\t~P\t\t\t\t\t\t\t\t\t~i 3-6\n                        8.\t\t~P | Ex Q(x)\t\t\t\t\t\t|i 7\n                        9.\t\t@\t\t\t\t\t\t\t\t\t~e 8,2 }\n                        10.\t~P | Ex Q(x)        raa 2-9\n                        11.\t{\t~P\t\t\t\t\t\t\t\t\thip\n                        12.\t\t{\tP\t\t\t\t\t\t\t\thip\n                        13.\t\t\t@\t\t\t\t\t\t\t\t~e 11,12\n                        14.     Q(a)            @e 13 }\n                        15.\t\tP -> Q(a)\t\t\t\t\t\t\t->i 12-14\n                        16.\t\tEx  (P -> Q(x))\t\t\t\t\tEi 15 }\n                        17.\t{\tEx Q(x)\t\t\t\t\t\t\thip\n                        18.\t\t{ a\t\tQ(a)\t\t\t\t\t\thip\n                        19.\t\t\t{\tP\t\t\t\t\t\t\thip\n                        20.\t\t\t\tQ(a)\t\t\t\t\t\tcopie 18 }\n                        21.\t\t\tP -> Q(a)\t\t\t\t\t\t->i 19-20\n                        22.\t\t\tEx (P -> Q(x))\t\t\t\tEi 21 }\n                        23.\t\tEx (P -> Q(x))\t\t\t\t\tEe 17, 18-22 }\n                        24.\tEx (P -> Q(x))\t\t\t\t\t\t|e 10, 11-16, 17-23}\n                        25. (P -> Ex Q(x)) -> Ex (P -> Q(x))\t->i 1-24\n                    </proof>'}, {'role': 'user', 'content': ""Prove 'Ax ((P(x)->Q(x))&(Q(x)->P(x))) |- Ax ((~P(x)->~Q(x))&(~Q(x)->~P(x)))', using the natural deduction method. Final answer using the notation described.""}, {'role': 'assistant', 'content': ' <proof>\n                            1. Ax((P(x) -> Q(x)) & (Q(x) -> P(x))) pre\n                            2. { a\n                            3.   (P(a) -> Q(a)) & (Q(a) -> P(a)) Ae 1\n                            4.   P(a) -> Q(a) &e 3\n                            5.   Q(a) -> P(a) &e 3\n                            6.   { ~Q(a) hip\n                            7.     { P(a) hip\n                            8.       Q(a) ->e 7,4\n                            9.       @ ~e 6,8 }\n                            10.   ~P(a) ~i 7-9 }\n                            11. ~Q(a) -> ~P(a) ->i 6-10\n                            12. { ~P(a) hip\n                            13.   { Q(a) hip\n                            14.     P(a) ->e 13,5\n                            15.     @ ~e 12,14 }\n                            16.   ~Q(a) ~i 13-15 }\n                            17. ~P(a) -> ~Q(a) ->i 12-16\n                            18. (~P(a) -> ~Q(a)) & (~Q(a) -> ~P(a)) &i 17,11 }\n                            19. Ax((~P(x) -> ~Q(x)) & (~Q(x) -> ~P(x))) Ai 2-18 \n                        </proof>'}, {'role': 'user', 'content': ""Prove'|- Ex (B(x)&C)->(Ex B(x)&C)' using the natural deduction method. Only one final answer, surrounded by <proof>...</proof>, using the notation described.""}]","<proof>
                        1. Ex(P(x) & Q) hip
                        2. { a (P(a) & Q) hip
                        3.   P(a) &e 2
                        4.   Q &e 2
                        5.   ∃x P(x) Ei 3
                        6.   ∃x P(x) & Q &i 5,4 }
                        7. (∃x P(x) & Q) Ee 1,2-6
                        8. Ex(P(x) & Q) -> (∃x P(x) & Q) ->i 1-7
                    </proof>","1. Ex(P(x) & Q) hip
                        2. { a (P(a) & Q) hip
                        3.   P(a) &e 2
                        4.   Q &e 2
                        5.   ∃x P(x) Ei 3
                        6.   ∃x P(x) & Q &i 5,4 }
                        7. (∃x P(x) & Q) Ee 1,2-6
                        8. Ex(P(x) & Q) -> (∃x P(x) & Q) ->i 1-7","Os seguintes erros foram encontrados:

Uma das definições não está completa, verifique se todas regras foram aplicadas corretamente.
Lembre-se que uma regra de inferência sempre inicia com um número seguido de um . (linha de referência), tem uma fórmula e uma justificativa (premissa, hipóteses ou uma das regras de inferência com suas respectivas referências para fórmulas anteriores).
Erro de sintaxe:
                        5.   ∃x P(x) Ei 3
                             ^ Símbolo não pertence a linguagem.
",1.6862125396728516,stop,1778,442
|- Ax (B(x)|C)->(Ax B(x)|C),"[{'role': 'system', 'content': ""You are an expert in logic using the Natural Deduction method.\nYou will receive one first order logic problem. Your task is to prove its validity using Natural Deduction and represent the proof in a Fitch-like notation, following these formatting instructions.\n\n### FORMAT OF PROOF LINES\nEach proof line must be structured like: '<line_number>. <formula> <origin>'\n- <line_number>: sequential integer, always ending with a dot ('1.', '2.', '3.', ...)\n- <formula>: the formula derived on that line\n- <origin>: either 'pre' (premise), 'hip' (hypothesis) or '<rule_name> <line_refs>'\n - <rule_name> and <line_refs>: \n - &e (1 line) \n - &i (2 lines) \n - ->e (2 lines) \n - ->i (1 range) \n - ~e (2 lines) \n - ~i (1 range) \n - |e (1 line + 2 ranges) \n - |i (1 line) \n - @e (1 line) \n - raa (1 range) \n - copy (1 line) \n - Ae (1 line)\n - Ai (1 range)\n - Ee (1 line + 1 range)\n - Ei (1 line)\n - <line_refs>: Must be comma-separated line numbers or ranges. Ranges denote subproofs (e.g., `->i 8-12`, `|e 4, 5-9, 10-14`)\n\n### SUBPROOFS / HYPOTHESES\nUse subproofs for hypotheses. Use curly braces '{' and '}' to open and close subproofs. \nPlace `{` immediately after the line number (e.g. '8.{ A|B hip') and `}` at the end of the final line of the subproof (e.g. '10. B @e 4}').\nNested subproofs are allowed. But a formula may only be used at a specific point if it appeared earlier in the same subproof or an outer subproof to the current subproof.\n\n### SYMBOLS & CONVENTIONS\nUse the following symbols for logical operations: \n- & = conjunction (and) \n- | = disjunction (or) \n- ~ = negation (not) \n- -> = implication (implies)\n\nQuantifiers symbols: \n Ax represents ∀x \n Ex represents ∃x\nSo formulas with ∀x and ∃x will be represented by Ax and Ex (A and E followed by the variable x). For example, Ax (H(x)->M(x)) represents ∀x (H(x)→M(x)).\n\n###CONVENTIONS\nAtoms: only uppercase letters not immediately followed by parentesis (e.g. P, Q, R).\nPredicates: uppercase letters immediately followed by parentesis (e.g. H(x), M(y), Q(a,b) ). All predicates must use parentheses.\nVariables: first letter in lowercase, can be followed by letters and numbers (e.g., x, x0, xP0).\n\n### TO CREATE NEW VARIABLE:\nFor Universal Introduction rule(Ai): open a subproof with a fresh variable not occurring in any open hypothesis.\nCreate new variable like this: '<line_number>. { <new_variable> '\n\nFor Existential Elimination rule(Ee): open a subproof with a fresh witness constant/variable. \nCreate new variable like this: '<line_number>. {<new_variable> φ[<old_variable>/<new_variable>] hip\n  Write only the final proof in <proof>...</proof> tags. Only use <proof>...</proof> tags ONCE. Only use these symbols inside the proof '&' , '->', '~', '|', '@', '(', ')', '{', '}', 'Ax', 'Ex'.\nDo not include explanations, commentary, or extra text inside and outside the <proof>...</proof> tags.\n ""}, {'role': 'user', 'content': ""Prove '|- (P->Ex Q(x))->Ex (P->Q(x))', using the natural deduction method. Final answer using the notation described. ""}, {'role': 'assistant', 'content': ' <proof>\n                        1. { \t(P -> Ex Q(x))\t\t\t\t\thip\n                        2.\t{\t~(~P | Ex Q(x))\t\t\t\t\thip\n                        3.\t\t{\tP\t\t\t\t\t\t\t\t      hip\n                        4.      Ex Q(x)               ->e 3, 1\n                        5.\t\t\t~P | Ex Q(x)\t\t\t\t\t|i 4\n                        6.\t\t\t@\t\t\t\t\t\t\t\t~e 5,2 }\t\t\n                        7.\t\t~P\t\t\t\t\t\t\t\t\t~i 3-6\n                        8.\t\t~P | Ex Q(x)\t\t\t\t\t\t|i 7\n                        9.\t\t@\t\t\t\t\t\t\t\t\t~e 8,2 }\n                        10.\t~P | Ex Q(x)        raa 2-9\n                        11.\t{\t~P\t\t\t\t\t\t\t\t\thip\n                        12.\t\t{\tP\t\t\t\t\t\t\t\thip\n                        13.\t\t\t@\t\t\t\t\t\t\t\t~e 11,12\n                        14.     Q(a)            @e 13 }\n                        15.\t\tP -> Q(a)\t\t\t\t\t\t\t->i 12-14\n                        16.\t\tEx  (P -> Q(x))\t\t\t\t\tEi 15 }\n                        17.\t{\tEx Q(x)\t\t\t\t\t\t\thip\n                        18.\t\t{ a\t\tQ(a)\t\t\t\t\t\thip\n                        19.\t\t\t{\tP\t\t\t\t\t\t\thip\n                        20.\t\t\t\tQ(a)\t\t\t\t\t\tcopie 18 }\n                        21.\t\t\tP -> Q(a)\t\t\t\t\t\t->i 19-20\n                        22.\t\t\tEx (P -> Q(x))\t\t\t\tEi 21 }\n                        23.\t\tEx (P -> Q(x))\t\t\t\t\tEe 17, 18-22 }\n                        24.\tEx (P -> Q(x))\t\t\t\t\t\t|e 10, 11-16, 17-23}\n                        25. (P -> Ex Q(x)) -> Ex (P -> Q(x))\t->i 1-24\n                    </proof>'}, {'role': 'user', 'content': ""Prove 'Ax ((P(x)->Q(x))&(Q(x)->P(x))) |- Ax ((~P(x)->~Q(x))&(~Q(x)->~P(x)))', using the natural deduction method. Final answer using the notation described.""}, {'role': 'assistant', 'content': ' <proof>\n                            1. Ax((P(x) -> Q(x)) & (Q(x) -> P(x))) pre\n                            2. { a\n                            3.   (P(a) -> Q(a)) & (Q(a) -> P(a)) Ae 1\n                            4.   P(a) -> Q(a) &e 3\n                            5.   Q(a) -> P(a) &e 3\n                            6.   { ~Q(a) hip\n                            7.     { P(a) hip\n                            8.       Q(a) ->e 7,4\n                            9.       @ ~e 6,8 }\n                            10.   ~P(a) ~i 7-9 }\n                            11. ~Q(a) -> ~P(a) ->i 6-10\n                            12. { ~P(a) hip\n                            13.   { Q(a) hip\n                            14.     P(a) ->e 13,5\n                            15.     @ ~e 12,14 }\n                            16.   ~Q(a) ~i 13-15 }\n                            17. ~P(a) -> ~Q(a) ->i 12-16\n                            18. (~P(a) -> ~Q(a)) & (~Q(a) -> ~P(a)) &i 17,11 }\n                            19. Ax((~P(x) -> ~Q(x)) & (~Q(x) -> ~P(x))) Ai 2-18 \n                        </proof>'}, {'role': 'user', 'content': ""Prove'|- Ax (B(x)|C)->(Ax B(x)|C)' using the natural deduction method. Only one final answer, surrounded by <proof>...</proof>, using the notation described.""}]","<proof>
                        1. Ax(P|Q) pre
                        2. { ~(AxP | Q) hip
                        3.   { Q hip
                        4.     (AxP | Q) |i 3
                        5.     @ ~e 4,2 }
                        6.   ~Q ~i 3-5
                        7.   { AxP hip
                        8.     (AxP | Q) |i 7
                        9.     @ ~e 8,2 }
                        10.  ~AxP ~i 7-9
                        11.  { a
                        12.    P(a)|Q Ae 1
                        13.    { P(a) hip
                        14.      P(a) }
                        15.    { Q hip
                        16.      @ ~e 6,15 }
                        17.    P(a) |e 12,13-14,15-16 }
                        18.  AxP Ei 11-17
                        19.  @ ~e 10,18 } 
                        20. (AxP | Q) ->i 2-19
                    </proof>","1. Ax(P|Q) pre
                        2. { ~(AxP | Q) hip
                        3.   { Q hip
                        4.     (AxP | Q) |i 3
                        5.     @ ~e 4,2 }
                        6.   ~Q ~i 3-5
                        7.   { AxP hip
                        8.     (AxP | Q) |i 7
                        9.     @ ~e 8,2 }
                        10.  ~AxP ~i 7-9
                        11.  { a
                        12.    P(a)|Q Ae 1
                        13.    { P(a) hip
                        14.      P(a) }
                        15.    { Q hip
                        16.      @ ~e 6,15 }
                        17.    P(a) |e 12,13-14,15-16 }
                        18.  AxP Ei 11-17
                        19.  @ ~e 10,18 } 
                        20. (AxP | Q) ->i 2-19","Os seguintes erros foram encontrados:

Uma das definições não está completa, verifique se todas regras foram aplicadas corretamente.
Lembre-se que uma regra de inferência sempre inicia com um número seguido de um . (linha de referência), tem uma fórmula e uma justificativa (premissa, hipóteses ou uma das regras de inferência com suas respectivas referências para fórmulas anteriores).
Erro de sintaxe:
                        14.      P(a) }
                                      ^
",6.658932209014893,stop,1778,1785
|- (Ax B(x)->C)->Ex (B(x)->C),"[{'role': 'system', 'content': ""You are an expert in logic using the Natural Deduction method.\nYou will receive one first order logic problem. Your task is to prove its validity using Natural Deduction and represent the proof in a Fitch-like notation, following these formatting instructions.\n\n### FORMAT OF PROOF LINES\nEach proof line must be structured like: '<line_number>. <formula> <origin>'\n- <line_number>: sequential integer, always ending with a dot ('1.', '2.', '3.', ...)\n- <formula>: the formula derived on that line\n- <origin>: either 'pre' (premise), 'hip' (hypothesis) or '<rule_name> <line_refs>'\n - <rule_name> and <line_refs>: \n - &e (1 line) \n - &i (2 lines) \n - ->e (2 lines) \n - ->i (1 range) \n - ~e (2 lines) \n - ~i (1 range) \n - |e (1 line + 2 ranges) \n - |i (1 line) \n - @e (1 line) \n - raa (1 range) \n - copy (1 line) \n - Ae (1 line)\n - Ai (1 range)\n - Ee (1 line + 1 range)\n - Ei (1 line)\n - <line_refs>: Must be comma-separated line numbers or ranges. Ranges denote subproofs (e.g., `->i 8-12`, `|e 4, 5-9, 10-14`)\n\n### SUBPROOFS / HYPOTHESES\nUse subproofs for hypotheses. Use curly braces '{' and '}' to open and close subproofs. \nPlace `{` immediately after the line number (e.g. '8.{ A|B hip') and `}` at the end of the final line of the subproof (e.g. '10. B @e 4}').\nNested subproofs are allowed. But a formula may only be used at a specific point if it appeared earlier in the same subproof or an outer subproof to the current subproof.\n\n### SYMBOLS & CONVENTIONS\nUse the following symbols for logical operations: \n- & = conjunction (and) \n- | = disjunction (or) \n- ~ = negation (not) \n- -> = implication (implies)\n\nQuantifiers symbols: \n Ax represents ∀x \n Ex represents ∃x\nSo formulas with ∀x and ∃x will be represented by Ax and Ex (A and E followed by the variable x). For example, Ax (H(x)->M(x)) represents ∀x (H(x)→M(x)).\n\n###CONVENTIONS\nAtoms: only uppercase letters not immediately followed by parentesis (e.g. P, Q, R).\nPredicates: uppercase letters immediately followed by parentesis (e.g. H(x), M(y), Q(a,b) ). All predicates must use parentheses.\nVariables: first letter in lowercase, can be followed by letters and numbers (e.g., x, x0, xP0).\n\n### TO CREATE NEW VARIABLE:\nFor Universal Introduction rule(Ai): open a subproof with a fresh variable not occurring in any open hypothesis.\nCreate new variable like this: '<line_number>. { <new_variable> '\n\nFor Existential Elimination rule(Ee): open a subproof with a fresh witness constant/variable. \nCreate new variable like this: '<line_number>. {<new_variable> φ[<old_variable>/<new_variable>] hip\n  Write only the final proof in <proof>...</proof> tags. Only use <proof>...</proof> tags ONCE. Only use these symbols inside the proof '&' , '->', '~', '|', '@', '(', ')', '{', '}', 'Ax', 'Ex'.\nDo not include explanations, commentary, or extra text inside and outside the <proof>...</proof> tags.\n ""}, {'role': 'user', 'content': ""Prove '|- (P->Ex Q(x))->Ex (P->Q(x))', using the natural deduction method. Final answer using the notation described. ""}, {'role': 'assistant', 'content': ' <proof>\n                        1. { \t(P -> Ex Q(x))\t\t\t\t\thip\n                        2.\t{\t~(~P | Ex Q(x))\t\t\t\t\thip\n                        3.\t\t{\tP\t\t\t\t\t\t\t\t      hip\n                        4.      Ex Q(x)               ->e 3, 1\n                        5.\t\t\t~P | Ex Q(x)\t\t\t\t\t|i 4\n                        6.\t\t\t@\t\t\t\t\t\t\t\t~e 5,2 }\t\t\n                        7.\t\t~P\t\t\t\t\t\t\t\t\t~i 3-6\n                        8.\t\t~P | Ex Q(x)\t\t\t\t\t\t|i 7\n                        9.\t\t@\t\t\t\t\t\t\t\t\t~e 8,2 }\n                        10.\t~P | Ex Q(x)        raa 2-9\n                        11.\t{\t~P\t\t\t\t\t\t\t\t\thip\n                        12.\t\t{\tP\t\t\t\t\t\t\t\thip\n                        13.\t\t\t@\t\t\t\t\t\t\t\t~e 11,12\n                        14.     Q(a)            @e 13 }\n                        15.\t\tP -> Q(a)\t\t\t\t\t\t\t->i 12-14\n                        16.\t\tEx  (P -> Q(x))\t\t\t\t\tEi 15 }\n                        17.\t{\tEx Q(x)\t\t\t\t\t\t\thip\n                        18.\t\t{ a\t\tQ(a)\t\t\t\t\t\thip\n                        19.\t\t\t{\tP\t\t\t\t\t\t\thip\n                        20.\t\t\t\tQ(a)\t\t\t\t\t\tcopie 18 }\n                        21.\t\t\tP -> Q(a)\t\t\t\t\t\t->i 19-20\n                        22.\t\t\tEx (P -> Q(x))\t\t\t\tEi 21 }\n                        23.\t\tEx (P -> Q(x))\t\t\t\t\tEe 17, 18-22 }\n                        24.\tEx (P -> Q(x))\t\t\t\t\t\t|e 10, 11-16, 17-23}\n                        25. (P -> Ex Q(x)) -> Ex (P -> Q(x))\t->i 1-24\n                    </proof>'}, {'role': 'user', 'content': ""Prove 'Ax ((P(x)->Q(x))&(Q(x)->P(x))) |- Ax ((~P(x)->~Q(x))&(~Q(x)->~P(x)))', using the natural deduction method. Final answer using the notation described.""}, {'role': 'assistant', 'content': ' <proof>\n                            1. Ax((P(x) -> Q(x)) & (Q(x) -> P(x))) pre\n                            2. { a\n                            3.   (P(a) -> Q(a)) & (Q(a) -> P(a)) Ae 1\n                            4.   P(a) -> Q(a) &e 3\n                            5.   Q(a) -> P(a) &e 3\n                            6.   { ~Q(a) hip\n                            7.     { P(a) hip\n                            8.       Q(a) ->e 7,4\n                            9.       @ ~e 6,8 }\n                            10.   ~P(a) ~i 7-9 }\n                            11. ~Q(a) -> ~P(a) ->i 6-10\n                            12. { ~P(a) hip\n                            13.   { Q(a) hip\n                            14.     P(a) ->e 13,5\n                            15.     @ ~e 12,14 }\n                            16.   ~Q(a) ~i 13-15 }\n                            17. ~P(a) -> ~Q(a) ->i 12-16\n                            18. (~P(a) -> ~Q(a)) & (~Q(a) -> ~P(a)) &i 17,11 }\n                            19. Ax((~P(x) -> ~Q(x)) & (~Q(x) -> ~P(x))) Ai 2-18 \n                        </proof>'}, {'role': 'user', 'content': ""Prove'|- (Ax B(x)->C)->Ex (B(x)->C)' using the natural deduction method. Only one final answer, surrounded by <proof>...</proof>, using the notation described.""}]","<proof>
                        1. { (Ax P(x) -> Q)					hip
                        2.   { ¬Ex(P(x)->Q)				hip
                        3.     { a						hip
                        4.       { P(a) -> Q				hip
                        5.         Ex(P(x)->Q) Ei 4
                        6.         @					~e 2,5 }
                        7.       ¬(P(a) -> Q)			~i 4-6 }
                        8.     ∀x ¬(P(x)->Q) Ai 3-7
                        9.     { a						hip
                        10.      ¬(P(a)->Q) Ae 8
                        11.      { ¬P(a)				hip
                        12.        P(a) -> Q |i 11
                        13.        @					~e 10,12 }
                        14.      P(a)					~i 11-13 }
                        15.   ∀x P(x) Ai 9-14
                        16.   { a						hip
                        17.     ¬(P(a)->Q) Ae 8
                        18.     { Q					hip
                        19.       P(a) -> Q |i 18
                        20.       @					~e 17,19 }
                        21.     ¬Q					~i 18-20 }
                        22.   ¬Q						Ai 16-21
                        23.   Ax P(x) Ae 15
                        24.   Q ->e 1,23
                        25.   @					~e 22,24 }
                        26. Ex(P(x)->Q) raa 2-25
                        27. (Ax P(x) -> Q) -> Ex(P(x)->Q) ->i 1-26
                    </proof>","1. { (Ax P(x) -> Q)					hip
                        2.   { ¬Ex(P(x)->Q)				hip
                        3.     { a						hip
                        4.       { P(a) -> Q				hip
                        5.         Ex(P(x)->Q) Ei 4
                        6.         @					~e 2,5 }
                        7.       ¬(P(a) -> Q)			~i 4-6 }
                        8.     ∀x ¬(P(x)->Q) Ai 3-7
                        9.     { a						hip
                        10.      ¬(P(a)->Q) Ae 8
                        11.      { ¬P(a)				hip
                        12.        P(a) -> Q |i 11
                        13.        @					~e 10,12 }
                        14.      P(a)					~i 11-13 }
                        15.   ∀x P(x) Ai 9-14
                        16.   { a						hip
                        17.     ¬(P(a)->Q) Ae 8
                        18.     { Q					hip
                        19.       P(a) -> Q |i 18
                        20.       @					~e 17,19 }
                        21.     ¬Q					~i 18-20 }
                        22.   ¬Q						Ai 16-21
                        23.   Ax P(x) Ae 15
                        24.   Q ->e 1,23
                        25.   @					~e 22,24 }
                        26. Ex(P(x)->Q) raa 2-25
                        27. (Ax P(x) -> Q) -> Ex(P(x)->Q) ->i 1-26","Os seguintes erros foram encontrados:

Uma das definições não está completa, verifique se todas regras foram aplicadas corretamente.
Lembre-se que uma regra de inferência sempre inicia com um número seguido de um . (linha de referência), tem uma fórmula e uma justificativa (premissa, hipóteses ou uma das regras de inferência com suas respectivas referências para fórmulas anteriores).
Erro de sintaxe:
                        2.   { ¬Ex(P(x)->Q)				hip
                               ^ Símbolo não pertence a linguagem.
",8.252485036849976,stop,1778,2125
|- Ex (B->C(x))->(B->Ex C(x)),"[{'role': 'system', 'content': ""You are an expert in logic using the Natural Deduction method.\nYou will receive one first order logic problem. Your task is to prove its validity using Natural Deduction and represent the proof in a Fitch-like notation, following these formatting instructions.\n\n### FORMAT OF PROOF LINES\nEach proof line must be structured like: '<line_number>. <formula> <origin>'\n- <line_number>: sequential integer, always ending with a dot ('1.', '2.', '3.', ...)\n- <formula>: the formula derived on that line\n- <origin>: either 'pre' (premise), 'hip' (hypothesis) or '<rule_name> <line_refs>'\n - <rule_name> and <line_refs>: \n - &e (1 line) \n - &i (2 lines) \n - ->e (2 lines) \n - ->i (1 range) \n - ~e (2 lines) \n - ~i (1 range) \n - |e (1 line + 2 ranges) \n - |i (1 line) \n - @e (1 line) \n - raa (1 range) \n - copy (1 line) \n - Ae (1 line)\n - Ai (1 range)\n - Ee (1 line + 1 range)\n - Ei (1 line)\n - <line_refs>: Must be comma-separated line numbers or ranges. Ranges denote subproofs (e.g., `->i 8-12`, `|e 4, 5-9, 10-14`)\n\n### SUBPROOFS / HYPOTHESES\nUse subproofs for hypotheses. Use curly braces '{' and '}' to open and close subproofs. \nPlace `{` immediately after the line number (e.g. '8.{ A|B hip') and `}` at the end of the final line of the subproof (e.g. '10. B @e 4}').\nNested subproofs are allowed. But a formula may only be used at a specific point if it appeared earlier in the same subproof or an outer subproof to the current subproof.\n\n### SYMBOLS & CONVENTIONS\nUse the following symbols for logical operations: \n- & = conjunction (and) \n- | = disjunction (or) \n- ~ = negation (not) \n- -> = implication (implies)\n\nQuantifiers symbols: \n Ax represents ∀x \n Ex represents ∃x\nSo formulas with ∀x and ∃x will be represented by Ax and Ex (A and E followed by the variable x). For example, Ax (H(x)->M(x)) represents ∀x (H(x)→M(x)).\n\n###CONVENTIONS\nAtoms: only uppercase letters not immediately followed by parentesis (e.g. P, Q, R).\nPredicates: uppercase letters immediately followed by parentesis (e.g. H(x), M(y), Q(a,b) ). All predicates must use parentheses.\nVariables: first letter in lowercase, can be followed by letters and numbers (e.g., x, x0, xP0).\n\n### TO CREATE NEW VARIABLE:\nFor Universal Introduction rule(Ai): open a subproof with a fresh variable not occurring in any open hypothesis.\nCreate new variable like this: '<line_number>. { <new_variable> '\n\nFor Existential Elimination rule(Ee): open a subproof with a fresh witness constant/variable. \nCreate new variable like this: '<line_number>. {<new_variable> φ[<old_variable>/<new_variable>] hip\n  Write only the final proof in <proof>...</proof> tags. Only use <proof>...</proof> tags ONCE. Only use these symbols inside the proof '&' , '->', '~', '|', '@', '(', ')', '{', '}', 'Ax', 'Ex'.\nDo not include explanations, commentary, or extra text inside and outside the <proof>...</proof> tags.\n ""}, {'role': 'user', 'content': ""Prove '|- (P->Ex Q(x))->Ex (P->Q(x))', using the natural deduction method. Final answer using the notation described. ""}, {'role': 'assistant', 'content': ' <proof>\n                        1. { \t(P -> Ex Q(x))\t\t\t\t\thip\n                        2.\t{\t~(~P | Ex Q(x))\t\t\t\t\thip\n                        3.\t\t{\tP\t\t\t\t\t\t\t\t      hip\n                        4.      Ex Q(x)               ->e 3, 1\n                        5.\t\t\t~P | Ex Q(x)\t\t\t\t\t|i 4\n                        6.\t\t\t@\t\t\t\t\t\t\t\t~e 5,2 }\t\t\n                        7.\t\t~P\t\t\t\t\t\t\t\t\t~i 3-6\n                        8.\t\t~P | Ex Q(x)\t\t\t\t\t\t|i 7\n                        9.\t\t@\t\t\t\t\t\t\t\t\t~e 8,2 }\n                        10.\t~P | Ex Q(x)        raa 2-9\n                        11.\t{\t~P\t\t\t\t\t\t\t\t\thip\n                        12.\t\t{\tP\t\t\t\t\t\t\t\thip\n                        13.\t\t\t@\t\t\t\t\t\t\t\t~e 11,12\n                        14.     Q(a)            @e 13 }\n                        15.\t\tP -> Q(a)\t\t\t\t\t\t\t->i 12-14\n                        16.\t\tEx  (P -> Q(x))\t\t\t\t\tEi 15 }\n                        17.\t{\tEx Q(x)\t\t\t\t\t\t\thip\n                        18.\t\t{ a\t\tQ(a)\t\t\t\t\t\thip\n                        19.\t\t\t{\tP\t\t\t\t\t\t\thip\n                        20.\t\t\t\tQ(a)\t\t\t\t\t\tcopie 18 }\n                        21.\t\t\tP -> Q(a)\t\t\t\t\t\t->i 19-20\n                        22.\t\t\tEx (P -> Q(x))\t\t\t\tEi 21 }\n                        23.\t\tEx (P -> Q(x))\t\t\t\t\tEe 17, 18-22 }\n                        24.\tEx (P -> Q(x))\t\t\t\t\t\t|e 10, 11-16, 17-23}\n                        25. (P -> Ex Q(x)) -> Ex (P -> Q(x))\t->i 1-24\n                    </proof>'}, {'role': 'user', 'content': ""Prove 'Ax ((P(x)->Q(x))&(Q(x)->P(x))) |- Ax ((~P(x)->~Q(x))&(~Q(x)->~P(x)))', using the natural deduction method. Final answer using the notation described.""}, {'role': 'assistant', 'content': ' <proof>\n                            1. Ax((P(x) -> Q(x)) & (Q(x) -> P(x))) pre\n                            2. { a\n                            3.   (P(a) -> Q(a)) & (Q(a) -> P(a)) Ae 1\n                            4.   P(a) -> Q(a) &e 3\n                            5.   Q(a) -> P(a) &e 3\n                            6.   { ~Q(a) hip\n                            7.     { P(a) hip\n                            8.       Q(a) ->e 7,4\n                            9.       @ ~e 6,8 }\n                            10.   ~P(a) ~i 7-9 }\n                            11. ~Q(a) -> ~P(a) ->i 6-10\n                            12. { ~P(a) hip\n                            13.   { Q(a) hip\n                            14.     P(a) ->e 13,5\n                            15.     @ ~e 12,14 }\n                            16.   ~Q(a) ~i 13-15 }\n                            17. ~P(a) -> ~Q(a) ->i 12-16\n                            18. (~P(a) -> ~Q(a)) & (~Q(a) -> ~P(a)) &i 17,11 }\n                            19. Ax((~P(x) -> ~Q(x)) & (~Q(x) -> ~P(x))) Ai 2-18 \n                        </proof>'}, {'role': 'user', 'content': ""Prove'|- Ex (B->C(x))->(B->Ex C(x))' using the natural deduction method. Only one final answer, surrounded by <proof>...</proof>, using the notation described.""}]","<proof>
                        1. { ∃x (P -> Q(x)) hip
                        2.   { P hip
                        3.     { a (P -> Q(a)) Ee 1
                        4.       Q(a) ->e 2,3
                        5.       Ex Q(x) Ei 4 }
                        6.   P -> Ex Q(x) ->i 2-5 }
                        7. ∃x (P -> Q(x)) -> (P -> Ex Q(x)) ->i 1-6
                    </proof>","1. { ∃x (P -> Q(x)) hip
                        2.   { P hip
                        3.     { a (P -> Q(a)) Ee 1
                        4.       Q(a) ->e 2,3
                        5.       Ex Q(x) Ei 4 }
                        6.   P -> Ex Q(x) ->i 2-5 }
                        7. ∃x (P -> Q(x)) -> (P -> Ex Q(x)) ->i 1-6","Os seguintes erros foram encontrados:

Uma das definições não está completa, verifique se todas regras foram aplicadas corretamente.
Lembre-se que uma regra de inferência sempre inicia com um número seguido de um . (linha de referência), tem uma fórmula e uma justificativa (premissa, hipóteses ou uma das regras de inferência com suas respectivas referências para fórmulas anteriores).
Erro de sintaxe:
1. { ∃x (P -> Q(x)) hip
     ^ Símbolo não pertence a linguagem.
",1.5926384925842283,stop,1779,412
|- (B->Ex C(x))->Ex (B->C(x)),"[{'role': 'system', 'content': ""You are an expert in logic using the Natural Deduction method.\nYou will receive one first order logic problem. Your task is to prove its validity using Natural Deduction and represent the proof in a Fitch-like notation, following these formatting instructions.\n\n### FORMAT OF PROOF LINES\nEach proof line must be structured like: '<line_number>. <formula> <origin>'\n- <line_number>: sequential integer, always ending with a dot ('1.', '2.', '3.', ...)\n- <formula>: the formula derived on that line\n- <origin>: either 'pre' (premise), 'hip' (hypothesis) or '<rule_name> <line_refs>'\n - <rule_name> and <line_refs>: \n - &e (1 line) \n - &i (2 lines) \n - ->e (2 lines) \n - ->i (1 range) \n - ~e (2 lines) \n - ~i (1 range) \n - |e (1 line + 2 ranges) \n - |i (1 line) \n - @e (1 line) \n - raa (1 range) \n - copy (1 line) \n - Ae (1 line)\n - Ai (1 range)\n - Ee (1 line + 1 range)\n - Ei (1 line)\n - <line_refs>: Must be comma-separated line numbers or ranges. Ranges denote subproofs (e.g., `->i 8-12`, `|e 4, 5-9, 10-14`)\n\n### SUBPROOFS / HYPOTHESES\nUse subproofs for hypotheses. Use curly braces '{' and '}' to open and close subproofs. \nPlace `{` immediately after the line number (e.g. '8.{ A|B hip') and `}` at the end of the final line of the subproof (e.g. '10. B @e 4}').\nNested subproofs are allowed. But a formula may only be used at a specific point if it appeared earlier in the same subproof or an outer subproof to the current subproof.\n\n### SYMBOLS & CONVENTIONS\nUse the following symbols for logical operations: \n- & = conjunction (and) \n- | = disjunction (or) \n- ~ = negation (not) \n- -> = implication (implies)\n\nQuantifiers symbols: \n Ax represents ∀x \n Ex represents ∃x\nSo formulas with ∀x and ∃x will be represented by Ax and Ex (A and E followed by the variable x). For example, Ax (H(x)->M(x)) represents ∀x (H(x)→M(x)).\n\n###CONVENTIONS\nAtoms: only uppercase letters not immediately followed by parentesis (e.g. P, Q, R).\nPredicates: uppercase letters immediately followed by parentesis (e.g. H(x), M(y), Q(a,b) ). All predicates must use parentheses.\nVariables: first letter in lowercase, can be followed by letters and numbers (e.g., x, x0, xP0).\n\n### TO CREATE NEW VARIABLE:\nFor Universal Introduction rule(Ai): open a subproof with a fresh variable not occurring in any open hypothesis.\nCreate new variable like this: '<line_number>. { <new_variable> '\n\nFor Existential Elimination rule(Ee): open a subproof with a fresh witness constant/variable. \nCreate new variable like this: '<line_number>. {<new_variable> φ[<old_variable>/<new_variable>] hip\n  Write only the final proof in <proof>...</proof> tags. Only use <proof>...</proof> tags ONCE. Only use these symbols inside the proof '&' , '->', '~', '|', '@', '(', ')', '{', '}', 'Ax', 'Ex'.\nDo not include explanations, commentary, or extra text inside and outside the <proof>...</proof> tags.\n ""}, {'role': 'user', 'content': ""Prove '|- (P->Ex Q(x))->Ex (P->Q(x))', using the natural deduction method. Final answer using the notation described. ""}, {'role': 'assistant', 'content': ' <proof>\n                        1. { \t(P -> Ex Q(x))\t\t\t\t\thip\n                        2.\t{\t~(~P | Ex Q(x))\t\t\t\t\thip\n                        3.\t\t{\tP\t\t\t\t\t\t\t\t      hip\n                        4.      Ex Q(x)               ->e 3, 1\n                        5.\t\t\t~P | Ex Q(x)\t\t\t\t\t|i 4\n                        6.\t\t\t@\t\t\t\t\t\t\t\t~e 5,2 }\t\t\n                        7.\t\t~P\t\t\t\t\t\t\t\t\t~i 3-6\n                        8.\t\t~P | Ex Q(x)\t\t\t\t\t\t|i 7\n                        9.\t\t@\t\t\t\t\t\t\t\t\t~e 8,2 }\n                        10.\t~P | Ex Q(x)        raa 2-9\n                        11.\t{\t~P\t\t\t\t\t\t\t\t\thip\n                        12.\t\t{\tP\t\t\t\t\t\t\t\thip\n                        13.\t\t\t@\t\t\t\t\t\t\t\t~e 11,12\n                        14.     Q(a)            @e 13 }\n                        15.\t\tP -> Q(a)\t\t\t\t\t\t\t->i 12-14\n                        16.\t\tEx  (P -> Q(x))\t\t\t\t\tEi 15 }\n                        17.\t{\tEx Q(x)\t\t\t\t\t\t\thip\n                        18.\t\t{ a\t\tQ(a)\t\t\t\t\t\thip\n                        19.\t\t\t{\tP\t\t\t\t\t\t\thip\n                        20.\t\t\t\tQ(a)\t\t\t\t\t\tcopie 18 }\n                        21.\t\t\tP -> Q(a)\t\t\t\t\t\t->i 19-20\n                        22.\t\t\tEx (P -> Q(x))\t\t\t\tEi 21 }\n                        23.\t\tEx (P -> Q(x))\t\t\t\t\tEe 17, 18-22 }\n                        24.\tEx (P -> Q(x))\t\t\t\t\t\t|e 10, 11-16, 17-23}\n                        25. (P -> Ex Q(x)) -> Ex (P -> Q(x))\t->i 1-24\n                    </proof>'}, {'role': 'user', 'content': ""Prove 'Ax ((P(x)->Q(x))&(Q(x)->P(x))) |- Ax ((~P(x)->~Q(x))&(~Q(x)->~P(x)))', using the natural deduction method. Final answer using the notation described.""}, {'role': 'assistant', 'content': ' <proof>\n                            1. Ax((P(x) -> Q(x)) & (Q(x) -> P(x))) pre\n                            2. { a\n                            3.   (P(a) -> Q(a)) & (Q(a) -> P(a)) Ae 1\n                            4.   P(a) -> Q(a) &e 3\n                            5.   Q(a) -> P(a) &e 3\n                            6.   { ~Q(a) hip\n                            7.     { P(a) hip\n                            8.       Q(a) ->e 7,4\n                            9.       @ ~e 6,8 }\n                            10.   ~P(a) ~i 7-9 }\n                            11. ~Q(a) -> ~P(a) ->i 6-10\n                            12. { ~P(a) hip\n                            13.   { Q(a) hip\n                            14.     P(a) ->e 13,5\n                            15.     @ ~e 12,14 }\n                            16.   ~Q(a) ~i 13-15 }\n                            17. ~P(a) -> ~Q(a) ->i 12-16\n                            18. (~P(a) -> ~Q(a)) & (~Q(a) -> ~P(a)) &i 17,11 }\n                            19. Ax((~P(x) -> ~Q(x)) & (~Q(x) -> ~P(x))) Ai 2-18 \n                        </proof>'}, {'role': 'user', 'content': ""Prove'|- (B->Ex C(x))->Ex (B->C(x))' using the natural deduction method. Only one final answer, surrounded by <proof>...</proof>, using the notation described.""}]","<proof>
                        1. { (P -> Ex Q(x))					hip
                        2.   { P								hip
                        3.     Ex Q(x)						->e 2,1
                        4.     { a							hip
                        5.       Q(a)						Ei 3
                        6.       P -> Q(a)					->i 2-5
                        7.       Ex (P -> Q(x))				Ei 6 }
                        8.   Ex (P -> Q(x))					Ee 4-7
                        9.   { ~P							hip
                        10.     P -> Q(a)					|i 9
                        11.     Ex (P -> Q(x))				Ei 10 }
                        12.  Ex (P -> Q(x))					|e 2-8,9-11
                        13. (P -> Ex Q(x)) -> Ex (P -> Q(x))	->i 1-12
                    </proof>","1. { (P -> Ex Q(x))					hip
                        2.   { P								hip
                        3.     Ex Q(x)						->e 2,1
                        4.     { a							hip
                        5.       Q(a)						Ei 3
                        6.       P -> Q(a)					->i 2-5
                        7.       Ex (P -> Q(x))				Ei 6 }
                        8.   Ex (P -> Q(x))					Ee 4-7
                        9.   { ~P							hip
                        10.     P -> Q(a)					|i 9
                        11.     Ex (P -> Q(x))				Ei 10 }
                        12.  Ex (P -> Q(x))					|e 2-8,9-11
                        13. (P -> Ex Q(x)) -> Ex (P -> Q(x))	->i 1-12","Os seguintes erros foram encontrados:

Uma das definições não está completa, verifique se todas regras foram aplicadas corretamente.
Lembre-se que uma regra de inferência sempre inicia com um número seguido de um . (linha de referência), tem uma fórmula e uma justificativa (premissa, hipóteses ou uma das regras de inferência com suas respectivas referências para fórmulas anteriores).
Erro de sintaxe:
                        4.     { a							hip
                                         ^
",3.725654125213623,stop,1779,979
|- Ex (B(x)->Ax B(x)),"[{'role': 'system', 'content': ""You are an expert in logic using the Natural Deduction method.\nYou will receive one first order logic problem. Your task is to prove its validity using Natural Deduction and represent the proof in a Fitch-like notation, following these formatting instructions.\n\n### FORMAT OF PROOF LINES\nEach proof line must be structured like: '<line_number>. <formula> <origin>'\n- <line_number>: sequential integer, always ending with a dot ('1.', '2.', '3.', ...)\n- <formula>: the formula derived on that line\n- <origin>: either 'pre' (premise), 'hip' (hypothesis) or '<rule_name> <line_refs>'\n - <rule_name> and <line_refs>: \n - &e (1 line) \n - &i (2 lines) \n - ->e (2 lines) \n - ->i (1 range) \n - ~e (2 lines) \n - ~i (1 range) \n - |e (1 line + 2 ranges) \n - |i (1 line) \n - @e (1 line) \n - raa (1 range) \n - copy (1 line) \n - Ae (1 line)\n - Ai (1 range)\n - Ee (1 line + 1 range)\n - Ei (1 line)\n - <line_refs>: Must be comma-separated line numbers or ranges. Ranges denote subproofs (e.g., `->i 8-12`, `|e 4, 5-9, 10-14`)\n\n### SUBPROOFS / HYPOTHESES\nUse subproofs for hypotheses. Use curly braces '{' and '}' to open and close subproofs. \nPlace `{` immediately after the line number (e.g. '8.{ A|B hip') and `}` at the end of the final line of the subproof (e.g. '10. B @e 4}').\nNested subproofs are allowed. But a formula may only be used at a specific point if it appeared earlier in the same subproof or an outer subproof to the current subproof.\n\n### SYMBOLS & CONVENTIONS\nUse the following symbols for logical operations: \n- & = conjunction (and) \n- | = disjunction (or) \n- ~ = negation (not) \n- -> = implication (implies)\n\nQuantifiers symbols: \n Ax represents ∀x \n Ex represents ∃x\nSo formulas with ∀x and ∃x will be represented by Ax and Ex (A and E followed by the variable x). For example, Ax (H(x)->M(x)) represents ∀x (H(x)→M(x)).\n\n###CONVENTIONS\nAtoms: only uppercase letters not immediately followed by parentesis (e.g. P, Q, R).\nPredicates: uppercase letters immediately followed by parentesis (e.g. H(x), M(y), Q(a,b) ). All predicates must use parentheses.\nVariables: first letter in lowercase, can be followed by letters and numbers (e.g., x, x0, xP0).\n\n### TO CREATE NEW VARIABLE:\nFor Universal Introduction rule(Ai): open a subproof with a fresh variable not occurring in any open hypothesis.\nCreate new variable like this: '<line_number>. { <new_variable> '\n\nFor Existential Elimination rule(Ee): open a subproof with a fresh witness constant/variable. \nCreate new variable like this: '<line_number>. {<new_variable> φ[<old_variable>/<new_variable>] hip\n  Write only the final proof in <proof>...</proof> tags. Only use <proof>...</proof> tags ONCE. Only use these symbols inside the proof '&' , '->', '~', '|', '@', '(', ')', '{', '}', 'Ax', 'Ex'.\nDo not include explanations, commentary, or extra text inside and outside the <proof>...</proof> tags.\n ""}, {'role': 'user', 'content': ""Prove '|- (P->Ex Q(x))->Ex (P->Q(x))', using the natural deduction method. Final answer using the notation described. ""}, {'role': 'assistant', 'content': ' <proof>\n                        1. { \t(P -> Ex Q(x))\t\t\t\t\thip\n                        2.\t{\t~(~P | Ex Q(x))\t\t\t\t\thip\n                        3.\t\t{\tP\t\t\t\t\t\t\t\t      hip\n                        4.      Ex Q(x)               ->e 3, 1\n                        5.\t\t\t~P | Ex Q(x)\t\t\t\t\t|i 4\n                        6.\t\t\t@\t\t\t\t\t\t\t\t~e 5,2 }\t\t\n                        7.\t\t~P\t\t\t\t\t\t\t\t\t~i 3-6\n                        8.\t\t~P | Ex Q(x)\t\t\t\t\t\t|i 7\n                        9.\t\t@\t\t\t\t\t\t\t\t\t~e 8,2 }\n                        10.\t~P | Ex Q(x)        raa 2-9\n                        11.\t{\t~P\t\t\t\t\t\t\t\t\thip\n                        12.\t\t{\tP\t\t\t\t\t\t\t\thip\n                        13.\t\t\t@\t\t\t\t\t\t\t\t~e 11,12\n                        14.     Q(a)            @e 13 }\n                        15.\t\tP -> Q(a)\t\t\t\t\t\t\t->i 12-14\n                        16.\t\tEx  (P -> Q(x))\t\t\t\t\tEi 15 }\n                        17.\t{\tEx Q(x)\t\t\t\t\t\t\thip\n                        18.\t\t{ a\t\tQ(a)\t\t\t\t\t\thip\n                        19.\t\t\t{\tP\t\t\t\t\t\t\thip\n                        20.\t\t\t\tQ(a)\t\t\t\t\t\tcopie 18 }\n                        21.\t\t\tP -> Q(a)\t\t\t\t\t\t->i 19-20\n                        22.\t\t\tEx (P -> Q(x))\t\t\t\tEi 21 }\n                        23.\t\tEx (P -> Q(x))\t\t\t\t\tEe 17, 18-22 }\n                        24.\tEx (P -> Q(x))\t\t\t\t\t\t|e 10, 11-16, 17-23}\n                        25. (P -> Ex Q(x)) -> Ex (P -> Q(x))\t->i 1-24\n                    </proof>'}, {'role': 'user', 'content': ""Prove 'Ax ((P(x)->Q(x))&(Q(x)->P(x))) |- Ax ((~P(x)->~Q(x))&(~Q(x)->~P(x)))', using the natural deduction method. Final answer using the notation described.""}, {'role': 'assistant', 'content': ' <proof>\n                            1. Ax((P(x) -> Q(x)) & (Q(x) -> P(x))) pre\n                            2. { a\n                            3.   (P(a) -> Q(a)) & (Q(a) -> P(a)) Ae 1\n                            4.   P(a) -> Q(a) &e 3\n                            5.   Q(a) -> P(a) &e 3\n                            6.   { ~Q(a) hip\n                            7.     { P(a) hip\n                            8.       Q(a) ->e 7,4\n                            9.       @ ~e 6,8 }\n                            10.   ~P(a) ~i 7-9 }\n                            11. ~Q(a) -> ~P(a) ->i 6-10\n                            12. { ~P(a) hip\n                            13.   { Q(a) hip\n                            14.     P(a) ->e 13,5\n                            15.     @ ~e 12,14 }\n                            16.   ~Q(a) ~i 13-15 }\n                            17. ~P(a) -> ~Q(a) ->i 12-16\n                            18. (~P(a) -> ~Q(a)) & (~Q(a) -> ~P(a)) &i 17,11 }\n                            19. Ax((~P(x) -> ~Q(x)) & (~Q(x) -> ~P(x))) Ai 2-18 \n                        </proof>'}, {'role': 'user', 'content': ""Prove'|- Ex (B(x)->Ax B(x))' using the natural deduction method. Only one final answer, surrounded by <proof>...</proof>, using the notation described.""}]","<proof>
                        1. { a
                        2.   P(a) -> Ax P(x) ->i 1-1 }
                        3. Ex (P(x)->Ax P(x)) Ei 2 
                    </proof>","1. { a
                        2.   P(a) -> Ax P(x) ->i 1-1 }
                        3. Ex (P(x)->Ax P(x)) Ei 2","Os seguintes erros foram encontrados:

Erro de sintaxe na linha 2:
                        2.   P(a) -> Ax P(x) ->i 1-1 }
                        ^, A hipótese que foi introduzida por essa caixa dever ser descartada pela regra que a introduziu em linha imediatamente posterior ao fechamento desta caixa.Erro de sintaxe na linha 2:
                        2.   P(a) -> Ax P(x) ->i 1-1 }
                                                 ^, esta não é uma caixa (escopo) válida.Erro de sintaxe na linha 3:
                        3. Ex (P(x)->Ax P(x)) Ei 2
                                                 ^, a referência a fórmula da linha 2 não pode ser utilizada, pois esta fórmula já foi descartada.",2.514480829238892,stop,1774,663
|- Ex Ay (B(x)->B(y)),"[{'role': 'system', 'content': ""You are an expert in logic using the Natural Deduction method.\nYou will receive one first order logic problem. Your task is to prove its validity using Natural Deduction and represent the proof in a Fitch-like notation, following these formatting instructions.\n\n### FORMAT OF PROOF LINES\nEach proof line must be structured like: '<line_number>. <formula> <origin>'\n- <line_number>: sequential integer, always ending with a dot ('1.', '2.', '3.', ...)\n- <formula>: the formula derived on that line\n- <origin>: either 'pre' (premise), 'hip' (hypothesis) or '<rule_name> <line_refs>'\n - <rule_name> and <line_refs>: \n - &e (1 line) \n - &i (2 lines) \n - ->e (2 lines) \n - ->i (1 range) \n - ~e (2 lines) \n - ~i (1 range) \n - |e (1 line + 2 ranges) \n - |i (1 line) \n - @e (1 line) \n - raa (1 range) \n - copy (1 line) \n - Ae (1 line)\n - Ai (1 range)\n - Ee (1 line + 1 range)\n - Ei (1 line)\n - <line_refs>: Must be comma-separated line numbers or ranges. Ranges denote subproofs (e.g., `->i 8-12`, `|e 4, 5-9, 10-14`)\n\n### SUBPROOFS / HYPOTHESES\nUse subproofs for hypotheses. Use curly braces '{' and '}' to open and close subproofs. \nPlace `{` immediately after the line number (e.g. '8.{ A|B hip') and `}` at the end of the final line of the subproof (e.g. '10. B @e 4}').\nNested subproofs are allowed. But a formula may only be used at a specific point if it appeared earlier in the same subproof or an outer subproof to the current subproof.\n\n### SYMBOLS & CONVENTIONS\nUse the following symbols for logical operations: \n- & = conjunction (and) \n- | = disjunction (or) \n- ~ = negation (not) \n- -> = implication (implies)\n\nQuantifiers symbols: \n Ax represents ∀x \n Ex represents ∃x\nSo formulas with ∀x and ∃x will be represented by Ax and Ex (A and E followed by the variable x). For example, Ax (H(x)->M(x)) represents ∀x (H(x)→M(x)).\n\n###CONVENTIONS\nAtoms: only uppercase letters not immediately followed by parentesis (e.g. P, Q, R).\nPredicates: uppercase letters immediately followed by parentesis (e.g. H(x), M(y), Q(a,b) ). All predicates must use parentheses.\nVariables: first letter in lowercase, can be followed by letters and numbers (e.g., x, x0, xP0).\n\n### TO CREATE NEW VARIABLE:\nFor Universal Introduction rule(Ai): open a subproof with a fresh variable not occurring in any open hypothesis.\nCreate new variable like this: '<line_number>. { <new_variable> '\n\nFor Existential Elimination rule(Ee): open a subproof with a fresh witness constant/variable. \nCreate new variable like this: '<line_number>. {<new_variable> φ[<old_variable>/<new_variable>] hip\n  Write only the final proof in <proof>...</proof> tags. Only use <proof>...</proof> tags ONCE. Only use these symbols inside the proof '&' , '->', '~', '|', '@', '(', ')', '{', '}', 'Ax', 'Ex'.\nDo not include explanations, commentary, or extra text inside and outside the <proof>...</proof> tags.\n ""}, {'role': 'user', 'content': ""Prove '|- (P->Ex Q(x))->Ex (P->Q(x))', using the natural deduction method. Final answer using the notation described. ""}, {'role': 'assistant', 'content': ' <proof>\n                        1. { \t(P -> Ex Q(x))\t\t\t\t\thip\n                        2.\t{\t~(~P | Ex Q(x))\t\t\t\t\thip\n                        3.\t\t{\tP\t\t\t\t\t\t\t\t      hip\n                        4.      Ex Q(x)               ->e 3, 1\n                        5.\t\t\t~P | Ex Q(x)\t\t\t\t\t|i 4\n                        6.\t\t\t@\t\t\t\t\t\t\t\t~e 5,2 }\t\t\n                        7.\t\t~P\t\t\t\t\t\t\t\t\t~i 3-6\n                        8.\t\t~P | Ex Q(x)\t\t\t\t\t\t|i 7\n                        9.\t\t@\t\t\t\t\t\t\t\t\t~e 8,2 }\n                        10.\t~P | Ex Q(x)        raa 2-9\n                        11.\t{\t~P\t\t\t\t\t\t\t\t\thip\n                        12.\t\t{\tP\t\t\t\t\t\t\t\thip\n                        13.\t\t\t@\t\t\t\t\t\t\t\t~e 11,12\n                        14.     Q(a)            @e 13 }\n                        15.\t\tP -> Q(a)\t\t\t\t\t\t\t->i 12-14\n                        16.\t\tEx  (P -> Q(x))\t\t\t\t\tEi 15 }\n                        17.\t{\tEx Q(x)\t\t\t\t\t\t\thip\n                        18.\t\t{ a\t\tQ(a)\t\t\t\t\t\thip\n                        19.\t\t\t{\tP\t\t\t\t\t\t\thip\n                        20.\t\t\t\tQ(a)\t\t\t\t\t\tcopie 18 }\n                        21.\t\t\tP -> Q(a)\t\t\t\t\t\t->i 19-20\n                        22.\t\t\tEx (P -> Q(x))\t\t\t\tEi 21 }\n                        23.\t\tEx (P -> Q(x))\t\t\t\t\tEe 17, 18-22 }\n                        24.\tEx (P -> Q(x))\t\t\t\t\t\t|e 10, 11-16, 17-23}\n                        25. (P -> Ex Q(x)) -> Ex (P -> Q(x))\t->i 1-24\n                    </proof>'}, {'role': 'user', 'content': ""Prove 'Ax ((P(x)->Q(x))&(Q(x)->P(x))) |- Ax ((~P(x)->~Q(x))&(~Q(x)->~P(x)))', using the natural deduction method. Final answer using the notation described.""}, {'role': 'assistant', 'content': ' <proof>\n                            1. Ax((P(x) -> Q(x)) & (Q(x) -> P(x))) pre\n                            2. { a\n                            3.   (P(a) -> Q(a)) & (Q(a) -> P(a)) Ae 1\n                            4.   P(a) -> Q(a) &e 3\n                            5.   Q(a) -> P(a) &e 3\n                            6.   { ~Q(a) hip\n                            7.     { P(a) hip\n                            8.       Q(a) ->e 7,4\n                            9.       @ ~e 6,8 }\n                            10.   ~P(a) ~i 7-9 }\n                            11. ~Q(a) -> ~P(a) ->i 6-10\n                            12. { ~P(a) hip\n                            13.   { Q(a) hip\n                            14.     P(a) ->e 13,5\n                            15.     @ ~e 12,14 }\n                            16.   ~Q(a) ~i 13-15 }\n                            17. ~P(a) -> ~Q(a) ->i 12-16\n                            18. (~P(a) -> ~Q(a)) & (~Q(a) -> ~P(a)) &i 17,11 }\n                            19. Ax((~P(x) -> ~Q(x)) & (~Q(x) -> ~P(x))) Ai 2-18 \n                        </proof>'}, {'role': 'user', 'content': ""Prove'|- Ex Ay (B(x)->B(y))' using the natural deduction method. Only one final answer, surrounded by <proof>...</proof>, using the notation described.""}]","<proof>
                        1. { a hip
                        2.   { b hip
                        3.     { P(a) hip
                        4.       { P(b) hip
                        5.         P(b) copie 4
                        6.       P(a) -> P(b) ->i 3-5
                        7.     Ay(P(a)->P(y)) Ai 2-6
                        8.   Ex Ay(P(x)->P(y)) Ei 1-7 }
                    </proof>","1. { a hip
                        2.   { b hip
                        3.     { P(a) hip
                        4.       { P(b) hip
                        5.         P(b) copie 4
                        6.       P(a) -> P(b) ->i 3-5
                        7.     Ay(P(a)->P(y)) Ai 2-6
                        8.   Ex Ay(P(x)->P(y)) Ei 1-7 }","Os seguintes erros foram encontrados:

Uma das definições não está completa, verifique se todas regras foram aplicadas corretamente.
Lembre-se que uma regra de inferência sempre inicia com um número seguido de um . (linha de referência), tem uma fórmula e uma justificativa (premissa, hipóteses ou uma das regras de inferência com suas respectivas referências para fórmulas anteriores).
Erro de sintaxe:
1. { a hip
       ^
",4.354616403579712,stop,1774,1177
Ex (B(x)->C(x)) |- Ax B(x)->Ex C(x),"[{'role': 'system', 'content': ""You are an expert in logic using the Natural Deduction method.\nYou will receive one first order logic problem. Your task is to prove its validity using Natural Deduction and represent the proof in a Fitch-like notation, following these formatting instructions.\n\n### FORMAT OF PROOF LINES\nEach proof line must be structured like: '<line_number>. <formula> <origin>'\n- <line_number>: sequential integer, always ending with a dot ('1.', '2.', '3.', ...)\n- <formula>: the formula derived on that line\n- <origin>: either 'pre' (premise), 'hip' (hypothesis) or '<rule_name> <line_refs>'\n - <rule_name> and <line_refs>: \n - &e (1 line) \n - &i (2 lines) \n - ->e (2 lines) \n - ->i (1 range) \n - ~e (2 lines) \n - ~i (1 range) \n - |e (1 line + 2 ranges) \n - |i (1 line) \n - @e (1 line) \n - raa (1 range) \n - copy (1 line) \n - Ae (1 line)\n - Ai (1 range)\n - Ee (1 line + 1 range)\n - Ei (1 line)\n - <line_refs>: Must be comma-separated line numbers or ranges. Ranges denote subproofs (e.g., `->i 8-12`, `|e 4, 5-9, 10-14`)\n\n### SUBPROOFS / HYPOTHESES\nUse subproofs for hypotheses. Use curly braces '{' and '}' to open and close subproofs. \nPlace `{` immediately after the line number (e.g. '8.{ A|B hip') and `}` at the end of the final line of the subproof (e.g. '10. B @e 4}').\nNested subproofs are allowed. But a formula may only be used at a specific point if it appeared earlier in the same subproof or an outer subproof to the current subproof.\n\n### SYMBOLS & CONVENTIONS\nUse the following symbols for logical operations: \n- & = conjunction (and) \n- | = disjunction (or) \n- ~ = negation (not) \n- -> = implication (implies)\n\nQuantifiers symbols: \n Ax represents ∀x \n Ex represents ∃x\nSo formulas with ∀x and ∃x will be represented by Ax and Ex (A and E followed by the variable x). For example, Ax (H(x)->M(x)) represents ∀x (H(x)→M(x)).\n\n###CONVENTIONS\nAtoms: only uppercase letters not immediately followed by parentesis (e.g. P, Q, R).\nPredicates: uppercase letters immediately followed by parentesis (e.g. H(x), M(y), Q(a,b) ). All predicates must use parentheses.\nVariables: first letter in lowercase, can be followed by letters and numbers (e.g., x, x0, xP0).\n\n### TO CREATE NEW VARIABLE:\nFor Universal Introduction rule(Ai): open a subproof with a fresh variable not occurring in any open hypothesis.\nCreate new variable like this: '<line_number>. { <new_variable> '\n\nFor Existential Elimination rule(Ee): open a subproof with a fresh witness constant/variable. \nCreate new variable like this: '<line_number>. {<new_variable> φ[<old_variable>/<new_variable>] hip\n  Write only the final proof in <proof>...</proof> tags. Only use <proof>...</proof> tags ONCE. Only use these symbols inside the proof '&' , '->', '~', '|', '@', '(', ')', '{', '}', 'Ax', 'Ex'.\nDo not include explanations, commentary, or extra text inside and outside the <proof>...</proof> tags.\n ""}, {'role': 'user', 'content': ""Prove '|- (P->Ex Q(x))->Ex (P->Q(x))', using the natural deduction method. Final answer using the notation described. ""}, {'role': 'assistant', 'content': ' <proof>\n                        1. { \t(P -> Ex Q(x))\t\t\t\t\thip\n                        2.\t{\t~(~P | Ex Q(x))\t\t\t\t\thip\n                        3.\t\t{\tP\t\t\t\t\t\t\t\t      hip\n                        4.      Ex Q(x)               ->e 3, 1\n                        5.\t\t\t~P | Ex Q(x)\t\t\t\t\t|i 4\n                        6.\t\t\t@\t\t\t\t\t\t\t\t~e 5,2 }\t\t\n                        7.\t\t~P\t\t\t\t\t\t\t\t\t~i 3-6\n                        8.\t\t~P | Ex Q(x)\t\t\t\t\t\t|i 7\n                        9.\t\t@\t\t\t\t\t\t\t\t\t~e 8,2 }\n                        10.\t~P | Ex Q(x)        raa 2-9\n                        11.\t{\t~P\t\t\t\t\t\t\t\t\thip\n                        12.\t\t{\tP\t\t\t\t\t\t\t\thip\n                        13.\t\t\t@\t\t\t\t\t\t\t\t~e 11,12\n                        14.     Q(a)            @e 13 }\n                        15.\t\tP -> Q(a)\t\t\t\t\t\t\t->i 12-14\n                        16.\t\tEx  (P -> Q(x))\t\t\t\t\tEi 15 }\n                        17.\t{\tEx Q(x)\t\t\t\t\t\t\thip\n                        18.\t\t{ a\t\tQ(a)\t\t\t\t\t\thip\n                        19.\t\t\t{\tP\t\t\t\t\t\t\thip\n                        20.\t\t\t\tQ(a)\t\t\t\t\t\tcopie 18 }\n                        21.\t\t\tP -> Q(a)\t\t\t\t\t\t->i 19-20\n                        22.\t\t\tEx (P -> Q(x))\t\t\t\tEi 21 }\n                        23.\t\tEx (P -> Q(x))\t\t\t\t\tEe 17, 18-22 }\n                        24.\tEx (P -> Q(x))\t\t\t\t\t\t|e 10, 11-16, 17-23}\n                        25. (P -> Ex Q(x)) -> Ex (P -> Q(x))\t->i 1-24\n                    </proof>'}, {'role': 'user', 'content': ""Prove 'Ax ((P(x)->Q(x))&(Q(x)->P(x))) |- Ax ((~P(x)->~Q(x))&(~Q(x)->~P(x)))', using the natural deduction method. Final answer using the notation described.""}, {'role': 'assistant', 'content': ' <proof>\n                            1. Ax((P(x) -> Q(x)) & (Q(x) -> P(x))) pre\n                            2. { a\n                            3.   (P(a) -> Q(a)) & (Q(a) -> P(a)) Ae 1\n                            4.   P(a) -> Q(a) &e 3\n                            5.   Q(a) -> P(a) &e 3\n                            6.   { ~Q(a) hip\n                            7.     { P(a) hip\n                            8.       Q(a) ->e 7,4\n                            9.       @ ~e 6,8 }\n                            10.   ~P(a) ~i 7-9 }\n                            11. ~Q(a) -> ~P(a) ->i 6-10\n                            12. { ~P(a) hip\n                            13.   { Q(a) hip\n                            14.     P(a) ->e 13,5\n                            15.     @ ~e 12,14 }\n                            16.   ~Q(a) ~i 13-15 }\n                            17. ~P(a) -> ~Q(a) ->i 12-16\n                            18. (~P(a) -> ~Q(a)) & (~Q(a) -> ~P(a)) &i 17,11 }\n                            19. Ax((~P(x) -> ~Q(x)) & (~Q(x) -> ~P(x))) Ai 2-18 \n                        </proof>'}, {'role': 'user', 'content': ""Prove'Ex (B(x)->C(x)) |- Ax B(x)->Ex C(x)' using the natural deduction method. Only one final answer, surrounded by <proof>...</proof>, using the notation described.""}]","<proof>
                        1. Ex(P->Q) pre
                        2. { ∀x P(x) hip
                        3.   { a
                        4.     P(a)->Q(a) @e 1
                        5.     P(a) Ae 2
                        6.     Q(a) ->e 5,4
                        7.     Ex Q(x) Ei 6
                        8.   }
                        9. ∀x P(x) -> Ex Q(x) ->i 2-8
                    </proof>","1. Ex(P->Q) pre
                        2. { ∀x P(x) hip
                        3.   { a
                        4.     P(a)->Q(a) @e 1
                        5.     P(a) Ae 2
                        6.     Q(a) ->e 5,4
                        7.     Ex Q(x) Ei 6
                        8.   }
                        9. ∀x P(x) -> Ex Q(x) ->i 2-8","Os seguintes erros foram encontrados:

Uma das definições não está completa, verifique se todas regras foram aplicadas corretamente.
Lembre-se que uma regra de inferência sempre inicia com um número seguido de um . (linha de referência), tem uma fórmula e uma justificativa (premissa, hipóteses ou uma das regras de inferência com suas respectivas referências para fórmulas anteriores).
Erro de sintaxe:
                        2. { ∀x P(x) hip
                             ^ Símbolo não pertence a linguagem.
",1.48828387260437,stop,1780,385
"Ax (B(x)->C(x)), Ex (D(x)&B(x)) |- Ex (D(x)&C(x))","[{'role': 'system', 'content': ""You are an expert in logic using the Natural Deduction method.\nYou will receive one first order logic problem. Your task is to prove its validity using Natural Deduction and represent the proof in a Fitch-like notation, following these formatting instructions.\n\n### FORMAT OF PROOF LINES\nEach proof line must be structured like: '<line_number>. <formula> <origin>'\n- <line_number>: sequential integer, always ending with a dot ('1.', '2.', '3.', ...)\n- <formula>: the formula derived on that line\n- <origin>: either 'pre' (premise), 'hip' (hypothesis) or '<rule_name> <line_refs>'\n - <rule_name> and <line_refs>: \n - &e (1 line) \n - &i (2 lines) \n - ->e (2 lines) \n - ->i (1 range) \n - ~e (2 lines) \n - ~i (1 range) \n - |e (1 line + 2 ranges) \n - |i (1 line) \n - @e (1 line) \n - raa (1 range) \n - copy (1 line) \n - Ae (1 line)\n - Ai (1 range)\n - Ee (1 line + 1 range)\n - Ei (1 line)\n - <line_refs>: Must be comma-separated line numbers or ranges. Ranges denote subproofs (e.g., `->i 8-12`, `|e 4, 5-9, 10-14`)\n\n### SUBPROOFS / HYPOTHESES\nUse subproofs for hypotheses. Use curly braces '{' and '}' to open and close subproofs. \nPlace `{` immediately after the line number (e.g. '8.{ A|B hip') and `}` at the end of the final line of the subproof (e.g. '10. B @e 4}').\nNested subproofs are allowed. But a formula may only be used at a specific point if it appeared earlier in the same subproof or an outer subproof to the current subproof.\n\n### SYMBOLS & CONVENTIONS\nUse the following symbols for logical operations: \n- & = conjunction (and) \n- | = disjunction (or) \n- ~ = negation (not) \n- -> = implication (implies)\n\nQuantifiers symbols: \n Ax represents ∀x \n Ex represents ∃x\nSo formulas with ∀x and ∃x will be represented by Ax and Ex (A and E followed by the variable x). For example, Ax (H(x)->M(x)) represents ∀x (H(x)→M(x)).\n\n###CONVENTIONS\nAtoms: only uppercase letters not immediately followed by parentesis (e.g. P, Q, R).\nPredicates: uppercase letters immediately followed by parentesis (e.g. H(x), M(y), Q(a,b) ). All predicates must use parentheses.\nVariables: first letter in lowercase, can be followed by letters and numbers (e.g., x, x0, xP0).\n\n### TO CREATE NEW VARIABLE:\nFor Universal Introduction rule(Ai): open a subproof with a fresh variable not occurring in any open hypothesis.\nCreate new variable like this: '<line_number>. { <new_variable> '\n\nFor Existential Elimination rule(Ee): open a subproof with a fresh witness constant/variable. \nCreate new variable like this: '<line_number>. {<new_variable> φ[<old_variable>/<new_variable>] hip\n  Write only the final proof in <proof>...</proof> tags. Only use <proof>...</proof> tags ONCE. Only use these symbols inside the proof '&' , '->', '~', '|', '@', '(', ')', '{', '}', 'Ax', 'Ex'.\nDo not include explanations, commentary, or extra text inside and outside the <proof>...</proof> tags.\n ""}, {'role': 'user', 'content': ""Prove '|- (P->Ex Q(x))->Ex (P->Q(x))', using the natural deduction method. Final answer using the notation described. ""}, {'role': 'assistant', 'content': ' <proof>\n                        1. { \t(P -> Ex Q(x))\t\t\t\t\thip\n                        2.\t{\t~(~P | Ex Q(x))\t\t\t\t\thip\n                        3.\t\t{\tP\t\t\t\t\t\t\t\t      hip\n                        4.      Ex Q(x)               ->e 3, 1\n                        5.\t\t\t~P | Ex Q(x)\t\t\t\t\t|i 4\n                        6.\t\t\t@\t\t\t\t\t\t\t\t~e 5,2 }\t\t\n                        7.\t\t~P\t\t\t\t\t\t\t\t\t~i 3-6\n                        8.\t\t~P | Ex Q(x)\t\t\t\t\t\t|i 7\n                        9.\t\t@\t\t\t\t\t\t\t\t\t~e 8,2 }\n                        10.\t~P | Ex Q(x)        raa 2-9\n                        11.\t{\t~P\t\t\t\t\t\t\t\t\thip\n                        12.\t\t{\tP\t\t\t\t\t\t\t\thip\n                        13.\t\t\t@\t\t\t\t\t\t\t\t~e 11,12\n                        14.     Q(a)            @e 13 }\n                        15.\t\tP -> Q(a)\t\t\t\t\t\t\t->i 12-14\n                        16.\t\tEx  (P -> Q(x))\t\t\t\t\tEi 15 }\n                        17.\t{\tEx Q(x)\t\t\t\t\t\t\thip\n                        18.\t\t{ a\t\tQ(a)\t\t\t\t\t\thip\n                        19.\t\t\t{\tP\t\t\t\t\t\t\thip\n                        20.\t\t\t\tQ(a)\t\t\t\t\t\tcopie 18 }\n                        21.\t\t\tP -> Q(a)\t\t\t\t\t\t->i 19-20\n                        22.\t\t\tEx (P -> Q(x))\t\t\t\tEi 21 }\n                        23.\t\tEx (P -> Q(x))\t\t\t\t\tEe 17, 18-22 }\n                        24.\tEx (P -> Q(x))\t\t\t\t\t\t|e 10, 11-16, 17-23}\n                        25. (P -> Ex Q(x)) -> Ex (P -> Q(x))\t->i 1-24\n                    </proof>'}, {'role': 'user', 'content': ""Prove 'Ax ((P(x)->Q(x))&(Q(x)->P(x))) |- Ax ((~P(x)->~Q(x))&(~Q(x)->~P(x)))', using the natural deduction method. Final answer using the notation described.""}, {'role': 'assistant', 'content': ' <proof>\n                            1. Ax((P(x) -> Q(x)) & (Q(x) -> P(x))) pre\n                            2. { a\n                            3.   (P(a) -> Q(a)) & (Q(a) -> P(a)) Ae 1\n                            4.   P(a) -> Q(a) &e 3\n                            5.   Q(a) -> P(a) &e 3\n                            6.   { ~Q(a) hip\n                            7.     { P(a) hip\n                            8.       Q(a) ->e 7,4\n                            9.       @ ~e 6,8 }\n                            10.   ~P(a) ~i 7-9 }\n                            11. ~Q(a) -> ~P(a) ->i 6-10\n                            12. { ~P(a) hip\n                            13.   { Q(a) hip\n                            14.     P(a) ->e 13,5\n                            15.     @ ~e 12,14 }\n                            16.   ~Q(a) ~i 13-15 }\n                            17. ~P(a) -> ~Q(a) ->i 12-16\n                            18. (~P(a) -> ~Q(a)) & (~Q(a) -> ~P(a)) &i 17,11 }\n                            19. Ax((~P(x) -> ~Q(x)) & (~Q(x) -> ~P(x))) Ai 2-18 \n                        </proof>'}, {'role': 'user', 'content': ""Prove'Ax (B(x)->C(x)), Ex (D(x)&B(x)) |- Ex (D(x)&C(x))' using the natural deduction method. Only one final answer, surrounded by <proof>...</proof>, using the notation described.""}]","<proof>
1. Ax(Q(x) -> R(x)) pre
2. Ex(P(x) & Q(x)) pre
3. { a
4.   P(a) & Q(a) Ee 2
5.   Q(a) -> R(a) Ae 1
6.   Q(a) &e 4
7.   R(a) ->e 6,5
8.   P(a) & R(a) &i 4,7
9.   Ex(P(x) & R(x)) Ei 8 }
10. Ex(P(x) & R(x)) Ei 2,3-9
</proof>","1. Ax(Q(x) -> R(x)) pre
2. Ex(P(x) & Q(x)) pre
3. { a
4.   P(a) & Q(a) Ee 2
5.   Q(a) -> R(a) Ae 1
6.   Q(a) &e 4
7.   R(a) ->e 6,5
8.   P(a) & R(a) &i 4,7
9.   Ex(P(x) & R(x)) Ei 8 }
10. Ex(P(x) & R(x)) Ei 2,3-9","Os seguintes erros foram encontrados:

Uma das definições não está completa, verifique se todas regras foram aplicadas corretamente.
Lembre-se que uma regra de inferência sempre inicia com um número seguido de um . (linha de referência), tem uma fórmula e uma justificativa (premissa, hipóteses ou uma das regras de inferência com suas respectivas referências para fórmulas anteriores).
Erro de sintaxe:
5.   Q(a) -> R(a) Ae 1
^
",2.684169292449951,stop,1789,718
Ax Ey (B(x)|C(y)) |- Ey Ax (B(x)|C(y)),"[{'role': 'system', 'content': ""You are an expert in logic using the Natural Deduction method.\nYou will receive one first order logic problem. Your task is to prove its validity using Natural Deduction and represent the proof in a Fitch-like notation, following these formatting instructions.\n\n### FORMAT OF PROOF LINES\nEach proof line must be structured like: '<line_number>. <formula> <origin>'\n- <line_number>: sequential integer, always ending with a dot ('1.', '2.', '3.', ...)\n- <formula>: the formula derived on that line\n- <origin>: either 'pre' (premise), 'hip' (hypothesis) or '<rule_name> <line_refs>'\n - <rule_name> and <line_refs>: \n - &e (1 line) \n - &i (2 lines) \n - ->e (2 lines) \n - ->i (1 range) \n - ~e (2 lines) \n - ~i (1 range) \n - |e (1 line + 2 ranges) \n - |i (1 line) \n - @e (1 line) \n - raa (1 range) \n - copy (1 line) \n - Ae (1 line)\n - Ai (1 range)\n - Ee (1 line + 1 range)\n - Ei (1 line)\n - <line_refs>: Must be comma-separated line numbers or ranges. Ranges denote subproofs (e.g., `->i 8-12`, `|e 4, 5-9, 10-14`)\n\n### SUBPROOFS / HYPOTHESES\nUse subproofs for hypotheses. Use curly braces '{' and '}' to open and close subproofs. \nPlace `{` immediately after the line number (e.g. '8.{ A|B hip') and `}` at the end of the final line of the subproof (e.g. '10. B @e 4}').\nNested subproofs are allowed. But a formula may only be used at a specific point if it appeared earlier in the same subproof or an outer subproof to the current subproof.\n\n### SYMBOLS & CONVENTIONS\nUse the following symbols for logical operations: \n- & = conjunction (and) \n- | = disjunction (or) \n- ~ = negation (not) \n- -> = implication (implies)\n\nQuantifiers symbols: \n Ax represents ∀x \n Ex represents ∃x\nSo formulas with ∀x and ∃x will be represented by Ax and Ex (A and E followed by the variable x). For example, Ax (H(x)->M(x)) represents ∀x (H(x)→M(x)).\n\n###CONVENTIONS\nAtoms: only uppercase letters not immediately followed by parentesis (e.g. P, Q, R).\nPredicates: uppercase letters immediately followed by parentesis (e.g. H(x), M(y), Q(a,b) ). All predicates must use parentheses.\nVariables: first letter in lowercase, can be followed by letters and numbers (e.g., x, x0, xP0).\n\n### TO CREATE NEW VARIABLE:\nFor Universal Introduction rule(Ai): open a subproof with a fresh variable not occurring in any open hypothesis.\nCreate new variable like this: '<line_number>. { <new_variable> '\n\nFor Existential Elimination rule(Ee): open a subproof with a fresh witness constant/variable. \nCreate new variable like this: '<line_number>. {<new_variable> φ[<old_variable>/<new_variable>] hip\n  Write only the final proof in <proof>...</proof> tags. Only use <proof>...</proof> tags ONCE. Only use these symbols inside the proof '&' , '->', '~', '|', '@', '(', ')', '{', '}', 'Ax', 'Ex'.\nDo not include explanations, commentary, or extra text inside and outside the <proof>...</proof> tags.\n ""}, {'role': 'user', 'content': ""Prove '|- (P->Ex Q(x))->Ex (P->Q(x))', using the natural deduction method. Final answer using the notation described. ""}, {'role': 'assistant', 'content': ' <proof>\n                        1. { \t(P -> Ex Q(x))\t\t\t\t\thip\n                        2.\t{\t~(~P | Ex Q(x))\t\t\t\t\thip\n                        3.\t\t{\tP\t\t\t\t\t\t\t\t      hip\n                        4.      Ex Q(x)               ->e 3, 1\n                        5.\t\t\t~P | Ex Q(x)\t\t\t\t\t|i 4\n                        6.\t\t\t@\t\t\t\t\t\t\t\t~e 5,2 }\t\t\n                        7.\t\t~P\t\t\t\t\t\t\t\t\t~i 3-6\n                        8.\t\t~P | Ex Q(x)\t\t\t\t\t\t|i 7\n                        9.\t\t@\t\t\t\t\t\t\t\t\t~e 8,2 }\n                        10.\t~P | Ex Q(x)        raa 2-9\n                        11.\t{\t~P\t\t\t\t\t\t\t\t\thip\n                        12.\t\t{\tP\t\t\t\t\t\t\t\thip\n                        13.\t\t\t@\t\t\t\t\t\t\t\t~e 11,12\n                        14.     Q(a)            @e 13 }\n                        15.\t\tP -> Q(a)\t\t\t\t\t\t\t->i 12-14\n                        16.\t\tEx  (P -> Q(x))\t\t\t\t\tEi 15 }\n                        17.\t{\tEx Q(x)\t\t\t\t\t\t\thip\n                        18.\t\t{ a\t\tQ(a)\t\t\t\t\t\thip\n                        19.\t\t\t{\tP\t\t\t\t\t\t\thip\n                        20.\t\t\t\tQ(a)\t\t\t\t\t\tcopie 18 }\n                        21.\t\t\tP -> Q(a)\t\t\t\t\t\t->i 19-20\n                        22.\t\t\tEx (P -> Q(x))\t\t\t\tEi 21 }\n                        23.\t\tEx (P -> Q(x))\t\t\t\t\tEe 17, 18-22 }\n                        24.\tEx (P -> Q(x))\t\t\t\t\t\t|e 10, 11-16, 17-23}\n                        25. (P -> Ex Q(x)) -> Ex (P -> Q(x))\t->i 1-24\n                    </proof>'}, {'role': 'user', 'content': ""Prove 'Ax ((P(x)->Q(x))&(Q(x)->P(x))) |- Ax ((~P(x)->~Q(x))&(~Q(x)->~P(x)))', using the natural deduction method. Final answer using the notation described.""}, {'role': 'assistant', 'content': ' <proof>\n                            1. Ax((P(x) -> Q(x)) & (Q(x) -> P(x))) pre\n                            2. { a\n                            3.   (P(a) -> Q(a)) & (Q(a) -> P(a)) Ae 1\n                            4.   P(a) -> Q(a) &e 3\n                            5.   Q(a) -> P(a) &e 3\n                            6.   { ~Q(a) hip\n                            7.     { P(a) hip\n                            8.       Q(a) ->e 7,4\n                            9.       @ ~e 6,8 }\n                            10.   ~P(a) ~i 7-9 }\n                            11. ~Q(a) -> ~P(a) ->i 6-10\n                            12. { ~P(a) hip\n                            13.   { Q(a) hip\n                            14.     P(a) ->e 13,5\n                            15.     @ ~e 12,14 }\n                            16.   ~Q(a) ~i 13-15 }\n                            17. ~P(a) -> ~Q(a) ->i 12-16\n                            18. (~P(a) -> ~Q(a)) & (~Q(a) -> ~P(a)) &i 17,11 }\n                            19. Ax((~P(x) -> ~Q(x)) & (~Q(x) -> ~P(x))) Ai 2-18 \n                        </proof>'}, {'role': 'user', 'content': ""Prove'Ax Ey (B(x)|C(y)) |- Ey Ax (B(x)|C(y))' using the natural deduction method. Only one final answer, surrounded by <proof>...</proof>, using the notation described.""}]","<proof>
                        1. AxEy (P(x)|Q(y)) pre
                        2. { a
                        3.   Ax(P(x)|Q(a)) Ai 2-1
                        4.   Ey Ax(P(x)|Q(y)) ∃i 3 }
                        5. Ey Ax(P(x)|Q(y)) ∃i 4 
                    </proof>","1. AxEy (P(x)|Q(y)) pre
                        2. { a
                        3.   Ax(P(x)|Q(a)) Ai 2-1
                        4.   Ey Ax(P(x)|Q(y)) ∃i 3 }
                        5. Ey Ax(P(x)|Q(y)) ∃i 4","Os seguintes erros foram encontrados:

Uma das definições não está completa, verifique se todas regras foram aplicadas corretamente.
Lembre-se que uma regra de inferência sempre inicia com um número seguido de um . (linha de referência), tem uma fórmula e uma justificativa (premissa, hipóteses ou uma das regras de inferência com suas respectivas referências para fórmulas anteriores).
Erro de sintaxe:
                        4.   Ey Ax(P(x)|Q(y)) ∃i 3 }
                                              ^ Símbolo não pertence a linguagem.
",3.584693193435669,stop,1783,948
"Ax (B(x)|C(x)), ~Ex B(x) |- Ax C(x)","[{'role': 'system', 'content': ""You are an expert in logic using the Natural Deduction method.\nYou will receive one first order logic problem. Your task is to prove its validity using Natural Deduction and represent the proof in a Fitch-like notation, following these formatting instructions.\n\n### FORMAT OF PROOF LINES\nEach proof line must be structured like: '<line_number>. <formula> <origin>'\n- <line_number>: sequential integer, always ending with a dot ('1.', '2.', '3.', ...)\n- <formula>: the formula derived on that line\n- <origin>: either 'pre' (premise), 'hip' (hypothesis) or '<rule_name> <line_refs>'\n - <rule_name> and <line_refs>: \n - &e (1 line) \n - &i (2 lines) \n - ->e (2 lines) \n - ->i (1 range) \n - ~e (2 lines) \n - ~i (1 range) \n - |e (1 line + 2 ranges) \n - |i (1 line) \n - @e (1 line) \n - raa (1 range) \n - copy (1 line) \n - Ae (1 line)\n - Ai (1 range)\n - Ee (1 line + 1 range)\n - Ei (1 line)\n - <line_refs>: Must be comma-separated line numbers or ranges. Ranges denote subproofs (e.g., `->i 8-12`, `|e 4, 5-9, 10-14`)\n\n### SUBPROOFS / HYPOTHESES\nUse subproofs for hypotheses. Use curly braces '{' and '}' to open and close subproofs. \nPlace `{` immediately after the line number (e.g. '8.{ A|B hip') and `}` at the end of the final line of the subproof (e.g. '10. B @e 4}').\nNested subproofs are allowed. But a formula may only be used at a specific point if it appeared earlier in the same subproof or an outer subproof to the current subproof.\n\n### SYMBOLS & CONVENTIONS\nUse the following symbols for logical operations: \n- & = conjunction (and) \n- | = disjunction (or) \n- ~ = negation (not) \n- -> = implication (implies)\n\nQuantifiers symbols: \n Ax represents ∀x \n Ex represents ∃x\nSo formulas with ∀x and ∃x will be represented by Ax and Ex (A and E followed by the variable x). For example, Ax (H(x)->M(x)) represents ∀x (H(x)→M(x)).\n\n###CONVENTIONS\nAtoms: only uppercase letters not immediately followed by parentesis (e.g. P, Q, R).\nPredicates: uppercase letters immediately followed by parentesis (e.g. H(x), M(y), Q(a,b) ). All predicates must use parentheses.\nVariables: first letter in lowercase, can be followed by letters and numbers (e.g., x, x0, xP0).\n\n### TO CREATE NEW VARIABLE:\nFor Universal Introduction rule(Ai): open a subproof with a fresh variable not occurring in any open hypothesis.\nCreate new variable like this: '<line_number>. { <new_variable> '\n\nFor Existential Elimination rule(Ee): open a subproof with a fresh witness constant/variable. \nCreate new variable like this: '<line_number>. {<new_variable> φ[<old_variable>/<new_variable>] hip\n  Write only the final proof in <proof>...</proof> tags. Only use <proof>...</proof> tags ONCE. Only use these symbols inside the proof '&' , '->', '~', '|', '@', '(', ')', '{', '}', 'Ax', 'Ex'.\nDo not include explanations, commentary, or extra text inside and outside the <proof>...</proof> tags.\n ""}, {'role': 'user', 'content': ""Prove '|- (P->Ex Q(x))->Ex (P->Q(x))', using the natural deduction method. Final answer using the notation described. ""}, {'role': 'assistant', 'content': ' <proof>\n                        1. { \t(P -> Ex Q(x))\t\t\t\t\thip\n                        2.\t{\t~(~P | Ex Q(x))\t\t\t\t\thip\n                        3.\t\t{\tP\t\t\t\t\t\t\t\t      hip\n                        4.      Ex Q(x)               ->e 3, 1\n                        5.\t\t\t~P | Ex Q(x)\t\t\t\t\t|i 4\n                        6.\t\t\t@\t\t\t\t\t\t\t\t~e 5,2 }\t\t\n                        7.\t\t~P\t\t\t\t\t\t\t\t\t~i 3-6\n                        8.\t\t~P | Ex Q(x)\t\t\t\t\t\t|i 7\n                        9.\t\t@\t\t\t\t\t\t\t\t\t~e 8,2 }\n                        10.\t~P | Ex Q(x)        raa 2-9\n                        11.\t{\t~P\t\t\t\t\t\t\t\t\thip\n                        12.\t\t{\tP\t\t\t\t\t\t\t\thip\n                        13.\t\t\t@\t\t\t\t\t\t\t\t~e 11,12\n                        14.     Q(a)            @e 13 }\n                        15.\t\tP -> Q(a)\t\t\t\t\t\t\t->i 12-14\n                        16.\t\tEx  (P -> Q(x))\t\t\t\t\tEi 15 }\n                        17.\t{\tEx Q(x)\t\t\t\t\t\t\thip\n                        18.\t\t{ a\t\tQ(a)\t\t\t\t\t\thip\n                        19.\t\t\t{\tP\t\t\t\t\t\t\thip\n                        20.\t\t\t\tQ(a)\t\t\t\t\t\tcopie 18 }\n                        21.\t\t\tP -> Q(a)\t\t\t\t\t\t->i 19-20\n                        22.\t\t\tEx (P -> Q(x))\t\t\t\tEi 21 }\n                        23.\t\tEx (P -> Q(x))\t\t\t\t\tEe 17, 18-22 }\n                        24.\tEx (P -> Q(x))\t\t\t\t\t\t|e 10, 11-16, 17-23}\n                        25. (P -> Ex Q(x)) -> Ex (P -> Q(x))\t->i 1-24\n                    </proof>'}, {'role': 'user', 'content': ""Prove 'Ax ((P(x)->Q(x))&(Q(x)->P(x))) |- Ax ((~P(x)->~Q(x))&(~Q(x)->~P(x)))', using the natural deduction method. Final answer using the notation described.""}, {'role': 'assistant', 'content': ' <proof>\n                            1. Ax((P(x) -> Q(x)) & (Q(x) -> P(x))) pre\n                            2. { a\n                            3.   (P(a) -> Q(a)) & (Q(a) -> P(a)) Ae 1\n                            4.   P(a) -> Q(a) &e 3\n                            5.   Q(a) -> P(a) &e 3\n                            6.   { ~Q(a) hip\n                            7.     { P(a) hip\n                            8.       Q(a) ->e 7,4\n                            9.       @ ~e 6,8 }\n                            10.   ~P(a) ~i 7-9 }\n                            11. ~Q(a) -> ~P(a) ->i 6-10\n                            12. { ~P(a) hip\n                            13.   { Q(a) hip\n                            14.     P(a) ->e 13,5\n                            15.     @ ~e 12,14 }\n                            16.   ~Q(a) ~i 13-15 }\n                            17. ~P(a) -> ~Q(a) ->i 12-16\n                            18. (~P(a) -> ~Q(a)) & (~Q(a) -> ~P(a)) &i 17,11 }\n                            19. Ax((~P(x) -> ~Q(x)) & (~Q(x) -> ~P(x))) Ai 2-18 \n                        </proof>'}, {'role': 'user', 'content': ""Prove'Ax (B(x)|C(x)), ~Ex B(x) |- Ax C(x)' using the natural deduction method. Only one final answer, surrounded by <proof>...</proof>, using the notation described.""}]","<proof>
                        1. Ax(H(x)|M(x)) pre
                        2. ~Ex H(x) pre
                        3. { a
                        4.   H(a)|M(a) Ae 1
                        5.   { ~M(a) hip
                        6.     { H(a) hip
                        7.       Ex H(x) Ei 6
                        8.       @ ~e 2,7 }
                        9.     { M(a) hip
                        10.      @ ~e 5,9 }
                        11.   ⊥ |e 4,6-8,9-10
                        12.   M(a) raa 5-11 }
                        13. Ax M(x) Ai 3-12 
                    </proof>","1. Ax(H(x)|M(x)) pre
                        2. ~Ex H(x) pre
                        3. { a
                        4.   H(a)|M(a) Ae 1
                        5.   { ~M(a) hip
                        6.     { H(a) hip
                        7.       Ex H(x) Ei 6
                        8.       @ ~e 2,7 }
                        9.     { M(a) hip
                        10.      @ ~e 5,9 }
                        11.   ⊥ |e 4,6-8,9-10
                        12.   M(a) raa 5-11 }
                        13. Ax M(x) Ai 3-12","Os seguintes erros foram encontrados:

Uma das definições não está completa, verifique se todas regras foram aplicadas corretamente.
Lembre-se que uma regra de inferência sempre inicia com um número seguido de um . (linha de referência), tem uma fórmula e uma justificativa (premissa, hipóteses ou uma das regras de inferência com suas respectivas referências para fórmulas anteriores).
Erro de sintaxe:
                        11.   ⊥ |e 4,6-8,9-10
                              ^ Símbolo não pertence a linguagem.
",6.68495774269104,stop,1781,1718
"Ax (B(x)|C(x)), Ax ~B(x) |- Ax C(x)","[{'role': 'system', 'content': ""You are an expert in logic using the Natural Deduction method.\nYou will receive one first order logic problem. Your task is to prove its validity using Natural Deduction and represent the proof in a Fitch-like notation, following these formatting instructions.\n\n### FORMAT OF PROOF LINES\nEach proof line must be structured like: '<line_number>. <formula> <origin>'\n- <line_number>: sequential integer, always ending with a dot ('1.', '2.', '3.', ...)\n- <formula>: the formula derived on that line\n- <origin>: either 'pre' (premise), 'hip' (hypothesis) or '<rule_name> <line_refs>'\n - <rule_name> and <line_refs>: \n - &e (1 line) \n - &i (2 lines) \n - ->e (2 lines) \n - ->i (1 range) \n - ~e (2 lines) \n - ~i (1 range) \n - |e (1 line + 2 ranges) \n - |i (1 line) \n - @e (1 line) \n - raa (1 range) \n - copy (1 line) \n - Ae (1 line)\n - Ai (1 range)\n - Ee (1 line + 1 range)\n - Ei (1 line)\n - <line_refs>: Must be comma-separated line numbers or ranges. Ranges denote subproofs (e.g., `->i 8-12`, `|e 4, 5-9, 10-14`)\n\n### SUBPROOFS / HYPOTHESES\nUse subproofs for hypotheses. Use curly braces '{' and '}' to open and close subproofs. \nPlace `{` immediately after the line number (e.g. '8.{ A|B hip') and `}` at the end of the final line of the subproof (e.g. '10. B @e 4}').\nNested subproofs are allowed. But a formula may only be used at a specific point if it appeared earlier in the same subproof or an outer subproof to the current subproof.\n\n### SYMBOLS & CONVENTIONS\nUse the following symbols for logical operations: \n- & = conjunction (and) \n- | = disjunction (or) \n- ~ = negation (not) \n- -> = implication (implies)\n\nQuantifiers symbols: \n Ax represents ∀x \n Ex represents ∃x\nSo formulas with ∀x and ∃x will be represented by Ax and Ex (A and E followed by the variable x). For example, Ax (H(x)->M(x)) represents ∀x (H(x)→M(x)).\n\n###CONVENTIONS\nAtoms: only uppercase letters not immediately followed by parentesis (e.g. P, Q, R).\nPredicates: uppercase letters immediately followed by parentesis (e.g. H(x), M(y), Q(a,b) ). All predicates must use parentheses.\nVariables: first letter in lowercase, can be followed by letters and numbers (e.g., x, x0, xP0).\n\n### TO CREATE NEW VARIABLE:\nFor Universal Introduction rule(Ai): open a subproof with a fresh variable not occurring in any open hypothesis.\nCreate new variable like this: '<line_number>. { <new_variable> '\n\nFor Existential Elimination rule(Ee): open a subproof with a fresh witness constant/variable. \nCreate new variable like this: '<line_number>. {<new_variable> φ[<old_variable>/<new_variable>] hip\n  Write only the final proof in <proof>...</proof> tags. Only use <proof>...</proof> tags ONCE. Only use these symbols inside the proof '&' , '->', '~', '|', '@', '(', ')', '{', '}', 'Ax', 'Ex'.\nDo not include explanations, commentary, or extra text inside and outside the <proof>...</proof> tags.\n ""}, {'role': 'user', 'content': ""Prove '|- (P->Ex Q(x))->Ex (P->Q(x))', using the natural deduction method. Final answer using the notation described. ""}, {'role': 'assistant', 'content': ' <proof>\n                        1. { \t(P -> Ex Q(x))\t\t\t\t\thip\n                        2.\t{\t~(~P | Ex Q(x))\t\t\t\t\thip\n                        3.\t\t{\tP\t\t\t\t\t\t\t\t      hip\n                        4.      Ex Q(x)               ->e 3, 1\n                        5.\t\t\t~P | Ex Q(x)\t\t\t\t\t|i 4\n                        6.\t\t\t@\t\t\t\t\t\t\t\t~e 5,2 }\t\t\n                        7.\t\t~P\t\t\t\t\t\t\t\t\t~i 3-6\n                        8.\t\t~P | Ex Q(x)\t\t\t\t\t\t|i 7\n                        9.\t\t@\t\t\t\t\t\t\t\t\t~e 8,2 }\n                        10.\t~P | Ex Q(x)        raa 2-9\n                        11.\t{\t~P\t\t\t\t\t\t\t\t\thip\n                        12.\t\t{\tP\t\t\t\t\t\t\t\thip\n                        13.\t\t\t@\t\t\t\t\t\t\t\t~e 11,12\n                        14.     Q(a)            @e 13 }\n                        15.\t\tP -> Q(a)\t\t\t\t\t\t\t->i 12-14\n                        16.\t\tEx  (P -> Q(x))\t\t\t\t\tEi 15 }\n                        17.\t{\tEx Q(x)\t\t\t\t\t\t\thip\n                        18.\t\t{ a\t\tQ(a)\t\t\t\t\t\thip\n                        19.\t\t\t{\tP\t\t\t\t\t\t\thip\n                        20.\t\t\t\tQ(a)\t\t\t\t\t\tcopie 18 }\n                        21.\t\t\tP -> Q(a)\t\t\t\t\t\t->i 19-20\n                        22.\t\t\tEx (P -> Q(x))\t\t\t\tEi 21 }\n                        23.\t\tEx (P -> Q(x))\t\t\t\t\tEe 17, 18-22 }\n                        24.\tEx (P -> Q(x))\t\t\t\t\t\t|e 10, 11-16, 17-23}\n                        25. (P -> Ex Q(x)) -> Ex (P -> Q(x))\t->i 1-24\n                    </proof>'}, {'role': 'user', 'content': ""Prove 'Ax ((P(x)->Q(x))&(Q(x)->P(x))) |- Ax ((~P(x)->~Q(x))&(~Q(x)->~P(x)))', using the natural deduction method. Final answer using the notation described.""}, {'role': 'assistant', 'content': ' <proof>\n                            1. Ax((P(x) -> Q(x)) & (Q(x) -> P(x))) pre\n                            2. { a\n                            3.   (P(a) -> Q(a)) & (Q(a) -> P(a)) Ae 1\n                            4.   P(a) -> Q(a) &e 3\n                            5.   Q(a) -> P(a) &e 3\n                            6.   { ~Q(a) hip\n                            7.     { P(a) hip\n                            8.       Q(a) ->e 7,4\n                            9.       @ ~e 6,8 }\n                            10.   ~P(a) ~i 7-9 }\n                            11. ~Q(a) -> ~P(a) ->i 6-10\n                            12. { ~P(a) hip\n                            13.   { Q(a) hip\n                            14.     P(a) ->e 13,5\n                            15.     @ ~e 12,14 }\n                            16.   ~Q(a) ~i 13-15 }\n                            17. ~P(a) -> ~Q(a) ->i 12-16\n                            18. (~P(a) -> ~Q(a)) & (~Q(a) -> ~P(a)) &i 17,11 }\n                            19. Ax((~P(x) -> ~Q(x)) & (~Q(x) -> ~P(x))) Ai 2-18 \n                        </proof>'}, {'role': 'user', 'content': ""Prove'Ax (B(x)|C(x)), Ax ~B(x) |- Ax C(x)' using the natural deduction method. Only one final answer, surrounded by <proof>...</proof>, using the notation described.""}]","<proof>
                        1. Ax(H(x)|M(x)) pre
                        2. Ax~H(x) pre
                        3. { a
                        4.   H(a)|M(a) Ae 1
                        5.   ~H(a) Ae 2
                        6.   { H(a) hip
                        7.     M(a) |e 6,4
                        8.     { M(a) hip
                        9.       M(a) |i 8
                       10.     } 
                       11.     M(a) @ e 7-9
                       12.   }
                       13.   M(a) Ai 6-11
                       14. }
                       15. Ax M(x) Ai 3-13
                    </proof>","1. Ax(H(x)|M(x)) pre
                        2. Ax~H(x) pre
                        3. { a
                        4.   H(a)|M(a) Ae 1
                        5.   ~H(a) Ae 2
                        6.   { H(a) hip
                        7.     M(a) |e 6,4
                        8.     { M(a) hip
                        9.       M(a) |i 8
                       10.     } 
                       11.     M(a) @ e 7-9
                       12.   }
                       13.   M(a) Ai 6-11
                       14. }
                       15. Ax M(x) Ai 3-13","Os seguintes erros foram encontrados:

Uma das definições não está completa, verifique se todas regras foram aplicadas corretamente.
Lembre-se que uma regra de inferência sempre inicia com um número seguido de um . (linha de referência), tem uma fórmula e uma justificativa (premissa, hipóteses ou uma das regras de inferência com suas respectivas referências para fórmulas anteriores).
Erro de sintaxe:
                        8.     { M(a) hip
                        ^
",1.4444031715393066,stop,1781,386
"Ax ~(B(x)&~C(x)), ~Ax C(x) |- ~Ax B(x)","[{'role': 'system', 'content': ""You are an expert in logic using the Natural Deduction method.\nYou will receive one first order logic problem. Your task is to prove its validity using Natural Deduction and represent the proof in a Fitch-like notation, following these formatting instructions.\n\n### FORMAT OF PROOF LINES\nEach proof line must be structured like: '<line_number>. <formula> <origin>'\n- <line_number>: sequential integer, always ending with a dot ('1.', '2.', '3.', ...)\n- <formula>: the formula derived on that line\n- <origin>: either 'pre' (premise), 'hip' (hypothesis) or '<rule_name> <line_refs>'\n - <rule_name> and <line_refs>: \n - &e (1 line) \n - &i (2 lines) \n - ->e (2 lines) \n - ->i (1 range) \n - ~e (2 lines) \n - ~i (1 range) \n - |e (1 line + 2 ranges) \n - |i (1 line) \n - @e (1 line) \n - raa (1 range) \n - copy (1 line) \n - Ae (1 line)\n - Ai (1 range)\n - Ee (1 line + 1 range)\n - Ei (1 line)\n - <line_refs>: Must be comma-separated line numbers or ranges. Ranges denote subproofs (e.g., `->i 8-12`, `|e 4, 5-9, 10-14`)\n\n### SUBPROOFS / HYPOTHESES\nUse subproofs for hypotheses. Use curly braces '{' and '}' to open and close subproofs. \nPlace `{` immediately after the line number (e.g. '8.{ A|B hip') and `}` at the end of the final line of the subproof (e.g. '10. B @e 4}').\nNested subproofs are allowed. But a formula may only be used at a specific point if it appeared earlier in the same subproof or an outer subproof to the current subproof.\n\n### SYMBOLS & CONVENTIONS\nUse the following symbols for logical operations: \n- & = conjunction (and) \n- | = disjunction (or) \n- ~ = negation (not) \n- -> = implication (implies)\n\nQuantifiers symbols: \n Ax represents ∀x \n Ex represents ∃x\nSo formulas with ∀x and ∃x will be represented by Ax and Ex (A and E followed by the variable x). For example, Ax (H(x)->M(x)) represents ∀x (H(x)→M(x)).\n\n###CONVENTIONS\nAtoms: only uppercase letters not immediately followed by parentesis (e.g. P, Q, R).\nPredicates: uppercase letters immediately followed by parentesis (e.g. H(x), M(y), Q(a,b) ). All predicates must use parentheses.\nVariables: first letter in lowercase, can be followed by letters and numbers (e.g., x, x0, xP0).\n\n### TO CREATE NEW VARIABLE:\nFor Universal Introduction rule(Ai): open a subproof with a fresh variable not occurring in any open hypothesis.\nCreate new variable like this: '<line_number>. { <new_variable> '\n\nFor Existential Elimination rule(Ee): open a subproof with a fresh witness constant/variable. \nCreate new variable like this: '<line_number>. {<new_variable> φ[<old_variable>/<new_variable>] hip\n  Write only the final proof in <proof>...</proof> tags. Only use <proof>...</proof> tags ONCE. Only use these symbols inside the proof '&' , '->', '~', '|', '@', '(', ')', '{', '}', 'Ax', 'Ex'.\nDo not include explanations, commentary, or extra text inside and outside the <proof>...</proof> tags.\n ""}, {'role': 'user', 'content': ""Prove '|- (P->Ex Q(x))->Ex (P->Q(x))', using the natural deduction method. Final answer using the notation described. ""}, {'role': 'assistant', 'content': ' <proof>\n                        1. { \t(P -> Ex Q(x))\t\t\t\t\thip\n                        2.\t{\t~(~P | Ex Q(x))\t\t\t\t\thip\n                        3.\t\t{\tP\t\t\t\t\t\t\t\t      hip\n                        4.      Ex Q(x)               ->e 3, 1\n                        5.\t\t\t~P | Ex Q(x)\t\t\t\t\t|i 4\n                        6.\t\t\t@\t\t\t\t\t\t\t\t~e 5,2 }\t\t\n                        7.\t\t~P\t\t\t\t\t\t\t\t\t~i 3-6\n                        8.\t\t~P | Ex Q(x)\t\t\t\t\t\t|i 7\n                        9.\t\t@\t\t\t\t\t\t\t\t\t~e 8,2 }\n                        10.\t~P | Ex Q(x)        raa 2-9\n                        11.\t{\t~P\t\t\t\t\t\t\t\t\thip\n                        12.\t\t{\tP\t\t\t\t\t\t\t\thip\n                        13.\t\t\t@\t\t\t\t\t\t\t\t~e 11,12\n                        14.     Q(a)            @e 13 }\n                        15.\t\tP -> Q(a)\t\t\t\t\t\t\t->i 12-14\n                        16.\t\tEx  (P -> Q(x))\t\t\t\t\tEi 15 }\n                        17.\t{\tEx Q(x)\t\t\t\t\t\t\thip\n                        18.\t\t{ a\t\tQ(a)\t\t\t\t\t\thip\n                        19.\t\t\t{\tP\t\t\t\t\t\t\thip\n                        20.\t\t\t\tQ(a)\t\t\t\t\t\tcopie 18 }\n                        21.\t\t\tP -> Q(a)\t\t\t\t\t\t->i 19-20\n                        22.\t\t\tEx (P -> Q(x))\t\t\t\tEi 21 }\n                        23.\t\tEx (P -> Q(x))\t\t\t\t\tEe 17, 18-22 }\n                        24.\tEx (P -> Q(x))\t\t\t\t\t\t|e 10, 11-16, 17-23}\n                        25. (P -> Ex Q(x)) -> Ex (P -> Q(x))\t->i 1-24\n                    </proof>'}, {'role': 'user', 'content': ""Prove 'Ax ((P(x)->Q(x))&(Q(x)->P(x))) |- Ax ((~P(x)->~Q(x))&(~Q(x)->~P(x)))', using the natural deduction method. Final answer using the notation described.""}, {'role': 'assistant', 'content': ' <proof>\n                            1. Ax((P(x) -> Q(x)) & (Q(x) -> P(x))) pre\n                            2. { a\n                            3.   (P(a) -> Q(a)) & (Q(a) -> P(a)) Ae 1\n                            4.   P(a) -> Q(a) &e 3\n                            5.   Q(a) -> P(a) &e 3\n                            6.   { ~Q(a) hip\n                            7.     { P(a) hip\n                            8.       Q(a) ->e 7,4\n                            9.       @ ~e 6,8 }\n                            10.   ~P(a) ~i 7-9 }\n                            11. ~Q(a) -> ~P(a) ->i 6-10\n                            12. { ~P(a) hip\n                            13.   { Q(a) hip\n                            14.     P(a) ->e 13,5\n                            15.     @ ~e 12,14 }\n                            16.   ~Q(a) ~i 13-15 }\n                            17. ~P(a) -> ~Q(a) ->i 12-16\n                            18. (~P(a) -> ~Q(a)) & (~Q(a) -> ~P(a)) &i 17,11 }\n                            19. Ax((~P(x) -> ~Q(x)) & (~Q(x) -> ~P(x))) Ai 2-18 \n                        </proof>'}, {'role': 'user', 'content': ""Prove'Ax ~(B(x)&~C(x)), ~Ax C(x) |- ~Ax B(x)' using the natural deduction method. Only one final answer, surrounded by <proof>...</proof>, using the notation described.""}]","<proof>
                        1. Ax ~(H(x)&~M(x)) pre
                        2. { a
                        3.   ~(H(a)&~M(a)) Ae 1
                        4.   { H(a) hip
                        5.     { ~M(a) hip
                        6.       H(a)&~M(a) &i 4,5
                        7.       @ ~e 3,6 }
                        8.     M(a) ~i 4-7 }
                        9.   H(a)->M(a) ->i 4-8
                       10. Ax(H->M) Ai 2-9
                       11. { Ax H(x) hip
                       12.   { a
                       13.     H(a) Ae 11
                       14.     M(a) ->e 13,10
                       15.     Ax M(x) Ai 12-14 }
                       16.   @ ~e 15,2 }
                       17. ¬Ax H(x) raa 11-16
                    </proof>","1. Ax ~(H(x)&~M(x)) pre
                        2. { a
                        3.   ~(H(a)&~M(a)) Ae 1
                        4.   { H(a) hip
                        5.     { ~M(a) hip
                        6.       H(a)&~M(a) &i 4,5
                        7.       @ ~e 3,6 }
                        8.     M(a) ~i 4-7 }
                        9.   H(a)->M(a) ->i 4-8
                       10. Ax(H->M) Ai 2-9
                       11. { Ax H(x) hip
                       12.   { a
                       13.     H(a) Ae 11
                       14.     M(a) ->e 13,10
                       15.     Ax M(x) Ai 12-14 }
                       16.   @ ~e 15,2 }
                       17. ¬Ax H(x) raa 11-16","Os seguintes erros foram encontrados:

Uma das definições não está completa, verifique se todas regras foram aplicadas corretamente.
Lembre-se que uma regra de inferência sempre inicia com um número seguido de um . (linha de referência), tem uma fórmula e uma justificativa (premissa, hipóteses ou uma das regras de inferência com suas respectivas referências para fórmulas anteriores).
Erro de sintaxe:
                       17. ¬Ax H(x) raa 11-16
                           ^ Símbolo não pertence a linguagem.
",4.79679536819458,stop,1783,1286
"Ax ~(B(x)&~C(x)), Ex ~C(x) |- ~Ax B(x)","[{'role': 'system', 'content': ""You are an expert in logic using the Natural Deduction method.\nYou will receive one first order logic problem. Your task is to prove its validity using Natural Deduction and represent the proof in a Fitch-like notation, following these formatting instructions.\n\n### FORMAT OF PROOF LINES\nEach proof line must be structured like: '<line_number>. <formula> <origin>'\n- <line_number>: sequential integer, always ending with a dot ('1.', '2.', '3.', ...)\n- <formula>: the formula derived on that line\n- <origin>: either 'pre' (premise), 'hip' (hypothesis) or '<rule_name> <line_refs>'\n - <rule_name> and <line_refs>: \n - &e (1 line) \n - &i (2 lines) \n - ->e (2 lines) \n - ->i (1 range) \n - ~e (2 lines) \n - ~i (1 range) \n - |e (1 line + 2 ranges) \n - |i (1 line) \n - @e (1 line) \n - raa (1 range) \n - copy (1 line) \n - Ae (1 line)\n - Ai (1 range)\n - Ee (1 line + 1 range)\n - Ei (1 line)\n - <line_refs>: Must be comma-separated line numbers or ranges. Ranges denote subproofs (e.g., `->i 8-12`, `|e 4, 5-9, 10-14`)\n\n### SUBPROOFS / HYPOTHESES\nUse subproofs for hypotheses. Use curly braces '{' and '}' to open and close subproofs. \nPlace `{` immediately after the line number (e.g. '8.{ A|B hip') and `}` at the end of the final line of the subproof (e.g. '10. B @e 4}').\nNested subproofs are allowed. But a formula may only be used at a specific point if it appeared earlier in the same subproof or an outer subproof to the current subproof.\n\n### SYMBOLS & CONVENTIONS\nUse the following symbols for logical operations: \n- & = conjunction (and) \n- | = disjunction (or) \n- ~ = negation (not) \n- -> = implication (implies)\n\nQuantifiers symbols: \n Ax represents ∀x \n Ex represents ∃x\nSo formulas with ∀x and ∃x will be represented by Ax and Ex (A and E followed by the variable x). For example, Ax (H(x)->M(x)) represents ∀x (H(x)→M(x)).\n\n###CONVENTIONS\nAtoms: only uppercase letters not immediately followed by parentesis (e.g. P, Q, R).\nPredicates: uppercase letters immediately followed by parentesis (e.g. H(x), M(y), Q(a,b) ). All predicates must use parentheses.\nVariables: first letter in lowercase, can be followed by letters and numbers (e.g., x, x0, xP0).\n\n### TO CREATE NEW VARIABLE:\nFor Universal Introduction rule(Ai): open a subproof with a fresh variable not occurring in any open hypothesis.\nCreate new variable like this: '<line_number>. { <new_variable> '\n\nFor Existential Elimination rule(Ee): open a subproof with a fresh witness constant/variable. \nCreate new variable like this: '<line_number>. {<new_variable> φ[<old_variable>/<new_variable>] hip\n  Write only the final proof in <proof>...</proof> tags. Only use <proof>...</proof> tags ONCE. Only use these symbols inside the proof '&' , '->', '~', '|', '@', '(', ')', '{', '}', 'Ax', 'Ex'.\nDo not include explanations, commentary, or extra text inside and outside the <proof>...</proof> tags.\n ""}, {'role': 'user', 'content': ""Prove '|- (P->Ex Q(x))->Ex (P->Q(x))', using the natural deduction method. Final answer using the notation described. ""}, {'role': 'assistant', 'content': ' <proof>\n                        1. { \t(P -> Ex Q(x))\t\t\t\t\thip\n                        2.\t{\t~(~P | Ex Q(x))\t\t\t\t\thip\n                        3.\t\t{\tP\t\t\t\t\t\t\t\t      hip\n                        4.      Ex Q(x)               ->e 3, 1\n                        5.\t\t\t~P | Ex Q(x)\t\t\t\t\t|i 4\n                        6.\t\t\t@\t\t\t\t\t\t\t\t~e 5,2 }\t\t\n                        7.\t\t~P\t\t\t\t\t\t\t\t\t~i 3-6\n                        8.\t\t~P | Ex Q(x)\t\t\t\t\t\t|i 7\n                        9.\t\t@\t\t\t\t\t\t\t\t\t~e 8,2 }\n                        10.\t~P | Ex Q(x)        raa 2-9\n                        11.\t{\t~P\t\t\t\t\t\t\t\t\thip\n                        12.\t\t{\tP\t\t\t\t\t\t\t\thip\n                        13.\t\t\t@\t\t\t\t\t\t\t\t~e 11,12\n                        14.     Q(a)            @e 13 }\n                        15.\t\tP -> Q(a)\t\t\t\t\t\t\t->i 12-14\n                        16.\t\tEx  (P -> Q(x))\t\t\t\t\tEi 15 }\n                        17.\t{\tEx Q(x)\t\t\t\t\t\t\thip\n                        18.\t\t{ a\t\tQ(a)\t\t\t\t\t\thip\n                        19.\t\t\t{\tP\t\t\t\t\t\t\thip\n                        20.\t\t\t\tQ(a)\t\t\t\t\t\tcopie 18 }\n                        21.\t\t\tP -> Q(a)\t\t\t\t\t\t->i 19-20\n                        22.\t\t\tEx (P -> Q(x))\t\t\t\tEi 21 }\n                        23.\t\tEx (P -> Q(x))\t\t\t\t\tEe 17, 18-22 }\n                        24.\tEx (P -> Q(x))\t\t\t\t\t\t|e 10, 11-16, 17-23}\n                        25. (P -> Ex Q(x)) -> Ex (P -> Q(x))\t->i 1-24\n                    </proof>'}, {'role': 'user', 'content': ""Prove 'Ax ((P(x)->Q(x))&(Q(x)->P(x))) |- Ax ((~P(x)->~Q(x))&(~Q(x)->~P(x)))', using the natural deduction method. Final answer using the notation described.""}, {'role': 'assistant', 'content': ' <proof>\n                            1. Ax((P(x) -> Q(x)) & (Q(x) -> P(x))) pre\n                            2. { a\n                            3.   (P(a) -> Q(a)) & (Q(a) -> P(a)) Ae 1\n                            4.   P(a) -> Q(a) &e 3\n                            5.   Q(a) -> P(a) &e 3\n                            6.   { ~Q(a) hip\n                            7.     { P(a) hip\n                            8.       Q(a) ->e 7,4\n                            9.       @ ~e 6,8 }\n                            10.   ~P(a) ~i 7-9 }\n                            11. ~Q(a) -> ~P(a) ->i 6-10\n                            12. { ~P(a) hip\n                            13.   { Q(a) hip\n                            14.     P(a) ->e 13,5\n                            15.     @ ~e 12,14 }\n                            16.   ~Q(a) ~i 13-15 }\n                            17. ~P(a) -> ~Q(a) ->i 12-16\n                            18. (~P(a) -> ~Q(a)) & (~Q(a) -> ~P(a)) &i 17,11 }\n                            19. Ax((~P(x) -> ~Q(x)) & (~Q(x) -> ~P(x))) Ai 2-18 \n                        </proof>'}, {'role': 'user', 'content': ""Prove'Ax ~(B(x)&~C(x)), Ex ~C(x) |- ~Ax B(x)' using the natural deduction method. Only one final answer, surrounded by <proof>...</proof>, using the notation described.""}]","<proof>
                        1. Ax¬(H(x)&~M(x)) pre
                        2. Ex~M(x) pre
                        3. { ∀x H(x) hip
                        4.   { a
                        5.     ~M(a) hip
                        6.     ¬(H(a)&~M(a)) Ae 1
                        7.     H(a) Ae 3
                        8.     H(a)&~M(a) &i 7,5
                        9.     ⊥ ~e 6,8 }
                        10.   ⊥ raa 4-9
                        11. ¬∀x H(x) raa 3-10 
                    </proof>","1. Ax¬(H(x)&~M(x)) pre
                        2. Ex~M(x) pre
                        3. { ∀x H(x) hip
                        4.   { a
                        5.     ~M(a) hip
                        6.     ¬(H(a)&~M(a)) Ae 1
                        7.     H(a) Ae 3
                        8.     H(a)&~M(a) &i 7,5
                        9.     ⊥ ~e 6,8 }
                        10.   ⊥ raa 4-9
                        11. ¬∀x H(x) raa 3-10","Os seguintes erros foram encontrados:

Uma das definições não está completa, verifique se todas regras foram aplicadas corretamente.
Lembre-se que uma regra de inferência sempre inicia com um número seguido de um . (linha de referência), tem uma fórmula e uma justificativa (premissa, hipóteses ou uma das regras de inferência com suas respectivas referências para fórmulas anteriores).
Erro de sintaxe:
1. Ax¬(H(x)&~M(x)) pre
     ^ Símbolo não pertence a linguagem.
",3.829007863998413,stop,1783,971
"Ax ~(B(x)&~C(x)), ~Ax C(x) |- Ex ~B(x)","[{'role': 'system', 'content': ""You are an expert in logic using the Natural Deduction method.\nYou will receive one first order logic problem. Your task is to prove its validity using Natural Deduction and represent the proof in a Fitch-like notation, following these formatting instructions.\n\n### FORMAT OF PROOF LINES\nEach proof line must be structured like: '<line_number>. <formula> <origin>'\n- <line_number>: sequential integer, always ending with a dot ('1.', '2.', '3.', ...)\n- <formula>: the formula derived on that line\n- <origin>: either 'pre' (premise), 'hip' (hypothesis) or '<rule_name> <line_refs>'\n - <rule_name> and <line_refs>: \n - &e (1 line) \n - &i (2 lines) \n - ->e (2 lines) \n - ->i (1 range) \n - ~e (2 lines) \n - ~i (1 range) \n - |e (1 line + 2 ranges) \n - |i (1 line) \n - @e (1 line) \n - raa (1 range) \n - copy (1 line) \n - Ae (1 line)\n - Ai (1 range)\n - Ee (1 line + 1 range)\n - Ei (1 line)\n - <line_refs>: Must be comma-separated line numbers or ranges. Ranges denote subproofs (e.g., `->i 8-12`, `|e 4, 5-9, 10-14`)\n\n### SUBPROOFS / HYPOTHESES\nUse subproofs for hypotheses. Use curly braces '{' and '}' to open and close subproofs. \nPlace `{` immediately after the line number (e.g. '8.{ A|B hip') and `}` at the end of the final line of the subproof (e.g. '10. B @e 4}').\nNested subproofs are allowed. But a formula may only be used at a specific point if it appeared earlier in the same subproof or an outer subproof to the current subproof.\n\n### SYMBOLS & CONVENTIONS\nUse the following symbols for logical operations: \n- & = conjunction (and) \n- | = disjunction (or) \n- ~ = negation (not) \n- -> = implication (implies)\n\nQuantifiers symbols: \n Ax represents ∀x \n Ex represents ∃x\nSo formulas with ∀x and ∃x will be represented by Ax and Ex (A and E followed by the variable x). For example, Ax (H(x)->M(x)) represents ∀x (H(x)→M(x)).\n\n###CONVENTIONS\nAtoms: only uppercase letters not immediately followed by parentesis (e.g. P, Q, R).\nPredicates: uppercase letters immediately followed by parentesis (e.g. H(x), M(y), Q(a,b) ). All predicates must use parentheses.\nVariables: first letter in lowercase, can be followed by letters and numbers (e.g., x, x0, xP0).\n\n### TO CREATE NEW VARIABLE:\nFor Universal Introduction rule(Ai): open a subproof with a fresh variable not occurring in any open hypothesis.\nCreate new variable like this: '<line_number>. { <new_variable> '\n\nFor Existential Elimination rule(Ee): open a subproof with a fresh witness constant/variable. \nCreate new variable like this: '<line_number>. {<new_variable> φ[<old_variable>/<new_variable>] hip\n  Write only the final proof in <proof>...</proof> tags. Only use <proof>...</proof> tags ONCE. Only use these symbols inside the proof '&' , '->', '~', '|', '@', '(', ')', '{', '}', 'Ax', 'Ex'.\nDo not include explanations, commentary, or extra text inside and outside the <proof>...</proof> tags.\n ""}, {'role': 'user', 'content': ""Prove '|- (P->Ex Q(x))->Ex (P->Q(x))', using the natural deduction method. Final answer using the notation described. ""}, {'role': 'assistant', 'content': ' <proof>\n                        1. { \t(P -> Ex Q(x))\t\t\t\t\thip\n                        2.\t{\t~(~P | Ex Q(x))\t\t\t\t\thip\n                        3.\t\t{\tP\t\t\t\t\t\t\t\t      hip\n                        4.      Ex Q(x)               ->e 3, 1\n                        5.\t\t\t~P | Ex Q(x)\t\t\t\t\t|i 4\n                        6.\t\t\t@\t\t\t\t\t\t\t\t~e 5,2 }\t\t\n                        7.\t\t~P\t\t\t\t\t\t\t\t\t~i 3-6\n                        8.\t\t~P | Ex Q(x)\t\t\t\t\t\t|i 7\n                        9.\t\t@\t\t\t\t\t\t\t\t\t~e 8,2 }\n                        10.\t~P | Ex Q(x)        raa 2-9\n                        11.\t{\t~P\t\t\t\t\t\t\t\t\thip\n                        12.\t\t{\tP\t\t\t\t\t\t\t\thip\n                        13.\t\t\t@\t\t\t\t\t\t\t\t~e 11,12\n                        14.     Q(a)            @e 13 }\n                        15.\t\tP -> Q(a)\t\t\t\t\t\t\t->i 12-14\n                        16.\t\tEx  (P -> Q(x))\t\t\t\t\tEi 15 }\n                        17.\t{\tEx Q(x)\t\t\t\t\t\t\thip\n                        18.\t\t{ a\t\tQ(a)\t\t\t\t\t\thip\n                        19.\t\t\t{\tP\t\t\t\t\t\t\thip\n                        20.\t\t\t\tQ(a)\t\t\t\t\t\tcopie 18 }\n                        21.\t\t\tP -> Q(a)\t\t\t\t\t\t->i 19-20\n                        22.\t\t\tEx (P -> Q(x))\t\t\t\tEi 21 }\n                        23.\t\tEx (P -> Q(x))\t\t\t\t\tEe 17, 18-22 }\n                        24.\tEx (P -> Q(x))\t\t\t\t\t\t|e 10, 11-16, 17-23}\n                        25. (P -> Ex Q(x)) -> Ex (P -> Q(x))\t->i 1-24\n                    </proof>'}, {'role': 'user', 'content': ""Prove 'Ax ((P(x)->Q(x))&(Q(x)->P(x))) |- Ax ((~P(x)->~Q(x))&(~Q(x)->~P(x)))', using the natural deduction method. Final answer using the notation described.""}, {'role': 'assistant', 'content': ' <proof>\n                            1. Ax((P(x) -> Q(x)) & (Q(x) -> P(x))) pre\n                            2. { a\n                            3.   (P(a) -> Q(a)) & (Q(a) -> P(a)) Ae 1\n                            4.   P(a) -> Q(a) &e 3\n                            5.   Q(a) -> P(a) &e 3\n                            6.   { ~Q(a) hip\n                            7.     { P(a) hip\n                            8.       Q(a) ->e 7,4\n                            9.       @ ~e 6,8 }\n                            10.   ~P(a) ~i 7-9 }\n                            11. ~Q(a) -> ~P(a) ->i 6-10\n                            12. { ~P(a) hip\n                            13.   { Q(a) hip\n                            14.     P(a) ->e 13,5\n                            15.     @ ~e 12,14 }\n                            16.   ~Q(a) ~i 13-15 }\n                            17. ~P(a) -> ~Q(a) ->i 12-16\n                            18. (~P(a) -> ~Q(a)) & (~Q(a) -> ~P(a)) &i 17,11 }\n                            19. Ax((~P(x) -> ~Q(x)) & (~Q(x) -> ~P(x))) Ai 2-18 \n                        </proof>'}, {'role': 'user', 'content': ""Prove'Ax ~(B(x)&~C(x)), ~Ax C(x) |- Ex ~B(x)' using the natural deduction method. Only one final answer, surrounded by <proof>...</proof>, using the notation described.""}]","<proof>
                        1. Ax ~(H(x)&~M(x)) pre
                        2. ~Ax M(x) pre
                        3. { ∀x H(x) hip
                        4.   { a
                        5.     (H(a) -> Q(a)) & (Q(a) -> H(a)) Ae 1
                        6.     H(a) &e 5
                        7.     ¬(H(a)&~M(a)) Ae 1
                        8.     ~¬M(a) ~e 7,6
                        9.     M(a) copie 8
                        10.   } 
                        11.   ∀x M(x) Ai 4-9
                        12.   @ ~e 2,11 }
                        13. ¬∀x H(x) raa 3-12
                        14. Ex ~H(x) Ai 13
                    </proof>","1. Ax ~(H(x)&~M(x)) pre
                        2. ~Ax M(x) pre
                        3. { ∀x H(x) hip
                        4.   { a
                        5.     (H(a) -> Q(a)) & (Q(a) -> H(a)) Ae 1
                        6.     H(a) &e 5
                        7.     ¬(H(a)&~M(a)) Ae 1
                        8.     ~¬M(a) ~e 7,6
                        9.     M(a) copie 8
                        10.   } 
                        11.   ∀x M(x) Ai 4-9
                        12.   @ ~e 2,11 }
                        13. ¬∀x H(x) raa 3-12
                        14. Ex ~H(x) Ai 13","Os seguintes erros foram encontrados:

Uma das definições não está completa, verifique se todas regras foram aplicadas corretamente.
Lembre-se que uma regra de inferência sempre inicia com um número seguido de um . (linha de referência), tem uma fórmula e uma justificativa (premissa, hipóteses ou uma das regras de inferência com suas respectivas referências para fórmulas anteriores).
Erro de sintaxe:
                        3. { ∀x H(x) hip
                             ^ Símbolo não pertence a linguagem.
",6.149980545043945,stop,1783,1550
"Ax ~(B(x)&~C(x)), Ex ~C(x) |- Ex ~B(x)","[{'role': 'system', 'content': ""You are an expert in logic using the Natural Deduction method.\nYou will receive one first order logic problem. Your task is to prove its validity using Natural Deduction and represent the proof in a Fitch-like notation, following these formatting instructions.\n\n### FORMAT OF PROOF LINES\nEach proof line must be structured like: '<line_number>. <formula> <origin>'\n- <line_number>: sequential integer, always ending with a dot ('1.', '2.', '3.', ...)\n- <formula>: the formula derived on that line\n- <origin>: either 'pre' (premise), 'hip' (hypothesis) or '<rule_name> <line_refs>'\n - <rule_name> and <line_refs>: \n - &e (1 line) \n - &i (2 lines) \n - ->e (2 lines) \n - ->i (1 range) \n - ~e (2 lines) \n - ~i (1 range) \n - |e (1 line + 2 ranges) \n - |i (1 line) \n - @e (1 line) \n - raa (1 range) \n - copy (1 line) \n - Ae (1 line)\n - Ai (1 range)\n - Ee (1 line + 1 range)\n - Ei (1 line)\n - <line_refs>: Must be comma-separated line numbers or ranges. Ranges denote subproofs (e.g., `->i 8-12`, `|e 4, 5-9, 10-14`)\n\n### SUBPROOFS / HYPOTHESES\nUse subproofs for hypotheses. Use curly braces '{' and '}' to open and close subproofs. \nPlace `{` immediately after the line number (e.g. '8.{ A|B hip') and `}` at the end of the final line of the subproof (e.g. '10. B @e 4}').\nNested subproofs are allowed. But a formula may only be used at a specific point if it appeared earlier in the same subproof or an outer subproof to the current subproof.\n\n### SYMBOLS & CONVENTIONS\nUse the following symbols for logical operations: \n- & = conjunction (and) \n- | = disjunction (or) \n- ~ = negation (not) \n- -> = implication (implies)\n\nQuantifiers symbols: \n Ax represents ∀x \n Ex represents ∃x\nSo formulas with ∀x and ∃x will be represented by Ax and Ex (A and E followed by the variable x). For example, Ax (H(x)->M(x)) represents ∀x (H(x)→M(x)).\n\n###CONVENTIONS\nAtoms: only uppercase letters not immediately followed by parentesis (e.g. P, Q, R).\nPredicates: uppercase letters immediately followed by parentesis (e.g. H(x), M(y), Q(a,b) ). All predicates must use parentheses.\nVariables: first letter in lowercase, can be followed by letters and numbers (e.g., x, x0, xP0).\n\n### TO CREATE NEW VARIABLE:\nFor Universal Introduction rule(Ai): open a subproof with a fresh variable not occurring in any open hypothesis.\nCreate new variable like this: '<line_number>. { <new_variable> '\n\nFor Existential Elimination rule(Ee): open a subproof with a fresh witness constant/variable. \nCreate new variable like this: '<line_number>. {<new_variable> φ[<old_variable>/<new_variable>] hip\n  Write only the final proof in <proof>...</proof> tags. Only use <proof>...</proof> tags ONCE. Only use these symbols inside the proof '&' , '->', '~', '|', '@', '(', ')', '{', '}', 'Ax', 'Ex'.\nDo not include explanations, commentary, or extra text inside and outside the <proof>...</proof> tags.\n ""}, {'role': 'user', 'content': ""Prove '|- (P->Ex Q(x))->Ex (P->Q(x))', using the natural deduction method. Final answer using the notation described. ""}, {'role': 'assistant', 'content': ' <proof>\n                        1. { \t(P -> Ex Q(x))\t\t\t\t\thip\n                        2.\t{\t~(~P | Ex Q(x))\t\t\t\t\thip\n                        3.\t\t{\tP\t\t\t\t\t\t\t\t      hip\n                        4.      Ex Q(x)               ->e 3, 1\n                        5.\t\t\t~P | Ex Q(x)\t\t\t\t\t|i 4\n                        6.\t\t\t@\t\t\t\t\t\t\t\t~e 5,2 }\t\t\n                        7.\t\t~P\t\t\t\t\t\t\t\t\t~i 3-6\n                        8.\t\t~P | Ex Q(x)\t\t\t\t\t\t|i 7\n                        9.\t\t@\t\t\t\t\t\t\t\t\t~e 8,2 }\n                        10.\t~P | Ex Q(x)        raa 2-9\n                        11.\t{\t~P\t\t\t\t\t\t\t\t\thip\n                        12.\t\t{\tP\t\t\t\t\t\t\t\thip\n                        13.\t\t\t@\t\t\t\t\t\t\t\t~e 11,12\n                        14.     Q(a)            @e 13 }\n                        15.\t\tP -> Q(a)\t\t\t\t\t\t\t->i 12-14\n                        16.\t\tEx  (P -> Q(x))\t\t\t\t\tEi 15 }\n                        17.\t{\tEx Q(x)\t\t\t\t\t\t\thip\n                        18.\t\t{ a\t\tQ(a)\t\t\t\t\t\thip\n                        19.\t\t\t{\tP\t\t\t\t\t\t\thip\n                        20.\t\t\t\tQ(a)\t\t\t\t\t\tcopie 18 }\n                        21.\t\t\tP -> Q(a)\t\t\t\t\t\t->i 19-20\n                        22.\t\t\tEx (P -> Q(x))\t\t\t\tEi 21 }\n                        23.\t\tEx (P -> Q(x))\t\t\t\t\tEe 17, 18-22 }\n                        24.\tEx (P -> Q(x))\t\t\t\t\t\t|e 10, 11-16, 17-23}\n                        25. (P -> Ex Q(x)) -> Ex (P -> Q(x))\t->i 1-24\n                    </proof>'}, {'role': 'user', 'content': ""Prove 'Ax ((P(x)->Q(x))&(Q(x)->P(x))) |- Ax ((~P(x)->~Q(x))&(~Q(x)->~P(x)))', using the natural deduction method. Final answer using the notation described.""}, {'role': 'assistant', 'content': ' <proof>\n                            1. Ax((P(x) -> Q(x)) & (Q(x) -> P(x))) pre\n                            2. { a\n                            3.   (P(a) -> Q(a)) & (Q(a) -> P(a)) Ae 1\n                            4.   P(a) -> Q(a) &e 3\n                            5.   Q(a) -> P(a) &e 3\n                            6.   { ~Q(a) hip\n                            7.     { P(a) hip\n                            8.       Q(a) ->e 7,4\n                            9.       @ ~e 6,8 }\n                            10.   ~P(a) ~i 7-9 }\n                            11. ~Q(a) -> ~P(a) ->i 6-10\n                            12. { ~P(a) hip\n                            13.   { Q(a) hip\n                            14.     P(a) ->e 13,5\n                            15.     @ ~e 12,14 }\n                            16.   ~Q(a) ~i 13-15 }\n                            17. ~P(a) -> ~Q(a) ->i 12-16\n                            18. (~P(a) -> ~Q(a)) & (~Q(a) -> ~P(a)) &i 17,11 }\n                            19. Ax((~P(x) -> ~Q(x)) & (~Q(x) -> ~P(x))) Ai 2-18 \n                        </proof>'}, {'role': 'user', 'content': ""Prove'Ax ~(B(x)&~C(x)), Ex ~C(x) |- Ex ~B(x)' using the natural deduction method. Only one final answer, surrounded by <proof>...</proof>, using the notation described.""}]","<proof>
1. Ax ~(H(x)&~M(x)) pre
2. Ex ~M(x) pre
3. { ~M(b) hip
4.   ~(H(b)&~M(b)) Ae 1
5.   H(b) hip
6.   (H(b)&~M(b)) &i 5,3
7.   @ ~e 4,6
8.   ~H(b) ~i 5-7
9.   Ex ~H(x) Ei 8
10. }
</proof>","1. Ax ~(H(x)&~M(x)) pre
2. Ex ~M(x) pre
3. { ~M(b) hip
4.   ~(H(b)&~M(b)) Ae 1
5.   H(b) hip
6.   (H(b)&~M(b)) &i 5,3
7.   @ ~e 4,6
8.   ~H(b) ~i 5-7
9.   Ex ~H(x) Ei 8
10. }","Os seguintes erros foram encontrados:

Uma das definições não está completa, verifique se todas regras foram aplicadas corretamente.
Lembre-se que uma regra de inferência sempre inicia com um número seguido de um . (linha de referência), tem uma fórmula e uma justificativa (premissa, hipóteses ou uma das regras de inferência com suas respectivas referências para fórmulas anteriores).
Erro de sintaxe:
10. }
    ^
",3.937500238418579,stop,1783,1064
"Ax (~B(x)|C(x)), Ex B(x) |- Ex C(x)","[{'role': 'system', 'content': ""You are an expert in logic using the Natural Deduction method.\nYou will receive one first order logic problem. Your task is to prove its validity using Natural Deduction and represent the proof in a Fitch-like notation, following these formatting instructions.\n\n### FORMAT OF PROOF LINES\nEach proof line must be structured like: '<line_number>. <formula> <origin>'\n- <line_number>: sequential integer, always ending with a dot ('1.', '2.', '3.', ...)\n- <formula>: the formula derived on that line\n- <origin>: either 'pre' (premise), 'hip' (hypothesis) or '<rule_name> <line_refs>'\n - <rule_name> and <line_refs>: \n - &e (1 line) \n - &i (2 lines) \n - ->e (2 lines) \n - ->i (1 range) \n - ~e (2 lines) \n - ~i (1 range) \n - |e (1 line + 2 ranges) \n - |i (1 line) \n - @e (1 line) \n - raa (1 range) \n - copy (1 line) \n - Ae (1 line)\n - Ai (1 range)\n - Ee (1 line + 1 range)\n - Ei (1 line)\n - <line_refs>: Must be comma-separated line numbers or ranges. Ranges denote subproofs (e.g., `->i 8-12`, `|e 4, 5-9, 10-14`)\n\n### SUBPROOFS / HYPOTHESES\nUse subproofs for hypotheses. Use curly braces '{' and '}' to open and close subproofs. \nPlace `{` immediately after the line number (e.g. '8.{ A|B hip') and `}` at the end of the final line of the subproof (e.g. '10. B @e 4}').\nNested subproofs are allowed. But a formula may only be used at a specific point if it appeared earlier in the same subproof or an outer subproof to the current subproof.\n\n### SYMBOLS & CONVENTIONS\nUse the following symbols for logical operations: \n- & = conjunction (and) \n- | = disjunction (or) \n- ~ = negation (not) \n- -> = implication (implies)\n\nQuantifiers symbols: \n Ax represents ∀x \n Ex represents ∃x\nSo formulas with ∀x and ∃x will be represented by Ax and Ex (A and E followed by the variable x). For example, Ax (H(x)->M(x)) represents ∀x (H(x)→M(x)).\n\n###CONVENTIONS\nAtoms: only uppercase letters not immediately followed by parentesis (e.g. P, Q, R).\nPredicates: uppercase letters immediately followed by parentesis (e.g. H(x), M(y), Q(a,b) ). All predicates must use parentheses.\nVariables: first letter in lowercase, can be followed by letters and numbers (e.g., x, x0, xP0).\n\n### TO CREATE NEW VARIABLE:\nFor Universal Introduction rule(Ai): open a subproof with a fresh variable not occurring in any open hypothesis.\nCreate new variable like this: '<line_number>. { <new_variable> '\n\nFor Existential Elimination rule(Ee): open a subproof with a fresh witness constant/variable. \nCreate new variable like this: '<line_number>. {<new_variable> φ[<old_variable>/<new_variable>] hip\n  Write only the final proof in <proof>...</proof> tags. Only use <proof>...</proof> tags ONCE. Only use these symbols inside the proof '&' , '->', '~', '|', '@', '(', ')', '{', '}', 'Ax', 'Ex'.\nDo not include explanations, commentary, or extra text inside and outside the <proof>...</proof> tags.\n ""}, {'role': 'user', 'content': ""Prove '|- (P->Ex Q(x))->Ex (P->Q(x))', using the natural deduction method. Final answer using the notation described. ""}, {'role': 'assistant', 'content': ' <proof>\n                        1. { \t(P -> Ex Q(x))\t\t\t\t\thip\n                        2.\t{\t~(~P | Ex Q(x))\t\t\t\t\thip\n                        3.\t\t{\tP\t\t\t\t\t\t\t\t      hip\n                        4.      Ex Q(x)               ->e 3, 1\n                        5.\t\t\t~P | Ex Q(x)\t\t\t\t\t|i 4\n                        6.\t\t\t@\t\t\t\t\t\t\t\t~e 5,2 }\t\t\n                        7.\t\t~P\t\t\t\t\t\t\t\t\t~i 3-6\n                        8.\t\t~P | Ex Q(x)\t\t\t\t\t\t|i 7\n                        9.\t\t@\t\t\t\t\t\t\t\t\t~e 8,2 }\n                        10.\t~P | Ex Q(x)        raa 2-9\n                        11.\t{\t~P\t\t\t\t\t\t\t\t\thip\n                        12.\t\t{\tP\t\t\t\t\t\t\t\thip\n                        13.\t\t\t@\t\t\t\t\t\t\t\t~e 11,12\n                        14.     Q(a)            @e 13 }\n                        15.\t\tP -> Q(a)\t\t\t\t\t\t\t->i 12-14\n                        16.\t\tEx  (P -> Q(x))\t\t\t\t\tEi 15 }\n                        17.\t{\tEx Q(x)\t\t\t\t\t\t\thip\n                        18.\t\t{ a\t\tQ(a)\t\t\t\t\t\thip\n                        19.\t\t\t{\tP\t\t\t\t\t\t\thip\n                        20.\t\t\t\tQ(a)\t\t\t\t\t\tcopie 18 }\n                        21.\t\t\tP -> Q(a)\t\t\t\t\t\t->i 19-20\n                        22.\t\t\tEx (P -> Q(x))\t\t\t\tEi 21 }\n                        23.\t\tEx (P -> Q(x))\t\t\t\t\tEe 17, 18-22 }\n                        24.\tEx (P -> Q(x))\t\t\t\t\t\t|e 10, 11-16, 17-23}\n                        25. (P -> Ex Q(x)) -> Ex (P -> Q(x))\t->i 1-24\n                    </proof>'}, {'role': 'user', 'content': ""Prove 'Ax ((P(x)->Q(x))&(Q(x)->P(x))) |- Ax ((~P(x)->~Q(x))&(~Q(x)->~P(x)))', using the natural deduction method. Final answer using the notation described.""}, {'role': 'assistant', 'content': ' <proof>\n                            1. Ax((P(x) -> Q(x)) & (Q(x) -> P(x))) pre\n                            2. { a\n                            3.   (P(a) -> Q(a)) & (Q(a) -> P(a)) Ae 1\n                            4.   P(a) -> Q(a) &e 3\n                            5.   Q(a) -> P(a) &e 3\n                            6.   { ~Q(a) hip\n                            7.     { P(a) hip\n                            8.       Q(a) ->e 7,4\n                            9.       @ ~e 6,8 }\n                            10.   ~P(a) ~i 7-9 }\n                            11. ~Q(a) -> ~P(a) ->i 6-10\n                            12. { ~P(a) hip\n                            13.   { Q(a) hip\n                            14.     P(a) ->e 13,5\n                            15.     @ ~e 12,14 }\n                            16.   ~Q(a) ~i 13-15 }\n                            17. ~P(a) -> ~Q(a) ->i 12-16\n                            18. (~P(a) -> ~Q(a)) & (~Q(a) -> ~P(a)) &i 17,11 }\n                            19. Ax((~P(x) -> ~Q(x)) & (~Q(x) -> ~P(x))) Ai 2-18 \n                        </proof>'}, {'role': 'user', 'content': ""Prove'Ax (~B(x)|C(x)), Ex B(x) |- Ex C(x)' using the natural deduction method. Only one final answer, surrounded by <proof>...</proof>, using the notation described.""}]","<proof>
                        1. Ax(~H(x)|M(x)) pre
                        2. Ex H(x) pre
                        3. { c
                        4.   H(c) hip
                        5.   ~H(c)|M(c) Ae 1
                        6.   { ~H(c) hip
                        7.     { ~M(c) hip
                        8.       @ ~e 7,4 }
                        9.     M(c) raa 7-8 }
                        10.   { M(c) hip
                        11.     M(c) }
                        12.   M(c) |e 5,6-9,10-11 }
                        13. Ex M(x) Ei 12 
                    </proof>","1. Ax(~H(x)|M(x)) pre
                        2. Ex H(x) pre
                        3. { c
                        4.   H(c) hip
                        5.   ~H(c)|M(c) Ae 1
                        6.   { ~H(c) hip
                        7.     { ~M(c) hip
                        8.       @ ~e 7,4 }
                        9.     M(c) raa 7-8 }
                        10.   { M(c) hip
                        11.     M(c) }
                        12.   M(c) |e 5,6-9,10-11 }
                        13. Ex M(x) Ei 12","Os seguintes erros foram encontrados:

Uma das definições não está completa, verifique se todas regras foram aplicadas corretamente.
Lembre-se que uma regra de inferência sempre inicia com um número seguido de um . (linha de referência), tem uma fórmula e uma justificativa (premissa, hipóteses ou uma das regras de inferência com suas respectivas referências para fórmulas anteriores).
Erro de sintaxe:
                        11.     M(c) }
                                     ^
",3.901288270950317,stop,1780,1057
"Ax (B(x)|C(x)), Ex ~B(x) |- Ex C(x)","[{'role': 'system', 'content': ""You are an expert in logic using the Natural Deduction method.\nYou will receive one first order logic problem. Your task is to prove its validity using Natural Deduction and represent the proof in a Fitch-like notation, following these formatting instructions.\n\n### FORMAT OF PROOF LINES\nEach proof line must be structured like: '<line_number>. <formula> <origin>'\n- <line_number>: sequential integer, always ending with a dot ('1.', '2.', '3.', ...)\n- <formula>: the formula derived on that line\n- <origin>: either 'pre' (premise), 'hip' (hypothesis) or '<rule_name> <line_refs>'\n - <rule_name> and <line_refs>: \n - &e (1 line) \n - &i (2 lines) \n - ->e (2 lines) \n - ->i (1 range) \n - ~e (2 lines) \n - ~i (1 range) \n - |e (1 line + 2 ranges) \n - |i (1 line) \n - @e (1 line) \n - raa (1 range) \n - copy (1 line) \n - Ae (1 line)\n - Ai (1 range)\n - Ee (1 line + 1 range)\n - Ei (1 line)\n - <line_refs>: Must be comma-separated line numbers or ranges. Ranges denote subproofs (e.g., `->i 8-12`, `|e 4, 5-9, 10-14`)\n\n### SUBPROOFS / HYPOTHESES\nUse subproofs for hypotheses. Use curly braces '{' and '}' to open and close subproofs. \nPlace `{` immediately after the line number (e.g. '8.{ A|B hip') and `}` at the end of the final line of the subproof (e.g. '10. B @e 4}').\nNested subproofs are allowed. But a formula may only be used at a specific point if it appeared earlier in the same subproof or an outer subproof to the current subproof.\n\n### SYMBOLS & CONVENTIONS\nUse the following symbols for logical operations: \n- & = conjunction (and) \n- | = disjunction (or) \n- ~ = negation (not) \n- -> = implication (implies)\n\nQuantifiers symbols: \n Ax represents ∀x \n Ex represents ∃x\nSo formulas with ∀x and ∃x will be represented by Ax and Ex (A and E followed by the variable x). For example, Ax (H(x)->M(x)) represents ∀x (H(x)→M(x)).\n\n###CONVENTIONS\nAtoms: only uppercase letters not immediately followed by parentesis (e.g. P, Q, R).\nPredicates: uppercase letters immediately followed by parentesis (e.g. H(x), M(y), Q(a,b) ). All predicates must use parentheses.\nVariables: first letter in lowercase, can be followed by letters and numbers (e.g., x, x0, xP0).\n\n### TO CREATE NEW VARIABLE:\nFor Universal Introduction rule(Ai): open a subproof with a fresh variable not occurring in any open hypothesis.\nCreate new variable like this: '<line_number>. { <new_variable> '\n\nFor Existential Elimination rule(Ee): open a subproof with a fresh witness constant/variable. \nCreate new variable like this: '<line_number>. {<new_variable> φ[<old_variable>/<new_variable>] hip\n  Write only the final proof in <proof>...</proof> tags. Only use <proof>...</proof> tags ONCE. Only use these symbols inside the proof '&' , '->', '~', '|', '@', '(', ')', '{', '}', 'Ax', 'Ex'.\nDo not include explanations, commentary, or extra text inside and outside the <proof>...</proof> tags.\n ""}, {'role': 'user', 'content': ""Prove '|- (P->Ex Q(x))->Ex (P->Q(x))', using the natural deduction method. Final answer using the notation described. ""}, {'role': 'assistant', 'content': ' <proof>\n                        1. { \t(P -> Ex Q(x))\t\t\t\t\thip\n                        2.\t{\t~(~P | Ex Q(x))\t\t\t\t\thip\n                        3.\t\t{\tP\t\t\t\t\t\t\t\t      hip\n                        4.      Ex Q(x)               ->e 3, 1\n                        5.\t\t\t~P | Ex Q(x)\t\t\t\t\t|i 4\n                        6.\t\t\t@\t\t\t\t\t\t\t\t~e 5,2 }\t\t\n                        7.\t\t~P\t\t\t\t\t\t\t\t\t~i 3-6\n                        8.\t\t~P | Ex Q(x)\t\t\t\t\t\t|i 7\n                        9.\t\t@\t\t\t\t\t\t\t\t\t~e 8,2 }\n                        10.\t~P | Ex Q(x)        raa 2-9\n                        11.\t{\t~P\t\t\t\t\t\t\t\t\thip\n                        12.\t\t{\tP\t\t\t\t\t\t\t\thip\n                        13.\t\t\t@\t\t\t\t\t\t\t\t~e 11,12\n                        14.     Q(a)            @e 13 }\n                        15.\t\tP -> Q(a)\t\t\t\t\t\t\t->i 12-14\n                        16.\t\tEx  (P -> Q(x))\t\t\t\t\tEi 15 }\n                        17.\t{\tEx Q(x)\t\t\t\t\t\t\thip\n                        18.\t\t{ a\t\tQ(a)\t\t\t\t\t\thip\n                        19.\t\t\t{\tP\t\t\t\t\t\t\thip\n                        20.\t\t\t\tQ(a)\t\t\t\t\t\tcopie 18 }\n                        21.\t\t\tP -> Q(a)\t\t\t\t\t\t->i 19-20\n                        22.\t\t\tEx (P -> Q(x))\t\t\t\tEi 21 }\n                        23.\t\tEx (P -> Q(x))\t\t\t\t\tEe 17, 18-22 }\n                        24.\tEx (P -> Q(x))\t\t\t\t\t\t|e 10, 11-16, 17-23}\n                        25. (P -> Ex Q(x)) -> Ex (P -> Q(x))\t->i 1-24\n                    </proof>'}, {'role': 'user', 'content': ""Prove 'Ax ((P(x)->Q(x))&(Q(x)->P(x))) |- Ax ((~P(x)->~Q(x))&(~Q(x)->~P(x)))', using the natural deduction method. Final answer using the notation described.""}, {'role': 'assistant', 'content': ' <proof>\n                            1. Ax((P(x) -> Q(x)) & (Q(x) -> P(x))) pre\n                            2. { a\n                            3.   (P(a) -> Q(a)) & (Q(a) -> P(a)) Ae 1\n                            4.   P(a) -> Q(a) &e 3\n                            5.   Q(a) -> P(a) &e 3\n                            6.   { ~Q(a) hip\n                            7.     { P(a) hip\n                            8.       Q(a) ->e 7,4\n                            9.       @ ~e 6,8 }\n                            10.   ~P(a) ~i 7-9 }\n                            11. ~Q(a) -> ~P(a) ->i 6-10\n                            12. { ~P(a) hip\n                            13.   { Q(a) hip\n                            14.     P(a) ->e 13,5\n                            15.     @ ~e 12,14 }\n                            16.   ~Q(a) ~i 13-15 }\n                            17. ~P(a) -> ~Q(a) ->i 12-16\n                            18. (~P(a) -> ~Q(a)) & (~Q(a) -> ~P(a)) &i 17,11 }\n                            19. Ax((~P(x) -> ~Q(x)) & (~Q(x) -> ~P(x))) Ai 2-18 \n                        </proof>'}, {'role': 'user', 'content': ""Prove'Ax (B(x)|C(x)), Ex ~B(x) |- Ex C(x)' using the natural deduction method. Only one final answer, surrounded by <proof>...</proof>, using the notation described.""}]","<proof>
                        1. Ax(H(x)|M(x)) pre
                        2. Ex~H(x) pre
                        3. { c
                        4.   ~H(c) hip
                        5.   H(c)|M(c) Ae 1
                        6.   { H(c) hip
                        7.     @ ~e 4,6 }
                        8.   M(c) |i 6-7
                        9.   Ex M(x) Ei 8 }
                       10. Ex M(x) Ee 2,3-9
                    </proof>","1. Ax(H(x)|M(x)) pre
                        2. Ex~H(x) pre
                        3. { c
                        4.   ~H(c) hip
                        5.   H(c)|M(c) Ae 1
                        6.   { H(c) hip
                        7.     @ ~e 4,6 }
                        8.   M(c) |i 6-7
                        9.   Ex M(x) Ei 8 }
                       10. Ex M(x) Ee 2,3-9","Os seguintes erros foram encontrados:

Uma das definições não está completa, verifique se todas regras foram aplicadas corretamente.
Lembre-se que uma regra de inferência sempre inicia com um número seguido de um . (linha de referência), tem uma fórmula e uma justificativa (premissa, hipóteses ou uma das regras de inferência com suas respectivas referências para fórmulas anteriores).
Erro de sintaxe:
                        8.   M(c) |i 6-7
                                      ^
",1.6888606548309326,stop,1781,447
"Ax (B(x)->C(x)), Ax (C(x)->D(x)) |- Ax (B(x)->D(x))","[{'role': 'system', 'content': ""You are an expert in logic using the Natural Deduction method.\nYou will receive one first order logic problem. Your task is to prove its validity using Natural Deduction and represent the proof in a Fitch-like notation, following these formatting instructions.\n\n### FORMAT OF PROOF LINES\nEach proof line must be structured like: '<line_number>. <formula> <origin>'\n- <line_number>: sequential integer, always ending with a dot ('1.', '2.', '3.', ...)\n- <formula>: the formula derived on that line\n- <origin>: either 'pre' (premise), 'hip' (hypothesis) or '<rule_name> <line_refs>'\n - <rule_name> and <line_refs>: \n - &e (1 line) \n - &i (2 lines) \n - ->e (2 lines) \n - ->i (1 range) \n - ~e (2 lines) \n - ~i (1 range) \n - |e (1 line + 2 ranges) \n - |i (1 line) \n - @e (1 line) \n - raa (1 range) \n - copy (1 line) \n - Ae (1 line)\n - Ai (1 range)\n - Ee (1 line + 1 range)\n - Ei (1 line)\n - <line_refs>: Must be comma-separated line numbers or ranges. Ranges denote subproofs (e.g., `->i 8-12`, `|e 4, 5-9, 10-14`)\n\n### SUBPROOFS / HYPOTHESES\nUse subproofs for hypotheses. Use curly braces '{' and '}' to open and close subproofs. \nPlace `{` immediately after the line number (e.g. '8.{ A|B hip') and `}` at the end of the final line of the subproof (e.g. '10. B @e 4}').\nNested subproofs are allowed. But a formula may only be used at a specific point if it appeared earlier in the same subproof or an outer subproof to the current subproof.\n\n### SYMBOLS & CONVENTIONS\nUse the following symbols for logical operations: \n- & = conjunction (and) \n- | = disjunction (or) \n- ~ = negation (not) \n- -> = implication (implies)\n\nQuantifiers symbols: \n Ax represents ∀x \n Ex represents ∃x\nSo formulas with ∀x and ∃x will be represented by Ax and Ex (A and E followed by the variable x). For example, Ax (H(x)->M(x)) represents ∀x (H(x)→M(x)).\n\n###CONVENTIONS\nAtoms: only uppercase letters not immediately followed by parentesis (e.g. P, Q, R).\nPredicates: uppercase letters immediately followed by parentesis (e.g. H(x), M(y), Q(a,b) ). All predicates must use parentheses.\nVariables: first letter in lowercase, can be followed by letters and numbers (e.g., x, x0, xP0).\n\n### TO CREATE NEW VARIABLE:\nFor Universal Introduction rule(Ai): open a subproof with a fresh variable not occurring in any open hypothesis.\nCreate new variable like this: '<line_number>. { <new_variable> '\n\nFor Existential Elimination rule(Ee): open a subproof with a fresh witness constant/variable. \nCreate new variable like this: '<line_number>. {<new_variable> φ[<old_variable>/<new_variable>] hip\n  Write only the final proof in <proof>...</proof> tags. Only use <proof>...</proof> tags ONCE. Only use these symbols inside the proof '&' , '->', '~', '|', '@', '(', ')', '{', '}', 'Ax', 'Ex'.\nDo not include explanations, commentary, or extra text inside and outside the <proof>...</proof> tags.\n ""}, {'role': 'user', 'content': ""Prove '|- (P->Ex Q(x))->Ex (P->Q(x))', using the natural deduction method. Final answer using the notation described. ""}, {'role': 'assistant', 'content': ' <proof>\n                        1. { \t(P -> Ex Q(x))\t\t\t\t\thip\n                        2.\t{\t~(~P | Ex Q(x))\t\t\t\t\thip\n                        3.\t\t{\tP\t\t\t\t\t\t\t\t      hip\n                        4.      Ex Q(x)               ->e 3, 1\n                        5.\t\t\t~P | Ex Q(x)\t\t\t\t\t|i 4\n                        6.\t\t\t@\t\t\t\t\t\t\t\t~e 5,2 }\t\t\n                        7.\t\t~P\t\t\t\t\t\t\t\t\t~i 3-6\n                        8.\t\t~P | Ex Q(x)\t\t\t\t\t\t|i 7\n                        9.\t\t@\t\t\t\t\t\t\t\t\t~e 8,2 }\n                        10.\t~P | Ex Q(x)        raa 2-9\n                        11.\t{\t~P\t\t\t\t\t\t\t\t\thip\n                        12.\t\t{\tP\t\t\t\t\t\t\t\thip\n                        13.\t\t\t@\t\t\t\t\t\t\t\t~e 11,12\n                        14.     Q(a)            @e 13 }\n                        15.\t\tP -> Q(a)\t\t\t\t\t\t\t->i 12-14\n                        16.\t\tEx  (P -> Q(x))\t\t\t\t\tEi 15 }\n                        17.\t{\tEx Q(x)\t\t\t\t\t\t\thip\n                        18.\t\t{ a\t\tQ(a)\t\t\t\t\t\thip\n                        19.\t\t\t{\tP\t\t\t\t\t\t\thip\n                        20.\t\t\t\tQ(a)\t\t\t\t\t\tcopie 18 }\n                        21.\t\t\tP -> Q(a)\t\t\t\t\t\t->i 19-20\n                        22.\t\t\tEx (P -> Q(x))\t\t\t\tEi 21 }\n                        23.\t\tEx (P -> Q(x))\t\t\t\t\tEe 17, 18-22 }\n                        24.\tEx (P -> Q(x))\t\t\t\t\t\t|e 10, 11-16, 17-23}\n                        25. (P -> Ex Q(x)) -> Ex (P -> Q(x))\t->i 1-24\n                    </proof>'}, {'role': 'user', 'content': ""Prove 'Ax ((P(x)->Q(x))&(Q(x)->P(x))) |- Ax ((~P(x)->~Q(x))&(~Q(x)->~P(x)))', using the natural deduction method. Final answer using the notation described.""}, {'role': 'assistant', 'content': ' <proof>\n                            1. Ax((P(x) -> Q(x)) & (Q(x) -> P(x))) pre\n                            2. { a\n                            3.   (P(a) -> Q(a)) & (Q(a) -> P(a)) Ae 1\n                            4.   P(a) -> Q(a) &e 3\n                            5.   Q(a) -> P(a) &e 3\n                            6.   { ~Q(a) hip\n                            7.     { P(a) hip\n                            8.       Q(a) ->e 7,4\n                            9.       @ ~e 6,8 }\n                            10.   ~P(a) ~i 7-9 }\n                            11. ~Q(a) -> ~P(a) ->i 6-10\n                            12. { ~P(a) hip\n                            13.   { Q(a) hip\n                            14.     P(a) ->e 13,5\n                            15.     @ ~e 12,14 }\n                            16.   ~Q(a) ~i 13-15 }\n                            17. ~P(a) -> ~Q(a) ->i 12-16\n                            18. (~P(a) -> ~Q(a)) & (~Q(a) -> ~P(a)) &i 17,11 }\n                            19. Ax((~P(x) -> ~Q(x)) & (~Q(x) -> ~P(x))) Ai 2-18 \n                        </proof>'}, {'role': 'user', 'content': ""Prove'Ax (B(x)->C(x)), Ax (C(x)->D(x)) |- Ax (B(x)->D(x))' using the natural deduction method. Only one final answer, surrounded by <proof>...</proof>, using the notation described.""}]","<proof>
1. Ax(H(x) -> M(x)) pre
2. Ax(M(x) -> P(x)) pre
3. { a
4.   H(a) -> M(a) Ae 1
5.   M(a) -> P(a) Ae 2
6.   { H(a) hip
7.     M(a) ->e 6,4
8.     P(a) ->e 7,5
9.   }
10.   H(a) -> P(a) ->i 6-8
11. }
12. Ax(H(x) -> P(x)) Ai 3-10
</proof>","1. Ax(H(x) -> M(x)) pre
2. Ax(M(x) -> P(x)) pre
3. { a
4.   H(a) -> M(a) Ae 1
5.   M(a) -> P(a) Ae 2
6.   { H(a) hip
7.     M(a) ->e 6,4
8.     P(a) ->e 7,5
9.   }
10.   H(a) -> P(a) ->i 6-8
11. }
12. Ax(H(x) -> P(x)) Ai 3-10","Os seguintes erros foram encontrados:

Uma das definições não está completa, verifique se todas regras foram aplicadas corretamente.
Lembre-se que uma regra de inferência sempre inicia com um número seguido de um . (linha de referência), tem uma fórmula e uma justificativa (premissa, hipóteses ou uma das regras de inferência com suas respectivas referências para fórmulas anteriores).
Erro de sintaxe:
9.   }
     ^
",1.50754714012146,stop,1789,399
"Ax (B(x)|C(x)), Ax (B(x)->D(x)), Ax (C(x)->D(x)) |- Ax D(x)","[{'role': 'system', 'content': ""You are an expert in logic using the Natural Deduction method.\nYou will receive one first order logic problem. Your task is to prove its validity using Natural Deduction and represent the proof in a Fitch-like notation, following these formatting instructions.\n\n### FORMAT OF PROOF LINES\nEach proof line must be structured like: '<line_number>. <formula> <origin>'\n- <line_number>: sequential integer, always ending with a dot ('1.', '2.', '3.', ...)\n- <formula>: the formula derived on that line\n- <origin>: either 'pre' (premise), 'hip' (hypothesis) or '<rule_name> <line_refs>'\n - <rule_name> and <line_refs>: \n - &e (1 line) \n - &i (2 lines) \n - ->e (2 lines) \n - ->i (1 range) \n - ~e (2 lines) \n - ~i (1 range) \n - |e (1 line + 2 ranges) \n - |i (1 line) \n - @e (1 line) \n - raa (1 range) \n - copy (1 line) \n - Ae (1 line)\n - Ai (1 range)\n - Ee (1 line + 1 range)\n - Ei (1 line)\n - <line_refs>: Must be comma-separated line numbers or ranges. Ranges denote subproofs (e.g., `->i 8-12`, `|e 4, 5-9, 10-14`)\n\n### SUBPROOFS / HYPOTHESES\nUse subproofs for hypotheses. Use curly braces '{' and '}' to open and close subproofs. \nPlace `{` immediately after the line number (e.g. '8.{ A|B hip') and `}` at the end of the final line of the subproof (e.g. '10. B @e 4}').\nNested subproofs are allowed. But a formula may only be used at a specific point if it appeared earlier in the same subproof or an outer subproof to the current subproof.\n\n### SYMBOLS & CONVENTIONS\nUse the following symbols for logical operations: \n- & = conjunction (and) \n- | = disjunction (or) \n- ~ = negation (not) \n- -> = implication (implies)\n\nQuantifiers symbols: \n Ax represents ∀x \n Ex represents ∃x\nSo formulas with ∀x and ∃x will be represented by Ax and Ex (A and E followed by the variable x). For example, Ax (H(x)->M(x)) represents ∀x (H(x)→M(x)).\n\n###CONVENTIONS\nAtoms: only uppercase letters not immediately followed by parentesis (e.g. P, Q, R).\nPredicates: uppercase letters immediately followed by parentesis (e.g. H(x), M(y), Q(a,b) ). All predicates must use parentheses.\nVariables: first letter in lowercase, can be followed by letters and numbers (e.g., x, x0, xP0).\n\n### TO CREATE NEW VARIABLE:\nFor Universal Introduction rule(Ai): open a subproof with a fresh variable not occurring in any open hypothesis.\nCreate new variable like this: '<line_number>. { <new_variable> '\n\nFor Existential Elimination rule(Ee): open a subproof with a fresh witness constant/variable. \nCreate new variable like this: '<line_number>. {<new_variable> φ[<old_variable>/<new_variable>] hip\n  Write only the final proof in <proof>...</proof> tags. Only use <proof>...</proof> tags ONCE. Only use these symbols inside the proof '&' , '->', '~', '|', '@', '(', ')', '{', '}', 'Ax', 'Ex'.\nDo not include explanations, commentary, or extra text inside and outside the <proof>...</proof> tags.\n ""}, {'role': 'user', 'content': ""Prove '|- (P->Ex Q(x))->Ex (P->Q(x))', using the natural deduction method. Final answer using the notation described. ""}, {'role': 'assistant', 'content': ' <proof>\n                        1. { \t(P -> Ex Q(x))\t\t\t\t\thip\n                        2.\t{\t~(~P | Ex Q(x))\t\t\t\t\thip\n                        3.\t\t{\tP\t\t\t\t\t\t\t\t      hip\n                        4.      Ex Q(x)               ->e 3, 1\n                        5.\t\t\t~P | Ex Q(x)\t\t\t\t\t|i 4\n                        6.\t\t\t@\t\t\t\t\t\t\t\t~e 5,2 }\t\t\n                        7.\t\t~P\t\t\t\t\t\t\t\t\t~i 3-6\n                        8.\t\t~P | Ex Q(x)\t\t\t\t\t\t|i 7\n                        9.\t\t@\t\t\t\t\t\t\t\t\t~e 8,2 }\n                        10.\t~P | Ex Q(x)        raa 2-9\n                        11.\t{\t~P\t\t\t\t\t\t\t\t\thip\n                        12.\t\t{\tP\t\t\t\t\t\t\t\thip\n                        13.\t\t\t@\t\t\t\t\t\t\t\t~e 11,12\n                        14.     Q(a)            @e 13 }\n                        15.\t\tP -> Q(a)\t\t\t\t\t\t\t->i 12-14\n                        16.\t\tEx  (P -> Q(x))\t\t\t\t\tEi 15 }\n                        17.\t{\tEx Q(x)\t\t\t\t\t\t\thip\n                        18.\t\t{ a\t\tQ(a)\t\t\t\t\t\thip\n                        19.\t\t\t{\tP\t\t\t\t\t\t\thip\n                        20.\t\t\t\tQ(a)\t\t\t\t\t\tcopie 18 }\n                        21.\t\t\tP -> Q(a)\t\t\t\t\t\t->i 19-20\n                        22.\t\t\tEx (P -> Q(x))\t\t\t\tEi 21 }\n                        23.\t\tEx (P -> Q(x))\t\t\t\t\tEe 17, 18-22 }\n                        24.\tEx (P -> Q(x))\t\t\t\t\t\t|e 10, 11-16, 17-23}\n                        25. (P -> Ex Q(x)) -> Ex (P -> Q(x))\t->i 1-24\n                    </proof>'}, {'role': 'user', 'content': ""Prove 'Ax ((P(x)->Q(x))&(Q(x)->P(x))) |- Ax ((~P(x)->~Q(x))&(~Q(x)->~P(x)))', using the natural deduction method. Final answer using the notation described.""}, {'role': 'assistant', 'content': ' <proof>\n                            1. Ax((P(x) -> Q(x)) & (Q(x) -> P(x))) pre\n                            2. { a\n                            3.   (P(a) -> Q(a)) & (Q(a) -> P(a)) Ae 1\n                            4.   P(a) -> Q(a) &e 3\n                            5.   Q(a) -> P(a) &e 3\n                            6.   { ~Q(a) hip\n                            7.     { P(a) hip\n                            8.       Q(a) ->e 7,4\n                            9.       @ ~e 6,8 }\n                            10.   ~P(a) ~i 7-9 }\n                            11. ~Q(a) -> ~P(a) ->i 6-10\n                            12. { ~P(a) hip\n                            13.   { Q(a) hip\n                            14.     P(a) ->e 13,5\n                            15.     @ ~e 12,14 }\n                            16.   ~Q(a) ~i 13-15 }\n                            17. ~P(a) -> ~Q(a) ->i 12-16\n                            18. (~P(a) -> ~Q(a)) & (~Q(a) -> ~P(a)) &i 17,11 }\n                            19. Ax((~P(x) -> ~Q(x)) & (~Q(x) -> ~P(x))) Ai 2-18 \n                        </proof>'}, {'role': 'user', 'content': ""Prove'Ax (B(x)|C(x)), Ax (B(x)->D(x)), Ax (C(x)->D(x)) |- Ax D(x)' using the natural deduction method. Only one final answer, surrounded by <proof>...</proof>, using the notation described.""}]","<proof>
1. Ax(H(x)|M(x)) pre
2. Ax(H(x)->P(x)) pre
3. Ax(M(x)->P(x)) pre
4. { a } Ai
5.   H(a) | M(a) Ae 1
6.   { H(a) hip
7.     P(a) ->e 6,2
8.     P(a) }
9.   { M(a) hip
10.    P(a) ->e 9,3
11.    P(a) }
12.   P(a) |e 5,6-8,9-11
13. Ax P(x) Ai 4-12
</proof>","1. Ax(H(x)|M(x)) pre
2. Ax(H(x)->P(x)) pre
3. Ax(M(x)->P(x)) pre
4. { a } Ai
5.   H(a) | M(a) Ae 1
6.   { H(a) hip
7.     P(a) ->e 6,2
8.     P(a) }
9.   { M(a) hip
10.    P(a) ->e 9,3
11.    P(a) }
12.   P(a) |e 5,6-8,9-11
13. Ax P(x) Ai 4-12","Os seguintes erros foram encontrados:

Uma das definições não está completa, verifique se todas regras foram aplicadas corretamente.
Lembre-se que uma regra de inferência sempre inicia com um número seguido de um . (linha de referência), tem uma fórmula e uma justificativa (premissa, hipóteses ou uma das regras de inferência com suas respectivas referências para fórmulas anteriores).
Erro de sintaxe:
4. { a } Ai
         ^
",2.194845676422119,stop,1792,588
Ax (B(x)->C(x)) |- Ax (~C(x)->~B(x)),"[{'role': 'system', 'content': ""You are an expert in logic using the Natural Deduction method.\nYou will receive one first order logic problem. Your task is to prove its validity using Natural Deduction and represent the proof in a Fitch-like notation, following these formatting instructions.\n\n### FORMAT OF PROOF LINES\nEach proof line must be structured like: '<line_number>. <formula> <origin>'\n- <line_number>: sequential integer, always ending with a dot ('1.', '2.', '3.', ...)\n- <formula>: the formula derived on that line\n- <origin>: either 'pre' (premise), 'hip' (hypothesis) or '<rule_name> <line_refs>'\n - <rule_name> and <line_refs>: \n - &e (1 line) \n - &i (2 lines) \n - ->e (2 lines) \n - ->i (1 range) \n - ~e (2 lines) \n - ~i (1 range) \n - |e (1 line + 2 ranges) \n - |i (1 line) \n - @e (1 line) \n - raa (1 range) \n - copy (1 line) \n - Ae (1 line)\n - Ai (1 range)\n - Ee (1 line + 1 range)\n - Ei (1 line)\n - <line_refs>: Must be comma-separated line numbers or ranges. Ranges denote subproofs (e.g., `->i 8-12`, `|e 4, 5-9, 10-14`)\n\n### SUBPROOFS / HYPOTHESES\nUse subproofs for hypotheses. Use curly braces '{' and '}' to open and close subproofs. \nPlace `{` immediately after the line number (e.g. '8.{ A|B hip') and `}` at the end of the final line of the subproof (e.g. '10. B @e 4}').\nNested subproofs are allowed. But a formula may only be used at a specific point if it appeared earlier in the same subproof or an outer subproof to the current subproof.\n\n### SYMBOLS & CONVENTIONS\nUse the following symbols for logical operations: \n- & = conjunction (and) \n- | = disjunction (or) \n- ~ = negation (not) \n- -> = implication (implies)\n\nQuantifiers symbols: \n Ax represents ∀x \n Ex represents ∃x\nSo formulas with ∀x and ∃x will be represented by Ax and Ex (A and E followed by the variable x). For example, Ax (H(x)->M(x)) represents ∀x (H(x)→M(x)).\n\n###CONVENTIONS\nAtoms: only uppercase letters not immediately followed by parentesis (e.g. P, Q, R).\nPredicates: uppercase letters immediately followed by parentesis (e.g. H(x), M(y), Q(a,b) ). All predicates must use parentheses.\nVariables: first letter in lowercase, can be followed by letters and numbers (e.g., x, x0, xP0).\n\n### TO CREATE NEW VARIABLE:\nFor Universal Introduction rule(Ai): open a subproof with a fresh variable not occurring in any open hypothesis.\nCreate new variable like this: '<line_number>. { <new_variable> '\n\nFor Existential Elimination rule(Ee): open a subproof with a fresh witness constant/variable. \nCreate new variable like this: '<line_number>. {<new_variable> φ[<old_variable>/<new_variable>] hip\n  Write only the final proof in <proof>...</proof> tags. Only use <proof>...</proof> tags ONCE. Only use these symbols inside the proof '&' , '->', '~', '|', '@', '(', ')', '{', '}', 'Ax', 'Ex'.\nDo not include explanations, commentary, or extra text inside and outside the <proof>...</proof> tags.\n ""}, {'role': 'user', 'content': ""Prove '|- (P->Ex Q(x))->Ex (P->Q(x))', using the natural deduction method. Final answer using the notation described. ""}, {'role': 'assistant', 'content': ' <proof>\n                        1. { \t(P -> Ex Q(x))\t\t\t\t\thip\n                        2.\t{\t~(~P | Ex Q(x))\t\t\t\t\thip\n                        3.\t\t{\tP\t\t\t\t\t\t\t\t      hip\n                        4.      Ex Q(x)               ->e 3, 1\n                        5.\t\t\t~P | Ex Q(x)\t\t\t\t\t|i 4\n                        6.\t\t\t@\t\t\t\t\t\t\t\t~e 5,2 }\t\t\n                        7.\t\t~P\t\t\t\t\t\t\t\t\t~i 3-6\n                        8.\t\t~P | Ex Q(x)\t\t\t\t\t\t|i 7\n                        9.\t\t@\t\t\t\t\t\t\t\t\t~e 8,2 }\n                        10.\t~P | Ex Q(x)        raa 2-9\n                        11.\t{\t~P\t\t\t\t\t\t\t\t\thip\n                        12.\t\t{\tP\t\t\t\t\t\t\t\thip\n                        13.\t\t\t@\t\t\t\t\t\t\t\t~e 11,12\n                        14.     Q(a)            @e 13 }\n                        15.\t\tP -> Q(a)\t\t\t\t\t\t\t->i 12-14\n                        16.\t\tEx  (P -> Q(x))\t\t\t\t\tEi 15 }\n                        17.\t{\tEx Q(x)\t\t\t\t\t\t\thip\n                        18.\t\t{ a\t\tQ(a)\t\t\t\t\t\thip\n                        19.\t\t\t{\tP\t\t\t\t\t\t\thip\n                        20.\t\t\t\tQ(a)\t\t\t\t\t\tcopie 18 }\n                        21.\t\t\tP -> Q(a)\t\t\t\t\t\t->i 19-20\n                        22.\t\t\tEx (P -> Q(x))\t\t\t\tEi 21 }\n                        23.\t\tEx (P -> Q(x))\t\t\t\t\tEe 17, 18-22 }\n                        24.\tEx (P -> Q(x))\t\t\t\t\t\t|e 10, 11-16, 17-23}\n                        25. (P -> Ex Q(x)) -> Ex (P -> Q(x))\t->i 1-24\n                    </proof>'}, {'role': 'user', 'content': ""Prove 'Ax ((P(x)->Q(x))&(Q(x)->P(x))) |- Ax ((~P(x)->~Q(x))&(~Q(x)->~P(x)))', using the natural deduction method. Final answer using the notation described.""}, {'role': 'assistant', 'content': ' <proof>\n                            1. Ax((P(x) -> Q(x)) & (Q(x) -> P(x))) pre\n                            2. { a\n                            3.   (P(a) -> Q(a)) & (Q(a) -> P(a)) Ae 1\n                            4.   P(a) -> Q(a) &e 3\n                            5.   Q(a) -> P(a) &e 3\n                            6.   { ~Q(a) hip\n                            7.     { P(a) hip\n                            8.       Q(a) ->e 7,4\n                            9.       @ ~e 6,8 }\n                            10.   ~P(a) ~i 7-9 }\n                            11. ~Q(a) -> ~P(a) ->i 6-10\n                            12. { ~P(a) hip\n                            13.   { Q(a) hip\n                            14.     P(a) ->e 13,5\n                            15.     @ ~e 12,14 }\n                            16.   ~Q(a) ~i 13-15 }\n                            17. ~P(a) -> ~Q(a) ->i 12-16\n                            18. (~P(a) -> ~Q(a)) & (~Q(a) -> ~P(a)) &i 17,11 }\n                            19. Ax((~P(x) -> ~Q(x)) & (~Q(x) -> ~P(x))) Ai 2-18 \n                        </proof>'}, {'role': 'user', 'content': ""Prove'Ax (B(x)->C(x)) |- Ax (~C(x)->~B(x))' using the natural deduction method. Only one final answer, surrounded by <proof>...</proof>, using the notation described.""}]","<proof>
                        1. Ax(H(x) -> M(x)) pre
                        2. { a
                        3.   H(a) -> M(a) Ae 1
                        4.   { ~M(a) hip
                        5.     { H(a) hip
                        6.       M(a) ->e 5,3
                        7.       @ ~e 4,6 }
                        8.     ~H(a) ~i 5-7 }
                        9.   ~M(a) -> ~H(a) ->i 4-8 }
                       10. Ax(~M(x) -> ~H(x)) Ai 2-9
                    </proof>","1. Ax(H(x) -> M(x)) pre
                        2. { a
                        3.   H(a) -> M(a) Ae 1
                        4.   { ~M(a) hip
                        5.     { H(a) hip
                        6.       M(a) ->e 5,3
                        7.       @ ~e 4,6 }
                        8.     ~H(a) ~i 5-7 }
                        9.   ~M(a) -> ~H(a) ->i 4-8 }
                       10. Ax(~M(x) -> ~H(x)) Ai 2-9","A demonstração está correta.
Ax (H(x)->M(x)) |- Ax (~M(x)->~H(x))

Código da demonstração no estilo Fitch em Latex:
\begin{logicproof}{6}
\forall x (H(x)\rightarrow M(x)) & premissa\\
\begin{subproof}
\llap{$a\quad$} &\\
H(a)\rightarrow M(a) & $\forall e$ 1\\
\begin{subproof}
\lnot M(a) & hipótese\\
\begin{subproof}
H(a) & hipótese\\
M(a) & $\rightarrow e$ 5, 3\\
\bot & $\lnot e$ 4, 6
\end{subproof}
\lnot H(a) & $\lnot i$ 5-7
\end{subproof}
\lnot M(a)\rightarrow \lnot H(a) & $\rightarrow i$ 4-8
\end{subproof}
\forall x (\lnot M(x)\rightarrow \lnot H(x)) & $\forall i$ 2-9
\end{logicproof}

Código da demonstração no estilo Gentzen em Latex:
\[\infer[\!\!{\forall\text{i}}]{\forall x (\lnot M(x)\rightarrow \lnot H(x))}{\infer[\!\!{\rightarrow\text{i}^{_2}}]{\lnot M(a)\rightarrow \lnot H(a)}{\infer[\!\!{\lnot\text{i}^{_3}}]{\lnot H(a)}{\infer[\!\!{\lnot\text{e}}]{\bot}{{\big[\lnot M(a)\big]^{_{2}}}&{\infer[\!\!{\rightarrow\text{e}}]{M(a)}{{\big[H(a)\big]^{_{3}}}&{\infer[\!\!\forall\text{e}]{H(a)\rightarrow M(a)}{{\forall x (H(x)\rightarrow M(x))}}}}}}}}}\]
",1.480947971343994,stop,1782,392
Ax (~B(x)->~C(x)) |- Ax (C(x)->B(x)),"[{'role': 'system', 'content': ""You are an expert in logic using the Natural Deduction method.\nYou will receive one first order logic problem. Your task is to prove its validity using Natural Deduction and represent the proof in a Fitch-like notation, following these formatting instructions.\n\n### FORMAT OF PROOF LINES\nEach proof line must be structured like: '<line_number>. <formula> <origin>'\n- <line_number>: sequential integer, always ending with a dot ('1.', '2.', '3.', ...)\n- <formula>: the formula derived on that line\n- <origin>: either 'pre' (premise), 'hip' (hypothesis) or '<rule_name> <line_refs>'\n - <rule_name> and <line_refs>: \n - &e (1 line) \n - &i (2 lines) \n - ->e (2 lines) \n - ->i (1 range) \n - ~e (2 lines) \n - ~i (1 range) \n - |e (1 line + 2 ranges) \n - |i (1 line) \n - @e (1 line) \n - raa (1 range) \n - copy (1 line) \n - Ae (1 line)\n - Ai (1 range)\n - Ee (1 line + 1 range)\n - Ei (1 line)\n - <line_refs>: Must be comma-separated line numbers or ranges. Ranges denote subproofs (e.g., `->i 8-12`, `|e 4, 5-9, 10-14`)\n\n### SUBPROOFS / HYPOTHESES\nUse subproofs for hypotheses. Use curly braces '{' and '}' to open and close subproofs. \nPlace `{` immediately after the line number (e.g. '8.{ A|B hip') and `}` at the end of the final line of the subproof (e.g. '10. B @e 4}').\nNested subproofs are allowed. But a formula may only be used at a specific point if it appeared earlier in the same subproof or an outer subproof to the current subproof.\n\n### SYMBOLS & CONVENTIONS\nUse the following symbols for logical operations: \n- & = conjunction (and) \n- | = disjunction (or) \n- ~ = negation (not) \n- -> = implication (implies)\n\nQuantifiers symbols: \n Ax represents ∀x \n Ex represents ∃x\nSo formulas with ∀x and ∃x will be represented by Ax and Ex (A and E followed by the variable x). For example, Ax (H(x)->M(x)) represents ∀x (H(x)→M(x)).\n\n###CONVENTIONS\nAtoms: only uppercase letters not immediately followed by parentesis (e.g. P, Q, R).\nPredicates: uppercase letters immediately followed by parentesis (e.g. H(x), M(y), Q(a,b) ). All predicates must use parentheses.\nVariables: first letter in lowercase, can be followed by letters and numbers (e.g., x, x0, xP0).\n\n### TO CREATE NEW VARIABLE:\nFor Universal Introduction rule(Ai): open a subproof with a fresh variable not occurring in any open hypothesis.\nCreate new variable like this: '<line_number>. { <new_variable> '\n\nFor Existential Elimination rule(Ee): open a subproof with a fresh witness constant/variable. \nCreate new variable like this: '<line_number>. {<new_variable> φ[<old_variable>/<new_variable>] hip\n  Write only the final proof in <proof>...</proof> tags. Only use <proof>...</proof> tags ONCE. Only use these symbols inside the proof '&' , '->', '~', '|', '@', '(', ')', '{', '}', 'Ax', 'Ex'.\nDo not include explanations, commentary, or extra text inside and outside the <proof>...</proof> tags.\n ""}, {'role': 'user', 'content': ""Prove '|- (P->Ex Q(x))->Ex (P->Q(x))', using the natural deduction method. Final answer using the notation described. ""}, {'role': 'assistant', 'content': ' <proof>\n                        1. { \t(P -> Ex Q(x))\t\t\t\t\thip\n                        2.\t{\t~(~P | Ex Q(x))\t\t\t\t\thip\n                        3.\t\t{\tP\t\t\t\t\t\t\t\t      hip\n                        4.      Ex Q(x)               ->e 3, 1\n                        5.\t\t\t~P | Ex Q(x)\t\t\t\t\t|i 4\n                        6.\t\t\t@\t\t\t\t\t\t\t\t~e 5,2 }\t\t\n                        7.\t\t~P\t\t\t\t\t\t\t\t\t~i 3-6\n                        8.\t\t~P | Ex Q(x)\t\t\t\t\t\t|i 7\n                        9.\t\t@\t\t\t\t\t\t\t\t\t~e 8,2 }\n                        10.\t~P | Ex Q(x)        raa 2-9\n                        11.\t{\t~P\t\t\t\t\t\t\t\t\thip\n                        12.\t\t{\tP\t\t\t\t\t\t\t\thip\n                        13.\t\t\t@\t\t\t\t\t\t\t\t~e 11,12\n                        14.     Q(a)            @e 13 }\n                        15.\t\tP -> Q(a)\t\t\t\t\t\t\t->i 12-14\n                        16.\t\tEx  (P -> Q(x))\t\t\t\t\tEi 15 }\n                        17.\t{\tEx Q(x)\t\t\t\t\t\t\thip\n                        18.\t\t{ a\t\tQ(a)\t\t\t\t\t\thip\n                        19.\t\t\t{\tP\t\t\t\t\t\t\thip\n                        20.\t\t\t\tQ(a)\t\t\t\t\t\tcopie 18 }\n                        21.\t\t\tP -> Q(a)\t\t\t\t\t\t->i 19-20\n                        22.\t\t\tEx (P -> Q(x))\t\t\t\tEi 21 }\n                        23.\t\tEx (P -> Q(x))\t\t\t\t\tEe 17, 18-22 }\n                        24.\tEx (P -> Q(x))\t\t\t\t\t\t|e 10, 11-16, 17-23}\n                        25. (P -> Ex Q(x)) -> Ex (P -> Q(x))\t->i 1-24\n                    </proof>'}, {'role': 'user', 'content': ""Prove 'Ax ((P(x)->Q(x))&(Q(x)->P(x))) |- Ax ((~P(x)->~Q(x))&(~Q(x)->~P(x)))', using the natural deduction method. Final answer using the notation described.""}, {'role': 'assistant', 'content': ' <proof>\n                            1. Ax((P(x) -> Q(x)) & (Q(x) -> P(x))) pre\n                            2. { a\n                            3.   (P(a) -> Q(a)) & (Q(a) -> P(a)) Ae 1\n                            4.   P(a) -> Q(a) &e 3\n                            5.   Q(a) -> P(a) &e 3\n                            6.   { ~Q(a) hip\n                            7.     { P(a) hip\n                            8.       Q(a) ->e 7,4\n                            9.       @ ~e 6,8 }\n                            10.   ~P(a) ~i 7-9 }\n                            11. ~Q(a) -> ~P(a) ->i 6-10\n                            12. { ~P(a) hip\n                            13.   { Q(a) hip\n                            14.     P(a) ->e 13,5\n                            15.     @ ~e 12,14 }\n                            16.   ~Q(a) ~i 13-15 }\n                            17. ~P(a) -> ~Q(a) ->i 12-16\n                            18. (~P(a) -> ~Q(a)) & (~Q(a) -> ~P(a)) &i 17,11 }\n                            19. Ax((~P(x) -> ~Q(x)) & (~Q(x) -> ~P(x))) Ai 2-18 \n                        </proof>'}, {'role': 'user', 'content': ""Prove'Ax (~B(x)->~C(x)) |- Ax (C(x)->B(x))' using the natural deduction method. Only one final answer, surrounded by <proof>...</proof>, using the notation described.""}]","<proof>
                     1. Ax(~M(x) -> ~H(x)) pre
                     2. { a
                     3.   (~M(a) -> ~H(a)) Ae 1
                     4.   { H(a) hip
                     5.     { ~M(a) hip
                     6.       ~H(a) ->e 5,3
                     7.       @ ~e 4,6 }
                     8.     M(a) ~i 5-7 }
                     9.   H(a) -> M(a) ->i 4-8
                    10.   (H(a)->M(a)) Ai 2-9 }
                    11. Ax(H(x)->M(x)) Ai 2-10
                </proof>","1. Ax(~M(x) -> ~H(x)) pre
                     2. { a
                     3.   (~M(a) -> ~H(a)) Ae 1
                     4.   { H(a) hip
                     5.     { ~M(a) hip
                     6.       ~H(a) ->e 5,3
                     7.       @ ~e 4,6 }
                     8.     M(a) ~i 5-7 }
                     9.   H(a) -> M(a) ->i 4-8
                    10.   (H(a)->M(a)) Ai 2-9 }
                    11. Ax(H(x)->M(x)) Ai 2-10","Os seguintes erros foram encontrados:

Erro de sintaxe na linha 8:
                     8.     M(a) ~i 5-7 }
                     ^, A fórmula M(a) não é um resultado válido para esta regra.Erro de sintaxe na linha 10:
                    10.   (H(a)->M(a)) Ai 2-9 }
                                          ^, esta não é uma caixa (escopo) válida.",1.7920958995819092,stop,1782,477
Ax (B(x)->C(x)) |- Ax (~B(x)|C(x)),"[{'role': 'system', 'content': ""You are an expert in logic using the Natural Deduction method.\nYou will receive one first order logic problem. Your task is to prove its validity using Natural Deduction and represent the proof in a Fitch-like notation, following these formatting instructions.\n\n### FORMAT OF PROOF LINES\nEach proof line must be structured like: '<line_number>. <formula> <origin>'\n- <line_number>: sequential integer, always ending with a dot ('1.', '2.', '3.', ...)\n- <formula>: the formula derived on that line\n- <origin>: either 'pre' (premise), 'hip' (hypothesis) or '<rule_name> <line_refs>'\n - <rule_name> and <line_refs>: \n - &e (1 line) \n - &i (2 lines) \n - ->e (2 lines) \n - ->i (1 range) \n - ~e (2 lines) \n - ~i (1 range) \n - |e (1 line + 2 ranges) \n - |i (1 line) \n - @e (1 line) \n - raa (1 range) \n - copy (1 line) \n - Ae (1 line)\n - Ai (1 range)\n - Ee (1 line + 1 range)\n - Ei (1 line)\n - <line_refs>: Must be comma-separated line numbers or ranges. Ranges denote subproofs (e.g., `->i 8-12`, `|e 4, 5-9, 10-14`)\n\n### SUBPROOFS / HYPOTHESES\nUse subproofs for hypotheses. Use curly braces '{' and '}' to open and close subproofs. \nPlace `{` immediately after the line number (e.g. '8.{ A|B hip') and `}` at the end of the final line of the subproof (e.g. '10. B @e 4}').\nNested subproofs are allowed. But a formula may only be used at a specific point if it appeared earlier in the same subproof or an outer subproof to the current subproof.\n\n### SYMBOLS & CONVENTIONS\nUse the following symbols for logical operations: \n- & = conjunction (and) \n- | = disjunction (or) \n- ~ = negation (not) \n- -> = implication (implies)\n\nQuantifiers symbols: \n Ax represents ∀x \n Ex represents ∃x\nSo formulas with ∀x and ∃x will be represented by Ax and Ex (A and E followed by the variable x). For example, Ax (H(x)->M(x)) represents ∀x (H(x)→M(x)).\n\n###CONVENTIONS\nAtoms: only uppercase letters not immediately followed by parentesis (e.g. P, Q, R).\nPredicates: uppercase letters immediately followed by parentesis (e.g. H(x), M(y), Q(a,b) ). All predicates must use parentheses.\nVariables: first letter in lowercase, can be followed by letters and numbers (e.g., x, x0, xP0).\n\n### TO CREATE NEW VARIABLE:\nFor Universal Introduction rule(Ai): open a subproof with a fresh variable not occurring in any open hypothesis.\nCreate new variable like this: '<line_number>. { <new_variable> '\n\nFor Existential Elimination rule(Ee): open a subproof with a fresh witness constant/variable. \nCreate new variable like this: '<line_number>. {<new_variable> φ[<old_variable>/<new_variable>] hip\n  Write only the final proof in <proof>...</proof> tags. Only use <proof>...</proof> tags ONCE. Only use these symbols inside the proof '&' , '->', '~', '|', '@', '(', ')', '{', '}', 'Ax', 'Ex'.\nDo not include explanations, commentary, or extra text inside and outside the <proof>...</proof> tags.\n ""}, {'role': 'user', 'content': ""Prove '|- (P->Ex Q(x))->Ex (P->Q(x))', using the natural deduction method. Final answer using the notation described. ""}, {'role': 'assistant', 'content': ' <proof>\n                        1. { \t(P -> Ex Q(x))\t\t\t\t\thip\n                        2.\t{\t~(~P | Ex Q(x))\t\t\t\t\thip\n                        3.\t\t{\tP\t\t\t\t\t\t\t\t      hip\n                        4.      Ex Q(x)               ->e 3, 1\n                        5.\t\t\t~P | Ex Q(x)\t\t\t\t\t|i 4\n                        6.\t\t\t@\t\t\t\t\t\t\t\t~e 5,2 }\t\t\n                        7.\t\t~P\t\t\t\t\t\t\t\t\t~i 3-6\n                        8.\t\t~P | Ex Q(x)\t\t\t\t\t\t|i 7\n                        9.\t\t@\t\t\t\t\t\t\t\t\t~e 8,2 }\n                        10.\t~P | Ex Q(x)        raa 2-9\n                        11.\t{\t~P\t\t\t\t\t\t\t\t\thip\n                        12.\t\t{\tP\t\t\t\t\t\t\t\thip\n                        13.\t\t\t@\t\t\t\t\t\t\t\t~e 11,12\n                        14.     Q(a)            @e 13 }\n                        15.\t\tP -> Q(a)\t\t\t\t\t\t\t->i 12-14\n                        16.\t\tEx  (P -> Q(x))\t\t\t\t\tEi 15 }\n                        17.\t{\tEx Q(x)\t\t\t\t\t\t\thip\n                        18.\t\t{ a\t\tQ(a)\t\t\t\t\t\thip\n                        19.\t\t\t{\tP\t\t\t\t\t\t\thip\n                        20.\t\t\t\tQ(a)\t\t\t\t\t\tcopie 18 }\n                        21.\t\t\tP -> Q(a)\t\t\t\t\t\t->i 19-20\n                        22.\t\t\tEx (P -> Q(x))\t\t\t\tEi 21 }\n                        23.\t\tEx (P -> Q(x))\t\t\t\t\tEe 17, 18-22 }\n                        24.\tEx (P -> Q(x))\t\t\t\t\t\t|e 10, 11-16, 17-23}\n                        25. (P -> Ex Q(x)) -> Ex (P -> Q(x))\t->i 1-24\n                    </proof>'}, {'role': 'user', 'content': ""Prove 'Ax ((P(x)->Q(x))&(Q(x)->P(x))) |- Ax ((~P(x)->~Q(x))&(~Q(x)->~P(x)))', using the natural deduction method. Final answer using the notation described.""}, {'role': 'assistant', 'content': ' <proof>\n                            1. Ax((P(x) -> Q(x)) & (Q(x) -> P(x))) pre\n                            2. { a\n                            3.   (P(a) -> Q(a)) & (Q(a) -> P(a)) Ae 1\n                            4.   P(a) -> Q(a) &e 3\n                            5.   Q(a) -> P(a) &e 3\n                            6.   { ~Q(a) hip\n                            7.     { P(a) hip\n                            8.       Q(a) ->e 7,4\n                            9.       @ ~e 6,8 }\n                            10.   ~P(a) ~i 7-9 }\n                            11. ~Q(a) -> ~P(a) ->i 6-10\n                            12. { ~P(a) hip\n                            13.   { Q(a) hip\n                            14.     P(a) ->e 13,5\n                            15.     @ ~e 12,14 }\n                            16.   ~Q(a) ~i 13-15 }\n                            17. ~P(a) -> ~Q(a) ->i 12-16\n                            18. (~P(a) -> ~Q(a)) & (~Q(a) -> ~P(a)) &i 17,11 }\n                            19. Ax((~P(x) -> ~Q(x)) & (~Q(x) -> ~P(x))) Ai 2-18 \n                        </proof>'}, {'role': 'user', 'content': ""Prove'Ax (B(x)->C(x)) |- Ax (~B(x)|C(x))' using the natural deduction method. Only one final answer, surrounded by <proof>...</proof>, using the notation described.""}]","<proof>
                        1. Ax(H(x)->M(x)) pre
                        2. { a
                        3.   H(a) -> M(a) Ae 1
                        4.   { ~ (¬H(a)|M(a)) hip
                        5.     { H(a) hip
                        6.       M(a) ->e 3,5
                        7.       (¬H(a)|M(a)) |i 6
                        8.       @ ~e 4,7 }
                        9.   ¬¬(¬H(a)|M(a)) ~i 4-8
                        10.  (¬H(a)|M(a)) ~i 9-9
                        11.  (~H(a)|M(a)) Ai 2-10
                        12. Ax(~H(x)|M(x)) Ai 2-11 
                    </proof>","1. Ax(H(x)->M(x)) pre
                        2. { a
                        3.   H(a) -> M(a) Ae 1
                        4.   { ~ (¬H(a)|M(a)) hip
                        5.     { H(a) hip
                        6.       M(a) ->e 3,5
                        7.       (¬H(a)|M(a)) |i 6
                        8.       @ ~e 4,7 }
                        9.   ¬¬(¬H(a)|M(a)) ~i 4-8
                        10.  (¬H(a)|M(a)) ~i 9-9
                        11.  (~H(a)|M(a)) Ai 2-10
                        12. Ax(~H(x)|M(x)) Ai 2-11","Os seguintes erros foram encontrados:

Uma das definições não está completa, verifique se todas regras foram aplicadas corretamente.
Lembre-se que uma regra de inferência sempre inicia com um número seguido de um . (linha de referência), tem uma fórmula e uma justificativa (premissa, hipóteses ou uma das regras de inferência com suas respectivas referências para fórmulas anteriores).
Erro de sintaxe:
                        4.   { ~ (¬H(a)|M(a)) hip
                                  ^ Símbolo não pertence a linguagem.
",5.925076723098755,stop,1781,1527
Ax (~B(x)|C(x)) |- Ax (B(x)->C(x)),"[{'role': 'system', 'content': ""You are an expert in logic using the Natural Deduction method.\nYou will receive one first order logic problem. Your task is to prove its validity using Natural Deduction and represent the proof in a Fitch-like notation, following these formatting instructions.\n\n### FORMAT OF PROOF LINES\nEach proof line must be structured like: '<line_number>. <formula> <origin>'\n- <line_number>: sequential integer, always ending with a dot ('1.', '2.', '3.', ...)\n- <formula>: the formula derived on that line\n- <origin>: either 'pre' (premise), 'hip' (hypothesis) or '<rule_name> <line_refs>'\n - <rule_name> and <line_refs>: \n - &e (1 line) \n - &i (2 lines) \n - ->e (2 lines) \n - ->i (1 range) \n - ~e (2 lines) \n - ~i (1 range) \n - |e (1 line + 2 ranges) \n - |i (1 line) \n - @e (1 line) \n - raa (1 range) \n - copy (1 line) \n - Ae (1 line)\n - Ai (1 range)\n - Ee (1 line + 1 range)\n - Ei (1 line)\n - <line_refs>: Must be comma-separated line numbers or ranges. Ranges denote subproofs (e.g., `->i 8-12`, `|e 4, 5-9, 10-14`)\n\n### SUBPROOFS / HYPOTHESES\nUse subproofs for hypotheses. Use curly braces '{' and '}' to open and close subproofs. \nPlace `{` immediately after the line number (e.g. '8.{ A|B hip') and `}` at the end of the final line of the subproof (e.g. '10. B @e 4}').\nNested subproofs are allowed. But a formula may only be used at a specific point if it appeared earlier in the same subproof or an outer subproof to the current subproof.\n\n### SYMBOLS & CONVENTIONS\nUse the following symbols for logical operations: \n- & = conjunction (and) \n- | = disjunction (or) \n- ~ = negation (not) \n- -> = implication (implies)\n\nQuantifiers symbols: \n Ax represents ∀x \n Ex represents ∃x\nSo formulas with ∀x and ∃x will be represented by Ax and Ex (A and E followed by the variable x). For example, Ax (H(x)->M(x)) represents ∀x (H(x)→M(x)).\n\n###CONVENTIONS\nAtoms: only uppercase letters not immediately followed by parentesis (e.g. P, Q, R).\nPredicates: uppercase letters immediately followed by parentesis (e.g. H(x), M(y), Q(a,b) ). All predicates must use parentheses.\nVariables: first letter in lowercase, can be followed by letters and numbers (e.g., x, x0, xP0).\n\n### TO CREATE NEW VARIABLE:\nFor Universal Introduction rule(Ai): open a subproof with a fresh variable not occurring in any open hypothesis.\nCreate new variable like this: '<line_number>. { <new_variable> '\n\nFor Existential Elimination rule(Ee): open a subproof with a fresh witness constant/variable. \nCreate new variable like this: '<line_number>. {<new_variable> φ[<old_variable>/<new_variable>] hip\n  Write only the final proof in <proof>...</proof> tags. Only use <proof>...</proof> tags ONCE. Only use these symbols inside the proof '&' , '->', '~', '|', '@', '(', ')', '{', '}', 'Ax', 'Ex'.\nDo not include explanations, commentary, or extra text inside and outside the <proof>...</proof> tags.\n ""}, {'role': 'user', 'content': ""Prove '|- (P->Ex Q(x))->Ex (P->Q(x))', using the natural deduction method. Final answer using the notation described. ""}, {'role': 'assistant', 'content': ' <proof>\n                        1. { \t(P -> Ex Q(x))\t\t\t\t\thip\n                        2.\t{\t~(~P | Ex Q(x))\t\t\t\t\thip\n                        3.\t\t{\tP\t\t\t\t\t\t\t\t      hip\n                        4.      Ex Q(x)               ->e 3, 1\n                        5.\t\t\t~P | Ex Q(x)\t\t\t\t\t|i 4\n                        6.\t\t\t@\t\t\t\t\t\t\t\t~e 5,2 }\t\t\n                        7.\t\t~P\t\t\t\t\t\t\t\t\t~i 3-6\n                        8.\t\t~P | Ex Q(x)\t\t\t\t\t\t|i 7\n                        9.\t\t@\t\t\t\t\t\t\t\t\t~e 8,2 }\n                        10.\t~P | Ex Q(x)        raa 2-9\n                        11.\t{\t~P\t\t\t\t\t\t\t\t\thip\n                        12.\t\t{\tP\t\t\t\t\t\t\t\thip\n                        13.\t\t\t@\t\t\t\t\t\t\t\t~e 11,12\n                        14.     Q(a)            @e 13 }\n                        15.\t\tP -> Q(a)\t\t\t\t\t\t\t->i 12-14\n                        16.\t\tEx  (P -> Q(x))\t\t\t\t\tEi 15 }\n                        17.\t{\tEx Q(x)\t\t\t\t\t\t\thip\n                        18.\t\t{ a\t\tQ(a)\t\t\t\t\t\thip\n                        19.\t\t\t{\tP\t\t\t\t\t\t\thip\n                        20.\t\t\t\tQ(a)\t\t\t\t\t\tcopie 18 }\n                        21.\t\t\tP -> Q(a)\t\t\t\t\t\t->i 19-20\n                        22.\t\t\tEx (P -> Q(x))\t\t\t\tEi 21 }\n                        23.\t\tEx (P -> Q(x))\t\t\t\t\tEe 17, 18-22 }\n                        24.\tEx (P -> Q(x))\t\t\t\t\t\t|e 10, 11-16, 17-23}\n                        25. (P -> Ex Q(x)) -> Ex (P -> Q(x))\t->i 1-24\n                    </proof>'}, {'role': 'user', 'content': ""Prove 'Ax ((P(x)->Q(x))&(Q(x)->P(x))) |- Ax ((~P(x)->~Q(x))&(~Q(x)->~P(x)))', using the natural deduction method. Final answer using the notation described.""}, {'role': 'assistant', 'content': ' <proof>\n                            1. Ax((P(x) -> Q(x)) & (Q(x) -> P(x))) pre\n                            2. { a\n                            3.   (P(a) -> Q(a)) & (Q(a) -> P(a)) Ae 1\n                            4.   P(a) -> Q(a) &e 3\n                            5.   Q(a) -> P(a) &e 3\n                            6.   { ~Q(a) hip\n                            7.     { P(a) hip\n                            8.       Q(a) ->e 7,4\n                            9.       @ ~e 6,8 }\n                            10.   ~P(a) ~i 7-9 }\n                            11. ~Q(a) -> ~P(a) ->i 6-10\n                            12. { ~P(a) hip\n                            13.   { Q(a) hip\n                            14.     P(a) ->e 13,5\n                            15.     @ ~e 12,14 }\n                            16.   ~Q(a) ~i 13-15 }\n                            17. ~P(a) -> ~Q(a) ->i 12-16\n                            18. (~P(a) -> ~Q(a)) & (~Q(a) -> ~P(a)) &i 17,11 }\n                            19. Ax((~P(x) -> ~Q(x)) & (~Q(x) -> ~P(x))) Ai 2-18 \n                        </proof>'}, {'role': 'user', 'content': ""Prove'Ax (~B(x)|C(x)) |- Ax (B(x)->C(x))' using the natural deduction method. Only one final answer, surrounded by <proof>...</proof>, using the notation described.""}]","<proof>
                        1. Ax(~H(x)|M(x)) pre
                        2. { a
                        3.   ~H(a) | M(a) Ae 1
                        4.   { H(a) hip
                        5.     { ~H(a) hip
                        6.       @ ~e 4,5 }
                        7.     M(a) @i 6 }
                        8.     { M(a) hip
                        9.       M(a) @i 8 }
                       10.   M(a) |e 3,5-7,8-9
                       11.   H(a) -> M(a) ->i 4-10
                       12. Ax(H(x)->M(x)) Ai 2-11 
                    </proof>","1. Ax(~H(x)|M(x)) pre
                        2. { a
                        3.   ~H(a) | M(a) Ae 1
                        4.   { H(a) hip
                        5.     { ~H(a) hip
                        6.       @ ~e 4,5 }
                        7.     M(a) @i 6 }
                        8.     { M(a) hip
                        9.       M(a) @i 8 }
                       10.   M(a) |e 3,5-7,8-9
                       11.   H(a) -> M(a) ->i 4-10
                       12. Ax(H(x)->M(x)) Ai 2-11","Os seguintes erros foram encontrados:

Uma das definições não está completa, verifique se todas regras foram aplicadas corretamente.
Lembre-se que uma regra de inferência sempre inicia com um número seguido de um . (linha de referência), tem uma fórmula e uma justificativa (premissa, hipóteses ou uma das regras de inferência com suas respectivas referências para fórmulas anteriores).
Erro de sintaxe:
                        7.     M(a) @i 6 }
                                    ^
",3.618012666702272,stop,1781,965
Ax (~B(x)|C(x)) |- Ax (~C(x)->~B(x)),"[{'role': 'system', 'content': ""You are an expert in logic using the Natural Deduction method.\nYou will receive one first order logic problem. Your task is to prove its validity using Natural Deduction and represent the proof in a Fitch-like notation, following these formatting instructions.\n\n### FORMAT OF PROOF LINES\nEach proof line must be structured like: '<line_number>. <formula> <origin>'\n- <line_number>: sequential integer, always ending with a dot ('1.', '2.', '3.', ...)\n- <formula>: the formula derived on that line\n- <origin>: either 'pre' (premise), 'hip' (hypothesis) or '<rule_name> <line_refs>'\n - <rule_name> and <line_refs>: \n - &e (1 line) \n - &i (2 lines) \n - ->e (2 lines) \n - ->i (1 range) \n - ~e (2 lines) \n - ~i (1 range) \n - |e (1 line + 2 ranges) \n - |i (1 line) \n - @e (1 line) \n - raa (1 range) \n - copy (1 line) \n - Ae (1 line)\n - Ai (1 range)\n - Ee (1 line + 1 range)\n - Ei (1 line)\n - <line_refs>: Must be comma-separated line numbers or ranges. Ranges denote subproofs (e.g., `->i 8-12`, `|e 4, 5-9, 10-14`)\n\n### SUBPROOFS / HYPOTHESES\nUse subproofs for hypotheses. Use curly braces '{' and '}' to open and close subproofs. \nPlace `{` immediately after the line number (e.g. '8.{ A|B hip') and `}` at the end of the final line of the subproof (e.g. '10. B @e 4}').\nNested subproofs are allowed. But a formula may only be used at a specific point if it appeared earlier in the same subproof or an outer subproof to the current subproof.\n\n### SYMBOLS & CONVENTIONS\nUse the following symbols for logical operations: \n- & = conjunction (and) \n- | = disjunction (or) \n- ~ = negation (not) \n- -> = implication (implies)\n\nQuantifiers symbols: \n Ax represents ∀x \n Ex represents ∃x\nSo formulas with ∀x and ∃x will be represented by Ax and Ex (A and E followed by the variable x). For example, Ax (H(x)->M(x)) represents ∀x (H(x)→M(x)).\n\n###CONVENTIONS\nAtoms: only uppercase letters not immediately followed by parentesis (e.g. P, Q, R).\nPredicates: uppercase letters immediately followed by parentesis (e.g. H(x), M(y), Q(a,b) ). All predicates must use parentheses.\nVariables: first letter in lowercase, can be followed by letters and numbers (e.g., x, x0, xP0).\n\n### TO CREATE NEW VARIABLE:\nFor Universal Introduction rule(Ai): open a subproof with a fresh variable not occurring in any open hypothesis.\nCreate new variable like this: '<line_number>. { <new_variable> '\n\nFor Existential Elimination rule(Ee): open a subproof with a fresh witness constant/variable. \nCreate new variable like this: '<line_number>. {<new_variable> φ[<old_variable>/<new_variable>] hip\n  Write only the final proof in <proof>...</proof> tags. Only use <proof>...</proof> tags ONCE. Only use these symbols inside the proof '&' , '->', '~', '|', '@', '(', ')', '{', '}', 'Ax', 'Ex'.\nDo not include explanations, commentary, or extra text inside and outside the <proof>...</proof> tags.\n ""}, {'role': 'user', 'content': ""Prove '|- (P->Ex Q(x))->Ex (P->Q(x))', using the natural deduction method. Final answer using the notation described. ""}, {'role': 'assistant', 'content': ' <proof>\n                        1. { \t(P -> Ex Q(x))\t\t\t\t\thip\n                        2.\t{\t~(~P | Ex Q(x))\t\t\t\t\thip\n                        3.\t\t{\tP\t\t\t\t\t\t\t\t      hip\n                        4.      Ex Q(x)               ->e 3, 1\n                        5.\t\t\t~P | Ex Q(x)\t\t\t\t\t|i 4\n                        6.\t\t\t@\t\t\t\t\t\t\t\t~e 5,2 }\t\t\n                        7.\t\t~P\t\t\t\t\t\t\t\t\t~i 3-6\n                        8.\t\t~P | Ex Q(x)\t\t\t\t\t\t|i 7\n                        9.\t\t@\t\t\t\t\t\t\t\t\t~e 8,2 }\n                        10.\t~P | Ex Q(x)        raa 2-9\n                        11.\t{\t~P\t\t\t\t\t\t\t\t\thip\n                        12.\t\t{\tP\t\t\t\t\t\t\t\thip\n                        13.\t\t\t@\t\t\t\t\t\t\t\t~e 11,12\n                        14.     Q(a)            @e 13 }\n                        15.\t\tP -> Q(a)\t\t\t\t\t\t\t->i 12-14\n                        16.\t\tEx  (P -> Q(x))\t\t\t\t\tEi 15 }\n                        17.\t{\tEx Q(x)\t\t\t\t\t\t\thip\n                        18.\t\t{ a\t\tQ(a)\t\t\t\t\t\thip\n                        19.\t\t\t{\tP\t\t\t\t\t\t\thip\n                        20.\t\t\t\tQ(a)\t\t\t\t\t\tcopie 18 }\n                        21.\t\t\tP -> Q(a)\t\t\t\t\t\t->i 19-20\n                        22.\t\t\tEx (P -> Q(x))\t\t\t\tEi 21 }\n                        23.\t\tEx (P -> Q(x))\t\t\t\t\tEe 17, 18-22 }\n                        24.\tEx (P -> Q(x))\t\t\t\t\t\t|e 10, 11-16, 17-23}\n                        25. (P -> Ex Q(x)) -> Ex (P -> Q(x))\t->i 1-24\n                    </proof>'}, {'role': 'user', 'content': ""Prove 'Ax ((P(x)->Q(x))&(Q(x)->P(x))) |- Ax ((~P(x)->~Q(x))&(~Q(x)->~P(x)))', using the natural deduction method. Final answer using the notation described.""}, {'role': 'assistant', 'content': ' <proof>\n                            1. Ax((P(x) -> Q(x)) & (Q(x) -> P(x))) pre\n                            2. { a\n                            3.   (P(a) -> Q(a)) & (Q(a) -> P(a)) Ae 1\n                            4.   P(a) -> Q(a) &e 3\n                            5.   Q(a) -> P(a) &e 3\n                            6.   { ~Q(a) hip\n                            7.     { P(a) hip\n                            8.       Q(a) ->e 7,4\n                            9.       @ ~e 6,8 }\n                            10.   ~P(a) ~i 7-9 }\n                            11. ~Q(a) -> ~P(a) ->i 6-10\n                            12. { ~P(a) hip\n                            13.   { Q(a) hip\n                            14.     P(a) ->e 13,5\n                            15.     @ ~e 12,14 }\n                            16.   ~Q(a) ~i 13-15 }\n                            17. ~P(a) -> ~Q(a) ->i 12-16\n                            18. (~P(a) -> ~Q(a)) & (~Q(a) -> ~P(a)) &i 17,11 }\n                            19. Ax((~P(x) -> ~Q(x)) & (~Q(x) -> ~P(x))) Ai 2-18 \n                        </proof>'}, {'role': 'user', 'content': ""Prove'Ax (~B(x)|C(x)) |- Ax (~C(x)->~B(x))' using the natural deduction method. Only one final answer, surrounded by <proof>...</proof>, using the notation described.""}]","<proof>
                        1. Ax(~H(x)|M(x)) pre
                        2. { a
                        3.   ~H(a)|M(a) Ae 1
                        4.   { ~M(a) hip
                        5.     { M(a) hip
                        6.       @ ~e 4,5 }
                        7.     ¬H(a) ~i 5-6 }
                        8.   ¬H(a) |e 3, 4, 5-7
                        9.   ¬M(a)->¬H(a) ->i 4-8
                       10. Ax(¬M(x)->¬H(x)) Ai 2-9 
                    </proof>","1. Ax(~H(x)|M(x)) pre
                        2. { a
                        3.   ~H(a)|M(a) Ae 1
                        4.   { ~M(a) hip
                        5.     { M(a) hip
                        6.       @ ~e 4,5 }
                        7.     ¬H(a) ~i 5-6 }
                        8.   ¬H(a) |e 3, 4, 5-7
                        9.   ¬M(a)->¬H(a) ->i 4-8
                       10. Ax(¬M(x)->¬H(x)) Ai 2-9","Os seguintes erros foram encontrados:

Uma das definições não está completa, verifique se todas regras foram aplicadas corretamente.
Lembre-se que uma regra de inferência sempre inicia com um número seguido de um . (linha de referência), tem uma fórmula e uma justificativa (premissa, hipóteses ou uma das regras de inferência com suas respectivas referências para fórmulas anteriores).
Erro de sintaxe:
                        7.     ¬H(a) ~i 5-6 }
                               ^ Símbolo não pertence a linguagem.
",2.9689362049102783,stop,1782,758
Ax (~B(x)->~C(x)) |- Ax (~C(x)|B(x)),"[{'role': 'system', 'content': ""You are an expert in logic using the Natural Deduction method.\nYou will receive one first order logic problem. Your task is to prove its validity using Natural Deduction and represent the proof in a Fitch-like notation, following these formatting instructions.\n\n### FORMAT OF PROOF LINES\nEach proof line must be structured like: '<line_number>. <formula> <origin>'\n- <line_number>: sequential integer, always ending with a dot ('1.', '2.', '3.', ...)\n- <formula>: the formula derived on that line\n- <origin>: either 'pre' (premise), 'hip' (hypothesis) or '<rule_name> <line_refs>'\n - <rule_name> and <line_refs>: \n - &e (1 line) \n - &i (2 lines) \n - ->e (2 lines) \n - ->i (1 range) \n - ~e (2 lines) \n - ~i (1 range) \n - |e (1 line + 2 ranges) \n - |i (1 line) \n - @e (1 line) \n - raa (1 range) \n - copy (1 line) \n - Ae (1 line)\n - Ai (1 range)\n - Ee (1 line + 1 range)\n - Ei (1 line)\n - <line_refs>: Must be comma-separated line numbers or ranges. Ranges denote subproofs (e.g., `->i 8-12`, `|e 4, 5-9, 10-14`)\n\n### SUBPROOFS / HYPOTHESES\nUse subproofs for hypotheses. Use curly braces '{' and '}' to open and close subproofs. \nPlace `{` immediately after the line number (e.g. '8.{ A|B hip') and `}` at the end of the final line of the subproof (e.g. '10. B @e 4}').\nNested subproofs are allowed. But a formula may only be used at a specific point if it appeared earlier in the same subproof or an outer subproof to the current subproof.\n\n### SYMBOLS & CONVENTIONS\nUse the following symbols for logical operations: \n- & = conjunction (and) \n- | = disjunction (or) \n- ~ = negation (not) \n- -> = implication (implies)\n\nQuantifiers symbols: \n Ax represents ∀x \n Ex represents ∃x\nSo formulas with ∀x and ∃x will be represented by Ax and Ex (A and E followed by the variable x). For example, Ax (H(x)->M(x)) represents ∀x (H(x)→M(x)).\n\n###CONVENTIONS\nAtoms: only uppercase letters not immediately followed by parentesis (e.g. P, Q, R).\nPredicates: uppercase letters immediately followed by parentesis (e.g. H(x), M(y), Q(a,b) ). All predicates must use parentheses.\nVariables: first letter in lowercase, can be followed by letters and numbers (e.g., x, x0, xP0).\n\n### TO CREATE NEW VARIABLE:\nFor Universal Introduction rule(Ai): open a subproof with a fresh variable not occurring in any open hypothesis.\nCreate new variable like this: '<line_number>. { <new_variable> '\n\nFor Existential Elimination rule(Ee): open a subproof with a fresh witness constant/variable. \nCreate new variable like this: '<line_number>. {<new_variable> φ[<old_variable>/<new_variable>] hip\n  Write only the final proof in <proof>...</proof> tags. Only use <proof>...</proof> tags ONCE. Only use these symbols inside the proof '&' , '->', '~', '|', '@', '(', ')', '{', '}', 'Ax', 'Ex'.\nDo not include explanations, commentary, or extra text inside and outside the <proof>...</proof> tags.\n ""}, {'role': 'user', 'content': ""Prove '|- (P->Ex Q(x))->Ex (P->Q(x))', using the natural deduction method. Final answer using the notation described. ""}, {'role': 'assistant', 'content': ' <proof>\n                        1. { \t(P -> Ex Q(x))\t\t\t\t\thip\n                        2.\t{\t~(~P | Ex Q(x))\t\t\t\t\thip\n                        3.\t\t{\tP\t\t\t\t\t\t\t\t      hip\n                        4.      Ex Q(x)               ->e 3, 1\n                        5.\t\t\t~P | Ex Q(x)\t\t\t\t\t|i 4\n                        6.\t\t\t@\t\t\t\t\t\t\t\t~e 5,2 }\t\t\n                        7.\t\t~P\t\t\t\t\t\t\t\t\t~i 3-6\n                        8.\t\t~P | Ex Q(x)\t\t\t\t\t\t|i 7\n                        9.\t\t@\t\t\t\t\t\t\t\t\t~e 8,2 }\n                        10.\t~P | Ex Q(x)        raa 2-9\n                        11.\t{\t~P\t\t\t\t\t\t\t\t\thip\n                        12.\t\t{\tP\t\t\t\t\t\t\t\thip\n                        13.\t\t\t@\t\t\t\t\t\t\t\t~e 11,12\n                        14.     Q(a)            @e 13 }\n                        15.\t\tP -> Q(a)\t\t\t\t\t\t\t->i 12-14\n                        16.\t\tEx  (P -> Q(x))\t\t\t\t\tEi 15 }\n                        17.\t{\tEx Q(x)\t\t\t\t\t\t\thip\n                        18.\t\t{ a\t\tQ(a)\t\t\t\t\t\thip\n                        19.\t\t\t{\tP\t\t\t\t\t\t\thip\n                        20.\t\t\t\tQ(a)\t\t\t\t\t\tcopie 18 }\n                        21.\t\t\tP -> Q(a)\t\t\t\t\t\t->i 19-20\n                        22.\t\t\tEx (P -> Q(x))\t\t\t\tEi 21 }\n                        23.\t\tEx (P -> Q(x))\t\t\t\t\tEe 17, 18-22 }\n                        24.\tEx (P -> Q(x))\t\t\t\t\t\t|e 10, 11-16, 17-23}\n                        25. (P -> Ex Q(x)) -> Ex (P -> Q(x))\t->i 1-24\n                    </proof>'}, {'role': 'user', 'content': ""Prove 'Ax ((P(x)->Q(x))&(Q(x)->P(x))) |- Ax ((~P(x)->~Q(x))&(~Q(x)->~P(x)))', using the natural deduction method. Final answer using the notation described.""}, {'role': 'assistant', 'content': ' <proof>\n                            1. Ax((P(x) -> Q(x)) & (Q(x) -> P(x))) pre\n                            2. { a\n                            3.   (P(a) -> Q(a)) & (Q(a) -> P(a)) Ae 1\n                            4.   P(a) -> Q(a) &e 3\n                            5.   Q(a) -> P(a) &e 3\n                            6.   { ~Q(a) hip\n                            7.     { P(a) hip\n                            8.       Q(a) ->e 7,4\n                            9.       @ ~e 6,8 }\n                            10.   ~P(a) ~i 7-9 }\n                            11. ~Q(a) -> ~P(a) ->i 6-10\n                            12. { ~P(a) hip\n                            13.   { Q(a) hip\n                            14.     P(a) ->e 13,5\n                            15.     @ ~e 12,14 }\n                            16.   ~Q(a) ~i 13-15 }\n                            17. ~P(a) -> ~Q(a) ->i 12-16\n                            18. (~P(a) -> ~Q(a)) & (~Q(a) -> ~P(a)) &i 17,11 }\n                            19. Ax((~P(x) -> ~Q(x)) & (~Q(x) -> ~P(x))) Ai 2-18 \n                        </proof>'}, {'role': 'user', 'content': ""Prove'Ax (~B(x)->~C(x)) |- Ax (~C(x)|B(x))' using the natural deduction method. Only one final answer, surrounded by <proof>...</proof>, using the notation described.""}]","<proof>
                        1. Ax(~M(x) -> ~H(x)) pre
                        2. { a
                        3.   ~M(a) -> ~H(a) Ae 1
                        4.   Assume ¬(~H(a) | M(a)) hip
                        5.     { H(a) hip
                        6.       ~M(a) hip
                        7.         ~H(a) ->e 6,3
                        8.         @ ~e 5,7 }
                        9.   } 
                        10.   ¬(H(a) & ~M(a)) raa 4-9
                        11.   (~H(a) | M(a)) raa 4-10
                        12.   Ax(~H(x) | M(x)) Ai 2-11
                    </proof>","1. Ax(~M(x) -> ~H(x)) pre
                        2. { a
                        3.   ~M(a) -> ~H(a) Ae 1
                        4.   Assume ¬(~H(a) | M(a)) hip
                        5.     { H(a) hip
                        6.       ~M(a) hip
                        7.         ~H(a) ->e 6,3
                        8.         @ ~e 5,7 }
                        9.   } 
                        10.   ¬(H(a) & ~M(a)) raa 4-9
                        11.   (~H(a) | M(a)) raa 4-10
                        12.   Ax(~H(x) | M(x)) Ai 2-11","Os seguintes erros foram encontrados:

Uma das definições não está completa, verifique se todas regras foram aplicadas corretamente.
Lembre-se que uma regra de inferência sempre inicia com um número seguido de um . (linha de referência), tem uma fórmula e uma justificativa (premissa, hipóteses ou uma das regras de inferência com suas respectivas referências para fórmulas anteriores).
Erro de sintaxe:
                        4.   Assume ¬(~H(a) | M(a)) hip
                                    ^ Símbolo não pertence a linguagem.
",3.706987380981445,stop,1782,961
"Ax (B(x)&C(x)), ~Ex ~B(x) |- Ax C(x)","[{'role': 'system', 'content': ""You are an expert in logic using the Natural Deduction method.\nYou will receive one first order logic problem. Your task is to prove its validity using Natural Deduction and represent the proof in a Fitch-like notation, following these formatting instructions.\n\n### FORMAT OF PROOF LINES\nEach proof line must be structured like: '<line_number>. <formula> <origin>'\n- <line_number>: sequential integer, always ending with a dot ('1.', '2.', '3.', ...)\n- <formula>: the formula derived on that line\n- <origin>: either 'pre' (premise), 'hip' (hypothesis) or '<rule_name> <line_refs>'\n - <rule_name> and <line_refs>: \n - &e (1 line) \n - &i (2 lines) \n - ->e (2 lines) \n - ->i (1 range) \n - ~e (2 lines) \n - ~i (1 range) \n - |e (1 line + 2 ranges) \n - |i (1 line) \n - @e (1 line) \n - raa (1 range) \n - copy (1 line) \n - Ae (1 line)\n - Ai (1 range)\n - Ee (1 line + 1 range)\n - Ei (1 line)\n - <line_refs>: Must be comma-separated line numbers or ranges. Ranges denote subproofs (e.g., `->i 8-12`, `|e 4, 5-9, 10-14`)\n\n### SUBPROOFS / HYPOTHESES\nUse subproofs for hypotheses. Use curly braces '{' and '}' to open and close subproofs. \nPlace `{` immediately after the line number (e.g. '8.{ A|B hip') and `}` at the end of the final line of the subproof (e.g. '10. B @e 4}').\nNested subproofs are allowed. But a formula may only be used at a specific point if it appeared earlier in the same subproof or an outer subproof to the current subproof.\n\n### SYMBOLS & CONVENTIONS\nUse the following symbols for logical operations: \n- & = conjunction (and) \n- | = disjunction (or) \n- ~ = negation (not) \n- -> = implication (implies)\n\nQuantifiers symbols: \n Ax represents ∀x \n Ex represents ∃x\nSo formulas with ∀x and ∃x will be represented by Ax and Ex (A and E followed by the variable x). For example, Ax (H(x)->M(x)) represents ∀x (H(x)→M(x)).\n\n###CONVENTIONS\nAtoms: only uppercase letters not immediately followed by parentesis (e.g. P, Q, R).\nPredicates: uppercase letters immediately followed by parentesis (e.g. H(x), M(y), Q(a,b) ). All predicates must use parentheses.\nVariables: first letter in lowercase, can be followed by letters and numbers (e.g., x, x0, xP0).\n\n### TO CREATE NEW VARIABLE:\nFor Universal Introduction rule(Ai): open a subproof with a fresh variable not occurring in any open hypothesis.\nCreate new variable like this: '<line_number>. { <new_variable> '\n\nFor Existential Elimination rule(Ee): open a subproof with a fresh witness constant/variable. \nCreate new variable like this: '<line_number>. {<new_variable> φ[<old_variable>/<new_variable>] hip\n  Write only the final proof in <proof>...</proof> tags. Only use <proof>...</proof> tags ONCE. Only use these symbols inside the proof '&' , '->', '~', '|', '@', '(', ')', '{', '}', 'Ax', 'Ex'.\nDo not include explanations, commentary, or extra text inside and outside the <proof>...</proof> tags.\n ""}, {'role': 'user', 'content': ""Prove '|- (P->Ex Q(x))->Ex (P->Q(x))', using the natural deduction method. Final answer using the notation described. ""}, {'role': 'assistant', 'content': ' <proof>\n                        1. { \t(P -> Ex Q(x))\t\t\t\t\thip\n                        2.\t{\t~(~P | Ex Q(x))\t\t\t\t\thip\n                        3.\t\t{\tP\t\t\t\t\t\t\t\t      hip\n                        4.      Ex Q(x)               ->e 3, 1\n                        5.\t\t\t~P | Ex Q(x)\t\t\t\t\t|i 4\n                        6.\t\t\t@\t\t\t\t\t\t\t\t~e 5,2 }\t\t\n                        7.\t\t~P\t\t\t\t\t\t\t\t\t~i 3-6\n                        8.\t\t~P | Ex Q(x)\t\t\t\t\t\t|i 7\n                        9.\t\t@\t\t\t\t\t\t\t\t\t~e 8,2 }\n                        10.\t~P | Ex Q(x)        raa 2-9\n                        11.\t{\t~P\t\t\t\t\t\t\t\t\thip\n                        12.\t\t{\tP\t\t\t\t\t\t\t\thip\n                        13.\t\t\t@\t\t\t\t\t\t\t\t~e 11,12\n                        14.     Q(a)            @e 13 }\n                        15.\t\tP -> Q(a)\t\t\t\t\t\t\t->i 12-14\n                        16.\t\tEx  (P -> Q(x))\t\t\t\t\tEi 15 }\n                        17.\t{\tEx Q(x)\t\t\t\t\t\t\thip\n                        18.\t\t{ a\t\tQ(a)\t\t\t\t\t\thip\n                        19.\t\t\t{\tP\t\t\t\t\t\t\thip\n                        20.\t\t\t\tQ(a)\t\t\t\t\t\tcopie 18 }\n                        21.\t\t\tP -> Q(a)\t\t\t\t\t\t->i 19-20\n                        22.\t\t\tEx (P -> Q(x))\t\t\t\tEi 21 }\n                        23.\t\tEx (P -> Q(x))\t\t\t\t\tEe 17, 18-22 }\n                        24.\tEx (P -> Q(x))\t\t\t\t\t\t|e 10, 11-16, 17-23}\n                        25. (P -> Ex Q(x)) -> Ex (P -> Q(x))\t->i 1-24\n                    </proof>'}, {'role': 'user', 'content': ""Prove 'Ax ((P(x)->Q(x))&(Q(x)->P(x))) |- Ax ((~P(x)->~Q(x))&(~Q(x)->~P(x)))', using the natural deduction method. Final answer using the notation described.""}, {'role': 'assistant', 'content': ' <proof>\n                            1. Ax((P(x) -> Q(x)) & (Q(x) -> P(x))) pre\n                            2. { a\n                            3.   (P(a) -> Q(a)) & (Q(a) -> P(a)) Ae 1\n                            4.   P(a) -> Q(a) &e 3\n                            5.   Q(a) -> P(a) &e 3\n                            6.   { ~Q(a) hip\n                            7.     { P(a) hip\n                            8.       Q(a) ->e 7,4\n                            9.       @ ~e 6,8 }\n                            10.   ~P(a) ~i 7-9 }\n                            11. ~Q(a) -> ~P(a) ->i 6-10\n                            12. { ~P(a) hip\n                            13.   { Q(a) hip\n                            14.     P(a) ->e 13,5\n                            15.     @ ~e 12,14 }\n                            16.   ~Q(a) ~i 13-15 }\n                            17. ~P(a) -> ~Q(a) ->i 12-16\n                            18. (~P(a) -> ~Q(a)) & (~Q(a) -> ~P(a)) &i 17,11 }\n                            19. Ax((~P(x) -> ~Q(x)) & (~Q(x) -> ~P(x))) Ai 2-18 \n                        </proof>'}, {'role': 'user', 'content': ""Prove'Ax (B(x)&C(x)), ~Ex ~B(x) |- Ax C(x)' using the natural deduction method. Only one final answer, surrounded by <proof>...</proof>, using the notation described.""}]","<proof>
                        1. Ax(H(x)&M(x)) pre
                        2. ~Ex~H(x) pre
                        3. { a
                        4.   H(a)&M(a) Ae 1
                        5.   M(a) &e 4
                        6. } 
                        7. Ax M(x) Ai 3-6
                    </proof>","1. Ax(H(x)&M(x)) pre
                        2. ~Ex~H(x) pre
                        3. { a
                        4.   H(a)&M(a) Ae 1
                        5.   M(a) &e 4
                        6. } 
                        7. Ax M(x) Ai 3-6","Os seguintes erros foram encontrados:

Uma das definições não está completa, verifique se todas regras foram aplicadas corretamente.
Lembre-se que uma regra de inferência sempre inicia com um número seguido de um . (linha de referência), tem uma fórmula e uma justificativa (premissa, hipóteses ou uma das regras de inferência com suas respectivas referências para fórmulas anteriores).
Erro de sintaxe:
                        6. } 
                           ^
",1.1847631931304932,stop,1782,310
"Ax (B(x)&C(x)), Ax ~B(x) |- Ax C(x)","[{'role': 'system', 'content': ""You are an expert in logic using the Natural Deduction method.\nYou will receive one first order logic problem. Your task is to prove its validity using Natural Deduction and represent the proof in a Fitch-like notation, following these formatting instructions.\n\n### FORMAT OF PROOF LINES\nEach proof line must be structured like: '<line_number>. <formula> <origin>'\n- <line_number>: sequential integer, always ending with a dot ('1.', '2.', '3.', ...)\n- <formula>: the formula derived on that line\n- <origin>: either 'pre' (premise), 'hip' (hypothesis) or '<rule_name> <line_refs>'\n - <rule_name> and <line_refs>: \n - &e (1 line) \n - &i (2 lines) \n - ->e (2 lines) \n - ->i (1 range) \n - ~e (2 lines) \n - ~i (1 range) \n - |e (1 line + 2 ranges) \n - |i (1 line) \n - @e (1 line) \n - raa (1 range) \n - copy (1 line) \n - Ae (1 line)\n - Ai (1 range)\n - Ee (1 line + 1 range)\n - Ei (1 line)\n - <line_refs>: Must be comma-separated line numbers or ranges. Ranges denote subproofs (e.g., `->i 8-12`, `|e 4, 5-9, 10-14`)\n\n### SUBPROOFS / HYPOTHESES\nUse subproofs for hypotheses. Use curly braces '{' and '}' to open and close subproofs. \nPlace `{` immediately after the line number (e.g. '8.{ A|B hip') and `}` at the end of the final line of the subproof (e.g. '10. B @e 4}').\nNested subproofs are allowed. But a formula may only be used at a specific point if it appeared earlier in the same subproof or an outer subproof to the current subproof.\n\n### SYMBOLS & CONVENTIONS\nUse the following symbols for logical operations: \n- & = conjunction (and) \n- | = disjunction (or) \n- ~ = negation (not) \n- -> = implication (implies)\n\nQuantifiers symbols: \n Ax represents ∀x \n Ex represents ∃x\nSo formulas with ∀x and ∃x will be represented by Ax and Ex (A and E followed by the variable x). For example, Ax (H(x)->M(x)) represents ∀x (H(x)→M(x)).\n\n###CONVENTIONS\nAtoms: only uppercase letters not immediately followed by parentesis (e.g. P, Q, R).\nPredicates: uppercase letters immediately followed by parentesis (e.g. H(x), M(y), Q(a,b) ). All predicates must use parentheses.\nVariables: first letter in lowercase, can be followed by letters and numbers (e.g., x, x0, xP0).\n\n### TO CREATE NEW VARIABLE:\nFor Universal Introduction rule(Ai): open a subproof with a fresh variable not occurring in any open hypothesis.\nCreate new variable like this: '<line_number>. { <new_variable> '\n\nFor Existential Elimination rule(Ee): open a subproof with a fresh witness constant/variable. \nCreate new variable like this: '<line_number>. {<new_variable> φ[<old_variable>/<new_variable>] hip\n  Write only the final proof in <proof>...</proof> tags. Only use <proof>...</proof> tags ONCE. Only use these symbols inside the proof '&' , '->', '~', '|', '@', '(', ')', '{', '}', 'Ax', 'Ex'.\nDo not include explanations, commentary, or extra text inside and outside the <proof>...</proof> tags.\n ""}, {'role': 'user', 'content': ""Prove '|- (P->Ex Q(x))->Ex (P->Q(x))', using the natural deduction method. Final answer using the notation described. ""}, {'role': 'assistant', 'content': ' <proof>\n                        1. { \t(P -> Ex Q(x))\t\t\t\t\thip\n                        2.\t{\t~(~P | Ex Q(x))\t\t\t\t\thip\n                        3.\t\t{\tP\t\t\t\t\t\t\t\t      hip\n                        4.      Ex Q(x)               ->e 3, 1\n                        5.\t\t\t~P | Ex Q(x)\t\t\t\t\t|i 4\n                        6.\t\t\t@\t\t\t\t\t\t\t\t~e 5,2 }\t\t\n                        7.\t\t~P\t\t\t\t\t\t\t\t\t~i 3-6\n                        8.\t\t~P | Ex Q(x)\t\t\t\t\t\t|i 7\n                        9.\t\t@\t\t\t\t\t\t\t\t\t~e 8,2 }\n                        10.\t~P | Ex Q(x)        raa 2-9\n                        11.\t{\t~P\t\t\t\t\t\t\t\t\thip\n                        12.\t\t{\tP\t\t\t\t\t\t\t\thip\n                        13.\t\t\t@\t\t\t\t\t\t\t\t~e 11,12\n                        14.     Q(a)            @e 13 }\n                        15.\t\tP -> Q(a)\t\t\t\t\t\t\t->i 12-14\n                        16.\t\tEx  (P -> Q(x))\t\t\t\t\tEi 15 }\n                        17.\t{\tEx Q(x)\t\t\t\t\t\t\thip\n                        18.\t\t{ a\t\tQ(a)\t\t\t\t\t\thip\n                        19.\t\t\t{\tP\t\t\t\t\t\t\thip\n                        20.\t\t\t\tQ(a)\t\t\t\t\t\tcopie 18 }\n                        21.\t\t\tP -> Q(a)\t\t\t\t\t\t->i 19-20\n                        22.\t\t\tEx (P -> Q(x))\t\t\t\tEi 21 }\n                        23.\t\tEx (P -> Q(x))\t\t\t\t\tEe 17, 18-22 }\n                        24.\tEx (P -> Q(x))\t\t\t\t\t\t|e 10, 11-16, 17-23}\n                        25. (P -> Ex Q(x)) -> Ex (P -> Q(x))\t->i 1-24\n                    </proof>'}, {'role': 'user', 'content': ""Prove 'Ax ((P(x)->Q(x))&(Q(x)->P(x))) |- Ax ((~P(x)->~Q(x))&(~Q(x)->~P(x)))', using the natural deduction method. Final answer using the notation described.""}, {'role': 'assistant', 'content': ' <proof>\n                            1. Ax((P(x) -> Q(x)) & (Q(x) -> P(x))) pre\n                            2. { a\n                            3.   (P(a) -> Q(a)) & (Q(a) -> P(a)) Ae 1\n                            4.   P(a) -> Q(a) &e 3\n                            5.   Q(a) -> P(a) &e 3\n                            6.   { ~Q(a) hip\n                            7.     { P(a) hip\n                            8.       Q(a) ->e 7,4\n                            9.       @ ~e 6,8 }\n                            10.   ~P(a) ~i 7-9 }\n                            11. ~Q(a) -> ~P(a) ->i 6-10\n                            12. { ~P(a) hip\n                            13.   { Q(a) hip\n                            14.     P(a) ->e 13,5\n                            15.     @ ~e 12,14 }\n                            16.   ~Q(a) ~i 13-15 }\n                            17. ~P(a) -> ~Q(a) ->i 12-16\n                            18. (~P(a) -> ~Q(a)) & (~Q(a) -> ~P(a)) &i 17,11 }\n                            19. Ax((~P(x) -> ~Q(x)) & (~Q(x) -> ~P(x))) Ai 2-18 \n                        </proof>'}, {'role': 'user', 'content': ""Prove'Ax (B(x)&C(x)), Ax ~B(x) |- Ax C(x)' using the natural deduction method. Only one final answer, surrounded by <proof>...</proof>, using the notation described.""}]","<proof>
                        1. Ax(H(x)&M(x)) pre
                        2.{ a
                        3.   H(a)&M(a) Ae 1
                        4.   M(a) &e 3
                        5. }
                        6. Ax M(x) Ai 2-5
                    </proof>","1. Ax(H(x)&M(x)) pre
                        2.{ a
                        3.   H(a)&M(a) Ae 1
                        4.   M(a) &e 3
                        5. }
                        6. Ax M(x) Ai 2-5","Os seguintes erros foram encontrados:

Uma das definições não está completa, verifique se todas regras foram aplicadas corretamente.
Lembre-se que uma regra de inferência sempre inicia com um número seguido de um . (linha de referência), tem uma fórmula e uma justificativa (premissa, hipóteses ou uma das regras de inferência com suas respectivas referências para fórmulas anteriores).
Erro de sintaxe:
                        5. }
                           ^
",2.285395383834839,stop,1781,594
|- Ex (B(x)&C(x))->(Ex B(x)&Ex C(x)),"[{'role': 'system', 'content': ""You are an expert in logic using the Natural Deduction method.\nYou will receive one first order logic problem. Your task is to prove its validity using Natural Deduction and represent the proof in a Fitch-like notation, following these formatting instructions.\n\n### FORMAT OF PROOF LINES\nEach proof line must be structured like: '<line_number>. <formula> <origin>'\n- <line_number>: sequential integer, always ending with a dot ('1.', '2.', '3.', ...)\n- <formula>: the formula derived on that line\n- <origin>: either 'pre' (premise), 'hip' (hypothesis) or '<rule_name> <line_refs>'\n - <rule_name> and <line_refs>: \n - &e (1 line) \n - &i (2 lines) \n - ->e (2 lines) \n - ->i (1 range) \n - ~e (2 lines) \n - ~i (1 range) \n - |e (1 line + 2 ranges) \n - |i (1 line) \n - @e (1 line) \n - raa (1 range) \n - copy (1 line) \n - Ae (1 line)\n - Ai (1 range)\n - Ee (1 line + 1 range)\n - Ei (1 line)\n - <line_refs>: Must be comma-separated line numbers or ranges. Ranges denote subproofs (e.g., `->i 8-12`, `|e 4, 5-9, 10-14`)\n\n### SUBPROOFS / HYPOTHESES\nUse subproofs for hypotheses. Use curly braces '{' and '}' to open and close subproofs. \nPlace `{` immediately after the line number (e.g. '8.{ A|B hip') and `}` at the end of the final line of the subproof (e.g. '10. B @e 4}').\nNested subproofs are allowed. But a formula may only be used at a specific point if it appeared earlier in the same subproof or an outer subproof to the current subproof.\n\n### SYMBOLS & CONVENTIONS\nUse the following symbols for logical operations: \n- & = conjunction (and) \n- | = disjunction (or) \n- ~ = negation (not) \n- -> = implication (implies)\n\nQuantifiers symbols: \n Ax represents ∀x \n Ex represents ∃x\nSo formulas with ∀x and ∃x will be represented by Ax and Ex (A and E followed by the variable x). For example, Ax (H(x)->M(x)) represents ∀x (H(x)→M(x)).\n\n###CONVENTIONS\nAtoms: only uppercase letters not immediately followed by parentesis (e.g. P, Q, R).\nPredicates: uppercase letters immediately followed by parentesis (e.g. H(x), M(y), Q(a,b) ). All predicates must use parentheses.\nVariables: first letter in lowercase, can be followed by letters and numbers (e.g., x, x0, xP0).\n\n### TO CREATE NEW VARIABLE:\nFor Universal Introduction rule(Ai): open a subproof with a fresh variable not occurring in any open hypothesis.\nCreate new variable like this: '<line_number>. { <new_variable> '\n\nFor Existential Elimination rule(Ee): open a subproof with a fresh witness constant/variable. \nCreate new variable like this: '<line_number>. {<new_variable> φ[<old_variable>/<new_variable>] hip\n  Write only the final proof in <proof>...</proof> tags. Only use <proof>...</proof> tags ONCE. Only use these symbols inside the proof '&' , '->', '~', '|', '@', '(', ')', '{', '}', 'Ax', 'Ex'.\nDo not include explanations, commentary, or extra text inside and outside the <proof>...</proof> tags.\n ""}, {'role': 'user', 'content': ""Prove '|- (P->Ex Q(x))->Ex (P->Q(x))', using the natural deduction method. Final answer using the notation described. ""}, {'role': 'assistant', 'content': ' <proof>\n                        1. { \t(P -> Ex Q(x))\t\t\t\t\thip\n                        2.\t{\t~(~P | Ex Q(x))\t\t\t\t\thip\n                        3.\t\t{\tP\t\t\t\t\t\t\t\t      hip\n                        4.      Ex Q(x)               ->e 3, 1\n                        5.\t\t\t~P | Ex Q(x)\t\t\t\t\t|i 4\n                        6.\t\t\t@\t\t\t\t\t\t\t\t~e 5,2 }\t\t\n                        7.\t\t~P\t\t\t\t\t\t\t\t\t~i 3-6\n                        8.\t\t~P | Ex Q(x)\t\t\t\t\t\t|i 7\n                        9.\t\t@\t\t\t\t\t\t\t\t\t~e 8,2 }\n                        10.\t~P | Ex Q(x)        raa 2-9\n                        11.\t{\t~P\t\t\t\t\t\t\t\t\thip\n                        12.\t\t{\tP\t\t\t\t\t\t\t\thip\n                        13.\t\t\t@\t\t\t\t\t\t\t\t~e 11,12\n                        14.     Q(a)            @e 13 }\n                        15.\t\tP -> Q(a)\t\t\t\t\t\t\t->i 12-14\n                        16.\t\tEx  (P -> Q(x))\t\t\t\t\tEi 15 }\n                        17.\t{\tEx Q(x)\t\t\t\t\t\t\thip\n                        18.\t\t{ a\t\tQ(a)\t\t\t\t\t\thip\n                        19.\t\t\t{\tP\t\t\t\t\t\t\thip\n                        20.\t\t\t\tQ(a)\t\t\t\t\t\tcopie 18 }\n                        21.\t\t\tP -> Q(a)\t\t\t\t\t\t->i 19-20\n                        22.\t\t\tEx (P -> Q(x))\t\t\t\tEi 21 }\n                        23.\t\tEx (P -> Q(x))\t\t\t\t\tEe 17, 18-22 }\n                        24.\tEx (P -> Q(x))\t\t\t\t\t\t|e 10, 11-16, 17-23}\n                        25. (P -> Ex Q(x)) -> Ex (P -> Q(x))\t->i 1-24\n                    </proof>'}, {'role': 'user', 'content': ""Prove 'Ax ((P(x)->Q(x))&(Q(x)->P(x))) |- Ax ((~P(x)->~Q(x))&(~Q(x)->~P(x)))', using the natural deduction method. Final answer using the notation described.""}, {'role': 'assistant', 'content': ' <proof>\n                            1. Ax((P(x) -> Q(x)) & (Q(x) -> P(x))) pre\n                            2. { a\n                            3.   (P(a) -> Q(a)) & (Q(a) -> P(a)) Ae 1\n                            4.   P(a) -> Q(a) &e 3\n                            5.   Q(a) -> P(a) &e 3\n                            6.   { ~Q(a) hip\n                            7.     { P(a) hip\n                            8.       Q(a) ->e 7,4\n                            9.       @ ~e 6,8 }\n                            10.   ~P(a) ~i 7-9 }\n                            11. ~Q(a) -> ~P(a) ->i 6-10\n                            12. { ~P(a) hip\n                            13.   { Q(a) hip\n                            14.     P(a) ->e 13,5\n                            15.     @ ~e 12,14 }\n                            16.   ~Q(a) ~i 13-15 }\n                            17. ~P(a) -> ~Q(a) ->i 12-16\n                            18. (~P(a) -> ~Q(a)) & (~Q(a) -> ~P(a)) &i 17,11 }\n                            19. Ax((~P(x) -> ~Q(x)) & (~Q(x) -> ~P(x))) Ai 2-18 \n                        </proof>'}, {'role': 'user', 'content': ""Prove'|- Ex (B(x)&C(x))->(Ex B(x)&Ex C(x))' using the natural deduction method. Only one final answer, surrounded by <proof>...</proof>, using the notation described.""}]","<proof>
                        1. { ∃x(P(x)&Q(x)) hip
                        2.   { a (P(a)&Q(a)) Ee 1
                        3.     P(a) &e 2
                        4.     Q(a) &e 2
                        5.     Ex P(x) Ei 3
                        6.     Ex Q(x) Ei 4
                        7.     (Ex P(x)&Ex Q(x)) &i 5,6 }
                        8. ∃x(P(x)&Q(x)) -> (Ex P(x)&Ex Q(x)) ->i 1-7
                    </proof>","1. { ∃x(P(x)&Q(x)) hip
                        2.   { a (P(a)&Q(a)) Ee 1
                        3.     P(a) &e 2
                        4.     Q(a) &e 2
                        5.     Ex P(x) Ei 3
                        6.     Ex Q(x) Ei 4
                        7.     (Ex P(x)&Ex Q(x)) &i 5,6 }
                        8. ∃x(P(x)&Q(x)) -> (Ex P(x)&Ex Q(x)) ->i 1-7","Os seguintes erros foram encontrados:

Uma das definições não está completa, verifique se todas regras foram aplicadas corretamente.
Lembre-se que uma regra de inferência sempre inicia com um número seguido de um . (linha de referência), tem uma fórmula e uma justificativa (premissa, hipóteses ou uma das regras de inferência com suas respectivas referências para fórmulas anteriores).
Erro de sintaxe:
1. { ∃x(P(x)&Q(x)) hip
     ^ Símbolo não pertence a linguagem.
",2.371366024017334,stop,1782,625
Ax ((B(x)->C(x))&(C(x)->B(x))) |- Ax ((~B(x)->~C(x))&(~C(x)->~B(x))),"[{'role': 'system', 'content': ""You are an expert in logic using the Natural Deduction method.\nYou will receive one first order logic problem. Your task is to prove its validity using Natural Deduction and represent the proof in a Fitch-like notation, following these formatting instructions.\n\n### FORMAT OF PROOF LINES\nEach proof line must be structured like: '<line_number>. <formula> <origin>'\n- <line_number>: sequential integer, always ending with a dot ('1.', '2.', '3.', ...)\n- <formula>: the formula derived on that line\n- <origin>: either 'pre' (premise), 'hip' (hypothesis) or '<rule_name> <line_refs>'\n - <rule_name> and <line_refs>: \n - &e (1 line) \n - &i (2 lines) \n - ->e (2 lines) \n - ->i (1 range) \n - ~e (2 lines) \n - ~i (1 range) \n - |e (1 line + 2 ranges) \n - |i (1 line) \n - @e (1 line) \n - raa (1 range) \n - copy (1 line) \n - Ae (1 line)\n - Ai (1 range)\n - Ee (1 line + 1 range)\n - Ei (1 line)\n - <line_refs>: Must be comma-separated line numbers or ranges. Ranges denote subproofs (e.g., `->i 8-12`, `|e 4, 5-9, 10-14`)\n\n### SUBPROOFS / HYPOTHESES\nUse subproofs for hypotheses. Use curly braces '{' and '}' to open and close subproofs. \nPlace `{` immediately after the line number (e.g. '8.{ A|B hip') and `}` at the end of the final line of the subproof (e.g. '10. B @e 4}').\nNested subproofs are allowed. But a formula may only be used at a specific point if it appeared earlier in the same subproof or an outer subproof to the current subproof.\n\n### SYMBOLS & CONVENTIONS\nUse the following symbols for logical operations: \n- & = conjunction (and) \n- | = disjunction (or) \n- ~ = negation (not) \n- -> = implication (implies)\n\nQuantifiers symbols: \n Ax represents ∀x \n Ex represents ∃x\nSo formulas with ∀x and ∃x will be represented by Ax and Ex (A and E followed by the variable x). For example, Ax (H(x)->M(x)) represents ∀x (H(x)→M(x)).\n\n###CONVENTIONS\nAtoms: only uppercase letters not immediately followed by parentesis (e.g. P, Q, R).\nPredicates: uppercase letters immediately followed by parentesis (e.g. H(x), M(y), Q(a,b) ). All predicates must use parentheses.\nVariables: first letter in lowercase, can be followed by letters and numbers (e.g., x, x0, xP0).\n\n### TO CREATE NEW VARIABLE:\nFor Universal Introduction rule(Ai): open a subproof with a fresh variable not occurring in any open hypothesis.\nCreate new variable like this: '<line_number>. { <new_variable> '\n\nFor Existential Elimination rule(Ee): open a subproof with a fresh witness constant/variable. \nCreate new variable like this: '<line_number>. {<new_variable> φ[<old_variable>/<new_variable>] hip\n  Write only the final proof in <proof>...</proof> tags. Only use <proof>...</proof> tags ONCE. Only use these symbols inside the proof '&' , '->', '~', '|', '@', '(', ')', '{', '}', 'Ax', 'Ex'.\nDo not include explanations, commentary, or extra text inside and outside the <proof>...</proof> tags.\n ""}, {'role': 'user', 'content': ""Prove '|- (P->Ex Q(x))->Ex (P->Q(x))', using the natural deduction method. Final answer using the notation described. ""}, {'role': 'assistant', 'content': ' <proof>\n                        1. { \t(P -> Ex Q(x))\t\t\t\t\thip\n                        2.\t{\t~(~P | Ex Q(x))\t\t\t\t\thip\n                        3.\t\t{\tP\t\t\t\t\t\t\t\t      hip\n                        4.      Ex Q(x)               ->e 3, 1\n                        5.\t\t\t~P | Ex Q(x)\t\t\t\t\t|i 4\n                        6.\t\t\t@\t\t\t\t\t\t\t\t~e 5,2 }\t\t\n                        7.\t\t~P\t\t\t\t\t\t\t\t\t~i 3-6\n                        8.\t\t~P | Ex Q(x)\t\t\t\t\t\t|i 7\n                        9.\t\t@\t\t\t\t\t\t\t\t\t~e 8,2 }\n                        10.\t~P | Ex Q(x)        raa 2-9\n                        11.\t{\t~P\t\t\t\t\t\t\t\t\thip\n                        12.\t\t{\tP\t\t\t\t\t\t\t\thip\n                        13.\t\t\t@\t\t\t\t\t\t\t\t~e 11,12\n                        14.     Q(a)            @e 13 }\n                        15.\t\tP -> Q(a)\t\t\t\t\t\t\t->i 12-14\n                        16.\t\tEx  (P -> Q(x))\t\t\t\t\tEi 15 }\n                        17.\t{\tEx Q(x)\t\t\t\t\t\t\thip\n                        18.\t\t{ a\t\tQ(a)\t\t\t\t\t\thip\n                        19.\t\t\t{\tP\t\t\t\t\t\t\thip\n                        20.\t\t\t\tQ(a)\t\t\t\t\t\tcopie 18 }\n                        21.\t\t\tP -> Q(a)\t\t\t\t\t\t->i 19-20\n                        22.\t\t\tEx (P -> Q(x))\t\t\t\tEi 21 }\n                        23.\t\tEx (P -> Q(x))\t\t\t\t\tEe 17, 18-22 }\n                        24.\tEx (P -> Q(x))\t\t\t\t\t\t|e 10, 11-16, 17-23}\n                        25. (P -> Ex Q(x)) -> Ex (P -> Q(x))\t->i 1-24\n                    </proof>'}, {'role': 'user', 'content': ""Prove 'Ax ((P(x)->Q(x))&(Q(x)->P(x))) |- Ax ((~P(x)->~Q(x))&(~Q(x)->~P(x)))', using the natural deduction method. Final answer using the notation described.""}, {'role': 'assistant', 'content': ' <proof>\n                            1. Ax((P(x) -> Q(x)) & (Q(x) -> P(x))) pre\n                            2. { a\n                            3.   (P(a) -> Q(a)) & (Q(a) -> P(a)) Ae 1\n                            4.   P(a) -> Q(a) &e 3\n                            5.   Q(a) -> P(a) &e 3\n                            6.   { ~Q(a) hip\n                            7.     { P(a) hip\n                            8.       Q(a) ->e 7,4\n                            9.       @ ~e 6,8 }\n                            10.   ~P(a) ~i 7-9 }\n                            11. ~Q(a) -> ~P(a) ->i 6-10\n                            12. { ~P(a) hip\n                            13.   { Q(a) hip\n                            14.     P(a) ->e 13,5\n                            15.     @ ~e 12,14 }\n                            16.   ~Q(a) ~i 13-15 }\n                            17. ~P(a) -> ~Q(a) ->i 12-16\n                            18. (~P(a) -> ~Q(a)) & (~Q(a) -> ~P(a)) &i 17,11 }\n                            19. Ax((~P(x) -> ~Q(x)) & (~Q(x) -> ~P(x))) Ai 2-18 \n                        </proof>'}, {'role': 'user', 'content': ""Prove'Ax ((B(x)->C(x))&(C(x)->B(x))) |- Ax ((~B(x)->~C(x))&(~C(x)->~B(x)))' using the natural deduction method. Only one final answer, surrounded by <proof>...</proof>, using the notation described.""}]","<proof>
1. Ax((P(x) -> Q(x)) & (Q(x) -> P(x))) pre
2. { a
3.   (P(a) -> Q(a)) & (Q(a) -> P(a)) Ae 1
4.   P(a) -> Q(a) &e 3
5.   Q(a) -> P(a) &e 3
6.   { ~P(a) hip
7.     { Q(a) hip
8.       P(a) ->e 7,5
9.       @ ~e 6,8 }
10.    ~Q(a) ~i 7-9 }
11.   ~P(a) -> ~Q(a) ->i 6-10
12.   { ~Q(a) hip
13.     { P(a) hip
14.       Q(a) ->e 13,4
15.       @ ~e 12,14 }
16.    ~P(a) ~i 13-15 }
17.   ~Q(a) -> ~P(a) ->i 12-16
18.   (~P(a)->~Q(a)) & (~Q(a)->~P(a)) &i 11,17
19. Ax((~P(x) -> ~Q(x)) & (~Q(x) -> ~P(x))) Ai 2-18
</proof>","1. Ax((P(x) -> Q(x)) & (Q(x) -> P(x))) pre
2. { a
3.   (P(a) -> Q(a)) & (Q(a) -> P(a)) Ae 1
4.   P(a) -> Q(a) &e 3
5.   Q(a) -> P(a) &e 3
6.   { ~P(a) hip
7.     { Q(a) hip
8.       P(a) ->e 7,5
9.       @ ~e 6,8 }
10.    ~Q(a) ~i 7-9 }
11.   ~P(a) -> ~Q(a) ->i 6-10
12.   { ~Q(a) hip
13.     { P(a) hip
14.       Q(a) ->e 13,4
15.       @ ~e 12,14 }
16.    ~P(a) ~i 13-15 }
17.   ~Q(a) -> ~P(a) ->i 12-16
18.   (~P(a)->~Q(a)) & (~Q(a)->~P(a)) &i 11,17
19. Ax((~P(x) -> ~Q(x)) & (~Q(x) -> ~P(x))) Ai 2-18","Os seguintes erros foram encontrados:

Erro de sintaxe na linha 3:
3.   (P(a) -> Q(a)) & (Q(a) -> P(a)) Ae 1
^, A hipótese que foi introduzida por essa caixa dever ser descartada pela regra que a introduziu em linha imediatamente posterior ao fechamento desta caixa.Erro de sintaxe na linha 19:
19. Ax((~P(x) -> ~Q(x)) & (~Q(x) -> ~P(x))) Ai 2-18
                                               ^, esta não é uma caixa (escopo) válida.",2.862762212753296,stop,1799,776
|- Ex (B(x)|C(x))->(Ex B(x)|Ex C(x)),"[{'role': 'system', 'content': ""You are an expert in logic using the Natural Deduction method.\nYou will receive one first order logic problem. Your task is to prove its validity using Natural Deduction and represent the proof in a Fitch-like notation, following these formatting instructions.\n\n### FORMAT OF PROOF LINES\nEach proof line must be structured like: '<line_number>. <formula> <origin>'\n- <line_number>: sequential integer, always ending with a dot ('1.', '2.', '3.', ...)\n- <formula>: the formula derived on that line\n- <origin>: either 'pre' (premise), 'hip' (hypothesis) or '<rule_name> <line_refs>'\n - <rule_name> and <line_refs>: \n - &e (1 line) \n - &i (2 lines) \n - ->e (2 lines) \n - ->i (1 range) \n - ~e (2 lines) \n - ~i (1 range) \n - |e (1 line + 2 ranges) \n - |i (1 line) \n - @e (1 line) \n - raa (1 range) \n - copy (1 line) \n - Ae (1 line)\n - Ai (1 range)\n - Ee (1 line + 1 range)\n - Ei (1 line)\n - <line_refs>: Must be comma-separated line numbers or ranges. Ranges denote subproofs (e.g., `->i 8-12`, `|e 4, 5-9, 10-14`)\n\n### SUBPROOFS / HYPOTHESES\nUse subproofs for hypotheses. Use curly braces '{' and '}' to open and close subproofs. \nPlace `{` immediately after the line number (e.g. '8.{ A|B hip') and `}` at the end of the final line of the subproof (e.g. '10. B @e 4}').\nNested subproofs are allowed. But a formula may only be used at a specific point if it appeared earlier in the same subproof or an outer subproof to the current subproof.\n\n### SYMBOLS & CONVENTIONS\nUse the following symbols for logical operations: \n- & = conjunction (and) \n- | = disjunction (or) \n- ~ = negation (not) \n- -> = implication (implies)\n\nQuantifiers symbols: \n Ax represents ∀x \n Ex represents ∃x\nSo formulas with ∀x and ∃x will be represented by Ax and Ex (A and E followed by the variable x). For example, Ax (H(x)->M(x)) represents ∀x (H(x)→M(x)).\n\n###CONVENTIONS\nAtoms: only uppercase letters not immediately followed by parentesis (e.g. P, Q, R).\nPredicates: uppercase letters immediately followed by parentesis (e.g. H(x), M(y), Q(a,b) ). All predicates must use parentheses.\nVariables: first letter in lowercase, can be followed by letters and numbers (e.g., x, x0, xP0).\n\n### TO CREATE NEW VARIABLE:\nFor Universal Introduction rule(Ai): open a subproof with a fresh variable not occurring in any open hypothesis.\nCreate new variable like this: '<line_number>. { <new_variable> '\n\nFor Existential Elimination rule(Ee): open a subproof with a fresh witness constant/variable. \nCreate new variable like this: '<line_number>. {<new_variable> φ[<old_variable>/<new_variable>] hip\n  Write only the final proof in <proof>...</proof> tags. Only use <proof>...</proof> tags ONCE. Only use these symbols inside the proof '&' , '->', '~', '|', '@', '(', ')', '{', '}', 'Ax', 'Ex'.\nDo not include explanations, commentary, or extra text inside and outside the <proof>...</proof> tags.\n ""}, {'role': 'user', 'content': ""Prove '|- (P->Ex Q(x))->Ex (P->Q(x))', using the natural deduction method. Final answer using the notation described. ""}, {'role': 'assistant', 'content': ' <proof>\n                        1. { \t(P -> Ex Q(x))\t\t\t\t\thip\n                        2.\t{\t~(~P | Ex Q(x))\t\t\t\t\thip\n                        3.\t\t{\tP\t\t\t\t\t\t\t\t      hip\n                        4.      Ex Q(x)               ->e 3, 1\n                        5.\t\t\t~P | Ex Q(x)\t\t\t\t\t|i 4\n                        6.\t\t\t@\t\t\t\t\t\t\t\t~e 5,2 }\t\t\n                        7.\t\t~P\t\t\t\t\t\t\t\t\t~i 3-6\n                        8.\t\t~P | Ex Q(x)\t\t\t\t\t\t|i 7\n                        9.\t\t@\t\t\t\t\t\t\t\t\t~e 8,2 }\n                        10.\t~P | Ex Q(x)        raa 2-9\n                        11.\t{\t~P\t\t\t\t\t\t\t\t\thip\n                        12.\t\t{\tP\t\t\t\t\t\t\t\thip\n                        13.\t\t\t@\t\t\t\t\t\t\t\t~e 11,12\n                        14.     Q(a)            @e 13 }\n                        15.\t\tP -> Q(a)\t\t\t\t\t\t\t->i 12-14\n                        16.\t\tEx  (P -> Q(x))\t\t\t\t\tEi 15 }\n                        17.\t{\tEx Q(x)\t\t\t\t\t\t\thip\n                        18.\t\t{ a\t\tQ(a)\t\t\t\t\t\thip\n                        19.\t\t\t{\tP\t\t\t\t\t\t\thip\n                        20.\t\t\t\tQ(a)\t\t\t\t\t\tcopie 18 }\n                        21.\t\t\tP -> Q(a)\t\t\t\t\t\t->i 19-20\n                        22.\t\t\tEx (P -> Q(x))\t\t\t\tEi 21 }\n                        23.\t\tEx (P -> Q(x))\t\t\t\t\tEe 17, 18-22 }\n                        24.\tEx (P -> Q(x))\t\t\t\t\t\t|e 10, 11-16, 17-23}\n                        25. (P -> Ex Q(x)) -> Ex (P -> Q(x))\t->i 1-24\n                    </proof>'}, {'role': 'user', 'content': ""Prove 'Ax ((P(x)->Q(x))&(Q(x)->P(x))) |- Ax ((~P(x)->~Q(x))&(~Q(x)->~P(x)))', using the natural deduction method. Final answer using the notation described.""}, {'role': 'assistant', 'content': ' <proof>\n                            1. Ax((P(x) -> Q(x)) & (Q(x) -> P(x))) pre\n                            2. { a\n                            3.   (P(a) -> Q(a)) & (Q(a) -> P(a)) Ae 1\n                            4.   P(a) -> Q(a) &e 3\n                            5.   Q(a) -> P(a) &e 3\n                            6.   { ~Q(a) hip\n                            7.     { P(a) hip\n                            8.       Q(a) ->e 7,4\n                            9.       @ ~e 6,8 }\n                            10.   ~P(a) ~i 7-9 }\n                            11. ~Q(a) -> ~P(a) ->i 6-10\n                            12. { ~P(a) hip\n                            13.   { Q(a) hip\n                            14.     P(a) ->e 13,5\n                            15.     @ ~e 12,14 }\n                            16.   ~Q(a) ~i 13-15 }\n                            17. ~P(a) -> ~Q(a) ->i 12-16\n                            18. (~P(a) -> ~Q(a)) & (~Q(a) -> ~P(a)) &i 17,11 }\n                            19. Ax((~P(x) -> ~Q(x)) & (~Q(x) -> ~P(x))) Ai 2-18 \n                        </proof>'}, {'role': 'user', 'content': ""Prove'|- Ex (B(x)|C(x))->(Ex B(x)|Ex C(x))' using the natural deduction method. Only one final answer, surrounded by <proof>...</proof>, using the notation described.""}]","<proof>
                        1. Ex(P(x)|Q(x)) pre
                        2. { a   (P(a)|Q(a)) Ee 1
                        3.   { P(a) hip
                        4.     Ex P(x) Ei 3
                        5.     Ex P(x) | Ex Q(x) |i 4
                        6.   }
                        7.   { Q(a) hip
                        8.     Ex Q(x) Ei 7
                        9.     Ex P(x) | Ex Q(x) |i 8
                       10.   }
                       11. (Ex P(x) | Ex Q(x)) |e 2-6,7-10
                       12. (∃x(Px∨Qx)) -> (∃xPx ∨ ∃xQx) ->i 1-11
                    </proof>","1. Ex(P(x)|Q(x)) pre
                        2. { a   (P(a)|Q(a)) Ee 1
                        3.   { P(a) hip
                        4.     Ex P(x) Ei 3
                        5.     Ex P(x) | Ex Q(x) |i 4
                        6.   }
                        7.   { Q(a) hip
                        8.     Ex Q(x) Ei 7
                        9.     Ex P(x) | Ex Q(x) |i 8
                       10.   }
                       11. (Ex P(x) | Ex Q(x)) |e 2-6,7-10
                       12. (∃x(Px∨Qx)) -> (∃xPx ∨ ∃xQx) ->i 1-11","Os seguintes erros foram encontrados:

Uma das definições não está completa, verifique se todas regras foram aplicadas corretamente.
Lembre-se que uma regra de inferência sempre inicia com um número seguido de um . (linha de referência), tem uma fórmula e uma justificativa (premissa, hipóteses ou uma das regras de inferência com suas respectivas referências para fórmulas anteriores).
Erro de sintaxe:
                        2. { a   (P(a)|Q(a)) Ee 1
                                             ^
",2.138986825942993,stop,1782,559
(B(a)->C(a))&Ax (B(x)->C(x)) |- B(b)->C(b),"[{'role': 'system', 'content': ""You are an expert in logic using the Natural Deduction method.\nYou will receive one first order logic problem. Your task is to prove its validity using Natural Deduction and represent the proof in a Fitch-like notation, following these formatting instructions.\n\n### FORMAT OF PROOF LINES\nEach proof line must be structured like: '<line_number>. <formula> <origin>'\n- <line_number>: sequential integer, always ending with a dot ('1.', '2.', '3.', ...)\n- <formula>: the formula derived on that line\n- <origin>: either 'pre' (premise), 'hip' (hypothesis) or '<rule_name> <line_refs>'\n - <rule_name> and <line_refs>: \n - &e (1 line) \n - &i (2 lines) \n - ->e (2 lines) \n - ->i (1 range) \n - ~e (2 lines) \n - ~i (1 range) \n - |e (1 line + 2 ranges) \n - |i (1 line) \n - @e (1 line) \n - raa (1 range) \n - copy (1 line) \n - Ae (1 line)\n - Ai (1 range)\n - Ee (1 line + 1 range)\n - Ei (1 line)\n - <line_refs>: Must be comma-separated line numbers or ranges. Ranges denote subproofs (e.g., `->i 8-12`, `|e 4, 5-9, 10-14`)\n\n### SUBPROOFS / HYPOTHESES\nUse subproofs for hypotheses. Use curly braces '{' and '}' to open and close subproofs. \nPlace `{` immediately after the line number (e.g. '8.{ A|B hip') and `}` at the end of the final line of the subproof (e.g. '10. B @e 4}').\nNested subproofs are allowed. But a formula may only be used at a specific point if it appeared earlier in the same subproof or an outer subproof to the current subproof.\n\n### SYMBOLS & CONVENTIONS\nUse the following symbols for logical operations: \n- & = conjunction (and) \n- | = disjunction (or) \n- ~ = negation (not) \n- -> = implication (implies)\n\nQuantifiers symbols: \n Ax represents ∀x \n Ex represents ∃x\nSo formulas with ∀x and ∃x will be represented by Ax and Ex (A and E followed by the variable x). For example, Ax (H(x)->M(x)) represents ∀x (H(x)→M(x)).\n\n###CONVENTIONS\nAtoms: only uppercase letters not immediately followed by parentesis (e.g. P, Q, R).\nPredicates: uppercase letters immediately followed by parentesis (e.g. H(x), M(y), Q(a,b) ). All predicates must use parentheses.\nVariables: first letter in lowercase, can be followed by letters and numbers (e.g., x, x0, xP0).\n\n### TO CREATE NEW VARIABLE:\nFor Universal Introduction rule(Ai): open a subproof with a fresh variable not occurring in any open hypothesis.\nCreate new variable like this: '<line_number>. { <new_variable> '\n\nFor Existential Elimination rule(Ee): open a subproof with a fresh witness constant/variable. \nCreate new variable like this: '<line_number>. {<new_variable> φ[<old_variable>/<new_variable>] hip\n  Write only the final proof in <proof>...</proof> tags. Only use <proof>...</proof> tags ONCE. Only use these symbols inside the proof '&' , '->', '~', '|', '@', '(', ')', '{', '}', 'Ax', 'Ex'.\nDo not include explanations, commentary, or extra text inside and outside the <proof>...</proof> tags.\n ""}, {'role': 'user', 'content': ""Prove '|- (P->Ex Q(x))->Ex (P->Q(x))', using the natural deduction method. Final answer using the notation described. ""}, {'role': 'assistant', 'content': ' <proof>\n                        1. { \t(P -> Ex Q(x))\t\t\t\t\thip\n                        2.\t{\t~(~P | Ex Q(x))\t\t\t\t\thip\n                        3.\t\t{\tP\t\t\t\t\t\t\t\t      hip\n                        4.      Ex Q(x)               ->e 3, 1\n                        5.\t\t\t~P | Ex Q(x)\t\t\t\t\t|i 4\n                        6.\t\t\t@\t\t\t\t\t\t\t\t~e 5,2 }\t\t\n                        7.\t\t~P\t\t\t\t\t\t\t\t\t~i 3-6\n                        8.\t\t~P | Ex Q(x)\t\t\t\t\t\t|i 7\n                        9.\t\t@\t\t\t\t\t\t\t\t\t~e 8,2 }\n                        10.\t~P | Ex Q(x)        raa 2-9\n                        11.\t{\t~P\t\t\t\t\t\t\t\t\thip\n                        12.\t\t{\tP\t\t\t\t\t\t\t\thip\n                        13.\t\t\t@\t\t\t\t\t\t\t\t~e 11,12\n                        14.     Q(a)            @e 13 }\n                        15.\t\tP -> Q(a)\t\t\t\t\t\t\t->i 12-14\n                        16.\t\tEx  (P -> Q(x))\t\t\t\t\tEi 15 }\n                        17.\t{\tEx Q(x)\t\t\t\t\t\t\thip\n                        18.\t\t{ a\t\tQ(a)\t\t\t\t\t\thip\n                        19.\t\t\t{\tP\t\t\t\t\t\t\thip\n                        20.\t\t\t\tQ(a)\t\t\t\t\t\tcopie 18 }\n                        21.\t\t\tP -> Q(a)\t\t\t\t\t\t->i 19-20\n                        22.\t\t\tEx (P -> Q(x))\t\t\t\tEi 21 }\n                        23.\t\tEx (P -> Q(x))\t\t\t\t\tEe 17, 18-22 }\n                        24.\tEx (P -> Q(x))\t\t\t\t\t\t|e 10, 11-16, 17-23}\n                        25. (P -> Ex Q(x)) -> Ex (P -> Q(x))\t->i 1-24\n                    </proof>'}, {'role': 'user', 'content': ""Prove 'Ax ((P(x)->Q(x))&(Q(x)->P(x))) |- Ax ((~P(x)->~Q(x))&(~Q(x)->~P(x)))', using the natural deduction method. Final answer using the notation described.""}, {'role': 'assistant', 'content': ' <proof>\n                            1. Ax((P(x) -> Q(x)) & (Q(x) -> P(x))) pre\n                            2. { a\n                            3.   (P(a) -> Q(a)) & (Q(a) -> P(a)) Ae 1\n                            4.   P(a) -> Q(a) &e 3\n                            5.   Q(a) -> P(a) &e 3\n                            6.   { ~Q(a) hip\n                            7.     { P(a) hip\n                            8.       Q(a) ->e 7,4\n                            9.       @ ~e 6,8 }\n                            10.   ~P(a) ~i 7-9 }\n                            11. ~Q(a) -> ~P(a) ->i 6-10\n                            12. { ~P(a) hip\n                            13.   { Q(a) hip\n                            14.     P(a) ->e 13,5\n                            15.     @ ~e 12,14 }\n                            16.   ~Q(a) ~i 13-15 }\n                            17. ~P(a) -> ~Q(a) ->i 12-16\n                            18. (~P(a) -> ~Q(a)) & (~Q(a) -> ~P(a)) &i 17,11 }\n                            19. Ax((~P(x) -> ~Q(x)) & (~Q(x) -> ~P(x))) Ai 2-18 \n                        </proof>'}, {'role': 'user', 'content': ""Prove'(B(a)->C(a))&Ax (B(x)->C(x)) |- B(b)->C(b)' using the natural deduction method. Only one final answer, surrounded by <proof>...</proof>, using the notation described.""}]","<proof>
                        1. (P(a) -> Q(a)) & Ax(P(x) -> Q(x)) pre
                        2. P(a) -> Q(a) &e 1
                        3. Ax(P(x) -> Q(x)) &e 1
                        4. { P(b) hip
                        5.   Q(b) ->e 4,3
                        6.   P(b) -> Q(b) ->i 4-5 }
                    </proof>","1. (P(a) -> Q(a)) & Ax(P(x) -> Q(x)) pre
                        2. P(a) -> Q(a) &e 1
                        3. Ax(P(x) -> Q(x)) &e 1
                        4. { P(b) hip
                        5.   Q(b) ->e 4,3
                        6.   P(b) -> Q(b) ->i 4-5 }","Os seguintes erros foram encontrados:

Erro de sintaxe na linha 4:
                        4. { P(b) hip
                        ^, A hipótese que foi introduzida por essa caixa dever ser descartada pela regra que a introduziu em linha imediatamente posterior ao fechamento desta caixa.Erro de sintaxe na linha 5:
                        5.   Q(b) ->e 4,3
                                      ^, A fórmula Q(b) não é um resultado válido para esta regra.Erro de sintaxe na linha 6:
                        6.   P(b) -> Q(b) ->i 4-5 }
                                              ^, esta não é uma caixa (escopo) válida.",1.5415258407592771,stop,1785,412
"Ex (B(x)&C(x)), Ax (B(x)->D(x)) |- Ex D(x)","[{'role': 'system', 'content': ""You are an expert in logic using the Natural Deduction method.\nYou will receive one first order logic problem. Your task is to prove its validity using Natural Deduction and represent the proof in a Fitch-like notation, following these formatting instructions.\n\n### FORMAT OF PROOF LINES\nEach proof line must be structured like: '<line_number>. <formula> <origin>'\n- <line_number>: sequential integer, always ending with a dot ('1.', '2.', '3.', ...)\n- <formula>: the formula derived on that line\n- <origin>: either 'pre' (premise), 'hip' (hypothesis) or '<rule_name> <line_refs>'\n - <rule_name> and <line_refs>: \n - &e (1 line) \n - &i (2 lines) \n - ->e (2 lines) \n - ->i (1 range) \n - ~e (2 lines) \n - ~i (1 range) \n - |e (1 line + 2 ranges) \n - |i (1 line) \n - @e (1 line) \n - raa (1 range) \n - copy (1 line) \n - Ae (1 line)\n - Ai (1 range)\n - Ee (1 line + 1 range)\n - Ei (1 line)\n - <line_refs>: Must be comma-separated line numbers or ranges. Ranges denote subproofs (e.g., `->i 8-12`, `|e 4, 5-9, 10-14`)\n\n### SUBPROOFS / HYPOTHESES\nUse subproofs for hypotheses. Use curly braces '{' and '}' to open and close subproofs. \nPlace `{` immediately after the line number (e.g. '8.{ A|B hip') and `}` at the end of the final line of the subproof (e.g. '10. B @e 4}').\nNested subproofs are allowed. But a formula may only be used at a specific point if it appeared earlier in the same subproof or an outer subproof to the current subproof.\n\n### SYMBOLS & CONVENTIONS\nUse the following symbols for logical operations: \n- & = conjunction (and) \n- | = disjunction (or) \n- ~ = negation (not) \n- -> = implication (implies)\n\nQuantifiers symbols: \n Ax represents ∀x \n Ex represents ∃x\nSo formulas with ∀x and ∃x will be represented by Ax and Ex (A and E followed by the variable x). For example, Ax (H(x)->M(x)) represents ∀x (H(x)→M(x)).\n\n###CONVENTIONS\nAtoms: only uppercase letters not immediately followed by parentesis (e.g. P, Q, R).\nPredicates: uppercase letters immediately followed by parentesis (e.g. H(x), M(y), Q(a,b) ). All predicates must use parentheses.\nVariables: first letter in lowercase, can be followed by letters and numbers (e.g., x, x0, xP0).\n\n### TO CREATE NEW VARIABLE:\nFor Universal Introduction rule(Ai): open a subproof with a fresh variable not occurring in any open hypothesis.\nCreate new variable like this: '<line_number>. { <new_variable> '\n\nFor Existential Elimination rule(Ee): open a subproof with a fresh witness constant/variable. \nCreate new variable like this: '<line_number>. {<new_variable> φ[<old_variable>/<new_variable>] hip\n  Write only the final proof in <proof>...</proof> tags. Only use <proof>...</proof> tags ONCE. Only use these symbols inside the proof '&' , '->', '~', '|', '@', '(', ')', '{', '}', 'Ax', 'Ex'.\nDo not include explanations, commentary, or extra text inside and outside the <proof>...</proof> tags.\n ""}, {'role': 'user', 'content': ""Prove '|- (P->Ex Q(x))->Ex (P->Q(x))', using the natural deduction method. Final answer using the notation described. ""}, {'role': 'assistant', 'content': ' <proof>\n                        1. { \t(P -> Ex Q(x))\t\t\t\t\thip\n                        2.\t{\t~(~P | Ex Q(x))\t\t\t\t\thip\n                        3.\t\t{\tP\t\t\t\t\t\t\t\t      hip\n                        4.      Ex Q(x)               ->e 3, 1\n                        5.\t\t\t~P | Ex Q(x)\t\t\t\t\t|i 4\n                        6.\t\t\t@\t\t\t\t\t\t\t\t~e 5,2 }\t\t\n                        7.\t\t~P\t\t\t\t\t\t\t\t\t~i 3-6\n                        8.\t\t~P | Ex Q(x)\t\t\t\t\t\t|i 7\n                        9.\t\t@\t\t\t\t\t\t\t\t\t~e 8,2 }\n                        10.\t~P | Ex Q(x)        raa 2-9\n                        11.\t{\t~P\t\t\t\t\t\t\t\t\thip\n                        12.\t\t{\tP\t\t\t\t\t\t\t\thip\n                        13.\t\t\t@\t\t\t\t\t\t\t\t~e 11,12\n                        14.     Q(a)            @e 13 }\n                        15.\t\tP -> Q(a)\t\t\t\t\t\t\t->i 12-14\n                        16.\t\tEx  (P -> Q(x))\t\t\t\t\tEi 15 }\n                        17.\t{\tEx Q(x)\t\t\t\t\t\t\thip\n                        18.\t\t{ a\t\tQ(a)\t\t\t\t\t\thip\n                        19.\t\t\t{\tP\t\t\t\t\t\t\thip\n                        20.\t\t\t\tQ(a)\t\t\t\t\t\tcopie 18 }\n                        21.\t\t\tP -> Q(a)\t\t\t\t\t\t->i 19-20\n                        22.\t\t\tEx (P -> Q(x))\t\t\t\tEi 21 }\n                        23.\t\tEx (P -> Q(x))\t\t\t\t\tEe 17, 18-22 }\n                        24.\tEx (P -> Q(x))\t\t\t\t\t\t|e 10, 11-16, 17-23}\n                        25. (P -> Ex Q(x)) -> Ex (P -> Q(x))\t->i 1-24\n                    </proof>'}, {'role': 'user', 'content': ""Prove 'Ax ((P(x)->Q(x))&(Q(x)->P(x))) |- Ax ((~P(x)->~Q(x))&(~Q(x)->~P(x)))', using the natural deduction method. Final answer using the notation described.""}, {'role': 'assistant', 'content': ' <proof>\n                            1. Ax((P(x) -> Q(x)) & (Q(x) -> P(x))) pre\n                            2. { a\n                            3.   (P(a) -> Q(a)) & (Q(a) -> P(a)) Ae 1\n                            4.   P(a) -> Q(a) &e 3\n                            5.   Q(a) -> P(a) &e 3\n                            6.   { ~Q(a) hip\n                            7.     { P(a) hip\n                            8.       Q(a) ->e 7,4\n                            9.       @ ~e 6,8 }\n                            10.   ~P(a) ~i 7-9 }\n                            11. ~Q(a) -> ~P(a) ->i 6-10\n                            12. { ~P(a) hip\n                            13.   { Q(a) hip\n                            14.     P(a) ->e 13,5\n                            15.     @ ~e 12,14 }\n                            16.   ~Q(a) ~i 13-15 }\n                            17. ~P(a) -> ~Q(a) ->i 12-16\n                            18. (~P(a) -> ~Q(a)) & (~Q(a) -> ~P(a)) &i 17,11 }\n                            19. Ax((~P(x) -> ~Q(x)) & (~Q(x) -> ~P(x))) Ai 2-18 \n                        </proof>'}, {'role': 'user', 'content': ""Prove'Ex (B(x)&C(x)), Ax (B(x)->D(x)) |- Ex D(x)' using the natural deduction method. Only one final answer, surrounded by <proof>...</proof>, using the notation described.""}]","<proof>
1. Ex (P(x)&Q(x)) pre
2. Ax (P(x)->R(x)) pre
3.{ a   Ex (P(x)&Q(x)) Ee 1
4.   P(a)&Q(a) hip
5.   P(a) &e 4
6.   P(a)->R(a) Ae 2
7.   R(a) ->e 5,6
8.   Ex R(x) @i 7 }
9. Ex R(x) Ei 3-8
</proof>","1. Ex (P(x)&Q(x)) pre
2. Ax (P(x)->R(x)) pre
3.{ a   Ex (P(x)&Q(x)) Ee 1
4.   P(a)&Q(a) hip
5.   P(a) &e 4
6.   P(a)->R(a) Ae 2
7.   R(a) ->e 5,6
8.   Ex R(x) @i 7 }
9. Ex R(x) Ei 3-8","Os seguintes erros foram encontrados:

Uma das definições não está completa, verifique se todas regras foram aplicadas corretamente.
Lembre-se que uma regra de inferência sempre inicia com um número seguido de um . (linha de referência), tem uma fórmula e uma justificativa (premissa, hipóteses ou uma das regras de inferência com suas respectivas referências para fórmulas anteriores).
Erro de sintaxe:
3.{ a   Ex (P(x)&Q(x)) Ee 1
                       ^
",2.640331745147705,stop,1784,707
"Ax (B->C(x)), B |- Ax C(x)","[{'role': 'system', 'content': ""You are an expert in logic using the Natural Deduction method.\nYou will receive one first order logic problem. Your task is to prove its validity using Natural Deduction and represent the proof in a Fitch-like notation, following these formatting instructions.\n\n### FORMAT OF PROOF LINES\nEach proof line must be structured like: '<line_number>. <formula> <origin>'\n- <line_number>: sequential integer, always ending with a dot ('1.', '2.', '3.', ...)\n- <formula>: the formula derived on that line\n- <origin>: either 'pre' (premise), 'hip' (hypothesis) or '<rule_name> <line_refs>'\n - <rule_name> and <line_refs>: \n - &e (1 line) \n - &i (2 lines) \n - ->e (2 lines) \n - ->i (1 range) \n - ~e (2 lines) \n - ~i (1 range) \n - |e (1 line + 2 ranges) \n - |i (1 line) \n - @e (1 line) \n - raa (1 range) \n - copy (1 line) \n - Ae (1 line)\n - Ai (1 range)\n - Ee (1 line + 1 range)\n - Ei (1 line)\n - <line_refs>: Must be comma-separated line numbers or ranges. Ranges denote subproofs (e.g., `->i 8-12`, `|e 4, 5-9, 10-14`)\n\n### SUBPROOFS / HYPOTHESES\nUse subproofs for hypotheses. Use curly braces '{' and '}' to open and close subproofs. \nPlace `{` immediately after the line number (e.g. '8.{ A|B hip') and `}` at the end of the final line of the subproof (e.g. '10. B @e 4}').\nNested subproofs are allowed. But a formula may only be used at a specific point if it appeared earlier in the same subproof or an outer subproof to the current subproof.\n\n### SYMBOLS & CONVENTIONS\nUse the following symbols for logical operations: \n- & = conjunction (and) \n- | = disjunction (or) \n- ~ = negation (not) \n- -> = implication (implies)\n\nQuantifiers symbols: \n Ax represents ∀x \n Ex represents ∃x\nSo formulas with ∀x and ∃x will be represented by Ax and Ex (A and E followed by the variable x). For example, Ax (H(x)->M(x)) represents ∀x (H(x)→M(x)).\n\n###CONVENTIONS\nAtoms: only uppercase letters not immediately followed by parentesis (e.g. P, Q, R).\nPredicates: uppercase letters immediately followed by parentesis (e.g. H(x), M(y), Q(a,b) ). All predicates must use parentheses.\nVariables: first letter in lowercase, can be followed by letters and numbers (e.g., x, x0, xP0).\n\n### TO CREATE NEW VARIABLE:\nFor Universal Introduction rule(Ai): open a subproof with a fresh variable not occurring in any open hypothesis.\nCreate new variable like this: '<line_number>. { <new_variable> '\n\nFor Existential Elimination rule(Ee): open a subproof with a fresh witness constant/variable. \nCreate new variable like this: '<line_number>. {<new_variable> φ[<old_variable>/<new_variable>] hip\n  Write only the final proof in <proof>...</proof> tags. Only use <proof>...</proof> tags ONCE. Only use these symbols inside the proof '&' , '->', '~', '|', '@', '(', ')', '{', '}', 'Ax', 'Ex'.\nDo not include explanations, commentary, or extra text inside and outside the <proof>...</proof> tags.\n ""}, {'role': 'user', 'content': ""Prove '|- (P->Ex Q(x))->Ex (P->Q(x))', using the natural deduction method. Final answer using the notation described. ""}, {'role': 'assistant', 'content': ' <proof>\n                        1. { \t(P -> Ex Q(x))\t\t\t\t\thip\n                        2.\t{\t~(~P | Ex Q(x))\t\t\t\t\thip\n                        3.\t\t{\tP\t\t\t\t\t\t\t\t      hip\n                        4.      Ex Q(x)               ->e 3, 1\n                        5.\t\t\t~P | Ex Q(x)\t\t\t\t\t|i 4\n                        6.\t\t\t@\t\t\t\t\t\t\t\t~e 5,2 }\t\t\n                        7.\t\t~P\t\t\t\t\t\t\t\t\t~i 3-6\n                        8.\t\t~P | Ex Q(x)\t\t\t\t\t\t|i 7\n                        9.\t\t@\t\t\t\t\t\t\t\t\t~e 8,2 }\n                        10.\t~P | Ex Q(x)        raa 2-9\n                        11.\t{\t~P\t\t\t\t\t\t\t\t\thip\n                        12.\t\t{\tP\t\t\t\t\t\t\t\thip\n                        13.\t\t\t@\t\t\t\t\t\t\t\t~e 11,12\n                        14.     Q(a)            @e 13 }\n                        15.\t\tP -> Q(a)\t\t\t\t\t\t\t->i 12-14\n                        16.\t\tEx  (P -> Q(x))\t\t\t\t\tEi 15 }\n                        17.\t{\tEx Q(x)\t\t\t\t\t\t\thip\n                        18.\t\t{ a\t\tQ(a)\t\t\t\t\t\thip\n                        19.\t\t\t{\tP\t\t\t\t\t\t\thip\n                        20.\t\t\t\tQ(a)\t\t\t\t\t\tcopie 18 }\n                        21.\t\t\tP -> Q(a)\t\t\t\t\t\t->i 19-20\n                        22.\t\t\tEx (P -> Q(x))\t\t\t\tEi 21 }\n                        23.\t\tEx (P -> Q(x))\t\t\t\t\tEe 17, 18-22 }\n                        24.\tEx (P -> Q(x))\t\t\t\t\t\t|e 10, 11-16, 17-23}\n                        25. (P -> Ex Q(x)) -> Ex (P -> Q(x))\t->i 1-24\n                    </proof>'}, {'role': 'user', 'content': ""Prove 'Ax ((P(x)->Q(x))&(Q(x)->P(x))) |- Ax ((~P(x)->~Q(x))&(~Q(x)->~P(x)))', using the natural deduction method. Final answer using the notation described.""}, {'role': 'assistant', 'content': ' <proof>\n                            1. Ax((P(x) -> Q(x)) & (Q(x) -> P(x))) pre\n                            2. { a\n                            3.   (P(a) -> Q(a)) & (Q(a) -> P(a)) Ae 1\n                            4.   P(a) -> Q(a) &e 3\n                            5.   Q(a) -> P(a) &e 3\n                            6.   { ~Q(a) hip\n                            7.     { P(a) hip\n                            8.       Q(a) ->e 7,4\n                            9.       @ ~e 6,8 }\n                            10.   ~P(a) ~i 7-9 }\n                            11. ~Q(a) -> ~P(a) ->i 6-10\n                            12. { ~P(a) hip\n                            13.   { Q(a) hip\n                            14.     P(a) ->e 13,5\n                            15.     @ ~e 12,14 }\n                            16.   ~Q(a) ~i 13-15 }\n                            17. ~P(a) -> ~Q(a) ->i 12-16\n                            18. (~P(a) -> ~Q(a)) & (~Q(a) -> ~P(a)) &i 17,11 }\n                            19. Ax((~P(x) -> ~Q(x)) & (~Q(x) -> ~P(x))) Ai 2-18 \n                        </proof>'}, {'role': 'user', 'content': ""Prove'Ax (B->C(x)), B |- Ax C(x)' using the natural deduction method. Only one final answer, surrounded by <proof>...</proof>, using the notation described.""}]","<proof>
    1. Ax(P->Q(x)) pre
    2. P pre
    3. { a
    4.   P -> Q(a) Ae 1
    5.   Q(a) ->e 4,2
    6. }
    7. Ax Q(x) Ai 3-6
</proof>","1. Ax(P->Q(x)) pre
    2. P pre
    3. { a
    4.   P -> Q(a) Ae 1
    5.   Q(a) ->e 4,2
    6. }
    7. Ax Q(x) Ai 3-6","Os seguintes erros foram encontrados:

Uma das definições não está completa, verifique se todas regras foram aplicadas corretamente.
Lembre-se que uma regra de inferência sempre inicia com um número seguido de um . (linha de referência), tem uma fórmula e uma justificativa (premissa, hipóteses ou uma das regras de inferência com suas respectivas referências para fórmulas anteriores).
Erro de sintaxe:
    6. }
       ^
",1.676463603973389,stop,1776,446
"Ax B(x)->C, Ax B(x), C->D(b) |- Ex D(x)","[{'role': 'system', 'content': ""You are an expert in logic using the Natural Deduction method.\nYou will receive one first order logic problem. Your task is to prove its validity using Natural Deduction and represent the proof in a Fitch-like notation, following these formatting instructions.\n\n### FORMAT OF PROOF LINES\nEach proof line must be structured like: '<line_number>. <formula> <origin>'\n- <line_number>: sequential integer, always ending with a dot ('1.', '2.', '3.', ...)\n- <formula>: the formula derived on that line\n- <origin>: either 'pre' (premise), 'hip' (hypothesis) or '<rule_name> <line_refs>'\n - <rule_name> and <line_refs>: \n - &e (1 line) \n - &i (2 lines) \n - ->e (2 lines) \n - ->i (1 range) \n - ~e (2 lines) \n - ~i (1 range) \n - |e (1 line + 2 ranges) \n - |i (1 line) \n - @e (1 line) \n - raa (1 range) \n - copy (1 line) \n - Ae (1 line)\n - Ai (1 range)\n - Ee (1 line + 1 range)\n - Ei (1 line)\n - <line_refs>: Must be comma-separated line numbers or ranges. Ranges denote subproofs (e.g., `->i 8-12`, `|e 4, 5-9, 10-14`)\n\n### SUBPROOFS / HYPOTHESES\nUse subproofs for hypotheses. Use curly braces '{' and '}' to open and close subproofs. \nPlace `{` immediately after the line number (e.g. '8.{ A|B hip') and `}` at the end of the final line of the subproof (e.g. '10. B @e 4}').\nNested subproofs are allowed. But a formula may only be used at a specific point if it appeared earlier in the same subproof or an outer subproof to the current subproof.\n\n### SYMBOLS & CONVENTIONS\nUse the following symbols for logical operations: \n- & = conjunction (and) \n- | = disjunction (or) \n- ~ = negation (not) \n- -> = implication (implies)\n\nQuantifiers symbols: \n Ax represents ∀x \n Ex represents ∃x\nSo formulas with ∀x and ∃x will be represented by Ax and Ex (A and E followed by the variable x). For example, Ax (H(x)->M(x)) represents ∀x (H(x)→M(x)).\n\n###CONVENTIONS\nAtoms: only uppercase letters not immediately followed by parentesis (e.g. P, Q, R).\nPredicates: uppercase letters immediately followed by parentesis (e.g. H(x), M(y), Q(a,b) ). All predicates must use parentheses.\nVariables: first letter in lowercase, can be followed by letters and numbers (e.g., x, x0, xP0).\n\n### TO CREATE NEW VARIABLE:\nFor Universal Introduction rule(Ai): open a subproof with a fresh variable not occurring in any open hypothesis.\nCreate new variable like this: '<line_number>. { <new_variable> '\n\nFor Existential Elimination rule(Ee): open a subproof with a fresh witness constant/variable. \nCreate new variable like this: '<line_number>. {<new_variable> φ[<old_variable>/<new_variable>] hip\n  Write only the final proof in <proof>...</proof> tags. Only use <proof>...</proof> tags ONCE. Only use these symbols inside the proof '&' , '->', '~', '|', '@', '(', ')', '{', '}', 'Ax', 'Ex'.\nDo not include explanations, commentary, or extra text inside and outside the <proof>...</proof> tags.\n ""}, {'role': 'user', 'content': ""Prove '|- (P->Ex Q(x))->Ex (P->Q(x))', using the natural deduction method. Final answer using the notation described. ""}, {'role': 'assistant', 'content': ' <proof>\n                        1. { \t(P -> Ex Q(x))\t\t\t\t\thip\n                        2.\t{\t~(~P | Ex Q(x))\t\t\t\t\thip\n                        3.\t\t{\tP\t\t\t\t\t\t\t\t      hip\n                        4.      Ex Q(x)               ->e 3, 1\n                        5.\t\t\t~P | Ex Q(x)\t\t\t\t\t|i 4\n                        6.\t\t\t@\t\t\t\t\t\t\t\t~e 5,2 }\t\t\n                        7.\t\t~P\t\t\t\t\t\t\t\t\t~i 3-6\n                        8.\t\t~P | Ex Q(x)\t\t\t\t\t\t|i 7\n                        9.\t\t@\t\t\t\t\t\t\t\t\t~e 8,2 }\n                        10.\t~P | Ex Q(x)        raa 2-9\n                        11.\t{\t~P\t\t\t\t\t\t\t\t\thip\n                        12.\t\t{\tP\t\t\t\t\t\t\t\thip\n                        13.\t\t\t@\t\t\t\t\t\t\t\t~e 11,12\n                        14.     Q(a)            @e 13 }\n                        15.\t\tP -> Q(a)\t\t\t\t\t\t\t->i 12-14\n                        16.\t\tEx  (P -> Q(x))\t\t\t\t\tEi 15 }\n                        17.\t{\tEx Q(x)\t\t\t\t\t\t\thip\n                        18.\t\t{ a\t\tQ(a)\t\t\t\t\t\thip\n                        19.\t\t\t{\tP\t\t\t\t\t\t\thip\n                        20.\t\t\t\tQ(a)\t\t\t\t\t\tcopie 18 }\n                        21.\t\t\tP -> Q(a)\t\t\t\t\t\t->i 19-20\n                        22.\t\t\tEx (P -> Q(x))\t\t\t\tEi 21 }\n                        23.\t\tEx (P -> Q(x))\t\t\t\t\tEe 17, 18-22 }\n                        24.\tEx (P -> Q(x))\t\t\t\t\t\t|e 10, 11-16, 17-23}\n                        25. (P -> Ex Q(x)) -> Ex (P -> Q(x))\t->i 1-24\n                    </proof>'}, {'role': 'user', 'content': ""Prove 'Ax ((P(x)->Q(x))&(Q(x)->P(x))) |- Ax ((~P(x)->~Q(x))&(~Q(x)->~P(x)))', using the natural deduction method. Final answer using the notation described.""}, {'role': 'assistant', 'content': ' <proof>\n                            1. Ax((P(x) -> Q(x)) & (Q(x) -> P(x))) pre\n                            2. { a\n                            3.   (P(a) -> Q(a)) & (Q(a) -> P(a)) Ae 1\n                            4.   P(a) -> Q(a) &e 3\n                            5.   Q(a) -> P(a) &e 3\n                            6.   { ~Q(a) hip\n                            7.     { P(a) hip\n                            8.       Q(a) ->e 7,4\n                            9.       @ ~e 6,8 }\n                            10.   ~P(a) ~i 7-9 }\n                            11. ~Q(a) -> ~P(a) ->i 6-10\n                            12. { ~P(a) hip\n                            13.   { Q(a) hip\n                            14.     P(a) ->e 13,5\n                            15.     @ ~e 12,14 }\n                            16.   ~Q(a) ~i 13-15 }\n                            17. ~P(a) -> ~Q(a) ->i 12-16\n                            18. (~P(a) -> ~Q(a)) & (~Q(a) -> ~P(a)) &i 17,11 }\n                            19. Ax((~P(x) -> ~Q(x)) & (~Q(x) -> ~P(x))) Ai 2-18 \n                        </proof>'}, {'role': 'user', 'content': ""Prove'Ax B(x)->C, Ax B(x), C->D(b) |- Ex D(x)' using the natural deduction method. Only one final answer, surrounded by <proof>...</proof>, using the notation described.""}]","<proof>
    1. Ax P(x) pre
    2. Ax (P(x)->B) pre
    3. B -> Q(b) pre
    4. P(b) Ae 1
    5. P(b)->B Ae 2
    6. B ->e 4,5
    7. Q(b) ->e 3,6
    8. Ex Q(x) Ei 7
</proof>","1. Ax P(x) pre
    2. Ax (P(x)->B) pre
    3. B -> Q(b) pre
    4. P(b) Ae 1
    5. P(b)->B Ae 2
    6. B ->e 4,5
    7. Q(b) ->e 3,6
    8. Ex Q(x) Ei 7","A demonstração está correta.
Ax P(x), Ax (P(x)->B), B->Q(b) |- Ex Q(x)

Código da demonstração no estilo Fitch em Latex:
\begin{logicproof}{6}
\forall x P(x) & premissa\\
\forall x (P(x)\rightarrow B) & premissa\\
B\rightarrow Q(b) & premissa\\
P(b) & $\forall e$ 1\\
P(b)\rightarrow B & $\forall e$ 2\\
B & $\rightarrow e$ 4, 5\\
Q(b) & $\rightarrow e$ 3, 6\\
\exists x Q(x) & $\exists i$ 7
\end{logicproof}

Código da demonstração no estilo Gentzen em Latex:
\[\infer[\!\!\exists\text{i}]{\exists x Q(x)}{\infer[\!\!{\rightarrow\text{e}}]{Q(b)}{{{B\rightarrow Q(b)}}&{\infer[\!\!{\rightarrow\text{e}}]{B}{{\infer[\!\!\forall\text{e}]{P(b)}{{\forall x P(x)}}}&{\infer[\!\!\forall\text{e}]{P(b)\rightarrow B}{{\forall x (P(x)\rightarrow B)}}}}}}}\]
",2.147531032562256,stop,1783,573
Ax ((B(x)->C(x))&(C(x)->B(x))) |- Ax B(x)->Ax C(x),"[{'role': 'system', 'content': ""You are an expert in logic using the Natural Deduction method.\nYou will receive one first order logic problem. Your task is to prove its validity using Natural Deduction and represent the proof in a Fitch-like notation, following these formatting instructions.\n\n### FORMAT OF PROOF LINES\nEach proof line must be structured like: '<line_number>. <formula> <origin>'\n- <line_number>: sequential integer, always ending with a dot ('1.', '2.', '3.', ...)\n- <formula>: the formula derived on that line\n- <origin>: either 'pre' (premise), 'hip' (hypothesis) or '<rule_name> <line_refs>'\n - <rule_name> and <line_refs>: \n - &e (1 line) \n - &i (2 lines) \n - ->e (2 lines) \n - ->i (1 range) \n - ~e (2 lines) \n - ~i (1 range) \n - |e (1 line + 2 ranges) \n - |i (1 line) \n - @e (1 line) \n - raa (1 range) \n - copy (1 line) \n - Ae (1 line)\n - Ai (1 range)\n - Ee (1 line + 1 range)\n - Ei (1 line)\n - <line_refs>: Must be comma-separated line numbers or ranges. Ranges denote subproofs (e.g., `->i 8-12`, `|e 4, 5-9, 10-14`)\n\n### SUBPROOFS / HYPOTHESES\nUse subproofs for hypotheses. Use curly braces '{' and '}' to open and close subproofs. \nPlace `{` immediately after the line number (e.g. '8.{ A|B hip') and `}` at the end of the final line of the subproof (e.g. '10. B @e 4}').\nNested subproofs are allowed. But a formula may only be used at a specific point if it appeared earlier in the same subproof or an outer subproof to the current subproof.\n\n### SYMBOLS & CONVENTIONS\nUse the following symbols for logical operations: \n- & = conjunction (and) \n- | = disjunction (or) \n- ~ = negation (not) \n- -> = implication (implies)\n\nQuantifiers symbols: \n Ax represents ∀x \n Ex represents ∃x\nSo formulas with ∀x and ∃x will be represented by Ax and Ex (A and E followed by the variable x). For example, Ax (H(x)->M(x)) represents ∀x (H(x)→M(x)).\n\n###CONVENTIONS\nAtoms: only uppercase letters not immediately followed by parentesis (e.g. P, Q, R).\nPredicates: uppercase letters immediately followed by parentesis (e.g. H(x), M(y), Q(a,b) ). All predicates must use parentheses.\nVariables: first letter in lowercase, can be followed by letters and numbers (e.g., x, x0, xP0).\n\n### TO CREATE NEW VARIABLE:\nFor Universal Introduction rule(Ai): open a subproof with a fresh variable not occurring in any open hypothesis.\nCreate new variable like this: '<line_number>. { <new_variable> '\n\nFor Existential Elimination rule(Ee): open a subproof with a fresh witness constant/variable. \nCreate new variable like this: '<line_number>. {<new_variable> φ[<old_variable>/<new_variable>] hip\n  Write only the final proof in <proof>...</proof> tags. Only use <proof>...</proof> tags ONCE. Only use these symbols inside the proof '&' , '->', '~', '|', '@', '(', ')', '{', '}', 'Ax', 'Ex'.\nDo not include explanations, commentary, or extra text inside and outside the <proof>...</proof> tags.\n ""}, {'role': 'user', 'content': ""Prove '|- (P->Ex Q(x))->Ex (P->Q(x))', using the natural deduction method. Final answer using the notation described. ""}, {'role': 'assistant', 'content': ' <proof>\n                        1. { \t(P -> Ex Q(x))\t\t\t\t\thip\n                        2.\t{\t~(~P | Ex Q(x))\t\t\t\t\thip\n                        3.\t\t{\tP\t\t\t\t\t\t\t\t      hip\n                        4.      Ex Q(x)               ->e 3, 1\n                        5.\t\t\t~P | Ex Q(x)\t\t\t\t\t|i 4\n                        6.\t\t\t@\t\t\t\t\t\t\t\t~e 5,2 }\t\t\n                        7.\t\t~P\t\t\t\t\t\t\t\t\t~i 3-6\n                        8.\t\t~P | Ex Q(x)\t\t\t\t\t\t|i 7\n                        9.\t\t@\t\t\t\t\t\t\t\t\t~e 8,2 }\n                        10.\t~P | Ex Q(x)        raa 2-9\n                        11.\t{\t~P\t\t\t\t\t\t\t\t\thip\n                        12.\t\t{\tP\t\t\t\t\t\t\t\thip\n                        13.\t\t\t@\t\t\t\t\t\t\t\t~e 11,12\n                        14.     Q(a)            @e 13 }\n                        15.\t\tP -> Q(a)\t\t\t\t\t\t\t->i 12-14\n                        16.\t\tEx  (P -> Q(x))\t\t\t\t\tEi 15 }\n                        17.\t{\tEx Q(x)\t\t\t\t\t\t\thip\n                        18.\t\t{ a\t\tQ(a)\t\t\t\t\t\thip\n                        19.\t\t\t{\tP\t\t\t\t\t\t\thip\n                        20.\t\t\t\tQ(a)\t\t\t\t\t\tcopie 18 }\n                        21.\t\t\tP -> Q(a)\t\t\t\t\t\t->i 19-20\n                        22.\t\t\tEx (P -> Q(x))\t\t\t\tEi 21 }\n                        23.\t\tEx (P -> Q(x))\t\t\t\t\tEe 17, 18-22 }\n                        24.\tEx (P -> Q(x))\t\t\t\t\t\t|e 10, 11-16, 17-23}\n                        25. (P -> Ex Q(x)) -> Ex (P -> Q(x))\t->i 1-24\n                    </proof>'}, {'role': 'user', 'content': ""Prove 'Ax ((P(x)->Q(x))&(Q(x)->P(x))) |- Ax ((~P(x)->~Q(x))&(~Q(x)->~P(x)))', using the natural deduction method. Final answer using the notation described.""}, {'role': 'assistant', 'content': ' <proof>\n                            1. Ax((P(x) -> Q(x)) & (Q(x) -> P(x))) pre\n                            2. { a\n                            3.   (P(a) -> Q(a)) & (Q(a) -> P(a)) Ae 1\n                            4.   P(a) -> Q(a) &e 3\n                            5.   Q(a) -> P(a) &e 3\n                            6.   { ~Q(a) hip\n                            7.     { P(a) hip\n                            8.       Q(a) ->e 7,4\n                            9.       @ ~e 6,8 }\n                            10.   ~P(a) ~i 7-9 }\n                            11. ~Q(a) -> ~P(a) ->i 6-10\n                            12. { ~P(a) hip\n                            13.   { Q(a) hip\n                            14.     P(a) ->e 13,5\n                            15.     @ ~e 12,14 }\n                            16.   ~Q(a) ~i 13-15 }\n                            17. ~P(a) -> ~Q(a) ->i 12-16\n                            18. (~P(a) -> ~Q(a)) & (~Q(a) -> ~P(a)) &i 17,11 }\n                            19. Ax((~P(x) -> ~Q(x)) & (~Q(x) -> ~P(x))) Ai 2-18 \n                        </proof>'}, {'role': 'user', 'content': ""Prove'Ax ((B(x)->C(x))&(C(x)->B(x))) |- Ax B(x)->Ax C(x)' using the natural deduction method. Only one final answer, surrounded by <proof>...</proof>, using the notation described.""}]","<proof>
                     1. Ax((P(x)->Q(x))&(Q(x)->P(x))) pre
                     2. { Ax P(x) hip
                     3.   { a
                     4.     (P(a)->Q(a)) & (Q(a)->P(a)) Ae 1
                     5.     P(a)->Q(a) &e 4
                     6.     P(a) Ae 2
                     7.     Q(a) ->e 6,5
                     8.   } Ai 3-7
                     9.   Ax Q(x) Ai 3-8
                    10. } ->i 2-9
                </proof>","1. Ax((P(x)->Q(x))&(Q(x)->P(x))) pre
                     2. { Ax P(x) hip
                     3.   { a
                     4.     (P(a)->Q(a)) & (Q(a)->P(a)) Ae 1
                     5.     P(a)->Q(a) &e 4
                     6.     P(a) Ae 2
                     7.     Q(a) ->e 6,5
                     8.   } Ai 3-7
                     9.   Ax Q(x) Ai 3-8
                    10. } ->i 2-9","Os seguintes erros foram encontrados:

Uma das definições não está completa, verifique se todas regras foram aplicadas corretamente.
Lembre-se que uma regra de inferência sempre inicia com um número seguido de um . (linha de referência), tem uma fórmula e uma justificativa (premissa, hipóteses ou uma das regras de inferência com suas respectivas referências para fórmulas anteriores).
Erro de sintaxe:
                     8.   } Ai 3-7
                          ^
",2.508171319961548,stop,1787,674
|- Ex (B(x)|C)->(Ex B(x)|C),"[{'role': 'system', 'content': ""You are an expert in logic using the Natural Deduction method.\nYou will receive one first order logic problem. Your task is to prove its validity using Natural Deduction and represent the proof in a Fitch-like notation, following these formatting instructions.\n\n### FORMAT OF PROOF LINES\nEach proof line must be structured like: '<line_number>. <formula> <origin>'\n- <line_number>: sequential integer, always ending with a dot ('1.', '2.', '3.', ...)\n- <formula>: the formula derived on that line\n- <origin>: either 'pre' (premise), 'hip' (hypothesis) or '<rule_name> <line_refs>'\n - <rule_name> and <line_refs>: \n - &e (1 line) \n - &i (2 lines) \n - ->e (2 lines) \n - ->i (1 range) \n - ~e (2 lines) \n - ~i (1 range) \n - |e (1 line + 2 ranges) \n - |i (1 line) \n - @e (1 line) \n - raa (1 range) \n - copy (1 line) \n - Ae (1 line)\n - Ai (1 range)\n - Ee (1 line + 1 range)\n - Ei (1 line)\n - <line_refs>: Must be comma-separated line numbers or ranges. Ranges denote subproofs (e.g., `->i 8-12`, `|e 4, 5-9, 10-14`)\n\n### SUBPROOFS / HYPOTHESES\nUse subproofs for hypotheses. Use curly braces '{' and '}' to open and close subproofs. \nPlace `{` immediately after the line number (e.g. '8.{ A|B hip') and `}` at the end of the final line of the subproof (e.g. '10. B @e 4}').\nNested subproofs are allowed. But a formula may only be used at a specific point if it appeared earlier in the same subproof or an outer subproof to the current subproof.\n\n### SYMBOLS & CONVENTIONS\nUse the following symbols for logical operations: \n- & = conjunction (and) \n- | = disjunction (or) \n- ~ = negation (not) \n- -> = implication (implies)\n\nQuantifiers symbols: \n Ax represents ∀x \n Ex represents ∃x\nSo formulas with ∀x and ∃x will be represented by Ax and Ex (A and E followed by the variable x). For example, Ax (H(x)->M(x)) represents ∀x (H(x)→M(x)).\n\n###CONVENTIONS\nAtoms: only uppercase letters not immediately followed by parentesis (e.g. P, Q, R).\nPredicates: uppercase letters immediately followed by parentesis (e.g. H(x), M(y), Q(a,b) ). All predicates must use parentheses.\nVariables: first letter in lowercase, can be followed by letters and numbers (e.g., x, x0, xP0).\n\n### TO CREATE NEW VARIABLE:\nFor Universal Introduction rule(Ai): open a subproof with a fresh variable not occurring in any open hypothesis.\nCreate new variable like this: '<line_number>. { <new_variable> '\n\nFor Existential Elimination rule(Ee): open a subproof with a fresh witness constant/variable. \nCreate new variable like this: '<line_number>. {<new_variable> φ[<old_variable>/<new_variable>] hip\n  Write only the final proof in <proof>...</proof> tags. Only use <proof>...</proof> tags ONCE. Only use these symbols inside the proof '&' , '->', '~', '|', '@', '(', ')', '{', '}', 'Ax', 'Ex'.\nDo not include explanations, commentary, or extra text inside and outside the <proof>...</proof> tags.\n ""}, {'role': 'user', 'content': ""Prove '|- (P->Ex Q(x))->Ex (P->Q(x))', using the natural deduction method. Final answer using the notation described. ""}, {'role': 'assistant', 'content': ' <proof>\n                        1. { \t(P -> Ex Q(x))\t\t\t\t\thip\n                        2.\t{\t~(~P | Ex Q(x))\t\t\t\t\thip\n                        3.\t\t{\tP\t\t\t\t\t\t\t\t      hip\n                        4.      Ex Q(x)               ->e 3, 1\n                        5.\t\t\t~P | Ex Q(x)\t\t\t\t\t|i 4\n                        6.\t\t\t@\t\t\t\t\t\t\t\t~e 5,2 }\t\t\n                        7.\t\t~P\t\t\t\t\t\t\t\t\t~i 3-6\n                        8.\t\t~P | Ex Q(x)\t\t\t\t\t\t|i 7\n                        9.\t\t@\t\t\t\t\t\t\t\t\t~e 8,2 }\n                        10.\t~P | Ex Q(x)        raa 2-9\n                        11.\t{\t~P\t\t\t\t\t\t\t\t\thip\n                        12.\t\t{\tP\t\t\t\t\t\t\t\thip\n                        13.\t\t\t@\t\t\t\t\t\t\t\t~e 11,12\n                        14.     Q(a)            @e 13 }\n                        15.\t\tP -> Q(a)\t\t\t\t\t\t\t->i 12-14\n                        16.\t\tEx  (P -> Q(x))\t\t\t\t\tEi 15 }\n                        17.\t{\tEx Q(x)\t\t\t\t\t\t\thip\n                        18.\t\t{ a\t\tQ(a)\t\t\t\t\t\thip\n                        19.\t\t\t{\tP\t\t\t\t\t\t\thip\n                        20.\t\t\t\tQ(a)\t\t\t\t\t\tcopie 18 }\n                        21.\t\t\tP -> Q(a)\t\t\t\t\t\t->i 19-20\n                        22.\t\t\tEx (P -> Q(x))\t\t\t\tEi 21 }\n                        23.\t\tEx (P -> Q(x))\t\t\t\t\tEe 17, 18-22 }\n                        24.\tEx (P -> Q(x))\t\t\t\t\t\t|e 10, 11-16, 17-23}\n                        25. (P -> Ex Q(x)) -> Ex (P -> Q(x))\t->i 1-24\n                    </proof>'}, {'role': 'user', 'content': ""Prove 'Ax ((P(x)->Q(x))&(Q(x)->P(x))) |- Ax ((~P(x)->~Q(x))&(~Q(x)->~P(x)))', using the natural deduction method. Final answer using the notation described.""}, {'role': 'assistant', 'content': ' <proof>\n                            1. Ax((P(x) -> Q(x)) & (Q(x) -> P(x))) pre\n                            2. { a\n                            3.   (P(a) -> Q(a)) & (Q(a) -> P(a)) Ae 1\n                            4.   P(a) -> Q(a) &e 3\n                            5.   Q(a) -> P(a) &e 3\n                            6.   { ~Q(a) hip\n                            7.     { P(a) hip\n                            8.       Q(a) ->e 7,4\n                            9.       @ ~e 6,8 }\n                            10.   ~P(a) ~i 7-9 }\n                            11. ~Q(a) -> ~P(a) ->i 6-10\n                            12. { ~P(a) hip\n                            13.   { Q(a) hip\n                            14.     P(a) ->e 13,5\n                            15.     @ ~e 12,14 }\n                            16.   ~Q(a) ~i 13-15 }\n                            17. ~P(a) -> ~Q(a) ->i 12-16\n                            18. (~P(a) -> ~Q(a)) & (~Q(a) -> ~P(a)) &i 17,11 }\n                            19. Ax((~P(x) -> ~Q(x)) & (~Q(x) -> ~P(x))) Ai 2-18 \n                        </proof>'}, {'role': 'user', 'content': ""Prove'|- Ex (B(x)|C)->(Ex B(x)|C)' using the natural deduction method. Only one final answer, surrounded by <proof>...</proof>, using the notation described.""}]","<proof>
                        1. Ex(P|Q) pre
                        2. { a, P(a)|Q } Ee 1
                        3.   { P(a) hip
                        4.     ∃xP(x) @i 3
                        5.     (∃xP(x)) | Q |i 4
                        6.   }
                        7.   { Q hip
                        8.     (∃xP(x)) | Q |i 7
                        9.   }
                       10. (∃xP(x)) | Q |e 2,3-5,7-8
                       11. Ex(P|Q) -> ((∃xP(x)) | Q) ->i 1-10
                    </proof>","1. Ex(P|Q) pre
                        2. { a, P(a)|Q } Ee 1
                        3.   { P(a) hip
                        4.     ∃xP(x) @i 3
                        5.     (∃xP(x)) | Q |i 4
                        6.   }
                        7.   { Q hip
                        8.     (∃xP(x)) | Q |i 7
                        9.   }
                       10. (∃xP(x)) | Q |e 2,3-5,7-8
                       11. Ex(P|Q) -> ((∃xP(x)) | Q) ->i 1-10","Os seguintes erros foram encontrados:

Uma das definições não está completa, verifique se todas regras foram aplicadas corretamente.
Lembre-se que uma regra de inferência sempre inicia com um número seguido de um . (linha de referência), tem uma fórmula e uma justificativa (premissa, hipóteses ou uma das regras de inferência com suas respectivas referências para fórmulas anteriores).
Erro de sintaxe:
                        2. { a, P(a)|Q } Ee 1
                              ^
",2.676504850387573,stop,1778,705
"Ax (B(x)->C(x)), Ay (B(y)->D(y)) |- Az (B(z)->(C(z)&D(z)))","[{'role': 'system', 'content': ""You are an expert in logic using the Natural Deduction method.\nYou will receive one first order logic problem. Your task is to prove its validity using Natural Deduction and represent the proof in a Fitch-like notation, following these formatting instructions.\n\n### FORMAT OF PROOF LINES\nEach proof line must be structured like: '<line_number>. <formula> <origin>'\n- <line_number>: sequential integer, always ending with a dot ('1.', '2.', '3.', ...)\n- <formula>: the formula derived on that line\n- <origin>: either 'pre' (premise), 'hip' (hypothesis) or '<rule_name> <line_refs>'\n - <rule_name> and <line_refs>: \n - &e (1 line) \n - &i (2 lines) \n - ->e (2 lines) \n - ->i (1 range) \n - ~e (2 lines) \n - ~i (1 range) \n - |e (1 line + 2 ranges) \n - |i (1 line) \n - @e (1 line) \n - raa (1 range) \n - copy (1 line) \n - Ae (1 line)\n - Ai (1 range)\n - Ee (1 line + 1 range)\n - Ei (1 line)\n - <line_refs>: Must be comma-separated line numbers or ranges. Ranges denote subproofs (e.g., `->i 8-12`, `|e 4, 5-9, 10-14`)\n\n### SUBPROOFS / HYPOTHESES\nUse subproofs for hypotheses. Use curly braces '{' and '}' to open and close subproofs. \nPlace `{` immediately after the line number (e.g. '8.{ A|B hip') and `}` at the end of the final line of the subproof (e.g. '10. B @e 4}').\nNested subproofs are allowed. But a formula may only be used at a specific point if it appeared earlier in the same subproof or an outer subproof to the current subproof.\n\n### SYMBOLS & CONVENTIONS\nUse the following symbols for logical operations: \n- & = conjunction (and) \n- | = disjunction (or) \n- ~ = negation (not) \n- -> = implication (implies)\n\nQuantifiers symbols: \n Ax represents ∀x \n Ex represents ∃x\nSo formulas with ∀x and ∃x will be represented by Ax and Ex (A and E followed by the variable x). For example, Ax (H(x)->M(x)) represents ∀x (H(x)→M(x)).\n\n###CONVENTIONS\nAtoms: only uppercase letters not immediately followed by parentesis (e.g. P, Q, R).\nPredicates: uppercase letters immediately followed by parentesis (e.g. H(x), M(y), Q(a,b) ). All predicates must use parentheses.\nVariables: first letter in lowercase, can be followed by letters and numbers (e.g., x, x0, xP0).\n\n### TO CREATE NEW VARIABLE:\nFor Universal Introduction rule(Ai): open a subproof with a fresh variable not occurring in any open hypothesis.\nCreate new variable like this: '<line_number>. { <new_variable> '\n\nFor Existential Elimination rule(Ee): open a subproof with a fresh witness constant/variable. \nCreate new variable like this: '<line_number>. {<new_variable> φ[<old_variable>/<new_variable>] hip\n  Write only the final proof in <proof>...</proof> tags. Only use <proof>...</proof> tags ONCE. Only use these symbols inside the proof '&' , '->', '~', '|', '@', '(', ')', '{', '}', 'Ax', 'Ex'.\nDo not include explanations, commentary, or extra text inside and outside the <proof>...</proof> tags.\n ""}, {'role': 'user', 'content': ""Prove '|- (P->Ex Q(x))->Ex (P->Q(x))', using the natural deduction method. Final answer using the notation described. ""}, {'role': 'assistant', 'content': ' <proof>\n                        1. { \t(P -> Ex Q(x))\t\t\t\t\thip\n                        2.\t{\t~(~P | Ex Q(x))\t\t\t\t\thip\n                        3.\t\t{\tP\t\t\t\t\t\t\t\t      hip\n                        4.      Ex Q(x)               ->e 3, 1\n                        5.\t\t\t~P | Ex Q(x)\t\t\t\t\t|i 4\n                        6.\t\t\t@\t\t\t\t\t\t\t\t~e 5,2 }\t\t\n                        7.\t\t~P\t\t\t\t\t\t\t\t\t~i 3-6\n                        8.\t\t~P | Ex Q(x)\t\t\t\t\t\t|i 7\n                        9.\t\t@\t\t\t\t\t\t\t\t\t~e 8,2 }\n                        10.\t~P | Ex Q(x)        raa 2-9\n                        11.\t{\t~P\t\t\t\t\t\t\t\t\thip\n                        12.\t\t{\tP\t\t\t\t\t\t\t\thip\n                        13.\t\t\t@\t\t\t\t\t\t\t\t~e 11,12\n                        14.     Q(a)            @e 13 }\n                        15.\t\tP -> Q(a)\t\t\t\t\t\t\t->i 12-14\n                        16.\t\tEx  (P -> Q(x))\t\t\t\t\tEi 15 }\n                        17.\t{\tEx Q(x)\t\t\t\t\t\t\thip\n                        18.\t\t{ a\t\tQ(a)\t\t\t\t\t\thip\n                        19.\t\t\t{\tP\t\t\t\t\t\t\thip\n                        20.\t\t\t\tQ(a)\t\t\t\t\t\tcopie 18 }\n                        21.\t\t\tP -> Q(a)\t\t\t\t\t\t->i 19-20\n                        22.\t\t\tEx (P -> Q(x))\t\t\t\tEi 21 }\n                        23.\t\tEx (P -> Q(x))\t\t\t\t\tEe 17, 18-22 }\n                        24.\tEx (P -> Q(x))\t\t\t\t\t\t|e 10, 11-16, 17-23}\n                        25. (P -> Ex Q(x)) -> Ex (P -> Q(x))\t->i 1-24\n                    </proof>'}, {'role': 'user', 'content': ""Prove 'Ax ((P(x)->Q(x))&(Q(x)->P(x))) |- Ax ((~P(x)->~Q(x))&(~Q(x)->~P(x)))', using the natural deduction method. Final answer using the notation described.""}, {'role': 'assistant', 'content': ' <proof>\n                            1. Ax((P(x) -> Q(x)) & (Q(x) -> P(x))) pre\n                            2. { a\n                            3.   (P(a) -> Q(a)) & (Q(a) -> P(a)) Ae 1\n                            4.   P(a) -> Q(a) &e 3\n                            5.   Q(a) -> P(a) &e 3\n                            6.   { ~Q(a) hip\n                            7.     { P(a) hip\n                            8.       Q(a) ->e 7,4\n                            9.       @ ~e 6,8 }\n                            10.   ~P(a) ~i 7-9 }\n                            11. ~Q(a) -> ~P(a) ->i 6-10\n                            12. { ~P(a) hip\n                            13.   { Q(a) hip\n                            14.     P(a) ->e 13,5\n                            15.     @ ~e 12,14 }\n                            16.   ~Q(a) ~i 13-15 }\n                            17. ~P(a) -> ~Q(a) ->i 12-16\n                            18. (~P(a) -> ~Q(a)) & (~Q(a) -> ~P(a)) &i 17,11 }\n                            19. Ax((~P(x) -> ~Q(x)) & (~Q(x) -> ~P(x))) Ai 2-18 \n                        </proof>'}, {'role': 'user', 'content': ""Prove'Ax (B(x)->C(x)), Ay (B(y)->D(y)) |- Az (B(z)->(C(z)&D(z)))' using the natural deduction method. Only one final answer, surrounded by <proof>...</proof>, using the notation described.""}]","<proof>
    1. Ax(P(x) -> S(x)) pre
    2. Ay(P(y) -> T(y)) pre
    3. P(z) -> S(z) Ae 1
    4. P(z) -> T(z) Ae 2
    5. { P(z) hip
    6.   S(z) ->e 5,3
    7.   T(z) ->e 5,4
    8.   S(z) & T(z) &i 6,7
    9. }
    10. P(z) -> (S(z) & T(z)) ->i 5-9
    11. Az(P(z) -> (S(z) & T(z))) Ai 10
</proof>","1. Ax(P(x) -> S(x)) pre
    2. Ay(P(y) -> T(y)) pre
    3. P(z) -> S(z) Ae 1
    4. P(z) -> T(z) Ae 2
    5. { P(z) hip
    6.   S(z) ->e 5,3
    7.   T(z) ->e 5,4
    8.   S(z) & T(z) &i 6,7
    9. }
    10. P(z) -> (S(z) & T(z)) ->i 5-9
    11. Az(P(z) -> (S(z) & T(z))) Ai 10","Os seguintes erros foram encontrados:

Uma das definições não está completa, verifique se todas regras foram aplicadas corretamente.
Lembre-se que uma regra de inferência sempre inicia com um número seguido de um . (linha de referência), tem uma fórmula e uma justificativa (premissa, hipóteses ou uma das regras de inferência com suas respectivas referências para fórmulas anteriores).
Erro de sintaxe:
    9. }
       ^
",2.97138786315918,stop,1793,803
|- B(x)->(B(x)|C(x)),"[{'role': 'system', 'content': ""You are an expert in logic using the Natural Deduction method.\nYou will receive one first order logic problem. Your task is to prove its validity using Natural Deduction and represent the proof in a Fitch-like notation, following these formatting instructions.\n\n### FORMAT OF PROOF LINES\nEach proof line must be structured like: '<line_number>. <formula> <origin>'\n- <line_number>: sequential integer, always ending with a dot ('1.', '2.', '3.', ...)\n- <formula>: the formula derived on that line\n- <origin>: either 'pre' (premise), 'hip' (hypothesis) or '<rule_name> <line_refs>'\n - <rule_name> and <line_refs>: \n - &e (1 line) \n - &i (2 lines) \n - ->e (2 lines) \n - ->i (1 range) \n - ~e (2 lines) \n - ~i (1 range) \n - |e (1 line + 2 ranges) \n - |i (1 line) \n - @e (1 line) \n - raa (1 range) \n - copy (1 line) \n - Ae (1 line)\n - Ai (1 range)\n - Ee (1 line + 1 range)\n - Ei (1 line)\n - <line_refs>: Must be comma-separated line numbers or ranges. Ranges denote subproofs (e.g., `->i 8-12`, `|e 4, 5-9, 10-14`)\n\n### SUBPROOFS / HYPOTHESES\nUse subproofs for hypotheses. Use curly braces '{' and '}' to open and close subproofs. \nPlace `{` immediately after the line number (e.g. '8.{ A|B hip') and `}` at the end of the final line of the subproof (e.g. '10. B @e 4}').\nNested subproofs are allowed. But a formula may only be used at a specific point if it appeared earlier in the same subproof or an outer subproof to the current subproof.\n\n### SYMBOLS & CONVENTIONS\nUse the following symbols for logical operations: \n- & = conjunction (and) \n- | = disjunction (or) \n- ~ = negation (not) \n- -> = implication (implies)\n\nQuantifiers symbols: \n Ax represents ∀x \n Ex represents ∃x\nSo formulas with ∀x and ∃x will be represented by Ax and Ex (A and E followed by the variable x). For example, Ax (H(x)->M(x)) represents ∀x (H(x)→M(x)).\n\n###CONVENTIONS\nAtoms: only uppercase letters not immediately followed by parentesis (e.g. P, Q, R).\nPredicates: uppercase letters immediately followed by parentesis (e.g. H(x), M(y), Q(a,b) ). All predicates must use parentheses.\nVariables: first letter in lowercase, can be followed by letters and numbers (e.g., x, x0, xP0).\n\n### TO CREATE NEW VARIABLE:\nFor Universal Introduction rule(Ai): open a subproof with a fresh variable not occurring in any open hypothesis.\nCreate new variable like this: '<line_number>. { <new_variable> '\n\nFor Existential Elimination rule(Ee): open a subproof with a fresh witness constant/variable. \nCreate new variable like this: '<line_number>. {<new_variable> φ[<old_variable>/<new_variable>] hip\n  Write only the final proof in <proof>...</proof> tags. Only use <proof>...</proof> tags ONCE. Only use these symbols inside the proof '&' , '->', '~', '|', '@', '(', ')', '{', '}', 'Ax', 'Ex'.\nDo not include explanations, commentary, or extra text inside and outside the <proof>...</proof> tags.\n ""}, {'role': 'user', 'content': ""Prove '|- (P->Ex Q(x))->Ex (P->Q(x))', using the natural deduction method. Final answer using the notation described. ""}, {'role': 'assistant', 'content': ' <proof>\n                        1. { \t(P -> Ex Q(x))\t\t\t\t\thip\n                        2.\t{\t~(~P | Ex Q(x))\t\t\t\t\thip\n                        3.\t\t{\tP\t\t\t\t\t\t\t\t      hip\n                        4.      Ex Q(x)               ->e 3, 1\n                        5.\t\t\t~P | Ex Q(x)\t\t\t\t\t|i 4\n                        6.\t\t\t@\t\t\t\t\t\t\t\t~e 5,2 }\t\t\n                        7.\t\t~P\t\t\t\t\t\t\t\t\t~i 3-6\n                        8.\t\t~P | Ex Q(x)\t\t\t\t\t\t|i 7\n                        9.\t\t@\t\t\t\t\t\t\t\t\t~e 8,2 }\n                        10.\t~P | Ex Q(x)        raa 2-9\n                        11.\t{\t~P\t\t\t\t\t\t\t\t\thip\n                        12.\t\t{\tP\t\t\t\t\t\t\t\thip\n                        13.\t\t\t@\t\t\t\t\t\t\t\t~e 11,12\n                        14.     Q(a)            @e 13 }\n                        15.\t\tP -> Q(a)\t\t\t\t\t\t\t->i 12-14\n                        16.\t\tEx  (P -> Q(x))\t\t\t\t\tEi 15 }\n                        17.\t{\tEx Q(x)\t\t\t\t\t\t\thip\n                        18.\t\t{ a\t\tQ(a)\t\t\t\t\t\thip\n                        19.\t\t\t{\tP\t\t\t\t\t\t\thip\n                        20.\t\t\t\tQ(a)\t\t\t\t\t\tcopie 18 }\n                        21.\t\t\tP -> Q(a)\t\t\t\t\t\t->i 19-20\n                        22.\t\t\tEx (P -> Q(x))\t\t\t\tEi 21 }\n                        23.\t\tEx (P -> Q(x))\t\t\t\t\tEe 17, 18-22 }\n                        24.\tEx (P -> Q(x))\t\t\t\t\t\t|e 10, 11-16, 17-23}\n                        25. (P -> Ex Q(x)) -> Ex (P -> Q(x))\t->i 1-24\n                    </proof>'}, {'role': 'user', 'content': ""Prove 'Ax ((P(x)->Q(x))&(Q(x)->P(x))) |- Ax ((~P(x)->~Q(x))&(~Q(x)->~P(x)))', using the natural deduction method. Final answer using the notation described.""}, {'role': 'assistant', 'content': ' <proof>\n                            1. Ax((P(x) -> Q(x)) & (Q(x) -> P(x))) pre\n                            2. { a\n                            3.   (P(a) -> Q(a)) & (Q(a) -> P(a)) Ae 1\n                            4.   P(a) -> Q(a) &e 3\n                            5.   Q(a) -> P(a) &e 3\n                            6.   { ~Q(a) hip\n                            7.     { P(a) hip\n                            8.       Q(a) ->e 7,4\n                            9.       @ ~e 6,8 }\n                            10.   ~P(a) ~i 7-9 }\n                            11. ~Q(a) -> ~P(a) ->i 6-10\n                            12. { ~P(a) hip\n                            13.   { Q(a) hip\n                            14.     P(a) ->e 13,5\n                            15.     @ ~e 12,14 }\n                            16.   ~Q(a) ~i 13-15 }\n                            17. ~P(a) -> ~Q(a) ->i 12-16\n                            18. (~P(a) -> ~Q(a)) & (~Q(a) -> ~P(a)) &i 17,11 }\n                            19. Ax((~P(x) -> ~Q(x)) & (~Q(x) -> ~P(x))) Ai 2-18 \n                        </proof>'}, {'role': 'user', 'content': ""Prove'|- B(x)->(B(x)|C(x))' using the natural deduction method. Only one final answer, surrounded by <proof>...</proof>, using the notation described.""}]","<proof>
                        1. { P(x) hip
                        2.     P(x) | Q(x) |i 1 }
                        3. P(x) -> (P(x) | Q(x)) ->i 1-2
                    </proof>","1. { P(x) hip
                        2.     P(x) | Q(x) |i 1 }
                        3. P(x) -> (P(x) | Q(x)) ->i 1-2","A demonstração está correta.
|- P(x)->(P(x)|Q(x))

Código da demonstração no estilo Fitch em Latex:
\begin{logicproof}{6}
\begin{subproof}
P(x) & hipótese\\
P(x)\lor Q(x) & $\lor i$ 1
\end{subproof}
P(x)\rightarrow (P(x)\lor Q(x)) & $\rightarrow i$ 1-2
\end{logicproof}

Código da demonstração no estilo Gentzen em Latex:
\[\infer[\!\!{\rightarrow\text{i}^{_1}}]{P(x)\rightarrow (P(x)\lor Q(x))}{\infer[\!\!{\lor\text{i}}]{P(x)\lor Q(x)}{\big[P(x)\big]^{_{1}}}}\]
",0.6144382953643799,stop,1775,153
|- ~~B(x)->B(x),"[{'role': 'system', 'content': ""You are an expert in logic using the Natural Deduction method.\nYou will receive one first order logic problem. Your task is to prove its validity using Natural Deduction and represent the proof in a Fitch-like notation, following these formatting instructions.\n\n### FORMAT OF PROOF LINES\nEach proof line must be structured like: '<line_number>. <formula> <origin>'\n- <line_number>: sequential integer, always ending with a dot ('1.', '2.', '3.', ...)\n- <formula>: the formula derived on that line\n- <origin>: either 'pre' (premise), 'hip' (hypothesis) or '<rule_name> <line_refs>'\n - <rule_name> and <line_refs>: \n - &e (1 line) \n - &i (2 lines) \n - ->e (2 lines) \n - ->i (1 range) \n - ~e (2 lines) \n - ~i (1 range) \n - |e (1 line + 2 ranges) \n - |i (1 line) \n - @e (1 line) \n - raa (1 range) \n - copy (1 line) \n - Ae (1 line)\n - Ai (1 range)\n - Ee (1 line + 1 range)\n - Ei (1 line)\n - <line_refs>: Must be comma-separated line numbers or ranges. Ranges denote subproofs (e.g., `->i 8-12`, `|e 4, 5-9, 10-14`)\n\n### SUBPROOFS / HYPOTHESES\nUse subproofs for hypotheses. Use curly braces '{' and '}' to open and close subproofs. \nPlace `{` immediately after the line number (e.g. '8.{ A|B hip') and `}` at the end of the final line of the subproof (e.g. '10. B @e 4}').\nNested subproofs are allowed. But a formula may only be used at a specific point if it appeared earlier in the same subproof or an outer subproof to the current subproof.\n\n### SYMBOLS & CONVENTIONS\nUse the following symbols for logical operations: \n- & = conjunction (and) \n- | = disjunction (or) \n- ~ = negation (not) \n- -> = implication (implies)\n\nQuantifiers symbols: \n Ax represents ∀x \n Ex represents ∃x\nSo formulas with ∀x and ∃x will be represented by Ax and Ex (A and E followed by the variable x). For example, Ax (H(x)->M(x)) represents ∀x (H(x)→M(x)).\n\n###CONVENTIONS\nAtoms: only uppercase letters not immediately followed by parentesis (e.g. P, Q, R).\nPredicates: uppercase letters immediately followed by parentesis (e.g. H(x), M(y), Q(a,b) ). All predicates must use parentheses.\nVariables: first letter in lowercase, can be followed by letters and numbers (e.g., x, x0, xP0).\n\n### TO CREATE NEW VARIABLE:\nFor Universal Introduction rule(Ai): open a subproof with a fresh variable not occurring in any open hypothesis.\nCreate new variable like this: '<line_number>. { <new_variable> '\n\nFor Existential Elimination rule(Ee): open a subproof with a fresh witness constant/variable. \nCreate new variable like this: '<line_number>. {<new_variable> φ[<old_variable>/<new_variable>] hip\n  Write only the final proof in <proof>...</proof> tags. Only use <proof>...</proof> tags ONCE. Only use these symbols inside the proof '&' , '->', '~', '|', '@', '(', ')', '{', '}', 'Ax', 'Ex'.\nDo not include explanations, commentary, or extra text inside and outside the <proof>...</proof> tags.\n ""}, {'role': 'user', 'content': ""Prove '|- (P->Ex Q(x))->Ex (P->Q(x))', using the natural deduction method. Final answer using the notation described. ""}, {'role': 'assistant', 'content': ' <proof>\n                        1. { \t(P -> Ex Q(x))\t\t\t\t\thip\n                        2.\t{\t~(~P | Ex Q(x))\t\t\t\t\thip\n                        3.\t\t{\tP\t\t\t\t\t\t\t\t      hip\n                        4.      Ex Q(x)               ->e 3, 1\n                        5.\t\t\t~P | Ex Q(x)\t\t\t\t\t|i 4\n                        6.\t\t\t@\t\t\t\t\t\t\t\t~e 5,2 }\t\t\n                        7.\t\t~P\t\t\t\t\t\t\t\t\t~i 3-6\n                        8.\t\t~P | Ex Q(x)\t\t\t\t\t\t|i 7\n                        9.\t\t@\t\t\t\t\t\t\t\t\t~e 8,2 }\n                        10.\t~P | Ex Q(x)        raa 2-9\n                        11.\t{\t~P\t\t\t\t\t\t\t\t\thip\n                        12.\t\t{\tP\t\t\t\t\t\t\t\thip\n                        13.\t\t\t@\t\t\t\t\t\t\t\t~e 11,12\n                        14.     Q(a)            @e 13 }\n                        15.\t\tP -> Q(a)\t\t\t\t\t\t\t->i 12-14\n                        16.\t\tEx  (P -> Q(x))\t\t\t\t\tEi 15 }\n                        17.\t{\tEx Q(x)\t\t\t\t\t\t\thip\n                        18.\t\t{ a\t\tQ(a)\t\t\t\t\t\thip\n                        19.\t\t\t{\tP\t\t\t\t\t\t\thip\n                        20.\t\t\t\tQ(a)\t\t\t\t\t\tcopie 18 }\n                        21.\t\t\tP -> Q(a)\t\t\t\t\t\t->i 19-20\n                        22.\t\t\tEx (P -> Q(x))\t\t\t\tEi 21 }\n                        23.\t\tEx (P -> Q(x))\t\t\t\t\tEe 17, 18-22 }\n                        24.\tEx (P -> Q(x))\t\t\t\t\t\t|e 10, 11-16, 17-23}\n                        25. (P -> Ex Q(x)) -> Ex (P -> Q(x))\t->i 1-24\n                    </proof>'}, {'role': 'user', 'content': ""Prove 'Ax ((P(x)->Q(x))&(Q(x)->P(x))) |- Ax ((~P(x)->~Q(x))&(~Q(x)->~P(x)))', using the natural deduction method. Final answer using the notation described.""}, {'role': 'assistant', 'content': ' <proof>\n                            1. Ax((P(x) -> Q(x)) & (Q(x) -> P(x))) pre\n                            2. { a\n                            3.   (P(a) -> Q(a)) & (Q(a) -> P(a)) Ae 1\n                            4.   P(a) -> Q(a) &e 3\n                            5.   Q(a) -> P(a) &e 3\n                            6.   { ~Q(a) hip\n                            7.     { P(a) hip\n                            8.       Q(a) ->e 7,4\n                            9.       @ ~e 6,8 }\n                            10.   ~P(a) ~i 7-9 }\n                            11. ~Q(a) -> ~P(a) ->i 6-10\n                            12. { ~P(a) hip\n                            13.   { Q(a) hip\n                            14.     P(a) ->e 13,5\n                            15.     @ ~e 12,14 }\n                            16.   ~Q(a) ~i 13-15 }\n                            17. ~P(a) -> ~Q(a) ->i 12-16\n                            18. (~P(a) -> ~Q(a)) & (~Q(a) -> ~P(a)) &i 17,11 }\n                            19. Ax((~P(x) -> ~Q(x)) & (~Q(x) -> ~P(x))) Ai 2-18 \n                        </proof>'}, {'role': 'user', 'content': ""Prove'|- ~~B(x)->B(x)' using the natural deduction method. Only one final answer, surrounded by <proof>...</proof>, using the notation described.""}]","<proof>
                     1. { ¬¬P(x) hip
                     2.   { ¬P(x) hip
                     3.     ⊥ ~e 2,1 }
                     4.   P(x) raa 2-3
                     5. } 
                     6. (¬¬P(x) -> P(x)) ->i 1-4
                 </proof>","1. { ¬¬P(x) hip
                     2.   { ¬P(x) hip
                     3.     ⊥ ~e 2,1 }
                     4.   P(x) raa 2-3
                     5. } 
                     6. (¬¬P(x) -> P(x)) ->i 1-4","Os seguintes erros foram encontrados:

Uma das definições não está completa, verifique se todas regras foram aplicadas corretamente.
Lembre-se que uma regra de inferência sempre inicia com um número seguido de um . (linha de referência), tem uma fórmula e uma justificativa (premissa, hipóteses ou uma das regras de inferência com suas respectivas referências para fórmulas anteriores).
Erro de sintaxe:
1. { ¬¬P(x) hip
     ^ Símbolo não pertence a linguagem.
",1.959280490875244,stop,1771,483
|- B(x)->~~B(x),"[{'role': 'system', 'content': ""You are an expert in logic using the Natural Deduction method.\nYou will receive one first order logic problem. Your task is to prove its validity using Natural Deduction and represent the proof in a Fitch-like notation, following these formatting instructions.\n\n### FORMAT OF PROOF LINES\nEach proof line must be structured like: '<line_number>. <formula> <origin>'\n- <line_number>: sequential integer, always ending with a dot ('1.', '2.', '3.', ...)\n- <formula>: the formula derived on that line\n- <origin>: either 'pre' (premise), 'hip' (hypothesis) or '<rule_name> <line_refs>'\n - <rule_name> and <line_refs>: \n - &e (1 line) \n - &i (2 lines) \n - ->e (2 lines) \n - ->i (1 range) \n - ~e (2 lines) \n - ~i (1 range) \n - |e (1 line + 2 ranges) \n - |i (1 line) \n - @e (1 line) \n - raa (1 range) \n - copy (1 line) \n - Ae (1 line)\n - Ai (1 range)\n - Ee (1 line + 1 range)\n - Ei (1 line)\n - <line_refs>: Must be comma-separated line numbers or ranges. Ranges denote subproofs (e.g., `->i 8-12`, `|e 4, 5-9, 10-14`)\n\n### SUBPROOFS / HYPOTHESES\nUse subproofs for hypotheses. Use curly braces '{' and '}' to open and close subproofs. \nPlace `{` immediately after the line number (e.g. '8.{ A|B hip') and `}` at the end of the final line of the subproof (e.g. '10. B @e 4}').\nNested subproofs are allowed. But a formula may only be used at a specific point if it appeared earlier in the same subproof or an outer subproof to the current subproof.\n\n### SYMBOLS & CONVENTIONS\nUse the following symbols for logical operations: \n- & = conjunction (and) \n- | = disjunction (or) \n- ~ = negation (not) \n- -> = implication (implies)\n\nQuantifiers symbols: \n Ax represents ∀x \n Ex represents ∃x\nSo formulas with ∀x and ∃x will be represented by Ax and Ex (A and E followed by the variable x). For example, Ax (H(x)->M(x)) represents ∀x (H(x)→M(x)).\n\n###CONVENTIONS\nAtoms: only uppercase letters not immediately followed by parentesis (e.g. P, Q, R).\nPredicates: uppercase letters immediately followed by parentesis (e.g. H(x), M(y), Q(a,b) ). All predicates must use parentheses.\nVariables: first letter in lowercase, can be followed by letters and numbers (e.g., x, x0, xP0).\n\n### TO CREATE NEW VARIABLE:\nFor Universal Introduction rule(Ai): open a subproof with a fresh variable not occurring in any open hypothesis.\nCreate new variable like this: '<line_number>. { <new_variable> '\n\nFor Existential Elimination rule(Ee): open a subproof with a fresh witness constant/variable. \nCreate new variable like this: '<line_number>. {<new_variable> φ[<old_variable>/<new_variable>] hip\n  Write only the final proof in <proof>...</proof> tags. Only use <proof>...</proof> tags ONCE. Only use these symbols inside the proof '&' , '->', '~', '|', '@', '(', ')', '{', '}', 'Ax', 'Ex'.\nDo not include explanations, commentary, or extra text inside and outside the <proof>...</proof> tags.\n ""}, {'role': 'user', 'content': ""Prove '|- (P->Ex Q(x))->Ex (P->Q(x))', using the natural deduction method. Final answer using the notation described. ""}, {'role': 'assistant', 'content': ' <proof>\n                        1. { \t(P -> Ex Q(x))\t\t\t\t\thip\n                        2.\t{\t~(~P | Ex Q(x))\t\t\t\t\thip\n                        3.\t\t{\tP\t\t\t\t\t\t\t\t      hip\n                        4.      Ex Q(x)               ->e 3, 1\n                        5.\t\t\t~P | Ex Q(x)\t\t\t\t\t|i 4\n                        6.\t\t\t@\t\t\t\t\t\t\t\t~e 5,2 }\t\t\n                        7.\t\t~P\t\t\t\t\t\t\t\t\t~i 3-6\n                        8.\t\t~P | Ex Q(x)\t\t\t\t\t\t|i 7\n                        9.\t\t@\t\t\t\t\t\t\t\t\t~e 8,2 }\n                        10.\t~P | Ex Q(x)        raa 2-9\n                        11.\t{\t~P\t\t\t\t\t\t\t\t\thip\n                        12.\t\t{\tP\t\t\t\t\t\t\t\thip\n                        13.\t\t\t@\t\t\t\t\t\t\t\t~e 11,12\n                        14.     Q(a)            @e 13 }\n                        15.\t\tP -> Q(a)\t\t\t\t\t\t\t->i 12-14\n                        16.\t\tEx  (P -> Q(x))\t\t\t\t\tEi 15 }\n                        17.\t{\tEx Q(x)\t\t\t\t\t\t\thip\n                        18.\t\t{ a\t\tQ(a)\t\t\t\t\t\thip\n                        19.\t\t\t{\tP\t\t\t\t\t\t\thip\n                        20.\t\t\t\tQ(a)\t\t\t\t\t\tcopie 18 }\n                        21.\t\t\tP -> Q(a)\t\t\t\t\t\t->i 19-20\n                        22.\t\t\tEx (P -> Q(x))\t\t\t\tEi 21 }\n                        23.\t\tEx (P -> Q(x))\t\t\t\t\tEe 17, 18-22 }\n                        24.\tEx (P -> Q(x))\t\t\t\t\t\t|e 10, 11-16, 17-23}\n                        25. (P -> Ex Q(x)) -> Ex (P -> Q(x))\t->i 1-24\n                    </proof>'}, {'role': 'user', 'content': ""Prove 'Ax ((P(x)->Q(x))&(Q(x)->P(x))) |- Ax ((~P(x)->~Q(x))&(~Q(x)->~P(x)))', using the natural deduction method. Final answer using the notation described.""}, {'role': 'assistant', 'content': ' <proof>\n                            1. Ax((P(x) -> Q(x)) & (Q(x) -> P(x))) pre\n                            2. { a\n                            3.   (P(a) -> Q(a)) & (Q(a) -> P(a)) Ae 1\n                            4.   P(a) -> Q(a) &e 3\n                            5.   Q(a) -> P(a) &e 3\n                            6.   { ~Q(a) hip\n                            7.     { P(a) hip\n                            8.       Q(a) ->e 7,4\n                            9.       @ ~e 6,8 }\n                            10.   ~P(a) ~i 7-9 }\n                            11. ~Q(a) -> ~P(a) ->i 6-10\n                            12. { ~P(a) hip\n                            13.   { Q(a) hip\n                            14.     P(a) ->e 13,5\n                            15.     @ ~e 12,14 }\n                            16.   ~Q(a) ~i 13-15 }\n                            17. ~P(a) -> ~Q(a) ->i 12-16\n                            18. (~P(a) -> ~Q(a)) & (~Q(a) -> ~P(a)) &i 17,11 }\n                            19. Ax((~P(x) -> ~Q(x)) & (~Q(x) -> ~P(x))) Ai 2-18 \n                        </proof>'}, {'role': 'user', 'content': ""Prove'|- B(x)->~~B(x)' using the natural deduction method. Only one final answer, surrounded by <proof>...</proof>, using the notation described.""}]","<proof>
    1. { P(x) } hip
    2. { ~P(x) } hip
    3. @ ??? 
    4. ~~P(x) raa 2-3
    5. P(x) -> ~~P(x) ->i 1-4
</proof>","1. { P(x) } hip
    2. { ~P(x) } hip
    3. @ ??? 
    4. ~~P(x) raa 2-3
    5. P(x) -> ~~P(x) ->i 1-4","Os seguintes erros foram encontrados:

Uma das definições não está completa, verifique se todas regras foram aplicadas corretamente.
Lembre-se que uma regra de inferência sempre inicia com um número seguido de um . (linha de referência), tem uma fórmula e uma justificativa (premissa, hipóteses ou uma das regras de inferência com suas respectivas referências para fórmulas anteriores).
Erro de sintaxe:
1. { P(x) } hip
          ^
",6.571448802947998,stop,1771,1734
|- Ax (B(x)->C(x))->(Ex B(x)->Ex C(x)),"[{'role': 'system', 'content': ""You are an expert in logic using the Natural Deduction method.\nYou will receive one first order logic problem. Your task is to prove its validity using Natural Deduction and represent the proof in a Fitch-like notation, following these formatting instructions.\n\n### FORMAT OF PROOF LINES\nEach proof line must be structured like: '<line_number>. <formula> <origin>'\n- <line_number>: sequential integer, always ending with a dot ('1.', '2.', '3.', ...)\n- <formula>: the formula derived on that line\n- <origin>: either 'pre' (premise), 'hip' (hypothesis) or '<rule_name> <line_refs>'\n - <rule_name> and <line_refs>: \n - &e (1 line) \n - &i (2 lines) \n - ->e (2 lines) \n - ->i (1 range) \n - ~e (2 lines) \n - ~i (1 range) \n - |e (1 line + 2 ranges) \n - |i (1 line) \n - @e (1 line) \n - raa (1 range) \n - copy (1 line) \n - Ae (1 line)\n - Ai (1 range)\n - Ee (1 line + 1 range)\n - Ei (1 line)\n - <line_refs>: Must be comma-separated line numbers or ranges. Ranges denote subproofs (e.g., `->i 8-12`, `|e 4, 5-9, 10-14`)\n\n### SUBPROOFS / HYPOTHESES\nUse subproofs for hypotheses. Use curly braces '{' and '}' to open and close subproofs. \nPlace `{` immediately after the line number (e.g. '8.{ A|B hip') and `}` at the end of the final line of the subproof (e.g. '10. B @e 4}').\nNested subproofs are allowed. But a formula may only be used at a specific point if it appeared earlier in the same subproof or an outer subproof to the current subproof.\n\n### SYMBOLS & CONVENTIONS\nUse the following symbols for logical operations: \n- & = conjunction (and) \n- | = disjunction (or) \n- ~ = negation (not) \n- -> = implication (implies)\n\nQuantifiers symbols: \n Ax represents ∀x \n Ex represents ∃x\nSo formulas with ∀x and ∃x will be represented by Ax and Ex (A and E followed by the variable x). For example, Ax (H(x)->M(x)) represents ∀x (H(x)→M(x)).\n\n###CONVENTIONS\nAtoms: only uppercase letters not immediately followed by parentesis (e.g. P, Q, R).\nPredicates: uppercase letters immediately followed by parentesis (e.g. H(x), M(y), Q(a,b) ). All predicates must use parentheses.\nVariables: first letter in lowercase, can be followed by letters and numbers (e.g., x, x0, xP0).\n\n### TO CREATE NEW VARIABLE:\nFor Universal Introduction rule(Ai): open a subproof with a fresh variable not occurring in any open hypothesis.\nCreate new variable like this: '<line_number>. { <new_variable> '\n\nFor Existential Elimination rule(Ee): open a subproof with a fresh witness constant/variable. \nCreate new variable like this: '<line_number>. {<new_variable> φ[<old_variable>/<new_variable>] hip\n  Write only the final proof in <proof>...</proof> tags. Only use <proof>...</proof> tags ONCE. Only use these symbols inside the proof '&' , '->', '~', '|', '@', '(', ')', '{', '}', 'Ax', 'Ex'.\nDo not include explanations, commentary, or extra text inside and outside the <proof>...</proof> tags.\n ""}, {'role': 'user', 'content': ""Prove '|- (P->Ex Q(x))->Ex (P->Q(x))', using the natural deduction method. Final answer using the notation described. ""}, {'role': 'assistant', 'content': ' <proof>\n                        1. { \t(P -> Ex Q(x))\t\t\t\t\thip\n                        2.\t{\t~(~P | Ex Q(x))\t\t\t\t\thip\n                        3.\t\t{\tP\t\t\t\t\t\t\t\t      hip\n                        4.      Ex Q(x)               ->e 3, 1\n                        5.\t\t\t~P | Ex Q(x)\t\t\t\t\t|i 4\n                        6.\t\t\t@\t\t\t\t\t\t\t\t~e 5,2 }\t\t\n                        7.\t\t~P\t\t\t\t\t\t\t\t\t~i 3-6\n                        8.\t\t~P | Ex Q(x)\t\t\t\t\t\t|i 7\n                        9.\t\t@\t\t\t\t\t\t\t\t\t~e 8,2 }\n                        10.\t~P | Ex Q(x)        raa 2-9\n                        11.\t{\t~P\t\t\t\t\t\t\t\t\thip\n                        12.\t\t{\tP\t\t\t\t\t\t\t\thip\n                        13.\t\t\t@\t\t\t\t\t\t\t\t~e 11,12\n                        14.     Q(a)            @e 13 }\n                        15.\t\tP -> Q(a)\t\t\t\t\t\t\t->i 12-14\n                        16.\t\tEx  (P -> Q(x))\t\t\t\t\tEi 15 }\n                        17.\t{\tEx Q(x)\t\t\t\t\t\t\thip\n                        18.\t\t{ a\t\tQ(a)\t\t\t\t\t\thip\n                        19.\t\t\t{\tP\t\t\t\t\t\t\thip\n                        20.\t\t\t\tQ(a)\t\t\t\t\t\tcopie 18 }\n                        21.\t\t\tP -> Q(a)\t\t\t\t\t\t->i 19-20\n                        22.\t\t\tEx (P -> Q(x))\t\t\t\tEi 21 }\n                        23.\t\tEx (P -> Q(x))\t\t\t\t\tEe 17, 18-22 }\n                        24.\tEx (P -> Q(x))\t\t\t\t\t\t|e 10, 11-16, 17-23}\n                        25. (P -> Ex Q(x)) -> Ex (P -> Q(x))\t->i 1-24\n                    </proof>'}, {'role': 'user', 'content': ""Prove 'Ax ((P(x)->Q(x))&(Q(x)->P(x))) |- Ax ((~P(x)->~Q(x))&(~Q(x)->~P(x)))', using the natural deduction method. Final answer using the notation described.""}, {'role': 'assistant', 'content': ' <proof>\n                            1. Ax((P(x) -> Q(x)) & (Q(x) -> P(x))) pre\n                            2. { a\n                            3.   (P(a) -> Q(a)) & (Q(a) -> P(a)) Ae 1\n                            4.   P(a) -> Q(a) &e 3\n                            5.   Q(a) -> P(a) &e 3\n                            6.   { ~Q(a) hip\n                            7.     { P(a) hip\n                            8.       Q(a) ->e 7,4\n                            9.       @ ~e 6,8 }\n                            10.   ~P(a) ~i 7-9 }\n                            11. ~Q(a) -> ~P(a) ->i 6-10\n                            12. { ~P(a) hip\n                            13.   { Q(a) hip\n                            14.     P(a) ->e 13,5\n                            15.     @ ~e 12,14 }\n                            16.   ~Q(a) ~i 13-15 }\n                            17. ~P(a) -> ~Q(a) ->i 12-16\n                            18. (~P(a) -> ~Q(a)) & (~Q(a) -> ~P(a)) &i 17,11 }\n                            19. Ax((~P(x) -> ~Q(x)) & (~Q(x) -> ~P(x))) Ai 2-18 \n                        </proof>'}, {'role': 'user', 'content': ""Prove'|- Ax (B(x)->C(x))->(Ex B(x)->Ex C(x))' using the natural deduction method. Only one final answer, surrounded by <proof>...</proof>, using the notation described.""}]","<proof>
                     1. { Ax(P->Q) hip
                     2.   { Ex P hip
                     3.     { a P(a) hip
                     4.       P(a)->Q(a) Ae 1
                     5.       Q(a) ->e 3,4
                     6.     }
                     7.     Ex Q(x) Ei 5
                     8.   }
                     9.   Ex P -> Ex Q(x) ->i 2-8
                    10. Ax(P->Q) -> (Ex P -> Ex Q(x)) ->i 1-9
                </proof>","1. { Ax(P->Q) hip
                     2.   { Ex P hip
                     3.     { a P(a) hip
                     4.       P(a)->Q(a) Ae 1
                     5.       Q(a) ->e 3,4
                     6.     }
                     7.     Ex Q(x) Ei 5
                     8.   }
                     9.   Ex P -> Ex Q(x) ->i 2-8
                    10. Ax(P->Q) -> (Ex P -> Ex Q(x)) ->i 1-9","Os seguintes erros foram encontrados:

Uma das definições não está completa, verifique se todas regras foram aplicadas corretamente.
Lembre-se que uma regra de inferência sempre inicia com um número seguido de um . (linha de referência), tem uma fórmula e uma justificativa (premissa, hipóteses ou uma das regras de inferência com suas respectivas referências para fórmulas anteriores).
Erro de sintaxe:
                     6.     }
                            ^
",2.303022623062134,stop,1782,620
|- Ax (B(x)&C(x))->(Ax B(x)&Ax C(x)),"[{'role': 'system', 'content': ""You are an expert in logic using the Natural Deduction method.\nYou will receive one first order logic problem. Your task is to prove its validity using Natural Deduction and represent the proof in a Fitch-like notation, following these formatting instructions.\n\n### FORMAT OF PROOF LINES\nEach proof line must be structured like: '<line_number>. <formula> <origin>'\n- <line_number>: sequential integer, always ending with a dot ('1.', '2.', '3.', ...)\n- <formula>: the formula derived on that line\n- <origin>: either 'pre' (premise), 'hip' (hypothesis) or '<rule_name> <line_refs>'\n - <rule_name> and <line_refs>: \n - &e (1 line) \n - &i (2 lines) \n - ->e (2 lines) \n - ->i (1 range) \n - ~e (2 lines) \n - ~i (1 range) \n - |e (1 line + 2 ranges) \n - |i (1 line) \n - @e (1 line) \n - raa (1 range) \n - copy (1 line) \n - Ae (1 line)\n - Ai (1 range)\n - Ee (1 line + 1 range)\n - Ei (1 line)\n - <line_refs>: Must be comma-separated line numbers or ranges. Ranges denote subproofs (e.g., `->i 8-12`, `|e 4, 5-9, 10-14`)\n\n### SUBPROOFS / HYPOTHESES\nUse subproofs for hypotheses. Use curly braces '{' and '}' to open and close subproofs. \nPlace `{` immediately after the line number (e.g. '8.{ A|B hip') and `}` at the end of the final line of the subproof (e.g. '10. B @e 4}').\nNested subproofs are allowed. But a formula may only be used at a specific point if it appeared earlier in the same subproof or an outer subproof to the current subproof.\n\n### SYMBOLS & CONVENTIONS\nUse the following symbols for logical operations: \n- & = conjunction (and) \n- | = disjunction (or) \n- ~ = negation (not) \n- -> = implication (implies)\n\nQuantifiers symbols: \n Ax represents ∀x \n Ex represents ∃x\nSo formulas with ∀x and ∃x will be represented by Ax and Ex (A and E followed by the variable x). For example, Ax (H(x)->M(x)) represents ∀x (H(x)→M(x)).\n\n###CONVENTIONS\nAtoms: only uppercase letters not immediately followed by parentesis (e.g. P, Q, R).\nPredicates: uppercase letters immediately followed by parentesis (e.g. H(x), M(y), Q(a,b) ). All predicates must use parentheses.\nVariables: first letter in lowercase, can be followed by letters and numbers (e.g., x, x0, xP0).\n\n### TO CREATE NEW VARIABLE:\nFor Universal Introduction rule(Ai): open a subproof with a fresh variable not occurring in any open hypothesis.\nCreate new variable like this: '<line_number>. { <new_variable> '\n\nFor Existential Elimination rule(Ee): open a subproof with a fresh witness constant/variable. \nCreate new variable like this: '<line_number>. {<new_variable> φ[<old_variable>/<new_variable>] hip\n  Write only the final proof in <proof>...</proof> tags. Only use <proof>...</proof> tags ONCE. Only use these symbols inside the proof '&' , '->', '~', '|', '@', '(', ')', '{', '}', 'Ax', 'Ex'.\nDo not include explanations, commentary, or extra text inside and outside the <proof>...</proof> tags.\n ""}, {'role': 'user', 'content': ""Prove '|- (P->Ex Q(x))->Ex (P->Q(x))', using the natural deduction method. Final answer using the notation described. ""}, {'role': 'assistant', 'content': ' <proof>\n                        1. { \t(P -> Ex Q(x))\t\t\t\t\thip\n                        2.\t{\t~(~P | Ex Q(x))\t\t\t\t\thip\n                        3.\t\t{\tP\t\t\t\t\t\t\t\t      hip\n                        4.      Ex Q(x)               ->e 3, 1\n                        5.\t\t\t~P | Ex Q(x)\t\t\t\t\t|i 4\n                        6.\t\t\t@\t\t\t\t\t\t\t\t~e 5,2 }\t\t\n                        7.\t\t~P\t\t\t\t\t\t\t\t\t~i 3-6\n                        8.\t\t~P | Ex Q(x)\t\t\t\t\t\t|i 7\n                        9.\t\t@\t\t\t\t\t\t\t\t\t~e 8,2 }\n                        10.\t~P | Ex Q(x)        raa 2-9\n                        11.\t{\t~P\t\t\t\t\t\t\t\t\thip\n                        12.\t\t{\tP\t\t\t\t\t\t\t\thip\n                        13.\t\t\t@\t\t\t\t\t\t\t\t~e 11,12\n                        14.     Q(a)            @e 13 }\n                        15.\t\tP -> Q(a)\t\t\t\t\t\t\t->i 12-14\n                        16.\t\tEx  (P -> Q(x))\t\t\t\t\tEi 15 }\n                        17.\t{\tEx Q(x)\t\t\t\t\t\t\thip\n                        18.\t\t{ a\t\tQ(a)\t\t\t\t\t\thip\n                        19.\t\t\t{\tP\t\t\t\t\t\t\thip\n                        20.\t\t\t\tQ(a)\t\t\t\t\t\tcopie 18 }\n                        21.\t\t\tP -> Q(a)\t\t\t\t\t\t->i 19-20\n                        22.\t\t\tEx (P -> Q(x))\t\t\t\tEi 21 }\n                        23.\t\tEx (P -> Q(x))\t\t\t\t\tEe 17, 18-22 }\n                        24.\tEx (P -> Q(x))\t\t\t\t\t\t|e 10, 11-16, 17-23}\n                        25. (P -> Ex Q(x)) -> Ex (P -> Q(x))\t->i 1-24\n                    </proof>'}, {'role': 'user', 'content': ""Prove 'Ax ((P(x)->Q(x))&(Q(x)->P(x))) |- Ax ((~P(x)->~Q(x))&(~Q(x)->~P(x)))', using the natural deduction method. Final answer using the notation described.""}, {'role': 'assistant', 'content': ' <proof>\n                            1. Ax((P(x) -> Q(x)) & (Q(x) -> P(x))) pre\n                            2. { a\n                            3.   (P(a) -> Q(a)) & (Q(a) -> P(a)) Ae 1\n                            4.   P(a) -> Q(a) &e 3\n                            5.   Q(a) -> P(a) &e 3\n                            6.   { ~Q(a) hip\n                            7.     { P(a) hip\n                            8.       Q(a) ->e 7,4\n                            9.       @ ~e 6,8 }\n                            10.   ~P(a) ~i 7-9 }\n                            11. ~Q(a) -> ~P(a) ->i 6-10\n                            12. { ~P(a) hip\n                            13.   { Q(a) hip\n                            14.     P(a) ->e 13,5\n                            15.     @ ~e 12,14 }\n                            16.   ~Q(a) ~i 13-15 }\n                            17. ~P(a) -> ~Q(a) ->i 12-16\n                            18. (~P(a) -> ~Q(a)) & (~Q(a) -> ~P(a)) &i 17,11 }\n                            19. Ax((~P(x) -> ~Q(x)) & (~Q(x) -> ~P(x))) Ai 2-18 \n                        </proof>'}, {'role': 'user', 'content': ""Prove'|- Ax (B(x)&C(x))->(Ax B(x)&Ax C(x))' using the natural deduction method. Only one final answer, surrounded by <proof>...</proof>, using the notation described.""}]","<proof>
                        1. { Ax (P(x)&Q(x)) hip
                        2.   { a
                        3.     (P(a)&Q(a)) Ae 1
                        4.     P(a) &e 3
                        5.     Ax P(x) Ai 2-4
                        6.     Q(a) &e 3
                        7.     Ax Q(x) Ai 2-6
                        8.   }
                        9.   (Ax P(x)&Ax Q(x)) &i 5,7
                       10. (Ax(P&Q))->(AxP & AxQ) ->i 1-9
                    </proof>","1. { Ax (P(x)&Q(x)) hip
                        2.   { a
                        3.     (P(a)&Q(a)) Ae 1
                        4.     P(a) &e 3
                        5.     Ax P(x) Ai 2-4
                        6.     Q(a) &e 3
                        7.     Ax Q(x) Ai 2-6
                        8.   }
                        9.   (Ax P(x)&Ax Q(x)) &i 5,7
                       10. (Ax(P&Q))->(AxP & AxQ) ->i 1-9","Os seguintes erros foram encontrados:

Uma das definições não está completa, verifique se todas regras foram aplicadas corretamente.
Lembre-se que uma regra de inferência sempre inicia com um número seguido de um . (linha de referência), tem uma fórmula e uma justificativa (premissa, hipóteses ou uma das regras de inferência com suas respectivas referências para fórmulas anteriores).
Erro de sintaxe:
                        8.   }
                             ^
",2.086800575256348,stop,1782,562
|- ~Ex (B(x)&~B(x)),"[{'role': 'system', 'content': ""You are an expert in logic using the Natural Deduction method.\nYou will receive one first order logic problem. Your task is to prove its validity using Natural Deduction and represent the proof in a Fitch-like notation, following these formatting instructions.\n\n### FORMAT OF PROOF LINES\nEach proof line must be structured like: '<line_number>. <formula> <origin>'\n- <line_number>: sequential integer, always ending with a dot ('1.', '2.', '3.', ...)\n- <formula>: the formula derived on that line\n- <origin>: either 'pre' (premise), 'hip' (hypothesis) or '<rule_name> <line_refs>'\n - <rule_name> and <line_refs>: \n - &e (1 line) \n - &i (2 lines) \n - ->e (2 lines) \n - ->i (1 range) \n - ~e (2 lines) \n - ~i (1 range) \n - |e (1 line + 2 ranges) \n - |i (1 line) \n - @e (1 line) \n - raa (1 range) \n - copy (1 line) \n - Ae (1 line)\n - Ai (1 range)\n - Ee (1 line + 1 range)\n - Ei (1 line)\n - <line_refs>: Must be comma-separated line numbers or ranges. Ranges denote subproofs (e.g., `->i 8-12`, `|e 4, 5-9, 10-14`)\n\n### SUBPROOFS / HYPOTHESES\nUse subproofs for hypotheses. Use curly braces '{' and '}' to open and close subproofs. \nPlace `{` immediately after the line number (e.g. '8.{ A|B hip') and `}` at the end of the final line of the subproof (e.g. '10. B @e 4}').\nNested subproofs are allowed. But a formula may only be used at a specific point if it appeared earlier in the same subproof or an outer subproof to the current subproof.\n\n### SYMBOLS & CONVENTIONS\nUse the following symbols for logical operations: \n- & = conjunction (and) \n- | = disjunction (or) \n- ~ = negation (not) \n- -> = implication (implies)\n\nQuantifiers symbols: \n Ax represents ∀x \n Ex represents ∃x\nSo formulas with ∀x and ∃x will be represented by Ax and Ex (A and E followed by the variable x). For example, Ax (H(x)->M(x)) represents ∀x (H(x)→M(x)).\n\n###CONVENTIONS\nAtoms: only uppercase letters not immediately followed by parentesis (e.g. P, Q, R).\nPredicates: uppercase letters immediately followed by parentesis (e.g. H(x), M(y), Q(a,b) ). All predicates must use parentheses.\nVariables: first letter in lowercase, can be followed by letters and numbers (e.g., x, x0, xP0).\n\n### TO CREATE NEW VARIABLE:\nFor Universal Introduction rule(Ai): open a subproof with a fresh variable not occurring in any open hypothesis.\nCreate new variable like this: '<line_number>. { <new_variable> '\n\nFor Existential Elimination rule(Ee): open a subproof with a fresh witness constant/variable. \nCreate new variable like this: '<line_number>. {<new_variable> φ[<old_variable>/<new_variable>] hip\n  Write only the final proof in <proof>...</proof> tags. Only use <proof>...</proof> tags ONCE. Only use these symbols inside the proof '&' , '->', '~', '|', '@', '(', ')', '{', '}', 'Ax', 'Ex'.\nDo not include explanations, commentary, or extra text inside and outside the <proof>...</proof> tags.\n ""}, {'role': 'user', 'content': ""Prove '|- (P->Ex Q(x))->Ex (P->Q(x))', using the natural deduction method. Final answer using the notation described. ""}, {'role': 'assistant', 'content': ' <proof>\n                        1. { \t(P -> Ex Q(x))\t\t\t\t\thip\n                        2.\t{\t~(~P | Ex Q(x))\t\t\t\t\thip\n                        3.\t\t{\tP\t\t\t\t\t\t\t\t      hip\n                        4.      Ex Q(x)               ->e 3, 1\n                        5.\t\t\t~P | Ex Q(x)\t\t\t\t\t|i 4\n                        6.\t\t\t@\t\t\t\t\t\t\t\t~e 5,2 }\t\t\n                        7.\t\t~P\t\t\t\t\t\t\t\t\t~i 3-6\n                        8.\t\t~P | Ex Q(x)\t\t\t\t\t\t|i 7\n                        9.\t\t@\t\t\t\t\t\t\t\t\t~e 8,2 }\n                        10.\t~P | Ex Q(x)        raa 2-9\n                        11.\t{\t~P\t\t\t\t\t\t\t\t\thip\n                        12.\t\t{\tP\t\t\t\t\t\t\t\thip\n                        13.\t\t\t@\t\t\t\t\t\t\t\t~e 11,12\n                        14.     Q(a)            @e 13 }\n                        15.\t\tP -> Q(a)\t\t\t\t\t\t\t->i 12-14\n                        16.\t\tEx  (P -> Q(x))\t\t\t\t\tEi 15 }\n                        17.\t{\tEx Q(x)\t\t\t\t\t\t\thip\n                        18.\t\t{ a\t\tQ(a)\t\t\t\t\t\thip\n                        19.\t\t\t{\tP\t\t\t\t\t\t\thip\n                        20.\t\t\t\tQ(a)\t\t\t\t\t\tcopie 18 }\n                        21.\t\t\tP -> Q(a)\t\t\t\t\t\t->i 19-20\n                        22.\t\t\tEx (P -> Q(x))\t\t\t\tEi 21 }\n                        23.\t\tEx (P -> Q(x))\t\t\t\t\tEe 17, 18-22 }\n                        24.\tEx (P -> Q(x))\t\t\t\t\t\t|e 10, 11-16, 17-23}\n                        25. (P -> Ex Q(x)) -> Ex (P -> Q(x))\t->i 1-24\n                    </proof>'}, {'role': 'user', 'content': ""Prove 'Ax ((P(x)->Q(x))&(Q(x)->P(x))) |- Ax ((~P(x)->~Q(x))&(~Q(x)->~P(x)))', using the natural deduction method. Final answer using the notation described.""}, {'role': 'assistant', 'content': ' <proof>\n                            1. Ax((P(x) -> Q(x)) & (Q(x) -> P(x))) pre\n                            2. { a\n                            3.   (P(a) -> Q(a)) & (Q(a) -> P(a)) Ae 1\n                            4.   P(a) -> Q(a) &e 3\n                            5.   Q(a) -> P(a) &e 3\n                            6.   { ~Q(a) hip\n                            7.     { P(a) hip\n                            8.       Q(a) ->e 7,4\n                            9.       @ ~e 6,8 }\n                            10.   ~P(a) ~i 7-9 }\n                            11. ~Q(a) -> ~P(a) ->i 6-10\n                            12. { ~P(a) hip\n                            13.   { Q(a) hip\n                            14.     P(a) ->e 13,5\n                            15.     @ ~e 12,14 }\n                            16.   ~Q(a) ~i 13-15 }\n                            17. ~P(a) -> ~Q(a) ->i 12-16\n                            18. (~P(a) -> ~Q(a)) & (~Q(a) -> ~P(a)) &i 17,11 }\n                            19. Ax((~P(x) -> ~Q(x)) & (~Q(x) -> ~P(x))) Ai 2-18 \n                        </proof>'}, {'role': 'user', 'content': ""Prove'|- ~Ex (B(x)&~B(x))' using the natural deduction method. Only one final answer, surrounded by <proof>...</proof>, using the notation described.""}]","<proof>
                        1. { Ex(P(x)&~P(x)) hip
                        2.   { a P(a) & ~P(a) Ee 1
                        3.     P(a) &e 2
                        4.     ~P(a) &e 2
                        5.     @ ~e 3,4 }
                        6.   ¬Ex(P(x)&~P(x)) raa 1-5
                    </proof>","1. { Ex(P(x)&~P(x)) hip
                        2.   { a P(a) & ~P(a) Ee 1
                        3.     P(a) &e 2
                        4.     ~P(a) &e 2
                        5.     @ ~e 3,4 }
                        6.   ¬Ex(P(x)&~P(x)) raa 1-5","Os seguintes erros foram encontrados:

Uma das definições não está completa, verifique se todas regras foram aplicadas corretamente.
Lembre-se que uma regra de inferência sempre inicia com um número seguido de um . (linha de referência), tem uma fórmula e uma justificativa (premissa, hipóteses ou uma das regras de inferência com suas respectivas referências para fórmulas anteriores).
Erro de sintaxe:
                        2.   { a P(a) & ~P(a) Ee 1
                                              ^
",2.807879686355591,stop,1775,739
|- Ax (B(x)->~C(x))->~Ex (B(x)&C(x)),"[{'role': 'system', 'content': ""You are an expert in logic using the Natural Deduction method.\nYou will receive one first order logic problem. Your task is to prove its validity using Natural Deduction and represent the proof in a Fitch-like notation, following these formatting instructions.\n\n### FORMAT OF PROOF LINES\nEach proof line must be structured like: '<line_number>. <formula> <origin>'\n- <line_number>: sequential integer, always ending with a dot ('1.', '2.', '3.', ...)\n- <formula>: the formula derived on that line\n- <origin>: either 'pre' (premise), 'hip' (hypothesis) or '<rule_name> <line_refs>'\n - <rule_name> and <line_refs>: \n - &e (1 line) \n - &i (2 lines) \n - ->e (2 lines) \n - ->i (1 range) \n - ~e (2 lines) \n - ~i (1 range) \n - |e (1 line + 2 ranges) \n - |i (1 line) \n - @e (1 line) \n - raa (1 range) \n - copy (1 line) \n - Ae (1 line)\n - Ai (1 range)\n - Ee (1 line + 1 range)\n - Ei (1 line)\n - <line_refs>: Must be comma-separated line numbers or ranges. Ranges denote subproofs (e.g., `->i 8-12`, `|e 4, 5-9, 10-14`)\n\n### SUBPROOFS / HYPOTHESES\nUse subproofs for hypotheses. Use curly braces '{' and '}' to open and close subproofs. \nPlace `{` immediately after the line number (e.g. '8.{ A|B hip') and `}` at the end of the final line of the subproof (e.g. '10. B @e 4}').\nNested subproofs are allowed. But a formula may only be used at a specific point if it appeared earlier in the same subproof or an outer subproof to the current subproof.\n\n### SYMBOLS & CONVENTIONS\nUse the following symbols for logical operations: \n- & = conjunction (and) \n- | = disjunction (or) \n- ~ = negation (not) \n- -> = implication (implies)\n\nQuantifiers symbols: \n Ax represents ∀x \n Ex represents ∃x\nSo formulas with ∀x and ∃x will be represented by Ax and Ex (A and E followed by the variable x). For example, Ax (H(x)->M(x)) represents ∀x (H(x)→M(x)).\n\n###CONVENTIONS\nAtoms: only uppercase letters not immediately followed by parentesis (e.g. P, Q, R).\nPredicates: uppercase letters immediately followed by parentesis (e.g. H(x), M(y), Q(a,b) ). All predicates must use parentheses.\nVariables: first letter in lowercase, can be followed by letters and numbers (e.g., x, x0, xP0).\n\n### TO CREATE NEW VARIABLE:\nFor Universal Introduction rule(Ai): open a subproof with a fresh variable not occurring in any open hypothesis.\nCreate new variable like this: '<line_number>. { <new_variable> '\n\nFor Existential Elimination rule(Ee): open a subproof with a fresh witness constant/variable. \nCreate new variable like this: '<line_number>. {<new_variable> φ[<old_variable>/<new_variable>] hip\n  Write only the final proof in <proof>...</proof> tags. Only use <proof>...</proof> tags ONCE. Only use these symbols inside the proof '&' , '->', '~', '|', '@', '(', ')', '{', '}', 'Ax', 'Ex'.\nDo not include explanations, commentary, or extra text inside and outside the <proof>...</proof> tags.\n ""}, {'role': 'user', 'content': ""Prove '|- (P->Ex Q(x))->Ex (P->Q(x))', using the natural deduction method. Final answer using the notation described. ""}, {'role': 'assistant', 'content': ' <proof>\n                        1. { \t(P -> Ex Q(x))\t\t\t\t\thip\n                        2.\t{\t~(~P | Ex Q(x))\t\t\t\t\thip\n                        3.\t\t{\tP\t\t\t\t\t\t\t\t      hip\n                        4.      Ex Q(x)               ->e 3, 1\n                        5.\t\t\t~P | Ex Q(x)\t\t\t\t\t|i 4\n                        6.\t\t\t@\t\t\t\t\t\t\t\t~e 5,2 }\t\t\n                        7.\t\t~P\t\t\t\t\t\t\t\t\t~i 3-6\n                        8.\t\t~P | Ex Q(x)\t\t\t\t\t\t|i 7\n                        9.\t\t@\t\t\t\t\t\t\t\t\t~e 8,2 }\n                        10.\t~P | Ex Q(x)        raa 2-9\n                        11.\t{\t~P\t\t\t\t\t\t\t\t\thip\n                        12.\t\t{\tP\t\t\t\t\t\t\t\thip\n                        13.\t\t\t@\t\t\t\t\t\t\t\t~e 11,12\n                        14.     Q(a)            @e 13 }\n                        15.\t\tP -> Q(a)\t\t\t\t\t\t\t->i 12-14\n                        16.\t\tEx  (P -> Q(x))\t\t\t\t\tEi 15 }\n                        17.\t{\tEx Q(x)\t\t\t\t\t\t\thip\n                        18.\t\t{ a\t\tQ(a)\t\t\t\t\t\thip\n                        19.\t\t\t{\tP\t\t\t\t\t\t\thip\n                        20.\t\t\t\tQ(a)\t\t\t\t\t\tcopie 18 }\n                        21.\t\t\tP -> Q(a)\t\t\t\t\t\t->i 19-20\n                        22.\t\t\tEx (P -> Q(x))\t\t\t\tEi 21 }\n                        23.\t\tEx (P -> Q(x))\t\t\t\t\tEe 17, 18-22 }\n                        24.\tEx (P -> Q(x))\t\t\t\t\t\t|e 10, 11-16, 17-23}\n                        25. (P -> Ex Q(x)) -> Ex (P -> Q(x))\t->i 1-24\n                    </proof>'}, {'role': 'user', 'content': ""Prove 'Ax ((P(x)->Q(x))&(Q(x)->P(x))) |- Ax ((~P(x)->~Q(x))&(~Q(x)->~P(x)))', using the natural deduction method. Final answer using the notation described.""}, {'role': 'assistant', 'content': ' <proof>\n                            1. Ax((P(x) -> Q(x)) & (Q(x) -> P(x))) pre\n                            2. { a\n                            3.   (P(a) -> Q(a)) & (Q(a) -> P(a)) Ae 1\n                            4.   P(a) -> Q(a) &e 3\n                            5.   Q(a) -> P(a) &e 3\n                            6.   { ~Q(a) hip\n                            7.     { P(a) hip\n                            8.       Q(a) ->e 7,4\n                            9.       @ ~e 6,8 }\n                            10.   ~P(a) ~i 7-9 }\n                            11. ~Q(a) -> ~P(a) ->i 6-10\n                            12. { ~P(a) hip\n                            13.   { Q(a) hip\n                            14.     P(a) ->e 13,5\n                            15.     @ ~e 12,14 }\n                            16.   ~Q(a) ~i 13-15 }\n                            17. ~P(a) -> ~Q(a) ->i 12-16\n                            18. (~P(a) -> ~Q(a)) & (~Q(a) -> ~P(a)) &i 17,11 }\n                            19. Ax((~P(x) -> ~Q(x)) & (~Q(x) -> ~P(x))) Ai 2-18 \n                        </proof>'}, {'role': 'user', 'content': ""Prove'|- Ax (B(x)->~C(x))->~Ex (B(x)&C(x))' using the natural deduction method. Only one final answer, surrounded by <proof>...</proof>, using the notation described.""}]","<proof>
    1. ∀x(P(x)->~Q(x)) pre
    2. { ∃x(P(x)&Q(x)) hip
    3.   { a P(a)&Q(a) Ee 2
    4.     P(a) &e 3
    5.     Q(a) &e 3
    6.     P(a)->~Q(a) Ae 1
    7.     ~Q(a) ->e 4,6
    8.     @ ~e 5,7 }
    9.   ¬∃x(P(x)&Q(x)) raa 2-8
    10. (∀x(P(x)->~Q(x))) -> ¬∃x(P(x)&Q(x)) ->i 1-9
</proof>","1. ∀x(P(x)->~Q(x)) pre
    2. { ∃x(P(x)&Q(x)) hip
    3.   { a P(a)&Q(a) Ee 2
    4.     P(a) &e 3
    5.     Q(a) &e 3
    6.     P(a)->~Q(a) Ae 1
    7.     ~Q(a) ->e 4,6
    8.     @ ~e 5,7 }
    9.   ¬∃x(P(x)&Q(x)) raa 2-8
    10. (∀x(P(x)->~Q(x))) -> ¬∃x(P(x)&Q(x)) ->i 1-9","Os seguintes erros foram encontrados:

Uma das definições não está completa, verifique se todas regras foram aplicadas corretamente.
Lembre-se que uma regra de inferência sempre inicia com um número seguido de um . (linha de referência), tem uma fórmula e uma justificativa (premissa, hipóteses ou uma das regras de inferência com suas respectivas referências para fórmulas anteriores).
Erro de sintaxe:
1. ∀x(P(x)->~Q(x)) pre
   ^ Símbolo não pertence a linguagem.
",3.54427456855774,stop,1783,925
|- Ax (B(x)|C(x))->(Ax ~B(x)->Ax C(x)),"[{'role': 'system', 'content': ""You are an expert in logic using the Natural Deduction method.\nYou will receive one first order logic problem. Your task is to prove its validity using Natural Deduction and represent the proof in a Fitch-like notation, following these formatting instructions.\n\n### FORMAT OF PROOF LINES\nEach proof line must be structured like: '<line_number>. <formula> <origin>'\n- <line_number>: sequential integer, always ending with a dot ('1.', '2.', '3.', ...)\n- <formula>: the formula derived on that line\n- <origin>: either 'pre' (premise), 'hip' (hypothesis) or '<rule_name> <line_refs>'\n - <rule_name> and <line_refs>: \n - &e (1 line) \n - &i (2 lines) \n - ->e (2 lines) \n - ->i (1 range) \n - ~e (2 lines) \n - ~i (1 range) \n - |e (1 line + 2 ranges) \n - |i (1 line) \n - @e (1 line) \n - raa (1 range) \n - copy (1 line) \n - Ae (1 line)\n - Ai (1 range)\n - Ee (1 line + 1 range)\n - Ei (1 line)\n - <line_refs>: Must be comma-separated line numbers or ranges. Ranges denote subproofs (e.g., `->i 8-12`, `|e 4, 5-9, 10-14`)\n\n### SUBPROOFS / HYPOTHESES\nUse subproofs for hypotheses. Use curly braces '{' and '}' to open and close subproofs. \nPlace `{` immediately after the line number (e.g. '8.{ A|B hip') and `}` at the end of the final line of the subproof (e.g. '10. B @e 4}').\nNested subproofs are allowed. But a formula may only be used at a specific point if it appeared earlier in the same subproof or an outer subproof to the current subproof.\n\n### SYMBOLS & CONVENTIONS\nUse the following symbols for logical operations: \n- & = conjunction (and) \n- | = disjunction (or) \n- ~ = negation (not) \n- -> = implication (implies)\n\nQuantifiers symbols: \n Ax represents ∀x \n Ex represents ∃x\nSo formulas with ∀x and ∃x will be represented by Ax and Ex (A and E followed by the variable x). For example, Ax (H(x)->M(x)) represents ∀x (H(x)→M(x)).\n\n###CONVENTIONS\nAtoms: only uppercase letters not immediately followed by parentesis (e.g. P, Q, R).\nPredicates: uppercase letters immediately followed by parentesis (e.g. H(x), M(y), Q(a,b) ). All predicates must use parentheses.\nVariables: first letter in lowercase, can be followed by letters and numbers (e.g., x, x0, xP0).\n\n### TO CREATE NEW VARIABLE:\nFor Universal Introduction rule(Ai): open a subproof with a fresh variable not occurring in any open hypothesis.\nCreate new variable like this: '<line_number>. { <new_variable> '\n\nFor Existential Elimination rule(Ee): open a subproof with a fresh witness constant/variable. \nCreate new variable like this: '<line_number>. {<new_variable> φ[<old_variable>/<new_variable>] hip\n  Write only the final proof in <proof>...</proof> tags. Only use <proof>...</proof> tags ONCE. Only use these symbols inside the proof '&' , '->', '~', '|', '@', '(', ')', '{', '}', 'Ax', 'Ex'.\nDo not include explanations, commentary, or extra text inside and outside the <proof>...</proof> tags.\n ""}, {'role': 'user', 'content': ""Prove '|- (P->Ex Q(x))->Ex (P->Q(x))', using the natural deduction method. Final answer using the notation described. ""}, {'role': 'assistant', 'content': ' <proof>\n                        1. { \t(P -> Ex Q(x))\t\t\t\t\thip\n                        2.\t{\t~(~P | Ex Q(x))\t\t\t\t\thip\n                        3.\t\t{\tP\t\t\t\t\t\t\t\t      hip\n                        4.      Ex Q(x)               ->e 3, 1\n                        5.\t\t\t~P | Ex Q(x)\t\t\t\t\t|i 4\n                        6.\t\t\t@\t\t\t\t\t\t\t\t~e 5,2 }\t\t\n                        7.\t\t~P\t\t\t\t\t\t\t\t\t~i 3-6\n                        8.\t\t~P | Ex Q(x)\t\t\t\t\t\t|i 7\n                        9.\t\t@\t\t\t\t\t\t\t\t\t~e 8,2 }\n                        10.\t~P | Ex Q(x)        raa 2-9\n                        11.\t{\t~P\t\t\t\t\t\t\t\t\thip\n                        12.\t\t{\tP\t\t\t\t\t\t\t\thip\n                        13.\t\t\t@\t\t\t\t\t\t\t\t~e 11,12\n                        14.     Q(a)            @e 13 }\n                        15.\t\tP -> Q(a)\t\t\t\t\t\t\t->i 12-14\n                        16.\t\tEx  (P -> Q(x))\t\t\t\t\tEi 15 }\n                        17.\t{\tEx Q(x)\t\t\t\t\t\t\thip\n                        18.\t\t{ a\t\tQ(a)\t\t\t\t\t\thip\n                        19.\t\t\t{\tP\t\t\t\t\t\t\thip\n                        20.\t\t\t\tQ(a)\t\t\t\t\t\tcopie 18 }\n                        21.\t\t\tP -> Q(a)\t\t\t\t\t\t->i 19-20\n                        22.\t\t\tEx (P -> Q(x))\t\t\t\tEi 21 }\n                        23.\t\tEx (P -> Q(x))\t\t\t\t\tEe 17, 18-22 }\n                        24.\tEx (P -> Q(x))\t\t\t\t\t\t|e 10, 11-16, 17-23}\n                        25. (P -> Ex Q(x)) -> Ex (P -> Q(x))\t->i 1-24\n                    </proof>'}, {'role': 'user', 'content': ""Prove 'Ax ((P(x)->Q(x))&(Q(x)->P(x))) |- Ax ((~P(x)->~Q(x))&(~Q(x)->~P(x)))', using the natural deduction method. Final answer using the notation described.""}, {'role': 'assistant', 'content': ' <proof>\n                            1. Ax((P(x) -> Q(x)) & (Q(x) -> P(x))) pre\n                            2. { a\n                            3.   (P(a) -> Q(a)) & (Q(a) -> P(a)) Ae 1\n                            4.   P(a) -> Q(a) &e 3\n                            5.   Q(a) -> P(a) &e 3\n                            6.   { ~Q(a) hip\n                            7.     { P(a) hip\n                            8.       Q(a) ->e 7,4\n                            9.       @ ~e 6,8 }\n                            10.   ~P(a) ~i 7-9 }\n                            11. ~Q(a) -> ~P(a) ->i 6-10\n                            12. { ~P(a) hip\n                            13.   { Q(a) hip\n                            14.     P(a) ->e 13,5\n                            15.     @ ~e 12,14 }\n                            16.   ~Q(a) ~i 13-15 }\n                            17. ~P(a) -> ~Q(a) ->i 12-16\n                            18. (~P(a) -> ~Q(a)) & (~Q(a) -> ~P(a)) &i 17,11 }\n                            19. Ax((~P(x) -> ~Q(x)) & (~Q(x) -> ~P(x))) Ai 2-18 \n                        </proof>'}, {'role': 'user', 'content': ""Prove'|- Ax (B(x)|C(x))->(Ax ~B(x)->Ax C(x))' using the natural deduction method. Only one final answer, surrounded by <proof>...</proof>, using the notation described.""}]","<proof>
    1. Ax(P(x)|Q(x)) pre
    2. { Ax~P hip
    3.   { a
    4.     P(a) | Q(a) Ae 1
    5.     ~P(a) Ae 2
    6.     { P(a) hip
    7.       @ ~e 5,6 }
    8.     { Q(a) hip
    9.       Q(a) }
    10.   Q(a) |e 4,6-7,8-9
    11.   Ax Q Ai 3-10 }
    12. (Ax~P -> Ax Q) ->i 2-11
    13. (Ax(P(x)|Q(x)) -> (Ax~P -> Ax Q)) ->i 1-12
</proof>","1. Ax(P(x)|Q(x)) pre
    2. { Ax~P hip
    3.   { a
    4.     P(a) | Q(a) Ae 1
    5.     ~P(a) Ae 2
    6.     { P(a) hip
    7.       @ ~e 5,6 }
    8.     { Q(a) hip
    9.       Q(a) }
    10.   Q(a) |e 4,6-7,8-9
    11.   Ax Q Ai 3-10 }
    12. (Ax~P -> Ax Q) ->i 2-11
    13. (Ax(P(x)|Q(x)) -> (Ax~P -> Ax Q)) ->i 1-12","Os seguintes erros foram encontrados:

Uma das definições não está completa, verifique se todas regras foram aplicadas corretamente.
Lembre-se que uma regra de inferência sempre inicia com um número seguido de um . (linha de referência), tem uma fórmula e uma justificativa (premissa, hipóteses ou uma das regras de inferência com suas respectivas referências para fórmulas anteriores).
Erro de sintaxe:
    9.       Q(a) }
                  ^
",2.7082653045654297,stop,1783,732
|- Ex (B(x)->Ay C(y))->(Ax B(x)->Ay C(y)),"[{'role': 'system', 'content': ""You are an expert in logic using the Natural Deduction method.\nYou will receive one first order logic problem. Your task is to prove its validity using Natural Deduction and represent the proof in a Fitch-like notation, following these formatting instructions.\n\n### FORMAT OF PROOF LINES\nEach proof line must be structured like: '<line_number>. <formula> <origin>'\n- <line_number>: sequential integer, always ending with a dot ('1.', '2.', '3.', ...)\n- <formula>: the formula derived on that line\n- <origin>: either 'pre' (premise), 'hip' (hypothesis) or '<rule_name> <line_refs>'\n - <rule_name> and <line_refs>: \n - &e (1 line) \n - &i (2 lines) \n - ->e (2 lines) \n - ->i (1 range) \n - ~e (2 lines) \n - ~i (1 range) \n - |e (1 line + 2 ranges) \n - |i (1 line) \n - @e (1 line) \n - raa (1 range) \n - copy (1 line) \n - Ae (1 line)\n - Ai (1 range)\n - Ee (1 line + 1 range)\n - Ei (1 line)\n - <line_refs>: Must be comma-separated line numbers or ranges. Ranges denote subproofs (e.g., `->i 8-12`, `|e 4, 5-9, 10-14`)\n\n### SUBPROOFS / HYPOTHESES\nUse subproofs for hypotheses. Use curly braces '{' and '}' to open and close subproofs. \nPlace `{` immediately after the line number (e.g. '8.{ A|B hip') and `}` at the end of the final line of the subproof (e.g. '10. B @e 4}').\nNested subproofs are allowed. But a formula may only be used at a specific point if it appeared earlier in the same subproof or an outer subproof to the current subproof.\n\n### SYMBOLS & CONVENTIONS\nUse the following symbols for logical operations: \n- & = conjunction (and) \n- | = disjunction (or) \n- ~ = negation (not) \n- -> = implication (implies)\n\nQuantifiers symbols: \n Ax represents ∀x \n Ex represents ∃x\nSo formulas with ∀x and ∃x will be represented by Ax and Ex (A and E followed by the variable x). For example, Ax (H(x)->M(x)) represents ∀x (H(x)→M(x)).\n\n###CONVENTIONS\nAtoms: only uppercase letters not immediately followed by parentesis (e.g. P, Q, R).\nPredicates: uppercase letters immediately followed by parentesis (e.g. H(x), M(y), Q(a,b) ). All predicates must use parentheses.\nVariables: first letter in lowercase, can be followed by letters and numbers (e.g., x, x0, xP0).\n\n### TO CREATE NEW VARIABLE:\nFor Universal Introduction rule(Ai): open a subproof with a fresh variable not occurring in any open hypothesis.\nCreate new variable like this: '<line_number>. { <new_variable> '\n\nFor Existential Elimination rule(Ee): open a subproof with a fresh witness constant/variable. \nCreate new variable like this: '<line_number>. {<new_variable> φ[<old_variable>/<new_variable>] hip\n  Write only the final proof in <proof>...</proof> tags. Only use <proof>...</proof> tags ONCE. Only use these symbols inside the proof '&' , '->', '~', '|', '@', '(', ')', '{', '}', 'Ax', 'Ex'.\nDo not include explanations, commentary, or extra text inside and outside the <proof>...</proof> tags.\n ""}, {'role': 'user', 'content': ""Prove '|- (P->Ex Q(x))->Ex (P->Q(x))', using the natural deduction method. Final answer using the notation described. ""}, {'role': 'assistant', 'content': ' <proof>\n                        1. { \t(P -> Ex Q(x))\t\t\t\t\thip\n                        2.\t{\t~(~P | Ex Q(x))\t\t\t\t\thip\n                        3.\t\t{\tP\t\t\t\t\t\t\t\t      hip\n                        4.      Ex Q(x)               ->e 3, 1\n                        5.\t\t\t~P | Ex Q(x)\t\t\t\t\t|i 4\n                        6.\t\t\t@\t\t\t\t\t\t\t\t~e 5,2 }\t\t\n                        7.\t\t~P\t\t\t\t\t\t\t\t\t~i 3-6\n                        8.\t\t~P | Ex Q(x)\t\t\t\t\t\t|i 7\n                        9.\t\t@\t\t\t\t\t\t\t\t\t~e 8,2 }\n                        10.\t~P | Ex Q(x)        raa 2-9\n                        11.\t{\t~P\t\t\t\t\t\t\t\t\thip\n                        12.\t\t{\tP\t\t\t\t\t\t\t\thip\n                        13.\t\t\t@\t\t\t\t\t\t\t\t~e 11,12\n                        14.     Q(a)            @e 13 }\n                        15.\t\tP -> Q(a)\t\t\t\t\t\t\t->i 12-14\n                        16.\t\tEx  (P -> Q(x))\t\t\t\t\tEi 15 }\n                        17.\t{\tEx Q(x)\t\t\t\t\t\t\thip\n                        18.\t\t{ a\t\tQ(a)\t\t\t\t\t\thip\n                        19.\t\t\t{\tP\t\t\t\t\t\t\thip\n                        20.\t\t\t\tQ(a)\t\t\t\t\t\tcopie 18 }\n                        21.\t\t\tP -> Q(a)\t\t\t\t\t\t->i 19-20\n                        22.\t\t\tEx (P -> Q(x))\t\t\t\tEi 21 }\n                        23.\t\tEx (P -> Q(x))\t\t\t\t\tEe 17, 18-22 }\n                        24.\tEx (P -> Q(x))\t\t\t\t\t\t|e 10, 11-16, 17-23}\n                        25. (P -> Ex Q(x)) -> Ex (P -> Q(x))\t->i 1-24\n                    </proof>'}, {'role': 'user', 'content': ""Prove 'Ax ((P(x)->Q(x))&(Q(x)->P(x))) |- Ax ((~P(x)->~Q(x))&(~Q(x)->~P(x)))', using the natural deduction method. Final answer using the notation described.""}, {'role': 'assistant', 'content': ' <proof>\n                            1. Ax((P(x) -> Q(x)) & (Q(x) -> P(x))) pre\n                            2. { a\n                            3.   (P(a) -> Q(a)) & (Q(a) -> P(a)) Ae 1\n                            4.   P(a) -> Q(a) &e 3\n                            5.   Q(a) -> P(a) &e 3\n                            6.   { ~Q(a) hip\n                            7.     { P(a) hip\n                            8.       Q(a) ->e 7,4\n                            9.       @ ~e 6,8 }\n                            10.   ~P(a) ~i 7-9 }\n                            11. ~Q(a) -> ~P(a) ->i 6-10\n                            12. { ~P(a) hip\n                            13.   { Q(a) hip\n                            14.     P(a) ->e 13,5\n                            15.     @ ~e 12,14 }\n                            16.   ~Q(a) ~i 13-15 }\n                            17. ~P(a) -> ~Q(a) ->i 12-16\n                            18. (~P(a) -> ~Q(a)) & (~Q(a) -> ~P(a)) &i 17,11 }\n                            19. Ax((~P(x) -> ~Q(x)) & (~Q(x) -> ~P(x))) Ai 2-18 \n                        </proof>'}, {'role': 'user', 'content': ""Prove'|- Ex (B(x)->Ay C(y))->(Ax B(x)->Ay C(y))' using the natural deduction method. Only one final answer, surrounded by <proof>...</proof>, using the notation described.""}]","<proof>
                        1. {∃x(P(x)->∀yQ(y))} hip
                        2. {∀xP(x)} hip
                        3. P(a) -> ∀yQ(y) Ee 1
                        4. P(a) Ae 2
                        5. ∀yQ(y) ->e 4,3
                        6. ∀yQ(y) raa 3-5
                        7. (∀xP(x)->∀yQ(y)) ->i 2-6
                        8. (∃x(P(x)->∀yQ(y))) -> (∀xP(x)->∀yQ(y)) ->i 1-7
                    </proof>","1. {∃x(P(x)->∀yQ(y))} hip
                        2. {∀xP(x)} hip
                        3. P(a) -> ∀yQ(y) Ee 1
                        4. P(a) Ae 2
                        5. ∀yQ(y) ->e 4,3
                        6. ∀yQ(y) raa 3-5
                        7. (∀xP(x)->∀yQ(y)) ->i 2-6
                        8. (∃x(P(x)->∀yQ(y))) -> (∀xP(x)->∀yQ(y)) ->i 1-7","Os seguintes erros foram encontrados:

Uma das definições não está completa, verifique se todas regras foram aplicadas corretamente.
Lembre-se que uma regra de inferência sempre inicia com um número seguido de um . (linha de referência), tem uma fórmula e uma justificativa (premissa, hipóteses ou uma das regras de inferência com suas respectivas referências para fórmulas anteriores).
Erro de sintaxe:
1. {∃x(P(x)->∀yQ(y))} hip
    ^ Símbolo não pertence a linguagem.
",3.941445589065552,stop,1783,1028
|- ~Ex (B(x)&~C(x))->Ax (B(x)->C(x)),"[{'role': 'system', 'content': ""You are an expert in logic using the Natural Deduction method.\nYou will receive one first order logic problem. Your task is to prove its validity using Natural Deduction and represent the proof in a Fitch-like notation, following these formatting instructions.\n\n### FORMAT OF PROOF LINES\nEach proof line must be structured like: '<line_number>. <formula> <origin>'\n- <line_number>: sequential integer, always ending with a dot ('1.', '2.', '3.', ...)\n- <formula>: the formula derived on that line\n- <origin>: either 'pre' (premise), 'hip' (hypothesis) or '<rule_name> <line_refs>'\n - <rule_name> and <line_refs>: \n - &e (1 line) \n - &i (2 lines) \n - ->e (2 lines) \n - ->i (1 range) \n - ~e (2 lines) \n - ~i (1 range) \n - |e (1 line + 2 ranges) \n - |i (1 line) \n - @e (1 line) \n - raa (1 range) \n - copy (1 line) \n - Ae (1 line)\n - Ai (1 range)\n - Ee (1 line + 1 range)\n - Ei (1 line)\n - <line_refs>: Must be comma-separated line numbers or ranges. Ranges denote subproofs (e.g., `->i 8-12`, `|e 4, 5-9, 10-14`)\n\n### SUBPROOFS / HYPOTHESES\nUse subproofs for hypotheses. Use curly braces '{' and '}' to open and close subproofs. \nPlace `{` immediately after the line number (e.g. '8.{ A|B hip') and `}` at the end of the final line of the subproof (e.g. '10. B @e 4}').\nNested subproofs are allowed. But a formula may only be used at a specific point if it appeared earlier in the same subproof or an outer subproof to the current subproof.\n\n### SYMBOLS & CONVENTIONS\nUse the following symbols for logical operations: \n- & = conjunction (and) \n- | = disjunction (or) \n- ~ = negation (not) \n- -> = implication (implies)\n\nQuantifiers symbols: \n Ax represents ∀x \n Ex represents ∃x\nSo formulas with ∀x and ∃x will be represented by Ax and Ex (A and E followed by the variable x). For example, Ax (H(x)->M(x)) represents ∀x (H(x)→M(x)).\n\n###CONVENTIONS\nAtoms: only uppercase letters not immediately followed by parentesis (e.g. P, Q, R).\nPredicates: uppercase letters immediately followed by parentesis (e.g. H(x), M(y), Q(a,b) ). All predicates must use parentheses.\nVariables: first letter in lowercase, can be followed by letters and numbers (e.g., x, x0, xP0).\n\n### TO CREATE NEW VARIABLE:\nFor Universal Introduction rule(Ai): open a subproof with a fresh variable not occurring in any open hypothesis.\nCreate new variable like this: '<line_number>. { <new_variable> '\n\nFor Existential Elimination rule(Ee): open a subproof with a fresh witness constant/variable. \nCreate new variable like this: '<line_number>. {<new_variable> φ[<old_variable>/<new_variable>] hip\n  Write only the final proof in <proof>...</proof> tags. Only use <proof>...</proof> tags ONCE. Only use these symbols inside the proof '&' , '->', '~', '|', '@', '(', ')', '{', '}', 'Ax', 'Ex'.\nDo not include explanations, commentary, or extra text inside and outside the <proof>...</proof> tags.\n ""}, {'role': 'user', 'content': ""Prove '|- (P->Ex Q(x))->Ex (P->Q(x))', using the natural deduction method. Final answer using the notation described. ""}, {'role': 'assistant', 'content': ' <proof>\n                        1. { \t(P -> Ex Q(x))\t\t\t\t\thip\n                        2.\t{\t~(~P | Ex Q(x))\t\t\t\t\thip\n                        3.\t\t{\tP\t\t\t\t\t\t\t\t      hip\n                        4.      Ex Q(x)               ->e 3, 1\n                        5.\t\t\t~P | Ex Q(x)\t\t\t\t\t|i 4\n                        6.\t\t\t@\t\t\t\t\t\t\t\t~e 5,2 }\t\t\n                        7.\t\t~P\t\t\t\t\t\t\t\t\t~i 3-6\n                        8.\t\t~P | Ex Q(x)\t\t\t\t\t\t|i 7\n                        9.\t\t@\t\t\t\t\t\t\t\t\t~e 8,2 }\n                        10.\t~P | Ex Q(x)        raa 2-9\n                        11.\t{\t~P\t\t\t\t\t\t\t\t\thip\n                        12.\t\t{\tP\t\t\t\t\t\t\t\thip\n                        13.\t\t\t@\t\t\t\t\t\t\t\t~e 11,12\n                        14.     Q(a)            @e 13 }\n                        15.\t\tP -> Q(a)\t\t\t\t\t\t\t->i 12-14\n                        16.\t\tEx  (P -> Q(x))\t\t\t\t\tEi 15 }\n                        17.\t{\tEx Q(x)\t\t\t\t\t\t\thip\n                        18.\t\t{ a\t\tQ(a)\t\t\t\t\t\thip\n                        19.\t\t\t{\tP\t\t\t\t\t\t\thip\n                        20.\t\t\t\tQ(a)\t\t\t\t\t\tcopie 18 }\n                        21.\t\t\tP -> Q(a)\t\t\t\t\t\t->i 19-20\n                        22.\t\t\tEx (P -> Q(x))\t\t\t\tEi 21 }\n                        23.\t\tEx (P -> Q(x))\t\t\t\t\tEe 17, 18-22 }\n                        24.\tEx (P -> Q(x))\t\t\t\t\t\t|e 10, 11-16, 17-23}\n                        25. (P -> Ex Q(x)) -> Ex (P -> Q(x))\t->i 1-24\n                    </proof>'}, {'role': 'user', 'content': ""Prove 'Ax ((P(x)->Q(x))&(Q(x)->P(x))) |- Ax ((~P(x)->~Q(x))&(~Q(x)->~P(x)))', using the natural deduction method. Final answer using the notation described.""}, {'role': 'assistant', 'content': ' <proof>\n                            1. Ax((P(x) -> Q(x)) & (Q(x) -> P(x))) pre\n                            2. { a\n                            3.   (P(a) -> Q(a)) & (Q(a) -> P(a)) Ae 1\n                            4.   P(a) -> Q(a) &e 3\n                            5.   Q(a) -> P(a) &e 3\n                            6.   { ~Q(a) hip\n                            7.     { P(a) hip\n                            8.       Q(a) ->e 7,4\n                            9.       @ ~e 6,8 }\n                            10.   ~P(a) ~i 7-9 }\n                            11. ~Q(a) -> ~P(a) ->i 6-10\n                            12. { ~P(a) hip\n                            13.   { Q(a) hip\n                            14.     P(a) ->e 13,5\n                            15.     @ ~e 12,14 }\n                            16.   ~Q(a) ~i 13-15 }\n                            17. ~P(a) -> ~Q(a) ->i 12-16\n                            18. (~P(a) -> ~Q(a)) & (~Q(a) -> ~P(a)) &i 17,11 }\n                            19. Ax((~P(x) -> ~Q(x)) & (~Q(x) -> ~P(x))) Ai 2-18 \n                        </proof>'}, {'role': 'user', 'content': ""Prove'|- ~Ex (B(x)&~C(x))->Ax (B(x)->C(x))' using the natural deduction method. Only one final answer, surrounded by <proof>...</proof>, using the notation described.""}]","<proof>
                        1. ¬Ex(P(x) & ~Q(x)) pre
                        2. { a
                        3.   { P(a) hip
                        4.     { ~Q(a) hip
                        5.       P(a) & ~Q(a) &i 3,4
                        6.       Ex(P(x) & ~Q(x)) Ei 5
                        7.       @ ~e 2,6 }
                        8.     Q(a) ~i 4-7
                        9.   P(a) -> Q(a) ->i 3-8
                       10.   Ax(P(x) -> Q(x)) Ai 2-9
                    </proof>","1. ¬Ex(P(x) & ~Q(x)) pre
                        2. { a
                        3.   { P(a) hip
                        4.     { ~Q(a) hip
                        5.       P(a) & ~Q(a) &i 3,4
                        6.       Ex(P(x) & ~Q(x)) Ei 5
                        7.       @ ~e 2,6 }
                        8.     Q(a) ~i 4-7
                        9.   P(a) -> Q(a) ->i 3-8
                       10.   Ax(P(x) -> Q(x)) Ai 2-9","Os seguintes erros foram encontrados:

Uma das definições não está completa, verifique se todas regras foram aplicadas corretamente.
Lembre-se que uma regra de inferência sempre inicia com um número seguido de um . (linha de referência), tem uma fórmula e uma justificativa (premissa, hipóteses ou uma das regras de inferência com suas respectivas referências para fórmulas anteriores).
Erro de sintaxe:
1. ¬Ex(P(x) & ~Q(x)) pre
   ^ Símbolo não pertence a linguagem.
",2.142794132232666,stop,1783,548
|- Ax (B(x)->(C(x)&D(x)))->(Ax B(x)->Ax C(x)),"[{'role': 'system', 'content': ""You are an expert in logic using the Natural Deduction method.\nYou will receive one first order logic problem. Your task is to prove its validity using Natural Deduction and represent the proof in a Fitch-like notation, following these formatting instructions.\n\n### FORMAT OF PROOF LINES\nEach proof line must be structured like: '<line_number>. <formula> <origin>'\n- <line_number>: sequential integer, always ending with a dot ('1.', '2.', '3.', ...)\n- <formula>: the formula derived on that line\n- <origin>: either 'pre' (premise), 'hip' (hypothesis) or '<rule_name> <line_refs>'\n - <rule_name> and <line_refs>: \n - &e (1 line) \n - &i (2 lines) \n - ->e (2 lines) \n - ->i (1 range) \n - ~e (2 lines) \n - ~i (1 range) \n - |e (1 line + 2 ranges) \n - |i (1 line) \n - @e (1 line) \n - raa (1 range) \n - copy (1 line) \n - Ae (1 line)\n - Ai (1 range)\n - Ee (1 line + 1 range)\n - Ei (1 line)\n - <line_refs>: Must be comma-separated line numbers or ranges. Ranges denote subproofs (e.g., `->i 8-12`, `|e 4, 5-9, 10-14`)\n\n### SUBPROOFS / HYPOTHESES\nUse subproofs for hypotheses. Use curly braces '{' and '}' to open and close subproofs. \nPlace `{` immediately after the line number (e.g. '8.{ A|B hip') and `}` at the end of the final line of the subproof (e.g. '10. B @e 4}').\nNested subproofs are allowed. But a formula may only be used at a specific point if it appeared earlier in the same subproof or an outer subproof to the current subproof.\n\n### SYMBOLS & CONVENTIONS\nUse the following symbols for logical operations: \n- & = conjunction (and) \n- | = disjunction (or) \n- ~ = negation (not) \n- -> = implication (implies)\n\nQuantifiers symbols: \n Ax represents ∀x \n Ex represents ∃x\nSo formulas with ∀x and ∃x will be represented by Ax and Ex (A and E followed by the variable x). For example, Ax (H(x)->M(x)) represents ∀x (H(x)→M(x)).\n\n###CONVENTIONS\nAtoms: only uppercase letters not immediately followed by parentesis (e.g. P, Q, R).\nPredicates: uppercase letters immediately followed by parentesis (e.g. H(x), M(y), Q(a,b) ). All predicates must use parentheses.\nVariables: first letter in lowercase, can be followed by letters and numbers (e.g., x, x0, xP0).\n\n### TO CREATE NEW VARIABLE:\nFor Universal Introduction rule(Ai): open a subproof with a fresh variable not occurring in any open hypothesis.\nCreate new variable like this: '<line_number>. { <new_variable> '\n\nFor Existential Elimination rule(Ee): open a subproof with a fresh witness constant/variable. \nCreate new variable like this: '<line_number>. {<new_variable> φ[<old_variable>/<new_variable>] hip\n  Write only the final proof in <proof>...</proof> tags. Only use <proof>...</proof> tags ONCE. Only use these symbols inside the proof '&' , '->', '~', '|', '@', '(', ')', '{', '}', 'Ax', 'Ex'.\nDo not include explanations, commentary, or extra text inside and outside the <proof>...</proof> tags.\n ""}, {'role': 'user', 'content': ""Prove '|- (P->Ex Q(x))->Ex (P->Q(x))', using the natural deduction method. Final answer using the notation described. ""}, {'role': 'assistant', 'content': ' <proof>\n                        1. { \t(P -> Ex Q(x))\t\t\t\t\thip\n                        2.\t{\t~(~P | Ex Q(x))\t\t\t\t\thip\n                        3.\t\t{\tP\t\t\t\t\t\t\t\t      hip\n                        4.      Ex Q(x)               ->e 3, 1\n                        5.\t\t\t~P | Ex Q(x)\t\t\t\t\t|i 4\n                        6.\t\t\t@\t\t\t\t\t\t\t\t~e 5,2 }\t\t\n                        7.\t\t~P\t\t\t\t\t\t\t\t\t~i 3-6\n                        8.\t\t~P | Ex Q(x)\t\t\t\t\t\t|i 7\n                        9.\t\t@\t\t\t\t\t\t\t\t\t~e 8,2 }\n                        10.\t~P | Ex Q(x)        raa 2-9\n                        11.\t{\t~P\t\t\t\t\t\t\t\t\thip\n                        12.\t\t{\tP\t\t\t\t\t\t\t\thip\n                        13.\t\t\t@\t\t\t\t\t\t\t\t~e 11,12\n                        14.     Q(a)            @e 13 }\n                        15.\t\tP -> Q(a)\t\t\t\t\t\t\t->i 12-14\n                        16.\t\tEx  (P -> Q(x))\t\t\t\t\tEi 15 }\n                        17.\t{\tEx Q(x)\t\t\t\t\t\t\thip\n                        18.\t\t{ a\t\tQ(a)\t\t\t\t\t\thip\n                        19.\t\t\t{\tP\t\t\t\t\t\t\thip\n                        20.\t\t\t\tQ(a)\t\t\t\t\t\tcopie 18 }\n                        21.\t\t\tP -> Q(a)\t\t\t\t\t\t->i 19-20\n                        22.\t\t\tEx (P -> Q(x))\t\t\t\tEi 21 }\n                        23.\t\tEx (P -> Q(x))\t\t\t\t\tEe 17, 18-22 }\n                        24.\tEx (P -> Q(x))\t\t\t\t\t\t|e 10, 11-16, 17-23}\n                        25. (P -> Ex Q(x)) -> Ex (P -> Q(x))\t->i 1-24\n                    </proof>'}, {'role': 'user', 'content': ""Prove 'Ax ((P(x)->Q(x))&(Q(x)->P(x))) |- Ax ((~P(x)->~Q(x))&(~Q(x)->~P(x)))', using the natural deduction method. Final answer using the notation described.""}, {'role': 'assistant', 'content': ' <proof>\n                            1. Ax((P(x) -> Q(x)) & (Q(x) -> P(x))) pre\n                            2. { a\n                            3.   (P(a) -> Q(a)) & (Q(a) -> P(a)) Ae 1\n                            4.   P(a) -> Q(a) &e 3\n                            5.   Q(a) -> P(a) &e 3\n                            6.   { ~Q(a) hip\n                            7.     { P(a) hip\n                            8.       Q(a) ->e 7,4\n                            9.       @ ~e 6,8 }\n                            10.   ~P(a) ~i 7-9 }\n                            11. ~Q(a) -> ~P(a) ->i 6-10\n                            12. { ~P(a) hip\n                            13.   { Q(a) hip\n                            14.     P(a) ->e 13,5\n                            15.     @ ~e 12,14 }\n                            16.   ~Q(a) ~i 13-15 }\n                            17. ~P(a) -> ~Q(a) ->i 12-16\n                            18. (~P(a) -> ~Q(a)) & (~Q(a) -> ~P(a)) &i 17,11 }\n                            19. Ax((~P(x) -> ~Q(x)) & (~Q(x) -> ~P(x))) Ai 2-18 \n                        </proof>'}, {'role': 'user', 'content': ""Prove'|- Ax (B(x)->(C(x)&D(x)))->(Ax B(x)->Ax C(x))' using the natural deduction method. Only one final answer, surrounded by <proof>...</proof>, using the notation described.""}]","<proof>
    1.{ ∀x(P(x)->(Q(x)&R(x))) hip
    2.   { ∀x P(x) hip
    3.     { a
    4.       P(a) -> (Q(a)&R(a)) Ae 1
    5.       P(a) Ae 2
    6.       Q(a)&R(a) ->e 4,5
    7.       Q(a) &e 6
    8.     ∀x Q(x) Ai 3-7
    9.   }
10.   ∀x P(x) -> ∀x Q(x) ->i 2-9
11. (∀x(P(x)->(Q(x)&R(x)))) -> (∀x P(x) -> ∀x Q(x)) ->i 1-10
</proof>","1.{ ∀x(P(x)->(Q(x)&R(x))) hip
    2.   { ∀x P(x) hip
    3.     { a
    4.       P(a) -> (Q(a)&R(a)) Ae 1
    5.       P(a) Ae 2
    6.       Q(a)&R(a) ->e 4,5
    7.       Q(a) &e 6
    8.     ∀x Q(x) Ai 3-7
    9.   }
10.   ∀x P(x) -> ∀x Q(x) ->i 2-9
11. (∀x(P(x)->(Q(x)&R(x)))) -> (∀x P(x) -> ∀x Q(x)) ->i 1-10","Os seguintes erros foram encontrados:

Uma das definições não está completa, verifique se todas regras foram aplicadas corretamente.
Lembre-se que uma regra de inferência sempre inicia com um número seguido de um . (linha de referência), tem uma fórmula e uma justificativa (premissa, hipóteses ou uma das regras de inferência com suas respectivas referências para fórmulas anteriores).
Erro de sintaxe:
1.{ ∀x(P(x)->(Q(x)&R(x))) hip
    ^ Símbolo não pertence a linguagem.
",2.4340932369232178,stop,1787,640
|- Ax (Ey B(y)->C(x))->(Ey B(y)->Ax C(x)),"[{'role': 'system', 'content': ""You are an expert in logic using the Natural Deduction method.\nYou will receive one first order logic problem. Your task is to prove its validity using Natural Deduction and represent the proof in a Fitch-like notation, following these formatting instructions.\n\n### FORMAT OF PROOF LINES\nEach proof line must be structured like: '<line_number>. <formula> <origin>'\n- <line_number>: sequential integer, always ending with a dot ('1.', '2.', '3.', ...)\n- <formula>: the formula derived on that line\n- <origin>: either 'pre' (premise), 'hip' (hypothesis) or '<rule_name> <line_refs>'\n - <rule_name> and <line_refs>: \n - &e (1 line) \n - &i (2 lines) \n - ->e (2 lines) \n - ->i (1 range) \n - ~e (2 lines) \n - ~i (1 range) \n - |e (1 line + 2 ranges) \n - |i (1 line) \n - @e (1 line) \n - raa (1 range) \n - copy (1 line) \n - Ae (1 line)\n - Ai (1 range)\n - Ee (1 line + 1 range)\n - Ei (1 line)\n - <line_refs>: Must be comma-separated line numbers or ranges. Ranges denote subproofs (e.g., `->i 8-12`, `|e 4, 5-9, 10-14`)\n\n### SUBPROOFS / HYPOTHESES\nUse subproofs for hypotheses. Use curly braces '{' and '}' to open and close subproofs. \nPlace `{` immediately after the line number (e.g. '8.{ A|B hip') and `}` at the end of the final line of the subproof (e.g. '10. B @e 4}').\nNested subproofs are allowed. But a formula may only be used at a specific point if it appeared earlier in the same subproof or an outer subproof to the current subproof.\n\n### SYMBOLS & CONVENTIONS\nUse the following symbols for logical operations: \n- & = conjunction (and) \n- | = disjunction (or) \n- ~ = negation (not) \n- -> = implication (implies)\n\nQuantifiers symbols: \n Ax represents ∀x \n Ex represents ∃x\nSo formulas with ∀x and ∃x will be represented by Ax and Ex (A and E followed by the variable x). For example, Ax (H(x)->M(x)) represents ∀x (H(x)→M(x)).\n\n###CONVENTIONS\nAtoms: only uppercase letters not immediately followed by parentesis (e.g. P, Q, R).\nPredicates: uppercase letters immediately followed by parentesis (e.g. H(x), M(y), Q(a,b) ). All predicates must use parentheses.\nVariables: first letter in lowercase, can be followed by letters and numbers (e.g., x, x0, xP0).\n\n### TO CREATE NEW VARIABLE:\nFor Universal Introduction rule(Ai): open a subproof with a fresh variable not occurring in any open hypothesis.\nCreate new variable like this: '<line_number>. { <new_variable> '\n\nFor Existential Elimination rule(Ee): open a subproof with a fresh witness constant/variable. \nCreate new variable like this: '<line_number>. {<new_variable> φ[<old_variable>/<new_variable>] hip\n  Write only the final proof in <proof>...</proof> tags. Only use <proof>...</proof> tags ONCE. Only use these symbols inside the proof '&' , '->', '~', '|', '@', '(', ')', '{', '}', 'Ax', 'Ex'.\nDo not include explanations, commentary, or extra text inside and outside the <proof>...</proof> tags.\n ""}, {'role': 'user', 'content': ""Prove '|- (P->Ex Q(x))->Ex (P->Q(x))', using the natural deduction method. Final answer using the notation described. ""}, {'role': 'assistant', 'content': ' <proof>\n                        1. { \t(P -> Ex Q(x))\t\t\t\t\thip\n                        2.\t{\t~(~P | Ex Q(x))\t\t\t\t\thip\n                        3.\t\t{\tP\t\t\t\t\t\t\t\t      hip\n                        4.      Ex Q(x)               ->e 3, 1\n                        5.\t\t\t~P | Ex Q(x)\t\t\t\t\t|i 4\n                        6.\t\t\t@\t\t\t\t\t\t\t\t~e 5,2 }\t\t\n                        7.\t\t~P\t\t\t\t\t\t\t\t\t~i 3-6\n                        8.\t\t~P | Ex Q(x)\t\t\t\t\t\t|i 7\n                        9.\t\t@\t\t\t\t\t\t\t\t\t~e 8,2 }\n                        10.\t~P | Ex Q(x)        raa 2-9\n                        11.\t{\t~P\t\t\t\t\t\t\t\t\thip\n                        12.\t\t{\tP\t\t\t\t\t\t\t\thip\n                        13.\t\t\t@\t\t\t\t\t\t\t\t~e 11,12\n                        14.     Q(a)            @e 13 }\n                        15.\t\tP -> Q(a)\t\t\t\t\t\t\t->i 12-14\n                        16.\t\tEx  (P -> Q(x))\t\t\t\t\tEi 15 }\n                        17.\t{\tEx Q(x)\t\t\t\t\t\t\thip\n                        18.\t\t{ a\t\tQ(a)\t\t\t\t\t\thip\n                        19.\t\t\t{\tP\t\t\t\t\t\t\thip\n                        20.\t\t\t\tQ(a)\t\t\t\t\t\tcopie 18 }\n                        21.\t\t\tP -> Q(a)\t\t\t\t\t\t->i 19-20\n                        22.\t\t\tEx (P -> Q(x))\t\t\t\tEi 21 }\n                        23.\t\tEx (P -> Q(x))\t\t\t\t\tEe 17, 18-22 }\n                        24.\tEx (P -> Q(x))\t\t\t\t\t\t|e 10, 11-16, 17-23}\n                        25. (P -> Ex Q(x)) -> Ex (P -> Q(x))\t->i 1-24\n                    </proof>'}, {'role': 'user', 'content': ""Prove 'Ax ((P(x)->Q(x))&(Q(x)->P(x))) |- Ax ((~P(x)->~Q(x))&(~Q(x)->~P(x)))', using the natural deduction method. Final answer using the notation described.""}, {'role': 'assistant', 'content': ' <proof>\n                            1. Ax((P(x) -> Q(x)) & (Q(x) -> P(x))) pre\n                            2. { a\n                            3.   (P(a) -> Q(a)) & (Q(a) -> P(a)) Ae 1\n                            4.   P(a) -> Q(a) &e 3\n                            5.   Q(a) -> P(a) &e 3\n                            6.   { ~Q(a) hip\n                            7.     { P(a) hip\n                            8.       Q(a) ->e 7,4\n                            9.       @ ~e 6,8 }\n                            10.   ~P(a) ~i 7-9 }\n                            11. ~Q(a) -> ~P(a) ->i 6-10\n                            12. { ~P(a) hip\n                            13.   { Q(a) hip\n                            14.     P(a) ->e 13,5\n                            15.     @ ~e 12,14 }\n                            16.   ~Q(a) ~i 13-15 }\n                            17. ~P(a) -> ~Q(a) ->i 12-16\n                            18. (~P(a) -> ~Q(a)) & (~Q(a) -> ~P(a)) &i 17,11 }\n                            19. Ax((~P(x) -> ~Q(x)) & (~Q(x) -> ~P(x))) Ai 2-18 \n                        </proof>'}, {'role': 'user', 'content': ""Prove'|- Ax (Ey B(y)->C(x))->(Ey B(y)->Ax C(x))' using the natural deduction method. Only one final answer, surrounded by <proof>...</proof>, using the notation described.""}]","<proof>
    1. Ax(Ey P(y)->Q(x)) pre
    2. { Ey P(y) hip
    3.   { a
    4.     (Ey P(y)->Q(a)) Ae 1
    5.     Q(a) ->e 4,2
    6.   }
    7.   Ax Q(x) Ai 3-5
    8. } 
    9. Ey P(y) -> Ax Q(x) ->i 2-8
    10. (Ax(Ey P(y)->Q(x))) -> (Ey P(y)->Ax Q(x)) ->i 1-9
</proof>","1. Ax(Ey P(y)->Q(x)) pre
    2. { Ey P(y) hip
    3.   { a
    4.     (Ey P(y)->Q(a)) Ae 1
    5.     Q(a) ->e 4,2
    6.   }
    7.   Ax Q(x) Ai 3-5
    8. } 
    9. Ey P(y) -> Ax Q(x) ->i 2-8
    10. (Ax(Ey P(y)->Q(x))) -> (Ey P(y)->Ax Q(x)) ->i 1-9","Os seguintes erros foram encontrados:

Uma das definições não está completa, verifique se todas regras foram aplicadas corretamente.
Lembre-se que uma regra de inferência sempre inicia com um número seguido de um . (linha de referência), tem uma fórmula e uma justificativa (premissa, hipóteses ou uma das regras de inferência com suas respectivas referências para fórmulas anteriores).
Erro de sintaxe:
    6.   }
         ^
",3.879049062728882,stop,1783,1048
|- (Ax B(x)|Ax C(x))->Ax (B(x)|C(x)),"[{'role': 'system', 'content': ""You are an expert in logic using the Natural Deduction method.\nYou will receive one first order logic problem. Your task is to prove its validity using Natural Deduction and represent the proof in a Fitch-like notation, following these formatting instructions.\n\n### FORMAT OF PROOF LINES\nEach proof line must be structured like: '<line_number>. <formula> <origin>'\n- <line_number>: sequential integer, always ending with a dot ('1.', '2.', '3.', ...)\n- <formula>: the formula derived on that line\n- <origin>: either 'pre' (premise), 'hip' (hypothesis) or '<rule_name> <line_refs>'\n - <rule_name> and <line_refs>: \n - &e (1 line) \n - &i (2 lines) \n - ->e (2 lines) \n - ->i (1 range) \n - ~e (2 lines) \n - ~i (1 range) \n - |e (1 line + 2 ranges) \n - |i (1 line) \n - @e (1 line) \n - raa (1 range) \n - copy (1 line) \n - Ae (1 line)\n - Ai (1 range)\n - Ee (1 line + 1 range)\n - Ei (1 line)\n - <line_refs>: Must be comma-separated line numbers or ranges. Ranges denote subproofs (e.g., `->i 8-12`, `|e 4, 5-9, 10-14`)\n\n### SUBPROOFS / HYPOTHESES\nUse subproofs for hypotheses. Use curly braces '{' and '}' to open and close subproofs. \nPlace `{` immediately after the line number (e.g. '8.{ A|B hip') and `}` at the end of the final line of the subproof (e.g. '10. B @e 4}').\nNested subproofs are allowed. But a formula may only be used at a specific point if it appeared earlier in the same subproof or an outer subproof to the current subproof.\n\n### SYMBOLS & CONVENTIONS\nUse the following symbols for logical operations: \n- & = conjunction (and) \n- | = disjunction (or) \n- ~ = negation (not) \n- -> = implication (implies)\n\nQuantifiers symbols: \n Ax represents ∀x \n Ex represents ∃x\nSo formulas with ∀x and ∃x will be represented by Ax and Ex (A and E followed by the variable x). For example, Ax (H(x)->M(x)) represents ∀x (H(x)→M(x)).\n\n###CONVENTIONS\nAtoms: only uppercase letters not immediately followed by parentesis (e.g. P, Q, R).\nPredicates: uppercase letters immediately followed by parentesis (e.g. H(x), M(y), Q(a,b) ). All predicates must use parentheses.\nVariables: first letter in lowercase, can be followed by letters and numbers (e.g., x, x0, xP0).\n\n### TO CREATE NEW VARIABLE:\nFor Universal Introduction rule(Ai): open a subproof with a fresh variable not occurring in any open hypothesis.\nCreate new variable like this: '<line_number>. { <new_variable> '\n\nFor Existential Elimination rule(Ee): open a subproof with a fresh witness constant/variable. \nCreate new variable like this: '<line_number>. {<new_variable> φ[<old_variable>/<new_variable>] hip\n  Write only the final proof in <proof>...</proof> tags. Only use <proof>...</proof> tags ONCE. Only use these symbols inside the proof '&' , '->', '~', '|', '@', '(', ')', '{', '}', 'Ax', 'Ex'.\nDo not include explanations, commentary, or extra text inside and outside the <proof>...</proof> tags.\n ""}, {'role': 'user', 'content': ""Prove '|- (P->Ex Q(x))->Ex (P->Q(x))', using the natural deduction method. Final answer using the notation described. ""}, {'role': 'assistant', 'content': ' <proof>\n                        1. { \t(P -> Ex Q(x))\t\t\t\t\thip\n                        2.\t{\t~(~P | Ex Q(x))\t\t\t\t\thip\n                        3.\t\t{\tP\t\t\t\t\t\t\t\t      hip\n                        4.      Ex Q(x)               ->e 3, 1\n                        5.\t\t\t~P | Ex Q(x)\t\t\t\t\t|i 4\n                        6.\t\t\t@\t\t\t\t\t\t\t\t~e 5,2 }\t\t\n                        7.\t\t~P\t\t\t\t\t\t\t\t\t~i 3-6\n                        8.\t\t~P | Ex Q(x)\t\t\t\t\t\t|i 7\n                        9.\t\t@\t\t\t\t\t\t\t\t\t~e 8,2 }\n                        10.\t~P | Ex Q(x)        raa 2-9\n                        11.\t{\t~P\t\t\t\t\t\t\t\t\thip\n                        12.\t\t{\tP\t\t\t\t\t\t\t\thip\n                        13.\t\t\t@\t\t\t\t\t\t\t\t~e 11,12\n                        14.     Q(a)            @e 13 }\n                        15.\t\tP -> Q(a)\t\t\t\t\t\t\t->i 12-14\n                        16.\t\tEx  (P -> Q(x))\t\t\t\t\tEi 15 }\n                        17.\t{\tEx Q(x)\t\t\t\t\t\t\thip\n                        18.\t\t{ a\t\tQ(a)\t\t\t\t\t\thip\n                        19.\t\t\t{\tP\t\t\t\t\t\t\thip\n                        20.\t\t\t\tQ(a)\t\t\t\t\t\tcopie 18 }\n                        21.\t\t\tP -> Q(a)\t\t\t\t\t\t->i 19-20\n                        22.\t\t\tEx (P -> Q(x))\t\t\t\tEi 21 }\n                        23.\t\tEx (P -> Q(x))\t\t\t\t\tEe 17, 18-22 }\n                        24.\tEx (P -> Q(x))\t\t\t\t\t\t|e 10, 11-16, 17-23}\n                        25. (P -> Ex Q(x)) -> Ex (P -> Q(x))\t->i 1-24\n                    </proof>'}, {'role': 'user', 'content': ""Prove 'Ax ((P(x)->Q(x))&(Q(x)->P(x))) |- Ax ((~P(x)->~Q(x))&(~Q(x)->~P(x)))', using the natural deduction method. Final answer using the notation described.""}, {'role': 'assistant', 'content': ' <proof>\n                            1. Ax((P(x) -> Q(x)) & (Q(x) -> P(x))) pre\n                            2. { a\n                            3.   (P(a) -> Q(a)) & (Q(a) -> P(a)) Ae 1\n                            4.   P(a) -> Q(a) &e 3\n                            5.   Q(a) -> P(a) &e 3\n                            6.   { ~Q(a) hip\n                            7.     { P(a) hip\n                            8.       Q(a) ->e 7,4\n                            9.       @ ~e 6,8 }\n                            10.   ~P(a) ~i 7-9 }\n                            11. ~Q(a) -> ~P(a) ->i 6-10\n                            12. { ~P(a) hip\n                            13.   { Q(a) hip\n                            14.     P(a) ->e 13,5\n                            15.     @ ~e 12,14 }\n                            16.   ~Q(a) ~i 13-15 }\n                            17. ~P(a) -> ~Q(a) ->i 12-16\n                            18. (~P(a) -> ~Q(a)) & (~Q(a) -> ~P(a)) &i 17,11 }\n                            19. Ax((~P(x) -> ~Q(x)) & (~Q(x) -> ~P(x))) Ai 2-18 \n                        </proof>'}, {'role': 'user', 'content': ""Prove'|- (Ax B(x)|Ax C(x))->Ax (B(x)|C(x))' using the natural deduction method. Only one final answer, surrounded by <proof>...</proof>, using the notation described.""}]","<proof>
                        1. (Ax P(x) | Ax Q(x)) pre
                        2. { Ax P(x) hip
                        3.   { a hip
                        4.     P(a) Ae 2
                        5.     P(a) | Q(a) |i 4
                        6.   }
                        7.   Ax (P(x) | Q(x)) Ai 3-6
                        8. }
                        9. { Ax Q(x) hip
                        10.   { a hip
                        11.     Q(a) Ae 9
                        12.     P(a) | Q(a) |i 11
                        13.   }
                        14.   Ax (P(x) | Q(x)) Ai 10-13
                        15. }
                        16. Ax (P(x) | Q(x)) |e 1,2-8,9-15
                        17. (Ax P(x) | Ax Q(x)) -> Ax (P(x) | Q(x)) ->i 1-16
                    </proof>","1. (Ax P(x) | Ax Q(x)) pre
                        2. { Ax P(x) hip
                        3.   { a hip
                        4.     P(a) Ae 2
                        5.     P(a) | Q(a) |i 4
                        6.   }
                        7.   Ax (P(x) | Q(x)) Ai 3-6
                        8. }
                        9. { Ax Q(x) hip
                        10.   { a hip
                        11.     Q(a) Ae 9
                        12.     P(a) | Q(a) |i 11
                        13.   }
                        14.   Ax (P(x) | Q(x)) Ai 10-13
                        15. }
                        16. Ax (P(x) | Q(x)) |e 1,2-8,9-15
                        17. (Ax P(x) | Ax Q(x)) -> Ax (P(x) | Q(x)) ->i 1-16","Os seguintes erros foram encontrados:

Uma das definições não está completa, verifique se todas regras foram aplicadas corretamente.
Lembre-se que uma regra de inferência sempre inicia com um número seguido de um . (linha de referência), tem uma fórmula e uma justificativa (premissa, hipóteses ou uma das regras de inferência com suas respectivas referências para fórmulas anteriores).
Erro de sintaxe:
                        3.   { a hip
                                 ^
",2.355734348297119,stop,1782,635
|- Ex (B(x)&C(x))->Ex B(x),"[{'role': 'system', 'content': ""You are an expert in logic using the Natural Deduction method.\nYou will receive one first order logic problem. Your task is to prove its validity using Natural Deduction and represent the proof in a Fitch-like notation, following these formatting instructions.\n\n### FORMAT OF PROOF LINES\nEach proof line must be structured like: '<line_number>. <formula> <origin>'\n- <line_number>: sequential integer, always ending with a dot ('1.', '2.', '3.', ...)\n- <formula>: the formula derived on that line\n- <origin>: either 'pre' (premise), 'hip' (hypothesis) or '<rule_name> <line_refs>'\n - <rule_name> and <line_refs>: \n - &e (1 line) \n - &i (2 lines) \n - ->e (2 lines) \n - ->i (1 range) \n - ~e (2 lines) \n - ~i (1 range) \n - |e (1 line + 2 ranges) \n - |i (1 line) \n - @e (1 line) \n - raa (1 range) \n - copy (1 line) \n - Ae (1 line)\n - Ai (1 range)\n - Ee (1 line + 1 range)\n - Ei (1 line)\n - <line_refs>: Must be comma-separated line numbers or ranges. Ranges denote subproofs (e.g., `->i 8-12`, `|e 4, 5-9, 10-14`)\n\n### SUBPROOFS / HYPOTHESES\nUse subproofs for hypotheses. Use curly braces '{' and '}' to open and close subproofs. \nPlace `{` immediately after the line number (e.g. '8.{ A|B hip') and `}` at the end of the final line of the subproof (e.g. '10. B @e 4}').\nNested subproofs are allowed. But a formula may only be used at a specific point if it appeared earlier in the same subproof or an outer subproof to the current subproof.\n\n### SYMBOLS & CONVENTIONS\nUse the following symbols for logical operations: \n- & = conjunction (and) \n- | = disjunction (or) \n- ~ = negation (not) \n- -> = implication (implies)\n\nQuantifiers symbols: \n Ax represents ∀x \n Ex represents ∃x\nSo formulas with ∀x and ∃x will be represented by Ax and Ex (A and E followed by the variable x). For example, Ax (H(x)->M(x)) represents ∀x (H(x)→M(x)).\n\n###CONVENTIONS\nAtoms: only uppercase letters not immediately followed by parentesis (e.g. P, Q, R).\nPredicates: uppercase letters immediately followed by parentesis (e.g. H(x), M(y), Q(a,b) ). All predicates must use parentheses.\nVariables: first letter in lowercase, can be followed by letters and numbers (e.g., x, x0, xP0).\n\n### TO CREATE NEW VARIABLE:\nFor Universal Introduction rule(Ai): open a subproof with a fresh variable not occurring in any open hypothesis.\nCreate new variable like this: '<line_number>. { <new_variable> '\n\nFor Existential Elimination rule(Ee): open a subproof with a fresh witness constant/variable. \nCreate new variable like this: '<line_number>. {<new_variable> φ[<old_variable>/<new_variable>] hip\n  Write only the final proof in <proof>...</proof> tags. Only use <proof>...</proof> tags ONCE. Only use these symbols inside the proof '&' , '->', '~', '|', '@', '(', ')', '{', '}', 'Ax', 'Ex'.\nDo not include explanations, commentary, or extra text inside and outside the <proof>...</proof> tags.\n ""}, {'role': 'user', 'content': ""Prove '|- (P->Ex Q(x))->Ex (P->Q(x))', using the natural deduction method. Final answer using the notation described. ""}, {'role': 'assistant', 'content': ' <proof>\n                        1. { \t(P -> Ex Q(x))\t\t\t\t\thip\n                        2.\t{\t~(~P | Ex Q(x))\t\t\t\t\thip\n                        3.\t\t{\tP\t\t\t\t\t\t\t\t      hip\n                        4.      Ex Q(x)               ->e 3, 1\n                        5.\t\t\t~P | Ex Q(x)\t\t\t\t\t|i 4\n                        6.\t\t\t@\t\t\t\t\t\t\t\t~e 5,2 }\t\t\n                        7.\t\t~P\t\t\t\t\t\t\t\t\t~i 3-6\n                        8.\t\t~P | Ex Q(x)\t\t\t\t\t\t|i 7\n                        9.\t\t@\t\t\t\t\t\t\t\t\t~e 8,2 }\n                        10.\t~P | Ex Q(x)        raa 2-9\n                        11.\t{\t~P\t\t\t\t\t\t\t\t\thip\n                        12.\t\t{\tP\t\t\t\t\t\t\t\thip\n                        13.\t\t\t@\t\t\t\t\t\t\t\t~e 11,12\n                        14.     Q(a)            @e 13 }\n                        15.\t\tP -> Q(a)\t\t\t\t\t\t\t->i 12-14\n                        16.\t\tEx  (P -> Q(x))\t\t\t\t\tEi 15 }\n                        17.\t{\tEx Q(x)\t\t\t\t\t\t\thip\n                        18.\t\t{ a\t\tQ(a)\t\t\t\t\t\thip\n                        19.\t\t\t{\tP\t\t\t\t\t\t\thip\n                        20.\t\t\t\tQ(a)\t\t\t\t\t\tcopie 18 }\n                        21.\t\t\tP -> Q(a)\t\t\t\t\t\t->i 19-20\n                        22.\t\t\tEx (P -> Q(x))\t\t\t\tEi 21 }\n                        23.\t\tEx (P -> Q(x))\t\t\t\t\tEe 17, 18-22 }\n                        24.\tEx (P -> Q(x))\t\t\t\t\t\t|e 10, 11-16, 17-23}\n                        25. (P -> Ex Q(x)) -> Ex (P -> Q(x))\t->i 1-24\n                    </proof>'}, {'role': 'user', 'content': ""Prove 'Ax ((P(x)->Q(x))&(Q(x)->P(x))) |- Ax ((~P(x)->~Q(x))&(~Q(x)->~P(x)))', using the natural deduction method. Final answer using the notation described.""}, {'role': 'assistant', 'content': ' <proof>\n                            1. Ax((P(x) -> Q(x)) & (Q(x) -> P(x))) pre\n                            2. { a\n                            3.   (P(a) -> Q(a)) & (Q(a) -> P(a)) Ae 1\n                            4.   P(a) -> Q(a) &e 3\n                            5.   Q(a) -> P(a) &e 3\n                            6.   { ~Q(a) hip\n                            7.     { P(a) hip\n                            8.       Q(a) ->e 7,4\n                            9.       @ ~e 6,8 }\n                            10.   ~P(a) ~i 7-9 }\n                            11. ~Q(a) -> ~P(a) ->i 6-10\n                            12. { ~P(a) hip\n                            13.   { Q(a) hip\n                            14.     P(a) ->e 13,5\n                            15.     @ ~e 12,14 }\n                            16.   ~Q(a) ~i 13-15 }\n                            17. ~P(a) -> ~Q(a) ->i 12-16\n                            18. (~P(a) -> ~Q(a)) & (~Q(a) -> ~P(a)) &i 17,11 }\n                            19. Ax((~P(x) -> ~Q(x)) & (~Q(x) -> ~P(x))) Ai 2-18 \n                        </proof>'}, {'role': 'user', 'content': ""Prove'|- Ex (B(x)&C(x))->Ex B(x)' using the natural deduction method. Only one final answer, surrounded by <proof>...</proof>, using the notation described.""}]","<proof>
                        1. { ∃x(P(x)&Q(x)) hip
                        2.   { a   P(a) & Q(a) Ee 1
                        3.     P(a) &e 2
                        4.     Ex P(x) Ei 3
                        5.   }
                        6. Ex P(x) Ee 1-5
                        7. (∃x(P(x)&Q(x))) -> Ex P(x) ->i 1-6
                    </proof>","1. { ∃x(P(x)&Q(x)) hip
                        2.   { a   P(a) & Q(a) Ee 1
                        3.     P(a) &e 2
                        4.     Ex P(x) Ei 3
                        5.   }
                        6. Ex P(x) Ee 1-5
                        7. (∃x(P(x)&Q(x))) -> Ex P(x) ->i 1-6","Os seguintes erros foram encontrados:

Uma das definições não está completa, verifique se todas regras foram aplicadas corretamente.
Lembre-se que uma regra de inferência sempre inicia com um número seguido de um . (linha de referência), tem uma fórmula e uma justificativa (premissa, hipóteses ou uma das regras de inferência com suas respectivas referências para fórmulas anteriores).
Erro de sintaxe:
1. { ∃x(P(x)&Q(x)) hip
     ^ Símbolo não pertence a linguagem.
",4.214452743530273,stop,1776,1120
"Ax (B(x)->C(x)), Ax B(x) |- Ax C(x)","[{'role': 'system', 'content': ""You are an expert in logic using the Natural Deduction method.\nYou will receive one first order logic problem. Your task is to prove its validity using Natural Deduction and represent the proof in a Fitch-like notation, following these formatting instructions.\n\n### FORMAT OF PROOF LINES\nEach proof line must be structured like: '<line_number>. <formula> <origin>'\n- <line_number>: sequential integer, always ending with a dot ('1.', '2.', '3.', ...)\n- <formula>: the formula derived on that line\n- <origin>: either 'pre' (premise), 'hip' (hypothesis) or '<rule_name> <line_refs>'\n - <rule_name> and <line_refs>: \n - &e (1 line) \n - &i (2 lines) \n - ->e (2 lines) \n - ->i (1 range) \n - ~e (2 lines) \n - ~i (1 range) \n - |e (1 line + 2 ranges) \n - |i (1 line) \n - @e (1 line) \n - raa (1 range) \n - copy (1 line) \n - Ae (1 line)\n - Ai (1 range)\n - Ee (1 line + 1 range)\n - Ei (1 line)\n - <line_refs>: Must be comma-separated line numbers or ranges. Ranges denote subproofs (e.g., `->i 8-12`, `|e 4, 5-9, 10-14`)\n\n### SUBPROOFS / HYPOTHESES\nUse subproofs for hypotheses. Use curly braces '{' and '}' to open and close subproofs. \nPlace `{` immediately after the line number (e.g. '8.{ A|B hip') and `}` at the end of the final line of the subproof (e.g. '10. B @e 4}').\nNested subproofs are allowed. But a formula may only be used at a specific point if it appeared earlier in the same subproof or an outer subproof to the current subproof.\n\n### SYMBOLS & CONVENTIONS\nUse the following symbols for logical operations: \n- & = conjunction (and) \n- | = disjunction (or) \n- ~ = negation (not) \n- -> = implication (implies)\n\nQuantifiers symbols: \n Ax represents ∀x \n Ex represents ∃x\nSo formulas with ∀x and ∃x will be represented by Ax and Ex (A and E followed by the variable x). For example, Ax (H(x)->M(x)) represents ∀x (H(x)→M(x)).\n\n###CONVENTIONS\nAtoms: only uppercase letters not immediately followed by parentesis (e.g. P, Q, R).\nPredicates: uppercase letters immediately followed by parentesis (e.g. H(x), M(y), Q(a,b) ). All predicates must use parentheses.\nVariables: first letter in lowercase, can be followed by letters and numbers (e.g., x, x0, xP0).\n\n### TO CREATE NEW VARIABLE:\nFor Universal Introduction rule(Ai): open a subproof with a fresh variable not occurring in any open hypothesis.\nCreate new variable like this: '<line_number>. { <new_variable> '\n\nFor Existential Elimination rule(Ee): open a subproof with a fresh witness constant/variable. \nCreate new variable like this: '<line_number>. {<new_variable> φ[<old_variable>/<new_variable>] hip\n  Write only the final proof in <proof>...</proof> tags. Only use <proof>...</proof> tags ONCE. Only use these symbols inside the proof '&' , '->', '~', '|', '@', '(', ')', '{', '}', 'Ax', 'Ex'.\nDo not include explanations, commentary, or extra text inside and outside the <proof>...</proof> tags.\n ""}, {'role': 'user', 'content': ""Prove '|- (P->Ex Q(x))->Ex (P->Q(x))', using the natural deduction method. Final answer using the notation described. ""}, {'role': 'assistant', 'content': ' <proof>\n                        1. { \t(P -> Ex Q(x))\t\t\t\t\thip\n                        2.\t{\t~(~P | Ex Q(x))\t\t\t\t\thip\n                        3.\t\t{\tP\t\t\t\t\t\t\t\t      hip\n                        4.      Ex Q(x)               ->e 3, 1\n                        5.\t\t\t~P | Ex Q(x)\t\t\t\t\t|i 4\n                        6.\t\t\t@\t\t\t\t\t\t\t\t~e 5,2 }\t\t\n                        7.\t\t~P\t\t\t\t\t\t\t\t\t~i 3-6\n                        8.\t\t~P | Ex Q(x)\t\t\t\t\t\t|i 7\n                        9.\t\t@\t\t\t\t\t\t\t\t\t~e 8,2 }\n                        10.\t~P | Ex Q(x)        raa 2-9\n                        11.\t{\t~P\t\t\t\t\t\t\t\t\thip\n                        12.\t\t{\tP\t\t\t\t\t\t\t\thip\n                        13.\t\t\t@\t\t\t\t\t\t\t\t~e 11,12\n                        14.     Q(a)            @e 13 }\n                        15.\t\tP -> Q(a)\t\t\t\t\t\t\t->i 12-14\n                        16.\t\tEx  (P -> Q(x))\t\t\t\t\tEi 15 }\n                        17.\t{\tEx Q(x)\t\t\t\t\t\t\thip\n                        18.\t\t{ a\t\tQ(a)\t\t\t\t\t\thip\n                        19.\t\t\t{\tP\t\t\t\t\t\t\thip\n                        20.\t\t\t\tQ(a)\t\t\t\t\t\tcopie 18 }\n                        21.\t\t\tP -> Q(a)\t\t\t\t\t\t->i 19-20\n                        22.\t\t\tEx (P -> Q(x))\t\t\t\tEi 21 }\n                        23.\t\tEx (P -> Q(x))\t\t\t\t\tEe 17, 18-22 }\n                        24.\tEx (P -> Q(x))\t\t\t\t\t\t|e 10, 11-16, 17-23}\n                        25. (P -> Ex Q(x)) -> Ex (P -> Q(x))\t->i 1-24\n                    </proof>'}, {'role': 'user', 'content': ""Prove 'Ax ((P(x)->Q(x))&(Q(x)->P(x))) |- Ax ((~P(x)->~Q(x))&(~Q(x)->~P(x)))', using the natural deduction method. Final answer using the notation described.""}, {'role': 'assistant', 'content': ' <proof>\n                            1. Ax((P(x) -> Q(x)) & (Q(x) -> P(x))) pre\n                            2. { a\n                            3.   (P(a) -> Q(a)) & (Q(a) -> P(a)) Ae 1\n                            4.   P(a) -> Q(a) &e 3\n                            5.   Q(a) -> P(a) &e 3\n                            6.   { ~Q(a) hip\n                            7.     { P(a) hip\n                            8.       Q(a) ->e 7,4\n                            9.       @ ~e 6,8 }\n                            10.   ~P(a) ~i 7-9 }\n                            11. ~Q(a) -> ~P(a) ->i 6-10\n                            12. { ~P(a) hip\n                            13.   { Q(a) hip\n                            14.     P(a) ->e 13,5\n                            15.     @ ~e 12,14 }\n                            16.   ~Q(a) ~i 13-15 }\n                            17. ~P(a) -> ~Q(a) ->i 12-16\n                            18. (~P(a) -> ~Q(a)) & (~Q(a) -> ~P(a)) &i 17,11 }\n                            19. Ax((~P(x) -> ~Q(x)) & (~Q(x) -> ~P(x))) Ai 2-18 \n                        </proof>'}, {'role': 'user', 'content': ""Prove'Ax (B(x)->C(x)), Ax B(x) |- Ax C(x)' using the natural deduction method. Only one final answer, surrounded by <proof>...</proof>, using the notation described.""}]","<proof>
                        1. Ax(P->Q) pre
                        2. Ax P pre
                        3. { a
                        4.   P(a) Ae 2
                        5.   P(a)->Q(a) Ae 1
                        6.   Q(a) ->e 4,5
                        7. }
                        8. Ax Q(x) Ai 3-6
                    </proof>","1. Ax(P->Q) pre
                        2. Ax P pre
                        3. { a
                        4.   P(a) Ae 2
                        5.   P(a)->Q(a) Ae 1
                        6.   Q(a) ->e 4,5
                        7. }
                        8. Ax Q(x) Ai 3-6","Os seguintes erros foram encontrados:

Uma das definições não está completa, verifique se todas regras foram aplicadas corretamente.
Lembre-se que uma regra de inferência sempre inicia com um número seguido de um . (linha de referência), tem uma fórmula e uma justificativa (premissa, hipóteses ou uma das regras de inferência com suas respectivas referências para fórmulas anteriores).
Erro de sintaxe:
                        7. }
                           ^
",0.8666377067565918,stop,1780,220
"Ax (B(x)->C(x)), Ax (C(x)->D(x)) |- Ex (B(x)&F(x))->Ex (D(x)&F(x))","[{'role': 'system', 'content': ""You are an expert in logic using the Natural Deduction method.\nYou will receive one first order logic problem. Your task is to prove its validity using Natural Deduction and represent the proof in a Fitch-like notation, following these formatting instructions.\n\n### FORMAT OF PROOF LINES\nEach proof line must be structured like: '<line_number>. <formula> <origin>'\n- <line_number>: sequential integer, always ending with a dot ('1.', '2.', '3.', ...)\n- <formula>: the formula derived on that line\n- <origin>: either 'pre' (premise), 'hip' (hypothesis) or '<rule_name> <line_refs>'\n - <rule_name> and <line_refs>: \n - &e (1 line) \n - &i (2 lines) \n - ->e (2 lines) \n - ->i (1 range) \n - ~e (2 lines) \n - ~i (1 range) \n - |e (1 line + 2 ranges) \n - |i (1 line) \n - @e (1 line) \n - raa (1 range) \n - copy (1 line) \n - Ae (1 line)\n - Ai (1 range)\n - Ee (1 line + 1 range)\n - Ei (1 line)\n - <line_refs>: Must be comma-separated line numbers or ranges. Ranges denote subproofs (e.g., `->i 8-12`, `|e 4, 5-9, 10-14`)\n\n### SUBPROOFS / HYPOTHESES\nUse subproofs for hypotheses. Use curly braces '{' and '}' to open and close subproofs. \nPlace `{` immediately after the line number (e.g. '8.{ A|B hip') and `}` at the end of the final line of the subproof (e.g. '10. B @e 4}').\nNested subproofs are allowed. But a formula may only be used at a specific point if it appeared earlier in the same subproof or an outer subproof to the current subproof.\n\n### SYMBOLS & CONVENTIONS\nUse the following symbols for logical operations: \n- & = conjunction (and) \n- | = disjunction (or) \n- ~ = negation (not) \n- -> = implication (implies)\n\nQuantifiers symbols: \n Ax represents ∀x \n Ex represents ∃x\nSo formulas with ∀x and ∃x will be represented by Ax and Ex (A and E followed by the variable x). For example, Ax (H(x)->M(x)) represents ∀x (H(x)→M(x)).\n\n###CONVENTIONS\nAtoms: only uppercase letters not immediately followed by parentesis (e.g. P, Q, R).\nPredicates: uppercase letters immediately followed by parentesis (e.g. H(x), M(y), Q(a,b) ). All predicates must use parentheses.\nVariables: first letter in lowercase, can be followed by letters and numbers (e.g., x, x0, xP0).\n\n### TO CREATE NEW VARIABLE:\nFor Universal Introduction rule(Ai): open a subproof with a fresh variable not occurring in any open hypothesis.\nCreate new variable like this: '<line_number>. { <new_variable> '\n\nFor Existential Elimination rule(Ee): open a subproof with a fresh witness constant/variable. \nCreate new variable like this: '<line_number>. {<new_variable> φ[<old_variable>/<new_variable>] hip\n  Write only the final proof in <proof>...</proof> tags. Only use <proof>...</proof> tags ONCE. Only use these symbols inside the proof '&' , '->', '~', '|', '@', '(', ')', '{', '}', 'Ax', 'Ex'.\nDo not include explanations, commentary, or extra text inside and outside the <proof>...</proof> tags.\n ""}, {'role': 'user', 'content': ""Prove '|- (P->Ex Q(x))->Ex (P->Q(x))', using the natural deduction method. Final answer using the notation described. ""}, {'role': 'assistant', 'content': ' <proof>\n                        1. { \t(P -> Ex Q(x))\t\t\t\t\thip\n                        2.\t{\t~(~P | Ex Q(x))\t\t\t\t\thip\n                        3.\t\t{\tP\t\t\t\t\t\t\t\t      hip\n                        4.      Ex Q(x)               ->e 3, 1\n                        5.\t\t\t~P | Ex Q(x)\t\t\t\t\t|i 4\n                        6.\t\t\t@\t\t\t\t\t\t\t\t~e 5,2 }\t\t\n                        7.\t\t~P\t\t\t\t\t\t\t\t\t~i 3-6\n                        8.\t\t~P | Ex Q(x)\t\t\t\t\t\t|i 7\n                        9.\t\t@\t\t\t\t\t\t\t\t\t~e 8,2 }\n                        10.\t~P | Ex Q(x)        raa 2-9\n                        11.\t{\t~P\t\t\t\t\t\t\t\t\thip\n                        12.\t\t{\tP\t\t\t\t\t\t\t\thip\n                        13.\t\t\t@\t\t\t\t\t\t\t\t~e 11,12\n                        14.     Q(a)            @e 13 }\n                        15.\t\tP -> Q(a)\t\t\t\t\t\t\t->i 12-14\n                        16.\t\tEx  (P -> Q(x))\t\t\t\t\tEi 15 }\n                        17.\t{\tEx Q(x)\t\t\t\t\t\t\thip\n                        18.\t\t{ a\t\tQ(a)\t\t\t\t\t\thip\n                        19.\t\t\t{\tP\t\t\t\t\t\t\thip\n                        20.\t\t\t\tQ(a)\t\t\t\t\t\tcopie 18 }\n                        21.\t\t\tP -> Q(a)\t\t\t\t\t\t->i 19-20\n                        22.\t\t\tEx (P -> Q(x))\t\t\t\tEi 21 }\n                        23.\t\tEx (P -> Q(x))\t\t\t\t\tEe 17, 18-22 }\n                        24.\tEx (P -> Q(x))\t\t\t\t\t\t|e 10, 11-16, 17-23}\n                        25. (P -> Ex Q(x)) -> Ex (P -> Q(x))\t->i 1-24\n                    </proof>'}, {'role': 'user', 'content': ""Prove 'Ax ((P(x)->Q(x))&(Q(x)->P(x))) |- Ax ((~P(x)->~Q(x))&(~Q(x)->~P(x)))', using the natural deduction method. Final answer using the notation described.""}, {'role': 'assistant', 'content': ' <proof>\n                            1. Ax((P(x) -> Q(x)) & (Q(x) -> P(x))) pre\n                            2. { a\n                            3.   (P(a) -> Q(a)) & (Q(a) -> P(a)) Ae 1\n                            4.   P(a) -> Q(a) &e 3\n                            5.   Q(a) -> P(a) &e 3\n                            6.   { ~Q(a) hip\n                            7.     { P(a) hip\n                            8.       Q(a) ->e 7,4\n                            9.       @ ~e 6,8 }\n                            10.   ~P(a) ~i 7-9 }\n                            11. ~Q(a) -> ~P(a) ->i 6-10\n                            12. { ~P(a) hip\n                            13.   { Q(a) hip\n                            14.     P(a) ->e 13,5\n                            15.     @ ~e 12,14 }\n                            16.   ~Q(a) ~i 13-15 }\n                            17. ~P(a) -> ~Q(a) ->i 12-16\n                            18. (~P(a) -> ~Q(a)) & (~Q(a) -> ~P(a)) &i 17,11 }\n                            19. Ax((~P(x) -> ~Q(x)) & (~Q(x) -> ~P(x))) Ai 2-18 \n                        </proof>'}, {'role': 'user', 'content': ""Prove'Ax (B(x)->C(x)), Ax (C(x)->D(x)) |- Ex (B(x)&F(x))->Ex (D(x)&F(x))' using the natural deduction method. Only one final answer, surrounded by <proof>...</proof>, using the notation described.""}]","<proof>
                        1. Ax(P(x) -> Q(x)) pre
                        2. Ax(Q(x) -> R(x)) pre
                        3. { Ex(P(x) & S(x)) hip
                        4.   { a P(a) & S(a) hip
                        5.     P(a) &e 4
                        6.     S(a) &e 4
                        7.     P(a) -> Q(a) Ae 1
                        8.     Q(a) ->e 5,7
                        9.     Q(a) -> R(a) Ae 2
                       10.     R(a) ->e 8,9
                       11.     R(a) & S(a) &i 10,6
                       12.     Ex(R(x) & S(x)) Ei 11 }
                        13.   Ex(R(x) & S(x)) Ee 4-12 }
                        14. (Ex(P(x) & S(x))) -> Ex(R(x) & S(x)) ->i 3-13
                    </proof>","1. Ax(P(x) -> Q(x)) pre
                        2. Ax(Q(x) -> R(x)) pre
                        3. { Ex(P(x) & S(x)) hip
                        4.   { a P(a) & S(a) hip
                        5.     P(a) &e 4
                        6.     S(a) &e 4
                        7.     P(a) -> Q(a) Ae 1
                        8.     Q(a) ->e 5,7
                        9.     Q(a) -> R(a) Ae 2
                       10.     R(a) ->e 8,9
                       11.     R(a) & S(a) &i 10,6
                       12.     Ex(R(x) & S(x)) Ei 11 }
                        13.   Ex(R(x) & S(x)) Ee 4-12 }
                        14. (Ex(P(x) & S(x))) -> Ex(R(x) & S(x)) ->i 3-13","Os seguintes erros foram encontrados:

Uma das definições não está completa, verifique se todas regras foram aplicadas corretamente.
Lembre-se que uma regra de inferência sempre inicia com um número seguido de um . (linha de referência), tem uma fórmula e uma justificativa (premissa, hipóteses ou uma das regras de inferência com suas respectivas referências para fórmulas anteriores).
Erro de sintaxe:
                        13.   Ex(R(x) & S(x)) Ee 4-12 }
                                                  ^
",2.363198518753052,stop,1797,626
B->Ax C(x) |- Ax (B->C(x)),"[{'role': 'system', 'content': ""You are an expert in logic using the Natural Deduction method.\nYou will receive one first order logic problem. Your task is to prove its validity using Natural Deduction and represent the proof in a Fitch-like notation, following these formatting instructions.\n\n### FORMAT OF PROOF LINES\nEach proof line must be structured like: '<line_number>. <formula> <origin>'\n- <line_number>: sequential integer, always ending with a dot ('1.', '2.', '3.', ...)\n- <formula>: the formula derived on that line\n- <origin>: either 'pre' (premise), 'hip' (hypothesis) or '<rule_name> <line_refs>'\n - <rule_name> and <line_refs>: \n - &e (1 line) \n - &i (2 lines) \n - ->e (2 lines) \n - ->i (1 range) \n - ~e (2 lines) \n - ~i (1 range) \n - |e (1 line + 2 ranges) \n - |i (1 line) \n - @e (1 line) \n - raa (1 range) \n - copy (1 line) \n - Ae (1 line)\n - Ai (1 range)\n - Ee (1 line + 1 range)\n - Ei (1 line)\n - <line_refs>: Must be comma-separated line numbers or ranges. Ranges denote subproofs (e.g., `->i 8-12`, `|e 4, 5-9, 10-14`)\n\n### SUBPROOFS / HYPOTHESES\nUse subproofs for hypotheses. Use curly braces '{' and '}' to open and close subproofs. \nPlace `{` immediately after the line number (e.g. '8.{ A|B hip') and `}` at the end of the final line of the subproof (e.g. '10. B @e 4}').\nNested subproofs are allowed. But a formula may only be used at a specific point if it appeared earlier in the same subproof or an outer subproof to the current subproof.\n\n### SYMBOLS & CONVENTIONS\nUse the following symbols for logical operations: \n- & = conjunction (and) \n- | = disjunction (or) \n- ~ = negation (not) \n- -> = implication (implies)\n\nQuantifiers symbols: \n Ax represents ∀x \n Ex represents ∃x\nSo formulas with ∀x and ∃x will be represented by Ax and Ex (A and E followed by the variable x). For example, Ax (H(x)->M(x)) represents ∀x (H(x)→M(x)).\n\n###CONVENTIONS\nAtoms: only uppercase letters not immediately followed by parentesis (e.g. P, Q, R).\nPredicates: uppercase letters immediately followed by parentesis (e.g. H(x), M(y), Q(a,b) ). All predicates must use parentheses.\nVariables: first letter in lowercase, can be followed by letters and numbers (e.g., x, x0, xP0).\n\n### TO CREATE NEW VARIABLE:\nFor Universal Introduction rule(Ai): open a subproof with a fresh variable not occurring in any open hypothesis.\nCreate new variable like this: '<line_number>. { <new_variable> '\n\nFor Existential Elimination rule(Ee): open a subproof with a fresh witness constant/variable. \nCreate new variable like this: '<line_number>. {<new_variable> φ[<old_variable>/<new_variable>] hip\n  Write only the final proof in <proof>...</proof> tags. Only use <proof>...</proof> tags ONCE. Only use these symbols inside the proof '&' , '->', '~', '|', '@', '(', ')', '{', '}', 'Ax', 'Ex'.\nDo not include explanations, commentary, or extra text inside and outside the <proof>...</proof> tags.\n ""}, {'role': 'user', 'content': ""Prove '|- (P->Ex Q(x))->Ex (P->Q(x))', using the natural deduction method. Final answer using the notation described. ""}, {'role': 'assistant', 'content': ' <proof>\n                        1. { \t(P -> Ex Q(x))\t\t\t\t\thip\n                        2.\t{\t~(~P | Ex Q(x))\t\t\t\t\thip\n                        3.\t\t{\tP\t\t\t\t\t\t\t\t      hip\n                        4.      Ex Q(x)               ->e 3, 1\n                        5.\t\t\t~P | Ex Q(x)\t\t\t\t\t|i 4\n                        6.\t\t\t@\t\t\t\t\t\t\t\t~e 5,2 }\t\t\n                        7.\t\t~P\t\t\t\t\t\t\t\t\t~i 3-6\n                        8.\t\t~P | Ex Q(x)\t\t\t\t\t\t|i 7\n                        9.\t\t@\t\t\t\t\t\t\t\t\t~e 8,2 }\n                        10.\t~P | Ex Q(x)        raa 2-9\n                        11.\t{\t~P\t\t\t\t\t\t\t\t\thip\n                        12.\t\t{\tP\t\t\t\t\t\t\t\thip\n                        13.\t\t\t@\t\t\t\t\t\t\t\t~e 11,12\n                        14.     Q(a)            @e 13 }\n                        15.\t\tP -> Q(a)\t\t\t\t\t\t\t->i 12-14\n                        16.\t\tEx  (P -> Q(x))\t\t\t\t\tEi 15 }\n                        17.\t{\tEx Q(x)\t\t\t\t\t\t\thip\n                        18.\t\t{ a\t\tQ(a)\t\t\t\t\t\thip\n                        19.\t\t\t{\tP\t\t\t\t\t\t\thip\n                        20.\t\t\t\tQ(a)\t\t\t\t\t\tcopie 18 }\n                        21.\t\t\tP -> Q(a)\t\t\t\t\t\t->i 19-20\n                        22.\t\t\tEx (P -> Q(x))\t\t\t\tEi 21 }\n                        23.\t\tEx (P -> Q(x))\t\t\t\t\tEe 17, 18-22 }\n                        24.\tEx (P -> Q(x))\t\t\t\t\t\t|e 10, 11-16, 17-23}\n                        25. (P -> Ex Q(x)) -> Ex (P -> Q(x))\t->i 1-24\n                    </proof>'}, {'role': 'user', 'content': ""Prove 'Ax ((P(x)->Q(x))&(Q(x)->P(x))) |- Ax ((~P(x)->~Q(x))&(~Q(x)->~P(x)))', using the natural deduction method. Final answer using the notation described.""}, {'role': 'assistant', 'content': ' <proof>\n                            1. Ax((P(x) -> Q(x)) & (Q(x) -> P(x))) pre\n                            2. { a\n                            3.   (P(a) -> Q(a)) & (Q(a) -> P(a)) Ae 1\n                            4.   P(a) -> Q(a) &e 3\n                            5.   Q(a) -> P(a) &e 3\n                            6.   { ~Q(a) hip\n                            7.     { P(a) hip\n                            8.       Q(a) ->e 7,4\n                            9.       @ ~e 6,8 }\n                            10.   ~P(a) ~i 7-9 }\n                            11. ~Q(a) -> ~P(a) ->i 6-10\n                            12. { ~P(a) hip\n                            13.   { Q(a) hip\n                            14.     P(a) ->e 13,5\n                            15.     @ ~e 12,14 }\n                            16.   ~Q(a) ~i 13-15 }\n                            17. ~P(a) -> ~Q(a) ->i 12-16\n                            18. (~P(a) -> ~Q(a)) & (~Q(a) -> ~P(a)) &i 17,11 }\n                            19. Ax((~P(x) -> ~Q(x)) & (~Q(x) -> ~P(x))) Ai 2-18 \n                        </proof>'}, {'role': 'user', 'content': ""Prove'B->Ax C(x) |- Ax (B->C(x))' using the natural deduction method. Only one final answer, surrounded by <proof>...</proof>, using the notation described.""}]","<proof>
                        1. P -> Ax Q(x) pre
                        2. { a
                        3.   { P hip
                        4.     Ax Q(x) ->e 3,1
                        5.     Q(a) @e 4
                        6.   }
                        7.   P -> Q(a) ->i 3-5
                        8. }
                        9. Ax (P -> Q(x)) Ai 2-8
                    </proof>","1. P -> Ax Q(x) pre
                        2. { a
                        3.   { P hip
                        4.     Ax Q(x) ->e 3,1
                        5.     Q(a) @e 4
                        6.   }
                        7.   P -> Q(a) ->i 3-5
                        8. }
                        9. Ax (P -> Q(x)) Ai 2-8","Os seguintes erros foram encontrados:

Uma das definições não está completa, verifique se todas regras foram aplicadas corretamente.
Lembre-se que uma regra de inferência sempre inicia com um número seguido de um . (linha de referência), tem uma fórmula e uma justificativa (premissa, hipóteses ou uma das regras de inferência com suas respectivas referências para fórmulas anteriores).
Erro de sintaxe:
                        6.   }
                             ^
",1.988753080368042,stop,1778,528
"Ex (B(x)->C(x)), Ax B(x) |- Ex C(x)","[{'role': 'system', 'content': ""You are an expert in logic using the Natural Deduction method.\nYou will receive one first order logic problem. Your task is to prove its validity using Natural Deduction and represent the proof in a Fitch-like notation, following these formatting instructions.\n\n### FORMAT OF PROOF LINES\nEach proof line must be structured like: '<line_number>. <formula> <origin>'\n- <line_number>: sequential integer, always ending with a dot ('1.', '2.', '3.', ...)\n- <formula>: the formula derived on that line\n- <origin>: either 'pre' (premise), 'hip' (hypothesis) or '<rule_name> <line_refs>'\n - <rule_name> and <line_refs>: \n - &e (1 line) \n - &i (2 lines) \n - ->e (2 lines) \n - ->i (1 range) \n - ~e (2 lines) \n - ~i (1 range) \n - |e (1 line + 2 ranges) \n - |i (1 line) \n - @e (1 line) \n - raa (1 range) \n - copy (1 line) \n - Ae (1 line)\n - Ai (1 range)\n - Ee (1 line + 1 range)\n - Ei (1 line)\n - <line_refs>: Must be comma-separated line numbers or ranges. Ranges denote subproofs (e.g., `->i 8-12`, `|e 4, 5-9, 10-14`)\n\n### SUBPROOFS / HYPOTHESES\nUse subproofs for hypotheses. Use curly braces '{' and '}' to open and close subproofs. \nPlace `{` immediately after the line number (e.g. '8.{ A|B hip') and `}` at the end of the final line of the subproof (e.g. '10. B @e 4}').\nNested subproofs are allowed. But a formula may only be used at a specific point if it appeared earlier in the same subproof or an outer subproof to the current subproof.\n\n### SYMBOLS & CONVENTIONS\nUse the following symbols for logical operations: \n- & = conjunction (and) \n- | = disjunction (or) \n- ~ = negation (not) \n- -> = implication (implies)\n\nQuantifiers symbols: \n Ax represents ∀x \n Ex represents ∃x\nSo formulas with ∀x and ∃x will be represented by Ax and Ex (A and E followed by the variable x). For example, Ax (H(x)->M(x)) represents ∀x (H(x)→M(x)).\n\n###CONVENTIONS\nAtoms: only uppercase letters not immediately followed by parentesis (e.g. P, Q, R).\nPredicates: uppercase letters immediately followed by parentesis (e.g. H(x), M(y), Q(a,b) ). All predicates must use parentheses.\nVariables: first letter in lowercase, can be followed by letters and numbers (e.g., x, x0, xP0).\n\n### TO CREATE NEW VARIABLE:\nFor Universal Introduction rule(Ai): open a subproof with a fresh variable not occurring in any open hypothesis.\nCreate new variable like this: '<line_number>. { <new_variable> '\n\nFor Existential Elimination rule(Ee): open a subproof with a fresh witness constant/variable. \nCreate new variable like this: '<line_number>. {<new_variable> φ[<old_variable>/<new_variable>] hip\n  Write only the final proof in <proof>...</proof> tags. Only use <proof>...</proof> tags ONCE. Only use these symbols inside the proof '&' , '->', '~', '|', '@', '(', ')', '{', '}', 'Ax', 'Ex'.\nDo not include explanations, commentary, or extra text inside and outside the <proof>...</proof> tags.\n ""}, {'role': 'user', 'content': ""Prove '|- (P->Ex Q(x))->Ex (P->Q(x))', using the natural deduction method. Final answer using the notation described. ""}, {'role': 'assistant', 'content': ' <proof>\n                        1. { \t(P -> Ex Q(x))\t\t\t\t\thip\n                        2.\t{\t~(~P | Ex Q(x))\t\t\t\t\thip\n                        3.\t\t{\tP\t\t\t\t\t\t\t\t      hip\n                        4.      Ex Q(x)               ->e 3, 1\n                        5.\t\t\t~P | Ex Q(x)\t\t\t\t\t|i 4\n                        6.\t\t\t@\t\t\t\t\t\t\t\t~e 5,2 }\t\t\n                        7.\t\t~P\t\t\t\t\t\t\t\t\t~i 3-6\n                        8.\t\t~P | Ex Q(x)\t\t\t\t\t\t|i 7\n                        9.\t\t@\t\t\t\t\t\t\t\t\t~e 8,2 }\n                        10.\t~P | Ex Q(x)        raa 2-9\n                        11.\t{\t~P\t\t\t\t\t\t\t\t\thip\n                        12.\t\t{\tP\t\t\t\t\t\t\t\thip\n                        13.\t\t\t@\t\t\t\t\t\t\t\t~e 11,12\n                        14.     Q(a)            @e 13 }\n                        15.\t\tP -> Q(a)\t\t\t\t\t\t\t->i 12-14\n                        16.\t\tEx  (P -> Q(x))\t\t\t\t\tEi 15 }\n                        17.\t{\tEx Q(x)\t\t\t\t\t\t\thip\n                        18.\t\t{ a\t\tQ(a)\t\t\t\t\t\thip\n                        19.\t\t\t{\tP\t\t\t\t\t\t\thip\n                        20.\t\t\t\tQ(a)\t\t\t\t\t\tcopie 18 }\n                        21.\t\t\tP -> Q(a)\t\t\t\t\t\t->i 19-20\n                        22.\t\t\tEx (P -> Q(x))\t\t\t\tEi 21 }\n                        23.\t\tEx (P -> Q(x))\t\t\t\t\tEe 17, 18-22 }\n                        24.\tEx (P -> Q(x))\t\t\t\t\t\t|e 10, 11-16, 17-23}\n                        25. (P -> Ex Q(x)) -> Ex (P -> Q(x))\t->i 1-24\n                    </proof>'}, {'role': 'user', 'content': ""Prove 'Ax ((P(x)->Q(x))&(Q(x)->P(x))) |- Ax ((~P(x)->~Q(x))&(~Q(x)->~P(x)))', using the natural deduction method. Final answer using the notation described.""}, {'role': 'assistant', 'content': ' <proof>\n                            1. Ax((P(x) -> Q(x)) & (Q(x) -> P(x))) pre\n                            2. { a\n                            3.   (P(a) -> Q(a)) & (Q(a) -> P(a)) Ae 1\n                            4.   P(a) -> Q(a) &e 3\n                            5.   Q(a) -> P(a) &e 3\n                            6.   { ~Q(a) hip\n                            7.     { P(a) hip\n                            8.       Q(a) ->e 7,4\n                            9.       @ ~e 6,8 }\n                            10.   ~P(a) ~i 7-9 }\n                            11. ~Q(a) -> ~P(a) ->i 6-10\n                            12. { ~P(a) hip\n                            13.   { Q(a) hip\n                            14.     P(a) ->e 13,5\n                            15.     @ ~e 12,14 }\n                            16.   ~Q(a) ~i 13-15 }\n                            17. ~P(a) -> ~Q(a) ->i 12-16\n                            18. (~P(a) -> ~Q(a)) & (~Q(a) -> ~P(a)) &i 17,11 }\n                            19. Ax((~P(x) -> ~Q(x)) & (~Q(x) -> ~P(x))) Ai 2-18 \n                        </proof>'}, {'role': 'user', 'content': ""Prove'Ex (B(x)->C(x)), Ax B(x) |- Ex C(x)' using the natural deduction method. Only one final answer, surrounded by <proof>...</proof>, using the notation described.""}]","<proof>
                        1. Ex (P(x)->Q(x)) pre
                        2. Ax P(x) pre
                        3. { a, P(a) -> Q(a)} Ee 1
                        4.   P(a) Ae 2
                        5.   Q(a) ->e 4,3
                        6.   Ex Q(x) Ei 5 }
                    </proof>","1. Ex (P(x)->Q(x)) pre
                        2. Ax P(x) pre
                        3. { a, P(a) -> Q(a)} Ee 1
                        4.   P(a) Ae 2
                        5.   Q(a) ->e 4,3
                        6.   Ex Q(x) Ei 5 }","Os seguintes erros foram encontrados:

Uma das definições não está completa, verifique se todas regras foram aplicadas corretamente.
Lembre-se que uma regra de inferência sempre inicia com um número seguido de um . (linha de referência), tem uma fórmula e uma justificativa (premissa, hipóteses ou uma das regras de inferência com suas respectivas referências para fórmulas anteriores).
Erro de sintaxe:
                        3. { a, P(a) -> Q(a)} Ee 1
                              ^
",4.022147178649902,stop,1780,1084
~Ex (B(x)&C(x)) |- Ax (B(x)->~C(x)),"[{'role': 'system', 'content': ""You are an expert in logic using the Natural Deduction method.\nYou will receive one first order logic problem. Your task is to prove its validity using Natural Deduction and represent the proof in a Fitch-like notation, following these formatting instructions.\n\n### FORMAT OF PROOF LINES\nEach proof line must be structured like: '<line_number>. <formula> <origin>'\n- <line_number>: sequential integer, always ending with a dot ('1.', '2.', '3.', ...)\n- <formula>: the formula derived on that line\n- <origin>: either 'pre' (premise), 'hip' (hypothesis) or '<rule_name> <line_refs>'\n - <rule_name> and <line_refs>: \n - &e (1 line) \n - &i (2 lines) \n - ->e (2 lines) \n - ->i (1 range) \n - ~e (2 lines) \n - ~i (1 range) \n - |e (1 line + 2 ranges) \n - |i (1 line) \n - @e (1 line) \n - raa (1 range) \n - copy (1 line) \n - Ae (1 line)\n - Ai (1 range)\n - Ee (1 line + 1 range)\n - Ei (1 line)\n - <line_refs>: Must be comma-separated line numbers or ranges. Ranges denote subproofs (e.g., `->i 8-12`, `|e 4, 5-9, 10-14`)\n\n### SUBPROOFS / HYPOTHESES\nUse subproofs for hypotheses. Use curly braces '{' and '}' to open and close subproofs. \nPlace `{` immediately after the line number (e.g. '8.{ A|B hip') and `}` at the end of the final line of the subproof (e.g. '10. B @e 4}').\nNested subproofs are allowed. But a formula may only be used at a specific point if it appeared earlier in the same subproof or an outer subproof to the current subproof.\n\n### SYMBOLS & CONVENTIONS\nUse the following symbols for logical operations: \n- & = conjunction (and) \n- | = disjunction (or) \n- ~ = negation (not) \n- -> = implication (implies)\n\nQuantifiers symbols: \n Ax represents ∀x \n Ex represents ∃x\nSo formulas with ∀x and ∃x will be represented by Ax and Ex (A and E followed by the variable x). For example, Ax (H(x)->M(x)) represents ∀x (H(x)→M(x)).\n\n###CONVENTIONS\nAtoms: only uppercase letters not immediately followed by parentesis (e.g. P, Q, R).\nPredicates: uppercase letters immediately followed by parentesis (e.g. H(x), M(y), Q(a,b) ). All predicates must use parentheses.\nVariables: first letter in lowercase, can be followed by letters and numbers (e.g., x, x0, xP0).\n\n### TO CREATE NEW VARIABLE:\nFor Universal Introduction rule(Ai): open a subproof with a fresh variable not occurring in any open hypothesis.\nCreate new variable like this: '<line_number>. { <new_variable> '\n\nFor Existential Elimination rule(Ee): open a subproof with a fresh witness constant/variable. \nCreate new variable like this: '<line_number>. {<new_variable> φ[<old_variable>/<new_variable>] hip\n  Write only the final proof in <proof>...</proof> tags. Only use <proof>...</proof> tags ONCE. Only use these symbols inside the proof '&' , '->', '~', '|', '@', '(', ')', '{', '}', 'Ax', 'Ex'.\nDo not include explanations, commentary, or extra text inside and outside the <proof>...</proof> tags.\n ""}, {'role': 'user', 'content': ""Prove '|- (P->Ex Q(x))->Ex (P->Q(x))', using the natural deduction method. Final answer using the notation described. ""}, {'role': 'assistant', 'content': ' <proof>\n                        1. { \t(P -> Ex Q(x))\t\t\t\t\thip\n                        2.\t{\t~(~P | Ex Q(x))\t\t\t\t\thip\n                        3.\t\t{\tP\t\t\t\t\t\t\t\t      hip\n                        4.      Ex Q(x)               ->e 3, 1\n                        5.\t\t\t~P | Ex Q(x)\t\t\t\t\t|i 4\n                        6.\t\t\t@\t\t\t\t\t\t\t\t~e 5,2 }\t\t\n                        7.\t\t~P\t\t\t\t\t\t\t\t\t~i 3-6\n                        8.\t\t~P | Ex Q(x)\t\t\t\t\t\t|i 7\n                        9.\t\t@\t\t\t\t\t\t\t\t\t~e 8,2 }\n                        10.\t~P | Ex Q(x)        raa 2-9\n                        11.\t{\t~P\t\t\t\t\t\t\t\t\thip\n                        12.\t\t{\tP\t\t\t\t\t\t\t\thip\n                        13.\t\t\t@\t\t\t\t\t\t\t\t~e 11,12\n                        14.     Q(a)            @e 13 }\n                        15.\t\tP -> Q(a)\t\t\t\t\t\t\t->i 12-14\n                        16.\t\tEx  (P -> Q(x))\t\t\t\t\tEi 15 }\n                        17.\t{\tEx Q(x)\t\t\t\t\t\t\thip\n                        18.\t\t{ a\t\tQ(a)\t\t\t\t\t\thip\n                        19.\t\t\t{\tP\t\t\t\t\t\t\thip\n                        20.\t\t\t\tQ(a)\t\t\t\t\t\tcopie 18 }\n                        21.\t\t\tP -> Q(a)\t\t\t\t\t\t->i 19-20\n                        22.\t\t\tEx (P -> Q(x))\t\t\t\tEi 21 }\n                        23.\t\tEx (P -> Q(x))\t\t\t\t\tEe 17, 18-22 }\n                        24.\tEx (P -> Q(x))\t\t\t\t\t\t|e 10, 11-16, 17-23}\n                        25. (P -> Ex Q(x)) -> Ex (P -> Q(x))\t->i 1-24\n                    </proof>'}, {'role': 'user', 'content': ""Prove 'Ax ((P(x)->Q(x))&(Q(x)->P(x))) |- Ax ((~P(x)->~Q(x))&(~Q(x)->~P(x)))', using the natural deduction method. Final answer using the notation described.""}, {'role': 'assistant', 'content': ' <proof>\n                            1. Ax((P(x) -> Q(x)) & (Q(x) -> P(x))) pre\n                            2. { a\n                            3.   (P(a) -> Q(a)) & (Q(a) -> P(a)) Ae 1\n                            4.   P(a) -> Q(a) &e 3\n                            5.   Q(a) -> P(a) &e 3\n                            6.   { ~Q(a) hip\n                            7.     { P(a) hip\n                            8.       Q(a) ->e 7,4\n                            9.       @ ~e 6,8 }\n                            10.   ~P(a) ~i 7-9 }\n                            11. ~Q(a) -> ~P(a) ->i 6-10\n                            12. { ~P(a) hip\n                            13.   { Q(a) hip\n                            14.     P(a) ->e 13,5\n                            15.     @ ~e 12,14 }\n                            16.   ~Q(a) ~i 13-15 }\n                            17. ~P(a) -> ~Q(a) ->i 12-16\n                            18. (~P(a) -> ~Q(a)) & (~Q(a) -> ~P(a)) &i 17,11 }\n                            19. Ax((~P(x) -> ~Q(x)) & (~Q(x) -> ~P(x))) Ai 2-18 \n                        </proof>'}, {'role': 'user', 'content': ""Prove'~Ex (B(x)&C(x)) |- Ax (B(x)->~C(x))' using the natural deduction method. Only one final answer, surrounded by <proof>...</proof>, using the notation described.""}]","<proof>
1. ~Ex (P(x)&Q(x)) pre
2. { a
3.   { P(a) hip
4.     { Q(a) hip
5.       (P(a)&Q(a)) &i 3,4
6.       Ex (P(a)&Q(a)) Ei 5
7.       @ ~e 1,6 }
8.   ~Q(a) ~i 4-7
9.   P(a)->~Q(a) ->i 3-8
10. Ax(P(x)->~Q(x)) Ai 2-9
</proof>","1. ~Ex (P(x)&Q(x)) pre
2. { a
3.   { P(a) hip
4.     { Q(a) hip
5.       (P(a)&Q(a)) &i 3,4
6.       Ex (P(a)&Q(a)) Ei 5
7.       @ ~e 1,6 }
8.   ~Q(a) ~i 4-7
9.   P(a)->~Q(a) ->i 3-8
10. Ax(P(x)->~Q(x)) Ai 2-9",Verifier error: list index out of range,3.415804624557495,stop,1783,911
"Ex B(x), Ax Ay (B(x)->C(y)) |- Ay C(y)","[{'role': 'system', 'content': ""You are an expert in logic using the Natural Deduction method.\nYou will receive one first order logic problem. Your task is to prove its validity using Natural Deduction and represent the proof in a Fitch-like notation, following these formatting instructions.\n\n### FORMAT OF PROOF LINES\nEach proof line must be structured like: '<line_number>. <formula> <origin>'\n- <line_number>: sequential integer, always ending with a dot ('1.', '2.', '3.', ...)\n- <formula>: the formula derived on that line\n- <origin>: either 'pre' (premise), 'hip' (hypothesis) or '<rule_name> <line_refs>'\n - <rule_name> and <line_refs>: \n - &e (1 line) \n - &i (2 lines) \n - ->e (2 lines) \n - ->i (1 range) \n - ~e (2 lines) \n - ~i (1 range) \n - |e (1 line + 2 ranges) \n - |i (1 line) \n - @e (1 line) \n - raa (1 range) \n - copy (1 line) \n - Ae (1 line)\n - Ai (1 range)\n - Ee (1 line + 1 range)\n - Ei (1 line)\n - <line_refs>: Must be comma-separated line numbers or ranges. Ranges denote subproofs (e.g., `->i 8-12`, `|e 4, 5-9, 10-14`)\n\n### SUBPROOFS / HYPOTHESES\nUse subproofs for hypotheses. Use curly braces '{' and '}' to open and close subproofs. \nPlace `{` immediately after the line number (e.g. '8.{ A|B hip') and `}` at the end of the final line of the subproof (e.g. '10. B @e 4}').\nNested subproofs are allowed. But a formula may only be used at a specific point if it appeared earlier in the same subproof or an outer subproof to the current subproof.\n\n### SYMBOLS & CONVENTIONS\nUse the following symbols for logical operations: \n- & = conjunction (and) \n- | = disjunction (or) \n- ~ = negation (not) \n- -> = implication (implies)\n\nQuantifiers symbols: \n Ax represents ∀x \n Ex represents ∃x\nSo formulas with ∀x and ∃x will be represented by Ax and Ex (A and E followed by the variable x). For example, Ax (H(x)->M(x)) represents ∀x (H(x)→M(x)).\n\n###CONVENTIONS\nAtoms: only uppercase letters not immediately followed by parentesis (e.g. P, Q, R).\nPredicates: uppercase letters immediately followed by parentesis (e.g. H(x), M(y), Q(a,b) ). All predicates must use parentheses.\nVariables: first letter in lowercase, can be followed by letters and numbers (e.g., x, x0, xP0).\n\n### TO CREATE NEW VARIABLE:\nFor Universal Introduction rule(Ai): open a subproof with a fresh variable not occurring in any open hypothesis.\nCreate new variable like this: '<line_number>. { <new_variable> '\n\nFor Existential Elimination rule(Ee): open a subproof with a fresh witness constant/variable. \nCreate new variable like this: '<line_number>. {<new_variable> φ[<old_variable>/<new_variable>] hip\n  Write only the final proof in <proof>...</proof> tags. Only use <proof>...</proof> tags ONCE. Only use these symbols inside the proof '&' , '->', '~', '|', '@', '(', ')', '{', '}', 'Ax', 'Ex'.\nDo not include explanations, commentary, or extra text inside and outside the <proof>...</proof> tags.\n ""}, {'role': 'user', 'content': ""Prove '|- (P->Ex Q(x))->Ex (P->Q(x))', using the natural deduction method. Final answer using the notation described. ""}, {'role': 'assistant', 'content': ' <proof>\n                        1. { \t(P -> Ex Q(x))\t\t\t\t\thip\n                        2.\t{\t~(~P | Ex Q(x))\t\t\t\t\thip\n                        3.\t\t{\tP\t\t\t\t\t\t\t\t      hip\n                        4.      Ex Q(x)               ->e 3, 1\n                        5.\t\t\t~P | Ex Q(x)\t\t\t\t\t|i 4\n                        6.\t\t\t@\t\t\t\t\t\t\t\t~e 5,2 }\t\t\n                        7.\t\t~P\t\t\t\t\t\t\t\t\t~i 3-6\n                        8.\t\t~P | Ex Q(x)\t\t\t\t\t\t|i 7\n                        9.\t\t@\t\t\t\t\t\t\t\t\t~e 8,2 }\n                        10.\t~P | Ex Q(x)        raa 2-9\n                        11.\t{\t~P\t\t\t\t\t\t\t\t\thip\n                        12.\t\t{\tP\t\t\t\t\t\t\t\thip\n                        13.\t\t\t@\t\t\t\t\t\t\t\t~e 11,12\n                        14.     Q(a)            @e 13 }\n                        15.\t\tP -> Q(a)\t\t\t\t\t\t\t->i 12-14\n                        16.\t\tEx  (P -> Q(x))\t\t\t\t\tEi 15 }\n                        17.\t{\tEx Q(x)\t\t\t\t\t\t\thip\n                        18.\t\t{ a\t\tQ(a)\t\t\t\t\t\thip\n                        19.\t\t\t{\tP\t\t\t\t\t\t\thip\n                        20.\t\t\t\tQ(a)\t\t\t\t\t\tcopie 18 }\n                        21.\t\t\tP -> Q(a)\t\t\t\t\t\t->i 19-20\n                        22.\t\t\tEx (P -> Q(x))\t\t\t\tEi 21 }\n                        23.\t\tEx (P -> Q(x))\t\t\t\t\tEe 17, 18-22 }\n                        24.\tEx (P -> Q(x))\t\t\t\t\t\t|e 10, 11-16, 17-23}\n                        25. (P -> Ex Q(x)) -> Ex (P -> Q(x))\t->i 1-24\n                    </proof>'}, {'role': 'user', 'content': ""Prove 'Ax ((P(x)->Q(x))&(Q(x)->P(x))) |- Ax ((~P(x)->~Q(x))&(~Q(x)->~P(x)))', using the natural deduction method. Final answer using the notation described.""}, {'role': 'assistant', 'content': ' <proof>\n                            1. Ax((P(x) -> Q(x)) & (Q(x) -> P(x))) pre\n                            2. { a\n                            3.   (P(a) -> Q(a)) & (Q(a) -> P(a)) Ae 1\n                            4.   P(a) -> Q(a) &e 3\n                            5.   Q(a) -> P(a) &e 3\n                            6.   { ~Q(a) hip\n                            7.     { P(a) hip\n                            8.       Q(a) ->e 7,4\n                            9.       @ ~e 6,8 }\n                            10.   ~P(a) ~i 7-9 }\n                            11. ~Q(a) -> ~P(a) ->i 6-10\n                            12. { ~P(a) hip\n                            13.   { Q(a) hip\n                            14.     P(a) ->e 13,5\n                            15.     @ ~e 12,14 }\n                            16.   ~Q(a) ~i 13-15 }\n                            17. ~P(a) -> ~Q(a) ->i 12-16\n                            18. (~P(a) -> ~Q(a)) & (~Q(a) -> ~P(a)) &i 17,11 }\n                            19. Ax((~P(x) -> ~Q(x)) & (~Q(x) -> ~P(x))) Ai 2-18 \n                        </proof>'}, {'role': 'user', 'content': ""Prove'Ex B(x), Ax Ay (B(x)->C(y)) |- Ay C(y)' using the natural deduction method. Only one final answer, surrounded by <proof>...</proof>, using the notation described.""}]","<proof>
                        1. Ex P(x) pre
                        2. AxAy(P(x)->Q(y)) pre
                        3. { a
                        4.   P(a) Ee 1
                        5.   { y
                        6.     (P(a)->Q(y)) Ae 2
                        7.     Q(y) ->e 4,6
                        8.   } 
                        9.   Ay Q(y) Ai 5-8
                        10. } 
                        11. Ay Q(y) Ee 3-10
                    </proof>","1. Ex P(x) pre
                        2. AxAy(P(x)->Q(y)) pre
                        3. { a
                        4.   P(a) Ee 1
                        5.   { y
                        6.     (P(a)->Q(y)) Ae 2
                        7.     Q(y) ->e 4,6
                        8.   } 
                        9.   Ay Q(y) Ai 5-8
                        10. } 
                        11. Ay Q(y) Ee 3-10","Os seguintes erros foram encontrados:

Uma das definições não está completa, verifique se todas regras foram aplicadas corretamente.
Lembre-se que uma regra de inferência sempre inicia com um número seguido de um . (linha de referência), tem uma fórmula e uma justificativa (premissa, hipóteses ou uma das regras de inferência com suas respectivas referências para fórmulas anteriores).
Erro de sintaxe:
                        5.   { y
                        ^
",1.2703816890716553,stop,1781,333
"Ex (B(x)&C(x)), Ax (D(x)->~C(x)) |- Ex (B(x)&~D(x))","[{'role': 'system', 'content': ""You are an expert in logic using the Natural Deduction method.\nYou will receive one first order logic problem. Your task is to prove its validity using Natural Deduction and represent the proof in a Fitch-like notation, following these formatting instructions.\n\n### FORMAT OF PROOF LINES\nEach proof line must be structured like: '<line_number>. <formula> <origin>'\n- <line_number>: sequential integer, always ending with a dot ('1.', '2.', '3.', ...)\n- <formula>: the formula derived on that line\n- <origin>: either 'pre' (premise), 'hip' (hypothesis) or '<rule_name> <line_refs>'\n - <rule_name> and <line_refs>: \n - &e (1 line) \n - &i (2 lines) \n - ->e (2 lines) \n - ->i (1 range) \n - ~e (2 lines) \n - ~i (1 range) \n - |e (1 line + 2 ranges) \n - |i (1 line) \n - @e (1 line) \n - raa (1 range) \n - copy (1 line) \n - Ae (1 line)\n - Ai (1 range)\n - Ee (1 line + 1 range)\n - Ei (1 line)\n - <line_refs>: Must be comma-separated line numbers or ranges. Ranges denote subproofs (e.g., `->i 8-12`, `|e 4, 5-9, 10-14`)\n\n### SUBPROOFS / HYPOTHESES\nUse subproofs for hypotheses. Use curly braces '{' and '}' to open and close subproofs. \nPlace `{` immediately after the line number (e.g. '8.{ A|B hip') and `}` at the end of the final line of the subproof (e.g. '10. B @e 4}').\nNested subproofs are allowed. But a formula may only be used at a specific point if it appeared earlier in the same subproof or an outer subproof to the current subproof.\n\n### SYMBOLS & CONVENTIONS\nUse the following symbols for logical operations: \n- & = conjunction (and) \n- | = disjunction (or) \n- ~ = negation (not) \n- -> = implication (implies)\n\nQuantifiers symbols: \n Ax represents ∀x \n Ex represents ∃x\nSo formulas with ∀x and ∃x will be represented by Ax and Ex (A and E followed by the variable x). For example, Ax (H(x)->M(x)) represents ∀x (H(x)→M(x)).\n\n###CONVENTIONS\nAtoms: only uppercase letters not immediately followed by parentesis (e.g. P, Q, R).\nPredicates: uppercase letters immediately followed by parentesis (e.g. H(x), M(y), Q(a,b) ). All predicates must use parentheses.\nVariables: first letter in lowercase, can be followed by letters and numbers (e.g., x, x0, xP0).\n\n### TO CREATE NEW VARIABLE:\nFor Universal Introduction rule(Ai): open a subproof with a fresh variable not occurring in any open hypothesis.\nCreate new variable like this: '<line_number>. { <new_variable> '\n\nFor Existential Elimination rule(Ee): open a subproof with a fresh witness constant/variable. \nCreate new variable like this: '<line_number>. {<new_variable> φ[<old_variable>/<new_variable>] hip\n  Write only the final proof in <proof>...</proof> tags. Only use <proof>...</proof> tags ONCE. Only use these symbols inside the proof '&' , '->', '~', '|', '@', '(', ')', '{', '}', 'Ax', 'Ex'.\nDo not include explanations, commentary, or extra text inside and outside the <proof>...</proof> tags.\n ""}, {'role': 'user', 'content': ""Prove '|- (P->Ex Q(x))->Ex (P->Q(x))', using the natural deduction method. Final answer using the notation described. ""}, {'role': 'assistant', 'content': ' <proof>\n                        1. { \t(P -> Ex Q(x))\t\t\t\t\thip\n                        2.\t{\t~(~P | Ex Q(x))\t\t\t\t\thip\n                        3.\t\t{\tP\t\t\t\t\t\t\t\t      hip\n                        4.      Ex Q(x)               ->e 3, 1\n                        5.\t\t\t~P | Ex Q(x)\t\t\t\t\t|i 4\n                        6.\t\t\t@\t\t\t\t\t\t\t\t~e 5,2 }\t\t\n                        7.\t\t~P\t\t\t\t\t\t\t\t\t~i 3-6\n                        8.\t\t~P | Ex Q(x)\t\t\t\t\t\t|i 7\n                        9.\t\t@\t\t\t\t\t\t\t\t\t~e 8,2 }\n                        10.\t~P | Ex Q(x)        raa 2-9\n                        11.\t{\t~P\t\t\t\t\t\t\t\t\thip\n                        12.\t\t{\tP\t\t\t\t\t\t\t\thip\n                        13.\t\t\t@\t\t\t\t\t\t\t\t~e 11,12\n                        14.     Q(a)            @e 13 }\n                        15.\t\tP -> Q(a)\t\t\t\t\t\t\t->i 12-14\n                        16.\t\tEx  (P -> Q(x))\t\t\t\t\tEi 15 }\n                        17.\t{\tEx Q(x)\t\t\t\t\t\t\thip\n                        18.\t\t{ a\t\tQ(a)\t\t\t\t\t\thip\n                        19.\t\t\t{\tP\t\t\t\t\t\t\thip\n                        20.\t\t\t\tQ(a)\t\t\t\t\t\tcopie 18 }\n                        21.\t\t\tP -> Q(a)\t\t\t\t\t\t->i 19-20\n                        22.\t\t\tEx (P -> Q(x))\t\t\t\tEi 21 }\n                        23.\t\tEx (P -> Q(x))\t\t\t\t\tEe 17, 18-22 }\n                        24.\tEx (P -> Q(x))\t\t\t\t\t\t|e 10, 11-16, 17-23}\n                        25. (P -> Ex Q(x)) -> Ex (P -> Q(x))\t->i 1-24\n                    </proof>'}, {'role': 'user', 'content': ""Prove 'Ax ((P(x)->Q(x))&(Q(x)->P(x))) |- Ax ((~P(x)->~Q(x))&(~Q(x)->~P(x)))', using the natural deduction method. Final answer using the notation described.""}, {'role': 'assistant', 'content': ' <proof>\n                            1. Ax((P(x) -> Q(x)) & (Q(x) -> P(x))) pre\n                            2. { a\n                            3.   (P(a) -> Q(a)) & (Q(a) -> P(a)) Ae 1\n                            4.   P(a) -> Q(a) &e 3\n                            5.   Q(a) -> P(a) &e 3\n                            6.   { ~Q(a) hip\n                            7.     { P(a) hip\n                            8.       Q(a) ->e 7,4\n                            9.       @ ~e 6,8 }\n                            10.   ~P(a) ~i 7-9 }\n                            11. ~Q(a) -> ~P(a) ->i 6-10\n                            12. { ~P(a) hip\n                            13.   { Q(a) hip\n                            14.     P(a) ->e 13,5\n                            15.     @ ~e 12,14 }\n                            16.   ~Q(a) ~i 13-15 }\n                            17. ~P(a) -> ~Q(a) ->i 12-16\n                            18. (~P(a) -> ~Q(a)) & (~Q(a) -> ~P(a)) &i 17,11 }\n                            19. Ax((~P(x) -> ~Q(x)) & (~Q(x) -> ~P(x))) Ai 2-18 \n                        </proof>'}, {'role': 'user', 'content': ""Prove'Ex (B(x)&C(x)), Ax (D(x)->~C(x)) |- Ex (B(x)&~D(x))' using the natural deduction method. Only one final answer, surrounded by <proof>...</proof>, using the notation described.""}]","<proof>
1. Ex(F(x) & G(x)) pre
2. Ax(H(x) -> ~G(x)) pre
3.{ a
4.   F(a) & G(a) Ee 1
5.   F(a) &e 4
6.   G(a) &e 4
7.   H(a) -> ~G(a) Ae 2
8.   { H(a) hip
9.     ~G(a) ->e 8,7
10.    @ ~e 9,6 }
11.  ~H(a) ~i 8-10
12.  F(a) & ~H(a) &i 5,11
13.  Ex(F(x) & ~H(x)) Ei 12 }
</proof>","1. Ex(F(x) & G(x)) pre
2. Ax(H(x) -> ~G(x)) pre
3.{ a
4.   F(a) & G(a) Ee 1
5.   F(a) &e 4
6.   G(a) &e 4
7.   H(a) -> ~G(a) Ae 2
8.   { H(a) hip
9.     ~G(a) ->e 8,7
10.    @ ~e 9,6 }
11.  ~H(a) ~i 8-10
12.  F(a) & ~H(a) &i 5,11
13.  Ex(F(x) & ~H(x)) Ei 12 }","Os seguintes erros foram encontrados:

Uma das definições não está completa, verifique se todas regras foram aplicadas corretamente.
Lembre-se que uma regra de inferência sempre inicia com um número seguido de um . (linha de referência), tem uma fórmula e uma justificativa (premissa, hipóteses ou uma das regras de inferência com suas respectivas referências para fórmulas anteriores).
Erro de sintaxe:
5.   F(a) &e 4
^
",3.254021167755127,stop,1791,865
Ex (B(x)&C(x)) |- Ex B(x)&Ex C(x),"[{'role': 'system', 'content': ""You are an expert in logic using the Natural Deduction method.\nYou will receive one first order logic problem. Your task is to prove its validity using Natural Deduction and represent the proof in a Fitch-like notation, following these formatting instructions.\n\n### FORMAT OF PROOF LINES\nEach proof line must be structured like: '<line_number>. <formula> <origin>'\n- <line_number>: sequential integer, always ending with a dot ('1.', '2.', '3.', ...)\n- <formula>: the formula derived on that line\n- <origin>: either 'pre' (premise), 'hip' (hypothesis) or '<rule_name> <line_refs>'\n - <rule_name> and <line_refs>: \n - &e (1 line) \n - &i (2 lines) \n - ->e (2 lines) \n - ->i (1 range) \n - ~e (2 lines) \n - ~i (1 range) \n - |e (1 line + 2 ranges) \n - |i (1 line) \n - @e (1 line) \n - raa (1 range) \n - copy (1 line) \n - Ae (1 line)\n - Ai (1 range)\n - Ee (1 line + 1 range)\n - Ei (1 line)\n - <line_refs>: Must be comma-separated line numbers or ranges. Ranges denote subproofs (e.g., `->i 8-12`, `|e 4, 5-9, 10-14`)\n\n### SUBPROOFS / HYPOTHESES\nUse subproofs for hypotheses. Use curly braces '{' and '}' to open and close subproofs. \nPlace `{` immediately after the line number (e.g. '8.{ A|B hip') and `}` at the end of the final line of the subproof (e.g. '10. B @e 4}').\nNested subproofs are allowed. But a formula may only be used at a specific point if it appeared earlier in the same subproof or an outer subproof to the current subproof.\n\n### SYMBOLS & CONVENTIONS\nUse the following symbols for logical operations: \n- & = conjunction (and) \n- | = disjunction (or) \n- ~ = negation (not) \n- -> = implication (implies)\n\nQuantifiers symbols: \n Ax represents ∀x \n Ex represents ∃x\nSo formulas with ∀x and ∃x will be represented by Ax and Ex (A and E followed by the variable x). For example, Ax (H(x)->M(x)) represents ∀x (H(x)→M(x)).\n\n###CONVENTIONS\nAtoms: only uppercase letters not immediately followed by parentesis (e.g. P, Q, R).\nPredicates: uppercase letters immediately followed by parentesis (e.g. H(x), M(y), Q(a,b) ). All predicates must use parentheses.\nVariables: first letter in lowercase, can be followed by letters and numbers (e.g., x, x0, xP0).\n\n### TO CREATE NEW VARIABLE:\nFor Universal Introduction rule(Ai): open a subproof with a fresh variable not occurring in any open hypothesis.\nCreate new variable like this: '<line_number>. { <new_variable> '\n\nFor Existential Elimination rule(Ee): open a subproof with a fresh witness constant/variable. \nCreate new variable like this: '<line_number>. {<new_variable> φ[<old_variable>/<new_variable>] hip\n  Write only the final proof in <proof>...</proof> tags. Only use <proof>...</proof> tags ONCE. Only use these symbols inside the proof '&' , '->', '~', '|', '@', '(', ')', '{', '}', 'Ax', 'Ex'.\nDo not include explanations, commentary, or extra text inside and outside the <proof>...</proof> tags.\n ""}, {'role': 'user', 'content': ""Prove '|- (P->Ex Q(x))->Ex (P->Q(x))', using the natural deduction method. Final answer using the notation described. ""}, {'role': 'assistant', 'content': ' <proof>\n                        1. { \t(P -> Ex Q(x))\t\t\t\t\thip\n                        2.\t{\t~(~P | Ex Q(x))\t\t\t\t\thip\n                        3.\t\t{\tP\t\t\t\t\t\t\t\t      hip\n                        4.      Ex Q(x)               ->e 3, 1\n                        5.\t\t\t~P | Ex Q(x)\t\t\t\t\t|i 4\n                        6.\t\t\t@\t\t\t\t\t\t\t\t~e 5,2 }\t\t\n                        7.\t\t~P\t\t\t\t\t\t\t\t\t~i 3-6\n                        8.\t\t~P | Ex Q(x)\t\t\t\t\t\t|i 7\n                        9.\t\t@\t\t\t\t\t\t\t\t\t~e 8,2 }\n                        10.\t~P | Ex Q(x)        raa 2-9\n                        11.\t{\t~P\t\t\t\t\t\t\t\t\thip\n                        12.\t\t{\tP\t\t\t\t\t\t\t\thip\n                        13.\t\t\t@\t\t\t\t\t\t\t\t~e 11,12\n                        14.     Q(a)            @e 13 }\n                        15.\t\tP -> Q(a)\t\t\t\t\t\t\t->i 12-14\n                        16.\t\tEx  (P -> Q(x))\t\t\t\t\tEi 15 }\n                        17.\t{\tEx Q(x)\t\t\t\t\t\t\thip\n                        18.\t\t{ a\t\tQ(a)\t\t\t\t\t\thip\n                        19.\t\t\t{\tP\t\t\t\t\t\t\thip\n                        20.\t\t\t\tQ(a)\t\t\t\t\t\tcopie 18 }\n                        21.\t\t\tP -> Q(a)\t\t\t\t\t\t->i 19-20\n                        22.\t\t\tEx (P -> Q(x))\t\t\t\tEi 21 }\n                        23.\t\tEx (P -> Q(x))\t\t\t\t\tEe 17, 18-22 }\n                        24.\tEx (P -> Q(x))\t\t\t\t\t\t|e 10, 11-16, 17-23}\n                        25. (P -> Ex Q(x)) -> Ex (P -> Q(x))\t->i 1-24\n                    </proof>'}, {'role': 'user', 'content': ""Prove 'Ax ((P(x)->Q(x))&(Q(x)->P(x))) |- Ax ((~P(x)->~Q(x))&(~Q(x)->~P(x)))', using the natural deduction method. Final answer using the notation described.""}, {'role': 'assistant', 'content': ' <proof>\n                            1. Ax((P(x) -> Q(x)) & (Q(x) -> P(x))) pre\n                            2. { a\n                            3.   (P(a) -> Q(a)) & (Q(a) -> P(a)) Ae 1\n                            4.   P(a) -> Q(a) &e 3\n                            5.   Q(a) -> P(a) &e 3\n                            6.   { ~Q(a) hip\n                            7.     { P(a) hip\n                            8.       Q(a) ->e 7,4\n                            9.       @ ~e 6,8 }\n                            10.   ~P(a) ~i 7-9 }\n                            11. ~Q(a) -> ~P(a) ->i 6-10\n                            12. { ~P(a) hip\n                            13.   { Q(a) hip\n                            14.     P(a) ->e 13,5\n                            15.     @ ~e 12,14 }\n                            16.   ~Q(a) ~i 13-15 }\n                            17. ~P(a) -> ~Q(a) ->i 12-16\n                            18. (~P(a) -> ~Q(a)) & (~Q(a) -> ~P(a)) &i 17,11 }\n                            19. Ax((~P(x) -> ~Q(x)) & (~Q(x) -> ~P(x))) Ai 2-18 \n                        </proof>'}, {'role': 'user', 'content': ""Prove'Ex (B(x)&C(x)) |- Ex B(x)&Ex C(x)' using the natural deduction method. Only one final answer, surrounded by <proof>...</proof>, using the notation described.""}]","<proof>
                        1. Ex (P(x) & Q(x)) pre
                        2. { a
                        3.   P(a) & Q(a) Ee 1
                        4.   P(a) &e 3
                        5.   Q(a) &e 3
                        6.   Ex P(x) Ei 4
                        7.   Ex Q(x) Ei 5
                        8.   Ex P(x) & Ex Q(x) &i 6,7 }
                    </proof>","1. Ex (P(x) & Q(x)) pre
                        2. { a
                        3.   P(a) & Q(a) Ee 1
                        4.   P(a) &e 3
                        5.   Q(a) &e 3
                        6.   Ex P(x) Ei 4
                        7.   Ex Q(x) Ei 5
                        8.   Ex P(x) & Ex Q(x) &i 6,7 }","Os seguintes erros foram encontrados:

Uma das definições não está completa, verifique se todas regras foram aplicadas corretamente.
Lembre-se que uma regra de inferência sempre inicia com um número seguido de um . (linha de referência), tem uma fórmula e uma justificativa (premissa, hipóteses ou uma das regras de inferência com suas respectivas referências para fórmulas anteriores).
Erro de sintaxe:
                        4.   P(a) &e 3
                        ^
",1.1677255630493164,stop,1780,307
"Ex B(x), Ax (B(x)->C) |- C","[{'role': 'system', 'content': ""You are an expert in logic using the Natural Deduction method.\nYou will receive one first order logic problem. Your task is to prove its validity using Natural Deduction and represent the proof in a Fitch-like notation, following these formatting instructions.\n\n### FORMAT OF PROOF LINES\nEach proof line must be structured like: '<line_number>. <formula> <origin>'\n- <line_number>: sequential integer, always ending with a dot ('1.', '2.', '3.', ...)\n- <formula>: the formula derived on that line\n- <origin>: either 'pre' (premise), 'hip' (hypothesis) or '<rule_name> <line_refs>'\n - <rule_name> and <line_refs>: \n - &e (1 line) \n - &i (2 lines) \n - ->e (2 lines) \n - ->i (1 range) \n - ~e (2 lines) \n - ~i (1 range) \n - |e (1 line + 2 ranges) \n - |i (1 line) \n - @e (1 line) \n - raa (1 range) \n - copy (1 line) \n - Ae (1 line)\n - Ai (1 range)\n - Ee (1 line + 1 range)\n - Ei (1 line)\n - <line_refs>: Must be comma-separated line numbers or ranges. Ranges denote subproofs (e.g., `->i 8-12`, `|e 4, 5-9, 10-14`)\n\n### SUBPROOFS / HYPOTHESES\nUse subproofs for hypotheses. Use curly braces '{' and '}' to open and close subproofs. \nPlace `{` immediately after the line number (e.g. '8.{ A|B hip') and `}` at the end of the final line of the subproof (e.g. '10. B @e 4}').\nNested subproofs are allowed. But a formula may only be used at a specific point if it appeared earlier in the same subproof or an outer subproof to the current subproof.\n\n### SYMBOLS & CONVENTIONS\nUse the following symbols for logical operations: \n- & = conjunction (and) \n- | = disjunction (or) \n- ~ = negation (not) \n- -> = implication (implies)\n\nQuantifiers symbols: \n Ax represents ∀x \n Ex represents ∃x\nSo formulas with ∀x and ∃x will be represented by Ax and Ex (A and E followed by the variable x). For example, Ax (H(x)->M(x)) represents ∀x (H(x)→M(x)).\n\n###CONVENTIONS\nAtoms: only uppercase letters not immediately followed by parentesis (e.g. P, Q, R).\nPredicates: uppercase letters immediately followed by parentesis (e.g. H(x), M(y), Q(a,b) ). All predicates must use parentheses.\nVariables: first letter in lowercase, can be followed by letters and numbers (e.g., x, x0, xP0).\n\n### TO CREATE NEW VARIABLE:\nFor Universal Introduction rule(Ai): open a subproof with a fresh variable not occurring in any open hypothesis.\nCreate new variable like this: '<line_number>. { <new_variable> '\n\nFor Existential Elimination rule(Ee): open a subproof with a fresh witness constant/variable. \nCreate new variable like this: '<line_number>. {<new_variable> φ[<old_variable>/<new_variable>] hip\n  Write only the final proof in <proof>...</proof> tags. Only use <proof>...</proof> tags ONCE. Only use these symbols inside the proof '&' , '->', '~', '|', '@', '(', ')', '{', '}', 'Ax', 'Ex'.\nDo not include explanations, commentary, or extra text inside and outside the <proof>...</proof> tags.\n ""}, {'role': 'user', 'content': ""Prove '|- (P->Ex Q(x))->Ex (P->Q(x))', using the natural deduction method. Final answer using the notation described. ""}, {'role': 'assistant', 'content': ' <proof>\n                        1. { \t(P -> Ex Q(x))\t\t\t\t\thip\n                        2.\t{\t~(~P | Ex Q(x))\t\t\t\t\thip\n                        3.\t\t{\tP\t\t\t\t\t\t\t\t      hip\n                        4.      Ex Q(x)               ->e 3, 1\n                        5.\t\t\t~P | Ex Q(x)\t\t\t\t\t|i 4\n                        6.\t\t\t@\t\t\t\t\t\t\t\t~e 5,2 }\t\t\n                        7.\t\t~P\t\t\t\t\t\t\t\t\t~i 3-6\n                        8.\t\t~P | Ex Q(x)\t\t\t\t\t\t|i 7\n                        9.\t\t@\t\t\t\t\t\t\t\t\t~e 8,2 }\n                        10.\t~P | Ex Q(x)        raa 2-9\n                        11.\t{\t~P\t\t\t\t\t\t\t\t\thip\n                        12.\t\t{\tP\t\t\t\t\t\t\t\thip\n                        13.\t\t\t@\t\t\t\t\t\t\t\t~e 11,12\n                        14.     Q(a)            @e 13 }\n                        15.\t\tP -> Q(a)\t\t\t\t\t\t\t->i 12-14\n                        16.\t\tEx  (P -> Q(x))\t\t\t\t\tEi 15 }\n                        17.\t{\tEx Q(x)\t\t\t\t\t\t\thip\n                        18.\t\t{ a\t\tQ(a)\t\t\t\t\t\thip\n                        19.\t\t\t{\tP\t\t\t\t\t\t\thip\n                        20.\t\t\t\tQ(a)\t\t\t\t\t\tcopie 18 }\n                        21.\t\t\tP -> Q(a)\t\t\t\t\t\t->i 19-20\n                        22.\t\t\tEx (P -> Q(x))\t\t\t\tEi 21 }\n                        23.\t\tEx (P -> Q(x))\t\t\t\t\tEe 17, 18-22 }\n                        24.\tEx (P -> Q(x))\t\t\t\t\t\t|e 10, 11-16, 17-23}\n                        25. (P -> Ex Q(x)) -> Ex (P -> Q(x))\t->i 1-24\n                    </proof>'}, {'role': 'user', 'content': ""Prove 'Ax ((P(x)->Q(x))&(Q(x)->P(x))) |- Ax ((~P(x)->~Q(x))&(~Q(x)->~P(x)))', using the natural deduction method. Final answer using the notation described.""}, {'role': 'assistant', 'content': ' <proof>\n                            1. Ax((P(x) -> Q(x)) & (Q(x) -> P(x))) pre\n                            2. { a\n                            3.   (P(a) -> Q(a)) & (Q(a) -> P(a)) Ae 1\n                            4.   P(a) -> Q(a) &e 3\n                            5.   Q(a) -> P(a) &e 3\n                            6.   { ~Q(a) hip\n                            7.     { P(a) hip\n                            8.       Q(a) ->e 7,4\n                            9.       @ ~e 6,8 }\n                            10.   ~P(a) ~i 7-9 }\n                            11. ~Q(a) -> ~P(a) ->i 6-10\n                            12. { ~P(a) hip\n                            13.   { Q(a) hip\n                            14.     P(a) ->e 13,5\n                            15.     @ ~e 12,14 }\n                            16.   ~Q(a) ~i 13-15 }\n                            17. ~P(a) -> ~Q(a) ->i 12-16\n                            18. (~P(a) -> ~Q(a)) & (~Q(a) -> ~P(a)) &i 17,11 }\n                            19. Ax((~P(x) -> ~Q(x)) & (~Q(x) -> ~P(x))) Ai 2-18 \n                        </proof>'}, {'role': 'user', 'content': ""Prove'Ex B(x), Ax (B(x)->C) |- C' using the natural deduction method. Only one final answer, surrounded by <proof>...</proof>, using the notation described.""}]","<proof>
                        1. Ex P(x) pre
                        2. Ax (P(x) -> Q) pre
                        3. { a
                        4.   P(a) @e 1
                        5.   P(a) -> Q Ae 2
                        6.   Q ->e 4,5
                        7. }
                        8. Q Ee 3-7
                    </proof>","1. Ex P(x) pre
                        2. Ax (P(x) -> Q) pre
                        3. { a
                        4.   P(a) @e 1
                        5.   P(a) -> Q Ae 2
                        6.   Q ->e 4,5
                        7. }
                        8. Q Ee 3-7","Os seguintes erros foram encontrados:

Uma das definições não está completa, verifique se todas regras foram aplicadas corretamente.
Lembre-se que uma regra de inferência sempre inicia com um número seguido de um . (linha de referência), tem uma fórmula e uma justificativa (premissa, hipóteses ou uma das regras de inferência com suas respectivas referências para fórmulas anteriores).
Erro de sintaxe:
                        7. }
                           ^
",1.0083837509155271,stop,1777,264
Ax (B(x)&C(x)) |- Ax C(x),"[{'role': 'system', 'content': ""You are an expert in logic using the Natural Deduction method.\nYou will receive one first order logic problem. Your task is to prove its validity using Natural Deduction and represent the proof in a Fitch-like notation, following these formatting instructions.\n\n### FORMAT OF PROOF LINES\nEach proof line must be structured like: '<line_number>. <formula> <origin>'\n- <line_number>: sequential integer, always ending with a dot ('1.', '2.', '3.', ...)\n- <formula>: the formula derived on that line\n- <origin>: either 'pre' (premise), 'hip' (hypothesis) or '<rule_name> <line_refs>'\n - <rule_name> and <line_refs>: \n - &e (1 line) \n - &i (2 lines) \n - ->e (2 lines) \n - ->i (1 range) \n - ~e (2 lines) \n - ~i (1 range) \n - |e (1 line + 2 ranges) \n - |i (1 line) \n - @e (1 line) \n - raa (1 range) \n - copy (1 line) \n - Ae (1 line)\n - Ai (1 range)\n - Ee (1 line + 1 range)\n - Ei (1 line)\n - <line_refs>: Must be comma-separated line numbers or ranges. Ranges denote subproofs (e.g., `->i 8-12`, `|e 4, 5-9, 10-14`)\n\n### SUBPROOFS / HYPOTHESES\nUse subproofs for hypotheses. Use curly braces '{' and '}' to open and close subproofs. \nPlace `{` immediately after the line number (e.g. '8.{ A|B hip') and `}` at the end of the final line of the subproof (e.g. '10. B @e 4}').\nNested subproofs are allowed. But a formula may only be used at a specific point if it appeared earlier in the same subproof or an outer subproof to the current subproof.\n\n### SYMBOLS & CONVENTIONS\nUse the following symbols for logical operations: \n- & = conjunction (and) \n- | = disjunction (or) \n- ~ = negation (not) \n- -> = implication (implies)\n\nQuantifiers symbols: \n Ax represents ∀x \n Ex represents ∃x\nSo formulas with ∀x and ∃x will be represented by Ax and Ex (A and E followed by the variable x). For example, Ax (H(x)->M(x)) represents ∀x (H(x)→M(x)).\n\n###CONVENTIONS\nAtoms: only uppercase letters not immediately followed by parentesis (e.g. P, Q, R).\nPredicates: uppercase letters immediately followed by parentesis (e.g. H(x), M(y), Q(a,b) ). All predicates must use parentheses.\nVariables: first letter in lowercase, can be followed by letters and numbers (e.g., x, x0, xP0).\n\n### TO CREATE NEW VARIABLE:\nFor Universal Introduction rule(Ai): open a subproof with a fresh variable not occurring in any open hypothesis.\nCreate new variable like this: '<line_number>. { <new_variable> '\n\nFor Existential Elimination rule(Ee): open a subproof with a fresh witness constant/variable. \nCreate new variable like this: '<line_number>. {<new_variable> φ[<old_variable>/<new_variable>] hip\n  Write only the final proof in <proof>...</proof> tags. Only use <proof>...</proof> tags ONCE. Only use these symbols inside the proof '&' , '->', '~', '|', '@', '(', ')', '{', '}', 'Ax', 'Ex'.\nDo not include explanations, commentary, or extra text inside and outside the <proof>...</proof> tags.\n ""}, {'role': 'user', 'content': ""Prove '|- (P->Ex Q(x))->Ex (P->Q(x))', using the natural deduction method. Final answer using the notation described. ""}, {'role': 'assistant', 'content': ' <proof>\n                        1. { \t(P -> Ex Q(x))\t\t\t\t\thip\n                        2.\t{\t~(~P | Ex Q(x))\t\t\t\t\thip\n                        3.\t\t{\tP\t\t\t\t\t\t\t\t      hip\n                        4.      Ex Q(x)               ->e 3, 1\n                        5.\t\t\t~P | Ex Q(x)\t\t\t\t\t|i 4\n                        6.\t\t\t@\t\t\t\t\t\t\t\t~e 5,2 }\t\t\n                        7.\t\t~P\t\t\t\t\t\t\t\t\t~i 3-6\n                        8.\t\t~P | Ex Q(x)\t\t\t\t\t\t|i 7\n                        9.\t\t@\t\t\t\t\t\t\t\t\t~e 8,2 }\n                        10.\t~P | Ex Q(x)        raa 2-9\n                        11.\t{\t~P\t\t\t\t\t\t\t\t\thip\n                        12.\t\t{\tP\t\t\t\t\t\t\t\thip\n                        13.\t\t\t@\t\t\t\t\t\t\t\t~e 11,12\n                        14.     Q(a)            @e 13 }\n                        15.\t\tP -> Q(a)\t\t\t\t\t\t\t->i 12-14\n                        16.\t\tEx  (P -> Q(x))\t\t\t\t\tEi 15 }\n                        17.\t{\tEx Q(x)\t\t\t\t\t\t\thip\n                        18.\t\t{ a\t\tQ(a)\t\t\t\t\t\thip\n                        19.\t\t\t{\tP\t\t\t\t\t\t\thip\n                        20.\t\t\t\tQ(a)\t\t\t\t\t\tcopie 18 }\n                        21.\t\t\tP -> Q(a)\t\t\t\t\t\t->i 19-20\n                        22.\t\t\tEx (P -> Q(x))\t\t\t\tEi 21 }\n                        23.\t\tEx (P -> Q(x))\t\t\t\t\tEe 17, 18-22 }\n                        24.\tEx (P -> Q(x))\t\t\t\t\t\t|e 10, 11-16, 17-23}\n                        25. (P -> Ex Q(x)) -> Ex (P -> Q(x))\t->i 1-24\n                    </proof>'}, {'role': 'user', 'content': ""Prove 'Ax ((P(x)->Q(x))&(Q(x)->P(x))) |- Ax ((~P(x)->~Q(x))&(~Q(x)->~P(x)))', using the natural deduction method. Final answer using the notation described.""}, {'role': 'assistant', 'content': ' <proof>\n                            1. Ax((P(x) -> Q(x)) & (Q(x) -> P(x))) pre\n                            2. { a\n                            3.   (P(a) -> Q(a)) & (Q(a) -> P(a)) Ae 1\n                            4.   P(a) -> Q(a) &e 3\n                            5.   Q(a) -> P(a) &e 3\n                            6.   { ~Q(a) hip\n                            7.     { P(a) hip\n                            8.       Q(a) ->e 7,4\n                            9.       @ ~e 6,8 }\n                            10.   ~P(a) ~i 7-9 }\n                            11. ~Q(a) -> ~P(a) ->i 6-10\n                            12. { ~P(a) hip\n                            13.   { Q(a) hip\n                            14.     P(a) ->e 13,5\n                            15.     @ ~e 12,14 }\n                            16.   ~Q(a) ~i 13-15 }\n                            17. ~P(a) -> ~Q(a) ->i 12-16\n                            18. (~P(a) -> ~Q(a)) & (~Q(a) -> ~P(a)) &i 17,11 }\n                            19. Ax((~P(x) -> ~Q(x)) & (~Q(x) -> ~P(x))) Ai 2-18 \n                        </proof>'}, {'role': 'user', 'content': ""Prove'Ax (B(x)&C(x)) |- Ax C(x)' using the natural deduction method. Only one final answer, surrounded by <proof>...</proof>, using the notation described.""}]","<proof>
                        1. Ax(P(x)&Q(x)) pre
                        2. { a
                        3.   P(a)&Q(a) Ae 1
                        4.   Q(a) &e 3
                        5.   ∀x Q(x) Ai 2-4 }
                    </proof>","1. Ax(P(x)&Q(x)) pre
                        2. { a
                        3.   P(a)&Q(a) Ae 1
                        4.   Q(a) &e 3
                        5.   ∀x Q(x) Ai 2-4 }","Os seguintes erros foram encontrados:

Uma das definições não está completa, verifique se todas regras foram aplicadas corretamente.
Lembre-se que uma regra de inferência sempre inicia com um número seguido de um . (linha de referência), tem uma fórmula e uma justificativa (premissa, hipóteses ou uma das regras de inferência com suas respectivas referências para fórmulas anteriores).
Erro de sintaxe:
                        5.   ∀x Q(x) Ai 2-4 }
                             ^ Símbolo não pertence a linguagem.
",1.914496660232544,stop,1776,502
B&Ax C(x) |- Ax (B&C(x)),"[{'role': 'system', 'content': ""You are an expert in logic using the Natural Deduction method.\nYou will receive one first order logic problem. Your task is to prove its validity using Natural Deduction and represent the proof in a Fitch-like notation, following these formatting instructions.\n\n### FORMAT OF PROOF LINES\nEach proof line must be structured like: '<line_number>. <formula> <origin>'\n- <line_number>: sequential integer, always ending with a dot ('1.', '2.', '3.', ...)\n- <formula>: the formula derived on that line\n- <origin>: either 'pre' (premise), 'hip' (hypothesis) or '<rule_name> <line_refs>'\n - <rule_name> and <line_refs>: \n - &e (1 line) \n - &i (2 lines) \n - ->e (2 lines) \n - ->i (1 range) \n - ~e (2 lines) \n - ~i (1 range) \n - |e (1 line + 2 ranges) \n - |i (1 line) \n - @e (1 line) \n - raa (1 range) \n - copy (1 line) \n - Ae (1 line)\n - Ai (1 range)\n - Ee (1 line + 1 range)\n - Ei (1 line)\n - <line_refs>: Must be comma-separated line numbers or ranges. Ranges denote subproofs (e.g., `->i 8-12`, `|e 4, 5-9, 10-14`)\n\n### SUBPROOFS / HYPOTHESES\nUse subproofs for hypotheses. Use curly braces '{' and '}' to open and close subproofs. \nPlace `{` immediately after the line number (e.g. '8.{ A|B hip') and `}` at the end of the final line of the subproof (e.g. '10. B @e 4}').\nNested subproofs are allowed. But a formula may only be used at a specific point if it appeared earlier in the same subproof or an outer subproof to the current subproof.\n\n### SYMBOLS & CONVENTIONS\nUse the following symbols for logical operations: \n- & = conjunction (and) \n- | = disjunction (or) \n- ~ = negation (not) \n- -> = implication (implies)\n\nQuantifiers symbols: \n Ax represents ∀x \n Ex represents ∃x\nSo formulas with ∀x and ∃x will be represented by Ax and Ex (A and E followed by the variable x). For example, Ax (H(x)->M(x)) represents ∀x (H(x)→M(x)).\n\n###CONVENTIONS\nAtoms: only uppercase letters not immediately followed by parentesis (e.g. P, Q, R).\nPredicates: uppercase letters immediately followed by parentesis (e.g. H(x), M(y), Q(a,b) ). All predicates must use parentheses.\nVariables: first letter in lowercase, can be followed by letters and numbers (e.g., x, x0, xP0).\n\n### TO CREATE NEW VARIABLE:\nFor Universal Introduction rule(Ai): open a subproof with a fresh variable not occurring in any open hypothesis.\nCreate new variable like this: '<line_number>. { <new_variable> '\n\nFor Existential Elimination rule(Ee): open a subproof with a fresh witness constant/variable. \nCreate new variable like this: '<line_number>. {<new_variable> φ[<old_variable>/<new_variable>] hip\n  Write only the final proof in <proof>...</proof> tags. Only use <proof>...</proof> tags ONCE. Only use these symbols inside the proof '&' , '->', '~', '|', '@', '(', ')', '{', '}', 'Ax', 'Ex'.\nDo not include explanations, commentary, or extra text inside and outside the <proof>...</proof> tags.\n ""}, {'role': 'user', 'content': ""Prove '|- (P->Ex Q(x))->Ex (P->Q(x))', using the natural deduction method. Final answer using the notation described. ""}, {'role': 'assistant', 'content': ' <proof>\n                        1. { \t(P -> Ex Q(x))\t\t\t\t\thip\n                        2.\t{\t~(~P | Ex Q(x))\t\t\t\t\thip\n                        3.\t\t{\tP\t\t\t\t\t\t\t\t      hip\n                        4.      Ex Q(x)               ->e 3, 1\n                        5.\t\t\t~P | Ex Q(x)\t\t\t\t\t|i 4\n                        6.\t\t\t@\t\t\t\t\t\t\t\t~e 5,2 }\t\t\n                        7.\t\t~P\t\t\t\t\t\t\t\t\t~i 3-6\n                        8.\t\t~P | Ex Q(x)\t\t\t\t\t\t|i 7\n                        9.\t\t@\t\t\t\t\t\t\t\t\t~e 8,2 }\n                        10.\t~P | Ex Q(x)        raa 2-9\n                        11.\t{\t~P\t\t\t\t\t\t\t\t\thip\n                        12.\t\t{\tP\t\t\t\t\t\t\t\thip\n                        13.\t\t\t@\t\t\t\t\t\t\t\t~e 11,12\n                        14.     Q(a)            @e 13 }\n                        15.\t\tP -> Q(a)\t\t\t\t\t\t\t->i 12-14\n                        16.\t\tEx  (P -> Q(x))\t\t\t\t\tEi 15 }\n                        17.\t{\tEx Q(x)\t\t\t\t\t\t\thip\n                        18.\t\t{ a\t\tQ(a)\t\t\t\t\t\thip\n                        19.\t\t\t{\tP\t\t\t\t\t\t\thip\n                        20.\t\t\t\tQ(a)\t\t\t\t\t\tcopie 18 }\n                        21.\t\t\tP -> Q(a)\t\t\t\t\t\t->i 19-20\n                        22.\t\t\tEx (P -> Q(x))\t\t\t\tEi 21 }\n                        23.\t\tEx (P -> Q(x))\t\t\t\t\tEe 17, 18-22 }\n                        24.\tEx (P -> Q(x))\t\t\t\t\t\t|e 10, 11-16, 17-23}\n                        25. (P -> Ex Q(x)) -> Ex (P -> Q(x))\t->i 1-24\n                    </proof>'}, {'role': 'user', 'content': ""Prove 'Ax ((P(x)->Q(x))&(Q(x)->P(x))) |- Ax ((~P(x)->~Q(x))&(~Q(x)->~P(x)))', using the natural deduction method. Final answer using the notation described.""}, {'role': 'assistant', 'content': ' <proof>\n                            1. Ax((P(x) -> Q(x)) & (Q(x) -> P(x))) pre\n                            2. { a\n                            3.   (P(a) -> Q(a)) & (Q(a) -> P(a)) Ae 1\n                            4.   P(a) -> Q(a) &e 3\n                            5.   Q(a) -> P(a) &e 3\n                            6.   { ~Q(a) hip\n                            7.     { P(a) hip\n                            8.       Q(a) ->e 7,4\n                            9.       @ ~e 6,8 }\n                            10.   ~P(a) ~i 7-9 }\n                            11. ~Q(a) -> ~P(a) ->i 6-10\n                            12. { ~P(a) hip\n                            13.   { Q(a) hip\n                            14.     P(a) ->e 13,5\n                            15.     @ ~e 12,14 }\n                            16.   ~Q(a) ~i 13-15 }\n                            17. ~P(a) -> ~Q(a) ->i 12-16\n                            18. (~P(a) -> ~Q(a)) & (~Q(a) -> ~P(a)) &i 17,11 }\n                            19. Ax((~P(x) -> ~Q(x)) & (~Q(x) -> ~P(x))) Ai 2-18 \n                        </proof>'}, {'role': 'user', 'content': ""Prove'B&Ax C(x) |- Ax (B&C(x))' using the natural deduction method. Only one final answer, surrounded by <proof>...</proof>, using the notation described.""}]","<proof>
                        1. P & Ax Q(x) pre
                        2. P &e 1
                        3. Ax Q(x) &e 1
                        4.{ a
                        5.   Q(a) @e 3
                        6.   P & Q(a) &i 2,5
                        7. }
                        8. Ax (P & Q(x)) Ai 4-7
                    </proof>","1. P & Ax Q(x) pre
                        2. P &e 1
                        3. Ax Q(x) &e 1
                        4.{ a
                        5.   Q(a) @e 3
                        6.   P & Q(a) &i 2,5
                        7. }
                        8. Ax (P & Q(x)) Ai 4-7","Os seguintes erros foram encontrados:

Uma das definições não está completa, verifique se todas regras foram aplicadas corretamente.
Lembre-se que uma regra de inferência sempre inicia com um número seguido de um . (linha de referência), tem uma fórmula e uma justificativa (premissa, hipóteses ou uma das regras de inferência com suas respectivas referências para fórmulas anteriores).
Erro de sintaxe:
                        7. }
                           ^
",1.3079829216003418,stop,1778,341
Ax (B(x)->C(x))&Ax B(x) |- Ax C(x),"[{'role': 'system', 'content': ""You are an expert in logic using the Natural Deduction method.\nYou will receive one first order logic problem. Your task is to prove its validity using Natural Deduction and represent the proof in a Fitch-like notation, following these formatting instructions.\n\n### FORMAT OF PROOF LINES\nEach proof line must be structured like: '<line_number>. <formula> <origin>'\n- <line_number>: sequential integer, always ending with a dot ('1.', '2.', '3.', ...)\n- <formula>: the formula derived on that line\n- <origin>: either 'pre' (premise), 'hip' (hypothesis) or '<rule_name> <line_refs>'\n - <rule_name> and <line_refs>: \n - &e (1 line) \n - &i (2 lines) \n - ->e (2 lines) \n - ->i (1 range) \n - ~e (2 lines) \n - ~i (1 range) \n - |e (1 line + 2 ranges) \n - |i (1 line) \n - @e (1 line) \n - raa (1 range) \n - copy (1 line) \n - Ae (1 line)\n - Ai (1 range)\n - Ee (1 line + 1 range)\n - Ei (1 line)\n - <line_refs>: Must be comma-separated line numbers or ranges. Ranges denote subproofs (e.g., `->i 8-12`, `|e 4, 5-9, 10-14`)\n\n### SUBPROOFS / HYPOTHESES\nUse subproofs for hypotheses. Use curly braces '{' and '}' to open and close subproofs. \nPlace `{` immediately after the line number (e.g. '8.{ A|B hip') and `}` at the end of the final line of the subproof (e.g. '10. B @e 4}').\nNested subproofs are allowed. But a formula may only be used at a specific point if it appeared earlier in the same subproof or an outer subproof to the current subproof.\n\n### SYMBOLS & CONVENTIONS\nUse the following symbols for logical operations: \n- & = conjunction (and) \n- | = disjunction (or) \n- ~ = negation (not) \n- -> = implication (implies)\n\nQuantifiers symbols: \n Ax represents ∀x \n Ex represents ∃x\nSo formulas with ∀x and ∃x will be represented by Ax and Ex (A and E followed by the variable x). For example, Ax (H(x)->M(x)) represents ∀x (H(x)→M(x)).\n\n###CONVENTIONS\nAtoms: only uppercase letters not immediately followed by parentesis (e.g. P, Q, R).\nPredicates: uppercase letters immediately followed by parentesis (e.g. H(x), M(y), Q(a,b) ). All predicates must use parentheses.\nVariables: first letter in lowercase, can be followed by letters and numbers (e.g., x, x0, xP0).\n\n### TO CREATE NEW VARIABLE:\nFor Universal Introduction rule(Ai): open a subproof with a fresh variable not occurring in any open hypothesis.\nCreate new variable like this: '<line_number>. { <new_variable> '\n\nFor Existential Elimination rule(Ee): open a subproof with a fresh witness constant/variable. \nCreate new variable like this: '<line_number>. {<new_variable> φ[<old_variable>/<new_variable>] hip\n  Write only the final proof in <proof>...</proof> tags. Only use <proof>...</proof> tags ONCE. Only use these symbols inside the proof '&' , '->', '~', '|', '@', '(', ')', '{', '}', 'Ax', 'Ex'.\nDo not include explanations, commentary, or extra text inside and outside the <proof>...</proof> tags.\n ""}, {'role': 'user', 'content': ""Prove '|- (P->Ex Q(x))->Ex (P->Q(x))', using the natural deduction method. Final answer using the notation described. ""}, {'role': 'assistant', 'content': ' <proof>\n                        1. { \t(P -> Ex Q(x))\t\t\t\t\thip\n                        2.\t{\t~(~P | Ex Q(x))\t\t\t\t\thip\n                        3.\t\t{\tP\t\t\t\t\t\t\t\t      hip\n                        4.      Ex Q(x)               ->e 3, 1\n                        5.\t\t\t~P | Ex Q(x)\t\t\t\t\t|i 4\n                        6.\t\t\t@\t\t\t\t\t\t\t\t~e 5,2 }\t\t\n                        7.\t\t~P\t\t\t\t\t\t\t\t\t~i 3-6\n                        8.\t\t~P | Ex Q(x)\t\t\t\t\t\t|i 7\n                        9.\t\t@\t\t\t\t\t\t\t\t\t~e 8,2 }\n                        10.\t~P | Ex Q(x)        raa 2-9\n                        11.\t{\t~P\t\t\t\t\t\t\t\t\thip\n                        12.\t\t{\tP\t\t\t\t\t\t\t\thip\n                        13.\t\t\t@\t\t\t\t\t\t\t\t~e 11,12\n                        14.     Q(a)            @e 13 }\n                        15.\t\tP -> Q(a)\t\t\t\t\t\t\t->i 12-14\n                        16.\t\tEx  (P -> Q(x))\t\t\t\t\tEi 15 }\n                        17.\t{\tEx Q(x)\t\t\t\t\t\t\thip\n                        18.\t\t{ a\t\tQ(a)\t\t\t\t\t\thip\n                        19.\t\t\t{\tP\t\t\t\t\t\t\thip\n                        20.\t\t\t\tQ(a)\t\t\t\t\t\tcopie 18 }\n                        21.\t\t\tP -> Q(a)\t\t\t\t\t\t->i 19-20\n                        22.\t\t\tEx (P -> Q(x))\t\t\t\tEi 21 }\n                        23.\t\tEx (P -> Q(x))\t\t\t\t\tEe 17, 18-22 }\n                        24.\tEx (P -> Q(x))\t\t\t\t\t\t|e 10, 11-16, 17-23}\n                        25. (P -> Ex Q(x)) -> Ex (P -> Q(x))\t->i 1-24\n                    </proof>'}, {'role': 'user', 'content': ""Prove 'Ax ((P(x)->Q(x))&(Q(x)->P(x))) |- Ax ((~P(x)->~Q(x))&(~Q(x)->~P(x)))', using the natural deduction method. Final answer using the notation described.""}, {'role': 'assistant', 'content': ' <proof>\n                            1. Ax((P(x) -> Q(x)) & (Q(x) -> P(x))) pre\n                            2. { a\n                            3.   (P(a) -> Q(a)) & (Q(a) -> P(a)) Ae 1\n                            4.   P(a) -> Q(a) &e 3\n                            5.   Q(a) -> P(a) &e 3\n                            6.   { ~Q(a) hip\n                            7.     { P(a) hip\n                            8.       Q(a) ->e 7,4\n                            9.       @ ~e 6,8 }\n                            10.   ~P(a) ~i 7-9 }\n                            11. ~Q(a) -> ~P(a) ->i 6-10\n                            12. { ~P(a) hip\n                            13.   { Q(a) hip\n                            14.     P(a) ->e 13,5\n                            15.     @ ~e 12,14 }\n                            16.   ~Q(a) ~i 13-15 }\n                            17. ~P(a) -> ~Q(a) ->i 12-16\n                            18. (~P(a) -> ~Q(a)) & (~Q(a) -> ~P(a)) &i 17,11 }\n                            19. Ax((~P(x) -> ~Q(x)) & (~Q(x) -> ~P(x))) Ai 2-18 \n                        </proof>'}, {'role': 'user', 'content': ""Prove'Ax (B(x)->C(x))&Ax B(x) |- Ax C(x)' using the natural deduction method. Only one final answer, surrounded by <proof>...</proof>, using the notation described.""}]","<proof>
                        1. Ax(P->Q) pre
                        2. Ax P pre
                        3. { a
                        4.   (P(a)->Q(a)) Ae 1
                        5.   P(a) Ae 2
                        6.   Q(a) ->e 4,5
                        7. }
                        8. Ax Q(x) Ai 3-7
                    </proof>","1. Ax(P->Q) pre
                        2. Ax P pre
                        3. { a
                        4.   (P(a)->Q(a)) Ae 1
                        5.   P(a) Ae 2
                        6.   Q(a) ->e 4,5
                        7. }
                        8. Ax Q(x) Ai 3-7","Os seguintes erros foram encontrados:

Uma das definições não está completa, verifique se todas regras foram aplicadas corretamente.
Lembre-se que uma regra de inferência sempre inicia com um número seguido de um . (linha de referência), tem uma fórmula e uma justificativa (premissa, hipóteses ou uma das regras de inferência com suas respectivas referências para fórmulas anteriores).
Erro de sintaxe:
                        7. }
                           ^
",1.097632646560669,stop,1781,286
Ax B(x) |- Ax (B(x)|C(x)),"[{'role': 'system', 'content': ""You are an expert in logic using the Natural Deduction method.\nYou will receive one first order logic problem. Your task is to prove its validity using Natural Deduction and represent the proof in a Fitch-like notation, following these formatting instructions.\n\n### FORMAT OF PROOF LINES\nEach proof line must be structured like: '<line_number>. <formula> <origin>'\n- <line_number>: sequential integer, always ending with a dot ('1.', '2.', '3.', ...)\n- <formula>: the formula derived on that line\n- <origin>: either 'pre' (premise), 'hip' (hypothesis) or '<rule_name> <line_refs>'\n - <rule_name> and <line_refs>: \n - &e (1 line) \n - &i (2 lines) \n - ->e (2 lines) \n - ->i (1 range) \n - ~e (2 lines) \n - ~i (1 range) \n - |e (1 line + 2 ranges) \n - |i (1 line) \n - @e (1 line) \n - raa (1 range) \n - copy (1 line) \n - Ae (1 line)\n - Ai (1 range)\n - Ee (1 line + 1 range)\n - Ei (1 line)\n - <line_refs>: Must be comma-separated line numbers or ranges. Ranges denote subproofs (e.g., `->i 8-12`, `|e 4, 5-9, 10-14`)\n\n### SUBPROOFS / HYPOTHESES\nUse subproofs for hypotheses. Use curly braces '{' and '}' to open and close subproofs. \nPlace `{` immediately after the line number (e.g. '8.{ A|B hip') and `}` at the end of the final line of the subproof (e.g. '10. B @e 4}').\nNested subproofs are allowed. But a formula may only be used at a specific point if it appeared earlier in the same subproof or an outer subproof to the current subproof.\n\n### SYMBOLS & CONVENTIONS\nUse the following symbols for logical operations: \n- & = conjunction (and) \n- | = disjunction (or) \n- ~ = negation (not) \n- -> = implication (implies)\n\nQuantifiers symbols: \n Ax represents ∀x \n Ex represents ∃x\nSo formulas with ∀x and ∃x will be represented by Ax and Ex (A and E followed by the variable x). For example, Ax (H(x)->M(x)) represents ∀x (H(x)→M(x)).\n\n###CONVENTIONS\nAtoms: only uppercase letters not immediately followed by parentesis (e.g. P, Q, R).\nPredicates: uppercase letters immediately followed by parentesis (e.g. H(x), M(y), Q(a,b) ). All predicates must use parentheses.\nVariables: first letter in lowercase, can be followed by letters and numbers (e.g., x, x0, xP0).\n\n### TO CREATE NEW VARIABLE:\nFor Universal Introduction rule(Ai): open a subproof with a fresh variable not occurring in any open hypothesis.\nCreate new variable like this: '<line_number>. { <new_variable> '\n\nFor Existential Elimination rule(Ee): open a subproof with a fresh witness constant/variable. \nCreate new variable like this: '<line_number>. {<new_variable> φ[<old_variable>/<new_variable>] hip\n  Write only the final proof in <proof>...</proof> tags. Only use <proof>...</proof> tags ONCE. Only use these symbols inside the proof '&' , '->', '~', '|', '@', '(', ')', '{', '}', 'Ax', 'Ex'.\nDo not include explanations, commentary, or extra text inside and outside the <proof>...</proof> tags.\n ""}, {'role': 'user', 'content': ""Prove '|- (P->Ex Q(x))->Ex (P->Q(x))', using the natural deduction method. Final answer using the notation described. ""}, {'role': 'assistant', 'content': ' <proof>\n                        1. { \t(P -> Ex Q(x))\t\t\t\t\thip\n                        2.\t{\t~(~P | Ex Q(x))\t\t\t\t\thip\n                        3.\t\t{\tP\t\t\t\t\t\t\t\t      hip\n                        4.      Ex Q(x)               ->e 3, 1\n                        5.\t\t\t~P | Ex Q(x)\t\t\t\t\t|i 4\n                        6.\t\t\t@\t\t\t\t\t\t\t\t~e 5,2 }\t\t\n                        7.\t\t~P\t\t\t\t\t\t\t\t\t~i 3-6\n                        8.\t\t~P | Ex Q(x)\t\t\t\t\t\t|i 7\n                        9.\t\t@\t\t\t\t\t\t\t\t\t~e 8,2 }\n                        10.\t~P | Ex Q(x)        raa 2-9\n                        11.\t{\t~P\t\t\t\t\t\t\t\t\thip\n                        12.\t\t{\tP\t\t\t\t\t\t\t\thip\n                        13.\t\t\t@\t\t\t\t\t\t\t\t~e 11,12\n                        14.     Q(a)            @e 13 }\n                        15.\t\tP -> Q(a)\t\t\t\t\t\t\t->i 12-14\n                        16.\t\tEx  (P -> Q(x))\t\t\t\t\tEi 15 }\n                        17.\t{\tEx Q(x)\t\t\t\t\t\t\thip\n                        18.\t\t{ a\t\tQ(a)\t\t\t\t\t\thip\n                        19.\t\t\t{\tP\t\t\t\t\t\t\thip\n                        20.\t\t\t\tQ(a)\t\t\t\t\t\tcopie 18 }\n                        21.\t\t\tP -> Q(a)\t\t\t\t\t\t->i 19-20\n                        22.\t\t\tEx (P -> Q(x))\t\t\t\tEi 21 }\n                        23.\t\tEx (P -> Q(x))\t\t\t\t\tEe 17, 18-22 }\n                        24.\tEx (P -> Q(x))\t\t\t\t\t\t|e 10, 11-16, 17-23}\n                        25. (P -> Ex Q(x)) -> Ex (P -> Q(x))\t->i 1-24\n                    </proof>'}, {'role': 'user', 'content': ""Prove 'Ax ((P(x)->Q(x))&(Q(x)->P(x))) |- Ax ((~P(x)->~Q(x))&(~Q(x)->~P(x)))', using the natural deduction method. Final answer using the notation described.""}, {'role': 'assistant', 'content': ' <proof>\n                            1. Ax((P(x) -> Q(x)) & (Q(x) -> P(x))) pre\n                            2. { a\n                            3.   (P(a) -> Q(a)) & (Q(a) -> P(a)) Ae 1\n                            4.   P(a) -> Q(a) &e 3\n                            5.   Q(a) -> P(a) &e 3\n                            6.   { ~Q(a) hip\n                            7.     { P(a) hip\n                            8.       Q(a) ->e 7,4\n                            9.       @ ~e 6,8 }\n                            10.   ~P(a) ~i 7-9 }\n                            11. ~Q(a) -> ~P(a) ->i 6-10\n                            12. { ~P(a) hip\n                            13.   { Q(a) hip\n                            14.     P(a) ->e 13,5\n                            15.     @ ~e 12,14 }\n                            16.   ~Q(a) ~i 13-15 }\n                            17. ~P(a) -> ~Q(a) ->i 12-16\n                            18. (~P(a) -> ~Q(a)) & (~Q(a) -> ~P(a)) &i 17,11 }\n                            19. Ax((~P(x) -> ~Q(x)) & (~Q(x) -> ~P(x))) Ai 2-18 \n                        </proof>'}, {'role': 'user', 'content': ""Prove'Ax B(x) |- Ax (B(x)|C(x))' using the natural deduction method. Only one final answer, surrounded by <proof>...</proof>, using the notation described.""}]","<proof>
                        1. Ax P(x) pre
                        2. { a
                        3.   P(a) Ae 1
                        4.   P(a) | Q(a) |i 3
                        5. }
                        6. Ax (P(x) | Q(x)) Ai 2-5
                    </proof>","1. Ax P(x) pre
                        2. { a
                        3.   P(a) Ae 1
                        4.   P(a) | Q(a) |i 3
                        5. }
                        6. Ax (P(x) | Q(x)) Ai 2-5","Os seguintes erros foram encontrados:

Uma das definições não está completa, verifique se todas regras foram aplicadas corretamente.
Lembre-se que uma regra de inferência sempre inicia com um número seguido de um . (linha de referência), tem uma fórmula e uma justificativa (premissa, hipóteses ou uma das regras de inferência com suas respectivas referências para fórmulas anteriores).
Erro de sintaxe:
                        5. }
                           ^
",1.0535991191864014,stop,1777,274
Ax (B(x)&C) |- Ax B(x),"[{'role': 'system', 'content': ""You are an expert in logic using the Natural Deduction method.\nYou will receive one first order logic problem. Your task is to prove its validity using Natural Deduction and represent the proof in a Fitch-like notation, following these formatting instructions.\n\n### FORMAT OF PROOF LINES\nEach proof line must be structured like: '<line_number>. <formula> <origin>'\n- <line_number>: sequential integer, always ending with a dot ('1.', '2.', '3.', ...)\n- <formula>: the formula derived on that line\n- <origin>: either 'pre' (premise), 'hip' (hypothesis) or '<rule_name> <line_refs>'\n - <rule_name> and <line_refs>: \n - &e (1 line) \n - &i (2 lines) \n - ->e (2 lines) \n - ->i (1 range) \n - ~e (2 lines) \n - ~i (1 range) \n - |e (1 line + 2 ranges) \n - |i (1 line) \n - @e (1 line) \n - raa (1 range) \n - copy (1 line) \n - Ae (1 line)\n - Ai (1 range)\n - Ee (1 line + 1 range)\n - Ei (1 line)\n - <line_refs>: Must be comma-separated line numbers or ranges. Ranges denote subproofs (e.g., `->i 8-12`, `|e 4, 5-9, 10-14`)\n\n### SUBPROOFS / HYPOTHESES\nUse subproofs for hypotheses. Use curly braces '{' and '}' to open and close subproofs. \nPlace `{` immediately after the line number (e.g. '8.{ A|B hip') and `}` at the end of the final line of the subproof (e.g. '10. B @e 4}').\nNested subproofs are allowed. But a formula may only be used at a specific point if it appeared earlier in the same subproof or an outer subproof to the current subproof.\n\n### SYMBOLS & CONVENTIONS\nUse the following symbols for logical operations: \n- & = conjunction (and) \n- | = disjunction (or) \n- ~ = negation (not) \n- -> = implication (implies)\n\nQuantifiers symbols: \n Ax represents ∀x \n Ex represents ∃x\nSo formulas with ∀x and ∃x will be represented by Ax and Ex (A and E followed by the variable x). For example, Ax (H(x)->M(x)) represents ∀x (H(x)→M(x)).\n\n###CONVENTIONS\nAtoms: only uppercase letters not immediately followed by parentesis (e.g. P, Q, R).\nPredicates: uppercase letters immediately followed by parentesis (e.g. H(x), M(y), Q(a,b) ). All predicates must use parentheses.\nVariables: first letter in lowercase, can be followed by letters and numbers (e.g., x, x0, xP0).\n\n### TO CREATE NEW VARIABLE:\nFor Universal Introduction rule(Ai): open a subproof with a fresh variable not occurring in any open hypothesis.\nCreate new variable like this: '<line_number>. { <new_variable> '\n\nFor Existential Elimination rule(Ee): open a subproof with a fresh witness constant/variable. \nCreate new variable like this: '<line_number>. {<new_variable> φ[<old_variable>/<new_variable>] hip\n  Write only the final proof in <proof>...</proof> tags. Only use <proof>...</proof> tags ONCE. Only use these symbols inside the proof '&' , '->', '~', '|', '@', '(', ')', '{', '}', 'Ax', 'Ex'.\nDo not include explanations, commentary, or extra text inside and outside the <proof>...</proof> tags.\n ""}, {'role': 'user', 'content': ""Prove '|- (P->Ex Q(x))->Ex (P->Q(x))', using the natural deduction method. Final answer using the notation described. ""}, {'role': 'assistant', 'content': ' <proof>\n                        1. { \t(P -> Ex Q(x))\t\t\t\t\thip\n                        2.\t{\t~(~P | Ex Q(x))\t\t\t\t\thip\n                        3.\t\t{\tP\t\t\t\t\t\t\t\t      hip\n                        4.      Ex Q(x)               ->e 3, 1\n                        5.\t\t\t~P | Ex Q(x)\t\t\t\t\t|i 4\n                        6.\t\t\t@\t\t\t\t\t\t\t\t~e 5,2 }\t\t\n                        7.\t\t~P\t\t\t\t\t\t\t\t\t~i 3-6\n                        8.\t\t~P | Ex Q(x)\t\t\t\t\t\t|i 7\n                        9.\t\t@\t\t\t\t\t\t\t\t\t~e 8,2 }\n                        10.\t~P | Ex Q(x)        raa 2-9\n                        11.\t{\t~P\t\t\t\t\t\t\t\t\thip\n                        12.\t\t{\tP\t\t\t\t\t\t\t\thip\n                        13.\t\t\t@\t\t\t\t\t\t\t\t~e 11,12\n                        14.     Q(a)            @e 13 }\n                        15.\t\tP -> Q(a)\t\t\t\t\t\t\t->i 12-14\n                        16.\t\tEx  (P -> Q(x))\t\t\t\t\tEi 15 }\n                        17.\t{\tEx Q(x)\t\t\t\t\t\t\thip\n                        18.\t\t{ a\t\tQ(a)\t\t\t\t\t\thip\n                        19.\t\t\t{\tP\t\t\t\t\t\t\thip\n                        20.\t\t\t\tQ(a)\t\t\t\t\t\tcopie 18 }\n                        21.\t\t\tP -> Q(a)\t\t\t\t\t\t->i 19-20\n                        22.\t\t\tEx (P -> Q(x))\t\t\t\tEi 21 }\n                        23.\t\tEx (P -> Q(x))\t\t\t\t\tEe 17, 18-22 }\n                        24.\tEx (P -> Q(x))\t\t\t\t\t\t|e 10, 11-16, 17-23}\n                        25. (P -> Ex Q(x)) -> Ex (P -> Q(x))\t->i 1-24\n                    </proof>'}, {'role': 'user', 'content': ""Prove 'Ax ((P(x)->Q(x))&(Q(x)->P(x))) |- Ax ((~P(x)->~Q(x))&(~Q(x)->~P(x)))', using the natural deduction method. Final answer using the notation described.""}, {'role': 'assistant', 'content': ' <proof>\n                            1. Ax((P(x) -> Q(x)) & (Q(x) -> P(x))) pre\n                            2. { a\n                            3.   (P(a) -> Q(a)) & (Q(a) -> P(a)) Ae 1\n                            4.   P(a) -> Q(a) &e 3\n                            5.   Q(a) -> P(a) &e 3\n                            6.   { ~Q(a) hip\n                            7.     { P(a) hip\n                            8.       Q(a) ->e 7,4\n                            9.       @ ~e 6,8 }\n                            10.   ~P(a) ~i 7-9 }\n                            11. ~Q(a) -> ~P(a) ->i 6-10\n                            12. { ~P(a) hip\n                            13.   { Q(a) hip\n                            14.     P(a) ->e 13,5\n                            15.     @ ~e 12,14 }\n                            16.   ~Q(a) ~i 13-15 }\n                            17. ~P(a) -> ~Q(a) ->i 12-16\n                            18. (~P(a) -> ~Q(a)) & (~Q(a) -> ~P(a)) &i 17,11 }\n                            19. Ax((~P(x) -> ~Q(x)) & (~Q(x) -> ~P(x))) Ai 2-18 \n                        </proof>'}, {'role': 'user', 'content': ""Prove'Ax (B(x)&C) |- Ax B(x)' using the natural deduction method. Only one final answer, surrounded by <proof>...</proof>, using the notation described.""}]","<proof>
                        1. Ax(P(x) & Q) pre
                        2. { a
                        3.     P(a) & Q                Ae 1
                        4.     P(a)                    &e 3
                        5. }
                        6. Ax P(x)                     Ai 2-5
                    </proof>","1. Ax(P(x) & Q) pre
                        2. { a
                        3.     P(a) & Q                Ae 1
                        4.     P(a)                    &e 3
                        5. }
                        6. Ax P(x)                     Ai 2-5","Os seguintes erros foram encontrados:

Uma das definições não está completa, verifique se todas regras foram aplicadas corretamente.
Lembre-se que uma regra de inferência sempre inicia com um número seguido de um . (linha de referência), tem uma fórmula e uma justificativa (premissa, hipóteses ou uma das regras de inferência com suas respectivas referências para fórmulas anteriores).
Erro de sintaxe:
                        5. }
                           ^
",0.7054798603057861,stop,1775,176
Ax (~B(x)|~C(x)) |- ~Ex (B(x)&C(x)),"[{'role': 'system', 'content': ""You are an expert in logic using the Natural Deduction method.\nYou will receive one first order logic problem. Your task is to prove its validity using Natural Deduction and represent the proof in a Fitch-like notation, following these formatting instructions.\n\n### FORMAT OF PROOF LINES\nEach proof line must be structured like: '<line_number>. <formula> <origin>'\n- <line_number>: sequential integer, always ending with a dot ('1.', '2.', '3.', ...)\n- <formula>: the formula derived on that line\n- <origin>: either 'pre' (premise), 'hip' (hypothesis) or '<rule_name> <line_refs>'\n - <rule_name> and <line_refs>: \n - &e (1 line) \n - &i (2 lines) \n - ->e (2 lines) \n - ->i (1 range) \n - ~e (2 lines) \n - ~i (1 range) \n - |e (1 line + 2 ranges) \n - |i (1 line) \n - @e (1 line) \n - raa (1 range) \n - copy (1 line) \n - Ae (1 line)\n - Ai (1 range)\n - Ee (1 line + 1 range)\n - Ei (1 line)\n - <line_refs>: Must be comma-separated line numbers or ranges. Ranges denote subproofs (e.g., `->i 8-12`, `|e 4, 5-9, 10-14`)\n\n### SUBPROOFS / HYPOTHESES\nUse subproofs for hypotheses. Use curly braces '{' and '}' to open and close subproofs. \nPlace `{` immediately after the line number (e.g. '8.{ A|B hip') and `}` at the end of the final line of the subproof (e.g. '10. B @e 4}').\nNested subproofs are allowed. But a formula may only be used at a specific point if it appeared earlier in the same subproof or an outer subproof to the current subproof.\n\n### SYMBOLS & CONVENTIONS\nUse the following symbols for logical operations: \n- & = conjunction (and) \n- | = disjunction (or) \n- ~ = negation (not) \n- -> = implication (implies)\n\nQuantifiers symbols: \n Ax represents ∀x \n Ex represents ∃x\nSo formulas with ∀x and ∃x will be represented by Ax and Ex (A and E followed by the variable x). For example, Ax (H(x)->M(x)) represents ∀x (H(x)→M(x)).\n\n###CONVENTIONS\nAtoms: only uppercase letters not immediately followed by parentesis (e.g. P, Q, R).\nPredicates: uppercase letters immediately followed by parentesis (e.g. H(x), M(y), Q(a,b) ). All predicates must use parentheses.\nVariables: first letter in lowercase, can be followed by letters and numbers (e.g., x, x0, xP0).\n\n### TO CREATE NEW VARIABLE:\nFor Universal Introduction rule(Ai): open a subproof with a fresh variable not occurring in any open hypothesis.\nCreate new variable like this: '<line_number>. { <new_variable> '\n\nFor Existential Elimination rule(Ee): open a subproof with a fresh witness constant/variable. \nCreate new variable like this: '<line_number>. {<new_variable> φ[<old_variable>/<new_variable>] hip\n  Write only the final proof in <proof>...</proof> tags. Only use <proof>...</proof> tags ONCE. Only use these symbols inside the proof '&' , '->', '~', '|', '@', '(', ')', '{', '}', 'Ax', 'Ex'.\nDo not include explanations, commentary, or extra text inside and outside the <proof>...</proof> tags.\n ""}, {'role': 'user', 'content': ""Prove '|- (P->Ex Q(x))->Ex (P->Q(x))', using the natural deduction method. Final answer using the notation described. ""}, {'role': 'assistant', 'content': ' <proof>\n                        1. { \t(P -> Ex Q(x))\t\t\t\t\thip\n                        2.\t{\t~(~P | Ex Q(x))\t\t\t\t\thip\n                        3.\t\t{\tP\t\t\t\t\t\t\t\t      hip\n                        4.      Ex Q(x)               ->e 3, 1\n                        5.\t\t\t~P | Ex Q(x)\t\t\t\t\t|i 4\n                        6.\t\t\t@\t\t\t\t\t\t\t\t~e 5,2 }\t\t\n                        7.\t\t~P\t\t\t\t\t\t\t\t\t~i 3-6\n                        8.\t\t~P | Ex Q(x)\t\t\t\t\t\t|i 7\n                        9.\t\t@\t\t\t\t\t\t\t\t\t~e 8,2 }\n                        10.\t~P | Ex Q(x)        raa 2-9\n                        11.\t{\t~P\t\t\t\t\t\t\t\t\thip\n                        12.\t\t{\tP\t\t\t\t\t\t\t\thip\n                        13.\t\t\t@\t\t\t\t\t\t\t\t~e 11,12\n                        14.     Q(a)            @e 13 }\n                        15.\t\tP -> Q(a)\t\t\t\t\t\t\t->i 12-14\n                        16.\t\tEx  (P -> Q(x))\t\t\t\t\tEi 15 }\n                        17.\t{\tEx Q(x)\t\t\t\t\t\t\thip\n                        18.\t\t{ a\t\tQ(a)\t\t\t\t\t\thip\n                        19.\t\t\t{\tP\t\t\t\t\t\t\thip\n                        20.\t\t\t\tQ(a)\t\t\t\t\t\tcopie 18 }\n                        21.\t\t\tP -> Q(a)\t\t\t\t\t\t->i 19-20\n                        22.\t\t\tEx (P -> Q(x))\t\t\t\tEi 21 }\n                        23.\t\tEx (P -> Q(x))\t\t\t\t\tEe 17, 18-22 }\n                        24.\tEx (P -> Q(x))\t\t\t\t\t\t|e 10, 11-16, 17-23}\n                        25. (P -> Ex Q(x)) -> Ex (P -> Q(x))\t->i 1-24\n                    </proof>'}, {'role': 'user', 'content': ""Prove 'Ax ((P(x)->Q(x))&(Q(x)->P(x))) |- Ax ((~P(x)->~Q(x))&(~Q(x)->~P(x)))', using the natural deduction method. Final answer using the notation described.""}, {'role': 'assistant', 'content': ' <proof>\n                            1. Ax((P(x) -> Q(x)) & (Q(x) -> P(x))) pre\n                            2. { a\n                            3.   (P(a) -> Q(a)) & (Q(a) -> P(a)) Ae 1\n                            4.   P(a) -> Q(a) &e 3\n                            5.   Q(a) -> P(a) &e 3\n                            6.   { ~Q(a) hip\n                            7.     { P(a) hip\n                            8.       Q(a) ->e 7,4\n                            9.       @ ~e 6,8 }\n                            10.   ~P(a) ~i 7-9 }\n                            11. ~Q(a) -> ~P(a) ->i 6-10\n                            12. { ~P(a) hip\n                            13.   { Q(a) hip\n                            14.     P(a) ->e 13,5\n                            15.     @ ~e 12,14 }\n                            16.   ~Q(a) ~i 13-15 }\n                            17. ~P(a) -> ~Q(a) ->i 12-16\n                            18. (~P(a) -> ~Q(a)) & (~Q(a) -> ~P(a)) &i 17,11 }\n                            19. Ax((~P(x) -> ~Q(x)) & (~Q(x) -> ~P(x))) Ai 2-18 \n                        </proof>'}, {'role': 'user', 'content': ""Prove'Ax (~B(x)|~C(x)) |- ~Ex (B(x)&C(x))' using the natural deduction method. Only one final answer, surrounded by <proof>...</proof>, using the notation described.""}]","<proof>
1. Ax (~P(x)|~Q(x)) pre
2. { ∃x(P(x)&Q(x)) hip
3.   { a P(a)&Q(a) Ee 2
4.     ~P(a)|~Q(a) Ae 1
5.     { ~P(a) hip
6.       P(a)&Q(a) &e 3
7.       @ ~e 5,6 }
8.     { ~Q(a) hip
9.       P(a)&Q(a) &e 3
10.      Q(a) &e 3
11.      @ ~e 8,10 }
12.   @ |e 4,5-7,8-11 }
13. ¬∃x(P(x)&Q(x)) ~i 2-12
</proof>","1. Ax (~P(x)|~Q(x)) pre
2. { ∃x(P(x)&Q(x)) hip
3.   { a P(a)&Q(a) Ee 2
4.     ~P(a)|~Q(a) Ae 1
5.     { ~P(a) hip
6.       P(a)&Q(a) &e 3
7.       @ ~e 5,6 }
8.     { ~Q(a) hip
9.       P(a)&Q(a) &e 3
10.      Q(a) &e 3
11.      @ ~e 8,10 }
12.   @ |e 4,5-7,8-11 }
13. ¬∃x(P(x)&Q(x)) ~i 2-12","Os seguintes erros foram encontrados:

Uma das definições não está completa, verifique se todas regras foram aplicadas corretamente.
Lembre-se que uma regra de inferência sempre inicia com um número seguido de um . (linha de referência), tem uma fórmula e uma justificativa (premissa, hipóteses ou uma das regras de inferência com suas respectivas referências para fórmulas anteriores).
Erro de sintaxe:
2. { ∃x(P(x)&Q(x)) hip
     ^ Símbolo não pertence a linguagem.
",3.4845125675201416,stop,1783,917
~Ex (B(x)|C(x)) |- Ax (~B(x)&~C(x)),"[{'role': 'system', 'content': ""You are an expert in logic using the Natural Deduction method.\nYou will receive one first order logic problem. Your task is to prove its validity using Natural Deduction and represent the proof in a Fitch-like notation, following these formatting instructions.\n\n### FORMAT OF PROOF LINES\nEach proof line must be structured like: '<line_number>. <formula> <origin>'\n- <line_number>: sequential integer, always ending with a dot ('1.', '2.', '3.', ...)\n- <formula>: the formula derived on that line\n- <origin>: either 'pre' (premise), 'hip' (hypothesis) or '<rule_name> <line_refs>'\n - <rule_name> and <line_refs>: \n - &e (1 line) \n - &i (2 lines) \n - ->e (2 lines) \n - ->i (1 range) \n - ~e (2 lines) \n - ~i (1 range) \n - |e (1 line + 2 ranges) \n - |i (1 line) \n - @e (1 line) \n - raa (1 range) \n - copy (1 line) \n - Ae (1 line)\n - Ai (1 range)\n - Ee (1 line + 1 range)\n - Ei (1 line)\n - <line_refs>: Must be comma-separated line numbers or ranges. Ranges denote subproofs (e.g., `->i 8-12`, `|e 4, 5-9, 10-14`)\n\n### SUBPROOFS / HYPOTHESES\nUse subproofs for hypotheses. Use curly braces '{' and '}' to open and close subproofs. \nPlace `{` immediately after the line number (e.g. '8.{ A|B hip') and `}` at the end of the final line of the subproof (e.g. '10. B @e 4}').\nNested subproofs are allowed. But a formula may only be used at a specific point if it appeared earlier in the same subproof or an outer subproof to the current subproof.\n\n### SYMBOLS & CONVENTIONS\nUse the following symbols for logical operations: \n- & = conjunction (and) \n- | = disjunction (or) \n- ~ = negation (not) \n- -> = implication (implies)\n\nQuantifiers symbols: \n Ax represents ∀x \n Ex represents ∃x\nSo formulas with ∀x and ∃x will be represented by Ax and Ex (A and E followed by the variable x). For example, Ax (H(x)->M(x)) represents ∀x (H(x)→M(x)).\n\n###CONVENTIONS\nAtoms: only uppercase letters not immediately followed by parentesis (e.g. P, Q, R).\nPredicates: uppercase letters immediately followed by parentesis (e.g. H(x), M(y), Q(a,b) ). All predicates must use parentheses.\nVariables: first letter in lowercase, can be followed by letters and numbers (e.g., x, x0, xP0).\n\n### TO CREATE NEW VARIABLE:\nFor Universal Introduction rule(Ai): open a subproof with a fresh variable not occurring in any open hypothesis.\nCreate new variable like this: '<line_number>. { <new_variable> '\n\nFor Existential Elimination rule(Ee): open a subproof with a fresh witness constant/variable. \nCreate new variable like this: '<line_number>. {<new_variable> φ[<old_variable>/<new_variable>] hip\n  Write only the final proof in <proof>...</proof> tags. Only use <proof>...</proof> tags ONCE. Only use these symbols inside the proof '&' , '->', '~', '|', '@', '(', ')', '{', '}', 'Ax', 'Ex'.\nDo not include explanations, commentary, or extra text inside and outside the <proof>...</proof> tags.\n ""}, {'role': 'user', 'content': ""Prove '|- (P->Ex Q(x))->Ex (P->Q(x))', using the natural deduction method. Final answer using the notation described. ""}, {'role': 'assistant', 'content': ' <proof>\n                        1. { \t(P -> Ex Q(x))\t\t\t\t\thip\n                        2.\t{\t~(~P | Ex Q(x))\t\t\t\t\thip\n                        3.\t\t{\tP\t\t\t\t\t\t\t\t      hip\n                        4.      Ex Q(x)               ->e 3, 1\n                        5.\t\t\t~P | Ex Q(x)\t\t\t\t\t|i 4\n                        6.\t\t\t@\t\t\t\t\t\t\t\t~e 5,2 }\t\t\n                        7.\t\t~P\t\t\t\t\t\t\t\t\t~i 3-6\n                        8.\t\t~P | Ex Q(x)\t\t\t\t\t\t|i 7\n                        9.\t\t@\t\t\t\t\t\t\t\t\t~e 8,2 }\n                        10.\t~P | Ex Q(x)        raa 2-9\n                        11.\t{\t~P\t\t\t\t\t\t\t\t\thip\n                        12.\t\t{\tP\t\t\t\t\t\t\t\thip\n                        13.\t\t\t@\t\t\t\t\t\t\t\t~e 11,12\n                        14.     Q(a)            @e 13 }\n                        15.\t\tP -> Q(a)\t\t\t\t\t\t\t->i 12-14\n                        16.\t\tEx  (P -> Q(x))\t\t\t\t\tEi 15 }\n                        17.\t{\tEx Q(x)\t\t\t\t\t\t\thip\n                        18.\t\t{ a\t\tQ(a)\t\t\t\t\t\thip\n                        19.\t\t\t{\tP\t\t\t\t\t\t\thip\n                        20.\t\t\t\tQ(a)\t\t\t\t\t\tcopie 18 }\n                        21.\t\t\tP -> Q(a)\t\t\t\t\t\t->i 19-20\n                        22.\t\t\tEx (P -> Q(x))\t\t\t\tEi 21 }\n                        23.\t\tEx (P -> Q(x))\t\t\t\t\tEe 17, 18-22 }\n                        24.\tEx (P -> Q(x))\t\t\t\t\t\t|e 10, 11-16, 17-23}\n                        25. (P -> Ex Q(x)) -> Ex (P -> Q(x))\t->i 1-24\n                    </proof>'}, {'role': 'user', 'content': ""Prove 'Ax ((P(x)->Q(x))&(Q(x)->P(x))) |- Ax ((~P(x)->~Q(x))&(~Q(x)->~P(x)))', using the natural deduction method. Final answer using the notation described.""}, {'role': 'assistant', 'content': ' <proof>\n                            1. Ax((P(x) -> Q(x)) & (Q(x) -> P(x))) pre\n                            2. { a\n                            3.   (P(a) -> Q(a)) & (Q(a) -> P(a)) Ae 1\n                            4.   P(a) -> Q(a) &e 3\n                            5.   Q(a) -> P(a) &e 3\n                            6.   { ~Q(a) hip\n                            7.     { P(a) hip\n                            8.       Q(a) ->e 7,4\n                            9.       @ ~e 6,8 }\n                            10.   ~P(a) ~i 7-9 }\n                            11. ~Q(a) -> ~P(a) ->i 6-10\n                            12. { ~P(a) hip\n                            13.   { Q(a) hip\n                            14.     P(a) ->e 13,5\n                            15.     @ ~e 12,14 }\n                            16.   ~Q(a) ~i 13-15 }\n                            17. ~P(a) -> ~Q(a) ->i 12-16\n                            18. (~P(a) -> ~Q(a)) & (~Q(a) -> ~P(a)) &i 17,11 }\n                            19. Ax((~P(x) -> ~Q(x)) & (~Q(x) -> ~P(x))) Ai 2-18 \n                        </proof>'}, {'role': 'user', 'content': ""Prove'~Ex (B(x)|C(x)) |- Ax (~B(x)&~C(x))' using the natural deduction method. Only one final answer, surrounded by <proof>...</proof>, using the notation described.""}]","<proof>
1.  ~Ex(P(x)|Q(x)) pre
2.  { a
3.    { P(a)|Q(a) hip
4.      Ex(P(x)|Q(x)) Ei 3
5.      @ ~e 1,4 }
6.    ~(P(a)|Q(a)) ~i 3-5
7.    { P(a) hip
8.      P(a)|Q(a) |i 7
9.      @ ~e 6,8 }
10.   ~P(a) ~i 7-9
11.   { Q(a) hip
12.     P(a)|Q(a) |i 11
13.     @ ~e 6,12 }
14.   ~Q(a) ~i 11-13
15.   (~P(a)&~Q(a)) &i 10,14
16.   Ax((~P(x)&~Q(x))) Ai 2-15
</proof>","1.  ~Ex(P(x)|Q(x)) pre
2.  { a
3.    { P(a)|Q(a) hip
4.      Ex(P(x)|Q(x)) Ei 3
5.      @ ~e 1,4 }
6.    ~(P(a)|Q(a)) ~i 3-5
7.    { P(a) hip
8.      P(a)|Q(a) |i 7
9.      @ ~e 6,8 }
10.   ~P(a) ~i 7-9
11.   { Q(a) hip
12.     P(a)|Q(a) |i 11
13.     @ ~e 6,12 }
14.   ~Q(a) ~i 11-13
15.   (~P(a)&~Q(a)) &i 10,14
16.   Ax((~P(x)&~Q(x))) Ai 2-15","Os seguintes erros foram encontrados:

Erro de sintaxe na linha 6:
6.    ~(P(a)|Q(a)) ~i 3-5
^, A hipótese que foi introduzida por essa caixa dever ser descartada pela regra que a introduziu em linha imediatamente posterior ao fechamento desta caixa.Erro de sintaxe na linha 16:
16.   Ax((~P(x)&~Q(x))) Ai 2-15
                           ^, esta não é uma caixa (escopo) válida.",3.1209716796875,stop,1783,821
Ax ((B(x)->C(x))&(C(x)->B(x))) |- Ax (B(x)->C(x)),"[{'role': 'system', 'content': ""You are an expert in logic using the Natural Deduction method.\nYou will receive one first order logic problem. Your task is to prove its validity using Natural Deduction and represent the proof in a Fitch-like notation, following these formatting instructions.\n\n### FORMAT OF PROOF LINES\nEach proof line must be structured like: '<line_number>. <formula> <origin>'\n- <line_number>: sequential integer, always ending with a dot ('1.', '2.', '3.', ...)\n- <formula>: the formula derived on that line\n- <origin>: either 'pre' (premise), 'hip' (hypothesis) or '<rule_name> <line_refs>'\n - <rule_name> and <line_refs>: \n - &e (1 line) \n - &i (2 lines) \n - ->e (2 lines) \n - ->i (1 range) \n - ~e (2 lines) \n - ~i (1 range) \n - |e (1 line + 2 ranges) \n - |i (1 line) \n - @e (1 line) \n - raa (1 range) \n - copy (1 line) \n - Ae (1 line)\n - Ai (1 range)\n - Ee (1 line + 1 range)\n - Ei (1 line)\n - <line_refs>: Must be comma-separated line numbers or ranges. Ranges denote subproofs (e.g., `->i 8-12`, `|e 4, 5-9, 10-14`)\n\n### SUBPROOFS / HYPOTHESES\nUse subproofs for hypotheses. Use curly braces '{' and '}' to open and close subproofs. \nPlace `{` immediately after the line number (e.g. '8.{ A|B hip') and `}` at the end of the final line of the subproof (e.g. '10. B @e 4}').\nNested subproofs are allowed. But a formula may only be used at a specific point if it appeared earlier in the same subproof or an outer subproof to the current subproof.\n\n### SYMBOLS & CONVENTIONS\nUse the following symbols for logical operations: \n- & = conjunction (and) \n- | = disjunction (or) \n- ~ = negation (not) \n- -> = implication (implies)\n\nQuantifiers symbols: \n Ax represents ∀x \n Ex represents ∃x\nSo formulas with ∀x and ∃x will be represented by Ax and Ex (A and E followed by the variable x). For example, Ax (H(x)->M(x)) represents ∀x (H(x)→M(x)).\n\n###CONVENTIONS\nAtoms: only uppercase letters not immediately followed by parentesis (e.g. P, Q, R).\nPredicates: uppercase letters immediately followed by parentesis (e.g. H(x), M(y), Q(a,b) ). All predicates must use parentheses.\nVariables: first letter in lowercase, can be followed by letters and numbers (e.g., x, x0, xP0).\n\n### TO CREATE NEW VARIABLE:\nFor Universal Introduction rule(Ai): open a subproof with a fresh variable not occurring in any open hypothesis.\nCreate new variable like this: '<line_number>. { <new_variable> '\n\nFor Existential Elimination rule(Ee): open a subproof with a fresh witness constant/variable. \nCreate new variable like this: '<line_number>. {<new_variable> φ[<old_variable>/<new_variable>] hip\n  Write only the final proof in <proof>...</proof> tags. Only use <proof>...</proof> tags ONCE. Only use these symbols inside the proof '&' , '->', '~', '|', '@', '(', ')', '{', '}', 'Ax', 'Ex'.\nDo not include explanations, commentary, or extra text inside and outside the <proof>...</proof> tags.\n ""}, {'role': 'user', 'content': ""Prove '|- (P->Ex Q(x))->Ex (P->Q(x))', using the natural deduction method. Final answer using the notation described. ""}, {'role': 'assistant', 'content': ' <proof>\n                        1. { \t(P -> Ex Q(x))\t\t\t\t\thip\n                        2.\t{\t~(~P | Ex Q(x))\t\t\t\t\thip\n                        3.\t\t{\tP\t\t\t\t\t\t\t\t      hip\n                        4.      Ex Q(x)               ->e 3, 1\n                        5.\t\t\t~P | Ex Q(x)\t\t\t\t\t|i 4\n                        6.\t\t\t@\t\t\t\t\t\t\t\t~e 5,2 }\t\t\n                        7.\t\t~P\t\t\t\t\t\t\t\t\t~i 3-6\n                        8.\t\t~P | Ex Q(x)\t\t\t\t\t\t|i 7\n                        9.\t\t@\t\t\t\t\t\t\t\t\t~e 8,2 }\n                        10.\t~P | Ex Q(x)        raa 2-9\n                        11.\t{\t~P\t\t\t\t\t\t\t\t\thip\n                        12.\t\t{\tP\t\t\t\t\t\t\t\thip\n                        13.\t\t\t@\t\t\t\t\t\t\t\t~e 11,12\n                        14.     Q(a)            @e 13 }\n                        15.\t\tP -> Q(a)\t\t\t\t\t\t\t->i 12-14\n                        16.\t\tEx  (P -> Q(x))\t\t\t\t\tEi 15 }\n                        17.\t{\tEx Q(x)\t\t\t\t\t\t\thip\n                        18.\t\t{ a\t\tQ(a)\t\t\t\t\t\thip\n                        19.\t\t\t{\tP\t\t\t\t\t\t\thip\n                        20.\t\t\t\tQ(a)\t\t\t\t\t\tcopie 18 }\n                        21.\t\t\tP -> Q(a)\t\t\t\t\t\t->i 19-20\n                        22.\t\t\tEx (P -> Q(x))\t\t\t\tEi 21 }\n                        23.\t\tEx (P -> Q(x))\t\t\t\t\tEe 17, 18-22 }\n                        24.\tEx (P -> Q(x))\t\t\t\t\t\t|e 10, 11-16, 17-23}\n                        25. (P -> Ex Q(x)) -> Ex (P -> Q(x))\t->i 1-24\n                    </proof>'}, {'role': 'user', 'content': ""Prove 'Ax ((P(x)->Q(x))&(Q(x)->P(x))) |- Ax ((~P(x)->~Q(x))&(~Q(x)->~P(x)))', using the natural deduction method. Final answer using the notation described.""}, {'role': 'assistant', 'content': ' <proof>\n                            1. Ax((P(x) -> Q(x)) & (Q(x) -> P(x))) pre\n                            2. { a\n                            3.   (P(a) -> Q(a)) & (Q(a) -> P(a)) Ae 1\n                            4.   P(a) -> Q(a) &e 3\n                            5.   Q(a) -> P(a) &e 3\n                            6.   { ~Q(a) hip\n                            7.     { P(a) hip\n                            8.       Q(a) ->e 7,4\n                            9.       @ ~e 6,8 }\n                            10.   ~P(a) ~i 7-9 }\n                            11. ~Q(a) -> ~P(a) ->i 6-10\n                            12. { ~P(a) hip\n                            13.   { Q(a) hip\n                            14.     P(a) ->e 13,5\n                            15.     @ ~e 12,14 }\n                            16.   ~Q(a) ~i 13-15 }\n                            17. ~P(a) -> ~Q(a) ->i 12-16\n                            18. (~P(a) -> ~Q(a)) & (~Q(a) -> ~P(a)) &i 17,11 }\n                            19. Ax((~P(x) -> ~Q(x)) & (~Q(x) -> ~P(x))) Ai 2-18 \n                        </proof>'}, {'role': 'user', 'content': ""Prove'Ax ((B(x)->C(x))&(C(x)->B(x))) |- Ax (B(x)->C(x))' using the natural deduction method. Only one final answer, surrounded by <proof>...</proof>, using the notation described.""}]","<proof>
                        1. Ax((P(x) -> Q(x)) & (Q(x) -> P(x))) pre
                        2. { a
                        3.   (P(a) -> Q(a)) & (Q(a) -> P(a)) Ae 1
                        4.   P(a) -> Q(a) &e 3
                        5.   P(a) -> Q(a) ->i 2-4 }
                        6. Ax(P(x) -> Q(x)) Ai 2-5
                    </proof>","1. Ax((P(x) -> Q(x)) & (Q(x) -> P(x))) pre
                        2. { a
                        3.   (P(a) -> Q(a)) & (Q(a) -> P(a)) Ae 1
                        4.   P(a) -> Q(a) &e 3
                        5.   P(a) -> Q(a) ->i 2-4 }
                        6. Ax(P(x) -> Q(x)) Ai 2-5","Os seguintes erros foram encontrados:

Erro de sintaxe na linha 5:
                        5.   P(a) -> Q(a) ->i 2-4 }
                                              ^, esta não é uma caixa (escopo) válida.",1.0515141487121582,stop,1788,272
"Ex Ay B(x,y) |- Ay Ex B(x,y)","[{'role': 'system', 'content': ""You are an expert in logic using the Natural Deduction method.\nYou will receive one first order logic problem. Your task is to prove its validity using Natural Deduction and represent the proof in a Fitch-like notation, following these formatting instructions.\n\n### FORMAT OF PROOF LINES\nEach proof line must be structured like: '<line_number>. <formula> <origin>'\n- <line_number>: sequential integer, always ending with a dot ('1.', '2.', '3.', ...)\n- <formula>: the formula derived on that line\n- <origin>: either 'pre' (premise), 'hip' (hypothesis) or '<rule_name> <line_refs>'\n - <rule_name> and <line_refs>: \n - &e (1 line) \n - &i (2 lines) \n - ->e (2 lines) \n - ->i (1 range) \n - ~e (2 lines) \n - ~i (1 range) \n - |e (1 line + 2 ranges) \n - |i (1 line) \n - @e (1 line) \n - raa (1 range) \n - copy (1 line) \n - Ae (1 line)\n - Ai (1 range)\n - Ee (1 line + 1 range)\n - Ei (1 line)\n - <line_refs>: Must be comma-separated line numbers or ranges. Ranges denote subproofs (e.g., `->i 8-12`, `|e 4, 5-9, 10-14`)\n\n### SUBPROOFS / HYPOTHESES\nUse subproofs for hypotheses. Use curly braces '{' and '}' to open and close subproofs. \nPlace `{` immediately after the line number (e.g. '8.{ A|B hip') and `}` at the end of the final line of the subproof (e.g. '10. B @e 4}').\nNested subproofs are allowed. But a formula may only be used at a specific point if it appeared earlier in the same subproof or an outer subproof to the current subproof.\n\n### SYMBOLS & CONVENTIONS\nUse the following symbols for logical operations: \n- & = conjunction (and) \n- | = disjunction (or) \n- ~ = negation (not) \n- -> = implication (implies)\n\nQuantifiers symbols: \n Ax represents ∀x \n Ex represents ∃x\nSo formulas with ∀x and ∃x will be represented by Ax and Ex (A and E followed by the variable x). For example, Ax (H(x)->M(x)) represents ∀x (H(x)→M(x)).\n\n###CONVENTIONS\nAtoms: only uppercase letters not immediately followed by parentesis (e.g. P, Q, R).\nPredicates: uppercase letters immediately followed by parentesis (e.g. H(x), M(y), Q(a,b) ). All predicates must use parentheses.\nVariables: first letter in lowercase, can be followed by letters and numbers (e.g., x, x0, xP0).\n\n### TO CREATE NEW VARIABLE:\nFor Universal Introduction rule(Ai): open a subproof with a fresh variable not occurring in any open hypothesis.\nCreate new variable like this: '<line_number>. { <new_variable> '\n\nFor Existential Elimination rule(Ee): open a subproof with a fresh witness constant/variable. \nCreate new variable like this: '<line_number>. {<new_variable> φ[<old_variable>/<new_variable>] hip\n  Write only the final proof in <proof>...</proof> tags. Only use <proof>...</proof> tags ONCE. Only use these symbols inside the proof '&' , '->', '~', '|', '@', '(', ')', '{', '}', 'Ax', 'Ex'.\nDo not include explanations, commentary, or extra text inside and outside the <proof>...</proof> tags.\n ""}, {'role': 'user', 'content': ""Prove '|- (P->Ex Q(x))->Ex (P->Q(x))', using the natural deduction method. Final answer using the notation described. ""}, {'role': 'assistant', 'content': ' <proof>\n                        1. { \t(P -> Ex Q(x))\t\t\t\t\thip\n                        2.\t{\t~(~P | Ex Q(x))\t\t\t\t\thip\n                        3.\t\t{\tP\t\t\t\t\t\t\t\t      hip\n                        4.      Ex Q(x)               ->e 3, 1\n                        5.\t\t\t~P | Ex Q(x)\t\t\t\t\t|i 4\n                        6.\t\t\t@\t\t\t\t\t\t\t\t~e 5,2 }\t\t\n                        7.\t\t~P\t\t\t\t\t\t\t\t\t~i 3-6\n                        8.\t\t~P | Ex Q(x)\t\t\t\t\t\t|i 7\n                        9.\t\t@\t\t\t\t\t\t\t\t\t~e 8,2 }\n                        10.\t~P | Ex Q(x)        raa 2-9\n                        11.\t{\t~P\t\t\t\t\t\t\t\t\thip\n                        12.\t\t{\tP\t\t\t\t\t\t\t\thip\n                        13.\t\t\t@\t\t\t\t\t\t\t\t~e 11,12\n                        14.     Q(a)            @e 13 }\n                        15.\t\tP -> Q(a)\t\t\t\t\t\t\t->i 12-14\n                        16.\t\tEx  (P -> Q(x))\t\t\t\t\tEi 15 }\n                        17.\t{\tEx Q(x)\t\t\t\t\t\t\thip\n                        18.\t\t{ a\t\tQ(a)\t\t\t\t\t\thip\n                        19.\t\t\t{\tP\t\t\t\t\t\t\thip\n                        20.\t\t\t\tQ(a)\t\t\t\t\t\tcopie 18 }\n                        21.\t\t\tP -> Q(a)\t\t\t\t\t\t->i 19-20\n                        22.\t\t\tEx (P -> Q(x))\t\t\t\tEi 21 }\n                        23.\t\tEx (P -> Q(x))\t\t\t\t\tEe 17, 18-22 }\n                        24.\tEx (P -> Q(x))\t\t\t\t\t\t|e 10, 11-16, 17-23}\n                        25. (P -> Ex Q(x)) -> Ex (P -> Q(x))\t->i 1-24\n                    </proof>'}, {'role': 'user', 'content': ""Prove 'Ax ((P(x)->Q(x))&(Q(x)->P(x))) |- Ax ((~P(x)->~Q(x))&(~Q(x)->~P(x)))', using the natural deduction method. Final answer using the notation described.""}, {'role': 'assistant', 'content': ' <proof>\n                            1. Ax((P(x) -> Q(x)) & (Q(x) -> P(x))) pre\n                            2. { a\n                            3.   (P(a) -> Q(a)) & (Q(a) -> P(a)) Ae 1\n                            4.   P(a) -> Q(a) &e 3\n                            5.   Q(a) -> P(a) &e 3\n                            6.   { ~Q(a) hip\n                            7.     { P(a) hip\n                            8.       Q(a) ->e 7,4\n                            9.       @ ~e 6,8 }\n                            10.   ~P(a) ~i 7-9 }\n                            11. ~Q(a) -> ~P(a) ->i 6-10\n                            12. { ~P(a) hip\n                            13.   { Q(a) hip\n                            14.     P(a) ->e 13,5\n                            15.     @ ~e 12,14 }\n                            16.   ~Q(a) ~i 13-15 }\n                            17. ~P(a) -> ~Q(a) ->i 12-16\n                            18. (~P(a) -> ~Q(a)) & (~Q(a) -> ~P(a)) &i 17,11 }\n                            19. Ax((~P(x) -> ~Q(x)) & (~Q(x) -> ~P(x))) Ai 2-18 \n                        </proof>'}, {'role': 'user', 'content': ""Prove'Ex Ay B(x,y) |- Ay Ex B(x,y)' using the natural deduction method. Only one final answer, surrounded by <proof>...</proof>, using the notation described.""}]","<proof>
                        1. Ex Ay P(x,y) pre
                        2. { a
                        3.   Ay P(a,y) hip
                        4.   { y
                        5.     P(a,y) @e 3
                        6.     ∃x P(x,y) Ei 5
                        7.   ∀y∃x P(x,y) Ai 4-6}
                        8. }
                        9. ∀y∃x P(x,y) Ee 1,2-8
                    </proof>","1. Ex Ay P(x,y) pre
                        2. { a
                        3.   Ay P(a,y) hip
                        4.   { y
                        5.     P(a,y) @e 3
                        6.     ∃x P(x,y) Ei 5
                        7.   ∀y∃x P(x,y) Ai 4-6}
                        8. }
                        9. ∀y∃x P(x,y) Ee 1,2-8","Os seguintes erros foram encontrados:

Uma das definições não está completa, verifique se todas regras foram aplicadas corretamente.
Lembre-se que uma regra de inferência sempre inicia com um número seguido de um . (linha de referência), tem uma fórmula e uma justificativa (premissa, hipóteses ou uma das regras de inferência com suas respectivas referências para fórmulas anteriores).
Erro de sintaxe:
                        6.     ∃x P(x,y) Ei 5
                               ^ Símbolo não pertence a linguagem.
",5.62534761428833,stop,1776,1462
"Ax (B(x)->C(x)), ~Ex C(x) |- ~Ex B(x)","[{'role': 'system', 'content': ""You are an expert in logic using the Natural Deduction method.\nYou will receive one first order logic problem. Your task is to prove its validity using Natural Deduction and represent the proof in a Fitch-like notation, following these formatting instructions.\n\n### FORMAT OF PROOF LINES\nEach proof line must be structured like: '<line_number>. <formula> <origin>'\n- <line_number>: sequential integer, always ending with a dot ('1.', '2.', '3.', ...)\n- <formula>: the formula derived on that line\n- <origin>: either 'pre' (premise), 'hip' (hypothesis) or '<rule_name> <line_refs>'\n - <rule_name> and <line_refs>: \n - &e (1 line) \n - &i (2 lines) \n - ->e (2 lines) \n - ->i (1 range) \n - ~e (2 lines) \n - ~i (1 range) \n - |e (1 line + 2 ranges) \n - |i (1 line) \n - @e (1 line) \n - raa (1 range) \n - copy (1 line) \n - Ae (1 line)\n - Ai (1 range)\n - Ee (1 line + 1 range)\n - Ei (1 line)\n - <line_refs>: Must be comma-separated line numbers or ranges. Ranges denote subproofs (e.g., `->i 8-12`, `|e 4, 5-9, 10-14`)\n\n### SUBPROOFS / HYPOTHESES\nUse subproofs for hypotheses. Use curly braces '{' and '}' to open and close subproofs. \nPlace `{` immediately after the line number (e.g. '8.{ A|B hip') and `}` at the end of the final line of the subproof (e.g. '10. B @e 4}').\nNested subproofs are allowed. But a formula may only be used at a specific point if it appeared earlier in the same subproof or an outer subproof to the current subproof.\n\n### SYMBOLS & CONVENTIONS\nUse the following symbols for logical operations: \n- & = conjunction (and) \n- | = disjunction (or) \n- ~ = negation (not) \n- -> = implication (implies)\n\nQuantifiers symbols: \n Ax represents ∀x \n Ex represents ∃x\nSo formulas with ∀x and ∃x will be represented by Ax and Ex (A and E followed by the variable x). For example, Ax (H(x)->M(x)) represents ∀x (H(x)→M(x)).\n\n###CONVENTIONS\nAtoms: only uppercase letters not immediately followed by parentesis (e.g. P, Q, R).\nPredicates: uppercase letters immediately followed by parentesis (e.g. H(x), M(y), Q(a,b) ). All predicates must use parentheses.\nVariables: first letter in lowercase, can be followed by letters and numbers (e.g., x, x0, xP0).\n\n### TO CREATE NEW VARIABLE:\nFor Universal Introduction rule(Ai): open a subproof with a fresh variable not occurring in any open hypothesis.\nCreate new variable like this: '<line_number>. { <new_variable> '\n\nFor Existential Elimination rule(Ee): open a subproof with a fresh witness constant/variable. \nCreate new variable like this: '<line_number>. {<new_variable> φ[<old_variable>/<new_variable>] hip\n  Write only the final proof in <proof>...</proof> tags. Only use <proof>...</proof> tags ONCE. Only use these symbols inside the proof '&' , '->', '~', '|', '@', '(', ')', '{', '}', 'Ax', 'Ex'.\nDo not include explanations, commentary, or extra text inside and outside the <proof>...</proof> tags.\n ""}, {'role': 'user', 'content': ""Prove '|- (P->Ex Q(x))->Ex (P->Q(x))', using the natural deduction method. Final answer using the notation described. ""}, {'role': 'assistant', 'content': ' <proof>\n                        1. { \t(P -> Ex Q(x))\t\t\t\t\thip\n                        2.\t{\t~(~P | Ex Q(x))\t\t\t\t\thip\n                        3.\t\t{\tP\t\t\t\t\t\t\t\t      hip\n                        4.      Ex Q(x)               ->e 3, 1\n                        5.\t\t\t~P | Ex Q(x)\t\t\t\t\t|i 4\n                        6.\t\t\t@\t\t\t\t\t\t\t\t~e 5,2 }\t\t\n                        7.\t\t~P\t\t\t\t\t\t\t\t\t~i 3-6\n                        8.\t\t~P | Ex Q(x)\t\t\t\t\t\t|i 7\n                        9.\t\t@\t\t\t\t\t\t\t\t\t~e 8,2 }\n                        10.\t~P | Ex Q(x)        raa 2-9\n                        11.\t{\t~P\t\t\t\t\t\t\t\t\thip\n                        12.\t\t{\tP\t\t\t\t\t\t\t\thip\n                        13.\t\t\t@\t\t\t\t\t\t\t\t~e 11,12\n                        14.     Q(a)            @e 13 }\n                        15.\t\tP -> Q(a)\t\t\t\t\t\t\t->i 12-14\n                        16.\t\tEx  (P -> Q(x))\t\t\t\t\tEi 15 }\n                        17.\t{\tEx Q(x)\t\t\t\t\t\t\thip\n                        18.\t\t{ a\t\tQ(a)\t\t\t\t\t\thip\n                        19.\t\t\t{\tP\t\t\t\t\t\t\thip\n                        20.\t\t\t\tQ(a)\t\t\t\t\t\tcopie 18 }\n                        21.\t\t\tP -> Q(a)\t\t\t\t\t\t->i 19-20\n                        22.\t\t\tEx (P -> Q(x))\t\t\t\tEi 21 }\n                        23.\t\tEx (P -> Q(x))\t\t\t\t\tEe 17, 18-22 }\n                        24.\tEx (P -> Q(x))\t\t\t\t\t\t|e 10, 11-16, 17-23}\n                        25. (P -> Ex Q(x)) -> Ex (P -> Q(x))\t->i 1-24\n                    </proof>'}, {'role': 'user', 'content': ""Prove 'Ax ((P(x)->Q(x))&(Q(x)->P(x))) |- Ax ((~P(x)->~Q(x))&(~Q(x)->~P(x)))', using the natural deduction method. Final answer using the notation described.""}, {'role': 'assistant', 'content': ' <proof>\n                            1. Ax((P(x) -> Q(x)) & (Q(x) -> P(x))) pre\n                            2. { a\n                            3.   (P(a) -> Q(a)) & (Q(a) -> P(a)) Ae 1\n                            4.   P(a) -> Q(a) &e 3\n                            5.   Q(a) -> P(a) &e 3\n                            6.   { ~Q(a) hip\n                            7.     { P(a) hip\n                            8.       Q(a) ->e 7,4\n                            9.       @ ~e 6,8 }\n                            10.   ~P(a) ~i 7-9 }\n                            11. ~Q(a) -> ~P(a) ->i 6-10\n                            12. { ~P(a) hip\n                            13.   { Q(a) hip\n                            14.     P(a) ->e 13,5\n                            15.     @ ~e 12,14 }\n                            16.   ~Q(a) ~i 13-15 }\n                            17. ~P(a) -> ~Q(a) ->i 12-16\n                            18. (~P(a) -> ~Q(a)) & (~Q(a) -> ~P(a)) &i 17,11 }\n                            19. Ax((~P(x) -> ~Q(x)) & (~Q(x) -> ~P(x))) Ai 2-18 \n                        </proof>'}, {'role': 'user', 'content': ""Prove'Ax (B(x)->C(x)), ~Ex C(x) |- ~Ex B(x)' using the natural deduction method. Only one final answer, surrounded by <proof>...</proof>, using the notation described.""}]","<proof>
1. Ax(P->Q) pre
2. ~Ex Q(x) pre
3. { ∃x P(x) hip
4.   { a
5.     P(a) Ee 3
6.     P(a)->Q(a) @e 1
7.     Q(a) ->e 5,6
8.     Ex Q(x) Ei 7
9.     @ ~e 2,8 }
10.   ¬∃x P(x) ~i 3-9 }
</proof>","1. Ax(P->Q) pre
2. ~Ex Q(x) pre
3. { ∃x P(x) hip
4.   { a
5.     P(a) Ee 3
6.     P(a)->Q(a) @e 1
7.     Q(a) ->e 5,6
8.     Ex Q(x) Ei 7
9.     @ ~e 2,8 }
10.   ¬∃x P(x) ~i 3-9 }","Os seguintes erros foram encontrados:

Uma das definições não está completa, verifique se todas regras foram aplicadas corretamente.
Lembre-se que uma regra de inferência sempre inicia com um número seguido de um . (linha de referência), tem uma fórmula e uma justificativa (premissa, hipóteses ou uma das regras de inferência com suas respectivas referências para fórmulas anteriores).
Erro de sintaxe:
3. { ∃x P(x) hip
     ^ Símbolo não pertence a linguagem.
",3.139612197875977,stop,1782,814
"Ax (B(x)->C(x)), Ax (C(x)->D(x)), Ex B(x) |- Ex D(x)","[{'role': 'system', 'content': ""You are an expert in logic using the Natural Deduction method.\nYou will receive one first order logic problem. Your task is to prove its validity using Natural Deduction and represent the proof in a Fitch-like notation, following these formatting instructions.\n\n### FORMAT OF PROOF LINES\nEach proof line must be structured like: '<line_number>. <formula> <origin>'\n- <line_number>: sequential integer, always ending with a dot ('1.', '2.', '3.', ...)\n- <formula>: the formula derived on that line\n- <origin>: either 'pre' (premise), 'hip' (hypothesis) or '<rule_name> <line_refs>'\n - <rule_name> and <line_refs>: \n - &e (1 line) \n - &i (2 lines) \n - ->e (2 lines) \n - ->i (1 range) \n - ~e (2 lines) \n - ~i (1 range) \n - |e (1 line + 2 ranges) \n - |i (1 line) \n - @e (1 line) \n - raa (1 range) \n - copy (1 line) \n - Ae (1 line)\n - Ai (1 range)\n - Ee (1 line + 1 range)\n - Ei (1 line)\n - <line_refs>: Must be comma-separated line numbers or ranges. Ranges denote subproofs (e.g., `->i 8-12`, `|e 4, 5-9, 10-14`)\n\n### SUBPROOFS / HYPOTHESES\nUse subproofs for hypotheses. Use curly braces '{' and '}' to open and close subproofs. \nPlace `{` immediately after the line number (e.g. '8.{ A|B hip') and `}` at the end of the final line of the subproof (e.g. '10. B @e 4}').\nNested subproofs are allowed. But a formula may only be used at a specific point if it appeared earlier in the same subproof or an outer subproof to the current subproof.\n\n### SYMBOLS & CONVENTIONS\nUse the following symbols for logical operations: \n- & = conjunction (and) \n- | = disjunction (or) \n- ~ = negation (not) \n- -> = implication (implies)\n\nQuantifiers symbols: \n Ax represents ∀x \n Ex represents ∃x\nSo formulas with ∀x and ∃x will be represented by Ax and Ex (A and E followed by the variable x). For example, Ax (H(x)->M(x)) represents ∀x (H(x)→M(x)).\n\n###CONVENTIONS\nAtoms: only uppercase letters not immediately followed by parentesis (e.g. P, Q, R).\nPredicates: uppercase letters immediately followed by parentesis (e.g. H(x), M(y), Q(a,b) ). All predicates must use parentheses.\nVariables: first letter in lowercase, can be followed by letters and numbers (e.g., x, x0, xP0).\n\n### TO CREATE NEW VARIABLE:\nFor Universal Introduction rule(Ai): open a subproof with a fresh variable not occurring in any open hypothesis.\nCreate new variable like this: '<line_number>. { <new_variable> '\n\nFor Existential Elimination rule(Ee): open a subproof with a fresh witness constant/variable. \nCreate new variable like this: '<line_number>. {<new_variable> φ[<old_variable>/<new_variable>] hip\n  Write only the final proof in <proof>...</proof> tags. Only use <proof>...</proof> tags ONCE. Only use these symbols inside the proof '&' , '->', '~', '|', '@', '(', ')', '{', '}', 'Ax', 'Ex'.\nDo not include explanations, commentary, or extra text inside and outside the <proof>...</proof> tags.\n ""}, {'role': 'user', 'content': ""Prove '|- (P->Ex Q(x))->Ex (P->Q(x))', using the natural deduction method. Final answer using the notation described. ""}, {'role': 'assistant', 'content': ' <proof>\n                        1. { \t(P -> Ex Q(x))\t\t\t\t\thip\n                        2.\t{\t~(~P | Ex Q(x))\t\t\t\t\thip\n                        3.\t\t{\tP\t\t\t\t\t\t\t\t      hip\n                        4.      Ex Q(x)               ->e 3, 1\n                        5.\t\t\t~P | Ex Q(x)\t\t\t\t\t|i 4\n                        6.\t\t\t@\t\t\t\t\t\t\t\t~e 5,2 }\t\t\n                        7.\t\t~P\t\t\t\t\t\t\t\t\t~i 3-6\n                        8.\t\t~P | Ex Q(x)\t\t\t\t\t\t|i 7\n                        9.\t\t@\t\t\t\t\t\t\t\t\t~e 8,2 }\n                        10.\t~P | Ex Q(x)        raa 2-9\n                        11.\t{\t~P\t\t\t\t\t\t\t\t\thip\n                        12.\t\t{\tP\t\t\t\t\t\t\t\thip\n                        13.\t\t\t@\t\t\t\t\t\t\t\t~e 11,12\n                        14.     Q(a)            @e 13 }\n                        15.\t\tP -> Q(a)\t\t\t\t\t\t\t->i 12-14\n                        16.\t\tEx  (P -> Q(x))\t\t\t\t\tEi 15 }\n                        17.\t{\tEx Q(x)\t\t\t\t\t\t\thip\n                        18.\t\t{ a\t\tQ(a)\t\t\t\t\t\thip\n                        19.\t\t\t{\tP\t\t\t\t\t\t\thip\n                        20.\t\t\t\tQ(a)\t\t\t\t\t\tcopie 18 }\n                        21.\t\t\tP -> Q(a)\t\t\t\t\t\t->i 19-20\n                        22.\t\t\tEx (P -> Q(x))\t\t\t\tEi 21 }\n                        23.\t\tEx (P -> Q(x))\t\t\t\t\tEe 17, 18-22 }\n                        24.\tEx (P -> Q(x))\t\t\t\t\t\t|e 10, 11-16, 17-23}\n                        25. (P -> Ex Q(x)) -> Ex (P -> Q(x))\t->i 1-24\n                    </proof>'}, {'role': 'user', 'content': ""Prove 'Ax ((P(x)->Q(x))&(Q(x)->P(x))) |- Ax ((~P(x)->~Q(x))&(~Q(x)->~P(x)))', using the natural deduction method. Final answer using the notation described.""}, {'role': 'assistant', 'content': ' <proof>\n                            1. Ax((P(x) -> Q(x)) & (Q(x) -> P(x))) pre\n                            2. { a\n                            3.   (P(a) -> Q(a)) & (Q(a) -> P(a)) Ae 1\n                            4.   P(a) -> Q(a) &e 3\n                            5.   Q(a) -> P(a) &e 3\n                            6.   { ~Q(a) hip\n                            7.     { P(a) hip\n                            8.       Q(a) ->e 7,4\n                            9.       @ ~e 6,8 }\n                            10.   ~P(a) ~i 7-9 }\n                            11. ~Q(a) -> ~P(a) ->i 6-10\n                            12. { ~P(a) hip\n                            13.   { Q(a) hip\n                            14.     P(a) ->e 13,5\n                            15.     @ ~e 12,14 }\n                            16.   ~Q(a) ~i 13-15 }\n                            17. ~P(a) -> ~Q(a) ->i 12-16\n                            18. (~P(a) -> ~Q(a)) & (~Q(a) -> ~P(a)) &i 17,11 }\n                            19. Ax((~P(x) -> ~Q(x)) & (~Q(x) -> ~P(x))) Ai 2-18 \n                        </proof>'}, {'role': 'user', 'content': ""Prove'Ax (B(x)->C(x)), Ax (C(x)->D(x)), Ex B(x) |- Ex D(x)' using the natural deduction method. Only one final answer, surrounded by <proof>...</proof>, using the notation described.""}]","<proof>
    1. Ax(P(x) -> Q(x)) pre
    2. Ax(Q(x) -> R(x)) pre
    3. Ex P(x) pre
    4.{ a   Ex P(x) Ee 3
    5.   P(a) hip
    6.   Q(a) ->e 5,1
    7.   R(a) ->e 6,2
    8.   Ex R(x) Ei 7 }
    9. Ex R(x) Ee 3-4
</proof>","1. Ax(P(x) -> Q(x)) pre
    2. Ax(Q(x) -> R(x)) pre
    3. Ex P(x) pre
    4.{ a   Ex P(x) Ee 3
    5.   P(a) hip
    6.   Q(a) ->e 5,1
    7.   R(a) ->e 6,2
    8.   Ex R(x) Ei 7 }
    9. Ex R(x) Ee 3-4","Os seguintes erros foram encontrados:

Uma das definições não está completa, verifique se todas regras foram aplicadas corretamente.
Lembre-se que uma regra de inferência sempre inicia com um número seguido de um . (linha de referência), tem uma fórmula e uma justificativa (premissa, hipóteses ou uma das regras de inferência com suas respectivas referências para fórmulas anteriores).
Erro de sintaxe:
    4.{ a   Ex P(x) Ee 3
                    ^
",2.789854049682617,stop,1788,747
Ex ~(B(x)&C(x)) |- Ex (~B(x)|~C(x)),"[{'role': 'system', 'content': ""You are an expert in logic using the Natural Deduction method.\nYou will receive one first order logic problem. Your task is to prove its validity using Natural Deduction and represent the proof in a Fitch-like notation, following these formatting instructions.\n\n### FORMAT OF PROOF LINES\nEach proof line must be structured like: '<line_number>. <formula> <origin>'\n- <line_number>: sequential integer, always ending with a dot ('1.', '2.', '3.', ...)\n- <formula>: the formula derived on that line\n- <origin>: either 'pre' (premise), 'hip' (hypothesis) or '<rule_name> <line_refs>'\n - <rule_name> and <line_refs>: \n - &e (1 line) \n - &i (2 lines) \n - ->e (2 lines) \n - ->i (1 range) \n - ~e (2 lines) \n - ~i (1 range) \n - |e (1 line + 2 ranges) \n - |i (1 line) \n - @e (1 line) \n - raa (1 range) \n - copy (1 line) \n - Ae (1 line)\n - Ai (1 range)\n - Ee (1 line + 1 range)\n - Ei (1 line)\n - <line_refs>: Must be comma-separated line numbers or ranges. Ranges denote subproofs (e.g., `->i 8-12`, `|e 4, 5-9, 10-14`)\n\n### SUBPROOFS / HYPOTHESES\nUse subproofs for hypotheses. Use curly braces '{' and '}' to open and close subproofs. \nPlace `{` immediately after the line number (e.g. '8.{ A|B hip') and `}` at the end of the final line of the subproof (e.g. '10. B @e 4}').\nNested subproofs are allowed. But a formula may only be used at a specific point if it appeared earlier in the same subproof or an outer subproof to the current subproof.\n\n### SYMBOLS & CONVENTIONS\nUse the following symbols for logical operations: \n- & = conjunction (and) \n- | = disjunction (or) \n- ~ = negation (not) \n- -> = implication (implies)\n\nQuantifiers symbols: \n Ax represents ∀x \n Ex represents ∃x\nSo formulas with ∀x and ∃x will be represented by Ax and Ex (A and E followed by the variable x). For example, Ax (H(x)->M(x)) represents ∀x (H(x)→M(x)).\n\n###CONVENTIONS\nAtoms: only uppercase letters not immediately followed by parentesis (e.g. P, Q, R).\nPredicates: uppercase letters immediately followed by parentesis (e.g. H(x), M(y), Q(a,b) ). All predicates must use parentheses.\nVariables: first letter in lowercase, can be followed by letters and numbers (e.g., x, x0, xP0).\n\n### TO CREATE NEW VARIABLE:\nFor Universal Introduction rule(Ai): open a subproof with a fresh variable not occurring in any open hypothesis.\nCreate new variable like this: '<line_number>. { <new_variable> '\n\nFor Existential Elimination rule(Ee): open a subproof with a fresh witness constant/variable. \nCreate new variable like this: '<line_number>. {<new_variable> φ[<old_variable>/<new_variable>] hip\n  Write only the final proof in <proof>...</proof> tags. Only use <proof>...</proof> tags ONCE. Only use these symbols inside the proof '&' , '->', '~', '|', '@', '(', ')', '{', '}', 'Ax', 'Ex'.\nDo not include explanations, commentary, or extra text inside and outside the <proof>...</proof> tags.\n ""}, {'role': 'user', 'content': ""Prove '|- (P->Ex Q(x))->Ex (P->Q(x))', using the natural deduction method. Final answer using the notation described. ""}, {'role': 'assistant', 'content': ' <proof>\n                        1. { \t(P -> Ex Q(x))\t\t\t\t\thip\n                        2.\t{\t~(~P | Ex Q(x))\t\t\t\t\thip\n                        3.\t\t{\tP\t\t\t\t\t\t\t\t      hip\n                        4.      Ex Q(x)               ->e 3, 1\n                        5.\t\t\t~P | Ex Q(x)\t\t\t\t\t|i 4\n                        6.\t\t\t@\t\t\t\t\t\t\t\t~e 5,2 }\t\t\n                        7.\t\t~P\t\t\t\t\t\t\t\t\t~i 3-6\n                        8.\t\t~P | Ex Q(x)\t\t\t\t\t\t|i 7\n                        9.\t\t@\t\t\t\t\t\t\t\t\t~e 8,2 }\n                        10.\t~P | Ex Q(x)        raa 2-9\n                        11.\t{\t~P\t\t\t\t\t\t\t\t\thip\n                        12.\t\t{\tP\t\t\t\t\t\t\t\thip\n                        13.\t\t\t@\t\t\t\t\t\t\t\t~e 11,12\n                        14.     Q(a)            @e 13 }\n                        15.\t\tP -> Q(a)\t\t\t\t\t\t\t->i 12-14\n                        16.\t\tEx  (P -> Q(x))\t\t\t\t\tEi 15 }\n                        17.\t{\tEx Q(x)\t\t\t\t\t\t\thip\n                        18.\t\t{ a\t\tQ(a)\t\t\t\t\t\thip\n                        19.\t\t\t{\tP\t\t\t\t\t\t\thip\n                        20.\t\t\t\tQ(a)\t\t\t\t\t\tcopie 18 }\n                        21.\t\t\tP -> Q(a)\t\t\t\t\t\t->i 19-20\n                        22.\t\t\tEx (P -> Q(x))\t\t\t\tEi 21 }\n                        23.\t\tEx (P -> Q(x))\t\t\t\t\tEe 17, 18-22 }\n                        24.\tEx (P -> Q(x))\t\t\t\t\t\t|e 10, 11-16, 17-23}\n                        25. (P -> Ex Q(x)) -> Ex (P -> Q(x))\t->i 1-24\n                    </proof>'}, {'role': 'user', 'content': ""Prove 'Ax ((P(x)->Q(x))&(Q(x)->P(x))) |- Ax ((~P(x)->~Q(x))&(~Q(x)->~P(x)))', using the natural deduction method. Final answer using the notation described.""}, {'role': 'assistant', 'content': ' <proof>\n                            1. Ax((P(x) -> Q(x)) & (Q(x) -> P(x))) pre\n                            2. { a\n                            3.   (P(a) -> Q(a)) & (Q(a) -> P(a)) Ae 1\n                            4.   P(a) -> Q(a) &e 3\n                            5.   Q(a) -> P(a) &e 3\n                            6.   { ~Q(a) hip\n                            7.     { P(a) hip\n                            8.       Q(a) ->e 7,4\n                            9.       @ ~e 6,8 }\n                            10.   ~P(a) ~i 7-9 }\n                            11. ~Q(a) -> ~P(a) ->i 6-10\n                            12. { ~P(a) hip\n                            13.   { Q(a) hip\n                            14.     P(a) ->e 13,5\n                            15.     @ ~e 12,14 }\n                            16.   ~Q(a) ~i 13-15 }\n                            17. ~P(a) -> ~Q(a) ->i 12-16\n                            18. (~P(a) -> ~Q(a)) & (~Q(a) -> ~P(a)) &i 17,11 }\n                            19. Ax((~P(x) -> ~Q(x)) & (~Q(x) -> ~P(x))) Ai 2-18 \n                        </proof>'}, {'role': 'user', 'content': ""Prove'Ex ~(B(x)&C(x)) |- Ex (~B(x)|~C(x))' using the natural deduction method. Only one final answer, surrounded by <proof>...</proof>, using the notation described.""}]","<proof>
                        1. Ex ~(P(x) & Q(x)) pre
                        2. { a
                        3.   ~ (P(a) & Q(a)) Ee 1
                        4.   { ~ (~P(a) | ~Q(a)) hip
                        5.     { P(a) hip
                        6.       Q(a) hip
                        7.       P(a) & Q(a) &i 5,6
                        8.       @ ~e 3,7 }
                        9.   } 
                        10.  (~P(a) | ~Q(a)) raa 4-9
                        11.  Ex(¬P(x) | ¬Q(x)) Ei 10
                        12.  Ex(¬P(x) | ¬Q(x)) Ee 1, 2-11
                    </proof>","1. Ex ~(P(x) & Q(x)) pre
                        2. { a
                        3.   ~ (P(a) & Q(a)) Ee 1
                        4.   { ~ (~P(a) | ~Q(a)) hip
                        5.     { P(a) hip
                        6.       Q(a) hip
                        7.       P(a) & Q(a) &i 5,6
                        8.       @ ~e 3,7 }
                        9.   } 
                        10.  (~P(a) | ~Q(a)) raa 4-9
                        11.  Ex(¬P(x) | ¬Q(x)) Ei 10
                        12.  Ex(¬P(x) | ¬Q(x)) Ee 1, 2-11","Os seguintes erros foram encontrados:

Uma das definições não está completa, verifique se todas regras foram aplicadas corretamente.
Lembre-se que uma regra de inferência sempre inicia com um número seguido de um . (linha de referência), tem uma fórmula e uma justificativa (premissa, hipóteses ou uma das regras de inferência com suas respectivas referências para fórmulas anteriores).
Erro de sintaxe:
                        4.   { ~ (~P(a) | ~Q(a)) hip
                        ^
",3.485381603240967,stop,1782,908
Ax ~(B(x)|C(x)) |- Ax ~B(x)&Ax ~C(x),"[{'role': 'system', 'content': ""You are an expert in logic using the Natural Deduction method.\nYou will receive one first order logic problem. Your task is to prove its validity using Natural Deduction and represent the proof in a Fitch-like notation, following these formatting instructions.\n\n### FORMAT OF PROOF LINES\nEach proof line must be structured like: '<line_number>. <formula> <origin>'\n- <line_number>: sequential integer, always ending with a dot ('1.', '2.', '3.', ...)\n- <formula>: the formula derived on that line\n- <origin>: either 'pre' (premise), 'hip' (hypothesis) or '<rule_name> <line_refs>'\n - <rule_name> and <line_refs>: \n - &e (1 line) \n - &i (2 lines) \n - ->e (2 lines) \n - ->i (1 range) \n - ~e (2 lines) \n - ~i (1 range) \n - |e (1 line + 2 ranges) \n - |i (1 line) \n - @e (1 line) \n - raa (1 range) \n - copy (1 line) \n - Ae (1 line)\n - Ai (1 range)\n - Ee (1 line + 1 range)\n - Ei (1 line)\n - <line_refs>: Must be comma-separated line numbers or ranges. Ranges denote subproofs (e.g., `->i 8-12`, `|e 4, 5-9, 10-14`)\n\n### SUBPROOFS / HYPOTHESES\nUse subproofs for hypotheses. Use curly braces '{' and '}' to open and close subproofs. \nPlace `{` immediately after the line number (e.g. '8.{ A|B hip') and `}` at the end of the final line of the subproof (e.g. '10. B @e 4}').\nNested subproofs are allowed. But a formula may only be used at a specific point if it appeared earlier in the same subproof or an outer subproof to the current subproof.\n\n### SYMBOLS & CONVENTIONS\nUse the following symbols for logical operations: \n- & = conjunction (and) \n- | = disjunction (or) \n- ~ = negation (not) \n- -> = implication (implies)\n\nQuantifiers symbols: \n Ax represents ∀x \n Ex represents ∃x\nSo formulas with ∀x and ∃x will be represented by Ax and Ex (A and E followed by the variable x). For example, Ax (H(x)->M(x)) represents ∀x (H(x)→M(x)).\n\n###CONVENTIONS\nAtoms: only uppercase letters not immediately followed by parentesis (e.g. P, Q, R).\nPredicates: uppercase letters immediately followed by parentesis (e.g. H(x), M(y), Q(a,b) ). All predicates must use parentheses.\nVariables: first letter in lowercase, can be followed by letters and numbers (e.g., x, x0, xP0).\n\n### TO CREATE NEW VARIABLE:\nFor Universal Introduction rule(Ai): open a subproof with a fresh variable not occurring in any open hypothesis.\nCreate new variable like this: '<line_number>. { <new_variable> '\n\nFor Existential Elimination rule(Ee): open a subproof with a fresh witness constant/variable. \nCreate new variable like this: '<line_number>. {<new_variable> φ[<old_variable>/<new_variable>] hip\n  Write only the final proof in <proof>...</proof> tags. Only use <proof>...</proof> tags ONCE. Only use these symbols inside the proof '&' , '->', '~', '|', '@', '(', ')', '{', '}', 'Ax', 'Ex'.\nDo not include explanations, commentary, or extra text inside and outside the <proof>...</proof> tags.\n ""}, {'role': 'user', 'content': ""Prove '|- (P->Ex Q(x))->Ex (P->Q(x))', using the natural deduction method. Final answer using the notation described. ""}, {'role': 'assistant', 'content': ' <proof>\n                        1. { \t(P -> Ex Q(x))\t\t\t\t\thip\n                        2.\t{\t~(~P | Ex Q(x))\t\t\t\t\thip\n                        3.\t\t{\tP\t\t\t\t\t\t\t\t      hip\n                        4.      Ex Q(x)               ->e 3, 1\n                        5.\t\t\t~P | Ex Q(x)\t\t\t\t\t|i 4\n                        6.\t\t\t@\t\t\t\t\t\t\t\t~e 5,2 }\t\t\n                        7.\t\t~P\t\t\t\t\t\t\t\t\t~i 3-6\n                        8.\t\t~P | Ex Q(x)\t\t\t\t\t\t|i 7\n                        9.\t\t@\t\t\t\t\t\t\t\t\t~e 8,2 }\n                        10.\t~P | Ex Q(x)        raa 2-9\n                        11.\t{\t~P\t\t\t\t\t\t\t\t\thip\n                        12.\t\t{\tP\t\t\t\t\t\t\t\thip\n                        13.\t\t\t@\t\t\t\t\t\t\t\t~e 11,12\n                        14.     Q(a)            @e 13 }\n                        15.\t\tP -> Q(a)\t\t\t\t\t\t\t->i 12-14\n                        16.\t\tEx  (P -> Q(x))\t\t\t\t\tEi 15 }\n                        17.\t{\tEx Q(x)\t\t\t\t\t\t\thip\n                        18.\t\t{ a\t\tQ(a)\t\t\t\t\t\thip\n                        19.\t\t\t{\tP\t\t\t\t\t\t\thip\n                        20.\t\t\t\tQ(a)\t\t\t\t\t\tcopie 18 }\n                        21.\t\t\tP -> Q(a)\t\t\t\t\t\t->i 19-20\n                        22.\t\t\tEx (P -> Q(x))\t\t\t\tEi 21 }\n                        23.\t\tEx (P -> Q(x))\t\t\t\t\tEe 17, 18-22 }\n                        24.\tEx (P -> Q(x))\t\t\t\t\t\t|e 10, 11-16, 17-23}\n                        25. (P -> Ex Q(x)) -> Ex (P -> Q(x))\t->i 1-24\n                    </proof>'}, {'role': 'user', 'content': ""Prove 'Ax ((P(x)->Q(x))&(Q(x)->P(x))) |- Ax ((~P(x)->~Q(x))&(~Q(x)->~P(x)))', using the natural deduction method. Final answer using the notation described.""}, {'role': 'assistant', 'content': ' <proof>\n                            1. Ax((P(x) -> Q(x)) & (Q(x) -> P(x))) pre\n                            2. { a\n                            3.   (P(a) -> Q(a)) & (Q(a) -> P(a)) Ae 1\n                            4.   P(a) -> Q(a) &e 3\n                            5.   Q(a) -> P(a) &e 3\n                            6.   { ~Q(a) hip\n                            7.     { P(a) hip\n                            8.       Q(a) ->e 7,4\n                            9.       @ ~e 6,8 }\n                            10.   ~P(a) ~i 7-9 }\n                            11. ~Q(a) -> ~P(a) ->i 6-10\n                            12. { ~P(a) hip\n                            13.   { Q(a) hip\n                            14.     P(a) ->e 13,5\n                            15.     @ ~e 12,14 }\n                            16.   ~Q(a) ~i 13-15 }\n                            17. ~P(a) -> ~Q(a) ->i 12-16\n                            18. (~P(a) -> ~Q(a)) & (~Q(a) -> ~P(a)) &i 17,11 }\n                            19. Ax((~P(x) -> ~Q(x)) & (~Q(x) -> ~P(x))) Ai 2-18 \n                        </proof>'}, {'role': 'user', 'content': ""Prove'Ax ~(B(x)|C(x)) |- Ax ~B(x)&Ax ~C(x)' using the natural deduction method. Only one final answer, surrounded by <proof>...</proof>, using the notation described.""}]","<proof>
1. Ax ~(P(x)|Q(x)) pre
2. { a
3.   ~(P(a)|Q(a)) Ae 1
4.   { P(a) hip
5.     (P(a)|Q(a)) |i 4
6.     @ ~e 5,3 }
7.   ~P(a) ~i 4-6 }
8. Ax ~P(x) Ai 2-7
9. { a
10.   ~(P(a)|Q(a)) Ae 1
11.   { Q(a) hip
12.     (P(a)|Q(a)) |i 11
13.     @ ~e 12,10 }
14.   ~Q(a) ~i 11-13 }
15. Ax ~Q(x) Ai 9-14
16. (Ax ~P(x)) & (Ax ~Q(x)) &i 8,15
</proof>","1. Ax ~(P(x)|Q(x)) pre
2. { a
3.   ~(P(a)|Q(a)) Ae 1
4.   { P(a) hip
5.     (P(a)|Q(a)) |i 4
6.     @ ~e 5,3 }
7.   ~P(a) ~i 4-6 }
8. Ax ~P(x) Ai 2-7
9. { a
10.   ~(P(a)|Q(a)) Ae 1
11.   { Q(a) hip
12.     (P(a)|Q(a)) |i 11
13.     @ ~e 12,10 }
14.   ~Q(a) ~i 11-13 }
15. Ax ~Q(x) Ai 9-14
16. (Ax ~P(x)) & (Ax ~Q(x)) &i 8,15","A demonstração está correta.
Ax ~(P(x)|Q(x)) |- Ax ~P(x)&Ax ~Q(x)

Código da demonstração no estilo Fitch em Latex:
\begin{logicproof}{6}
\forall x \lnot(P(x)\lor Q(x)) & premissa\\
\begin{subproof}
\llap{$a\quad$} &\\
\lnot(P(a)\lor Q(a)) & $\forall e$ 1\\
\begin{subproof}
P(a) & hipótese\\
P(a)\lor Q(a) & $\lor i$ 4\\
\bot & $\lnot e$ 5, 3
\end{subproof}
\lnot P(a) & $\lnot i$ 4-6
\end{subproof}
\forall x \lnot P(x) & $\forall i$ 2-7\\
\begin{subproof}
\llap{$a\quad$} &\\
\lnot(P(a)\lor Q(a)) & $\forall e$ 1\\
\begin{subproof}
Q(a) & hipótese\\
P(a)\lor Q(a) & $\lor i$ 11\\
\bot & $\lnot e$ 12, 10
\end{subproof}
\lnot Q(a) & $\lnot i$ 11-13
\end{subproof}
\forall x \lnot Q(x) & $\forall i$ 9-14\\
\forall x \lnot P(x)\land \forall x \lnot Q(x) & $\land i$ 8,15
\end{logicproof}

Código da demonstração no estilo Gentzen em Latex:
\[\infer[\!\!{\land\text{i}}]{\forall x \lnot P(x)\land \forall x \lnot Q(x)}{{\infer[\!\!{\forall\text{i}}]{\forall x \lnot P(x)}{\infer[\!\!{\lnot\text{i}^{_2}}]{\lnot P(a)}{\infer[\!\!{\lnot\text{e}}]{\bot}{{\infer[\!\!{\lor\text{i}}]{P(a)\lor Q(a)}{\big[P(a)\big]^{_{2}}}}&{\infer[\!\!\forall\text{e}]{\lnot(P(a)\lor Q(a))}{{\forall x \lnot(P(x)\lor Q(x))}}}}}}}&{\infer[\!\!{\forall\text{i}}]{\forall x \lnot Q(x)}{\infer[\!\!{\lnot\text{i}^{_4}}]{\lnot Q(a)}{\infer[\!\!{\lnot\text{e}}]{\bot}{{\infer[\!\!{\lor\text{i}}]{P(a)\lor Q(a)}{\big[Q(a)\big]^{_{4}}}}&{\infer[\!\!\forall\text{e}]{\lnot(P(a)\lor Q(a))}{{\forall x \lnot(P(x)\lor Q(x))}}}}}}}}\]
",3.023841381072998,stop,1782,818
Ax (B(x)->(C(x)&D(x))) |- Ax (B(x)->C(x)),"[{'role': 'system', 'content': ""You are an expert in logic using the Natural Deduction method.\nYou will receive one first order logic problem. Your task is to prove its validity using Natural Deduction and represent the proof in a Fitch-like notation, following these formatting instructions.\n\n### FORMAT OF PROOF LINES\nEach proof line must be structured like: '<line_number>. <formula> <origin>'\n- <line_number>: sequential integer, always ending with a dot ('1.', '2.', '3.', ...)\n- <formula>: the formula derived on that line\n- <origin>: either 'pre' (premise), 'hip' (hypothesis) or '<rule_name> <line_refs>'\n - <rule_name> and <line_refs>: \n - &e (1 line) \n - &i (2 lines) \n - ->e (2 lines) \n - ->i (1 range) \n - ~e (2 lines) \n - ~i (1 range) \n - |e (1 line + 2 ranges) \n - |i (1 line) \n - @e (1 line) \n - raa (1 range) \n - copy (1 line) \n - Ae (1 line)\n - Ai (1 range)\n - Ee (1 line + 1 range)\n - Ei (1 line)\n - <line_refs>: Must be comma-separated line numbers or ranges. Ranges denote subproofs (e.g., `->i 8-12`, `|e 4, 5-9, 10-14`)\n\n### SUBPROOFS / HYPOTHESES\nUse subproofs for hypotheses. Use curly braces '{' and '}' to open and close subproofs. \nPlace `{` immediately after the line number (e.g. '8.{ A|B hip') and `}` at the end of the final line of the subproof (e.g. '10. B @e 4}').\nNested subproofs are allowed. But a formula may only be used at a specific point if it appeared earlier in the same subproof or an outer subproof to the current subproof.\n\n### SYMBOLS & CONVENTIONS\nUse the following symbols for logical operations: \n- & = conjunction (and) \n- | = disjunction (or) \n- ~ = negation (not) \n- -> = implication (implies)\n\nQuantifiers symbols: \n Ax represents ∀x \n Ex represents ∃x\nSo formulas with ∀x and ∃x will be represented by Ax and Ex (A and E followed by the variable x). For example, Ax (H(x)->M(x)) represents ∀x (H(x)→M(x)).\n\n###CONVENTIONS\nAtoms: only uppercase letters not immediately followed by parentesis (e.g. P, Q, R).\nPredicates: uppercase letters immediately followed by parentesis (e.g. H(x), M(y), Q(a,b) ). All predicates must use parentheses.\nVariables: first letter in lowercase, can be followed by letters and numbers (e.g., x, x0, xP0).\n\n### TO CREATE NEW VARIABLE:\nFor Universal Introduction rule(Ai): open a subproof with a fresh variable not occurring in any open hypothesis.\nCreate new variable like this: '<line_number>. { <new_variable> '\n\nFor Existential Elimination rule(Ee): open a subproof with a fresh witness constant/variable. \nCreate new variable like this: '<line_number>. {<new_variable> φ[<old_variable>/<new_variable>] hip\n  Write only the final proof in <proof>...</proof> tags. Only use <proof>...</proof> tags ONCE. Only use these symbols inside the proof '&' , '->', '~', '|', '@', '(', ')', '{', '}', 'Ax', 'Ex'.\nDo not include explanations, commentary, or extra text inside and outside the <proof>...</proof> tags.\n ""}, {'role': 'user', 'content': ""Prove '|- (P->Ex Q(x))->Ex (P->Q(x))', using the natural deduction method. Final answer using the notation described. ""}, {'role': 'assistant', 'content': ' <proof>\n                        1. { \t(P -> Ex Q(x))\t\t\t\t\thip\n                        2.\t{\t~(~P | Ex Q(x))\t\t\t\t\thip\n                        3.\t\t{\tP\t\t\t\t\t\t\t\t      hip\n                        4.      Ex Q(x)               ->e 3, 1\n                        5.\t\t\t~P | Ex Q(x)\t\t\t\t\t|i 4\n                        6.\t\t\t@\t\t\t\t\t\t\t\t~e 5,2 }\t\t\n                        7.\t\t~P\t\t\t\t\t\t\t\t\t~i 3-6\n                        8.\t\t~P | Ex Q(x)\t\t\t\t\t\t|i 7\n                        9.\t\t@\t\t\t\t\t\t\t\t\t~e 8,2 }\n                        10.\t~P | Ex Q(x)        raa 2-9\n                        11.\t{\t~P\t\t\t\t\t\t\t\t\thip\n                        12.\t\t{\tP\t\t\t\t\t\t\t\thip\n                        13.\t\t\t@\t\t\t\t\t\t\t\t~e 11,12\n                        14.     Q(a)            @e 13 }\n                        15.\t\tP -> Q(a)\t\t\t\t\t\t\t->i 12-14\n                        16.\t\tEx  (P -> Q(x))\t\t\t\t\tEi 15 }\n                        17.\t{\tEx Q(x)\t\t\t\t\t\t\thip\n                        18.\t\t{ a\t\tQ(a)\t\t\t\t\t\thip\n                        19.\t\t\t{\tP\t\t\t\t\t\t\thip\n                        20.\t\t\t\tQ(a)\t\t\t\t\t\tcopie 18 }\n                        21.\t\t\tP -> Q(a)\t\t\t\t\t\t->i 19-20\n                        22.\t\t\tEx (P -> Q(x))\t\t\t\tEi 21 }\n                        23.\t\tEx (P -> Q(x))\t\t\t\t\tEe 17, 18-22 }\n                        24.\tEx (P -> Q(x))\t\t\t\t\t\t|e 10, 11-16, 17-23}\n                        25. (P -> Ex Q(x)) -> Ex (P -> Q(x))\t->i 1-24\n                    </proof>'}, {'role': 'user', 'content': ""Prove 'Ax ((P(x)->Q(x))&(Q(x)->P(x))) |- Ax ((~P(x)->~Q(x))&(~Q(x)->~P(x)))', using the natural deduction method. Final answer using the notation described.""}, {'role': 'assistant', 'content': ' <proof>\n                            1. Ax((P(x) -> Q(x)) & (Q(x) -> P(x))) pre\n                            2. { a\n                            3.   (P(a) -> Q(a)) & (Q(a) -> P(a)) Ae 1\n                            4.   P(a) -> Q(a) &e 3\n                            5.   Q(a) -> P(a) &e 3\n                            6.   { ~Q(a) hip\n                            7.     { P(a) hip\n                            8.       Q(a) ->e 7,4\n                            9.       @ ~e 6,8 }\n                            10.   ~P(a) ~i 7-9 }\n                            11. ~Q(a) -> ~P(a) ->i 6-10\n                            12. { ~P(a) hip\n                            13.   { Q(a) hip\n                            14.     P(a) ->e 13,5\n                            15.     @ ~e 12,14 }\n                            16.   ~Q(a) ~i 13-15 }\n                            17. ~P(a) -> ~Q(a) ->i 12-16\n                            18. (~P(a) -> ~Q(a)) & (~Q(a) -> ~P(a)) &i 17,11 }\n                            19. Ax((~P(x) -> ~Q(x)) & (~Q(x) -> ~P(x))) Ai 2-18 \n                        </proof>'}, {'role': 'user', 'content': ""Prove'Ax (B(x)->(C(x)&D(x))) |- Ax (B(x)->C(x))' using the natural deduction method. Only one final answer, surrounded by <proof>...</proof>, using the notation described.""}]","<proof>
                        1. Ax (P(x) -> (Q(x) & R(x))) pre
                        2. { a
                        3.   P(a) -> (Q(a) & R(a)) Ae 1
                        4.   P(a) -> Q(a) &e 3
                        5.   P(a) -> Q(a) Ai 2-4 }
                        6. Ax (P(x) -> Q(x)) Ai 2-5
                    </proof>","1. Ax (P(x) -> (Q(x) & R(x))) pre
                        2. { a
                        3.   P(a) -> (Q(a) & R(a)) Ae 1
                        4.   P(a) -> Q(a) &e 3
                        5.   P(a) -> Q(a) Ai 2-4 }
                        6. Ax (P(x) -> Q(x)) Ai 2-5","Os seguintes erros foram encontrados:

Erro de sintaxe na linha 4:
                        4.   P(a) -> Q(a) &e 3
                        ^, A fórmula referenciada na linha 4 não é conjunção.Erro de sintaxe na linha 5:
                        5.   P(a) -> Q(a) Ai 2-4 }
                                             ^, esta não é uma caixa (escopo) válida.",0.9929156303405762,stop,1785,257
Ex B(x)|Ex C(x) |- Ex (B(x)|C(x)),"[{'role': 'system', 'content': ""You are an expert in logic using the Natural Deduction method.\nYou will receive one first order logic problem. Your task is to prove its validity using Natural Deduction and represent the proof in a Fitch-like notation, following these formatting instructions.\n\n### FORMAT OF PROOF LINES\nEach proof line must be structured like: '<line_number>. <formula> <origin>'\n- <line_number>: sequential integer, always ending with a dot ('1.', '2.', '3.', ...)\n- <formula>: the formula derived on that line\n- <origin>: either 'pre' (premise), 'hip' (hypothesis) or '<rule_name> <line_refs>'\n - <rule_name> and <line_refs>: \n - &e (1 line) \n - &i (2 lines) \n - ->e (2 lines) \n - ->i (1 range) \n - ~e (2 lines) \n - ~i (1 range) \n - |e (1 line + 2 ranges) \n - |i (1 line) \n - @e (1 line) \n - raa (1 range) \n - copy (1 line) \n - Ae (1 line)\n - Ai (1 range)\n - Ee (1 line + 1 range)\n - Ei (1 line)\n - <line_refs>: Must be comma-separated line numbers or ranges. Ranges denote subproofs (e.g., `->i 8-12`, `|e 4, 5-9, 10-14`)\n\n### SUBPROOFS / HYPOTHESES\nUse subproofs for hypotheses. Use curly braces '{' and '}' to open and close subproofs. \nPlace `{` immediately after the line number (e.g. '8.{ A|B hip') and `}` at the end of the final line of the subproof (e.g. '10. B @e 4}').\nNested subproofs are allowed. But a formula may only be used at a specific point if it appeared earlier in the same subproof or an outer subproof to the current subproof.\n\n### SYMBOLS & CONVENTIONS\nUse the following symbols for logical operations: \n- & = conjunction (and) \n- | = disjunction (or) \n- ~ = negation (not) \n- -> = implication (implies)\n\nQuantifiers symbols: \n Ax represents ∀x \n Ex represents ∃x\nSo formulas with ∀x and ∃x will be represented by Ax and Ex (A and E followed by the variable x). For example, Ax (H(x)->M(x)) represents ∀x (H(x)→M(x)).\n\n###CONVENTIONS\nAtoms: only uppercase letters not immediately followed by parentesis (e.g. P, Q, R).\nPredicates: uppercase letters immediately followed by parentesis (e.g. H(x), M(y), Q(a,b) ). All predicates must use parentheses.\nVariables: first letter in lowercase, can be followed by letters and numbers (e.g., x, x0, xP0).\n\n### TO CREATE NEW VARIABLE:\nFor Universal Introduction rule(Ai): open a subproof with a fresh variable not occurring in any open hypothesis.\nCreate new variable like this: '<line_number>. { <new_variable> '\n\nFor Existential Elimination rule(Ee): open a subproof with a fresh witness constant/variable. \nCreate new variable like this: '<line_number>. {<new_variable> φ[<old_variable>/<new_variable>] hip\n  Write only the final proof in <proof>...</proof> tags. Only use <proof>...</proof> tags ONCE. Only use these symbols inside the proof '&' , '->', '~', '|', '@', '(', ')', '{', '}', 'Ax', 'Ex'.\nDo not include explanations, commentary, or extra text inside and outside the <proof>...</proof> tags.\n ""}, {'role': 'user', 'content': ""Prove '|- (P->Ex Q(x))->Ex (P->Q(x))', using the natural deduction method. Final answer using the notation described. ""}, {'role': 'assistant', 'content': ' <proof>\n                        1. { \t(P -> Ex Q(x))\t\t\t\t\thip\n                        2.\t{\t~(~P | Ex Q(x))\t\t\t\t\thip\n                        3.\t\t{\tP\t\t\t\t\t\t\t\t      hip\n                        4.      Ex Q(x)               ->e 3, 1\n                        5.\t\t\t~P | Ex Q(x)\t\t\t\t\t|i 4\n                        6.\t\t\t@\t\t\t\t\t\t\t\t~e 5,2 }\t\t\n                        7.\t\t~P\t\t\t\t\t\t\t\t\t~i 3-6\n                        8.\t\t~P | Ex Q(x)\t\t\t\t\t\t|i 7\n                        9.\t\t@\t\t\t\t\t\t\t\t\t~e 8,2 }\n                        10.\t~P | Ex Q(x)        raa 2-9\n                        11.\t{\t~P\t\t\t\t\t\t\t\t\thip\n                        12.\t\t{\tP\t\t\t\t\t\t\t\thip\n                        13.\t\t\t@\t\t\t\t\t\t\t\t~e 11,12\n                        14.     Q(a)            @e 13 }\n                        15.\t\tP -> Q(a)\t\t\t\t\t\t\t->i 12-14\n                        16.\t\tEx  (P -> Q(x))\t\t\t\t\tEi 15 }\n                        17.\t{\tEx Q(x)\t\t\t\t\t\t\thip\n                        18.\t\t{ a\t\tQ(a)\t\t\t\t\t\thip\n                        19.\t\t\t{\tP\t\t\t\t\t\t\thip\n                        20.\t\t\t\tQ(a)\t\t\t\t\t\tcopie 18 }\n                        21.\t\t\tP -> Q(a)\t\t\t\t\t\t->i 19-20\n                        22.\t\t\tEx (P -> Q(x))\t\t\t\tEi 21 }\n                        23.\t\tEx (P -> Q(x))\t\t\t\t\tEe 17, 18-22 }\n                        24.\tEx (P -> Q(x))\t\t\t\t\t\t|e 10, 11-16, 17-23}\n                        25. (P -> Ex Q(x)) -> Ex (P -> Q(x))\t->i 1-24\n                    </proof>'}, {'role': 'user', 'content': ""Prove 'Ax ((P(x)->Q(x))&(Q(x)->P(x))) |- Ax ((~P(x)->~Q(x))&(~Q(x)->~P(x)))', using the natural deduction method. Final answer using the notation described.""}, {'role': 'assistant', 'content': ' <proof>\n                            1. Ax((P(x) -> Q(x)) & (Q(x) -> P(x))) pre\n                            2. { a\n                            3.   (P(a) -> Q(a)) & (Q(a) -> P(a)) Ae 1\n                            4.   P(a) -> Q(a) &e 3\n                            5.   Q(a) -> P(a) &e 3\n                            6.   { ~Q(a) hip\n                            7.     { P(a) hip\n                            8.       Q(a) ->e 7,4\n                            9.       @ ~e 6,8 }\n                            10.   ~P(a) ~i 7-9 }\n                            11. ~Q(a) -> ~P(a) ->i 6-10\n                            12. { ~P(a) hip\n                            13.   { Q(a) hip\n                            14.     P(a) ->e 13,5\n                            15.     @ ~e 12,14 }\n                            16.   ~Q(a) ~i 13-15 }\n                            17. ~P(a) -> ~Q(a) ->i 12-16\n                            18. (~P(a) -> ~Q(a)) & (~Q(a) -> ~P(a)) &i 17,11 }\n                            19. Ax((~P(x) -> ~Q(x)) & (~Q(x) -> ~P(x))) Ai 2-18 \n                        </proof>'}, {'role': 'user', 'content': ""Prove'Ex B(x)|Ex C(x) |- Ex (B(x)|C(x))' using the natural deduction method. Only one final answer, surrounded by <proof>...</proof>, using the notation described.""}]","<proof>
                        1. Ex P(x) | Ex Q(x) pre
                        2. { Ex P(x) hip
                        3.   { a P(a) hip
                        4.     P(a) | Q(a) |i 3
                        5.     Ex (P(x) | Q(x)) Ei 4 }
                        6. { Ex Q(x) hip
                        7.   { b Q(b) hip
                        8.     P(b) | Q(b) |i 7
                        9.     Ex (P(x) | Q(x)) Ei 8 }
                        10. Ex (P(x) | Q(x)) |e 2-5,6-9 }
                    </proof>","1. Ex P(x) | Ex Q(x) pre
                        2. { Ex P(x) hip
                        3.   { a P(a) hip
                        4.     P(a) | Q(a) |i 3
                        5.     Ex (P(x) | Q(x)) Ei 4 }
                        6. { Ex Q(x) hip
                        7.   { b Q(b) hip
                        8.     P(b) | Q(b) |i 7
                        9.     Ex (P(x) | Q(x)) Ei 8 }
                        10. Ex (P(x) | Q(x)) |e 2-5,6-9 }","Os seguintes erros foram encontrados:

Uma das definições não está completa, verifique se todas regras foram aplicadas corretamente.
Lembre-se que uma regra de inferência sempre inicia com um número seguido de um . (linha de referência), tem uma fórmula e uma justificativa (premissa, hipóteses ou uma das regras de inferência com suas respectivas referências para fórmulas anteriores).
Erro de sintaxe:
                        10. Ex (P(x) | Q(x)) |e 2-5,6-9 }
                                                 ^
",1.7626287937164309,stop,1781,473
Ax B(x)&Ax C(x) |- Ax (B(x)&C(x)),"[{'role': 'system', 'content': ""You are an expert in logic using the Natural Deduction method.\nYou will receive one first order logic problem. Your task is to prove its validity using Natural Deduction and represent the proof in a Fitch-like notation, following these formatting instructions.\n\n### FORMAT OF PROOF LINES\nEach proof line must be structured like: '<line_number>. <formula> <origin>'\n- <line_number>: sequential integer, always ending with a dot ('1.', '2.', '3.', ...)\n- <formula>: the formula derived on that line\n- <origin>: either 'pre' (premise), 'hip' (hypothesis) or '<rule_name> <line_refs>'\n - <rule_name> and <line_refs>: \n - &e (1 line) \n - &i (2 lines) \n - ->e (2 lines) \n - ->i (1 range) \n - ~e (2 lines) \n - ~i (1 range) \n - |e (1 line + 2 ranges) \n - |i (1 line) \n - @e (1 line) \n - raa (1 range) \n - copy (1 line) \n - Ae (1 line)\n - Ai (1 range)\n - Ee (1 line + 1 range)\n - Ei (1 line)\n - <line_refs>: Must be comma-separated line numbers or ranges. Ranges denote subproofs (e.g., `->i 8-12`, `|e 4, 5-9, 10-14`)\n\n### SUBPROOFS / HYPOTHESES\nUse subproofs for hypotheses. Use curly braces '{' and '}' to open and close subproofs. \nPlace `{` immediately after the line number (e.g. '8.{ A|B hip') and `}` at the end of the final line of the subproof (e.g. '10. B @e 4}').\nNested subproofs are allowed. But a formula may only be used at a specific point if it appeared earlier in the same subproof or an outer subproof to the current subproof.\n\n### SYMBOLS & CONVENTIONS\nUse the following symbols for logical operations: \n- & = conjunction (and) \n- | = disjunction (or) \n- ~ = negation (not) \n- -> = implication (implies)\n\nQuantifiers symbols: \n Ax represents ∀x \n Ex represents ∃x\nSo formulas with ∀x and ∃x will be represented by Ax and Ex (A and E followed by the variable x). For example, Ax (H(x)->M(x)) represents ∀x (H(x)→M(x)).\n\n###CONVENTIONS\nAtoms: only uppercase letters not immediately followed by parentesis (e.g. P, Q, R).\nPredicates: uppercase letters immediately followed by parentesis (e.g. H(x), M(y), Q(a,b) ). All predicates must use parentheses.\nVariables: first letter in lowercase, can be followed by letters and numbers (e.g., x, x0, xP0).\n\n### TO CREATE NEW VARIABLE:\nFor Universal Introduction rule(Ai): open a subproof with a fresh variable not occurring in any open hypothesis.\nCreate new variable like this: '<line_number>. { <new_variable> '\n\nFor Existential Elimination rule(Ee): open a subproof with a fresh witness constant/variable. \nCreate new variable like this: '<line_number>. {<new_variable> φ[<old_variable>/<new_variable>] hip\n  Write only the final proof in <proof>...</proof> tags. Only use <proof>...</proof> tags ONCE. Only use these symbols inside the proof '&' , '->', '~', '|', '@', '(', ')', '{', '}', 'Ax', 'Ex'.\nDo not include explanations, commentary, or extra text inside and outside the <proof>...</proof> tags.\n ""}, {'role': 'user', 'content': ""Prove '|- (P->Ex Q(x))->Ex (P->Q(x))', using the natural deduction method. Final answer using the notation described. ""}, {'role': 'assistant', 'content': ' <proof>\n                        1. { \t(P -> Ex Q(x))\t\t\t\t\thip\n                        2.\t{\t~(~P | Ex Q(x))\t\t\t\t\thip\n                        3.\t\t{\tP\t\t\t\t\t\t\t\t      hip\n                        4.      Ex Q(x)               ->e 3, 1\n                        5.\t\t\t~P | Ex Q(x)\t\t\t\t\t|i 4\n                        6.\t\t\t@\t\t\t\t\t\t\t\t~e 5,2 }\t\t\n                        7.\t\t~P\t\t\t\t\t\t\t\t\t~i 3-6\n                        8.\t\t~P | Ex Q(x)\t\t\t\t\t\t|i 7\n                        9.\t\t@\t\t\t\t\t\t\t\t\t~e 8,2 }\n                        10.\t~P | Ex Q(x)        raa 2-9\n                        11.\t{\t~P\t\t\t\t\t\t\t\t\thip\n                        12.\t\t{\tP\t\t\t\t\t\t\t\thip\n                        13.\t\t\t@\t\t\t\t\t\t\t\t~e 11,12\n                        14.     Q(a)            @e 13 }\n                        15.\t\tP -> Q(a)\t\t\t\t\t\t\t->i 12-14\n                        16.\t\tEx  (P -> Q(x))\t\t\t\t\tEi 15 }\n                        17.\t{\tEx Q(x)\t\t\t\t\t\t\thip\n                        18.\t\t{ a\t\tQ(a)\t\t\t\t\t\thip\n                        19.\t\t\t{\tP\t\t\t\t\t\t\thip\n                        20.\t\t\t\tQ(a)\t\t\t\t\t\tcopie 18 }\n                        21.\t\t\tP -> Q(a)\t\t\t\t\t\t->i 19-20\n                        22.\t\t\tEx (P -> Q(x))\t\t\t\tEi 21 }\n                        23.\t\tEx (P -> Q(x))\t\t\t\t\tEe 17, 18-22 }\n                        24.\tEx (P -> Q(x))\t\t\t\t\t\t|e 10, 11-16, 17-23}\n                        25. (P -> Ex Q(x)) -> Ex (P -> Q(x))\t->i 1-24\n                    </proof>'}, {'role': 'user', 'content': ""Prove 'Ax ((P(x)->Q(x))&(Q(x)->P(x))) |- Ax ((~P(x)->~Q(x))&(~Q(x)->~P(x)))', using the natural deduction method. Final answer using the notation described.""}, {'role': 'assistant', 'content': ' <proof>\n                            1. Ax((P(x) -> Q(x)) & (Q(x) -> P(x))) pre\n                            2. { a\n                            3.   (P(a) -> Q(a)) & (Q(a) -> P(a)) Ae 1\n                            4.   P(a) -> Q(a) &e 3\n                            5.   Q(a) -> P(a) &e 3\n                            6.   { ~Q(a) hip\n                            7.     { P(a) hip\n                            8.       Q(a) ->e 7,4\n                            9.       @ ~e 6,8 }\n                            10.   ~P(a) ~i 7-9 }\n                            11. ~Q(a) -> ~P(a) ->i 6-10\n                            12. { ~P(a) hip\n                            13.   { Q(a) hip\n                            14.     P(a) ->e 13,5\n                            15.     @ ~e 12,14 }\n                            16.   ~Q(a) ~i 13-15 }\n                            17. ~P(a) -> ~Q(a) ->i 12-16\n                            18. (~P(a) -> ~Q(a)) & (~Q(a) -> ~P(a)) &i 17,11 }\n                            19. Ax((~P(x) -> ~Q(x)) & (~Q(x) -> ~P(x))) Ai 2-18 \n                        </proof>'}, {'role': 'user', 'content': ""Prove'Ax B(x)&Ax C(x) |- Ax (B(x)&C(x))' using the natural deduction method. Only one final answer, surrounded by <proof>...</proof>, using the notation described.""}]","<proof>
                        1. Ax P(x) pre
                        2. Ax Q(x) pre
                        3. { a
                        4.   P(a) Ae 1
                        5.   Q(a) Ae 2
                        6.   P(a)&Q(a) &i 4,5
                        7. }
                        8. Ax (P(x)&Q(x)) Ai 3-7
                    </proof>","1. Ax P(x) pre
                        2. Ax Q(x) pre
                        3. { a
                        4.   P(a) Ae 1
                        5.   Q(a) Ae 2
                        6.   P(a)&Q(a) &i 4,5
                        7. }
                        8. Ax (P(x)&Q(x)) Ai 3-7","Os seguintes erros foram encontrados:

Uma das definições não está completa, verifique se todas regras foram aplicadas corretamente.
Lembre-se que uma regra de inferência sempre inicia com um número seguido de um . (linha de referência), tem uma fórmula e uma justificativa (premissa, hipóteses ou uma das regras de inferência com suas respectivas referências para fórmulas anteriores).
Erro de sintaxe:
                        7. }
                           ^
",0.841066837310791,stop,1781,214
Ax B(x) |- ~Ex ~B(x),"[{'role': 'system', 'content': ""You are an expert in logic using the Natural Deduction method.\nYou will receive one first order logic problem. Your task is to prove its validity using Natural Deduction and represent the proof in a Fitch-like notation, following these formatting instructions.\n\n### FORMAT OF PROOF LINES\nEach proof line must be structured like: '<line_number>. <formula> <origin>'\n- <line_number>: sequential integer, always ending with a dot ('1.', '2.', '3.', ...)\n- <formula>: the formula derived on that line\n- <origin>: either 'pre' (premise), 'hip' (hypothesis) or '<rule_name> <line_refs>'\n - <rule_name> and <line_refs>: \n - &e (1 line) \n - &i (2 lines) \n - ->e (2 lines) \n - ->i (1 range) \n - ~e (2 lines) \n - ~i (1 range) \n - |e (1 line + 2 ranges) \n - |i (1 line) \n - @e (1 line) \n - raa (1 range) \n - copy (1 line) \n - Ae (1 line)\n - Ai (1 range)\n - Ee (1 line + 1 range)\n - Ei (1 line)\n - <line_refs>: Must be comma-separated line numbers or ranges. Ranges denote subproofs (e.g., `->i 8-12`, `|e 4, 5-9, 10-14`)\n\n### SUBPROOFS / HYPOTHESES\nUse subproofs for hypotheses. Use curly braces '{' and '}' to open and close subproofs. \nPlace `{` immediately after the line number (e.g. '8.{ A|B hip') and `}` at the end of the final line of the subproof (e.g. '10. B @e 4}').\nNested subproofs are allowed. But a formula may only be used at a specific point if it appeared earlier in the same subproof or an outer subproof to the current subproof.\n\n### SYMBOLS & CONVENTIONS\nUse the following symbols for logical operations: \n- & = conjunction (and) \n- | = disjunction (or) \n- ~ = negation (not) \n- -> = implication (implies)\n\nQuantifiers symbols: \n Ax represents ∀x \n Ex represents ∃x\nSo formulas with ∀x and ∃x will be represented by Ax and Ex (A and E followed by the variable x). For example, Ax (H(x)->M(x)) represents ∀x (H(x)→M(x)).\n\n###CONVENTIONS\nAtoms: only uppercase letters not immediately followed by parentesis (e.g. P, Q, R).\nPredicates: uppercase letters immediately followed by parentesis (e.g. H(x), M(y), Q(a,b) ). All predicates must use parentheses.\nVariables: first letter in lowercase, can be followed by letters and numbers (e.g., x, x0, xP0).\n\n### TO CREATE NEW VARIABLE:\nFor Universal Introduction rule(Ai): open a subproof with a fresh variable not occurring in any open hypothesis.\nCreate new variable like this: '<line_number>. { <new_variable> '\n\nFor Existential Elimination rule(Ee): open a subproof with a fresh witness constant/variable. \nCreate new variable like this: '<line_number>. {<new_variable> φ[<old_variable>/<new_variable>] hip\n  Write only the final proof in <proof>...</proof> tags. Only use <proof>...</proof> tags ONCE. Only use these symbols inside the proof '&' , '->', '~', '|', '@', '(', ')', '{', '}', 'Ax', 'Ex'.\nDo not include explanations, commentary, or extra text inside and outside the <proof>...</proof> tags.\n ""}, {'role': 'user', 'content': ""Prove '|- (P->Ex Q(x))->Ex (P->Q(x))', using the natural deduction method. Final answer using the notation described. ""}, {'role': 'assistant', 'content': ' <proof>\n                        1. { \t(P -> Ex Q(x))\t\t\t\t\thip\n                        2.\t{\t~(~P | Ex Q(x))\t\t\t\t\thip\n                        3.\t\t{\tP\t\t\t\t\t\t\t\t      hip\n                        4.      Ex Q(x)               ->e 3, 1\n                        5.\t\t\t~P | Ex Q(x)\t\t\t\t\t|i 4\n                        6.\t\t\t@\t\t\t\t\t\t\t\t~e 5,2 }\t\t\n                        7.\t\t~P\t\t\t\t\t\t\t\t\t~i 3-6\n                        8.\t\t~P | Ex Q(x)\t\t\t\t\t\t|i 7\n                        9.\t\t@\t\t\t\t\t\t\t\t\t~e 8,2 }\n                        10.\t~P | Ex Q(x)        raa 2-9\n                        11.\t{\t~P\t\t\t\t\t\t\t\t\thip\n                        12.\t\t{\tP\t\t\t\t\t\t\t\thip\n                        13.\t\t\t@\t\t\t\t\t\t\t\t~e 11,12\n                        14.     Q(a)            @e 13 }\n                        15.\t\tP -> Q(a)\t\t\t\t\t\t\t->i 12-14\n                        16.\t\tEx  (P -> Q(x))\t\t\t\t\tEi 15 }\n                        17.\t{\tEx Q(x)\t\t\t\t\t\t\thip\n                        18.\t\t{ a\t\tQ(a)\t\t\t\t\t\thip\n                        19.\t\t\t{\tP\t\t\t\t\t\t\thip\n                        20.\t\t\t\tQ(a)\t\t\t\t\t\tcopie 18 }\n                        21.\t\t\tP -> Q(a)\t\t\t\t\t\t->i 19-20\n                        22.\t\t\tEx (P -> Q(x))\t\t\t\tEi 21 }\n                        23.\t\tEx (P -> Q(x))\t\t\t\t\tEe 17, 18-22 }\n                        24.\tEx (P -> Q(x))\t\t\t\t\t\t|e 10, 11-16, 17-23}\n                        25. (P -> Ex Q(x)) -> Ex (P -> Q(x))\t->i 1-24\n                    </proof>'}, {'role': 'user', 'content': ""Prove 'Ax ((P(x)->Q(x))&(Q(x)->P(x))) |- Ax ((~P(x)->~Q(x))&(~Q(x)->~P(x)))', using the natural deduction method. Final answer using the notation described.""}, {'role': 'assistant', 'content': ' <proof>\n                            1. Ax((P(x) -> Q(x)) & (Q(x) -> P(x))) pre\n                            2. { a\n                            3.   (P(a) -> Q(a)) & (Q(a) -> P(a)) Ae 1\n                            4.   P(a) -> Q(a) &e 3\n                            5.   Q(a) -> P(a) &e 3\n                            6.   { ~Q(a) hip\n                            7.     { P(a) hip\n                            8.       Q(a) ->e 7,4\n                            9.       @ ~e 6,8 }\n                            10.   ~P(a) ~i 7-9 }\n                            11. ~Q(a) -> ~P(a) ->i 6-10\n                            12. { ~P(a) hip\n                            13.   { Q(a) hip\n                            14.     P(a) ->e 13,5\n                            15.     @ ~e 12,14 }\n                            16.   ~Q(a) ~i 13-15 }\n                            17. ~P(a) -> ~Q(a) ->i 12-16\n                            18. (~P(a) -> ~Q(a)) & (~Q(a) -> ~P(a)) &i 17,11 }\n                            19. Ax((~P(x) -> ~Q(x)) & (~Q(x) -> ~P(x))) Ai 2-18 \n                        </proof>'}, {'role': 'user', 'content': ""Prove'Ax B(x) |- ~Ex ~B(x)' using the natural deduction method. Only one final answer, surrounded by <proof>...</proof>, using the notation described.""}]","<proof>
1. Ax P(x) pre
2. { ∃x ~P(x) hip
3.   { a ~P(a) Ee 2
4.     P(a) Ae 1
5.     @ ~e 3,4 }
6.   @ ~i 3-5 }
7. ¬∃x ~P(x) ~i 2-6
</proof>","1. Ax P(x) pre
2. { ∃x ~P(x) hip
3.   { a ~P(a) Ee 2
4.     P(a) Ae 1
5.     @ ~e 3,4 }
6.   @ ~i 3-5 }
7. ¬∃x ~P(x) ~i 2-6","Os seguintes erros foram encontrados:

Uma das definições não está completa, verifique se todas regras foram aplicadas corretamente.
Lembre-se que uma regra de inferência sempre inicia com um número seguido de um . (linha de referência), tem uma fórmula e uma justificativa (premissa, hipóteses ou uma das regras de inferência com suas respectivas referências para fórmulas anteriores).
Erro de sintaxe:
2. { ∃x ~P(x) hip
     ^ Símbolo não pertence a linguagem.
",2.957805633544922,stop,1774,754
~Ex ~B(x) |- Ax B(x),"[{'role': 'system', 'content': ""You are an expert in logic using the Natural Deduction method.\nYou will receive one first order logic problem. Your task is to prove its validity using Natural Deduction and represent the proof in a Fitch-like notation, following these formatting instructions.\n\n### FORMAT OF PROOF LINES\nEach proof line must be structured like: '<line_number>. <formula> <origin>'\n- <line_number>: sequential integer, always ending with a dot ('1.', '2.', '3.', ...)\n- <formula>: the formula derived on that line\n- <origin>: either 'pre' (premise), 'hip' (hypothesis) or '<rule_name> <line_refs>'\n - <rule_name> and <line_refs>: \n - &e (1 line) \n - &i (2 lines) \n - ->e (2 lines) \n - ->i (1 range) \n - ~e (2 lines) \n - ~i (1 range) \n - |e (1 line + 2 ranges) \n - |i (1 line) \n - @e (1 line) \n - raa (1 range) \n - copy (1 line) \n - Ae (1 line)\n - Ai (1 range)\n - Ee (1 line + 1 range)\n - Ei (1 line)\n - <line_refs>: Must be comma-separated line numbers or ranges. Ranges denote subproofs (e.g., `->i 8-12`, `|e 4, 5-9, 10-14`)\n\n### SUBPROOFS / HYPOTHESES\nUse subproofs for hypotheses. Use curly braces '{' and '}' to open and close subproofs. \nPlace `{` immediately after the line number (e.g. '8.{ A|B hip') and `}` at the end of the final line of the subproof (e.g. '10. B @e 4}').\nNested subproofs are allowed. But a formula may only be used at a specific point if it appeared earlier in the same subproof or an outer subproof to the current subproof.\n\n### SYMBOLS & CONVENTIONS\nUse the following symbols for logical operations: \n- & = conjunction (and) \n- | = disjunction (or) \n- ~ = negation (not) \n- -> = implication (implies)\n\nQuantifiers symbols: \n Ax represents ∀x \n Ex represents ∃x\nSo formulas with ∀x and ∃x will be represented by Ax and Ex (A and E followed by the variable x). For example, Ax (H(x)->M(x)) represents ∀x (H(x)→M(x)).\n\n###CONVENTIONS\nAtoms: only uppercase letters not immediately followed by parentesis (e.g. P, Q, R).\nPredicates: uppercase letters immediately followed by parentesis (e.g. H(x), M(y), Q(a,b) ). All predicates must use parentheses.\nVariables: first letter in lowercase, can be followed by letters and numbers (e.g., x, x0, xP0).\n\n### TO CREATE NEW VARIABLE:\nFor Universal Introduction rule(Ai): open a subproof with a fresh variable not occurring in any open hypothesis.\nCreate new variable like this: '<line_number>. { <new_variable> '\n\nFor Existential Elimination rule(Ee): open a subproof with a fresh witness constant/variable. \nCreate new variable like this: '<line_number>. {<new_variable> φ[<old_variable>/<new_variable>] hip\n  Write only the final proof in <proof>...</proof> tags. Only use <proof>...</proof> tags ONCE. Only use these symbols inside the proof '&' , '->', '~', '|', '@', '(', ')', '{', '}', 'Ax', 'Ex'.\nDo not include explanations, commentary, or extra text inside and outside the <proof>...</proof> tags.\n ""}, {'role': 'user', 'content': ""Prove '|- (P->Ex Q(x))->Ex (P->Q(x))', using the natural deduction method. Final answer using the notation described. ""}, {'role': 'assistant', 'content': ' <proof>\n                        1. { \t(P -> Ex Q(x))\t\t\t\t\thip\n                        2.\t{\t~(~P | Ex Q(x))\t\t\t\t\thip\n                        3.\t\t{\tP\t\t\t\t\t\t\t\t      hip\n                        4.      Ex Q(x)               ->e 3, 1\n                        5.\t\t\t~P | Ex Q(x)\t\t\t\t\t|i 4\n                        6.\t\t\t@\t\t\t\t\t\t\t\t~e 5,2 }\t\t\n                        7.\t\t~P\t\t\t\t\t\t\t\t\t~i 3-6\n                        8.\t\t~P | Ex Q(x)\t\t\t\t\t\t|i 7\n                        9.\t\t@\t\t\t\t\t\t\t\t\t~e 8,2 }\n                        10.\t~P | Ex Q(x)        raa 2-9\n                        11.\t{\t~P\t\t\t\t\t\t\t\t\thip\n                        12.\t\t{\tP\t\t\t\t\t\t\t\thip\n                        13.\t\t\t@\t\t\t\t\t\t\t\t~e 11,12\n                        14.     Q(a)            @e 13 }\n                        15.\t\tP -> Q(a)\t\t\t\t\t\t\t->i 12-14\n                        16.\t\tEx  (P -> Q(x))\t\t\t\t\tEi 15 }\n                        17.\t{\tEx Q(x)\t\t\t\t\t\t\thip\n                        18.\t\t{ a\t\tQ(a)\t\t\t\t\t\thip\n                        19.\t\t\t{\tP\t\t\t\t\t\t\thip\n                        20.\t\t\t\tQ(a)\t\t\t\t\t\tcopie 18 }\n                        21.\t\t\tP -> Q(a)\t\t\t\t\t\t->i 19-20\n                        22.\t\t\tEx (P -> Q(x))\t\t\t\tEi 21 }\n                        23.\t\tEx (P -> Q(x))\t\t\t\t\tEe 17, 18-22 }\n                        24.\tEx (P -> Q(x))\t\t\t\t\t\t|e 10, 11-16, 17-23}\n                        25. (P -> Ex Q(x)) -> Ex (P -> Q(x))\t->i 1-24\n                    </proof>'}, {'role': 'user', 'content': ""Prove 'Ax ((P(x)->Q(x))&(Q(x)->P(x))) |- Ax ((~P(x)->~Q(x))&(~Q(x)->~P(x)))', using the natural deduction method. Final answer using the notation described.""}, {'role': 'assistant', 'content': ' <proof>\n                            1. Ax((P(x) -> Q(x)) & (Q(x) -> P(x))) pre\n                            2. { a\n                            3.   (P(a) -> Q(a)) & (Q(a) -> P(a)) Ae 1\n                            4.   P(a) -> Q(a) &e 3\n                            5.   Q(a) -> P(a) &e 3\n                            6.   { ~Q(a) hip\n                            7.     { P(a) hip\n                            8.       Q(a) ->e 7,4\n                            9.       @ ~e 6,8 }\n                            10.   ~P(a) ~i 7-9 }\n                            11. ~Q(a) -> ~P(a) ->i 6-10\n                            12. { ~P(a) hip\n                            13.   { Q(a) hip\n                            14.     P(a) ->e 13,5\n                            15.     @ ~e 12,14 }\n                            16.   ~Q(a) ~i 13-15 }\n                            17. ~P(a) -> ~Q(a) ->i 12-16\n                            18. (~P(a) -> ~Q(a)) & (~Q(a) -> ~P(a)) &i 17,11 }\n                            19. Ax((~P(x) -> ~Q(x)) & (~Q(x) -> ~P(x))) Ai 2-18 \n                        </proof>'}, {'role': 'user', 'content': ""Prove'~Ex ~B(x) |- Ax B(x)' using the natural deduction method. Only one final answer, surrounded by <proof>...</proof>, using the notation described.""}]","<proof>
                        1. ~Ex ~P(x) pre
                        2. { a
                        3.   ~P(a) hip
                        4.   Ex ~P(x) Ei 3
                        5.   @ ~e 1,4
                        6.   P(a) ~i 3-5
                        7. Ax P(x) Ai 2-6 }
                    </proof>","1. ~Ex ~P(x) pre
                        2. { a
                        3.   ~P(a) hip
                        4.   Ex ~P(x) Ei 3
                        5.   @ ~e 1,4
                        6.   P(a) ~i 3-5
                        7. Ax P(x) Ai 2-6 }","Os seguintes erros foram encontrados:

Erro de sintaxe na linha 3:
                        3.   ~P(a) hip
                                   ^, uma hipótese só pode ser usado no início de uma caixa e é introduzida apenas por uma regra de inferência.Erro de sintaxe na linha 4:
                        4.   Ex ~P(x) Ei 3
                        ^, A hipótese que foi introduzida por essa caixa dever ser descartada pela regra que a introduziu em linha imediatamente posterior ao fechamento desta caixa.Erro de sintaxe na linha 4:
                        4.   Ex ~P(x) Ei 3
                                         ^, a referência a fórmula da linha 3 não pode ser utilizada, pois esta fórmula já foi descartada.Erro de sintaxe na linha 6:
                        6.   P(a) ~i 3-5
                                     ^, esta não é uma caixa (escopo) válida.Erro de sintaxe na linha 7:
                        7. Ax P(x) Ai 2-6 }
                                      ^, esta não é uma caixa (escopo) válida.",1.4240338802337646,stop,1774,365
Ex B(x) |- ~Ax ~B(x),"[{'role': 'system', 'content': ""You are an expert in logic using the Natural Deduction method.\nYou will receive one first order logic problem. Your task is to prove its validity using Natural Deduction and represent the proof in a Fitch-like notation, following these formatting instructions.\n\n### FORMAT OF PROOF LINES\nEach proof line must be structured like: '<line_number>. <formula> <origin>'\n- <line_number>: sequential integer, always ending with a dot ('1.', '2.', '3.', ...)\n- <formula>: the formula derived on that line\n- <origin>: either 'pre' (premise), 'hip' (hypothesis) or '<rule_name> <line_refs>'\n - <rule_name> and <line_refs>: \n - &e (1 line) \n - &i (2 lines) \n - ->e (2 lines) \n - ->i (1 range) \n - ~e (2 lines) \n - ~i (1 range) \n - |e (1 line + 2 ranges) \n - |i (1 line) \n - @e (1 line) \n - raa (1 range) \n - copy (1 line) \n - Ae (1 line)\n - Ai (1 range)\n - Ee (1 line + 1 range)\n - Ei (1 line)\n - <line_refs>: Must be comma-separated line numbers or ranges. Ranges denote subproofs (e.g., `->i 8-12`, `|e 4, 5-9, 10-14`)\n\n### SUBPROOFS / HYPOTHESES\nUse subproofs for hypotheses. Use curly braces '{' and '}' to open and close subproofs. \nPlace `{` immediately after the line number (e.g. '8.{ A|B hip') and `}` at the end of the final line of the subproof (e.g. '10. B @e 4}').\nNested subproofs are allowed. But a formula may only be used at a specific point if it appeared earlier in the same subproof or an outer subproof to the current subproof.\n\n### SYMBOLS & CONVENTIONS\nUse the following symbols for logical operations: \n- & = conjunction (and) \n- | = disjunction (or) \n- ~ = negation (not) \n- -> = implication (implies)\n\nQuantifiers symbols: \n Ax represents ∀x \n Ex represents ∃x\nSo formulas with ∀x and ∃x will be represented by Ax and Ex (A and E followed by the variable x). For example, Ax (H(x)->M(x)) represents ∀x (H(x)→M(x)).\n\n###CONVENTIONS\nAtoms: only uppercase letters not immediately followed by parentesis (e.g. P, Q, R).\nPredicates: uppercase letters immediately followed by parentesis (e.g. H(x), M(y), Q(a,b) ). All predicates must use parentheses.\nVariables: first letter in lowercase, can be followed by letters and numbers (e.g., x, x0, xP0).\n\n### TO CREATE NEW VARIABLE:\nFor Universal Introduction rule(Ai): open a subproof with a fresh variable not occurring in any open hypothesis.\nCreate new variable like this: '<line_number>. { <new_variable> '\n\nFor Existential Elimination rule(Ee): open a subproof with a fresh witness constant/variable. \nCreate new variable like this: '<line_number>. {<new_variable> φ[<old_variable>/<new_variable>] hip\n  Write only the final proof in <proof>...</proof> tags. Only use <proof>...</proof> tags ONCE. Only use these symbols inside the proof '&' , '->', '~', '|', '@', '(', ')', '{', '}', 'Ax', 'Ex'.\nDo not include explanations, commentary, or extra text inside and outside the <proof>...</proof> tags.\n ""}, {'role': 'user', 'content': ""Prove '|- (P->Ex Q(x))->Ex (P->Q(x))', using the natural deduction method. Final answer using the notation described. ""}, {'role': 'assistant', 'content': ' <proof>\n                        1. { \t(P -> Ex Q(x))\t\t\t\t\thip\n                        2.\t{\t~(~P | Ex Q(x))\t\t\t\t\thip\n                        3.\t\t{\tP\t\t\t\t\t\t\t\t      hip\n                        4.      Ex Q(x)               ->e 3, 1\n                        5.\t\t\t~P | Ex Q(x)\t\t\t\t\t|i 4\n                        6.\t\t\t@\t\t\t\t\t\t\t\t~e 5,2 }\t\t\n                        7.\t\t~P\t\t\t\t\t\t\t\t\t~i 3-6\n                        8.\t\t~P | Ex Q(x)\t\t\t\t\t\t|i 7\n                        9.\t\t@\t\t\t\t\t\t\t\t\t~e 8,2 }\n                        10.\t~P | Ex Q(x)        raa 2-9\n                        11.\t{\t~P\t\t\t\t\t\t\t\t\thip\n                        12.\t\t{\tP\t\t\t\t\t\t\t\thip\n                        13.\t\t\t@\t\t\t\t\t\t\t\t~e 11,12\n                        14.     Q(a)            @e 13 }\n                        15.\t\tP -> Q(a)\t\t\t\t\t\t\t->i 12-14\n                        16.\t\tEx  (P -> Q(x))\t\t\t\t\tEi 15 }\n                        17.\t{\tEx Q(x)\t\t\t\t\t\t\thip\n                        18.\t\t{ a\t\tQ(a)\t\t\t\t\t\thip\n                        19.\t\t\t{\tP\t\t\t\t\t\t\thip\n                        20.\t\t\t\tQ(a)\t\t\t\t\t\tcopie 18 }\n                        21.\t\t\tP -> Q(a)\t\t\t\t\t\t->i 19-20\n                        22.\t\t\tEx (P -> Q(x))\t\t\t\tEi 21 }\n                        23.\t\tEx (P -> Q(x))\t\t\t\t\tEe 17, 18-22 }\n                        24.\tEx (P -> Q(x))\t\t\t\t\t\t|e 10, 11-16, 17-23}\n                        25. (P -> Ex Q(x)) -> Ex (P -> Q(x))\t->i 1-24\n                    </proof>'}, {'role': 'user', 'content': ""Prove 'Ax ((P(x)->Q(x))&(Q(x)->P(x))) |- Ax ((~P(x)->~Q(x))&(~Q(x)->~P(x)))', using the natural deduction method. Final answer using the notation described.""}, {'role': 'assistant', 'content': ' <proof>\n                            1. Ax((P(x) -> Q(x)) & (Q(x) -> P(x))) pre\n                            2. { a\n                            3.   (P(a) -> Q(a)) & (Q(a) -> P(a)) Ae 1\n                            4.   P(a) -> Q(a) &e 3\n                            5.   Q(a) -> P(a) &e 3\n                            6.   { ~Q(a) hip\n                            7.     { P(a) hip\n                            8.       Q(a) ->e 7,4\n                            9.       @ ~e 6,8 }\n                            10.   ~P(a) ~i 7-9 }\n                            11. ~Q(a) -> ~P(a) ->i 6-10\n                            12. { ~P(a) hip\n                            13.   { Q(a) hip\n                            14.     P(a) ->e 13,5\n                            15.     @ ~e 12,14 }\n                            16.   ~Q(a) ~i 13-15 }\n                            17. ~P(a) -> ~Q(a) ->i 12-16\n                            18. (~P(a) -> ~Q(a)) & (~Q(a) -> ~P(a)) &i 17,11 }\n                            19. Ax((~P(x) -> ~Q(x)) & (~Q(x) -> ~P(x))) Ai 2-18 \n                        </proof>'}, {'role': 'user', 'content': ""Prove'Ex B(x) |- ~Ax ~B(x)' using the natural deduction method. Only one final answer, surrounded by <proof>...</proof>, using the notation described.""}]","<proof>
                        1. Ex P(x) pre
                        2. { a P(a) hip
                        3.   ∀x ¬P(x) hip
                        4.     ¬P(a) Ae 3
                        5.     @ ~e 4,2
                        6. } 
                        7. ¬∀x ¬P(x) Ee 1, 2-6
                    </proof>","1. Ex P(x) pre
                        2. { a P(a) hip
                        3.   ∀x ¬P(x) hip
                        4.     ¬P(a) Ae 3
                        5.     @ ~e 4,2
                        6. } 
                        7. ¬∀x ¬P(x) Ee 1, 2-6","Os seguintes erros foram encontrados:

Uma das definições não está completa, verifique se todas regras foram aplicadas corretamente.
Lembre-se que uma regra de inferência sempre inicia com um número seguido de um . (linha de referência), tem uma fórmula e uma justificativa (premissa, hipóteses ou uma das regras de inferência com suas respectivas referências para fórmulas anteriores).
Erro de sintaxe:
                        3.   ∀x ¬P(x) hip
                             ^ Símbolo não pertence a linguagem.
",2.673175811767578,stop,1774,667
~Ax ~B(x) |- Ex B(x),"[{'role': 'system', 'content': ""You are an expert in logic using the Natural Deduction method.\nYou will receive one first order logic problem. Your task is to prove its validity using Natural Deduction and represent the proof in a Fitch-like notation, following these formatting instructions.\n\n### FORMAT OF PROOF LINES\nEach proof line must be structured like: '<line_number>. <formula> <origin>'\n- <line_number>: sequential integer, always ending with a dot ('1.', '2.', '3.', ...)\n- <formula>: the formula derived on that line\n- <origin>: either 'pre' (premise), 'hip' (hypothesis) or '<rule_name> <line_refs>'\n - <rule_name> and <line_refs>: \n - &e (1 line) \n - &i (2 lines) \n - ->e (2 lines) \n - ->i (1 range) \n - ~e (2 lines) \n - ~i (1 range) \n - |e (1 line + 2 ranges) \n - |i (1 line) \n - @e (1 line) \n - raa (1 range) \n - copy (1 line) \n - Ae (1 line)\n - Ai (1 range)\n - Ee (1 line + 1 range)\n - Ei (1 line)\n - <line_refs>: Must be comma-separated line numbers or ranges. Ranges denote subproofs (e.g., `->i 8-12`, `|e 4, 5-9, 10-14`)\n\n### SUBPROOFS / HYPOTHESES\nUse subproofs for hypotheses. Use curly braces '{' and '}' to open and close subproofs. \nPlace `{` immediately after the line number (e.g. '8.{ A|B hip') and `}` at the end of the final line of the subproof (e.g. '10. B @e 4}').\nNested subproofs are allowed. But a formula may only be used at a specific point if it appeared earlier in the same subproof or an outer subproof to the current subproof.\n\n### SYMBOLS & CONVENTIONS\nUse the following symbols for logical operations: \n- & = conjunction (and) \n- | = disjunction (or) \n- ~ = negation (not) \n- -> = implication (implies)\n\nQuantifiers symbols: \n Ax represents ∀x \n Ex represents ∃x\nSo formulas with ∀x and ∃x will be represented by Ax and Ex (A and E followed by the variable x). For example, Ax (H(x)->M(x)) represents ∀x (H(x)→M(x)).\n\n###CONVENTIONS\nAtoms: only uppercase letters not immediately followed by parentesis (e.g. P, Q, R).\nPredicates: uppercase letters immediately followed by parentesis (e.g. H(x), M(y), Q(a,b) ). All predicates must use parentheses.\nVariables: first letter in lowercase, can be followed by letters and numbers (e.g., x, x0, xP0).\n\n### TO CREATE NEW VARIABLE:\nFor Universal Introduction rule(Ai): open a subproof with a fresh variable not occurring in any open hypothesis.\nCreate new variable like this: '<line_number>. { <new_variable> '\n\nFor Existential Elimination rule(Ee): open a subproof with a fresh witness constant/variable. \nCreate new variable like this: '<line_number>. {<new_variable> φ[<old_variable>/<new_variable>] hip\n  Write only the final proof in <proof>...</proof> tags. Only use <proof>...</proof> tags ONCE. Only use these symbols inside the proof '&' , '->', '~', '|', '@', '(', ')', '{', '}', 'Ax', 'Ex'.\nDo not include explanations, commentary, or extra text inside and outside the <proof>...</proof> tags.\n ""}, {'role': 'user', 'content': ""Prove '|- (P->Ex Q(x))->Ex (P->Q(x))', using the natural deduction method. Final answer using the notation described. ""}, {'role': 'assistant', 'content': ' <proof>\n                        1. { \t(P -> Ex Q(x))\t\t\t\t\thip\n                        2.\t{\t~(~P | Ex Q(x))\t\t\t\t\thip\n                        3.\t\t{\tP\t\t\t\t\t\t\t\t      hip\n                        4.      Ex Q(x)               ->e 3, 1\n                        5.\t\t\t~P | Ex Q(x)\t\t\t\t\t|i 4\n                        6.\t\t\t@\t\t\t\t\t\t\t\t~e 5,2 }\t\t\n                        7.\t\t~P\t\t\t\t\t\t\t\t\t~i 3-6\n                        8.\t\t~P | Ex Q(x)\t\t\t\t\t\t|i 7\n                        9.\t\t@\t\t\t\t\t\t\t\t\t~e 8,2 }\n                        10.\t~P | Ex Q(x)        raa 2-9\n                        11.\t{\t~P\t\t\t\t\t\t\t\t\thip\n                        12.\t\t{\tP\t\t\t\t\t\t\t\thip\n                        13.\t\t\t@\t\t\t\t\t\t\t\t~e 11,12\n                        14.     Q(a)            @e 13 }\n                        15.\t\tP -> Q(a)\t\t\t\t\t\t\t->i 12-14\n                        16.\t\tEx  (P -> Q(x))\t\t\t\t\tEi 15 }\n                        17.\t{\tEx Q(x)\t\t\t\t\t\t\thip\n                        18.\t\t{ a\t\tQ(a)\t\t\t\t\t\thip\n                        19.\t\t\t{\tP\t\t\t\t\t\t\thip\n                        20.\t\t\t\tQ(a)\t\t\t\t\t\tcopie 18 }\n                        21.\t\t\tP -> Q(a)\t\t\t\t\t\t->i 19-20\n                        22.\t\t\tEx (P -> Q(x))\t\t\t\tEi 21 }\n                        23.\t\tEx (P -> Q(x))\t\t\t\t\tEe 17, 18-22 }\n                        24.\tEx (P -> Q(x))\t\t\t\t\t\t|e 10, 11-16, 17-23}\n                        25. (P -> Ex Q(x)) -> Ex (P -> Q(x))\t->i 1-24\n                    </proof>'}, {'role': 'user', 'content': ""Prove 'Ax ((P(x)->Q(x))&(Q(x)->P(x))) |- Ax ((~P(x)->~Q(x))&(~Q(x)->~P(x)))', using the natural deduction method. Final answer using the notation described.""}, {'role': 'assistant', 'content': ' <proof>\n                            1. Ax((P(x) -> Q(x)) & (Q(x) -> P(x))) pre\n                            2. { a\n                            3.   (P(a) -> Q(a)) & (Q(a) -> P(a)) Ae 1\n                            4.   P(a) -> Q(a) &e 3\n                            5.   Q(a) -> P(a) &e 3\n                            6.   { ~Q(a) hip\n                            7.     { P(a) hip\n                            8.       Q(a) ->e 7,4\n                            9.       @ ~e 6,8 }\n                            10.   ~P(a) ~i 7-9 }\n                            11. ~Q(a) -> ~P(a) ->i 6-10\n                            12. { ~P(a) hip\n                            13.   { Q(a) hip\n                            14.     P(a) ->e 13,5\n                            15.     @ ~e 12,14 }\n                            16.   ~Q(a) ~i 13-15 }\n                            17. ~P(a) -> ~Q(a) ->i 12-16\n                            18. (~P(a) -> ~Q(a)) & (~Q(a) -> ~P(a)) &i 17,11 }\n                            19. Ax((~P(x) -> ~Q(x)) & (~Q(x) -> ~P(x))) Ai 2-18 \n                        </proof>'}, {'role': 'user', 'content': ""Prove'~Ax ~B(x) |- Ex B(x)' using the natural deduction method. Only one final answer, surrounded by <proof>...</proof>, using the notation described.""}]","<proof>
                     1. ¬Ax¬P(x) pre
                     2. { ¬Ex P(x)} hip
                     3.   { a } Ai
                     4.     { P(a)} hip
                     5.       ∃x P(x) Exi 4
                     6.       @ ~e 2,5
                     7.     ¬P(a) ~i 4-6
                     8.   Ax¬P(x) Ai 3-7
                     9.   @ ~e 1,8
                    10. Ex P(x) raa 2-9
                </proof>","1. ¬Ax¬P(x) pre
                     2. { ¬Ex P(x)} hip
                     3.   { a } Ai
                     4.     { P(a)} hip
                     5.       ∃x P(x) Exi 4
                     6.       @ ~e 2,5
                     7.     ¬P(a) ~i 4-6
                     8.   Ax¬P(x) Ai 3-7
                     9.   @ ~e 1,8
                    10. Ex P(x) raa 2-9","Os seguintes erros foram encontrados:

Uma das definições não está completa, verifique se todas regras foram aplicadas corretamente.
Lembre-se que uma regra de inferência sempre inicia com um número seguido de um . (linha de referência), tem uma fórmula e uma justificativa (premissa, hipóteses ou uma das regras de inferência com suas respectivas referências para fórmulas anteriores).
Erro de sintaxe:
1. ¬Ax¬P(x) pre
   ^ Símbolo não pertence a linguagem.
",2.575434446334839,stop,1774,652
Ax (B(x)&C(x)) |- Ax B(x)&Ax C(x),"[{'role': 'system', 'content': ""You are an expert in logic using the Natural Deduction method.\nYou will receive one first order logic problem. Your task is to prove its validity using Natural Deduction and represent the proof in a Fitch-like notation, following these formatting instructions.\n\n### FORMAT OF PROOF LINES\nEach proof line must be structured like: '<line_number>. <formula> <origin>'\n- <line_number>: sequential integer, always ending with a dot ('1.', '2.', '3.', ...)\n- <formula>: the formula derived on that line\n- <origin>: either 'pre' (premise), 'hip' (hypothesis) or '<rule_name> <line_refs>'\n - <rule_name> and <line_refs>: \n - &e (1 line) \n - &i (2 lines) \n - ->e (2 lines) \n - ->i (1 range) \n - ~e (2 lines) \n - ~i (1 range) \n - |e (1 line + 2 ranges) \n - |i (1 line) \n - @e (1 line) \n - raa (1 range) \n - copy (1 line) \n - Ae (1 line)\n - Ai (1 range)\n - Ee (1 line + 1 range)\n - Ei (1 line)\n - <line_refs>: Must be comma-separated line numbers or ranges. Ranges denote subproofs (e.g., `->i 8-12`, `|e 4, 5-9, 10-14`)\n\n### SUBPROOFS / HYPOTHESES\nUse subproofs for hypotheses. Use curly braces '{' and '}' to open and close subproofs. \nPlace `{` immediately after the line number (e.g. '8.{ A|B hip') and `}` at the end of the final line of the subproof (e.g. '10. B @e 4}').\nNested subproofs are allowed. But a formula may only be used at a specific point if it appeared earlier in the same subproof or an outer subproof to the current subproof.\n\n### SYMBOLS & CONVENTIONS\nUse the following symbols for logical operations: \n- & = conjunction (and) \n- | = disjunction (or) \n- ~ = negation (not) \n- -> = implication (implies)\n\nQuantifiers symbols: \n Ax represents ∀x \n Ex represents ∃x\nSo formulas with ∀x and ∃x will be represented by Ax and Ex (A and E followed by the variable x). For example, Ax (H(x)->M(x)) represents ∀x (H(x)→M(x)).\n\n###CONVENTIONS\nAtoms: only uppercase letters not immediately followed by parentesis (e.g. P, Q, R).\nPredicates: uppercase letters immediately followed by parentesis (e.g. H(x), M(y), Q(a,b) ). All predicates must use parentheses.\nVariables: first letter in lowercase, can be followed by letters and numbers (e.g., x, x0, xP0).\n\n### TO CREATE NEW VARIABLE:\nFor Universal Introduction rule(Ai): open a subproof with a fresh variable not occurring in any open hypothesis.\nCreate new variable like this: '<line_number>. { <new_variable> '\n\nFor Existential Elimination rule(Ee): open a subproof with a fresh witness constant/variable. \nCreate new variable like this: '<line_number>. {<new_variable> φ[<old_variable>/<new_variable>] hip\n  Write only the final proof in <proof>...</proof> tags. Only use <proof>...</proof> tags ONCE. Only use these symbols inside the proof '&' , '->', '~', '|', '@', '(', ')', '{', '}', 'Ax', 'Ex'.\nDo not include explanations, commentary, or extra text inside and outside the <proof>...</proof> tags.\n ""}, {'role': 'user', 'content': ""Prove '|- (P->Ex Q(x))->Ex (P->Q(x))', using the natural deduction method. Final answer using the notation described. ""}, {'role': 'assistant', 'content': ' <proof>\n                        1. { \t(P -> Ex Q(x))\t\t\t\t\thip\n                        2.\t{\t~(~P | Ex Q(x))\t\t\t\t\thip\n                        3.\t\t{\tP\t\t\t\t\t\t\t\t      hip\n                        4.      Ex Q(x)               ->e 3, 1\n                        5.\t\t\t~P | Ex Q(x)\t\t\t\t\t|i 4\n                        6.\t\t\t@\t\t\t\t\t\t\t\t~e 5,2 }\t\t\n                        7.\t\t~P\t\t\t\t\t\t\t\t\t~i 3-6\n                        8.\t\t~P | Ex Q(x)\t\t\t\t\t\t|i 7\n                        9.\t\t@\t\t\t\t\t\t\t\t\t~e 8,2 }\n                        10.\t~P | Ex Q(x)        raa 2-9\n                        11.\t{\t~P\t\t\t\t\t\t\t\t\thip\n                        12.\t\t{\tP\t\t\t\t\t\t\t\thip\n                        13.\t\t\t@\t\t\t\t\t\t\t\t~e 11,12\n                        14.     Q(a)            @e 13 }\n                        15.\t\tP -> Q(a)\t\t\t\t\t\t\t->i 12-14\n                        16.\t\tEx  (P -> Q(x))\t\t\t\t\tEi 15 }\n                        17.\t{\tEx Q(x)\t\t\t\t\t\t\thip\n                        18.\t\t{ a\t\tQ(a)\t\t\t\t\t\thip\n                        19.\t\t\t{\tP\t\t\t\t\t\t\thip\n                        20.\t\t\t\tQ(a)\t\t\t\t\t\tcopie 18 }\n                        21.\t\t\tP -> Q(a)\t\t\t\t\t\t->i 19-20\n                        22.\t\t\tEx (P -> Q(x))\t\t\t\tEi 21 }\n                        23.\t\tEx (P -> Q(x))\t\t\t\t\tEe 17, 18-22 }\n                        24.\tEx (P -> Q(x))\t\t\t\t\t\t|e 10, 11-16, 17-23}\n                        25. (P -> Ex Q(x)) -> Ex (P -> Q(x))\t->i 1-24\n                    </proof>'}, {'role': 'user', 'content': ""Prove 'Ax ((P(x)->Q(x))&(Q(x)->P(x))) |- Ax ((~P(x)->~Q(x))&(~Q(x)->~P(x)))', using the natural deduction method. Final answer using the notation described.""}, {'role': 'assistant', 'content': ' <proof>\n                            1. Ax((P(x) -> Q(x)) & (Q(x) -> P(x))) pre\n                            2. { a\n                            3.   (P(a) -> Q(a)) & (Q(a) -> P(a)) Ae 1\n                            4.   P(a) -> Q(a) &e 3\n                            5.   Q(a) -> P(a) &e 3\n                            6.   { ~Q(a) hip\n                            7.     { P(a) hip\n                            8.       Q(a) ->e 7,4\n                            9.       @ ~e 6,8 }\n                            10.   ~P(a) ~i 7-9 }\n                            11. ~Q(a) -> ~P(a) ->i 6-10\n                            12. { ~P(a) hip\n                            13.   { Q(a) hip\n                            14.     P(a) ->e 13,5\n                            15.     @ ~e 12,14 }\n                            16.   ~Q(a) ~i 13-15 }\n                            17. ~P(a) -> ~Q(a) ->i 12-16\n                            18. (~P(a) -> ~Q(a)) & (~Q(a) -> ~P(a)) &i 17,11 }\n                            19. Ax((~P(x) -> ~Q(x)) & (~Q(x) -> ~P(x))) Ai 2-18 \n                        </proof>'}, {'role': 'user', 'content': ""Prove'Ax (B(x)&C(x)) |- Ax B(x)&Ax C(x)' using the natural deduction method. Only one final answer, surrounded by <proof>...</proof>, using the notation described.""}]","<proof>
                        1. Ax(P(x)&Q(x)) pre
                        2. { a
                        3.   P(a) & Q(a) Ae 1
                        4.   P(a) &e 3
                        5.   Q(a) &e 3 }
                        6. ∀xP(x) Ai 2-5
                        7. { b
                        8.   P(b) & Q(b) Ae 1
                        9.   Q(b) &e 8 }
                        10. ∀xQ(x) Ai 7-9
                        11. (∀xP(x)) & (∀xQ(x)) &i 6,10
                    </proof>","1. Ax(P(x)&Q(x)) pre
                        2. { a
                        3.   P(a) & Q(a) Ae 1
                        4.   P(a) &e 3
                        5.   Q(a) &e 3 }
                        6. ∀xP(x) Ai 2-5
                        7. { b
                        8.   P(b) & Q(b) Ae 1
                        9.   Q(b) &e 8 }
                        10. ∀xQ(x) Ai 7-9
                        11. (∀xP(x)) & (∀xQ(x)) &i 6,10","Os seguintes erros foram encontrados:

Uma das definições não está completa, verifique se todas regras foram aplicadas corretamente.
Lembre-se que uma regra de inferência sempre inicia com um número seguido de um . (linha de referência), tem uma fórmula e uma justificativa (premissa, hipóteses ou uma das regras de inferência com suas respectivas referências para fórmulas anteriores).
Erro de sintaxe:
                        6. ∀xP(x) Ai 2-5
                           ^ Símbolo não pertence a linguagem.
",1.418018817901611,stop,1780,368
"Ax Ay B(x,y) |- Ay Ax B(x,y)","[{'role': 'system', 'content': ""You are an expert in logic using the Natural Deduction method.\nYou will receive one first order logic problem. Your task is to prove its validity using Natural Deduction and represent the proof in a Fitch-like notation, following these formatting instructions.\n\n### FORMAT OF PROOF LINES\nEach proof line must be structured like: '<line_number>. <formula> <origin>'\n- <line_number>: sequential integer, always ending with a dot ('1.', '2.', '3.', ...)\n- <formula>: the formula derived on that line\n- <origin>: either 'pre' (premise), 'hip' (hypothesis) or '<rule_name> <line_refs>'\n - <rule_name> and <line_refs>: \n - &e (1 line) \n - &i (2 lines) \n - ->e (2 lines) \n - ->i (1 range) \n - ~e (2 lines) \n - ~i (1 range) \n - |e (1 line + 2 ranges) \n - |i (1 line) \n - @e (1 line) \n - raa (1 range) \n - copy (1 line) \n - Ae (1 line)\n - Ai (1 range)\n - Ee (1 line + 1 range)\n - Ei (1 line)\n - <line_refs>: Must be comma-separated line numbers or ranges. Ranges denote subproofs (e.g., `->i 8-12`, `|e 4, 5-9, 10-14`)\n\n### SUBPROOFS / HYPOTHESES\nUse subproofs for hypotheses. Use curly braces '{' and '}' to open and close subproofs. \nPlace `{` immediately after the line number (e.g. '8.{ A|B hip') and `}` at the end of the final line of the subproof (e.g. '10. B @e 4}').\nNested subproofs are allowed. But a formula may only be used at a specific point if it appeared earlier in the same subproof or an outer subproof to the current subproof.\n\n### SYMBOLS & CONVENTIONS\nUse the following symbols for logical operations: \n- & = conjunction (and) \n- | = disjunction (or) \n- ~ = negation (not) \n- -> = implication (implies)\n\nQuantifiers symbols: \n Ax represents ∀x \n Ex represents ∃x\nSo formulas with ∀x and ∃x will be represented by Ax and Ex (A and E followed by the variable x). For example, Ax (H(x)->M(x)) represents ∀x (H(x)→M(x)).\n\n###CONVENTIONS\nAtoms: only uppercase letters not immediately followed by parentesis (e.g. P, Q, R).\nPredicates: uppercase letters immediately followed by parentesis (e.g. H(x), M(y), Q(a,b) ). All predicates must use parentheses.\nVariables: first letter in lowercase, can be followed by letters and numbers (e.g., x, x0, xP0).\n\n### TO CREATE NEW VARIABLE:\nFor Universal Introduction rule(Ai): open a subproof with a fresh variable not occurring in any open hypothesis.\nCreate new variable like this: '<line_number>. { <new_variable> '\n\nFor Existential Elimination rule(Ee): open a subproof with a fresh witness constant/variable. \nCreate new variable like this: '<line_number>. {<new_variable> φ[<old_variable>/<new_variable>] hip\n  Write only the final proof in <proof>...</proof> tags. Only use <proof>...</proof> tags ONCE. Only use these symbols inside the proof '&' , '->', '~', '|', '@', '(', ')', '{', '}', 'Ax', 'Ex'.\nDo not include explanations, commentary, or extra text inside and outside the <proof>...</proof> tags.\n ""}, {'role': 'user', 'content': ""Prove '|- (P->Ex Q(x))->Ex (P->Q(x))', using the natural deduction method. Final answer using the notation described. ""}, {'role': 'assistant', 'content': ' <proof>\n                        1. { \t(P -> Ex Q(x))\t\t\t\t\thip\n                        2.\t{\t~(~P | Ex Q(x))\t\t\t\t\thip\n                        3.\t\t{\tP\t\t\t\t\t\t\t\t      hip\n                        4.      Ex Q(x)               ->e 3, 1\n                        5.\t\t\t~P | Ex Q(x)\t\t\t\t\t|i 4\n                        6.\t\t\t@\t\t\t\t\t\t\t\t~e 5,2 }\t\t\n                        7.\t\t~P\t\t\t\t\t\t\t\t\t~i 3-6\n                        8.\t\t~P | Ex Q(x)\t\t\t\t\t\t|i 7\n                        9.\t\t@\t\t\t\t\t\t\t\t\t~e 8,2 }\n                        10.\t~P | Ex Q(x)        raa 2-9\n                        11.\t{\t~P\t\t\t\t\t\t\t\t\thip\n                        12.\t\t{\tP\t\t\t\t\t\t\t\thip\n                        13.\t\t\t@\t\t\t\t\t\t\t\t~e 11,12\n                        14.     Q(a)            @e 13 }\n                        15.\t\tP -> Q(a)\t\t\t\t\t\t\t->i 12-14\n                        16.\t\tEx  (P -> Q(x))\t\t\t\t\tEi 15 }\n                        17.\t{\tEx Q(x)\t\t\t\t\t\t\thip\n                        18.\t\t{ a\t\tQ(a)\t\t\t\t\t\thip\n                        19.\t\t\t{\tP\t\t\t\t\t\t\thip\n                        20.\t\t\t\tQ(a)\t\t\t\t\t\tcopie 18 }\n                        21.\t\t\tP -> Q(a)\t\t\t\t\t\t->i 19-20\n                        22.\t\t\tEx (P -> Q(x))\t\t\t\tEi 21 }\n                        23.\t\tEx (P -> Q(x))\t\t\t\t\tEe 17, 18-22 }\n                        24.\tEx (P -> Q(x))\t\t\t\t\t\t|e 10, 11-16, 17-23}\n                        25. (P -> Ex Q(x)) -> Ex (P -> Q(x))\t->i 1-24\n                    </proof>'}, {'role': 'user', 'content': ""Prove 'Ax ((P(x)->Q(x))&(Q(x)->P(x))) |- Ax ((~P(x)->~Q(x))&(~Q(x)->~P(x)))', using the natural deduction method. Final answer using the notation described.""}, {'role': 'assistant', 'content': ' <proof>\n                            1. Ax((P(x) -> Q(x)) & (Q(x) -> P(x))) pre\n                            2. { a\n                            3.   (P(a) -> Q(a)) & (Q(a) -> P(a)) Ae 1\n                            4.   P(a) -> Q(a) &e 3\n                            5.   Q(a) -> P(a) &e 3\n                            6.   { ~Q(a) hip\n                            7.     { P(a) hip\n                            8.       Q(a) ->e 7,4\n                            9.       @ ~e 6,8 }\n                            10.   ~P(a) ~i 7-9 }\n                            11. ~Q(a) -> ~P(a) ->i 6-10\n                            12. { ~P(a) hip\n                            13.   { Q(a) hip\n                            14.     P(a) ->e 13,5\n                            15.     @ ~e 12,14 }\n                            16.   ~Q(a) ~i 13-15 }\n                            17. ~P(a) -> ~Q(a) ->i 12-16\n                            18. (~P(a) -> ~Q(a)) & (~Q(a) -> ~P(a)) &i 17,11 }\n                            19. Ax((~P(x) -> ~Q(x)) & (~Q(x) -> ~P(x))) Ai 2-18 \n                        </proof>'}, {'role': 'user', 'content': ""Prove'Ax Ay B(x,y) |- Ay Ax B(x,y)' using the natural deduction method. Only one final answer, surrounded by <proof>...</proof>, using the notation described.""}]","<proof>
                        1. AxAyP pre
                        2. { a
                        3.   Ay P(a,y) Ae 1
                        4.   { b
                        5.     P(a,b) Ae 4
                        6.   }
                        7.   ∀y P(a,y) Ai 4-5
                        8. }
                        9. ∀x∀y P(x,y) Ai 2-8
                    </proof>","1. AxAyP pre
                        2. { a
                        3.   Ay P(a,y) Ae 1
                        4.   { b
                        5.     P(a,b) Ae 4
                        6.   }
                        7.   ∀y P(a,y) Ai 4-5
                        8. }
                        9. ∀x∀y P(x,y) Ai 2-8","Os seguintes erros foram encontrados:

Uma das definições não está completa, verifique se todas regras foram aplicadas corretamente.
Lembre-se que uma regra de inferência sempre inicia com um número seguido de um . (linha de referência), tem uma fórmula e uma justificativa (premissa, hipóteses ou uma das regras de inferência com suas respectivas referências para fórmulas anteriores).
Erro de sintaxe:
                        6.   }
                             ^
",4.93021821975708,stop,1776,1298
Ax (B->C(x)) |- B->Ax C(x),"[{'role': 'system', 'content': ""You are an expert in logic using the Natural Deduction method.\nYou will receive one first order logic problem. Your task is to prove its validity using Natural Deduction and represent the proof in a Fitch-like notation, following these formatting instructions.\n\n### FORMAT OF PROOF LINES\nEach proof line must be structured like: '<line_number>. <formula> <origin>'\n- <line_number>: sequential integer, always ending with a dot ('1.', '2.', '3.', ...)\n- <formula>: the formula derived on that line\n- <origin>: either 'pre' (premise), 'hip' (hypothesis) or '<rule_name> <line_refs>'\n - <rule_name> and <line_refs>: \n - &e (1 line) \n - &i (2 lines) \n - ->e (2 lines) \n - ->i (1 range) \n - ~e (2 lines) \n - ~i (1 range) \n - |e (1 line + 2 ranges) \n - |i (1 line) \n - @e (1 line) \n - raa (1 range) \n - copy (1 line) \n - Ae (1 line)\n - Ai (1 range)\n - Ee (1 line + 1 range)\n - Ei (1 line)\n - <line_refs>: Must be comma-separated line numbers or ranges. Ranges denote subproofs (e.g., `->i 8-12`, `|e 4, 5-9, 10-14`)\n\n### SUBPROOFS / HYPOTHESES\nUse subproofs for hypotheses. Use curly braces '{' and '}' to open and close subproofs. \nPlace `{` immediately after the line number (e.g. '8.{ A|B hip') and `}` at the end of the final line of the subproof (e.g. '10. B @e 4}').\nNested subproofs are allowed. But a formula may only be used at a specific point if it appeared earlier in the same subproof or an outer subproof to the current subproof.\n\n### SYMBOLS & CONVENTIONS\nUse the following symbols for logical operations: \n- & = conjunction (and) \n- | = disjunction (or) \n- ~ = negation (not) \n- -> = implication (implies)\n\nQuantifiers symbols: \n Ax represents ∀x \n Ex represents ∃x\nSo formulas with ∀x and ∃x will be represented by Ax and Ex (A and E followed by the variable x). For example, Ax (H(x)->M(x)) represents ∀x (H(x)→M(x)).\n\n###CONVENTIONS\nAtoms: only uppercase letters not immediately followed by parentesis (e.g. P, Q, R).\nPredicates: uppercase letters immediately followed by parentesis (e.g. H(x), M(y), Q(a,b) ). All predicates must use parentheses.\nVariables: first letter in lowercase, can be followed by letters and numbers (e.g., x, x0, xP0).\n\n### TO CREATE NEW VARIABLE:\nFor Universal Introduction rule(Ai): open a subproof with a fresh variable not occurring in any open hypothesis.\nCreate new variable like this: '<line_number>. { <new_variable> '\n\nFor Existential Elimination rule(Ee): open a subproof with a fresh witness constant/variable. \nCreate new variable like this: '<line_number>. {<new_variable> φ[<old_variable>/<new_variable>] hip\n  Write only the final proof in <proof>...</proof> tags. Only use <proof>...</proof> tags ONCE. Only use these symbols inside the proof '&' , '->', '~', '|', '@', '(', ')', '{', '}', 'Ax', 'Ex'.\nDo not include explanations, commentary, or extra text inside and outside the <proof>...</proof> tags.\n ""}, {'role': 'user', 'content': ""Prove '|- (P->Ex Q(x))->Ex (P->Q(x))', using the natural deduction method. Final answer using the notation described. ""}, {'role': 'assistant', 'content': ' <proof>\n                        1. { \t(P -> Ex Q(x))\t\t\t\t\thip\n                        2.\t{\t~(~P | Ex Q(x))\t\t\t\t\thip\n                        3.\t\t{\tP\t\t\t\t\t\t\t\t      hip\n                        4.      Ex Q(x)               ->e 3, 1\n                        5.\t\t\t~P | Ex Q(x)\t\t\t\t\t|i 4\n                        6.\t\t\t@\t\t\t\t\t\t\t\t~e 5,2 }\t\t\n                        7.\t\t~P\t\t\t\t\t\t\t\t\t~i 3-6\n                        8.\t\t~P | Ex Q(x)\t\t\t\t\t\t|i 7\n                        9.\t\t@\t\t\t\t\t\t\t\t\t~e 8,2 }\n                        10.\t~P | Ex Q(x)        raa 2-9\n                        11.\t{\t~P\t\t\t\t\t\t\t\t\thip\n                        12.\t\t{\tP\t\t\t\t\t\t\t\thip\n                        13.\t\t\t@\t\t\t\t\t\t\t\t~e 11,12\n                        14.     Q(a)            @e 13 }\n                        15.\t\tP -> Q(a)\t\t\t\t\t\t\t->i 12-14\n                        16.\t\tEx  (P -> Q(x))\t\t\t\t\tEi 15 }\n                        17.\t{\tEx Q(x)\t\t\t\t\t\t\thip\n                        18.\t\t{ a\t\tQ(a)\t\t\t\t\t\thip\n                        19.\t\t\t{\tP\t\t\t\t\t\t\thip\n                        20.\t\t\t\tQ(a)\t\t\t\t\t\tcopie 18 }\n                        21.\t\t\tP -> Q(a)\t\t\t\t\t\t->i 19-20\n                        22.\t\t\tEx (P -> Q(x))\t\t\t\tEi 21 }\n                        23.\t\tEx (P -> Q(x))\t\t\t\t\tEe 17, 18-22 }\n                        24.\tEx (P -> Q(x))\t\t\t\t\t\t|e 10, 11-16, 17-23}\n                        25. (P -> Ex Q(x)) -> Ex (P -> Q(x))\t->i 1-24\n                    </proof>'}, {'role': 'user', 'content': ""Prove 'Ax ((P(x)->Q(x))&(Q(x)->P(x))) |- Ax ((~P(x)->~Q(x))&(~Q(x)->~P(x)))', using the natural deduction method. Final answer using the notation described.""}, {'role': 'assistant', 'content': ' <proof>\n                            1. Ax((P(x) -> Q(x)) & (Q(x) -> P(x))) pre\n                            2. { a\n                            3.   (P(a) -> Q(a)) & (Q(a) -> P(a)) Ae 1\n                            4.   P(a) -> Q(a) &e 3\n                            5.   Q(a) -> P(a) &e 3\n                            6.   { ~Q(a) hip\n                            7.     { P(a) hip\n                            8.       Q(a) ->e 7,4\n                            9.       @ ~e 6,8 }\n                            10.   ~P(a) ~i 7-9 }\n                            11. ~Q(a) -> ~P(a) ->i 6-10\n                            12. { ~P(a) hip\n                            13.   { Q(a) hip\n                            14.     P(a) ->e 13,5\n                            15.     @ ~e 12,14 }\n                            16.   ~Q(a) ~i 13-15 }\n                            17. ~P(a) -> ~Q(a) ->i 12-16\n                            18. (~P(a) -> ~Q(a)) & (~Q(a) -> ~P(a)) &i 17,11 }\n                            19. Ax((~P(x) -> ~Q(x)) & (~Q(x) -> ~P(x))) Ai 2-18 \n                        </proof>'}, {'role': 'user', 'content': ""Prove'Ax (B->C(x)) |- B->Ax C(x)' using the natural deduction method. Only one final answer, surrounded by <proof>...</proof>, using the notation described.""}]","<proof>
                        1. Ax(P -> Q(x)) pre
                        2. { a
                        3.   P -> Q(a) Ae 1
                        4.   { P hip
                        5.     Q(a) ->e 4,3
                        6.   }
                        7.   Ax Q(x) Ai 2-6
                        8. }
                        9. P -> Ax Q(x) ->i 4-7
                    </proof>","1. Ax(P -> Q(x)) pre
                        2. { a
                        3.   P -> Q(a) Ae 1
                        4.   { P hip
                        5.     Q(a) ->e 4,3
                        6.   }
                        7.   Ax Q(x) Ai 2-6
                        8. }
                        9. P -> Ax Q(x) ->i 4-7","Os seguintes erros foram encontrados:

Uma das definições não está completa, verifique se todas regras foram aplicadas corretamente.
Lembre-se que uma regra de inferência sempre inicia com um número seguido de um . (linha de referência), tem uma fórmula e uma justificativa (premissa, hipóteses ou uma das regras de inferência com suas respectivas referências para fórmulas anteriores).
Erro de sintaxe:
                        6.   }
                             ^
",1.4430177211761477,stop,1777,382
Ex (B(x)|C(x)) |- Ex B(x)|Ex C(x),"[{'role': 'system', 'content': ""You are an expert in logic using the Natural Deduction method.\nYou will receive one first order logic problem. Your task is to prove its validity using Natural Deduction and represent the proof in a Fitch-like notation, following these formatting instructions.\n\n### FORMAT OF PROOF LINES\nEach proof line must be structured like: '<line_number>. <formula> <origin>'\n- <line_number>: sequential integer, always ending with a dot ('1.', '2.', '3.', ...)\n- <formula>: the formula derived on that line\n- <origin>: either 'pre' (premise), 'hip' (hypothesis) or '<rule_name> <line_refs>'\n - <rule_name> and <line_refs>: \n - &e (1 line) \n - &i (2 lines) \n - ->e (2 lines) \n - ->i (1 range) \n - ~e (2 lines) \n - ~i (1 range) \n - |e (1 line + 2 ranges) \n - |i (1 line) \n - @e (1 line) \n - raa (1 range) \n - copy (1 line) \n - Ae (1 line)\n - Ai (1 range)\n - Ee (1 line + 1 range)\n - Ei (1 line)\n - <line_refs>: Must be comma-separated line numbers or ranges. Ranges denote subproofs (e.g., `->i 8-12`, `|e 4, 5-9, 10-14`)\n\n### SUBPROOFS / HYPOTHESES\nUse subproofs for hypotheses. Use curly braces '{' and '}' to open and close subproofs. \nPlace `{` immediately after the line number (e.g. '8.{ A|B hip') and `}` at the end of the final line of the subproof (e.g. '10. B @e 4}').\nNested subproofs are allowed. But a formula may only be used at a specific point if it appeared earlier in the same subproof or an outer subproof to the current subproof.\n\n### SYMBOLS & CONVENTIONS\nUse the following symbols for logical operations: \n- & = conjunction (and) \n- | = disjunction (or) \n- ~ = negation (not) \n- -> = implication (implies)\n\nQuantifiers symbols: \n Ax represents ∀x \n Ex represents ∃x\nSo formulas with ∀x and ∃x will be represented by Ax and Ex (A and E followed by the variable x). For example, Ax (H(x)->M(x)) represents ∀x (H(x)→M(x)).\n\n###CONVENTIONS\nAtoms: only uppercase letters not immediately followed by parentesis (e.g. P, Q, R).\nPredicates: uppercase letters immediately followed by parentesis (e.g. H(x), M(y), Q(a,b) ). All predicates must use parentheses.\nVariables: first letter in lowercase, can be followed by letters and numbers (e.g., x, x0, xP0).\n\n### TO CREATE NEW VARIABLE:\nFor Universal Introduction rule(Ai): open a subproof with a fresh variable not occurring in any open hypothesis.\nCreate new variable like this: '<line_number>. { <new_variable> '\n\nFor Existential Elimination rule(Ee): open a subproof with a fresh witness constant/variable. \nCreate new variable like this: '<line_number>. {<new_variable> φ[<old_variable>/<new_variable>] hip\n  Write only the final proof in <proof>...</proof> tags. Only use <proof>...</proof> tags ONCE. Only use these symbols inside the proof '&' , '->', '~', '|', '@', '(', ')', '{', '}', 'Ax', 'Ex'.\nDo not include explanations, commentary, or extra text inside and outside the <proof>...</proof> tags.\n ""}, {'role': 'user', 'content': ""Prove '|- (P->Ex Q(x))->Ex (P->Q(x))', using the natural deduction method. Final answer using the notation described. ""}, {'role': 'assistant', 'content': ' <proof>\n                        1. { \t(P -> Ex Q(x))\t\t\t\t\thip\n                        2.\t{\t~(~P | Ex Q(x))\t\t\t\t\thip\n                        3.\t\t{\tP\t\t\t\t\t\t\t\t      hip\n                        4.      Ex Q(x)               ->e 3, 1\n                        5.\t\t\t~P | Ex Q(x)\t\t\t\t\t|i 4\n                        6.\t\t\t@\t\t\t\t\t\t\t\t~e 5,2 }\t\t\n                        7.\t\t~P\t\t\t\t\t\t\t\t\t~i 3-6\n                        8.\t\t~P | Ex Q(x)\t\t\t\t\t\t|i 7\n                        9.\t\t@\t\t\t\t\t\t\t\t\t~e 8,2 }\n                        10.\t~P | Ex Q(x)        raa 2-9\n                        11.\t{\t~P\t\t\t\t\t\t\t\t\thip\n                        12.\t\t{\tP\t\t\t\t\t\t\t\thip\n                        13.\t\t\t@\t\t\t\t\t\t\t\t~e 11,12\n                        14.     Q(a)            @e 13 }\n                        15.\t\tP -> Q(a)\t\t\t\t\t\t\t->i 12-14\n                        16.\t\tEx  (P -> Q(x))\t\t\t\t\tEi 15 }\n                        17.\t{\tEx Q(x)\t\t\t\t\t\t\thip\n                        18.\t\t{ a\t\tQ(a)\t\t\t\t\t\thip\n                        19.\t\t\t{\tP\t\t\t\t\t\t\thip\n                        20.\t\t\t\tQ(a)\t\t\t\t\t\tcopie 18 }\n                        21.\t\t\tP -> Q(a)\t\t\t\t\t\t->i 19-20\n                        22.\t\t\tEx (P -> Q(x))\t\t\t\tEi 21 }\n                        23.\t\tEx (P -> Q(x))\t\t\t\t\tEe 17, 18-22 }\n                        24.\tEx (P -> Q(x))\t\t\t\t\t\t|e 10, 11-16, 17-23}\n                        25. (P -> Ex Q(x)) -> Ex (P -> Q(x))\t->i 1-24\n                    </proof>'}, {'role': 'user', 'content': ""Prove 'Ax ((P(x)->Q(x))&(Q(x)->P(x))) |- Ax ((~P(x)->~Q(x))&(~Q(x)->~P(x)))', using the natural deduction method. Final answer using the notation described.""}, {'role': 'assistant', 'content': ' <proof>\n                            1. Ax((P(x) -> Q(x)) & (Q(x) -> P(x))) pre\n                            2. { a\n                            3.   (P(a) -> Q(a)) & (Q(a) -> P(a)) Ae 1\n                            4.   P(a) -> Q(a) &e 3\n                            5.   Q(a) -> P(a) &e 3\n                            6.   { ~Q(a) hip\n                            7.     { P(a) hip\n                            8.       Q(a) ->e 7,4\n                            9.       @ ~e 6,8 }\n                            10.   ~P(a) ~i 7-9 }\n                            11. ~Q(a) -> ~P(a) ->i 6-10\n                            12. { ~P(a) hip\n                            13.   { Q(a) hip\n                            14.     P(a) ->e 13,5\n                            15.     @ ~e 12,14 }\n                            16.   ~Q(a) ~i 13-15 }\n                            17. ~P(a) -> ~Q(a) ->i 12-16\n                            18. (~P(a) -> ~Q(a)) & (~Q(a) -> ~P(a)) &i 17,11 }\n                            19. Ax((~P(x) -> ~Q(x)) & (~Q(x) -> ~P(x))) Ai 2-18 \n                        </proof>'}, {'role': 'user', 'content': ""Prove'Ex (B(x)|C(x)) |- Ex B(x)|Ex C(x)' using the natural deduction method. Only one final answer, surrounded by <proof>...</proof>, using the notation described.""}]","<proof>
1. Ex(P(x)|Q(x)) pre
2.{ a   P(a)|Q(a) hip
3.   { P(a) hip
4.     Ex P(x) Ei 3
5.   }
6.   { Q(a) hip
7.     Ex Q(x) Ei 6
8.   }
9.   (Ex P(x)) | (Ex Q(x)) |e 2-5,6-8}
10. Ex P(x)|Ex Q(x) Ee 1,2-9
</proof>","1. Ex(P(x)|Q(x)) pre
2.{ a   P(a)|Q(a) hip
3.   { P(a) hip
4.     Ex P(x) Ei 3
5.   }
6.   { Q(a) hip
7.     Ex Q(x) Ei 6
8.   }
9.   (Ex P(x)) | (Ex Q(x)) |e 2-5,6-8}
10. Ex P(x)|Ex Q(x) Ee 1,2-9","Os seguintes erros foram encontrados:

Uma das definições não está completa, verifique se todas regras foram aplicadas corretamente.
Lembre-se que uma regra de inferência sempre inicia com um número seguido de um . (linha de referência), tem uma fórmula e uma justificativa (premissa, hipóteses ou uma das regras de inferência com suas respectivas referências para fórmulas anteriores).
Erro de sintaxe:
5.   }
     ^
",3.721843242645264,stop,1780,1003
~Ax B(x) |- Ex ~B(x),"[{'role': 'system', 'content': ""You are an expert in logic using the Natural Deduction method.\nYou will receive one first order logic problem. Your task is to prove its validity using Natural Deduction and represent the proof in a Fitch-like notation, following these formatting instructions.\n\n### FORMAT OF PROOF LINES\nEach proof line must be structured like: '<line_number>. <formula> <origin>'\n- <line_number>: sequential integer, always ending with a dot ('1.', '2.', '3.', ...)\n- <formula>: the formula derived on that line\n- <origin>: either 'pre' (premise), 'hip' (hypothesis) or '<rule_name> <line_refs>'\n - <rule_name> and <line_refs>: \n - &e (1 line) \n - &i (2 lines) \n - ->e (2 lines) \n - ->i (1 range) \n - ~e (2 lines) \n - ~i (1 range) \n - |e (1 line + 2 ranges) \n - |i (1 line) \n - @e (1 line) \n - raa (1 range) \n - copy (1 line) \n - Ae (1 line)\n - Ai (1 range)\n - Ee (1 line + 1 range)\n - Ei (1 line)\n - <line_refs>: Must be comma-separated line numbers or ranges. Ranges denote subproofs (e.g., `->i 8-12`, `|e 4, 5-9, 10-14`)\n\n### SUBPROOFS / HYPOTHESES\nUse subproofs for hypotheses. Use curly braces '{' and '}' to open and close subproofs. \nPlace `{` immediately after the line number (e.g. '8.{ A|B hip') and `}` at the end of the final line of the subproof (e.g. '10. B @e 4}').\nNested subproofs are allowed. But a formula may only be used at a specific point if it appeared earlier in the same subproof or an outer subproof to the current subproof.\n\n### SYMBOLS & CONVENTIONS\nUse the following symbols for logical operations: \n- & = conjunction (and) \n- | = disjunction (or) \n- ~ = negation (not) \n- -> = implication (implies)\n\nQuantifiers symbols: \n Ax represents ∀x \n Ex represents ∃x\nSo formulas with ∀x and ∃x will be represented by Ax and Ex (A and E followed by the variable x). For example, Ax (H(x)->M(x)) represents ∀x (H(x)→M(x)).\n\n###CONVENTIONS\nAtoms: only uppercase letters not immediately followed by parentesis (e.g. P, Q, R).\nPredicates: uppercase letters immediately followed by parentesis (e.g. H(x), M(y), Q(a,b) ). All predicates must use parentheses.\nVariables: first letter in lowercase, can be followed by letters and numbers (e.g., x, x0, xP0).\n\n### TO CREATE NEW VARIABLE:\nFor Universal Introduction rule(Ai): open a subproof with a fresh variable not occurring in any open hypothesis.\nCreate new variable like this: '<line_number>. { <new_variable> '\n\nFor Existential Elimination rule(Ee): open a subproof with a fresh witness constant/variable. \nCreate new variable like this: '<line_number>. {<new_variable> φ[<old_variable>/<new_variable>] hip\n  Write only the final proof in <proof>...</proof> tags. Only use <proof>...</proof> tags ONCE. Only use these symbols inside the proof '&' , '->', '~', '|', '@', '(', ')', '{', '}', 'Ax', 'Ex'.\nDo not include explanations, commentary, or extra text inside and outside the <proof>...</proof> tags.\n ""}, {'role': 'user', 'content': ""Prove '|- (P->Ex Q(x))->Ex (P->Q(x))', using the natural deduction method. Final answer using the notation described. ""}, {'role': 'assistant', 'content': ' <proof>\n                        1. { \t(P -> Ex Q(x))\t\t\t\t\thip\n                        2.\t{\t~(~P | Ex Q(x))\t\t\t\t\thip\n                        3.\t\t{\tP\t\t\t\t\t\t\t\t      hip\n                        4.      Ex Q(x)               ->e 3, 1\n                        5.\t\t\t~P | Ex Q(x)\t\t\t\t\t|i 4\n                        6.\t\t\t@\t\t\t\t\t\t\t\t~e 5,2 }\t\t\n                        7.\t\t~P\t\t\t\t\t\t\t\t\t~i 3-6\n                        8.\t\t~P | Ex Q(x)\t\t\t\t\t\t|i 7\n                        9.\t\t@\t\t\t\t\t\t\t\t\t~e 8,2 }\n                        10.\t~P | Ex Q(x)        raa 2-9\n                        11.\t{\t~P\t\t\t\t\t\t\t\t\thip\n                        12.\t\t{\tP\t\t\t\t\t\t\t\thip\n                        13.\t\t\t@\t\t\t\t\t\t\t\t~e 11,12\n                        14.     Q(a)            @e 13 }\n                        15.\t\tP -> Q(a)\t\t\t\t\t\t\t->i 12-14\n                        16.\t\tEx  (P -> Q(x))\t\t\t\t\tEi 15 }\n                        17.\t{\tEx Q(x)\t\t\t\t\t\t\thip\n                        18.\t\t{ a\t\tQ(a)\t\t\t\t\t\thip\n                        19.\t\t\t{\tP\t\t\t\t\t\t\thip\n                        20.\t\t\t\tQ(a)\t\t\t\t\t\tcopie 18 }\n                        21.\t\t\tP -> Q(a)\t\t\t\t\t\t->i 19-20\n                        22.\t\t\tEx (P -> Q(x))\t\t\t\tEi 21 }\n                        23.\t\tEx (P -> Q(x))\t\t\t\t\tEe 17, 18-22 }\n                        24.\tEx (P -> Q(x))\t\t\t\t\t\t|e 10, 11-16, 17-23}\n                        25. (P -> Ex Q(x)) -> Ex (P -> Q(x))\t->i 1-24\n                    </proof>'}, {'role': 'user', 'content': ""Prove 'Ax ((P(x)->Q(x))&(Q(x)->P(x))) |- Ax ((~P(x)->~Q(x))&(~Q(x)->~P(x)))', using the natural deduction method. Final answer using the notation described.""}, {'role': 'assistant', 'content': ' <proof>\n                            1. Ax((P(x) -> Q(x)) & (Q(x) -> P(x))) pre\n                            2. { a\n                            3.   (P(a) -> Q(a)) & (Q(a) -> P(a)) Ae 1\n                            4.   P(a) -> Q(a) &e 3\n                            5.   Q(a) -> P(a) &e 3\n                            6.   { ~Q(a) hip\n                            7.     { P(a) hip\n                            8.       Q(a) ->e 7,4\n                            9.       @ ~e 6,8 }\n                            10.   ~P(a) ~i 7-9 }\n                            11. ~Q(a) -> ~P(a) ->i 6-10\n                            12. { ~P(a) hip\n                            13.   { Q(a) hip\n                            14.     P(a) ->e 13,5\n                            15.     @ ~e 12,14 }\n                            16.   ~Q(a) ~i 13-15 }\n                            17. ~P(a) -> ~Q(a) ->i 12-16\n                            18. (~P(a) -> ~Q(a)) & (~Q(a) -> ~P(a)) &i 17,11 }\n                            19. Ax((~P(x) -> ~Q(x)) & (~Q(x) -> ~P(x))) Ai 2-18 \n                        </proof>'}, {'role': 'user', 'content': ""Prove'~Ax B(x) |- Ex ~B(x)' using the natural deduction method. Only one final answer, surrounded by <proof>...</proof>, using the notation described.""}]","<proof>
                        1. ~Ax P(x) pre
                        2. { ~Ex ~P(x) hip
                        3.   { a
                        4.     { ~P(a) hip
                        5.       Ex ~P(x) Ei 4
                        6.       @ ~e 2,5 }
                        7.     P(a) ~i 4-6 }
                        8.   Ax P(x) Ai 3-7
                        9.   @ ~e 1,8 }
                        10. Ex ~P(x) raa 2-9
                    </proof>","1. ~Ax P(x) pre
                        2. { ~Ex ~P(x) hip
                        3.   { a
                        4.     { ~P(a) hip
                        5.       Ex ~P(x) Ei 4
                        6.       @ ~e 2,5 }
                        7.     P(a) ~i 4-6 }
                        8.   Ax P(x) Ai 3-7
                        9.   @ ~e 1,8 }
                        10. Ex ~P(x) raa 2-9","Os seguintes erros foram encontrados:

Erro de sintaxe na linha 7:
                        7.     P(a) ~i 4-6 }
                        ^, A fórmula P(a) não é um resultado válido para esta regra.",1.9997589588165283,stop,1774,514
Ex ~B(x) |- ~Ax B(x),"[{'role': 'system', 'content': ""You are an expert in logic using the Natural Deduction method.\nYou will receive one first order logic problem. Your task is to prove its validity using Natural Deduction and represent the proof in a Fitch-like notation, following these formatting instructions.\n\n### FORMAT OF PROOF LINES\nEach proof line must be structured like: '<line_number>. <formula> <origin>'\n- <line_number>: sequential integer, always ending with a dot ('1.', '2.', '3.', ...)\n- <formula>: the formula derived on that line\n- <origin>: either 'pre' (premise), 'hip' (hypothesis) or '<rule_name> <line_refs>'\n - <rule_name> and <line_refs>: \n - &e (1 line) \n - &i (2 lines) \n - ->e (2 lines) \n - ->i (1 range) \n - ~e (2 lines) \n - ~i (1 range) \n - |e (1 line + 2 ranges) \n - |i (1 line) \n - @e (1 line) \n - raa (1 range) \n - copy (1 line) \n - Ae (1 line)\n - Ai (1 range)\n - Ee (1 line + 1 range)\n - Ei (1 line)\n - <line_refs>: Must be comma-separated line numbers or ranges. Ranges denote subproofs (e.g., `->i 8-12`, `|e 4, 5-9, 10-14`)\n\n### SUBPROOFS / HYPOTHESES\nUse subproofs for hypotheses. Use curly braces '{' and '}' to open and close subproofs. \nPlace `{` immediately after the line number (e.g. '8.{ A|B hip') and `}` at the end of the final line of the subproof (e.g. '10. B @e 4}').\nNested subproofs are allowed. But a formula may only be used at a specific point if it appeared earlier in the same subproof or an outer subproof to the current subproof.\n\n### SYMBOLS & CONVENTIONS\nUse the following symbols for logical operations: \n- & = conjunction (and) \n- | = disjunction (or) \n- ~ = negation (not) \n- -> = implication (implies)\n\nQuantifiers symbols: \n Ax represents ∀x \n Ex represents ∃x\nSo formulas with ∀x and ∃x will be represented by Ax and Ex (A and E followed by the variable x). For example, Ax (H(x)->M(x)) represents ∀x (H(x)→M(x)).\n\n###CONVENTIONS\nAtoms: only uppercase letters not immediately followed by parentesis (e.g. P, Q, R).\nPredicates: uppercase letters immediately followed by parentesis (e.g. H(x), M(y), Q(a,b) ). All predicates must use parentheses.\nVariables: first letter in lowercase, can be followed by letters and numbers (e.g., x, x0, xP0).\n\n### TO CREATE NEW VARIABLE:\nFor Universal Introduction rule(Ai): open a subproof with a fresh variable not occurring in any open hypothesis.\nCreate new variable like this: '<line_number>. { <new_variable> '\n\nFor Existential Elimination rule(Ee): open a subproof with a fresh witness constant/variable. \nCreate new variable like this: '<line_number>. {<new_variable> φ[<old_variable>/<new_variable>] hip\n  Write only the final proof in <proof>...</proof> tags. Only use <proof>...</proof> tags ONCE. Only use these symbols inside the proof '&' , '->', '~', '|', '@', '(', ')', '{', '}', 'Ax', 'Ex'.\nDo not include explanations, commentary, or extra text inside and outside the <proof>...</proof> tags.\n ""}, {'role': 'user', 'content': ""Prove '|- (P->Ex Q(x))->Ex (P->Q(x))', using the natural deduction method. Final answer using the notation described. ""}, {'role': 'assistant', 'content': ' <proof>\n                        1. { \t(P -> Ex Q(x))\t\t\t\t\thip\n                        2.\t{\t~(~P | Ex Q(x))\t\t\t\t\thip\n                        3.\t\t{\tP\t\t\t\t\t\t\t\t      hip\n                        4.      Ex Q(x)               ->e 3, 1\n                        5.\t\t\t~P | Ex Q(x)\t\t\t\t\t|i 4\n                        6.\t\t\t@\t\t\t\t\t\t\t\t~e 5,2 }\t\t\n                        7.\t\t~P\t\t\t\t\t\t\t\t\t~i 3-6\n                        8.\t\t~P | Ex Q(x)\t\t\t\t\t\t|i 7\n                        9.\t\t@\t\t\t\t\t\t\t\t\t~e 8,2 }\n                        10.\t~P | Ex Q(x)        raa 2-9\n                        11.\t{\t~P\t\t\t\t\t\t\t\t\thip\n                        12.\t\t{\tP\t\t\t\t\t\t\t\thip\n                        13.\t\t\t@\t\t\t\t\t\t\t\t~e 11,12\n                        14.     Q(a)            @e 13 }\n                        15.\t\tP -> Q(a)\t\t\t\t\t\t\t->i 12-14\n                        16.\t\tEx  (P -> Q(x))\t\t\t\t\tEi 15 }\n                        17.\t{\tEx Q(x)\t\t\t\t\t\t\thip\n                        18.\t\t{ a\t\tQ(a)\t\t\t\t\t\thip\n                        19.\t\t\t{\tP\t\t\t\t\t\t\thip\n                        20.\t\t\t\tQ(a)\t\t\t\t\t\tcopie 18 }\n                        21.\t\t\tP -> Q(a)\t\t\t\t\t\t->i 19-20\n                        22.\t\t\tEx (P -> Q(x))\t\t\t\tEi 21 }\n                        23.\t\tEx (P -> Q(x))\t\t\t\t\tEe 17, 18-22 }\n                        24.\tEx (P -> Q(x))\t\t\t\t\t\t|e 10, 11-16, 17-23}\n                        25. (P -> Ex Q(x)) -> Ex (P -> Q(x))\t->i 1-24\n                    </proof>'}, {'role': 'user', 'content': ""Prove 'Ax ((P(x)->Q(x))&(Q(x)->P(x))) |- Ax ((~P(x)->~Q(x))&(~Q(x)->~P(x)))', using the natural deduction method. Final answer using the notation described.""}, {'role': 'assistant', 'content': ' <proof>\n                            1. Ax((P(x) -> Q(x)) & (Q(x) -> P(x))) pre\n                            2. { a\n                            3.   (P(a) -> Q(a)) & (Q(a) -> P(a)) Ae 1\n                            4.   P(a) -> Q(a) &e 3\n                            5.   Q(a) -> P(a) &e 3\n                            6.   { ~Q(a) hip\n                            7.     { P(a) hip\n                            8.       Q(a) ->e 7,4\n                            9.       @ ~e 6,8 }\n                            10.   ~P(a) ~i 7-9 }\n                            11. ~Q(a) -> ~P(a) ->i 6-10\n                            12. { ~P(a) hip\n                            13.   { Q(a) hip\n                            14.     P(a) ->e 13,5\n                            15.     @ ~e 12,14 }\n                            16.   ~Q(a) ~i 13-15 }\n                            17. ~P(a) -> ~Q(a) ->i 12-16\n                            18. (~P(a) -> ~Q(a)) & (~Q(a) -> ~P(a)) &i 17,11 }\n                            19. Ax((~P(x) -> ~Q(x)) & (~Q(x) -> ~P(x))) Ai 2-18 \n                        </proof>'}, {'role': 'user', 'content': ""Prove'Ex ~B(x) |- ~Ax B(x)' using the natural deduction method. Only one final answer, surrounded by <proof>...</proof>, using the notation described.""}]","<proof>
1. Ex ~P(x) pre
2. { ∀x P(x) hip
3.   { a
4.     ~P(a) hip
5.     P(a) Ae 2
6.     @ ~e 4,5
7.   }
8. ¬∀x P(x) ~i 2-6
</proof>","1. Ex ~P(x) pre
2. { ∀x P(x) hip
3.   { a
4.     ~P(a) hip
5.     P(a) Ae 2
6.     @ ~e 4,5
7.   }
8. ¬∀x P(x) ~i 2-6","Os seguintes erros foram encontrados:

Uma das definições não está completa, verifique se todas regras foram aplicadas corretamente.
Lembre-se que uma regra de inferência sempre inicia com um número seguido de um . (linha de referência), tem uma fórmula e uma justificativa (premissa, hipóteses ou uma das regras de inferência com suas respectivas referências para fórmulas anteriores).
Erro de sintaxe:
2. { ∀x P(x) hip
     ^ Símbolo não pertence a linguagem.
",3.381721973419189,stop,1774,890
~Ex B(x) |- Ax ~B(x),"[{'role': 'system', 'content': ""You are an expert in logic using the Natural Deduction method.\nYou will receive one first order logic problem. Your task is to prove its validity using Natural Deduction and represent the proof in a Fitch-like notation, following these formatting instructions.\n\n### FORMAT OF PROOF LINES\nEach proof line must be structured like: '<line_number>. <formula> <origin>'\n- <line_number>: sequential integer, always ending with a dot ('1.', '2.', '3.', ...)\n- <formula>: the formula derived on that line\n- <origin>: either 'pre' (premise), 'hip' (hypothesis) or '<rule_name> <line_refs>'\n - <rule_name> and <line_refs>: \n - &e (1 line) \n - &i (2 lines) \n - ->e (2 lines) \n - ->i (1 range) \n - ~e (2 lines) \n - ~i (1 range) \n - |e (1 line + 2 ranges) \n - |i (1 line) \n - @e (1 line) \n - raa (1 range) \n - copy (1 line) \n - Ae (1 line)\n - Ai (1 range)\n - Ee (1 line + 1 range)\n - Ei (1 line)\n - <line_refs>: Must be comma-separated line numbers or ranges. Ranges denote subproofs (e.g., `->i 8-12`, `|e 4, 5-9, 10-14`)\n\n### SUBPROOFS / HYPOTHESES\nUse subproofs for hypotheses. Use curly braces '{' and '}' to open and close subproofs. \nPlace `{` immediately after the line number (e.g. '8.{ A|B hip') and `}` at the end of the final line of the subproof (e.g. '10. B @e 4}').\nNested subproofs are allowed. But a formula may only be used at a specific point if it appeared earlier in the same subproof or an outer subproof to the current subproof.\n\n### SYMBOLS & CONVENTIONS\nUse the following symbols for logical operations: \n- & = conjunction (and) \n- | = disjunction (or) \n- ~ = negation (not) \n- -> = implication (implies)\n\nQuantifiers symbols: \n Ax represents ∀x \n Ex represents ∃x\nSo formulas with ∀x and ∃x will be represented by Ax and Ex (A and E followed by the variable x). For example, Ax (H(x)->M(x)) represents ∀x (H(x)→M(x)).\n\n###CONVENTIONS\nAtoms: only uppercase letters not immediately followed by parentesis (e.g. P, Q, R).\nPredicates: uppercase letters immediately followed by parentesis (e.g. H(x), M(y), Q(a,b) ). All predicates must use parentheses.\nVariables: first letter in lowercase, can be followed by letters and numbers (e.g., x, x0, xP0).\n\n### TO CREATE NEW VARIABLE:\nFor Universal Introduction rule(Ai): open a subproof with a fresh variable not occurring in any open hypothesis.\nCreate new variable like this: '<line_number>. { <new_variable> '\n\nFor Existential Elimination rule(Ee): open a subproof with a fresh witness constant/variable. \nCreate new variable like this: '<line_number>. {<new_variable> φ[<old_variable>/<new_variable>] hip\n  Write only the final proof in <proof>...</proof> tags. Only use <proof>...</proof> tags ONCE. Only use these symbols inside the proof '&' , '->', '~', '|', '@', '(', ')', '{', '}', 'Ax', 'Ex'.\nDo not include explanations, commentary, or extra text inside and outside the <proof>...</proof> tags.\n ""}, {'role': 'user', 'content': ""Prove '|- (P->Ex Q(x))->Ex (P->Q(x))', using the natural deduction method. Final answer using the notation described. ""}, {'role': 'assistant', 'content': ' <proof>\n                        1. { \t(P -> Ex Q(x))\t\t\t\t\thip\n                        2.\t{\t~(~P | Ex Q(x))\t\t\t\t\thip\n                        3.\t\t{\tP\t\t\t\t\t\t\t\t      hip\n                        4.      Ex Q(x)               ->e 3, 1\n                        5.\t\t\t~P | Ex Q(x)\t\t\t\t\t|i 4\n                        6.\t\t\t@\t\t\t\t\t\t\t\t~e 5,2 }\t\t\n                        7.\t\t~P\t\t\t\t\t\t\t\t\t~i 3-6\n                        8.\t\t~P | Ex Q(x)\t\t\t\t\t\t|i 7\n                        9.\t\t@\t\t\t\t\t\t\t\t\t~e 8,2 }\n                        10.\t~P | Ex Q(x)        raa 2-9\n                        11.\t{\t~P\t\t\t\t\t\t\t\t\thip\n                        12.\t\t{\tP\t\t\t\t\t\t\t\thip\n                        13.\t\t\t@\t\t\t\t\t\t\t\t~e 11,12\n                        14.     Q(a)            @e 13 }\n                        15.\t\tP -> Q(a)\t\t\t\t\t\t\t->i 12-14\n                        16.\t\tEx  (P -> Q(x))\t\t\t\t\tEi 15 }\n                        17.\t{\tEx Q(x)\t\t\t\t\t\t\thip\n                        18.\t\t{ a\t\tQ(a)\t\t\t\t\t\thip\n                        19.\t\t\t{\tP\t\t\t\t\t\t\thip\n                        20.\t\t\t\tQ(a)\t\t\t\t\t\tcopie 18 }\n                        21.\t\t\tP -> Q(a)\t\t\t\t\t\t->i 19-20\n                        22.\t\t\tEx (P -> Q(x))\t\t\t\tEi 21 }\n                        23.\t\tEx (P -> Q(x))\t\t\t\t\tEe 17, 18-22 }\n                        24.\tEx (P -> Q(x))\t\t\t\t\t\t|e 10, 11-16, 17-23}\n                        25. (P -> Ex Q(x)) -> Ex (P -> Q(x))\t->i 1-24\n                    </proof>'}, {'role': 'user', 'content': ""Prove 'Ax ((P(x)->Q(x))&(Q(x)->P(x))) |- Ax ((~P(x)->~Q(x))&(~Q(x)->~P(x)))', using the natural deduction method. Final answer using the notation described.""}, {'role': 'assistant', 'content': ' <proof>\n                            1. Ax((P(x) -> Q(x)) & (Q(x) -> P(x))) pre\n                            2. { a\n                            3.   (P(a) -> Q(a)) & (Q(a) -> P(a)) Ae 1\n                            4.   P(a) -> Q(a) &e 3\n                            5.   Q(a) -> P(a) &e 3\n                            6.   { ~Q(a) hip\n                            7.     { P(a) hip\n                            8.       Q(a) ->e 7,4\n                            9.       @ ~e 6,8 }\n                            10.   ~P(a) ~i 7-9 }\n                            11. ~Q(a) -> ~P(a) ->i 6-10\n                            12. { ~P(a) hip\n                            13.   { Q(a) hip\n                            14.     P(a) ->e 13,5\n                            15.     @ ~e 12,14 }\n                            16.   ~Q(a) ~i 13-15 }\n                            17. ~P(a) -> ~Q(a) ->i 12-16\n                            18. (~P(a) -> ~Q(a)) & (~Q(a) -> ~P(a)) &i 17,11 }\n                            19. Ax((~P(x) -> ~Q(x)) & (~Q(x) -> ~P(x))) Ai 2-18 \n                        </proof>'}, {'role': 'user', 'content': ""Prove'~Ex B(x) |- Ax ~B(x)' using the natural deduction method. Only one final answer, surrounded by <proof>...</proof>, using the notation described.""}]","<proof>
    1. ~Ex P(x) pre
    2. { a
    3.   { P(a) hip
    4.     Ex P(x) Ei 3
    5.     @ ~e 1,4
    6.   }
    7.   ~P(a) ~i 3-6}
    8. Ax ~P(x) Ai 2-7
</proof>","1. ~Ex P(x) pre
    2. { a
    3.   { P(a) hip
    4.     Ex P(x) Ei 3
    5.     @ ~e 1,4
    6.   }
    7.   ~P(a) ~i 3-6}
    8. Ax ~P(x) Ai 2-7","Os seguintes erros foram encontrados:

Uma das definições não está completa, verifique se todas regras foram aplicadas corretamente.
Lembre-se que uma regra de inferência sempre inicia com um número seguido de um . (linha de referência), tem uma fórmula e uma justificativa (premissa, hipóteses ou uma das regras de inferência com suas respectivas referências para fórmulas anteriores).
Erro de sintaxe:
    6.   }
         ^
",3.0696239471435547,stop,1774,809
Ax ~B(x) |- ~Ex B(x),"[{'role': 'system', 'content': ""You are an expert in logic using the Natural Deduction method.\nYou will receive one first order logic problem. Your task is to prove its validity using Natural Deduction and represent the proof in a Fitch-like notation, following these formatting instructions.\n\n### FORMAT OF PROOF LINES\nEach proof line must be structured like: '<line_number>. <formula> <origin>'\n- <line_number>: sequential integer, always ending with a dot ('1.', '2.', '3.', ...)\n- <formula>: the formula derived on that line\n- <origin>: either 'pre' (premise), 'hip' (hypothesis) or '<rule_name> <line_refs>'\n - <rule_name> and <line_refs>: \n - &e (1 line) \n - &i (2 lines) \n - ->e (2 lines) \n - ->i (1 range) \n - ~e (2 lines) \n - ~i (1 range) \n - |e (1 line + 2 ranges) \n - |i (1 line) \n - @e (1 line) \n - raa (1 range) \n - copy (1 line) \n - Ae (1 line)\n - Ai (1 range)\n - Ee (1 line + 1 range)\n - Ei (1 line)\n - <line_refs>: Must be comma-separated line numbers or ranges. Ranges denote subproofs (e.g., `->i 8-12`, `|e 4, 5-9, 10-14`)\n\n### SUBPROOFS / HYPOTHESES\nUse subproofs for hypotheses. Use curly braces '{' and '}' to open and close subproofs. \nPlace `{` immediately after the line number (e.g. '8.{ A|B hip') and `}` at the end of the final line of the subproof (e.g. '10. B @e 4}').\nNested subproofs are allowed. But a formula may only be used at a specific point if it appeared earlier in the same subproof or an outer subproof to the current subproof.\n\n### SYMBOLS & CONVENTIONS\nUse the following symbols for logical operations: \n- & = conjunction (and) \n- | = disjunction (or) \n- ~ = negation (not) \n- -> = implication (implies)\n\nQuantifiers symbols: \n Ax represents ∀x \n Ex represents ∃x\nSo formulas with ∀x and ∃x will be represented by Ax and Ex (A and E followed by the variable x). For example, Ax (H(x)->M(x)) represents ∀x (H(x)→M(x)).\n\n###CONVENTIONS\nAtoms: only uppercase letters not immediately followed by parentesis (e.g. P, Q, R).\nPredicates: uppercase letters immediately followed by parentesis (e.g. H(x), M(y), Q(a,b) ). All predicates must use parentheses.\nVariables: first letter in lowercase, can be followed by letters and numbers (e.g., x, x0, xP0).\n\n### TO CREATE NEW VARIABLE:\nFor Universal Introduction rule(Ai): open a subproof with a fresh variable not occurring in any open hypothesis.\nCreate new variable like this: '<line_number>. { <new_variable> '\n\nFor Existential Elimination rule(Ee): open a subproof with a fresh witness constant/variable. \nCreate new variable like this: '<line_number>. {<new_variable> φ[<old_variable>/<new_variable>] hip\n  Write only the final proof in <proof>...</proof> tags. Only use <proof>...</proof> tags ONCE. Only use these symbols inside the proof '&' , '->', '~', '|', '@', '(', ')', '{', '}', 'Ax', 'Ex'.\nDo not include explanations, commentary, or extra text inside and outside the <proof>...</proof> tags.\n ""}, {'role': 'user', 'content': ""Prove '|- (P->Ex Q(x))->Ex (P->Q(x))', using the natural deduction method. Final answer using the notation described. ""}, {'role': 'assistant', 'content': ' <proof>\n                        1. { \t(P -> Ex Q(x))\t\t\t\t\thip\n                        2.\t{\t~(~P | Ex Q(x))\t\t\t\t\thip\n                        3.\t\t{\tP\t\t\t\t\t\t\t\t      hip\n                        4.      Ex Q(x)               ->e 3, 1\n                        5.\t\t\t~P | Ex Q(x)\t\t\t\t\t|i 4\n                        6.\t\t\t@\t\t\t\t\t\t\t\t~e 5,2 }\t\t\n                        7.\t\t~P\t\t\t\t\t\t\t\t\t~i 3-6\n                        8.\t\t~P | Ex Q(x)\t\t\t\t\t\t|i 7\n                        9.\t\t@\t\t\t\t\t\t\t\t\t~e 8,2 }\n                        10.\t~P | Ex Q(x)        raa 2-9\n                        11.\t{\t~P\t\t\t\t\t\t\t\t\thip\n                        12.\t\t{\tP\t\t\t\t\t\t\t\thip\n                        13.\t\t\t@\t\t\t\t\t\t\t\t~e 11,12\n                        14.     Q(a)            @e 13 }\n                        15.\t\tP -> Q(a)\t\t\t\t\t\t\t->i 12-14\n                        16.\t\tEx  (P -> Q(x))\t\t\t\t\tEi 15 }\n                        17.\t{\tEx Q(x)\t\t\t\t\t\t\thip\n                        18.\t\t{ a\t\tQ(a)\t\t\t\t\t\thip\n                        19.\t\t\t{\tP\t\t\t\t\t\t\thip\n                        20.\t\t\t\tQ(a)\t\t\t\t\t\tcopie 18 }\n                        21.\t\t\tP -> Q(a)\t\t\t\t\t\t->i 19-20\n                        22.\t\t\tEx (P -> Q(x))\t\t\t\tEi 21 }\n                        23.\t\tEx (P -> Q(x))\t\t\t\t\tEe 17, 18-22 }\n                        24.\tEx (P -> Q(x))\t\t\t\t\t\t|e 10, 11-16, 17-23}\n                        25. (P -> Ex Q(x)) -> Ex (P -> Q(x))\t->i 1-24\n                    </proof>'}, {'role': 'user', 'content': ""Prove 'Ax ((P(x)->Q(x))&(Q(x)->P(x))) |- Ax ((~P(x)->~Q(x))&(~Q(x)->~P(x)))', using the natural deduction method. Final answer using the notation described.""}, {'role': 'assistant', 'content': ' <proof>\n                            1. Ax((P(x) -> Q(x)) & (Q(x) -> P(x))) pre\n                            2. { a\n                            3.   (P(a) -> Q(a)) & (Q(a) -> P(a)) Ae 1\n                            4.   P(a) -> Q(a) &e 3\n                            5.   Q(a) -> P(a) &e 3\n                            6.   { ~Q(a) hip\n                            7.     { P(a) hip\n                            8.       Q(a) ->e 7,4\n                            9.       @ ~e 6,8 }\n                            10.   ~P(a) ~i 7-9 }\n                            11. ~Q(a) -> ~P(a) ->i 6-10\n                            12. { ~P(a) hip\n                            13.   { Q(a) hip\n                            14.     P(a) ->e 13,5\n                            15.     @ ~e 12,14 }\n                            16.   ~Q(a) ~i 13-15 }\n                            17. ~P(a) -> ~Q(a) ->i 12-16\n                            18. (~P(a) -> ~Q(a)) & (~Q(a) -> ~P(a)) &i 17,11 }\n                            19. Ax((~P(x) -> ~Q(x)) & (~Q(x) -> ~P(x))) Ai 2-18 \n                        </proof>'}, {'role': 'user', 'content': ""Prove'Ax ~B(x) |- ~Ex B(x)' using the natural deduction method. Only one final answer, surrounded by <proof>...</proof>, using the notation described.""}]","<proof>
                        1. Ax ~P(x) pre
                        2. { Ex P(x) hip
                        3.   { b P(b) hip (Ee 2)
                        4.     ~P(b) Ae 1
                        5.     @ ~e 4,3 }
                        6.   ~Ex P(x) raa 2-5 }
                    </proof>","1. Ax ~P(x) pre
                        2. { Ex P(x) hip
                        3.   { b P(b) hip (Ee 2)
                        4.     ~P(b) Ae 1
                        5.     @ ~e 4,3 }
                        6.   ~Ex P(x) raa 2-5 }","Os seguintes erros foram encontrados:

Uma das definições não está completa, verifique se todas regras foram aplicadas corretamente.
Lembre-se que uma regra de inferência sempre inicia com um número seguido de um . (linha de referência), tem uma fórmula e uma justificativa (premissa, hipóteses ou uma das regras de inferência com suas respectivas referências para fórmulas anteriores).
Erro de sintaxe:
                        3.   { b P(b) hip (Ee 2)
                                          ^
",3.6008119583129883,stop,1774,972
Ex (B(x)&C) |- Ex B(x)&C,"[{'role': 'system', 'content': ""You are an expert in logic using the Natural Deduction method.\nYou will receive one first order logic problem. Your task is to prove its validity using Natural Deduction and represent the proof in a Fitch-like notation, following these formatting instructions.\n\n### FORMAT OF PROOF LINES\nEach proof line must be structured like: '<line_number>. <formula> <origin>'\n- <line_number>: sequential integer, always ending with a dot ('1.', '2.', '3.', ...)\n- <formula>: the formula derived on that line\n- <origin>: either 'pre' (premise), 'hip' (hypothesis) or '<rule_name> <line_refs>'\n - <rule_name> and <line_refs>: \n - &e (1 line) \n - &i (2 lines) \n - ->e (2 lines) \n - ->i (1 range) \n - ~e (2 lines) \n - ~i (1 range) \n - |e (1 line + 2 ranges) \n - |i (1 line) \n - @e (1 line) \n - raa (1 range) \n - copy (1 line) \n - Ae (1 line)\n - Ai (1 range)\n - Ee (1 line + 1 range)\n - Ei (1 line)\n - <line_refs>: Must be comma-separated line numbers or ranges. Ranges denote subproofs (e.g., `->i 8-12`, `|e 4, 5-9, 10-14`)\n\n### SUBPROOFS / HYPOTHESES\nUse subproofs for hypotheses. Use curly braces '{' and '}' to open and close subproofs. \nPlace `{` immediately after the line number (e.g. '8.{ A|B hip') and `}` at the end of the final line of the subproof (e.g. '10. B @e 4}').\nNested subproofs are allowed. But a formula may only be used at a specific point if it appeared earlier in the same subproof or an outer subproof to the current subproof.\n\n### SYMBOLS & CONVENTIONS\nUse the following symbols for logical operations: \n- & = conjunction (and) \n- | = disjunction (or) \n- ~ = negation (not) \n- -> = implication (implies)\n\nQuantifiers symbols: \n Ax represents ∀x \n Ex represents ∃x\nSo formulas with ∀x and ∃x will be represented by Ax and Ex (A and E followed by the variable x). For example, Ax (H(x)->M(x)) represents ∀x (H(x)→M(x)).\n\n###CONVENTIONS\nAtoms: only uppercase letters not immediately followed by parentesis (e.g. P, Q, R).\nPredicates: uppercase letters immediately followed by parentesis (e.g. H(x), M(y), Q(a,b) ). All predicates must use parentheses.\nVariables: first letter in lowercase, can be followed by letters and numbers (e.g., x, x0, xP0).\n\n### TO CREATE NEW VARIABLE:\nFor Universal Introduction rule(Ai): open a subproof with a fresh variable not occurring in any open hypothesis.\nCreate new variable like this: '<line_number>. { <new_variable> '\n\nFor Existential Elimination rule(Ee): open a subproof with a fresh witness constant/variable. \nCreate new variable like this: '<line_number>. {<new_variable> φ[<old_variable>/<new_variable>] hip\n  Write only the final proof in <proof>...</proof> tags. Only use <proof>...</proof> tags ONCE. Only use these symbols inside the proof '&' , '->', '~', '|', '@', '(', ')', '{', '}', 'Ax', 'Ex'.\nDo not include explanations, commentary, or extra text inside and outside the <proof>...</proof> tags.\n ""}, {'role': 'user', 'content': ""Prove '|- (P->Ex Q(x))->Ex (P->Q(x))', using the natural deduction method. Final answer using the notation described. ""}, {'role': 'assistant', 'content': ' <proof>\n                        1. { \t(P -> Ex Q(x))\t\t\t\t\thip\n                        2.\t{\t~(~P | Ex Q(x))\t\t\t\t\thip\n                        3.\t\t{\tP\t\t\t\t\t\t\t\t      hip\n                        4.      Ex Q(x)               ->e 3, 1\n                        5.\t\t\t~P | Ex Q(x)\t\t\t\t\t|i 4\n                        6.\t\t\t@\t\t\t\t\t\t\t\t~e 5,2 }\t\t\n                        7.\t\t~P\t\t\t\t\t\t\t\t\t~i 3-6\n                        8.\t\t~P | Ex Q(x)\t\t\t\t\t\t|i 7\n                        9.\t\t@\t\t\t\t\t\t\t\t\t~e 8,2 }\n                        10.\t~P | Ex Q(x)        raa 2-9\n                        11.\t{\t~P\t\t\t\t\t\t\t\t\thip\n                        12.\t\t{\tP\t\t\t\t\t\t\t\thip\n                        13.\t\t\t@\t\t\t\t\t\t\t\t~e 11,12\n                        14.     Q(a)            @e 13 }\n                        15.\t\tP -> Q(a)\t\t\t\t\t\t\t->i 12-14\n                        16.\t\tEx  (P -> Q(x))\t\t\t\t\tEi 15 }\n                        17.\t{\tEx Q(x)\t\t\t\t\t\t\thip\n                        18.\t\t{ a\t\tQ(a)\t\t\t\t\t\thip\n                        19.\t\t\t{\tP\t\t\t\t\t\t\thip\n                        20.\t\t\t\tQ(a)\t\t\t\t\t\tcopie 18 }\n                        21.\t\t\tP -> Q(a)\t\t\t\t\t\t->i 19-20\n                        22.\t\t\tEx (P -> Q(x))\t\t\t\tEi 21 }\n                        23.\t\tEx (P -> Q(x))\t\t\t\t\tEe 17, 18-22 }\n                        24.\tEx (P -> Q(x))\t\t\t\t\t\t|e 10, 11-16, 17-23}\n                        25. (P -> Ex Q(x)) -> Ex (P -> Q(x))\t->i 1-24\n                    </proof>'}, {'role': 'user', 'content': ""Prove 'Ax ((P(x)->Q(x))&(Q(x)->P(x))) |- Ax ((~P(x)->~Q(x))&(~Q(x)->~P(x)))', using the natural deduction method. Final answer using the notation described.""}, {'role': 'assistant', 'content': ' <proof>\n                            1. Ax((P(x) -> Q(x)) & (Q(x) -> P(x))) pre\n                            2. { a\n                            3.   (P(a) -> Q(a)) & (Q(a) -> P(a)) Ae 1\n                            4.   P(a) -> Q(a) &e 3\n                            5.   Q(a) -> P(a) &e 3\n                            6.   { ~Q(a) hip\n                            7.     { P(a) hip\n                            8.       Q(a) ->e 7,4\n                            9.       @ ~e 6,8 }\n                            10.   ~P(a) ~i 7-9 }\n                            11. ~Q(a) -> ~P(a) ->i 6-10\n                            12. { ~P(a) hip\n                            13.   { Q(a) hip\n                            14.     P(a) ->e 13,5\n                            15.     @ ~e 12,14 }\n                            16.   ~Q(a) ~i 13-15 }\n                            17. ~P(a) -> ~Q(a) ->i 12-16\n                            18. (~P(a) -> ~Q(a)) & (~Q(a) -> ~P(a)) &i 17,11 }\n                            19. Ax((~P(x) -> ~Q(x)) & (~Q(x) -> ~P(x))) Ai 2-18 \n                        </proof>'}, {'role': 'user', 'content': ""Prove'Ex (B(x)&C) |- Ex B(x)&C' using the natural deduction method. Only one final answer, surrounded by <proof>...</proof>, using the notation described.""}]","<proof>
                        1. Ex (P(x) & Q) pre
                        2. { a
                        3.     P(a) & Q                     Ee 1
                        4.     P(a)                         &e 3
                        5.     Q                             &e 3
                        6.     P(a) & Q                       &i 4,5
                        7.     Ex P(x) & Q                    Ei 6 }
                    </proof>","1. Ex (P(x) & Q) pre
                        2. { a
                        3.     P(a) & Q                     Ee 1
                        4.     P(a)                         &e 3
                        5.     Q                             &e 3
                        6.     P(a) & Q                       &i 4,5
                        7.     Ex P(x) & Q                    Ei 6 }","Os seguintes erros foram encontrados:

Uma das definições não está completa, verifique se todas regras foram aplicadas corretamente.
Lembre-se que uma regra de inferência sempre inicia com um número seguido de um . (linha de referência), tem uma fórmula e uma justificativa (premissa, hipóteses ou uma das regras de inferência com suas respectivas referências para fórmulas anteriores).
Erro de sintaxe:
                        4.     P(a)                         &e 3
                        ^
",0.9466302394866944,stop,1777,242
Ax (B(x)|C) |- Ax B(x)|C,"[{'role': 'system', 'content': ""You are an expert in logic using the Natural Deduction method.\nYou will receive one first order logic problem. Your task is to prove its validity using Natural Deduction and represent the proof in a Fitch-like notation, following these formatting instructions.\n\n### FORMAT OF PROOF LINES\nEach proof line must be structured like: '<line_number>. <formula> <origin>'\n- <line_number>: sequential integer, always ending with a dot ('1.', '2.', '3.', ...)\n- <formula>: the formula derived on that line\n- <origin>: either 'pre' (premise), 'hip' (hypothesis) or '<rule_name> <line_refs>'\n - <rule_name> and <line_refs>: \n - &e (1 line) \n - &i (2 lines) \n - ->e (2 lines) \n - ->i (1 range) \n - ~e (2 lines) \n - ~i (1 range) \n - |e (1 line + 2 ranges) \n - |i (1 line) \n - @e (1 line) \n - raa (1 range) \n - copy (1 line) \n - Ae (1 line)\n - Ai (1 range)\n - Ee (1 line + 1 range)\n - Ei (1 line)\n - <line_refs>: Must be comma-separated line numbers or ranges. Ranges denote subproofs (e.g., `->i 8-12`, `|e 4, 5-9, 10-14`)\n\n### SUBPROOFS / HYPOTHESES\nUse subproofs for hypotheses. Use curly braces '{' and '}' to open and close subproofs. \nPlace `{` immediately after the line number (e.g. '8.{ A|B hip') and `}` at the end of the final line of the subproof (e.g. '10. B @e 4}').\nNested subproofs are allowed. But a formula may only be used at a specific point if it appeared earlier in the same subproof or an outer subproof to the current subproof.\n\n### SYMBOLS & CONVENTIONS\nUse the following symbols for logical operations: \n- & = conjunction (and) \n- | = disjunction (or) \n- ~ = negation (not) \n- -> = implication (implies)\n\nQuantifiers symbols: \n Ax represents ∀x \n Ex represents ∃x\nSo formulas with ∀x and ∃x will be represented by Ax and Ex (A and E followed by the variable x). For example, Ax (H(x)->M(x)) represents ∀x (H(x)→M(x)).\n\n###CONVENTIONS\nAtoms: only uppercase letters not immediately followed by parentesis (e.g. P, Q, R).\nPredicates: uppercase letters immediately followed by parentesis (e.g. H(x), M(y), Q(a,b) ). All predicates must use parentheses.\nVariables: first letter in lowercase, can be followed by letters and numbers (e.g., x, x0, xP0).\n\n### TO CREATE NEW VARIABLE:\nFor Universal Introduction rule(Ai): open a subproof with a fresh variable not occurring in any open hypothesis.\nCreate new variable like this: '<line_number>. { <new_variable> '\n\nFor Existential Elimination rule(Ee): open a subproof with a fresh witness constant/variable. \nCreate new variable like this: '<line_number>. {<new_variable> φ[<old_variable>/<new_variable>] hip\n  Write only the final proof in <proof>...</proof> tags. Only use <proof>...</proof> tags ONCE. Only use these symbols inside the proof '&' , '->', '~', '|', '@', '(', ')', '{', '}', 'Ax', 'Ex'.\nDo not include explanations, commentary, or extra text inside and outside the <proof>...</proof> tags.\n ""}, {'role': 'user', 'content': ""Prove '|- (P->Ex Q(x))->Ex (P->Q(x))', using the natural deduction method. Final answer using the notation described. ""}, {'role': 'assistant', 'content': ' <proof>\n                        1. { \t(P -> Ex Q(x))\t\t\t\t\thip\n                        2.\t{\t~(~P | Ex Q(x))\t\t\t\t\thip\n                        3.\t\t{\tP\t\t\t\t\t\t\t\t      hip\n                        4.      Ex Q(x)               ->e 3, 1\n                        5.\t\t\t~P | Ex Q(x)\t\t\t\t\t|i 4\n                        6.\t\t\t@\t\t\t\t\t\t\t\t~e 5,2 }\t\t\n                        7.\t\t~P\t\t\t\t\t\t\t\t\t~i 3-6\n                        8.\t\t~P | Ex Q(x)\t\t\t\t\t\t|i 7\n                        9.\t\t@\t\t\t\t\t\t\t\t\t~e 8,2 }\n                        10.\t~P | Ex Q(x)        raa 2-9\n                        11.\t{\t~P\t\t\t\t\t\t\t\t\thip\n                        12.\t\t{\tP\t\t\t\t\t\t\t\thip\n                        13.\t\t\t@\t\t\t\t\t\t\t\t~e 11,12\n                        14.     Q(a)            @e 13 }\n                        15.\t\tP -> Q(a)\t\t\t\t\t\t\t->i 12-14\n                        16.\t\tEx  (P -> Q(x))\t\t\t\t\tEi 15 }\n                        17.\t{\tEx Q(x)\t\t\t\t\t\t\thip\n                        18.\t\t{ a\t\tQ(a)\t\t\t\t\t\thip\n                        19.\t\t\t{\tP\t\t\t\t\t\t\thip\n                        20.\t\t\t\tQ(a)\t\t\t\t\t\tcopie 18 }\n                        21.\t\t\tP -> Q(a)\t\t\t\t\t\t->i 19-20\n                        22.\t\t\tEx (P -> Q(x))\t\t\t\tEi 21 }\n                        23.\t\tEx (P -> Q(x))\t\t\t\t\tEe 17, 18-22 }\n                        24.\tEx (P -> Q(x))\t\t\t\t\t\t|e 10, 11-16, 17-23}\n                        25. (P -> Ex Q(x)) -> Ex (P -> Q(x))\t->i 1-24\n                    </proof>'}, {'role': 'user', 'content': ""Prove 'Ax ((P(x)->Q(x))&(Q(x)->P(x))) |- Ax ((~P(x)->~Q(x))&(~Q(x)->~P(x)))', using the natural deduction method. Final answer using the notation described.""}, {'role': 'assistant', 'content': ' <proof>\n                            1. Ax((P(x) -> Q(x)) & (Q(x) -> P(x))) pre\n                            2. { a\n                            3.   (P(a) -> Q(a)) & (Q(a) -> P(a)) Ae 1\n                            4.   P(a) -> Q(a) &e 3\n                            5.   Q(a) -> P(a) &e 3\n                            6.   { ~Q(a) hip\n                            7.     { P(a) hip\n                            8.       Q(a) ->e 7,4\n                            9.       @ ~e 6,8 }\n                            10.   ~P(a) ~i 7-9 }\n                            11. ~Q(a) -> ~P(a) ->i 6-10\n                            12. { ~P(a) hip\n                            13.   { Q(a) hip\n                            14.     P(a) ->e 13,5\n                            15.     @ ~e 12,14 }\n                            16.   ~Q(a) ~i 13-15 }\n                            17. ~P(a) -> ~Q(a) ->i 12-16\n                            18. (~P(a) -> ~Q(a)) & (~Q(a) -> ~P(a)) &i 17,11 }\n                            19. Ax((~P(x) -> ~Q(x)) & (~Q(x) -> ~P(x))) Ai 2-18 \n                        </proof>'}, {'role': 'user', 'content': ""Prove'Ax (B(x)|C) |- Ax B(x)|C' using the natural deduction method. Only one final answer, surrounded by <proof>...</proof>, using the notation described.""}]","<proof>
                        1. Ax(P(x)|Q) pre
                        2. { ~Q hip
                        3.   { a
                        4.     P(a)|Q Ae 1
                        5.     { P(a) hip
                        6.       P(a) } 
                        7.     { Q hip
                        8.       @ ~e 2,7 }
                        9.     P(a) raa 7-8 }
                        10.   ∀xP(x) Ai 3-9
                        11.   ∀xP(x)|Q |i 10 } 
                        12. AxP(x)|Q Ai 2-11
                    </proof>","1. Ax(P(x)|Q) pre
                        2. { ~Q hip
                        3.   { a
                        4.     P(a)|Q Ae 1
                        5.     { P(a) hip
                        6.       P(a) } 
                        7.     { Q hip
                        8.       @ ~e 2,7 }
                        9.     P(a) raa 7-8 }
                        10.   ∀xP(x) Ai 3-9
                        11.   ∀xP(x)|Q |i 10 } 
                        12. AxP(x)|Q Ai 2-11","Os seguintes erros foram encontrados:

Uma das definições não está completa, verifique se todas regras foram aplicadas corretamente.
Lembre-se que uma regra de inferência sempre inicia com um número seguido de um . (linha de referência), tem uma fórmula e uma justificativa (premissa, hipóteses ou uma das regras de inferência com suas respectivas referências para fórmulas anteriores).
Erro de sintaxe:
                        6.       P(a) } 
                                      ^
",2.966686725616455,stop,1777,774
Ex (B(x)->C) |- Ax B(x)->C,"[{'role': 'system', 'content': ""You are an expert in logic using the Natural Deduction method.\nYou will receive one first order logic problem. Your task is to prove its validity using Natural Deduction and represent the proof in a Fitch-like notation, following these formatting instructions.\n\n### FORMAT OF PROOF LINES\nEach proof line must be structured like: '<line_number>. <formula> <origin>'\n- <line_number>: sequential integer, always ending with a dot ('1.', '2.', '3.', ...)\n- <formula>: the formula derived on that line\n- <origin>: either 'pre' (premise), 'hip' (hypothesis) or '<rule_name> <line_refs>'\n - <rule_name> and <line_refs>: \n - &e (1 line) \n - &i (2 lines) \n - ->e (2 lines) \n - ->i (1 range) \n - ~e (2 lines) \n - ~i (1 range) \n - |e (1 line + 2 ranges) \n - |i (1 line) \n - @e (1 line) \n - raa (1 range) \n - copy (1 line) \n - Ae (1 line)\n - Ai (1 range)\n - Ee (1 line + 1 range)\n - Ei (1 line)\n - <line_refs>: Must be comma-separated line numbers or ranges. Ranges denote subproofs (e.g., `->i 8-12`, `|e 4, 5-9, 10-14`)\n\n### SUBPROOFS / HYPOTHESES\nUse subproofs for hypotheses. Use curly braces '{' and '}' to open and close subproofs. \nPlace `{` immediately after the line number (e.g. '8.{ A|B hip') and `}` at the end of the final line of the subproof (e.g. '10. B @e 4}').\nNested subproofs are allowed. But a formula may only be used at a specific point if it appeared earlier in the same subproof or an outer subproof to the current subproof.\n\n### SYMBOLS & CONVENTIONS\nUse the following symbols for logical operations: \n- & = conjunction (and) \n- | = disjunction (or) \n- ~ = negation (not) \n- -> = implication (implies)\n\nQuantifiers symbols: \n Ax represents ∀x \n Ex represents ∃x\nSo formulas with ∀x and ∃x will be represented by Ax and Ex (A and E followed by the variable x). For example, Ax (H(x)->M(x)) represents ∀x (H(x)→M(x)).\n\n###CONVENTIONS\nAtoms: only uppercase letters not immediately followed by parentesis (e.g. P, Q, R).\nPredicates: uppercase letters immediately followed by parentesis (e.g. H(x), M(y), Q(a,b) ). All predicates must use parentheses.\nVariables: first letter in lowercase, can be followed by letters and numbers (e.g., x, x0, xP0).\n\n### TO CREATE NEW VARIABLE:\nFor Universal Introduction rule(Ai): open a subproof with a fresh variable not occurring in any open hypothesis.\nCreate new variable like this: '<line_number>. { <new_variable> '\n\nFor Existential Elimination rule(Ee): open a subproof with a fresh witness constant/variable. \nCreate new variable like this: '<line_number>. {<new_variable> φ[<old_variable>/<new_variable>] hip\n  Write only the final proof in <proof>...</proof> tags. Only use <proof>...</proof> tags ONCE. Only use these symbols inside the proof '&' , '->', '~', '|', '@', '(', ')', '{', '}', 'Ax', 'Ex'.\nDo not include explanations, commentary, or extra text inside and outside the <proof>...</proof> tags.\n ""}, {'role': 'user', 'content': ""Prove '|- (P->Ex Q(x))->Ex (P->Q(x))', using the natural deduction method. Final answer using the notation described. ""}, {'role': 'assistant', 'content': ' <proof>\n                        1. { \t(P -> Ex Q(x))\t\t\t\t\thip\n                        2.\t{\t~(~P | Ex Q(x))\t\t\t\t\thip\n                        3.\t\t{\tP\t\t\t\t\t\t\t\t      hip\n                        4.      Ex Q(x)               ->e 3, 1\n                        5.\t\t\t~P | Ex Q(x)\t\t\t\t\t|i 4\n                        6.\t\t\t@\t\t\t\t\t\t\t\t~e 5,2 }\t\t\n                        7.\t\t~P\t\t\t\t\t\t\t\t\t~i 3-6\n                        8.\t\t~P | Ex Q(x)\t\t\t\t\t\t|i 7\n                        9.\t\t@\t\t\t\t\t\t\t\t\t~e 8,2 }\n                        10.\t~P | Ex Q(x)        raa 2-9\n                        11.\t{\t~P\t\t\t\t\t\t\t\t\thip\n                        12.\t\t{\tP\t\t\t\t\t\t\t\thip\n                        13.\t\t\t@\t\t\t\t\t\t\t\t~e 11,12\n                        14.     Q(a)            @e 13 }\n                        15.\t\tP -> Q(a)\t\t\t\t\t\t\t->i 12-14\n                        16.\t\tEx  (P -> Q(x))\t\t\t\t\tEi 15 }\n                        17.\t{\tEx Q(x)\t\t\t\t\t\t\thip\n                        18.\t\t{ a\t\tQ(a)\t\t\t\t\t\thip\n                        19.\t\t\t{\tP\t\t\t\t\t\t\thip\n                        20.\t\t\t\tQ(a)\t\t\t\t\t\tcopie 18 }\n                        21.\t\t\tP -> Q(a)\t\t\t\t\t\t->i 19-20\n                        22.\t\t\tEx (P -> Q(x))\t\t\t\tEi 21 }\n                        23.\t\tEx (P -> Q(x))\t\t\t\t\tEe 17, 18-22 }\n                        24.\tEx (P -> Q(x))\t\t\t\t\t\t|e 10, 11-16, 17-23}\n                        25. (P -> Ex Q(x)) -> Ex (P -> Q(x))\t->i 1-24\n                    </proof>'}, {'role': 'user', 'content': ""Prove 'Ax ((P(x)->Q(x))&(Q(x)->P(x))) |- Ax ((~P(x)->~Q(x))&(~Q(x)->~P(x)))', using the natural deduction method. Final answer using the notation described.""}, {'role': 'assistant', 'content': ' <proof>\n                            1. Ax((P(x) -> Q(x)) & (Q(x) -> P(x))) pre\n                            2. { a\n                            3.   (P(a) -> Q(a)) & (Q(a) -> P(a)) Ae 1\n                            4.   P(a) -> Q(a) &e 3\n                            5.   Q(a) -> P(a) &e 3\n                            6.   { ~Q(a) hip\n                            7.     { P(a) hip\n                            8.       Q(a) ->e 7,4\n                            9.       @ ~e 6,8 }\n                            10.   ~P(a) ~i 7-9 }\n                            11. ~Q(a) -> ~P(a) ->i 6-10\n                            12. { ~P(a) hip\n                            13.   { Q(a) hip\n                            14.     P(a) ->e 13,5\n                            15.     @ ~e 12,14 }\n                            16.   ~Q(a) ~i 13-15 }\n                            17. ~P(a) -> ~Q(a) ->i 12-16\n                            18. (~P(a) -> ~Q(a)) & (~Q(a) -> ~P(a)) &i 17,11 }\n                            19. Ax((~P(x) -> ~Q(x)) & (~Q(x) -> ~P(x))) Ai 2-18 \n                        </proof>'}, {'role': 'user', 'content': ""Prove'Ex (B(x)->C) |- Ax B(x)->C' using the natural deduction method. Only one final answer, surrounded by <proof>...</proof>, using the notation described.""}]","<proof>
                        1. Ex(P(x)->Q) pre
                        2. { a (P(a)->Q) @e 1
                        3.   { P(a) hip
                        4.     Q e 3,2
                        5.   }
                        6.   P(a) -> Q ->i 3-4
                        7. } 
                        8. Ax P(x)->Q Ai 2-6
                    </proof>","1. Ex(P(x)->Q) pre
                        2. { a (P(a)->Q) @e 1
                        3.   { P(a) hip
                        4.     Q e 3,2
                        5.   }
                        6.   P(a) -> Q ->i 3-4
                        7. } 
                        8. Ax P(x)->Q Ai 2-6","Os seguintes erros foram encontrados:

Uma das definições não está completa, verifique se todas regras foram aplicadas corretamente.
Lembre-se que uma regra de inferência sempre inicia com um número seguido de um . (linha de referência), tem uma fórmula e uma justificativa (premissa, hipóteses ou uma das regras de inferência com suas respectivas referências para fórmulas anteriores).
Erro de sintaxe:
                        2. { a (P(a)->Q) @e 1
                                         ^
",3.864614248275757,stop,1777,1041
Ax B(x)->C |- Ex (B(x)->C),"[{'role': 'system', 'content': ""You are an expert in logic using the Natural Deduction method.\nYou will receive one first order logic problem. Your task is to prove its validity using Natural Deduction and represent the proof in a Fitch-like notation, following these formatting instructions.\n\n### FORMAT OF PROOF LINES\nEach proof line must be structured like: '<line_number>. <formula> <origin>'\n- <line_number>: sequential integer, always ending with a dot ('1.', '2.', '3.', ...)\n- <formula>: the formula derived on that line\n- <origin>: either 'pre' (premise), 'hip' (hypothesis) or '<rule_name> <line_refs>'\n - <rule_name> and <line_refs>: \n - &e (1 line) \n - &i (2 lines) \n - ->e (2 lines) \n - ->i (1 range) \n - ~e (2 lines) \n - ~i (1 range) \n - |e (1 line + 2 ranges) \n - |i (1 line) \n - @e (1 line) \n - raa (1 range) \n - copy (1 line) \n - Ae (1 line)\n - Ai (1 range)\n - Ee (1 line + 1 range)\n - Ei (1 line)\n - <line_refs>: Must be comma-separated line numbers or ranges. Ranges denote subproofs (e.g., `->i 8-12`, `|e 4, 5-9, 10-14`)\n\n### SUBPROOFS / HYPOTHESES\nUse subproofs for hypotheses. Use curly braces '{' and '}' to open and close subproofs. \nPlace `{` immediately after the line number (e.g. '8.{ A|B hip') and `}` at the end of the final line of the subproof (e.g. '10. B @e 4}').\nNested subproofs are allowed. But a formula may only be used at a specific point if it appeared earlier in the same subproof or an outer subproof to the current subproof.\n\n### SYMBOLS & CONVENTIONS\nUse the following symbols for logical operations: \n- & = conjunction (and) \n- | = disjunction (or) \n- ~ = negation (not) \n- -> = implication (implies)\n\nQuantifiers symbols: \n Ax represents ∀x \n Ex represents ∃x\nSo formulas with ∀x and ∃x will be represented by Ax and Ex (A and E followed by the variable x). For example, Ax (H(x)->M(x)) represents ∀x (H(x)→M(x)).\n\n###CONVENTIONS\nAtoms: only uppercase letters not immediately followed by parentesis (e.g. P, Q, R).\nPredicates: uppercase letters immediately followed by parentesis (e.g. H(x), M(y), Q(a,b) ). All predicates must use parentheses.\nVariables: first letter in lowercase, can be followed by letters and numbers (e.g., x, x0, xP0).\n\n### TO CREATE NEW VARIABLE:\nFor Universal Introduction rule(Ai): open a subproof with a fresh variable not occurring in any open hypothesis.\nCreate new variable like this: '<line_number>. { <new_variable> '\n\nFor Existential Elimination rule(Ee): open a subproof with a fresh witness constant/variable. \nCreate new variable like this: '<line_number>. {<new_variable> φ[<old_variable>/<new_variable>] hip\n  Write only the final proof in <proof>...</proof> tags. Only use <proof>...</proof> tags ONCE. Only use these symbols inside the proof '&' , '->', '~', '|', '@', '(', ')', '{', '}', 'Ax', 'Ex'.\nDo not include explanations, commentary, or extra text inside and outside the <proof>...</proof> tags.\n ""}, {'role': 'user', 'content': ""Prove '|- (P->Ex Q(x))->Ex (P->Q(x))', using the natural deduction method. Final answer using the notation described. ""}, {'role': 'assistant', 'content': ' <proof>\n                        1. { \t(P -> Ex Q(x))\t\t\t\t\thip\n                        2.\t{\t~(~P | Ex Q(x))\t\t\t\t\thip\n                        3.\t\t{\tP\t\t\t\t\t\t\t\t      hip\n                        4.      Ex Q(x)               ->e 3, 1\n                        5.\t\t\t~P | Ex Q(x)\t\t\t\t\t|i 4\n                        6.\t\t\t@\t\t\t\t\t\t\t\t~e 5,2 }\t\t\n                        7.\t\t~P\t\t\t\t\t\t\t\t\t~i 3-6\n                        8.\t\t~P | Ex Q(x)\t\t\t\t\t\t|i 7\n                        9.\t\t@\t\t\t\t\t\t\t\t\t~e 8,2 }\n                        10.\t~P | Ex Q(x)        raa 2-9\n                        11.\t{\t~P\t\t\t\t\t\t\t\t\thip\n                        12.\t\t{\tP\t\t\t\t\t\t\t\thip\n                        13.\t\t\t@\t\t\t\t\t\t\t\t~e 11,12\n                        14.     Q(a)            @e 13 }\n                        15.\t\tP -> Q(a)\t\t\t\t\t\t\t->i 12-14\n                        16.\t\tEx  (P -> Q(x))\t\t\t\t\tEi 15 }\n                        17.\t{\tEx Q(x)\t\t\t\t\t\t\thip\n                        18.\t\t{ a\t\tQ(a)\t\t\t\t\t\thip\n                        19.\t\t\t{\tP\t\t\t\t\t\t\thip\n                        20.\t\t\t\tQ(a)\t\t\t\t\t\tcopie 18 }\n                        21.\t\t\tP -> Q(a)\t\t\t\t\t\t->i 19-20\n                        22.\t\t\tEx (P -> Q(x))\t\t\t\tEi 21 }\n                        23.\t\tEx (P -> Q(x))\t\t\t\t\tEe 17, 18-22 }\n                        24.\tEx (P -> Q(x))\t\t\t\t\t\t|e 10, 11-16, 17-23}\n                        25. (P -> Ex Q(x)) -> Ex (P -> Q(x))\t->i 1-24\n                    </proof>'}, {'role': 'user', 'content': ""Prove 'Ax ((P(x)->Q(x))&(Q(x)->P(x))) |- Ax ((~P(x)->~Q(x))&(~Q(x)->~P(x)))', using the natural deduction method. Final answer using the notation described.""}, {'role': 'assistant', 'content': ' <proof>\n                            1. Ax((P(x) -> Q(x)) & (Q(x) -> P(x))) pre\n                            2. { a\n                            3.   (P(a) -> Q(a)) & (Q(a) -> P(a)) Ae 1\n                            4.   P(a) -> Q(a) &e 3\n                            5.   Q(a) -> P(a) &e 3\n                            6.   { ~Q(a) hip\n                            7.     { P(a) hip\n                            8.       Q(a) ->e 7,4\n                            9.       @ ~e 6,8 }\n                            10.   ~P(a) ~i 7-9 }\n                            11. ~Q(a) -> ~P(a) ->i 6-10\n                            12. { ~P(a) hip\n                            13.   { Q(a) hip\n                            14.     P(a) ->e 13,5\n                            15.     @ ~e 12,14 }\n                            16.   ~Q(a) ~i 13-15 }\n                            17. ~P(a) -> ~Q(a) ->i 12-16\n                            18. (~P(a) -> ~Q(a)) & (~Q(a) -> ~P(a)) &i 17,11 }\n                            19. Ax((~P(x) -> ~Q(x)) & (~Q(x) -> ~P(x))) Ai 2-18 \n                        </proof>'}, {'role': 'user', 'content': ""Prove'Ax B(x)->C |- Ex (B(x)->C)' using the natural deduction method. Only one final answer, surrounded by <proof>...</proof>, using the notation described.""}]","<proof>
    1. Ax P(x)->Q pre
    2. { a (P(a)->Q) Ae 1
    3. Ex(P(x)->Q) Ei 2
</proof>","1. Ax P(x)->Q pre
    2. { a (P(a)->Q) Ae 1
    3. Ex(P(x)->Q) Ei 2","Os seguintes erros foram encontrados:

Uma das definições não está completa, verifique se todas regras foram aplicadas corretamente.
Lembre-se que uma regra de inferência sempre inicia com um número seguido de um . (linha de referência), tem uma fórmula e uma justificativa (premissa, hipóteses ou uma das regras de inferência com suas respectivas referências para fórmulas anteriores).
Erro de sintaxe:
    2. { a (P(a)->Q) Ae 1
                     ^
",1.6286087036132812,stop,1776,432
Ex (B->C(x)) |- B->Ex C(x),"[{'role': 'system', 'content': ""You are an expert in logic using the Natural Deduction method.\nYou will receive one first order logic problem. Your task is to prove its validity using Natural Deduction and represent the proof in a Fitch-like notation, following these formatting instructions.\n\n### FORMAT OF PROOF LINES\nEach proof line must be structured like: '<line_number>. <formula> <origin>'\n- <line_number>: sequential integer, always ending with a dot ('1.', '2.', '3.', ...)\n- <formula>: the formula derived on that line\n- <origin>: either 'pre' (premise), 'hip' (hypothesis) or '<rule_name> <line_refs>'\n - <rule_name> and <line_refs>: \n - &e (1 line) \n - &i (2 lines) \n - ->e (2 lines) \n - ->i (1 range) \n - ~e (2 lines) \n - ~i (1 range) \n - |e (1 line + 2 ranges) \n - |i (1 line) \n - @e (1 line) \n - raa (1 range) \n - copy (1 line) \n - Ae (1 line)\n - Ai (1 range)\n - Ee (1 line + 1 range)\n - Ei (1 line)\n - <line_refs>: Must be comma-separated line numbers or ranges. Ranges denote subproofs (e.g., `->i 8-12`, `|e 4, 5-9, 10-14`)\n\n### SUBPROOFS / HYPOTHESES\nUse subproofs for hypotheses. Use curly braces '{' and '}' to open and close subproofs. \nPlace `{` immediately after the line number (e.g. '8.{ A|B hip') and `}` at the end of the final line of the subproof (e.g. '10. B @e 4}').\nNested subproofs are allowed. But a formula may only be used at a specific point if it appeared earlier in the same subproof or an outer subproof to the current subproof.\n\n### SYMBOLS & CONVENTIONS\nUse the following symbols for logical operations: \n- & = conjunction (and) \n- | = disjunction (or) \n- ~ = negation (not) \n- -> = implication (implies)\n\nQuantifiers symbols: \n Ax represents ∀x \n Ex represents ∃x\nSo formulas with ∀x and ∃x will be represented by Ax and Ex (A and E followed by the variable x). For example, Ax (H(x)->M(x)) represents ∀x (H(x)→M(x)).\n\n###CONVENTIONS\nAtoms: only uppercase letters not immediately followed by parentesis (e.g. P, Q, R).\nPredicates: uppercase letters immediately followed by parentesis (e.g. H(x), M(y), Q(a,b) ). All predicates must use parentheses.\nVariables: first letter in lowercase, can be followed by letters and numbers (e.g., x, x0, xP0).\n\n### TO CREATE NEW VARIABLE:\nFor Universal Introduction rule(Ai): open a subproof with a fresh variable not occurring in any open hypothesis.\nCreate new variable like this: '<line_number>. { <new_variable> '\n\nFor Existential Elimination rule(Ee): open a subproof with a fresh witness constant/variable. \nCreate new variable like this: '<line_number>. {<new_variable> φ[<old_variable>/<new_variable>] hip\n  Write only the final proof in <proof>...</proof> tags. Only use <proof>...</proof> tags ONCE. Only use these symbols inside the proof '&' , '->', '~', '|', '@', '(', ')', '{', '}', 'Ax', 'Ex'.\nDo not include explanations, commentary, or extra text inside and outside the <proof>...</proof> tags.\n ""}, {'role': 'user', 'content': ""Prove '|- (P->Ex Q(x))->Ex (P->Q(x))', using the natural deduction method. Final answer using the notation described. ""}, {'role': 'assistant', 'content': ' <proof>\n                        1. { \t(P -> Ex Q(x))\t\t\t\t\thip\n                        2.\t{\t~(~P | Ex Q(x))\t\t\t\t\thip\n                        3.\t\t{\tP\t\t\t\t\t\t\t\t      hip\n                        4.      Ex Q(x)               ->e 3, 1\n                        5.\t\t\t~P | Ex Q(x)\t\t\t\t\t|i 4\n                        6.\t\t\t@\t\t\t\t\t\t\t\t~e 5,2 }\t\t\n                        7.\t\t~P\t\t\t\t\t\t\t\t\t~i 3-6\n                        8.\t\t~P | Ex Q(x)\t\t\t\t\t\t|i 7\n                        9.\t\t@\t\t\t\t\t\t\t\t\t~e 8,2 }\n                        10.\t~P | Ex Q(x)        raa 2-9\n                        11.\t{\t~P\t\t\t\t\t\t\t\t\thip\n                        12.\t\t{\tP\t\t\t\t\t\t\t\thip\n                        13.\t\t\t@\t\t\t\t\t\t\t\t~e 11,12\n                        14.     Q(a)            @e 13 }\n                        15.\t\tP -> Q(a)\t\t\t\t\t\t\t->i 12-14\n                        16.\t\tEx  (P -> Q(x))\t\t\t\t\tEi 15 }\n                        17.\t{\tEx Q(x)\t\t\t\t\t\t\thip\n                        18.\t\t{ a\t\tQ(a)\t\t\t\t\t\thip\n                        19.\t\t\t{\tP\t\t\t\t\t\t\thip\n                        20.\t\t\t\tQ(a)\t\t\t\t\t\tcopie 18 }\n                        21.\t\t\tP -> Q(a)\t\t\t\t\t\t->i 19-20\n                        22.\t\t\tEx (P -> Q(x))\t\t\t\tEi 21 }\n                        23.\t\tEx (P -> Q(x))\t\t\t\t\tEe 17, 18-22 }\n                        24.\tEx (P -> Q(x))\t\t\t\t\t\t|e 10, 11-16, 17-23}\n                        25. (P -> Ex Q(x)) -> Ex (P -> Q(x))\t->i 1-24\n                    </proof>'}, {'role': 'user', 'content': ""Prove 'Ax ((P(x)->Q(x))&(Q(x)->P(x))) |- Ax ((~P(x)->~Q(x))&(~Q(x)->~P(x)))', using the natural deduction method. Final answer using the notation described.""}, {'role': 'assistant', 'content': ' <proof>\n                            1. Ax((P(x) -> Q(x)) & (Q(x) -> P(x))) pre\n                            2. { a\n                            3.   (P(a) -> Q(a)) & (Q(a) -> P(a)) Ae 1\n                            4.   P(a) -> Q(a) &e 3\n                            5.   Q(a) -> P(a) &e 3\n                            6.   { ~Q(a) hip\n                            7.     { P(a) hip\n                            8.       Q(a) ->e 7,4\n                            9.       @ ~e 6,8 }\n                            10.   ~P(a) ~i 7-9 }\n                            11. ~Q(a) -> ~P(a) ->i 6-10\n                            12. { ~P(a) hip\n                            13.   { Q(a) hip\n                            14.     P(a) ->e 13,5\n                            15.     @ ~e 12,14 }\n                            16.   ~Q(a) ~i 13-15 }\n                            17. ~P(a) -> ~Q(a) ->i 12-16\n                            18. (~P(a) -> ~Q(a)) & (~Q(a) -> ~P(a)) &i 17,11 }\n                            19. Ax((~P(x) -> ~Q(x)) & (~Q(x) -> ~P(x))) Ai 2-18 \n                        </proof>'}, {'role': 'user', 'content': ""Prove'Ex (B->C(x)) |- B->Ex C(x)' using the natural deduction method. Only one final answer, surrounded by <proof>...</proof>, using the notation described.""}]","<proof>
                        1. Ex (P -> Q(x)) pre
                        2. { a   Ex (P -> Q(x)) Ee 1
                        3.     P -> Q(a) hip
                        4.     { P hip
                        5.         Q(a) ->e 4,3
                        6.         Ex Q(x) Ei 5 }
                        7.     Ex Q(x) } 
                        8. P -> Ex Q(x) ->i 2-7
                    </proof>","1. Ex (P -> Q(x)) pre
                        2. { a   Ex (P -> Q(x)) Ee 1
                        3.     P -> Q(a) hip
                        4.     { P hip
                        5.         Q(a) ->e 4,3
                        6.         Ex Q(x) Ei 5 }
                        7.     Ex Q(x) } 
                        8. P -> Ex Q(x) ->i 2-7","Os seguintes erros foram encontrados:

Uma das definições não está completa, verifique se todas regras foram aplicadas corretamente.
Lembre-se que uma regra de inferência sempre inicia com um número seguido de um . (linha de referência), tem uma fórmula e uma justificativa (premissa, hipóteses ou uma das regras de inferência com suas respectivas referências para fórmulas anteriores).
Erro de sintaxe:
                        2. { a   Ex (P -> Q(x)) Ee 1
                                                ^
",1.2148008346557615,stop,1777,318
B->Ex C(x) |- Ex (B->C(x)),"[{'role': 'system', 'content': ""You are an expert in logic using the Natural Deduction method.\nYou will receive one first order logic problem. Your task is to prove its validity using Natural Deduction and represent the proof in a Fitch-like notation, following these formatting instructions.\n\n### FORMAT OF PROOF LINES\nEach proof line must be structured like: '<line_number>. <formula> <origin>'\n- <line_number>: sequential integer, always ending with a dot ('1.', '2.', '3.', ...)\n- <formula>: the formula derived on that line\n- <origin>: either 'pre' (premise), 'hip' (hypothesis) or '<rule_name> <line_refs>'\n - <rule_name> and <line_refs>: \n - &e (1 line) \n - &i (2 lines) \n - ->e (2 lines) \n - ->i (1 range) \n - ~e (2 lines) \n - ~i (1 range) \n - |e (1 line + 2 ranges) \n - |i (1 line) \n - @e (1 line) \n - raa (1 range) \n - copy (1 line) \n - Ae (1 line)\n - Ai (1 range)\n - Ee (1 line + 1 range)\n - Ei (1 line)\n - <line_refs>: Must be comma-separated line numbers or ranges. Ranges denote subproofs (e.g., `->i 8-12`, `|e 4, 5-9, 10-14`)\n\n### SUBPROOFS / HYPOTHESES\nUse subproofs for hypotheses. Use curly braces '{' and '}' to open and close subproofs. \nPlace `{` immediately after the line number (e.g. '8.{ A|B hip') and `}` at the end of the final line of the subproof (e.g. '10. B @e 4}').\nNested subproofs are allowed. But a formula may only be used at a specific point if it appeared earlier in the same subproof or an outer subproof to the current subproof.\n\n### SYMBOLS & CONVENTIONS\nUse the following symbols for logical operations: \n- & = conjunction (and) \n- | = disjunction (or) \n- ~ = negation (not) \n- -> = implication (implies)\n\nQuantifiers symbols: \n Ax represents ∀x \n Ex represents ∃x\nSo formulas with ∀x and ∃x will be represented by Ax and Ex (A and E followed by the variable x). For example, Ax (H(x)->M(x)) represents ∀x (H(x)→M(x)).\n\n###CONVENTIONS\nAtoms: only uppercase letters not immediately followed by parentesis (e.g. P, Q, R).\nPredicates: uppercase letters immediately followed by parentesis (e.g. H(x), M(y), Q(a,b) ). All predicates must use parentheses.\nVariables: first letter in lowercase, can be followed by letters and numbers (e.g., x, x0, xP0).\n\n### TO CREATE NEW VARIABLE:\nFor Universal Introduction rule(Ai): open a subproof with a fresh variable not occurring in any open hypothesis.\nCreate new variable like this: '<line_number>. { <new_variable> '\n\nFor Existential Elimination rule(Ee): open a subproof with a fresh witness constant/variable. \nCreate new variable like this: '<line_number>. {<new_variable> φ[<old_variable>/<new_variable>] hip\n  Write only the final proof in <proof>...</proof> tags. Only use <proof>...</proof> tags ONCE. Only use these symbols inside the proof '&' , '->', '~', '|', '@', '(', ')', '{', '}', 'Ax', 'Ex'.\nDo not include explanations, commentary, or extra text inside and outside the <proof>...</proof> tags.\n ""}, {'role': 'user', 'content': ""Prove '|- (P->Ex Q(x))->Ex (P->Q(x))', using the natural deduction method. Final answer using the notation described. ""}, {'role': 'assistant', 'content': ' <proof>\n                        1. { \t(P -> Ex Q(x))\t\t\t\t\thip\n                        2.\t{\t~(~P | Ex Q(x))\t\t\t\t\thip\n                        3.\t\t{\tP\t\t\t\t\t\t\t\t      hip\n                        4.      Ex Q(x)               ->e 3, 1\n                        5.\t\t\t~P | Ex Q(x)\t\t\t\t\t|i 4\n                        6.\t\t\t@\t\t\t\t\t\t\t\t~e 5,2 }\t\t\n                        7.\t\t~P\t\t\t\t\t\t\t\t\t~i 3-6\n                        8.\t\t~P | Ex Q(x)\t\t\t\t\t\t|i 7\n                        9.\t\t@\t\t\t\t\t\t\t\t\t~e 8,2 }\n                        10.\t~P | Ex Q(x)        raa 2-9\n                        11.\t{\t~P\t\t\t\t\t\t\t\t\thip\n                        12.\t\t{\tP\t\t\t\t\t\t\t\thip\n                        13.\t\t\t@\t\t\t\t\t\t\t\t~e 11,12\n                        14.     Q(a)            @e 13 }\n                        15.\t\tP -> Q(a)\t\t\t\t\t\t\t->i 12-14\n                        16.\t\tEx  (P -> Q(x))\t\t\t\t\tEi 15 }\n                        17.\t{\tEx Q(x)\t\t\t\t\t\t\thip\n                        18.\t\t{ a\t\tQ(a)\t\t\t\t\t\thip\n                        19.\t\t\t{\tP\t\t\t\t\t\t\thip\n                        20.\t\t\t\tQ(a)\t\t\t\t\t\tcopie 18 }\n                        21.\t\t\tP -> Q(a)\t\t\t\t\t\t->i 19-20\n                        22.\t\t\tEx (P -> Q(x))\t\t\t\tEi 21 }\n                        23.\t\tEx (P -> Q(x))\t\t\t\t\tEe 17, 18-22 }\n                        24.\tEx (P -> Q(x))\t\t\t\t\t\t|e 10, 11-16, 17-23}\n                        25. (P -> Ex Q(x)) -> Ex (P -> Q(x))\t->i 1-24\n                    </proof>'}, {'role': 'user', 'content': ""Prove 'Ax ((P(x)->Q(x))&(Q(x)->P(x))) |- Ax ((~P(x)->~Q(x))&(~Q(x)->~P(x)))', using the natural deduction method. Final answer using the notation described.""}, {'role': 'assistant', 'content': ' <proof>\n                            1. Ax((P(x) -> Q(x)) & (Q(x) -> P(x))) pre\n                            2. { a\n                            3.   (P(a) -> Q(a)) & (Q(a) -> P(a)) Ae 1\n                            4.   P(a) -> Q(a) &e 3\n                            5.   Q(a) -> P(a) &e 3\n                            6.   { ~Q(a) hip\n                            7.     { P(a) hip\n                            8.       Q(a) ->e 7,4\n                            9.       @ ~e 6,8 }\n                            10.   ~P(a) ~i 7-9 }\n                            11. ~Q(a) -> ~P(a) ->i 6-10\n                            12. { ~P(a) hip\n                            13.   { Q(a) hip\n                            14.     P(a) ->e 13,5\n                            15.     @ ~e 12,14 }\n                            16.   ~Q(a) ~i 13-15 }\n                            17. ~P(a) -> ~Q(a) ->i 12-16\n                            18. (~P(a) -> ~Q(a)) & (~Q(a) -> ~P(a)) &i 17,11 }\n                            19. Ax((~P(x) -> ~Q(x)) & (~Q(x) -> ~P(x))) Ai 2-18 \n                        </proof>'}, {'role': 'user', 'content': ""Prove'B->Ex C(x) |- Ex (B->C(x))' using the natural deduction method. Only one final answer, surrounded by <proof>...</proof>, using the notation described.""}]","<proof>
                        1. P -> Ex Q(x) pre
                        2. { P hip
                        3.   Ex Q(x) ->e 2,1
                        4.   { a Q(a) hip
                        5.     P -> Q(a) ->i 2-4
                        6.     Ex (P -> Q(x)) Ei 5 }
                        7. Ex (P -> Q(x)) Ee 3,4-6 }
                    </proof>","1. P -> Ex Q(x) pre
                        2. { P hip
                        3.   Ex Q(x) ->e 2,1
                        4.   { a Q(a) hip
                        5.     P -> Q(a) ->i 2-4
                        6.     Ex (P -> Q(x)) Ei 5 }
                        7. Ex (P -> Q(x)) Ee 3,4-6 }","Os seguintes erros foram encontrados:

Erro de sintaxe na linha 2:
                        2. { P hip
                        ^, A hipótese que foi introduzida por essa caixa dever ser descartada pela regra que a introduziu em linha imediatamente posterior ao fechamento desta caixa.Erro de sintaxe na linha 5:
                        5.     P -> Q(a) ->i 2-4
                                             ^, esta não é uma caixa (escopo) válida.",1.157547950744629,stop,1778,300
